timestamp,tag_id
0.366,tag5286
0.037,tag6477
0.091,tag5295
0.947,tag6471
0.577,tag6467
0.557,tag5282
0.541,tag2473
0.103,tag6475
0.097,tag5303
0.619,tag6467
0.777,tag6491
0.300,tag2487
0.082,tag6479
0.729,tag2485
0.512,tag5287
0.933,tag2473
0.765,tag6468
0.695,tag2485
0.069,tag6493
0.697,tag2494
0.647,tag6483
0.717,tag7314
0.941,tag2465
0.494,tag6471
0.738,tag2472
0.166,tag2469
0.819,tag2472
0.986,tag2490
0.151,tag2478
0.012,tag5294
0.282,tag5296
0.610,tag6487
0.457,tag5283
0.398,tag6489
0.062,tag2489
0.162,tag5308
0.000,tag5286
0.614,tag5303
0.149,tag5304
0.474,tag2487
1.480,tag2493
1.750,tag5286
1.516,tag2474
1.147,tag6487
1.979,tag5299
1.518,tag6480
1.533,tag5838
1.613,tag2478
1.818,tag5295
1.518,tag5292
1.790,tag5281
1.447,tag5302
1.081,tag5719
1.338,tag2476
1.479,tag6464
1.835,tag6469
1.478,tag2476
1.087,tag6485
1.463,tag11833
1.170,tag5290
1.807,tag5309
1.657,tag6494
1.021,tag6472
1.527,tag6470
1.826,tag7116
1.293,tag2477
1.259,tag6484
1.910,tag5283
1.827,tag2490
1.524,tag5289
1.609,tag2475
1.142,tag5291
1.326,tag5283
1.784,tag6494
1.248,tag6467
1.562,tag5308
1.326,tag5308
1.693,tag9932
1.508,tag6494
1.923,tag6480
2.137,tag5308
2.073,tag2484
2.669,tag5293
2.143,tag5303
2.747,tag2478
2.990,tag2474
2.994,tag5307
2.357,tag2476
2.338,tag2465
2.384,tag6465
2.113,tag2468
2.084,tag3750
2.756,tag5297
2.406,tag6480
2.700,tag6495
2.425,tag5291
2.802,tag5285
2.264,tag5284
2.994,tag5301
2.043,tag2472
2.262,tag5290
2.531,tag2483
2.271,tag2475
2.015,tag2466
2.514,tag6476
2.658,tag2470
2.546,tag6495
2.688,tag6483
2.832,tag5612
2.405,tag6472
2.014,tag5288
2.163,tag2491
2.599,tag2482
2.185,tag5309
2.364,tag5296
2.244,tag6484
2.357,tag5069
2.475,tag2469
2.505,tag5295
2.144,tag2469
3.300,tag2465
3.658,tag5289
3.764,tag6488
3.284,tag2473
3.825,tag5282
3.734,tag6491
3.826,tag5281
3.085,tag6478
3.960,tag6487
3.628,tag2467
3.489,tag6479
3.659,tag5285
3.252,tag6494
3.729,tag2479
3.494,tag6493
3.767,tag2482
3.077,tag6476
3.621,tag2483
3.486,tag2467
3.676,tag1613
3.465,tag6482
3.312,tag5292
3.290,tag2465
3.994,tag6492
3.581,tag5284
3.953,tag6480
3.887,tag6481
3.898,tag5311
3.004,tag5290
3.302,tag2489
3.316,tag2488
3.751,tag5300
3.713,tag5292
3.372,tag4752
3.361,tag6468
3.281,tag2467
3.635,tag6482
3.511,tag2491
3.884,tag2491
3.913,tag6489
4.720,tag9005
4.451,tag6490
4.486,tag6482
4.171,tag9000
4.256,tag2483
4.406,tag6480
4.120,tag2489
4.501,tag5293
4.453,tag6478
4.140,tag2491
4.342,tag5291
4.258,tag5303
4.383,tag5306
4.270,tag5304
4.574,tag2481
4.093,tag6477
4.646,tag2489
4.127,tag2465
4.000,tag2495
4.972,tag6493
4.154,tag5294
4.941,tag6470
4.085,tag6493
4.233,tag5288
4.962,tag10579
4.699,tag6491
4.524,tag5299
4.224,tag2480
4.996,tag5299
4.475,tag2479
4.961,tag5281
4.022,tag2467
4.081,tag6490
4.227,tag2487
4.362,tag2490
4.739,tag5298
4.970,tag5311
4.465,tag5294
4.952,tag2470
4.485,tag5294
5.922,tag905
5.415,tag5289
5.450,tag5305
5.998,tag2471
5.186,tag5388
5.312,tag7650
5.442,tag2485
5.081,tag5297
5.380,tag5293
5.088,tag2491
5.542,tag5303
5.737,tag2487
5.248,tag6490
5.376,tag2466
5.195,tag5296
5.363,tag6485
5.262,tag6466
5.297,tag2481
5.024,tag6468
5.954,tag2493
5.815,tag2491
5.009,tag2475
5.607,tag4969
5.362,tag2493
5.392,tag5292
5.650,tag2468
5.161,tag6484
5.265,tag5284
5.498,tag5306
5.234,tag2475
5.748,tag6479
5.780,tag6471
5.373,tag2481
5.247,tag5308
5.884,tag5298
5.396,tag2468
5.650,tag8302
5.102,tag2466
5.914,tag5308
5.119,tag2478
6.930,tag6476
6.603,tag5308
6.106,tag6464
6.218,tag6486
6.204,tag5282
6.815,tag6477
6.185,tag2487
6.795,tag5282
6.101,tag5306
6.639,tag6473
6.695,tag5305
6.418,tag2483
6.414,tag6486
6.391,tag2476
6.902,tag5307
6.578,tag5305
6.015,tag5288
6.089,tag6489
6.146,tag2474
6.925,tag6474
6.302,tag2476
6.315,tag5310
6.086,tag6488
6.640,tag6474
6.615,tag6489
6.565,tag2475
6.384,tag6474
6.041,tag5292
6.668,tag6466
6.550,tag2493
6.308,tag2490
6.447,tag2487
6.619,tag5280
6.764,tag5308
6.811,tag2475
6.359,tag5288
6.041,tag2466
6.778,tag6484
6.653,tag5304
6.996,tag5284
7.132,tag5292
7.686,tag2474
7.833,tag5284
7.324,tag2474
7.254,tag2473
7.592,tag7853
7.372,tag5300
7.637,tag2474
7.169,tag2488
7.636,tag5283
7.252,tag2470
7.265,tag2487
7.360,tag9449
7.177,tag2478
7.820,tag5298
7.733,tag6484
7.291,tag5289
7.896,tag2487
7.022,tag5282
7.106,tag2483
7.584,tag5306
7.624,tag5303
7.937,tag5280
7.096,tag5308
7.402,tag6481
7.645,tag5283
7.602,tag2492
7.165,tag2479
7.406,tag5281
7.012,tag5286
7.413,tag5289
7.813,tag6490
7.300,tag2468
7.715,tag6494
7.080,tag2493
7.997,tag5294
7.123,tag6466
7.712,tag6480
7.686,tag6491
7.642,tag4338
8.880,tag3557
8.842,tag2479
8.192,tag5300
8.379,tag6479
8.472,tag6494
8.437,tag5281
8.789,tag6483
8.565,tag6468
8.112,tag5281
8.977,tag5302
8.138,tag5282
8.737,tag5284
8.199,tag6487
8.880,tag8740
8.107,tag6488
8.034,tag5282
8.825,tag6469
8.100,tag2494
8.294,tag6477
8.351,tag2465
8.910,tag791
8.851,tag6494
8.031,tag5306
8.469,tag5302
8.714,tag6477
8.170,tag6482
8.762,tag5298
8.491,tag86
8.593,tag5311
8.578,tag8432
8.498,tag5294
8.490,tag6469
8.628,tag9190
8.892,tag2489
8.372,tag2465
8.379,tag2474
8.127,tag5309
8.348,tag6466
8.662,tag5308
8.439,tag5309
9.126,tag6478
9.508,tag6479
9.723,tag6473
9.603,tag11860
9.956,tag5300
9.165,tag6470
9.151,tag5304
9.435,tag2483
9.281,tag6470
9.013,tag2466
9.500,tag2478
9.142,tag2465
9.741,tag2464
9.846,tag7066
9.680,tag6478
9.313,tag2491
9.242,tag5306
9.250,tag6474
9.622,tag2465
9.894,tag6475
9.832,tag5304
9.251,tag1730
9.519,tag6476
9.541,tag6493
9.639,tag6465
9.410,tag6485
9.392,tag3435
9.638,tag5302
9.062,tag2489
9.580,tag2486
9.940,tag2489
9.462,tag5305
9.469,tag5292
9.353,tag5289
9.996,tag2493
9.780,tag6472
9.704,tag5297
9.482,tag2475
9.245,tag2486
9.428,tag2495
10.153,tag6487
10.085,tag2467
10.531,tag2472
10.657,tag6464
10.250,tag5298
10.186,tag5294
10.904,tag5293
10.668,tag5285
10.197,tag6483
10.742,tag6469
10.264,tag5287
10.493,tag5310
10.700,tag2473
10.160,tag5280
10.665,tag6495
10.419,tag2491
10.637,tag1227
10.610,tag5281
10.511,tag2470
10.213,tag5282
10.094,tag5301
10.779,tag2494
10.435,tag5298
10.827,tag6467
10.334,tag2489
10.975,tag8310
10.192,tag5301
10.784,tag5285
10.545,tag6489
10.006,tag2470
10.789,tag2467
10.617,tag10040
10.213,tag6469
10.101,tag2475
10.775,tag5306
10.369,tag10720
10.862,tag2480
10.020,tag5300
10.498,tag6467
10.575,tag5306
11.014,tag7300
11.475,tag6473
11.645,tag5285
11.427,tag5280
11.987,tag6471
11.129,tag5287
11.451,tag6479
11.774,tag5303
11.293,tag5285
11.670,tag2493
11.011,tag5282
11.389,tag6469
11.958,tag6474
11.316,tag6467
11.470,tag11932
11.954,tag5303
11.386,tag2494
11.292,tag2485
11.870,tag6485
11.601,tag5289
11.377,tag2479
11.807,tag6478
11.263,tag5300
11.289,tag6466
11.274,tag6473
11.347,tag6495
11.797,tag6495
11.309,tag6478
11.708,tag2493
11.792,tag9600
11.772,tag5302
11.885,tag6480
11.189,tag2476
11.363,tag5298
11.246,tag2473
11.866,tag8087
11.156,tag2469
11.519,tag2481
11.990,tag5293
11.262,tag2477
12.946,tag2470
12.254,tag6472
12.378,tag5291
12.871,tag5303
12.922,tag5305
12.319,tag5296
12.183,tag5305
12.992,tag2479
12.941,tag5296
12.837,tag6465
12.056,tag6494
12.677,tag5292
12.758,tag6492
12.257,tag2487
12.169,tag2488
12.468,tag5280
12.928,tag586
12.889,tag6487
12.926,tag2470
12.452,tag5284
12.116,tag5310
12.736,tag2478
12.439,tag2473
12.247,tag2490
12.335,tag6482
12.318,tag2470
12.979,tag1865
12.560,tag6477
12.755,tag5296
12.998,tag7088
12.289,tag1592
12.144,tag5298
12.511,tag2485
12.186,tag6482
12.277,tag2477
12.712,tag5294
12.889,tag5285
12.206,tag2475
12.583,tag6476
12.841,tag5306
13.335,tag8502
13.015,tag2469
13.872,tag7816
13.037,tag5303
13.356,tag6464
13.121,tag8452
13.576,tag2488
13.954,tag2470
13.531,tag6465
13.967,tag5295
13.103,tag5290
13.096,tag5281
13.018,tag5296
13.523,tag6493
13.870,tag5302
13.123,tag5297
13.110,tag6481
13.861,tag5294
13.747,tag6493
13.694,tag5304
13.396,tag6466
13.401,tag5941
13.843,tag6491
13.848,tag2489
13.958,tag6473
13.663,tag4091
13.069,tag5291
13.225,tag6465
13.633,tag2493
13.866,tag5282
13.628,tag6481
13.251,tag5286
13.951,tag2479
13.648,tag2486
13.084,tag6481
13.124,tag5308
13.577,tag2490
13.740,tag6469
13.650,tag2478
13.461,tag6487
14.469,tag6494
14.222,tag5301
14.012,tag2489
14.557,tag5300
14.296,tag2477
14.606,tag5284
14.517,tag6467
14.521,tag2470
14.417,tag11081
14.616,tag5292
14.739,tag6470
14.785,tag2481
14.413,tag6472
14.498,tag2471
14.418,tag9353
14.380,tag6471
14.723,tag2482
14.648,tag2488
14.381,tag6495
14.803,tag6483
14.088,tag2478
14.959,tag5295
14.026,tag2464
14.920,tag2483
14.517,tag6491
14.390,tag6491
14.453,tag6486
14.099,tag5294
14.880,tag2473
14.440,tag7993
14.692,tag6485
14.363,tag5290
14.513,tag5299
14.821,tag2485
14.524,tag6890
14.412,tag5292
14.353,tag6470
14.692,tag10402
14.711,tag5299
14.842,tag2489
15.197,tag6465
15.871,tag6481
15.574,tag6473
15.157,tag5289
15.100,tag5281
15.823,tag6495
15.685,tag5280
15.354,tag5295
15.859,tag2470
15.192,tag1046
15.220,tag5283
15.055,tag5308
15.159,tag5282
15.006,tag5300
15.418,tag2483
15.243,tag2468
15.413,tag6478
15.022,tag6495
15.170,tag5291
15.396,tag5298
15.336,tag2488
15.826,tag5307
15.191,tag5304
15.035,tag5307
15.242,tag2473
15.545,tag5297
15.467,tag6492
15.368,tag5290
15.629,tag2488
15.505,tag2494
15.942,tag2472
15.588,tag9788
15.608,tag5305
15.543,tag5285
15.658,tag2465
15.390,tag2464
15.321,tag5294
15.562,tag5284
15.193,tag6483
15.289,tag5294
16.356,tag2482
16.937,tag2472
16.897,tag2486
16.248,tag6493
16.182,tag2470
16.713,tag6478
16.431,tag5290
16.738,tag5304
16.565,tag6475
16.926,tag2480
16.936,tag6486
16.901,tag6482
16.974,tag6467
16.210,tag5300
16.695,tag1434
16.281,tag6478
16.930,tag2492
16.509,tag6492
16.673,tag5307
16.762,tag5311
16.175,tag6480
16.544,tag6479
16.358,tag5290
16.137,tag5299
16.238,tag2494
16.133,tag6492
16.133,tag6483
16.334,tag6479
16.761,tag6491
16.599,tag6473
16.114,tag2477
16.206,tag2495
16.197,tag2483
16.161,tag2471
16.290,tag6487
16.469,tag5280
16.747,tag7941
16.109,tag6480
16.190,tag2495
16.920,tag5302
17.653,tag6480
17.025,tag6465
17.368,tag5298
17.102,tag8618
17.379,tag2484
17.230,tag2484
17.239,tag2480
17.905,tag6489
17.500,tag8123
17.142,tag2469
17.637,tag5308
17.479,tag5308
17.032,tag2464
17.143,tag6491
17.891,tag5306
17.904,tag5291
17.443,tag2464
17.469,tag2476
17.428,tag6493
17.974,tag6473
17.811,tag10149
17.609,tag6485
17.953,tag6490
17.299,tag6472
17.848,tag6465
17.691,tag6492
17.555,tag6487
17.565,tag5903
17.181,tag5294
17.221,tag6471
17.188,tag6470
17.227,tag6495
17.736,tag6471
17.852,tag9285
17.863,tag2472
17.627,tag6471
17.460,tag8422
17.968,tag6474
17.137,tag2469
17.237,tag5305
18.460,tag5293
18.909,tag5307
18.918,tag5287
18.745,tag5303
18.826,tag6464
18.722,tag2486
18.100,tag6486
18.034,tag6471
18.354,tag3984
18.114,tag5308
18.801,tag5284
18.874,tag6482
18.538,tag5296
18.014,tag2492
18.502,tag5311
18.182,tag5284
18.843,tag6489
18.393,tag11356
18.361,tag6468
18.589,tag2472
18.727,tag5303
18.937,tag2488
18.334,tag2494
18.631,tag2466
18.384,tag5297
18.569,tag2486
18.915,tag5282
18.774,tag1548
18.363,tag6470
18.681,tag5289
18.509,tag2487
18.334,tag2489
18.884,tag6484
18.894,tag6487
18.136,tag2473
18.405,tag6493
18.587,tag2474
18.252,tag6483
18.074,tag6485
18.304,tag5291
19.971,tag2486
19.839,tag6468
19.898,tag5297
19.237,tag5297
19.448,tag5305
19.197,tag2470
19.079,tag5283
19.719,tag6485
19.640,tag2464
19.327,tag3476
19.405,tag6495
19.057,tag2475
19.626,tag5285
19.257,tag2489
19.925,tag5281
19.415,tag2467
19.093,tag2474
19.358,tag5285
19.657,tag2473
19.741,tag2478
19.763,tag6494
19.559,tag2493
19.132,tag6481
19.655,tag2470
19.990,tag2473
19.625,tag5281
19.555,tag6477
19.738,tag6487
19.351,tag2625
19.213,tag2495
19.212,tag6397
19.660,tag5286
19.674,tag6489
19.410,tag5304
19.031,tag10766
19.242,tag6491
19.643,tag2491
19.981,tag2477
19.954,tag2481
19.088,tag2482
20.320,tag5290
20.579,tag2477
20.046,tag5303
20.435,tag2475
20.805,tag2465
20.912,tag5288
20.098,tag6486
20.090,tag6489
20.882,tag6489
20.201,tag527
20.135,tag5282
20.698,tag6491
20.065,tag5300
20.525,tag2472
20.633,tag5289
20.840,tag5302
20.970,tag1270
20.273,tag5284
20.069,tag2481
20.408,tag6467
20.011,tag2481
20.544,tag6493
20.982,tag6490
20.399,tag6481
20.973,tag2488
20.804,tag2490
20.239,tag6464
20.991,tag2488
20.087,tag6471
20.406,tag5283
20.549,tag6492
20.473,tag6464
20.592,tag2485
20.355,tag3864
20.613,tag6481
20.629,tag2468
20.262,tag5296
20.522,tag6486
20.066,tag5289
20.527,tag2477
21.152,tag5291
21.322,tag5282
21.410,tag2471
21.365,tag2470
21.453,tag6483
21.997,tag2482
21.731,tag2494
21.006,tag6473
21.623,tag2479
21.018,tag2480
21.058,tag6480
21.917,tag6481
21.091,tag2492
21.128,tag5292
21.921,tag4759
21.042,tag2487
21.648,tag2491
21.385,tag2479
21.978,tag6476
21.063,tag6487
21.756,tag5285
21.497,tag6490
21.593,tag422
21.415,tag2491
21.398,tag5308
21.740,tag5294
21.554,tag5298
21.090,tag2471
21.102,tag6464
21.055,tag5309
21.483,tag6485
21.844,tag6490
21.872,tag2467
21.518,tag2476
21.520,tag6481
21.664,tag2480
21.681,tag2490
21.802,tag5304
21.202,tag2483
21.932,tag6487
22.366,tag6473
22.919,tag5309
22.009,tag5300
22.035,tag6484
22.201,tag2482
22.406,tag6493
22.058,tag5293
22.049,tag6471
22.180,tag5311
22.498,tag9194
22.802,tag6482
22.778,tag5289
22.466,tag6470
22.415,tag5283
22.686,tag2492
22.042,tag5288
22.875,tag2478
22.310,tag6473
22.152,tag6477
22.974,tag5305
22.223,tag5298
22.464,tag5292
22.679,tag2485
22.657,tag2471
22.291,tag6468
22.201,tag2469
22.201,tag2469
22.032,tag5299
22.194,tag5302
22.172,tag2467
22.330,tag2479
22.809,tag5299
22.747,tag2470
22.461,tag5305
22.413,tag6470
22.076,tag2486
22.359,tag6474
22.005,tag5301
22.149,tag2483
22.153,tag5287
23.324,tag6471
23.507,tag6466
23.404,tag5298
23.727,tag5295
23.015,tag5286
23.689,tag8013
23.841,tag5289
23.624,tag6969
23.084,tag6471
23.595,tag5295
23.821,tag6467
23.041,tag2470
23.815,tag6475
23.011,tag2475
23.032,tag6746
23.151,tag5290
23.198,tag5293
23.997,tag2468
23.497,tag2466
23.199,tag5284
23.092,tag2490
23.803,tag2474
23.135,tag6495
23.745,tag2467
23.435,tag6474
23.748,tag6483
23.068,tag6471
23.240,tag2478
23.878,tag6479
23.392,tag6467
23.826,tag6485
23.652,tag5294
23.793,tag2491
23.951,tag2465
23.411,tag2490
23.545,tag5301
23.619,tag2493
23.187,tag5297
23.121,tag2479
23.823,tag5304
24.958,tag2485
24.890,tag5302
24.500,tag2483
24.857,tag8300
24.000,tag6400
24.565,tag5309
24.676,tag6486
24.135,tag8440
24.076,tag2490
24.958,tag2481
24.938,tag6488
24.493,tag5311
24.875,tag5283
24.448,tag5304
24.035,tag5309
24.953,tag5280
24.588,tag5292
24.174,tag5305
24.291,tag2479
24.649,tag2490
24.493,tag6488
24.324,tag5905
24.794,tag2467
24.516,tag5292
24.738,tag5299
24.587,tag2467
24.272,tag5899
24.621,tag2476
24.682,tag6598
24.793,tag2488
24.926,tag5293
24.637,tag6490
24.152,tag2466
24.753,tag2490
24.529,tag2489
24.260,tag6471
24.354,tag5299
24.886,tag4335
24.834,tag5306
24.645,tag2474
25.775,tag10375
25.400,tag6485
25.865,tag2486
25.669,tag5306
25.339,tag2189
25.502,tag2468
25.578,tag6479
25.785,tag6481
25.222,tag5289
25.898,tag5287
25.879,tag6488
25.612,tag6488
25.608,tag5297
25.360,tag5062
25.023,tag5303
25.218,tag5300
25.275,tag5308
25.040,tag2466
25.224,tag5310
25.531,tag2485
25.282,tag6477
25.223,tag9441
25.424,tag6481
25.725,tag6481
25.512,tag2488
25.804,tag5283
25.071,tag5392
25.454,tag5307
25.191,tag6493
25.166,tag5305
25.439,tag5281
25.773,tag6476
25.748,tag6482
25.063,tag11809
25.558,tag5296
25.991,tag6484
25.691,tag5291
25.773,tag5309
25.777,tag5303
25.795,tag5301
26.528,tag5286
26.354,tag2477
26.945,tag5297
26.161,tag7160
26.138,tag2472
26.028,tag6488
26.780,tag5309
26.859,tag6468
26.485,tag6493
26.243,tag5280
26.098,tag6246
26.456,tag5308
26.762,tag6492
26.862,tag6467
26.717,tag6479
26.118,tag2473
26.700,tag2468
26.392,tag5280
26.243,tag5282
26.038,tag3264
26.775,tag5294
26.263,tag6490
26.757,tag5310
26.187,tag6470
26.106,tag5300
26.072,tag2464
26.502,tag6469
26.706,tag6468
26.457,tag6482
26.024,tag6477
26.122,tag2477
26.983,tag5307
26.678,tag5302
26.090,tag5286
26.148,tag2482
26.007,tag2476
26.520,tag5293
26.916,tag2477
26.837,tag5281
26.850,tag5288
27.619,tag5291
27.253,tag2472
27.324,tag2465
27.981,tag2474
27.274,tag2484
27.341,tag2465
27.002,tag2485
27.795,tag5301
27.825,tag5282
27.367,tag6485
27.212,tag2474
27.938,tag6479
27.648,tag6469
27.431,tag5296
27.614,tag5308
27.753,tag6482
27.092,tag2465
27.618,tag6480
27.656,tag6473
27.304,tag6489
27.073,tag5280
27.722,tag6471
27.921,tag6481
27.303,tag5296
27.445,tag6475
27.342,tag5309
27.829,tag5304
27.671,tag5302
27.073,tag5292
27.661,tag6483
27.097,tag5310
27.652,tag6288
27.065,tag5283
27.364,tag5302
27.788,tag5303
27.523,tag2474
27.285,tag5290
27.649,tag5294
27.241,tag2487
27.051,tag2464
28.282,tag2479
28.110,tag2471
28.405,tag2469
28.426,tag5294
28.266,tag5284
28.555,tag5301
28.744,tag5310
28.060,tag2471
28.522,tag5295
28.101,tag2477
28.785,tag2493
28.098,tag2484
28.120,tag2468
28.180,tag7888
28.644,tag6465
28.773,tag5294
28.145,tag5303
28.857,tag2466
28.700,tag6475
28.449,tag2469
28.975,tag2492
28.583,tag2484
28.679,tag6561
28.066,tag2478
28.673,tag6495
28.834,tag5292
28.226,tag2481
28.407,tag5250
28.569,tag6465
28.155,tag5280
28.475,tag6493
28.261,tag2472
28.149,tag2490
28.581,tag6472
28.234,tag5290
28.790,tag6492
28.860,tag6478
28.095,tag4410
28.904,tag5281
28.420,tag5288
29.446,tag2471
29.899,tag6487
29.076,tag3163
29.182,tag6488
29.412,tag2479
29.701,tag4196
29.212,tag6494
29.475,tag5308
29.466,tag6475
29.089,tag5307
29.401,tag8890
29.371,tag6478
29.767,tag2495
29.879,tag5293
29.885,tag6472
29.470,tag6468
29.345,tag2486
29.811,tag2475
29.394,tag6474
29.836,tag6482
29.705,tag6479
29.766,tag3223
29.822,tag2474
29.198,tag6466
29.726,tag6490
29.837,tag5280
29.174,tag5280
29.019,tag6479
29.149,tag5292
29.320,tag6486
29.333,tag2480
29.266,tag4330
29.132,tag5296
29.502,tag2485
29.751,tag6467
29.295,tag2488
29.802,tag2468
29.191,tag6473
29.622,tag2478
29.138,tag2491
30.108,tag6477
30.501,tag5296
30.031,tag2467
30.211,tag5298
30.902,tag2476
30.131,tag2480
30.827,tag2485
30.397,tag6483
30.775,tag2467
30.325,tag2467
30.462,tag5295
30.686,tag5303
30.106,tag2468
30.484,tag2491
30.450,tag6478
30.770,tag6490
30.619,tag2484
30.637,tag2469
30.063,tag5288
30.658,tag5299
30.437,tag6485
30.716,tag2470
30.910,tag5298
30.700,tag6470
30.169,tag6490
30.362,tag2485
30.092,tag2471
30.473,tag11800
30.759,tag9906
30.749,tag5288
30.867,tag8038
30.255,tag5281
30.976,tag6473
30.729,tag2475
30.660,tag6476
30.575,tag5294
30.899,tag2466
30.848,tag5358
30.302,tag2487
30.284,tag2488
31.756,tag218
31.817,tag6479
31.755,tag5290
31.381,tag2484
31.539,tag5295
31.896,tag5302
31.857,tag2472
31.794,tag11075
31.470,tag2485
31.729,tag6477
31.118,tag5286
31.370,tag5294
31.198,tag2467
31.802,tag2483
31.319,tag5086
31.573,tag2486
31.484,tag6468
31.208,tag6478
31.655,tag2471
31.024,tag2491
31.524,tag5291
31.102,tag6486
31.219,tag6467
31.158,tag6491
31.202,tag5306
31.491,tag2475
31.605,tag5289
31.183,tag6474
31.868,tag9031
31.505,tag5293
31.511,tag11693
31.144,tag9165
31.136,tag5307
31.234,tag6481
31.054,tag6493
31.748,tag2474
31.517,tag2478
31.904,tag6475
31.749,tag6471
31.273,tag6477
32.488,tag6467
32.898,tag5284
32.320,tag2473
32.408,tag5301
32.161,tag5294
32.303,tag6491
32.085,tag5308
32.505,tag2471
32.769,tag2492
32.471,tag2481
32.500,tag6473
32.967,tag2488
32.336,tag2491
32.465,tag2473
32.042,tag6464
32.509,tag2486
32.952,tag6489
32.949,tag5280
32.791,tag2489
32.340,tag6478
32.651,tag9017
32.616,tag5281
32.275,tag2495
32.549,tag5302
32.116,tag2494
32.017,tag6480
32.810,tag5303
32.891,tag5297
32.939,tag2474
32.210,tag5292
32.311,tag5289
32.122,tag2480
32.551,tag1737
32.434,tag1449
32.859,tag6495
32.597,tag5291
32.056,tag613
32.708,tag5300
32.162,tag5309
32.672,tag6486
33.979,tag5895
33.253,tag2490
33.166,tag5291
33.446,tag2467
33.547,tag5308
33.439,tag5308
33.660,tag6485
33.915,tag5283
33.175,tag5311
33.500,tag6464
33.844,tag11488
33.570,tag6476
33.960,tag2485
33.316,tag10058
33.792,tag2477
33.318,tag5300
33.158,tag2485
33.858,tag2481
33.149,tag8034
33.907,tag6490
33.087,tag2464
33.277,tag5304
33.883,tag2492
33.649,tag5308
33.215,tag2483
33.206,tag2487
33.769,tag6491
33.456,tag6481
33.958,tag2494
33.054,tag5298
33.352,tag8840
33.815,tag5296
33.087,tag2465
33.465,tag5293
33.729,tag6469
33.957,tag6475
33.838,tag5291
33.906,tag5290
33.260,tag5296
33.971,tag5299
34.533,tag6488
34.098,tag2477
34.745,tag5123
34.823,tag2494
34.521,tag4234
34.889,tag2489
34.493,tag7710
34.554,tag2470
34.162,tag6485
34.960,tag2488
34.582,tag2303
34.314,tag6315
34.124,tag5309
34.563,tag6487
34.481,tag11223
34.360,tag3243
34.969,tag2482
34.420,tag6468
34.515,tag5293
34.684,tag5287
34.267,tag3136
34.313,tag1425
34.350,tag5306
34.013,tag6475
34.102,tag5294
34.675,tag4372
34.067,tag6465
34.830,tag2471
34.428,tag6473
34.994,tag5281
34.161,tag10232
34.359,tag6472
34.163,tag4169
34.160,tag5287
34.560,tag6470
34.727,tag6464
34.926,tag5295
34.774,tag2479
34.429,tag6488
34.976,tag5294
35.988,tag828
35.198,tag5291
35.339,tag2469
35.512,tag2468
35.172,tag4009
35.928,tag5307
35.990,tag2471
35.819,tag6474
35.335,tag2466
35.511,tag6476
35.433,tag6477
35.903,tag5295
35.101,tag5305
35.994,tag6482
35.223,tag2485
35.069,tag6491
35.991,tag5292
35.502,tag1656
35.670,tag5286
35.063,tag2482
35.141,tag2472
35.697,tag5281
35.789,tag6466
35.802,tag5287
35.348,tag5297
35.712,tag2490
35.180,tag2492
35.865,tag6491
35.717,tag5296
35.671,tag2469
35.084,tag5302
35.847,tag6484
35.969,tag6492
35.311,tag6476
35.126,tag6485
35.620,tag6478
35.419,tag5281
35.532,tag5282
35.781,tag6492
35.544,tag5304
36.819,tag6466
36.729,tag6477
36.455,tag6483
36.826,tag2477
36.635,tag7088
36.342,tag2467
36.804,tag2483
36.109,tag2494
36.488,tag6475
36.043,tag2495
36.868,tag2490
36.314,tag2473
36.352,tag2986
36.331,tag6479
36.424,tag5307
36.111,tag2471
36.995,tag6489
36.390,tag345
36.114,tag5303
36.625,tag5282
36.294,tag5294
36.471,tag5294
36.036,tag2471
36.510,tag6469
36.311,tag5308
36.902,tag2464
36.654,tag2479
36.377,tag2479
36.269,tag6483
36.987,tag2493
36.228,tag2493
36.548,tag6494
36.759,tag5296
36.462,tag5299
36.094,tag5284
36.433,tag2464
36.516,tag2486
36.511,tag2758
36.861,tag2482
36.848,tag2486
37.284,tag6481
37.843,tag6487
37.138,tag6484
37.161,tag5301
37.402,tag2478
37.665,tag6476
37.233,tag2480
37.832,tag2474
37.029,tag6467
37.676,tag2489
37.542,tag2476
37.259,tag5291
37.659,tag5290
37.717,tag2472
37.274,tag5288
37.672,tag5294
37.753,tag2472
37.822,tag2474
37.612,tag5285
37.268,tag6473
37.016,tag5281
37.830,tag2469
37.862,tag6479
37.603,tag6485
37.910,tag2468
37.051,tag6471
37.301,tag6481
37.990,tag5293
37.811,tag2464
37.091,tag5299
37.612,tag9054
37.699,tag5304
37.939,tag2476
37.133,tag2479
37.095,tag5294
37.510,tag2493
37.401,tag5302
37.156,tag2489
37.472,tag2475
37.353,tag5295
38.276,tag5296
38.377,tag2482
38.437,tag5300
38.793,tag2480
38.701,tag6472
38.786,tag6470
38.834,tag2491
38.848,tag2476
38.318,tag5289
38.278,tag2488
38.161,tag6476
38.646,tag5308
38.980,tag5281
38.890,tag2466
38.218,tag5307
38.940,tag2478
38.104,tag2487
38.691,tag6474
38.060,tag6470
38.248,tag5292
38.263,tag2469
38.918,tag5299
38.114,tag5306
38.329,tag5287
38.780,tag6495
38.037,tag3446
38.224,tag2489
38.677,tag6492
38.275,tag6494
38.661,tag2477
38.995,tag2479
38.685,tag5285
38.013,tag2464
38.843,tag6474
38.434,tag5299
38.643,tag5289
38.022,tag6482
38.337,tag2478
38.287,tag6469
38.116,tag2474
39.025,tag5299
39.616,tag2475
39.895,tag6490
39.487,tag2483
39.926,tag5307
39.480,tag5300
39.519,tag2489
39.652,tag5282
39.440,tag5289
39.153,tag2487
39.938,tag2473
39.561,tag5287
39.663,tag5308
39.710,tag6492
39.302,tag5305
39.364,tag5304
39.027,tag5281
39.815,tag6469
39.137,tag6468
39.252,tag2492
39.543,tag5286
39.863,tag2467
39.588,tag5293
39.289,tag2495
39.456,tag5298
39.638,tag6481
39.340,tag5311
39.720,tag2482
39.595,tag2481
39.943,tag5307
39.135,tag6477
39.080,tag5280
39.259,tag5303
39.463,tag5305
39.661,tag5299
39.043,tag2490
39.685,tag2489
39.402,tag6482
39.188,tag6489
39.993,tag8405
40.683,tag5295
40.833,tag6475
40.475,tag2493
40.845,tag2475
40.156,tag5285
40.337,tag5310
40.717,tag5289
40.303,tag2482
40.949,tag2464
40.441,tag2464
40.960,tag5286
40.024,tag2479
40.582,tag6490
40.287,tag5308
40.887,tag6082
40.629,tag6465
40.550,tag6495
40.266,tag5309
40.708,tag5285
40.599,tag6485
40.047,tag4756
40.038,tag6470
40.663,tag6480
40.449,tag8604
40.920,tag6484
40.248,tag5287
40.210,tag6472
40.188,tag6485
40.482,tag6492
40.174,tag5283
40.018,tag2465
40.414,tag2469
40.238,tag5306
40.395,tag2490
40.323,tag6464
40.222,tag2476
40.842,tag422
40.966,tag2495
40.580,tag6488
40.409,tag2480
41.104,tag8184
41.498,tag6470
41.116,tag6465
41.606,tag2466
41.668,tag6481
41.351,tag2479
41.629,tag5298
41.307,tag5301
41.914,tag6489
41.430,tag6465
41.623,tag6473
41.705,tag6466
41.320,tag233
41.031,tag5295
41.733,tag2479
41.615,tag6484
41.439,tag5295
41.803,tag2473
41.936,tag6482
41.052,tag2495
41.835,tag5305
41.326,tag6468
41.931,tag2472
41.853,tag5287
41.820,tag5311
41.810,tag5289
41.867,tag5283
41.773,tag5291
41.921,tag2472
41.684,tag6489
41.276,tag6492
41.135,tag6475
41.695,tag5295
41.778,tag5292
41.098,tag2484
41.806,tag6493
41.093,tag2470
41.207,tag5290
41.909,tag101
41.454,tag5295
42.117,tag2492
42.588,tag5295
42.532,tag2493
42.067,tag5304
42.214,tag2471
42.864,tag2476
42.380,tag2483
42.063,tag1948
42.495,tag2480
42.511,tag5290
42.880,tag5310
42.641,tag2488
42.923,tag6469
42.515,tag2490
42.288,tag2493
42.612,tag6494
42.640,tag5296
42.275,tag2465
42.876,tag2487
42.468,tag2465
42.089,tag5285
42.375,tag3635
42.633,tag6493
42.069,tag5294
42.760,tag6492
42.570,tag10838
42.330,tag5307
42.037,tag2492
42.662,tag6477
42.298,tag5302
42.498,tag5295
42.533,tag6490
42.668,tag5291
42.919,tag2473
42.067,tag2487
42.224,tag6491
42.034,tag2484
42.371,tag6481
42.468,tag4363
42.759,tag2486
43.763,tag6489
43.672,tag2487
43.555,tag6470
43.013,tag6484
43.302,tag2487
43.299,tag6478
43.573,tag2494
43.987,tag2469
43.630,tag5304
43.435,tag2477
43.489,tag6477
43.472,tag5300
43.666,tag2482
43.802,tag6492
43.535,tag5298
43.988,tag6476
43.297,tag5286
43.173,tag3145
43.751,tag5303
43.252,tag5299
43.938,tag2493
43.255,tag6485
43.222,tag11936
43.263,tag5307
43.282,tag6483
43.212,tag2472
43.120,tag2485
43.578,tag2469
43.526,tag2487
43.344,tag6466
43.476,tag4299
43.886,tag5295
43.926,tag5295
43.701,tag5292
43.351,tag6495
43.192,tag6467
43.188,tag2494
43.274,tag5285
43.954,tag5291
43.861,tag6473
44.470,tag5301
44.207,tag5561
44.891,tag5311
44.689,tag6471
44.601,tag6478
44.190,tag5286
44.362,tag6484
44.297,tag5282
44.270,tag2494
44.188,tag6465
44.677,tag5302
44.957,tag6468
44.606,tag6466
44.941,tag2492
44.916,tag2481
44.528,tag6481
44.740,tag2477
44.898,tag5281
44.131,tag6481
44.419,tag5307
44.954,tag5311
44.405,tag6466
44.145,tag2475
44.278,tag5306
44.927,tag5309
44.989,tag5291
44.328,tag5285
44.418,tag5283
44.870,tag2494
44.759,tag6477
44.143,tag6477
44.168,tag2494
44.978,tag5301
44.107,tag5308
44.648,tag6485
44.921,tag6473
44.589,tag6481
44.129,tag2467
44.432,tag2468
44.147,tag2489
45.441,tag2469
45.496,tag5305
45.037,tag5303
45.939,tag5283
45.910,tag2484
45.448,tag3855
45.387,tag2492
45.350,tag2471
45.915,tag6493
45.069,tag6957
45.788,tag6494
45.100,tag10088
45.250,tag2490
45.588,tag11943
45.090,tag5300
45.967,tag5301
45.872,tag5300
45.936,tag2490
45.843,tag6485
45.171,tag2477
45.901,tag6473
45.447,tag2481
45.701,tag2480
45.587,tag6474
45.173,tag5301
45.853,tag2489
45.903,tag2551
45.176,tag6480
45.381,tag5453
45.885,tag5288
45.513,tag6493
45.644,tag5291
45.002,tag8912
45.069,tag2475
45.823,tag5286
45.986,tag2479
45.698,tag2467
45.573,tag6471
45.866,tag6480
45.193,tag6491
46.454,tag6485
46.991,tag2480
46.782,tag2486
46.746,tag6470
46.282,tag9908
46.985,tag5294
46.350,tag6488
46.931,tag2485
46.180,tag5298
46.031,tag5291
46.136,tag6494
46.165,tag6877
46.650,tag5281
46.782,tag5283
46.506,tag2470
46.543,tag2473
46.449,tag5288
46.303,tag5288
46.404,tag2479
46.606,tag5301
46.765,tag6470
46.567,tag6471
46.322,tag5301
46.101,tag6470
46.317,tag2480
46.372,tag2471
46.461,tag5309
46.321,tag2483
46.883,tag6484
46.684,tag6489
46.449,tag6487
46.628,tag5299
46.039,tag6491
46.554,tag6482
46.133,tag2469
46.954,tag6472
46.931,tag6464
46.754,tag5295
46.156,tag6185
46.968,tag6489
47.680,tag5294
47.924,tag6495
47.685,tag2472
47.960,tag6485
47.552,tag6495
47.478,tag5301
47.567,tag2487
47.916,tag2466
47.322,tag5305
47.445,tag2469
47.580,tag6492
47.486,tag6486
47.826,tag6477
47.712,tag5302
47.959,tag6477
47.023,tag5301
47.528,tag5280
47.597,tag6488
47.471,tag6474
47.040,tag2489
47.186,tag6484
47.868,tag5311
47.329,tag2471
47.598,tag2488
47.909,tag2485
47.176,tag2473
47.462,tag9636
47.937,tag5134
47.999,tag2477
47.535,tag2480
47.696,tag6480
47.877,tag5304
47.416,tag5302
47.367,tag4161
47.095,tag5309
47.348,tag1168
47.449,tag5309
47.936,tag5297
47.670,tag6494
47.085,tag2476
48.146,tag8867
48.185,tag7189
48.429,tag6482
48.128,tag5288
48.715,tag6475
48.320,tag439
48.242,tag2479
48.932,tag2477
48.230,tag5286
48.324,tag6471
48.795,tag2474
48.380,tag5300
48.680,tag6470
48.105,tag6495
48.853,tag6487
48.473,tag6490
48.609,tag6472
48.288,tag5309
48.329,tag6474
48.248,tag6479
48.437,tag2495
48.228,tag5293
48.071,tag2468
48.631,tag5309
48.002,tag10973
48.188,tag5307
48.202,tag10344
48.960,tag2484
48.542,tag6476
48.956,tag5295
48.037,tag6467
48.025,tag6470
48.746,tag8602
48.142,tag5308
48.313,tag6493
48.020,tag6493
48.068,tag2465
48.524,tag7232
48.809,tag6494
48.013,tag5297
49.396,tag6479
49.608,tag6484
49.694,tag6490
49.987,tag9290
49.082,tag6464
49.325,tag5291
49.435,tag5302
49.702,tag2476
49.981,tag5301
49.309,tag2478
49.573,tag6488
49.077,tag6488
49.486,tag2471
49.206,tag5282
49.621,tag6478
49.345,tag5297
49.933,tag2493
49.059,tag2493
49.482,tag6478
49.650,tag9463
49.074,tag6472
49.845,tag10760
49.542,tag5280
49.002,tag5310
49.135,tag5300
49.147,tag2484
49.663,tag2495
49.457,tag5310
49.122,tag2472
49.005,tag6471
49.628,tag6476
49.658,tag2468
49.076,tag6483
49.346,tag5308
49.936,tag2481
49.673,tag6471
49.100,tag2490
49.136,tag5290
49.525,tag6473
49.535,tag5311
50.147,tag5291
50.656,tag2484
50.592,tag5284
50.575,tag5286
50.773,tag1318
50.530,tag6490
50.565,tag6489
50.770,tag6474
50.971,tag6466
50.568,tag5290
50.781,tag5307
50.489,tag6468
50.725,tag6481
50.710,tag7152
50.447,tag6466
50.164,tag5310
50.489,tag2470
50.444,tag5308
50.530,tag6481
50.018,tag5309
50.150,tag2482
50.493,tag2490
50.133,tag5289
50.399,tag2478
50.584,tag6492
50.334,tag5295
50.900,tag5284
50.284,tag2495
50.276,tag6028
50.271,tag5311
50.947,tag6471
50.506,tag5306
50.117,tag2468
50.814,tag2495
50.258,tag2487
50.050,tag2472
50.863,tag5311
50.469,tag2481
50.509,tag2479
50.595,tag5298
51.912,tag6474
51.134,tag6493
51.309,tag5302
51.985,tag5300
51.450,tag2480
51.139,tag6471
51.167,tag5308
51.786,tag2488
51.012,tag2489
51.751,tag5284
51.740,tag5294
51.324,tag5283
51.098,tag2486
51.539,tag6472
51.836,tag6492
51.120,tag2469
51.263,tag5295
51.864,tag5301
51.599,tag2479
51.005,tag5288
51.958,tag6464
51.574,tag5296
51.793,tag5286
51.181,tag6464
51.114,tag2466
51.080,tag6467
51.546,tag2488
51.070,tag5295
51.678,tag5303
51.181,tag2491
51.013,tag2494
51.314,tag6480
51.289,tag2469
51.533,tag6465
51.356,tag2479
51.248,tag2487
51.026,tag6465
51.617,tag2485
51.378,tag2474
51.585,tag5309
52.858,tag5296
52.924,tag6495
52.018,tag2494
52.054,tag5309
52.322,tag6432
52.509,tag1409
52.087,tag5290
52.597,tag6488
52.036,tag6466
52.044,tag5289
52.193,tag5290
52.269,tag6469
52.674,tag6741
52.007,tag6486
52.876,tag6492
52.182,tag6484
52.711,tag5309
52.905,tag6477
52.936,tag5304
52.704,tag5300
52.493,tag6473
52.710,tag6483
52.307,tag2490
52.296,tag5290
52.763,tag2468
52.875,tag5297
52.095,tag5285
52.999,tag2467
52.801,tag7038
52.073,tag6475
52.293,tag6483
52.492,tag6493
52.676,tag6465
52.654,tag2468
52.439,tag5298
52.295,tag5297
52.011,tag5296
52.764,tag6468
52.435,tag2495
52.053,tag2468
53.497,tag5283
53.341,tag5283
53.277,tag11445
53.359,tag5286
53.957,tag6471
53.855,tag2481
53.069,tag6479
53.389,tag10573
53.527,tag6487
53.211,tag6484
53.492,tag6468
53.500,tag6487
53.577,tag236
53.131,tag2474
53.947,tag2472
53.824,tag6493
53.868,tag6475
53.291,tag2476
53.062,tag963
53.359,tag5291
53.630,tag5293
53.654,tag2481
53.146,tag5293
53.043,tag2491
53.977,tag5282
53.109,tag2490
53.327,tag6490
53.953,tag2467
53.193,tag5302
53.181,tag2487
53.317,tag7085
53.412,tag2495
53.457,tag2478
53.422,tag6491
53.349,tag2473
53.234,tag6485
53.463,tag5291
53.084,tag6480
53.867,tag2491
53.740,tag6492
54.117,tag2487
54.864,tag2468
54.021,tag2480
54.956,tag5295
54.838,tag7466
54.976,tag5292
54.620,tag6481
54.668,tag2473
54.281,tag5287
54.827,tag6482
54.209,tag5284
54.057,tag6484
54.376,tag6477
54.232,tag5283
54.981,tag5285
54.514,tag2471
54.420,tag2466
54.883,tag5304
54.284,tag2466
54.930,tag6488
54.540,tag6476
54.389,tag5281
54.991,tag5287
54.013,tag6475
54.214,tag8002
54.122,tag1357
54.219,tag6493
54.690,tag5304
54.950,tag6491
54.397,tag6466
54.262,tag6479
54.338,tag1929
54.840,tag6495
54.292,tag2489
54.032,tag6477
54.530,tag2470
54.092,tag5294
54.790,tag6490
54.540,tag2471
54.690,tag2475
55.929,tag6492
55.353,tag6494
55.363,tag5291
55.145,tag5310
55.611,tag5301
55.415,tag3964
55.014,tag2489
55.706,tag2491
55.771,tag6495
55.787,tag2482
55.930,tag5293
55.926,tag2473
55.666,tag5282
55.664,tag5291
55.835,tag2478
55.648,tag6464
55.309,tag6492
55.909,tag6475
55.186,tag5306
55.530,tag5284
55.765,tag2465
55.264,tag6488
55.168,tag6473
55.313,tag5280
55.913,tag6487
55.073,tag5292
55.194,tag5290
55.213,tag6471
55.130,tag6494
55.780,tag5311
55.495,tag5290
55.170,tag5290
55.334,tag5292
55.573,tag5303
55.847,tag5303
55.924,tag6479
55.140,tag9712
55.632,tag5289
55.329,tag6469
55.995,tag2468
56.488,tag6480
56.747,tag2487
56.554,tag2481
56.703,tag6471
56.508,tag7698
56.170,tag2468
56.264,tag5299
56.070,tag2465
56.802,tag5282
56.902,tag2489
56.735,tag2474
56.518,tag2495
56.845,tag2495
56.689,tag6481
56.666,tag6475
56.970,tag2482
56.078,tag2467
56.298,tag5282
56.257,tag2472
56.665,tag6108
56.110,tag5664
56.106,tag2490
56.754,tag5292
56.726,tag6468
56.691,tag5295
56.805,tag5300
56.092,tag5288
56.557,tag1280
56.266,tag6472
56.752,tag2484
56.512,tag5304
56.657,tag2483
56.182,tag6471
56.288,tag11846
56.673,tag6486
56.573,tag2481
56.131,tag5341
56.282,tag6492
56.539,tag5287
56.704,tag5288
57.993,tag6484
57.217,tag5295
57.840,tag9840
57.509,tag5287
57.699,tag2247
57.598,tag6466
57.110,tag5299
57.121,tag2466
57.585,tag5282
57.672,tag5298
57.386,tag2477
57.061,tag10699
57.591,tag6477
57.278,tag6480
57.005,tag5309
57.209,tag6473
57.460,tag6467
57.881,tag6493
57.120,tag5307
57.354,tag2482
57.998,tag2493
57.160,tag2484
57.804,tag2471
57.806,tag5310
57.464,tag2487
57.176,tag2487
57.201,tag5283
57.493,tag5310
57.226,tag6490
57.276,tag5300
57.900,tag5298
57.002,tag2473
57.052,tag5294
57.618,tag2473
57.180,tag5290
57.212,tag5285
57.286,tag5285
57.087,tag2600
57.845,tag2470
57.749,tag2485
58.507,tag6472
58.279,tag5304
58.155,tag6471
58.730,tag5309
58.197,tag6465
58.695,tag6487
58.880,tag6487
58.769,tag2493
58.547,tag5292
58.029,tag2489
58.885,tag6477
58.086,tag6472
58.452,tag5304
58.653,tag11551
58.570,tag5281
58.756,tag2473
58.811,tag6472
58.190,tag6472
58.933,tag6480
58.910,tag4985
58.959,tag5280
58.419,tag5298
58.636,tag5287
58.527,tag6485
58.873,tag5294
58.953,tag2475
58.079,tag6464
58.933,tag5288
58.525,tag2484
58.677,tag5292
58.714,tag5310
58.078,tag5291
58.778,tag6465
58.933,tag6486
58.257,tag5309
58.056,tag6488
58.987,tag2472
58.812,tag6481
58.712,tag2467
58.016,tag6478
59.352,tag5299
59.100,tag5285
59.941,tag6468
59.189,tag5282
59.149,tag2484
59.606,tag6489
59.969,tag5302
59.947,tag2492
59.234,tag10215
59.362,tag5310
59.493,tag6492
59.828,tag2477
59.262,tag6485
59.419,tag5302
59.198,tag5302
59.762,tag2485
59.695,tag10229
59.665,tag5309
59.854,tag2472
59.228,tag6480
59.925,tag6484
59.487,tag6470
59.407,tag5302
59.692,tag5301
59.492,tag5300
59.225,tag5306
59.453,tag2471
59.072,tag6655
59.615,tag2474
59.273,tag7148
59.791,tag5288
59.599,tag2485
59.310,tag5285
59.674,tag5292
59.761,tag5283
59.444,tag5287
59.094,tag6472
59.025,tag6494
59.696,tag2477
59.595,tag4989
60.315,tag5283
60.884,tag5283
60.431,tag6475
60.959,tag6480
60.974,tag6495
60.103,tag2486
60.662,tag1027
60.746,tag9935
60.079,tag5289
60.125,tag2494
60.262,tag2492
60.255,tag6491
60.336,tag5302
60.768,tag2483
60.174,tag5280
60.460,tag5301
60.649,tag6484
60.912,tag5311
60.657,tag2488
60.102,tag6482
60.397,tag6469
60.129,tag5289
60.523,tag6481
60.004,tag6494
60.400,tag6468
60.841,tag2478
60.116,tag5307
60.921,tag2481
60.055,tag6489
60.321,tag6467
60.572,tag5301
60.300,tag2488
60.163,tag5303
60.752,tag2481
60.154,tag6494
60.731,tag8230
60.386,tag5297
60.980,tag5298
60.029,tag2484
60.174,tag2473
61.688,tag2484
61.417,tag2469
61.937,tag6483
61.491,tag5294
61.446,tag2474
61.111,tag2487
61.054,tag5301
61.475,tag6482
61.589,tag5303
61.366,tag2472
61.840,tag6492
61.678,tag6468
61.484,tag2483
61.463,tag5303
61.421,tag6468
61.610,tag5310
61.916,tag2472
61.762,tag6466
61.023,tag6482
61.003,tag2484
61.366,tag6482
61.791,tag2487
61.592,tag6491
61.983,tag6473
61.263,tag5305
61.705,tag2487
61.180,tag6488
61.777,tag2486
61.457,tag5299
61.791,tag6487
61.488,tag6485
61.754,tag6494
61.314,tag2495
61.335,tag6494
61.006,tag2488
61.381,tag6470
61.756,tag2466
61.926,tag6468
61.723,tag5303
61.619,tag2490
62.721,tag6473
62.515,tag2493
62.429,tag2493
62.238,tag5291
62.301,tag6484
62.586,tag2495
62.230,tag5297
62.646,tag5284
62.488,tag6488
62.363,tag2479
62.154,tag2485
62.183,tag6467
62.940,tag6483
62.788,tag2495
62.732,tag5308
62.704,tag5302
62.325,tag5283
62.943,tag6487
62.196,tag6488
62.685,tag5306
62.527,tag2464
62.352,tag6490
62.010,tag2475
62.480,tag2472
62.107,tag5296
62.317,tag2481
62.452,tag6475
62.354,tag5300
62.044,tag5298
62.134,tag6470
62.066,tag6485
62.160,tag11302
62.870,tag5285
62.584,tag5309
62.991,tag6495
62.563,tag4953
62.336,tag2486
62.355,tag5285
62.221,tag5310
62.116,tag6479
63.646,tag5295
63.231,tag5310
63.394,tag2481
63.625,tag5309
63.765,tag2476
63.579,tag6495
63.801,tag6489
63.496,tag6480
63.970,tag6467
63.870,tag4095
63.118,tag9060
63.752,tag6494
63.206,tag5300
63.872,tag5308
63.448,tag1680
63.230,tag6465
63.855,tag5285
63.740,tag6471
63.076,tag6467
63.219,tag11256
63.976,tag5291
63.506,tag2493
63.091,tag2487
63.952,tag5305
63.735,tag2663
63.925,tag2468
63.960,tag2302
63.897,tag9831
63.512,tag2466
63.255,tag2467
63.939,tag5288
63.658,tag5302
63.518,tag5307
63.758,tag2482
63.596,tag6481
63.687,tag2468
63.364,tag5298
63.558,tag5300
63.728,tag6151
63.762,tag5305
64.067,tag5305
64.848,tag5300
64.021,tag6491
64.892,tag9942
64.687,tag5299
64.125,tag5297
64.315,tag10918
64.900,tag5299
64.595,tag2495
64.798,tag5299
64.884,tag2483
64.922,tag6466
64.151,tag2471
64.013,tag2616
64.447,tag6468
64.565,tag6469
64.718,tag6471
64.165,tag2471
64.473,tag10930
64.506,tag2469
64.077,tag5303
64.544,tag5310
64.436,tag5293
64.199,tag5292
64.616,tag6489
64.836,tag2489
64.389,tag5301
64.525,tag6494
64.620,tag38
64.403,tag6482
64.891,tag2469
64.790,tag2476
64.348,tag2484
64.848,tag8588
64.590,tag9282
64.392,tag2472
64.759,tag6467
64.118,tag5299
64.738,tag2490
64.181,tag6470
65.145,tag2475
65.368,tag11553
65.872,tag5286
65.416,tag2493
65.746,tag6474
65.807,tag4009
65.973,tag2469
65.259,tag6487
65.131,tag2490
65.996,tag2473
65.803,tag5283
65.642,tag2489
65.474,tag6469
65.136,tag2614
65.673,tag2486
65.399,tag5292
65.773,tag6193
65.099,tag8819
65.593,tag6470
65.963,tag2489
65.951,tag5285
65.144,tag2476
65.818,tag5294
65.151,tag5283
65.467,tag5296
65.285,tag6475
65.760,tag6479
65.056,tag6475
65.232,tag6467
65.364,tag6466
65.266,tag5284
65.409,tag6476
65.805,tag6484
65.389,tag5302
65.913,tag6479
65.507,tag2493
65.475,tag6485
65.421,tag2475
65.913,tag2494
65.809,tag5301
66.489,tag6492
66.024,tag5294
66.306,tag2464
66.040,tag2467
66.518,tag5297
66.171,tag2492
66.013,tag6469
66.281,tag5280
66.101,tag2486
66.541,tag6480
66.480,tag2470
66.817,tag2478
66.040,tag2470
66.211,tag6471
66.042,tag2480
66.391,tag6490
66.335,tag6492
66.674,tag2487
66.270,tag2492
66.567,tag5994
66.931,tag6469
66.618,tag5305
66.304,tag6466
66.369,tag6484
66.840,tag6471
66.955,tag2485
66.599,tag11003
66.831,tag2477
66.804,tag2491
66.433,tag2480
66.411,tag2489
66.835,tag5308
66.030,tag2482
66.896,tag5310
66.059,tag2494
66.639,tag6483
66.744,tag1522
66.832,tag5293
66.997,tag2481
66.667,tag5281
67.107,tag2491
67.327,tag5302
67.905,tag6475
67.010,tag2465
67.836,tag2472
67.330,tag6491
67.166,tag6475
67.723,tag6482
67.873,tag5301
67.167,tag6488
67.826,tag5306
67.107,tag5309
67.332,tag6487
67.124,tag5296
67.440,tag5292
67.134,tag6468
67.140,tag6469
67.818,tag2467
67.291,tag6479
67.455,tag6471
67.140,tag6146
67.986,tag11763
67.174,tag5311
67.434,tag2480
67.420,tag5298
67.508,tag2481
67.823,tag5300
67.439,tag4810
67.683,tag6479
67.065,tag2479
67.925,tag2484
67.605,tag7655
67.518,tag5306
67.964,tag5299
67.522,tag1747
67.133,tag6485
67.727,tag2488
67.193,tag6488
67.708,tag2484
67.199,tag2494
68.567,tag6472
68.508,tag6492
68.421,tag3098
68.462,tag2477
68.514,tag5303
68.420,tag2478
68.726,tag9286
68.255,tag5294
68.596,tag2481
68.840,tag5281
68.307,tag5299
68.411,tag6475
68.403,tag6486
68.689,tag6487
68.647,tag2478
68.139,tag6479
68.922,tag8970
68.732,tag5294
68.693,tag2470
68.715,tag6477
68.107,tag2491
68.492,tag6486
68.442,tag5311
68.431,tag5281
68.259,tag6489
68.016,tag5289
68.964,tag2482
68.141,tag2478
68.818,tag6481
68.052,tag3788
68.227,tag6487
68.417,tag6492
68.658,tag5291
68.922,tag6491
68.320,tag6472
68.368,tag5282
68.762,tag5287
68.873,tag5281
68.157,tag5295
68.186,tag5281
69.422,tag6491
69.262,tag5290
69.901,tag2481
69.865,tag6472
69.245,tag2481
69.212,tag6470
69.173,tag6480
69.788,tag2490
69.692,tag6482
69.271,tag6489
69.917,tag6490
69.959,tag6478
69.681,tag659
69.986,tag6466
69.593,tag5311
69.115,tag2490
69.828,tag6489
69.603,tag2474
69.372,tag2486
69.773,tag2490
69.723,tag5307
69.136,tag5300
69.057,tag5306
69.602,tag6488
69.345,tag3298
69.590,tag6489
69.579,tag5874
69.915,tag2482
69.030,tag2483
69.365,tag6464
69.733,tag6485
69.113,tag6464
69.711,tag2469
69.309,tag2468
69.057,tag1472
69.351,tag2487
69.133,tag1905
69.460,tag5305
69.341,tag2491
69.593,tag2481
70.570,tag5284
70.599,tag5287
70.280,tag2465
70.676,tag7223
70.286,tag6483
70.263,tag5286
70.315,tag6489
70.805,tag2464
70.557,tag5291
70.619,tag2484
70.839,tag5311
70.368,tag702
70.168,tag2469
70.991,tag2476
70.793,tag5304
70.600,tag6477
70.952,tag2488
70.338,tag9274
70.680,tag6487
70.716,tag2468
70.072,tag5286
70.278,tag2482
70.774,tag6490
70.012,tag6489
70.096,tag6486
70.069,tag5285
70.087,tag6490
70.290,tag3964
70.883,tag2471
70.371,tag5304
70.119,tag5308
70.850,tag2467
70.974,tag2479
70.215,tag5294
70.894,tag2473
70.889,tag2486
70.165,tag2468
70.808,tag6467
70.285,tag6464
70.736,tag6485
71.338,tag2477
71.586,tag2468
71.852,tag2495
71.359,tag5299
71.296,tag5299
71.432,tag2475
71.102,tag2469
71.765,tag6476
71.038,tag5310
71.605,tag5284
71.706,tag5302
71.132,tag2485
71.335,tag6489
71.771,tag5306
71.167,tag2488
71.087,tag2478
71.343,tag2494
71.264,tag5304
71.179,tag6467
71.619,tag6490
71.667,tag5301
71.011,tag2473
71.948,tag6471
71.321,tag6476
71.506,tag2495
71.919,tag2471
71.931,tag2487
71.776,tag3536
71.998,tag6482
71.746,tag6474
71.520,tag2495
71.133,tag5302
71.164,tag2479
71.932,tag6468
71.488,tag5293
71.972,tag5294
71.404,tag5295
71.276,tag6492
71.085,tag2478
71.517,tag2491
72.808,tag2484
72.942,tag652
72.858,tag6470
72.339,tag11989
72.299,tag2486
72.766,tag5287
72.441,tag2493
72.306,tag4680
72.686,tag5298
72.943,tag2478
72.897,tag2481
72.023,tag5435
72.935,tag6495
72.759,tag5300
72.249,tag6474
72.355,tag6493
72.341,tag10213
72.189,tag5286
72.634,tag2477
72.652,tag2489
72.287,tag2477
72.606,tag5286
72.385,tag2489
72.459,tag2485
72.462,tag5289
72.990,tag6470
72.260,tag6486
72.328,tag6489
72.927,tag2477
72.592,tag6472
72.424,tag2487
72.669,tag6485
72.611,tag7583
72.012,tag2471
72.079,tag6474
72.477,tag6495
72.008,tag5294
72.361,tag6488
72.065,tag5295
72.400,tag5297
73.537,tag5288
73.910,tag2484
73.110,tag4310
73.393,tag5291
73.098,tag6469
73.744,tag5308
73.139,tag6478
73.521,tag5309
73.350,tag2483
73.379,tag4978
73.957,tag6474
73.330,tag6492
73.007,tag6465
73.836,tag5283
73.908,tag5621
73.124,tag5285
73.989,tag10852
73.050,tag2478
73.018,tag6489
73.289,tag2472
73.385,tag6492
73.859,tag5284
73.982,tag2472
73.285,tag6475
73.862,tag5285
73.286,tag2482
73.580,tag2477
73.803,tag6464
73.189,tag2480
73.779,tag2478
73.824,tag5309
73.884,tag6482
73.323,tag5304
73.496,tag2469
73.853,tag2464
73.879,tag5285
73.596,tag866
73.607,tag2491
73.901,tag5285
73.174,tag5192
74.766,tag5283
74.267,tag6470
74.873,tag5297
74.219,tag2470
74.663,tag2478
74.755,tag6491
74.469,tag6473
74.074,tag2485
74.147,tag5921
74.292,tag6483
74.247,tag6479
74.142,tag2479
74.215,tag6479
74.214,tag2487
74.095,tag6478
74.985,tag2475
74.642,tag135
74.576,tag5288
74.367,tag5280
74.957,tag6468
74.293,tag5291
74.534,tag6495
74.737,tag2188
74.743,tag5301
74.831,tag6480
74.490,tag6479
74.238,tag2495
74.841,tag5281
74.701,tag6474
74.620,tag5301
74.696,tag2481
74.430,tag2477
74.349,tag5290
74.355,tag5301
74.501,tag5280
74.602,tag6472
74.920,tag5289
74.354,tag2475
74.217,tag5289
74.583,tag2479
75.088,tag2468
75.183,tag2484
75.091,tag6484
75.766,tag2489
75.739,tag5287
75.265,tag5292
75.929,tag6485
75.540,tag6471
75.617,tag2472
75.907,tag5281
75.746,tag6466
75.090,tag5281
75.211,tag2466
75.131,tag2480
75.745,tag5308
75.357,tag5306
75.413,tag2472
75.116,tag6490
75.421,tag5297
75.567,tag5289
75.602,tag6464
75.755,tag2957
75.391,tag2494
75.847,tag5290
75.180,tag5299
75.698,tag2470
75.762,tag6476
75.042,tag2486
75.479,tag5291
75.762,tag6485
75.234,tag6481
75.936,tag5296
75.235,tag9025
75.515,tag2467
75.028,tag6476
75.185,tag86
75.864,tag2467
75.748,tag5288
75.352,tag2481
75.605,tag5311
76.254,tag6475
76.317,tag6466
76.724,tag6466
76.464,tag2483
76.211,tag2491
76.050,tag10498
76.332,tag9003
76.028,tag10402
76.922,tag2464
76.543,tag5288
76.192,tag5290
76.889,tag5301
76.256,tag6475
76.605,tag2491
76.909,tag5291
76.234,tag6469
76.566,tag5302
76.212,tag11061
76.222,tag6464
76.783,tag2467
76.680,tag5287
76.838,tag6482
76.324,tag6474
76.561,tag6471
76.828,tag6491
76.192,tag6481
76.065,tag5309
76.497,tag5280
76.061,tag2468
76.759,tag5303
76.329,tag5285
76.906,tag5295
76.266,tag5301
76.264,tag6492
76.811,tag2475
76.045,tag6486
76.300,tag6480
76.620,tag2484
76.891,tag6478
76.176,tag5308
77.555,tag5305
77.225,tag2475
77.148,tag2489
77.823,tag478
77.820,tag6491
77.937,tag5299
77.226,tag6486
77.956,tag5287
77.610,tag5280
77.833,tag6464
77.450,tag6474
77.254,tag5296
77.867,tag6480
77.249,tag4468
77.103,tag2470
77.491,tag9416
77.207,tag2479
77.273,tag11729
77.606,tag2482
77.132,tag5309
77.917,tag2492
77.947,tag6471
77.197,tag6470
77.431,tag8733
77.443,tag6489
77.272,tag6464
77.396,tag2465
77.861,tag2469
77.903,tag6491
77.135,tag6480
77.710,tag6469
77.349,tag10818
77.435,tag2469
77.166,tag5289
77.418,tag2490
77.822,tag2466
77.441,tag5283
77.494,tag2494
77.843,tag5303
77.759,tag5308
78.607,tag2472
78.902,tag6467
78.794,tag2490
78.454,tag2492
78.141,tag5289
78.095,tag6488
78.980,tag5300
78.794,tag2488
78.204,tag6483
78.249,tag2479
78.964,tag5293
78.957,tag6477
78.240,tag6477
78.442,tag591
78.431,tag2481
78.322,tag2467
78.049,tag5296
78.797,tag6483
78.524,tag6484
78.522,tag5289
78.994,tag2470
78.693,tag5310
78.448,tag6481
78.693,tag5290
78.084,tag2480
78.234,tag2494
78.178,tag2479
78.598,tag5282
78.425,tag7633
78.224,tag10737
78.923,tag5293
78.674,tag5295
78.245,tag5297
78.440,tag2494
78.755,tag2487
78.613,tag6475
78.917,tag5293
78.443,tag2483
78.440,tag6495
78.987,tag6488
79.388,tag6479
79.710,tag5297
79.819,tag5289
79.079,tag2478
79.430,tag6468
79.232,tag2483
79.713,tag2489
79.280,tag5298
79.757,tag2473
79.015,tag5292
79.993,tag8009
79.575,tag2466
79.674,tag5297
79.322,tag6488
79.257,tag2464
79.048,tag6478
79.935,tag5291
79.288,tag6481
79.745,tag6493
79.782,tag6475
79.673,tag4111
79.216,tag5301
79.744,tag5299
79.198,tag5302
79.305,tag8544
79.942,tag2479
79.594,tag9567
79.090,tag2467
79.933,tag6470
79.065,tag5291
79.713,tag5295
79.703,tag819
79.079,tag5292
79.551,tag7812
79.711,tag2474
79.167,tag2469
79.298,tag2464
79.165,tag2472
79.762,tag6476
79.344,tag5286
80.851,tag6486
80.501,tag5286
80.990,tag6464
80.202,tag2476
80.340,tag6494
80.177,tag2476
80.506,tag9897
80.121,tag5287
80.658,tag2494
80.579,tag7017
80.247,tag2480
80.799,tag6482
80.411,tag2464
80.382,tag5305
80.914,tag2482
80.288,tag6489
80.497,tag5288
80.634,tag6493
80.161,tag5289
80.040,tag6483
80.879,tag5302
80.194,tag5294
80.817,tag5280
80.663,tag2479
80.487,tag2480
80.357,tag781
80.881,tag6474
80.092,tag6466
80.600,tag2491
80.272,tag6482
80.573,tag5304
80.614,tag2465
80.847,tag2466
80.800,tag6493
80.899,tag2495
80.350,tag2484
80.942,tag6483
80.248,tag2471
80.364,tag11905
80.425,tag5286
81.574,tag5296
81.404,tag2473
81.224,tag5292
81.078,tag2473
81.254,tag11028
81.997,tag2487
81.945,tag2479
81.473,tag2477
81.891,tag2484
81.580,tag6477
81.227,tag6489
81.329,tag5291
81.773,tag2482
81.457,tag5280
81.160,tag6481
81.904,tag2480
81.448,tag2468
81.383,tag5280
81.321,tag5288
81.561,tag5310
81.114,tag8502
81.572,tag6486
81.907,tag5283
81.229,tag2491
81.401,tag6489
81.479,tag6495
81.942,tag5293
81.112,tag2481
81.384,tag2484
81.769,tag5302
81.130,tag5300
81.285,tag5296
81.450,tag5302
81.603,tag5294
81.992,tag2470
81.438,tag6478
81.673,tag4908
81.057,tag2470
81.131,tag6495
81.070,tag5308
82.830,tag4240
82.028,tag5282
82.841,tag8783
82.900,tag1486
82.947,tag6488
82.728,tag2495
82.412,tag6468
82.444,tag4076
82.669,tag2484
82.082,tag6472
82.282,tag5292
82.037,tag5281
82.979,tag5302
82.008,tag2484
82.517,tag6488
82.127,tag6490
82.749,tag5309
82.267,tag6477
82.015,tag6467
82.831,tag5287
82.560,tag6488
82.524,tag2478
82.093,tag2486
82.917,tag6491
82.887,tag5310
82.244,tag5300
82.276,tag6492
82.915,tag6480
82.738,tag6495
82.425,tag6473
82.611,tag5307
82.891,tag6491
82.750,tag6490
82.179,tag6487
82.876,tag6488
82.594,tag5308
82.956,tag4594
82.650,tag5287
82.681,tag6489
82.630,tag6471
83.653,tag10766
83.502,tag6472
83.494,tag5309
83.753,tag6471
83.232,tag2478
83.293,tag2473
83.252,tag5303
83.196,tag5303
83.095,tag5298
83.985,tag6475
83.008,tag2493
83.238,tag5294
83.360,tag2185
83.025,tag5286
83.238,tag6464
83.693,tag5300
83.169,tag6467
83.164,tag2470
83.711,tag9224
83.528,tag2489
83.117,tag2469
83.512,tag2475
83.485,tag2489
83.589,tag6477
83.091,tag2464
83.033,tag6470
83.969,tag10060
83.015,tag5290
83.143,tag5284
83.672,tag5298
83.556,tag6466
83.165,tag2469
83.154,tag6483
83.512,tag6485
83.074,tag2494
83.852,tag7280
83.074,tag5018
83.734,tag2469
83.511,tag6195
83.769,tag5301
84.442,tag6484
84.987,tag9346
84.215,tag6484
84.003,tag6475
84.690,tag5292
84.161,tag5301
84.499,tag944
84.495,tag5307
84.017,tag2468
84.931,tag10764
84.246,tag5293
84.577,tag6475
84.971,tag6484
84.144,tag2475
84.892,tag6470
84.015,tag6486
84.192,tag5307
84.152,tag6491
84.405,tag2474
84.699,tag5291
84.422,tag5310
84.738,tag6470
84.479,tag5283
84.918,tag5307
84.368,tag2467
84.498,tag6478
84.251,tag2493
84.714,tag11806
84.989,tag2485
84.722,tag6471
84.541,tag5286
84.342,tag2478
84.369,tag2488
84.228,tag2494
84.835,tag2473
84.315,tag2486
84.153,tag6474
84.870,tag5294
84.426,tag6464
84.301,tag2473
85.146,tag5300
85.882,tag2465
85.639,tag2493
85.547,tag635
85.665,tag2495
85.329,tag5294
85.632,tag6465
85.075,tag6471
85.530,tag6475
85.436,tag2486
85.649,tag6491
85.187,tag5285
85.819,tag6480
85.158,tag2476
85.268,tag9599
85.033,tag2489
85.711,tag6481
85.431,tag2480
85.162,tag6483
85.746,tag6493
85.593,tag2480
85.951,tag5310
85.245,tag5308
85.484,tag2491
85.078,tag5287
85.363,tag6469
85.247,tag6474
85.737,tag2469
85.711,tag6466
85.555,tag2484
85.853,tag5294
85.189,tag5305
85.162,tag6487
85.186,tag6478
85.245,tag5284
85.525,tag5288
85.143,tag5286
85.583,tag5281
85.499,tag5280
85.322,tag2467
86.041,tag6470
86.129,tag6467
86.995,tag6481
86.782,tag5287
86.399,tag2488
86.918,tag4885
86.383,tag5281
86.063,tag2474
86.140,tag7454
86.140,tag5283
86.106,tag2482
86.187,tag5294
86.913,tag5297
86.426,tag6470
86.962,tag2493
86.585,tag3425
86.371,tag2493
86.925,tag5311
86.638,tag2476
86.616,tag5299
86.546,tag6036
86.644,tag6477
86.664,tag5308
86.302,tag2467
86.335,tag6493
86.039,tag1002
86.341,tag2491
86.479,tag5309
86.226,tag2475
86.875,tag2486
86.486,tag8601
86.404,tag5288
86.258,tag2495
86.306,tag2476
86.527,tag6491
86.429,tag5286
86.469,tag830
86.597,tag6476
86.114,tag8443
86.266,tag6466
87.133,tag6494
87.755,tag6476
87.656,tag8076
87.597,tag6474
87.682,tag5282
87.575,tag2481
87.613,tag6464
87.025,tag5305
87.456,tag6464
87.201,tag6489
87.485,tag5289
87.843,tag2474
87.580,tag3242
87.118,tag6473
87.272,tag5280
87.512,tag5311
87.072,tag5286
87.301,tag6479
87.601,tag8012
87.313,tag5291
87.701,tag5299
87.894,tag6476
87.832,tag6491
87.271,tag6464
87.755,tag6492
87.799,tag6464
87.916,tag2489
87.013,tag5289
87.289,tag5306
87.629,tag6484
87.194,tag6471
87.570,tag2486
87.428,tag5281
87.884,tag2492
87.886,tag2485
87.048,tag6493
87.914,tag2469
87.076,tag2482
87.928,tag6468
87.985,tag6474
88.572,tag5300
88.235,tag2480
88.322,tag6434
88.625,tag2464
88.304,tag4190
88.845,tag2468
88.235,tag5305
88.135,tag5309
88.944,tag5298
88.851,tag6465
88.030,tag6487
88.184,tag5286
88.292,tag2477
88.799,tag6475
88.059,tag6483
88.621,tag2471
88.954,tag6468
88.056,tag6474
88.740,tag2491
88.054,tag6465
88.024,tag6467
88.700,tag6488
88.033,tag1509
88.203,tag6477
88.948,tag6495
88.298,tag6475
88.596,tag2469
88.188,tag6486
88.678,tag6489
88.825,tag6487
88.710,tag6474
88.882,tag2466
88.353,tag2484
88.908,tag2464
88.528,tag5292
88.648,tag8038
88.013,tag2493
88.292,tag2483
88.276,tag2473
88.985,tag2476
89.537,tag5286
89.686,tag5306
89.834,tag6482
89.237,tag5296
89.445,tag5286
89.484,tag6479
89.725,tag6494
89.671,tag6479
89.122,tag10068
89.981,tag5292
89.524,tag2483
89.474,tag6467
89.155,tag2473
89.685,tag2593
89.903,tag6485
89.953,tag5291
89.820,tag6481
89.791,tag6484
89.146,tag2492
89.629,tag2466
89.595,tag5292
89.398,tag5294
89.130,tag5311
89.027,tag5308
89.189,tag2481
89.370,tag4408
89.363,tag5299
89.310,tag5301
89.466,tag5289
89.617,tag6491
89.884,tag2469
89.670,tag5309
89.026,tag6491
89.361,tag5299
89.033,tag2477
89.166,tag2478
89.218,tag2477
89.243,tag6467
89.013,tag6491
89.339,tag6472
90.434,tag5292
90.595,tag5294
90.064,tag5287
90.915,tag2465
90.065,tag6465
90.657,tag2486
90.791,tag6472
90.583,tag2472
90.135,tag6786
90.109,tag6491
90.128,tag5294
90.719,tag5299
90.822,tag5297
90.675,tag5291
90.221,tag10614
90.047,tag2493
90.357,tag2476
90.539,tag5309
90.427,tag6491
90.494,tag6482
90.838,tag6475
90.300,tag6487
90.296,tag4619
90.936,tag2469
90.955,tag2493
90.129,tag5282
90.177,tag2482
90.235,tag6483
90.777,tag10510
90.616,tag5305
90.825,tag6492
90.841,tag6471
90.173,tag992
90.594,tag2479
90.803,tag2492
90.515,tag6489
90.878,tag5294
90.750,tag5299
90.878,tag5284
90.327,tag2467
91.386,tag6478
91.233,tag5299
91.236,tag6488
91.533,tag5281
91.335,tag6482
91.421,tag2480
91.392,tag6480
91.553,tag2487
91.099,tag5299
91.625,tag6467
91.409,tag2469
91.027,tag5308
91.211,tag2494
91.419,tag2489
91.087,tag5299
91.174,tag6965
91.405,tag2491
91.259,tag6481
91.472,tag5310
91.303,tag6480
91.076,tag6476
91.339,tag5310
91.011,tag2465
91.163,tag2489
91.051,tag5281
91.222,tag5302
91.688,tag5295
91.139,tag2470
91.701,tag6291
91.978,tag6486
91.526,tag2469
91.773,tag5280
91.167,tag5297
91.523,tag5229
91.621,tag5299
91.932,tag2487
91.189,tag6472
91.523,tag5289
91.180,tag5287
91.411,tag2494
92.572,tag2464
92.153,tag6474
92.412,tag2472
92.942,tag5282
92.712,tag6492
92.960,tag5289
92.400,tag5285
92.092,tag6482
92.406,tag2487
92.415,tag6477
92.449,tag2466
92.100,tag5310
92.687,tag6475
92.309,tag6481
92.618,tag5282
92.203,tag6471
92.060,tag5280
92.259,tag2466
92.723,tag2480
92.735,tag5304
92.025,tag2464
92.889,tag6492
92.071,tag5281
92.948,tag5281
92.770,tag5284
92.944,tag6489
92.469,tag5304
92.751,tag2464
92.284,tag5302
92.776,tag6468
92.196,tag1334
92.390,tag5309
92.550,tag2493
92.877,tag2481
92.564,tag6467
92.410,tag5297
92.088,tag5308
92.693,tag2485
92.096,tag6488
92.244,tag2975
93.066,tag6479
93.944,tag5288
93.358,tag2484
93.156,tag6490
93.232,tag6478
93.385,tag10067
93.165,tag5287
93.008,tag6494
93.016,tag6467
93.295,tag6464
93.636,tag5285
93.223,tag6464
93.562,tag2489
93.598,tag5303
93.102,tag5292
93.982,tag5285
93.776,tag2484
93.296,tag2477
93.885,tag5307
93.091,tag6489
93.768,tag2477
93.081,tag2487
93.320,tag6473
93.329,tag5292
93.018,tag5287
93.058,tag2495
93.749,tag6483
93.713,tag2491
93.993,tag2473
93.380,tag6475
93.531,tag5287
93.234,tag5291
93.121,tag6476
93.640,tag6492
93.781,tag5288
93.559,tag6492
93.461,tag3121
93.967,tag2488
93.618,tag6470
93.285,tag6470
94.929,tag6479
94.295,tag2465
94.497,tag5310
94.821,tag2469
94.964,tag2483
94.936,tag5311
94.873,tag1240
94.249,tag2475
94.683,tag2476
94.365,tag2464
94.777,tag1238
94.251,tag6472
94.320,tag4973
94.050,tag5310
94.029,tag2486
94.363,tag6483
94.611,tag6493
94.387,tag6495
94.070,tag5292
94.007,tag6707
94.115,tag6479
94.540,tag5299
94.920,tag2465
94.329,tag6478
94.244,tag6485
94.267,tag2466
94.923,tag5296
94.159,tag3586
94.551,tag2468
94.937,tag6494
94.835,tag6481
94.408,tag2490
94.901,tag6472
94.819,tag2490
94.590,tag1495
94.419,tag2494
94.786,tag6495
94.917,tag5283
94.669,tag2472
94.269,tag6480
95.101,tag2493
95.448,tag2490
95.715,tag2471
95.573,tag6489
95.765,tag6488
95.536,tag2471
95.019,tag6485
95.364,tag5310
95.621,tag6466
95.824,tag2486
95.819,tag5293
95.783,tag2493
95.312,tag2495
95.929,tag5290
95.429,tag6480
95.793,tag6480
95.137,tag5283
95.402,tag6484
95.349,tag6469
95.028,tag5286
95.848,tag5295
95.546,tag5286
95.790,tag6485
95.869,tag353
95.284,tag2489
95.527,tag6481
95.574,tag2489
95.553,tag5302
95.203,tag5280
95.039,tag2489
95.629,tag2494
95.397,tag5296
95.655,tag6475
95.997,tag5301
95.779,tag2479
95.267,tag5290
95.436,tag5297
95.384,tag5300
95.339,tag2476
95.860,tag2476
96.709,tag2466
96.542,tag2486
96.837,tag6495
96.601,tag6482
96.291,tag5288
96.211,tag5308
96.634,tag5293
96.375,tag6472
96.635,tag5285
96.695,tag5303
96.941,tag2467
96.096,tag2475
96.130,tag5290
96.059,tag5304
96.583,tag6473
96.875,tag2475
96.249,tag5282
96.433,tag2483
96.223,tag2479
96.804,tag6492
96.338,tag6478
96.568,tag2481
96.163,tag6473
96.613,tag2469
96.962,tag5293
96.994,tag5280
96.834,tag5294
96.147,tag5286
96.961,tag6466
96.322,tag5290
96.224,tag2483
96.280,tag6486
96.526,tag6484
96.514,tag6466
96.761,tag2491
96.770,tag5285
96.747,tag6488
96.006,tag6471
96.671,tag2483
96.323,tag2469
97.091,tag5298
97.932,tag5046
97.994,tag5310
97.926,tag5261
97.104,tag5308
97.770,tag5304
97.575,tag6484
97.708,tag5289
97.509,tag6479
97.189,tag2480
97.494,tag5292
97.037,tag5311
97.020,tag5308
97.999,tag5293
97.849,tag6485
97.612,tag2482
97.729,tag2487
97.988,tag5293
97.856,tag6484
97.159,tag2476
97.123,tag6480
97.972,tag5301
97.327,tag6490
97.670,tag6484
97.216,tag5310
97.396,tag6477
97.889,tag2485
97.905,tag6486
97.937,tag6468
97.007,tag5287
97.972,tag2466
97.573,tag5289
97.074,tag5291
97.320,tag2476
97.796,tag2494
97.575,tag2476
97.359,tag5284
97.927,tag6471
97.277,tag5287
97.588,tag6489
98.811,tag6474
98.270,tag6484
98.789,tag5281
98.175,tag7098
98.518,tag2487
98.404,tag2495
98.180,tag6487
98.714,tag5299
98.627,tag2481
98.430,tag5289
98.318,tag2468
98.034,tag5294
98.438,tag2468
98.506,tag5294
98.234,tag5310
98.417,tag6478
98.154,tag5282
98.195,tag6479
98.357,tag6486
98.331,tag6491
98.231,tag2491
98.562,tag2489
98.147,tag2479
98.063,tag5306
98.834,tag6477
98.284,tag6485
98.229,tag5281
98.391,tag6478
98.389,tag5286
98.261,tag6464
98.725,tag6479
98.114,tag6484
98.227,tag5304
98.111,tag6475
98.279,tag2495
98.043,tag5282
98.095,tag5288
98.345,tag6473
98.418,tag5303
98.711,tag873
99.354,tag2468
99.634,tag6490
99.320,tag2480
99.236,tag6469
99.247,tag2495
99.500,tag2923
99.341,tag2490
99.119,tag5290
99.248,tag5281
99.384,tag6476
99.784,tag2481
99.358,tag2464
99.966,tag2483
99.041,tag6488
99.869,tag2478
99.101,tag6472
99.772,tag5281
99.376,tag5304
99.418,tag6465
100.000,tag109
99.941,tag2480
99.260,tag5293
99.094,tag11045
99.404,tag2492
99.727,tag5293
99.164,tag2486
99.395,tag6488
99.193,tag2475
99.862,tag5302
99.371,tag11202
99.856,tag2478
99.946,tag5303
99.817,tag3066
99.789,tag5527
99.606,tag6478
99.820,tag2487
99.747,tag4116
99.185,tag6475
99.331,tag6494
99.883,tag5310
100.654,tag2483
100.307,tag2482
100.566,tag6494
100.143,tag5579
100.877,tag5305
100.794,tag2481
100.523,tag2485
100.475,tag5294
100.534,tag11642
100.890,tag2477
100.569,tag6478
100.562,tag2494
100.972,tag6485
100.509,tag6484
100.852,tag1148
100.844,tag6468
100.384,tag2486
100.477,tag6485
100.106,tag2480
100.110,tag6464
100.325,tag5286
100.331,tag5296
100.956,tag6493
100.153,tag5302
100.273,tag6489
100.151,tag5303
100.358,tag6483
100.503,tag6483
100.349,tag6484
100.898,tag2481
100.184,tag5291
100.166,tag2473
100.546,tag5302
100.866,tag2473
100.764,tag6491
100.292,tag6478
100.722,tag5298
100.464,tag7487
100.214,tag2481
100.746,tag6471
101.690,tag5296
101.127,tag6465
101.890,tag2481
101.883,tag6480
101.807,tag2470
101.414,tag6488
101.980,tag6468
101.392,tag2490
101.752,tag6484
101.089,tag6472
101.222,tag897
101.988,tag5295
101.232,tag6478
101.034,tag5305
101.482,tag5304
101.882,tag6481
101.446,tag2491
101.963,tag2468
101.085,tag6481
101.793,tag2487
101.520,tag5301
101.047,tag6464
101.764,tag6465
101.505,tag6464
101.344,tag4259
101.156,tag2466
101.273,tag5304
101.230,tag254
101.083,tag2493
101.240,tag2467
101.559,tag6490
101.690,tag5286
101.981,tag2475
101.295,tag2466
101.272,tag7562
101.304,tag2472
101.930,tag6481
101.306,tag2464
101.976,tag6483
101.336,tag2473
102.657,tag8361
102.129,tag6481
102.246,tag6489
102.555,tag6470
102.792,tag6479
102.624,tag2479
102.440,tag2486
102.591,tag2478
102.060,tag5288
102.181,tag2485
102.550,tag2469
102.124,tag6478
102.553,tag2475
102.912,tag6488
102.440,tag5308
102.306,tag6483
102.708,tag5311
102.281,tag2470
102.056,tag2466
102.333,tag5288
102.802,tag5296
102.546,tag2488
102.548,tag2474
102.214,tag5300
102.786,tag5303
102.578,tag5291
102.917,tag5280
102.672,tag6470
102.570,tag2483
102.157,tag5307
102.430,tag2471
102.927,tag2478
102.416,tag6478
102.343,tag6484
102.621,tag6478
102.026,tag6475
102.826,tag5288
102.385,tag5292
102.951,tag5308
102.037,tag2490
103.366,tag2466
103.814,tag2471
103.392,tag6483
103.278,tag2486
103.040,tag7528
103.923,tag6475
103.815,tag6488
103.519,tag6488
103.377,tag5290
103.204,tag1333
103.463,tag6476
103.191,tag5311
103.021,tag6467
103.978,tag2495
103.945,tag5287
103.786,tag6488
103.628,tag6473
103.021,tag2480
103.705,tag2479
103.901,tag2477
103.265,tag2489
103.005,tag2495
103.758,tag5306
103.315,tag5287
103.219,tag6492
103.173,tag5289
103.929,tag6478
103.417,tag2614
103.272,tag5300
103.933,tag2465
103.110,tag6476
103.723,tag2471
103.252,tag2483
103.056,tag5992
103.127,tag2471
103.027,tag6492
103.434,tag5288
103.237,tag6468
103.552,tag2470
103.743,tag6493
104.578,tag2485
104.497,tag6469
104.689,tag4923
104.832,tag6481
104.225,tag5291
104.957,tag2477
104.806,tag2869
104.905,tag2477
104.495,tag6473
104.800,tag2470
104.255,tag9308
104.820,tag6474
104.230,tag1896
104.361,tag2477
104.917,tag6469
104.104,tag5284
104.846,tag5307
104.051,tag6474
104.704,tag2490
104.975,tag6485
104.198,tag4117
104.980,tag6494
104.163,tag5292
104.165,tag6485
104.307,tag6468
104.950,tag6487
104.566,tag6488
104.785,tag2491
104.336,tag6487
104.587,tag2474
104.691,tag2467
104.679,tag6491
104.005,tag2487
104.758,tag5305
104.627,tag6481
104.710,tag5289
104.745,tag2492
104.368,tag2490
104.251,tag2470
104.413,tag6491
105.545,tag2483
105.111,tag6480
105.504,tag5298
105.005,tag6469
105.793,tag6477
105.213,tag5289
105.320,tag6471
105.675,tag2466
105.496,tag5288
105.123,tag3213
105.906,tag2491
105.588,tag5306
105.103,tag2467
105.773,tag2495
105.817,tag6478
105.175,tag5292
105.745,tag6465
105.571,tag6471
105.237,tag6494
105.498,tag2482
105.052,tag6492
105.966,tag5301
105.986,tag5308
105.915,tag5298
105.466,tag6491
105.711,tag2465
105.291,tag2494
105.395,tag6464
105.988,tag5306
105.037,tag5294
105.961,tag5283
105.194,tag5285
105.167,tag2475
105.133,tag6492
105.774,tag5292
105.152,tag6485
105.732,tag2478
105.427,tag6470
105.194,tag2488
105.327,tag5282
106.345,tag2483
106.156,tag2470
106.795,tag6486
106.862,tag5306
106.057,tag2471
106.939,tag2484
106.174,tag5282
106.443,tag6482
106.410,tag2468
106.550,tag2482
106.398,tag5310
106.873,tag2464
106.236,tag2488
106.767,tag6470
106.236,tag2482
106.621,tag5305
106.183,tag2477
106.831,tag2482
106.825,tag5179
106.106,tag5293
106.842,tag2478
106.025,tag5293
106.360,tag5308
106.516,tag6484
106.195,tag6466
106.208,tag6486
106.645,tag6490
106.945,tag5295
106.771,tag6480
106.258,tag5284
106.446,tag5282
106.758,tag5290
106.438,tag5301
106.492,tag5291
106.903,tag2491
106.062,tag6488
106.568,tag2481
106.633,tag2469
106.013,tag6471
106.406,tag5290
107.488,tag5306
107.716,tag5281
107.982,tag2486
107.820,tag2490
107.588,tag6464
107.364,tag5294
107.278,tag5294
107.050,tag2484
107.012,tag2487
107.868,tag2007
107.766,tag8944
107.793,tag5309
107.267,tag5291
107.885,tag6486
107.944,tag6480
107.139,tag6474
107.773,tag6483
107.925,tag6487
107.894,tag6467
107.926,tag2486
107.165,tag5290
107.328,tag2484
107.184,tag2495
107.610,tag6484
107.621,tag2466
107.786,tag6482
107.460,tag5309
107.456,tag2464
107.572,tag5298
107.427,tag6485
107.027,tag6468
107.473,tag5298
107.588,tag6472
107.749,tag6466
107.505,tag5296
107.990,tag10005
107.596,tag6465
107.010,tag5310
107.952,tag5306
107.957,tag2483
108.044,tag6477
108.066,tag5280
108.525,tag2464
108.664,tag5285
108.863,tag5288
108.327,tag5289
108.467,tag5282
108.895,tag5298
108.966,tag2482
108.690,tag6494
108.126,tag5294
108.102,tag2477
108.692,tag2821
108.848,tag6465
108.584,tag5311
108.995,tag2477
108.418,tag2478
108.075,tag11345
108.862,tag2472
108.535,tag6480
108.421,tag10070
108.790,tag6488
108.335,tag6482
108.740,tag5288
108.358,tag6484
108.533,tag6472
108.881,tag5300
108.415,tag2489
108.949,tag6484
108.557,tag6490
108.442,tag2489
108.855,tag6492
108.874,tag6468
108.573,tag6491
108.689,tag2494
108.301,tag5281
108.275,tag5283
108.193,tag5300
108.873,tag5285
108.793,tag2487
109.033,tag6468
109.833,tag6491
109.265,tag6493
109.232,tag6476
109.534,tag5300
109.246,tag8490
109.234,tag6488
109.264,tag2483
109.092,tag2488
109.108,tag6480
109.653,tag2482
109.914,tag6479
109.362,tag6484
109.839,tag5284
109.678,tag6483
109.390,tag5282
109.861,tag2473
109.589,tag2483
109.059,tag6474
109.591,tag2489
109.155,tag2477
109.212,tag2475
109.460,tag2495
109.400,tag8969
109.034,tag6469
109.506,tag6484
109.055,tag5845
109.890,tag5309
109.298,tag5284
109.816,tag5291
109.390,tag4245
109.236,tag2477
109.710,tag2488
109.842,tag6470
109.580,tag2468
109.720,tag2490
109.978,tag2483
109.189,tag5284
109.707,tag2484
109.234,tag1576
110.236,tag2481
110.734,tag5282
110.590,tag6491
110.043,tag5290
110.472,tag2468
110.303,tag5287
110.956,tag1685
110.225,tag6482
110.824,tag5299
110.865,tag5301
110.489,tag2466
110.979,tag5282
110.389,tag6473
110.444,tag6485
110.554,tag2466
110.931,tag3258
110.190,tag5300
110.498,tag5290
110.526,tag5283
110.459,tag5310
110.096,tag6469
110.360,tag2487
110.534,tag2475
110.260,tag6712
110.430,tag2486
110.049,tag6467
110.541,tag2472
110.717,tag6488
110.743,tag5291
110.693,tag11205
110.220,tag2478
110.005,tag5295
110.017,tag2492
110.930,tag53
110.903,tag2488
110.463,tag1584
110.471,tag2492
110.954,tag5302
110.384,tag5299
110.478,tag5307
111.025,tag6484
111.855,tag5282
111.687,tag6493
111.054,tag6480
111.557,tag5295
111.182,tag5283
111.910,tag5293
111.574,tag2469
111.030,tag5301
111.329,tag6490
111.896,tag6494
111.908,tag2489
111.943,tag5286
111.124,tag6465
111.094,tag2475
111.417,tag6472
111.492,tag2493
111.900,tag6467
111.224,tag5291
111.393,tag5293
111.721,tag6484
111.192,tag6472
111.551,tag6475
111.272,tag5288
111.619,tag5303
111.888,tag2478
111.692,tag4780
111.505,tag2493
111.240,tag6478
111.416,tag2490
111.888,tag6475
111.406,tag5302
111.664,tag6471
111.374,tag2486
111.249,tag2467
111.345,tag2479
111.558,tag2478
111.240,tag6483
111.945,tag9351
111.079,tag6495
112.623,tag5306
112.949,tag6484
112.231,tag2466
112.968,tag2481
112.459,tag5305
112.281,tag4595
112.988,tag2482
112.773,tag5293
112.005,tag6481
112.086,tag5298
112.027,tag2490
112.814,tag2479
112.743,tag5299
112.769,tag5306
112.492,tag2473
112.556,tag6465
112.052,tag6491
112.430,tag6488
112.967,tag5302
112.100,tag6465
112.770,tag6476
112.486,tag6492
112.916,tag5307
112.538,tag5302
112.154,tag10763
112.032,tag6465
112.646,tag6495
112.162,tag5296
112.194,tag269
112.856,tag6488
112.314,tag2493
112.714,tag5297
112.927,tag6490
112.281,tag5291
112.833,tag6478
112.492,tag5293
112.726,tag6464
112.442,tag6475
112.671,tag2493
112.971,tag5311
113.096,tag2492
113.637,tag5284
113.490,tag2466
113.425,tag6477
113.048,tag5297
113.678,tag6468
113.672,tag9912
113.963,tag5282
113.402,tag2484
113.543,tag2480
113.013,tag6475
113.561,tag6493
113.713,tag2469
113.135,tag2493
113.800,tag5306
113.940,tag6491
113.213,tag5290
113.238,tag2491
113.010,tag6487
113.915,tag2495
113.263,tag2486
113.167,tag6484
113.739,tag5282
113.999,tag2481
113.280,tag5303
113.078,tag2487
113.654,tag6489
113.376,tag2470
113.694,tag5289
113.876,tag6470
113.542,tag2465
113.253,tag6466
113.517,tag6471
113.346,tag6474
113.217,tag5309
113.361,tag6486
113.701,tag5294
113.786,tag6478
113.320,tag2480
113.620,tag2491
114.442,tag6489
114.662,tag2473
114.646,tag2467
114.804,tag2472
114.197,tag5289
114.959,tag6468
114.429,tag6474
114.195,tag4402
114.868,tag2489
114.589,tag5304
114.460,tag2486
114.774,tag2474
114.413,tag2492
114.609,tag5299
114.999,tag6489
114.574,tag5291
114.807,tag6474
114.037,tag6476
114.168,tag2488
114.422,tag5292
114.251,tag5290
114.285,tag6486
114.592,tag6465
114.738,tag6465
114.338,tag2495
114.209,tag6468
114.968,tag5292
114.256,tag5299
114.497,tag2489
114.279,tag2466
114.623,tag5298
114.093,tag2480
114.648,tag2490
114.219,tag5293
114.663,tag6491
114.193,tag6476
114.841,tag2482
114.888,tag6470
114.774,tag5281
114.714,tag2466
115.927,tag2480
115.111,tag2480
115.807,tag6487
115.333,tag2466
115.852,tag5298
115.384,tag6468
115.554,tag6468
115.197,tag5296
115.435,tag4640
115.063,tag2483
115.279,tag6489
115.350,tag5308
115.931,tag10247
115.813,tag5292
115.012,tag2495
115.435,tag5300
115.620,tag5295
115.356,tag6479
115.275,tag5303
115.530,tag2465
115.446,tag2486
115.304,tag6476
115.979,tag2482
115.696,tag5290
115.529,tag2474
115.392,tag6383
115.654,tag5308
115.499,tag2483
115.706,tag2481
115.185,tag2464
115.918,tag2484
115.479,tag5306
115.837,tag9733
115.534,tag2495
115.613,tag11568
115.895,tag2468
115.558,tag6466
115.179,tag5295
115.781,tag5292
115.301,tag6467
116.610,tag6468
116.198,tag6473
116.961,tag5294
116.445,tag6495
116.324,tag2487
116.744,tag2300
116.330,tag6466
116.918,tag6493
116.520,tag6487
116.240,tag2470
116.109,tag2492
116.370,tag6478
116.835,tag2465
116.026,tag6260
116.691,tag5299
116.461,tag6493
116.187,tag2490
116.244,tag5299
116.177,tag2490
116.009,tag2494
116.648,tag6491
116.820,tag2478
116.961,tag6484
116.001,tag5309
116.280,tag5281
116.757,tag2488
116.890,tag6473
116.654,tag2471
116.727,tag5292
116.203,tag6479
116.974,tag5287
116.105,tag6471
116.710,tag2474
116.966,tag6464
116.390,tag6494
116.536,tag6468
116.080,tag6466
116.760,tag1931
116.641,tag2465
116.553,tag2464
117.222,tag2475
117.962,tag5297
117.982,tag5296
117.368,tag5305
117.225,tag6464
117.824,tag2493
117.931,tag6490
117.767,tag6468
117.694,tag5288
117.237,tag6494
117.440,tag2475
117.472,tag5298
117.027,tag6476
117.637,tag6471
117.901,tag5904
117.610,tag5298
117.617,tag5306
117.857,tag5289
117.825,tag6468
117.664,tag6488
117.381,tag5297
117.162,tag6490
117.401,tag5289
117.672,tag2467
117.321,tag6468
117.140,tag6469
117.434,tag6484
117.508,tag6480
117.442,tag5280
117.390,tag6470
117.199,tag6473
117.760,tag2478
117.148,tag5299
117.628,tag5303
117.569,tag2488
117.241,tag2489
117.308,tag6484
117.985,tag6480
117.143,tag6490
117.776,tag5311
118.408,tag5311
118.439,tag5293
118.181,tag2468
118.715,tag2471
118.487,tag2485
118.487,tag2488
118.373,tag6486
118.174,tag2495
118.688,tag6465
118.984,tag5290
118.148,tag6491
118.535,tag2487
118.770,tag6477
118.262,tag6465
118.688,tag5298
118.515,tag6488
118.563,tag2465
118.686,tag5304
118.896,tag7277
118.543,tag6483
118.053,tag2471
118.100,tag6480
118.457,tag7609
118.707,tag5302
118.356,tag6468
118.256,tag5296
118.136,tag6479
118.023,tag2488
118.889,tag5311
118.747,tag6890
118.687,tag5309
118.807,tag6494
118.068,tag5289
118.249,tag6479
118.284,tag8477
118.121,tag2489
118.858,tag6473
118.780,tag2480
118.356,tag5305
118.836,tag6495
119.699,tag5309
119.947,tag5291
119.195,tag5289
119.031,tag5284
119.360,tag6487
119.642,tag2487
119.053,tag6469
119.909,tag2483
119.103,tag9238
119.740,tag6468
119.355,tag5285
119.345,tag6481
119.674,tag6997
119.840,tag7539
119.852,tag2486
119.906,tag6495
119.703,tag2489
119.030,tag9867
119.113,tag6470
119.058,tag5295
119.501,tag2484
119.971,tag9757
119.615,tag2491
119.920,tag5283
119.308,tag5282
119.083,tag6879
119.164,tag6476
119.732,tag2481
119.882,tag5291
119.752,tag5291
119.920,tag5288
119.678,tag5284
119.251,tag2480
119.477,tag6469
119.134,tag2482
119.128,tag5287
119.923,tag6473
119.295,tag2482
119.161,tag6464
119.701,tag5288
120.751,tag5303
120.366,tag3004
120.250,tag6464
120.076,tag6493
120.239,tag5307
120.209,tag6494
120.185,tag6490
120.178,tag6491
120.304,tag2489
120.901,tag6482
120.577,tag2483
120.507,tag2492
120.814,tag5296
120.163,tag2474
120.735,tag2490
120.209,tag9814
120.049,tag6487
120.187,tag6480
120.256,tag2484
120.167,tag2488
120.437,tag2490
120.976,tag6473
120.272,tag4812
120.784,tag11165
120.027,tag5284
120.133,tag5299
120.703,tag5285
120.205,tag5295
120.701,tag2481
120.203,tag2482
120.359,tag5285
120.836,tag6468
120.079,tag2482
120.710,tag2477
120.139,tag5285
120.034,tag7052
120.501,tag9397
120.774,tag6478
120.112,tag2473
120.836,tag6488
121.544,tag7870
121.924,tag6471
121.784,tag6473
121.139,tag6492
121.135,tag6485
121.066,tag6494
121.367,tag6492
121.114,tag2487
121.311,tag2471
121.731,tag5280
121.213,tag11000
121.989,tag5304
121.260,tag6485
121.699,tag5291
121.017,tag5310
121.603,tag6477
121.449,tag5287
121.860,tag2467
121.204,tag5289
121.121,tag2479
121.930,tag6468
121.221,tag5305
121.700,tag6495
121.041,tag2487
121.452,tag2473
121.490,tag6467
121.298,tag2494
121.305,tag2475
121.290,tag5301
121.286,tag5603
121.935,tag2486
121.337,tag6472
121.232,tag6470
121.879,tag2477
121.664,tag6480
121.641,tag5299
121.331,tag2473
121.713,tag6473
121.928,tag5294
121.556,tag5306
122.450,tag5304
122.357,tag5310
122.812,tag5301
122.321,tag8395
122.315,tag6465
122.529,tag5283
122.013,tag5302
122.682,tag6493
122.602,tag10376
122.358,tag6479
122.170,tag6480
122.643,tag5310
122.539,tag5293
122.107,tag5283
122.951,tag2471
122.647,tag5310
122.216,tag6472
122.893,tag6465
122.953,tag6491
122.713,tag5284
122.849,tag2465
122.818,tag2471
122.895,tag5307
122.127,tag6478
122.185,tag5284
122.426,tag6470
122.710,tag5305
122.372,tag6475
122.145,tag2481
122.520,tag2487
122.831,tag2274
122.909,tag2467
122.054,tag6486
122.808,tag6468
122.381,tag6473
122.873,tag5294
122.430,tag5280
122.380,tag9739
122.393,tag5301
122.592,tag5294
123.735,tag6486
123.763,tag2471
123.270,tag6494
123.322,tag5289
123.725,tag5280
123.674,tag2471
123.236,tag3036
123.637,tag5282
123.606,tag6466
123.875,tag6477
123.837,tag5303
123.457,tag2485
123.035,tag6464
123.952,tag5288
123.289,tag2489
123.265,tag6467
123.326,tag2482
123.396,tag6475
123.201,tag5309
123.175,tag2482
123.397,tag5286
123.117,tag6480
123.990,tag2465
123.663,tag5297
123.081,tag6467
123.895,tag2475
123.335,tag5307
123.064,tag6480
123.080,tag5280
123.920,tag5310
123.569,tag5311
123.980,tag2494
123.943,tag5285
123.313,tag2465
123.557,tag6470
123.535,tag2478
123.673,tag6466
123.225,tag10786
123.667,tag2483
123.081,tag2476
124.186,tag6465
124.124,tag2481
124.310,tag6472
124.201,tag6478
124.864,tag8720
124.131,tag2465
124.996,tag2485
124.117,tag5298
124.608,tag5298
124.762,tag6485
124.744,tag4619
124.783,tag6484
124.366,tag2495
124.657,tag5306
124.941,tag6466
124.895,tag2483
124.995,tag6494
124.386,tag5307
124.992,tag2473
124.889,tag5280
124.871,tag2485
124.916,tag2477
124.892,tag1111
124.918,tag5304
124.500,tag5282
124.948,tag2477
124.731,tag6476
124.659,tag5290
124.467,tag6478
124.934,tag5284
124.850,tag6474
124.404,tag2467
124.673,tag6478
124.838,tag6480
124.983,tag2470
124.020,tag5305
124.276,tag6465
124.457,tag5304
124.876,tag5300
124.284,tag2476
125.193,tag2494
125.355,tag5287
125.004,tag6493
125.036,tag5305
125.152,tag6464
125.678,tag2464
125.456,tag6465
125.477,tag5976
125.284,tag6470
125.240,tag2489
125.651,tag11971
125.809,tag2495
125.859,tag11821
125.510,tag5284
125.519,tag2494
125.752,tag5302
125.694,tag5285
125.639,tag6489
125.420,tag4036
125.128,tag3644
125.801,tag2475
125.289,tag5304
125.963,tag6493
125.192,tag1426
125.126,tag5303
125.852,tag2482
125.872,tag5310
125.691,tag9575
125.225,tag5286
125.931,tag5288
125.174,tag5297
125.885,tag6879
125.156,tag2486
125.092,tag6468
125.471,tag5300
125.078,tag6476
125.874,tag6470
125.693,tag6487
125.617,tag2471
125.325,tag2471
126.297,tag6777
126.333,tag6474
126.187,tag6487
126.743,tag5291
126.097,tag2474
126.715,tag5300
126.095,tag5298
126.789,tag2467
126.596,tag5301
126.698,tag2216
126.223,tag2484
126.684,tag2484
126.680,tag5306
126.275,tag2469
126.980,tag5294
126.322,tag5302
126.115,tag5291
126.955,tag4463
126.321,tag5285
126.529,tag6473
126.762,tag2489
126.449,tag6488
126.038,tag6493
126.695,tag6475
126.743,tag6322
126.271,tag2484
126.295,tag6480
126.305,tag2483
126.855,tag2477
126.232,tag6493
126.372,tag6479
126.491,tag6475
126.880,tag5294
126.704,tag2480
126.122,tag2482
126.586,tag5290
126.375,tag2483
126.478,tag5284
126.151,tag6495
126.293,tag5294
127.996,tag6476
127.557,tag8203
127.768,tag2467
127.718,tag2484
127.531,tag10959
127.105,tag6472
127.992,tag6491
127.975,tag2482
127.066,tag5295
127.980,tag5283
127.575,tag7596
127.114,tag2491
127.216,tag6483
127.418,tag2485
127.233,tag6464
127.433,tag2471
127.187,tag2479
127.490,tag2467
127.381,tag2470
127.404,tag5308
127.756,tag2490
127.580,tag5282
127.018,tag2488
127.066,tag6465
127.959,tag2479
127.571,tag6478
127.380,tag2493
127.338,tag2491
127.266,tag9956
127.923,tag6489
127.948,tag6474
127.331,tag5286
127.612,tag1174
127.827,tag6479
127.546,tag5994
127.713,tag6471
127.682,tag5296
127.676,tag5282
127.281,tag1164
127.533,tag2475
128.159,tag981
128.955,tag5295
128.124,tag6481
128.797,tag2491
128.347,tag2491
128.705,tag2477
128.778,tag6479
128.370,tag5280
128.315,tag5306
128.509,tag2471
128.671,tag8593
128.866,tag5287
128.391,tag5285
128.243,tag5286
128.444,tag5300
128.083,tag5286
128.696,tag5307
128.266,tag5308
128.219,tag2489
128.480,tag6491
128.989,tag5288
128.488,tag5292
128.970,tag5282
128.155,tag5292
128.943,tag6490
128.235,tag4597
128.342,tag5280
128.925,tag5294
128.882,tag5294
128.037,tag7047
128.733,tag4146
128.881,tag5307
128.483,tag6936
128.167,tag2484
128.040,tag6475
128.499,tag5304
128.711,tag6492
128.536,tag6490
128.548,tag5285
128.558,tag5286
129.612,tag5289
129.703,tag2493
129.574,tag5306
129.470,tag2482
129.188,tag5308
129.873,tag2494
129.302,tag5307
129.371,tag2474
129.877,tag6467
129.500,tag5310
129.453,tag6464
129.922,tag2483
129.674,tag5282
129.038,tag5298
129.243,tag6237
129.714,tag2477
129.681,tag6493
129.263,tag5284
129.145,tag6482
129.011,tag5302
129.831,tag5292
129.903,tag5280
129.900,tag5294
129.545,tag3866
129.681,tag5302
129.827,tag2478
129.410,tag6494
129.485,tag6464
129.550,tag2482
129.881,tag5311
129.306,tag5286
129.213,tag5295
129.892,tag2485
129.302,tag6473
129.969,tag5297
129.208,tag6485
129.857,tag2491
129.782,tag2469
129.031,tag2483
129.091,tag5309
130.131,tag2471
130.055,tag5308
130.474,tag2479
130.594,tag11822
130.797,tag6495
130.325,tag2472
130.789,tag6476
130.653,tag5310
130.562,tag2470
130.575,tag6469
130.662,tag6487
130.748,tag6480
130.893,tag2491
130.161,tag4411
130.110,tag5310
130.692,tag6486
130.594,tag2489
130.005,tag2471
130.314,tag2473
130.335,tag6479
130.539,tag6471
130.063,tag5301
130.769,tag6493
130.232,tag6467
130.610,tag9235
130.952,tag6466
130.710,tag5297
130.483,tag5293
130.933,tag6487
130.895,tag2485
130.243,tag5310
130.621,tag2473
130.712,tag5295
130.763,tag6474
130.565,tag2489
130.370,tag6472
130.827,tag2480
130.065,tag6464
130.560,tag5294
130.488,tag6473
131.806,tag1858
131.109,tag2494
131.553,tag5300
131.214,tag5284
131.510,tag6469
131.181,tag6491
131.667,tag6495
131.421,tag5304
131.150,tag5284
131.081,tag6470
131.608,tag6483
131.943,tag2492
131.266,tag5293
131.801,tag5303
131.766,tag3849
131.048,tag5286
131.772,tag6488
131.940,tag2466
131.296,tag6477
131.938,tag6489
131.338,tag8279
131.283,tag7155
131.422,tag2466
131.735,tag2493
131.189,tag2483
131.439,tag5284
131.752,tag5302
131.596,tag2478
131.967,tag3456
131.398,tag5284
131.048,tag5281
131.059,tag6473
131.215,tag2495
131.456,tag2470
131.264,tag5299
131.295,tag2495
131.017,tag6300
131.614,tag6492
131.424,tag6492
131.786,tag6469
132.348,tag2468
132.686,tag6472
132.730,tag6481
132.204,tag6475
132.569,tag2484
132.292,tag5310
132.952,tag8097
132.393,tag5287
132.018,tag5288
132.834,tag2464
132.324,tag6484
132.526,tag5294
132.371,tag2034
132.349,tag5296
132.440,tag6486
132.232,tag5300
132.809,tag5491
132.423,tag2493
132.671,tag5311
132.880,tag5301
132.659,tag5295
132.794,tag2484
132.987,tag51
132.565,tag2486
132.823,tag2488
132.183,tag5283
132.255,tag1582
132.206,tag3020
132.276,tag2480
132.828,tag2491
132.732,tag6491
132.175,tag5287
132.153,tag2495
132.898,tag5281
132.101,tag6492
132.144,tag5306
132.707,tag6471
132.269,tag5306
132.056,tag5292
132.690,tag6466
133.680,tag5294
133.318,tag6488
133.346,tag5309
133.564,tag6478
133.693,tag1608
133.811,tag6465
133.017,tag5300
133.836,tag2468
133.749,tag2478
133.519,tag5299
133.087,tag5304
133.386,tag6469
133.755,tag5296
133.920,tag5285
133.520,tag6493
133.267,tag5303
133.598,tag6483
133.413,tag2484
133.172,tag6486
133.585,tag6495
133.602,tag6468
133.175,tag5287
133.638,tag11833
133.049,tag6484
133.041,tag2494
133.922,tag6464
133.288,tag5283
133.077,tag5298
133.983,tag2477
133.030,tag6492
133.720,tag8197
133.790,tag5291
133.600,tag2467
133.890,tag2492
133.539,tag2472
133.218,tag10419
133.644,tag5283
133.441,tag5309
133.552,tag2729
133.092,tag6488
134.514,tag2469
134.721,tag2468
134.530,tag2492
134.787,tag5281
134.692,tag5296
134.683,tag5285
134.583,tag2488
134.986,tag5289
134.088,tag6478
134.813,tag6480
134.904,tag6473
134.514,tag5280
134.058,tag2495
134.274,tag5286
134.310,tag6486
134.073,tag5294
134.458,tag4810
134.114,tag5311
134.529,tag2482
134.049,tag2479
134.449,tag5291
134.117,tag6487
134.382,tag2478
134.636,tag5309
134.254,tag6464
134.551,tag6495
134.417,tag2491
134.058,tag6490
134.942,tag6466
134.078,tag6478
134.023,tag6465
134.794,tag6479
134.857,tag2487
134.511,tag2490
134.604,tag6491
134.867,tag1438
134.829,tag5305
134.767,tag6494
134.928,tag5309
134.173,tag2480
135.675,tag5286
135.534,tag6494
135.824,tag5310
135.562,tag5292
135.729,tag2475
135.974,tag6495
135.838,tag2480
135.560,tag572
135.341,tag11395
135.770,tag5291
135.243,tag6472
135.360,tag2467
135.074,tag2495
135.226,tag5310
135.470,tag6469
135.358,tag2495
135.344,tag2482
135.725,tag5887
135.177,tag2471
135.068,tag5304
135.529,tag2466
135.820,tag5306
135.162,tag6468
135.116,tag5289
135.369,tag2484
135.776,tag2477
135.076,tag6478
135.883,tag6478
135.614,tag2487
135.008,tag5290
135.453,tag6478
135.051,tag6472
135.564,tag6491
135.843,tag2492
135.703,tag6464
135.320,tag6482
135.192,tag6471
135.678,tag2492
135.413,tag2471
135.332,tag5286
136.646,tag2466
136.762,tag5285
136.959,tag5303
136.953,tag5286
136.591,tag5302
136.473,tag5302
136.064,tag5297
136.289,tag5300
136.719,tag5310
136.504,tag5291
136.995,tag5288
136.657,tag6464
136.097,tag9654
136.914,tag6472
136.463,tag5310
136.961,tag2494
136.845,tag2489
136.752,tag5299
136.249,tag2477
136.612,tag5286
136.295,tag5311
136.589,tag2492
136.748,tag10896
136.046,tag2474
136.167,tag5310
136.425,tag6491
136.737,tag5292
136.776,tag5311
136.984,tag2464
136.627,tag5282
136.820,tag5293
136.245,tag6469
136.082,tag2477
136.040,tag2483
136.384,tag5289
136.266,tag6491
136.905,tag5301
136.466,tag2479
136.631,tag5281
136.139,tag6484
137.646,tag6464
137.896,tag6471
137.040,tag2477
137.028,tag5311
137.094,tag6466
137.193,tag2488
137.826,tag5297
137.081,tag6489
137.684,tag2494
137.062,tag2491
137.156,tag6464
137.706,tag6487
137.278,tag2495
137.363,tag6465
137.163,tag6492
137.532,tag6480
137.418,tag2488
137.745,tag8949
137.420,tag2465
137.831,tag2481
137.944,tag5292
137.334,tag2472
137.804,tag2493
137.145,tag5293
137.260,tag2464
137.071,tag5298
137.980,tag1056
137.061,tag6464
137.382,tag5299
137.806,tag2466
137.976,tag435
137.659,tag6473
137.272,tag5309
137.473,tag264
137.848,tag5291
137.647,tag2490
137.100,tag5304
137.182,tag6491
137.762,tag5292
137.995,tag2468
138.527,tag6468
138.828,tag8415
138.055,tag6478
138.298,tag2472
138.083,tag5282
138.041,tag10445
138.449,tag2837
138.231,tag5285
138.801,tag6465
138.099,tag5281
138.290,tag5293
138.299,tag2493
138.695,tag6489
138.057,tag6492
138.824,tag6479
138.865,tag5287
138.122,tag5295
138.573,tag6493
138.463,tag2493
138.900,tag6494
138.058,tag5308
138.876,tag6478
138.640,tag2490
138.968,tag6484
138.880,tag6471
138.682,tag2466
138.952,tag5298
138.224,tag5305
138.484,tag5287
138.019,tag5307
138.094,tag2492
138.138,tag6468
138.926,tag2471
138.007,tag2471
138.365,tag5310
138.425,tag5286
138.157,tag3327
138.367,tag6466
138.676,tag5290
138.271,tag2474
139.385,tag2465
139.655,tag5287
139.189,tag9798
139.212,tag2486
139.148,tag6482
139.830,tag6470
139.229,tag6483
139.636,tag5298
139.443,tag2486
139.071,tag2478
139.576,tag2493
139.643,tag2477
139.909,tag2495
139.114,tag2474
139.176,tag2473
139.942,tag6495
139.576,tag9554
139.156,tag2493
139.002,tag2470
139.259,tag3442
139.553,tag5282
139.095,tag5294
139.602,tag5308
139.321,tag2110
139.839,tag2490
139.305,tag6476
139.376,tag2465
139.565,tag2494
139.020,tag5295
139.318,tag5285
139.842,tag6493
139.891,tag5306
139.421,tag6484
139.705,tag6489
139.710,tag341
139.957,tag6484
139.471,tag5311
139.843,tag2466
139.728,tag2467
139.842,tag6485
140.975,tag6480
140.814,tag2480
140.574,tag2475
140.749,tag6491
140.911,tag2180
140.657,tag2485
140.289,tag6479
140.201,tag6472
140.958,tag2477
140.419,tag2470
140.038,tag9777
140.723,tag2478
140.844,tag2491
140.971,tag2483
140.714,tag2477
140.560,tag6468
140.826,tag6490
140.173,tag2467
140.323,tag2487
140.686,tag6485
140.625,tag2476
140.339,tag2476
140.675,tag2477
140.279,tag2464
140.420,tag5286
140.636,tag7505
140.946,tag6486
140.621,tag7053
140.272,tag5309
140.830,tag2465
140.903,tag5400
140.023,tag5286
140.875,tag3345
140.439,tag5285
140.078,tag2484
140.864,tag9113
140.065,tag5302
140.019,tag6469
140.017,tag5282
140.051,tag1514
141.843,tag2465
141.425,tag2484
141.615,tag6464
141.247,tag2490
141.272,tag6474
141.794,tag5285
141.392,tag7560
141.578,tag6493
141.314,tag2480
141.640,tag5287
141.048,tag6483
141.568,tag5303
141.265,tag6493
141.915,tag2483
141.054,tag5308
141.168,tag6466
141.760,tag37
141.685,tag2472
141.373,tag5296
141.251,tag2466
141.303,tag10451
141.305,tag2472
141.512,tag6484
141.633,tag6186
141.472,tag6482
141.766,tag2468
141.597,tag2471
141.369,tag6469
141.084,tag6486
141.216,tag6481
141.072,tag6478
141.896,tag2467
141.818,tag5287
141.203,tag6465
141.035,tag5306
141.620,tag6494
141.921,tag6480
141.106,tag2489
141.603,tag5309
141.876,tag2478
142.138,tag5310
142.424,tag6492
142.220,tag6477
142.122,tag6477
142.824,tag2487
142.858,tag2466
142.150,tag5301
142.160,tag6495
142.536,tag6469
142.968,tag6469
142.422,tag6481
142.970,tag6489
142.022,tag2464
142.251,tag2485
142.178,tag6494
142.261,tag2466
142.302,tag6489
142.436,tag5284
142.535,tag2470
142.831,tag5305
142.726,tag6478
142.216,tag5303
142.151,tag5287
142.126,tag2470
142.413,tag2483
142.659,tag6486
142.223,tag6474
142.612,tag6321
142.676,tag6472
142.315,tag9575
142.315,tag5288
142.206,tag5286
142.433,tag2482
142.408,tag6484
142.119,tag6492
142.738,tag2481
142.446,tag2473
142.919,tag2486
142.858,tag2480
142.949,tag2493
143.219,tag2491
143.506,tag6473
143.153,tag5295
143.553,tag6483
143.121,tag5300
143.169,tag2494
143.964,tag5934
143.092,tag2475
143.729,tag5306
143.149,tag2481
143.868,tag6682
143.561,tag2491
143.343,tag2493
143.400,tag5295
143.333,tag11900
143.708,tag4617
143.843,tag6465
143.469,tag6483
143.210,tag5296
143.317,tag2468
143.263,tag6485
143.492,tag2484
143.320,tag5282
143.944,tag2481
143.507,tag5304
143.505,tag6464
143.649,tag5295
143.344,tag6482
143.306,tag6469
143.575,tag2492
143.985,tag6483
143.787,tag5307
143.850,tag2476
143.088,tag5283
143.931,tag6494
143.307,tag1583
143.468,tag8165
143.975,tag6495
143.161,tag2467
143.899,tag2490
144.431,tag11953
144.190,tag3803
144.818,tag6485
144.984,tag9641
144.345,tag2468
144.689,tag8677
144.498,tag6483
144.495,tag2471
144.588,tag5296
144.817,tag6479
144.198,tag6472
144.936,tag11150
144.683,tag5307
144.162,tag6490
144.431,tag5304
144.990,tag9619
144.045,tag11413
144.494,tag5306
144.070,tag6485
144.579,tag2485
144.937,tag6493
144.229,tag5285
144.201,tag6484
144.486,tag9472
144.606,tag2471
144.968,tag6465
144.373,tag2490
144.758,tag6491
144.013,tag6942
144.015,tag2479
144.880,tag2495
144.964,tag6095
144.969,tag4465
144.827,tag6478
144.201,tag3954
144.257,tag5280
144.512,tag5288
144.515,tag2488
144.437,tag6493
144.030,tag2491
145.357,tag5294
145.154,tag5290
145.710,tag5297
145.352,tag2495
145.081,tag2484
145.809,tag5309
145.764,tag6474
145.352,tag2486
145.195,tag6473
145.378,tag2479
145.173,tag5283
145.915,tag6468
145.016,tag2472
145.601,tag5305
145.705,tag6480
145.771,tag5293
145.805,tag6473
145.054,tag2464
145.382,tag2495
145.131,tag6492
145.147,tag5286
145.080,tag5289
145.867,tag5284
145.701,tag6492
145.071,tag6474
145.855,tag5300
145.882,tag3036
145.332,tag6475
145.660,tag6488
145.697,tag6481
145.993,tag6541
145.879,tag2479
145.550,tag2479
145.037,tag2492
145.498,tag6490
145.129,tag2484
145.381,tag6488
145.025,tag5292
145.689,tag5303
145.742,tag8885
146.303,tag1592
146.153,tag6490
146.767,tag6492
146.340,tag2475
146.448,tag6465
146.136,tag6480
146.611,tag6468
146.001,tag6482
146.390,tag5293
146.249,tag10915
146.935,tag10145
146.844,tag6477
146.043,tag6478
146.273,tag10413
146.311,tag5294
146.811,tag2474
146.410,tag6475
146.628,tag6474
146.832,tag6487
146.808,tag5305
146.129,tag6469
146.053,tag6479
146.140,tag6477
146.499,tag6469
146.798,tag2469
146.828,tag2465
146.779,tag2471
146.969,tag5305
146.838,tag5295
146.283,tag2488
146.318,tag6474
146.124,tag6474
146.574,tag6484
146.532,tag2471
146.264,tag2476
146.954,tag220
146.456,tag6471
146.786,tag6484
146.490,tag2481
146.746,tag5309
147.678,tag5290
147.994,tag6472
147.351,tag2490
147.394,tag2493
147.282,tag6464
147.244,tag6481
147.772,tag2485
147.685,tag6474
147.277,tag2484
147.665,tag10419
147.270,tag2478
147.956,tag5304
147.628,tag5300
147.361,tag5283
147.370,tag5303
147.717,tag5299
147.456,tag2477
147.995,tag6466
147.597,tag2479
147.478,tag6486
147.855,tag6470
147.012,tag6494
147.434,tag5305
147.921,tag5286
147.353,tag6488
147.501,tag6474
147.770,tag268
147.324,tag2468
147.322,tag2044
147.253,tag6468
147.793,tag2482
147.413,tag5310
147.035,tag5311
147.178,tag6493
147.077,tag2465
147.681,tag5280
147.359,tag6485
147.520,tag6471
147.452,tag5285
147.509,tag6483
148.505,tag5304
148.726,tag5281
148.131,tag2484
148.315,tag6490
148.172,tag2464
148.762,tag2481
148.874,tag6478
148.280,tag6474
148.937,tag5306
148.637,tag2475
148.481,tag5281
148.581,tag8527
148.198,tag6567
148.614,tag2480
148.825,tag5297
148.234,tag5283
148.072,tag6466
148.686,tag5280
148.411,tag5306
148.139,tag6490
148.912,tag5294
148.521,tag2495
148.673,tag6466
148.759,tag2480
148.705,tag2479
148.255,tag3085
148.968,tag2474
148.675,tag6474
148.123,tag2473
148.131,tag6489
148.180,tag5302
148.542,tag2485
148.306,tag6487
148.320,tag5303
148.408,tag2477
148.659,tag5294
148.909,tag5292
148.048,tag2476
148.801,tag5893
148.618,tag5301
149.330,tag6473
149.692,tag5281
149.977,tag5301
149.290,tag9966
149.817,tag2467
149.095,tag2494
149.655,tag6468
149.633,tag2467
149.977,tag6480
149.100,tag5307
149.676,tag2477
149.164,tag6485
149.646,tag2465
149.913,tag5296
149.564,tag6485
149.550,tag2465
149.327,tag2478
149.126,tag11464
149.253,tag2474
149.819,tag9723
149.334,tag6490
149.410,tag6477
149.817,tag2469
149.509,tag5307
149.006,tag6477
149.560,tag6493
149.876,tag6468
149.637,tag2495
149.436,tag6482
149.961,tag6482
149.733,tag6469
149.303,tag2490
149.699,tag5285
149.834,tag6481
149.683,tag5311
149.343,tag2470
149.692,tag5292
149.186,tag5481
149.165,tag5304
149.821,tag6211
150.763,tag5299
150.262,tag2469
150.206,tag6486
150.394,tag6482
150.306,tag6493
150.830,tag6484
150.595,tag6485
150.704,tag6485
150.154,tag6489
150.364,tag2483
150.249,tag6863
150.597,tag5308
150.096,tag2464
150.746,tag2466
150.946,tag5309
150.233,tag5304
150.438,tag2483
150.599,tag5307
150.872,tag11021
150.818,tag2487
150.849,tag6495
150.112,tag6485
150.561,tag5306
150.896,tag5293
150.478,tag5306
150.788,tag5294
150.665,tag6495
150.844,tag2469
150.002,tag6491
150.917,tag5282
150.987,tag5292
150.878,tag2467
150.608,tag2493
150.162,tag2472
150.748,tag5291
150.974,tag4012
150.047,tag5281
150.919,tag2490
150.650,tag2486
150.204,tag2495
151.261,tag6481
151.782,tag9664
151.051,tag2478
151.052,tag6464
151.248,tag2478
151.824,tag6471
151.959,tag6474
151.966,tag2482
151.343,tag6491
151.139,tag6490
151.434,tag5299
151.593,tag6471
151.277,tag6488
151.719,tag2488
151.781,tag2476
151.516,tag2465
151.137,tag6470
151.167,tag6470
151.220,tag6466
151.247,tag6495
151.493,tag2483
151.983,tag2488
151.442,tag2473
151.848,tag5281
151.135,tag6474
151.785,tag5290
151.772,tag2490
151.706,tag6470
151.468,tag6479
151.321,tag5283
151.382,tag6465
151.326,tag2464
151.069,tag6472
151.092,tag5430
151.332,tag5281
151.399,tag2472
151.817,tag6480
151.438,tag5310
151.848,tag5281
151.088,tag2467
152.566,tag5294
152.458,tag2494
152.563,tag2487
152.339,tag6481
152.212,tag5288
152.439,tag6479
152.474,tag2477
152.352,tag2487
152.388,tag8999
152.983,tag5284
152.944,tag6466
152.481,tag6466
152.336,tag6489
152.446,tag2489
152.111,tag3011
152.619,tag2481
152.321,tag2484
152.402,tag6471
152.668,tag5293
152.625,tag5291
152.942,tag2473
152.851,tag5280
152.560,tag2475
152.396,tag5288
152.010,tag5310
152.650,tag5282
152.420,tag2481
152.241,tag2495
152.625,tag6466
152.411,tag5304
152.619,tag5310
152.090,tag2483
152.767,tag6479
152.666,tag5294
152.330,tag5287
152.676,tag6489
152.320,tag5308
152.487,tag5303
152.407,tag6466
152.577,tag6486
153.248,tag6480
153.956,tag5294
153.179,tag5310
153.328,tag2478
153.016,tag6483
153.784,tag5294
153.617,tag2486
153.090,tag5284
153.151,tag5306
153.514,tag2494
153.965,tag6492
153.136,tag6475
153.639,tag5291
153.854,tag5286
153.004,tag5300
153.803,tag2471
153.683,tag5294
153.914,tag11718
153.109,tag1667
153.290,tag6478
153.405,tag6480
153.038,tag5291
153.978,tag2482
153.294,tag5287
153.330,tag2464
153.182,tag2466
153.418,tag11083
153.827,tag2492
153.786,tag6491
153.181,tag10616
153.847,tag2485
153.764,tag6465
153.590,tag5303
153.565,tag6473
153.269,tag5295
153.056,tag2467
153.749,tag6468
153.333,tag5290
153.099,tag5302
153.159,tag2485
154.646,tag2478
154.884,tag5288
154.950,tag2469
154.474,tag5302
154.854,tag2468
154.073,tag5310
154.146,tag2474
154.708,tag2468
154.409,tag8489
154.981,tag6490
154.896,tag2470
154.222,tag5300
154.157,tag6489
154.047,tag2489
154.489,tag2492
154.061,tag2494
154.192,tag6478
154.662,tag6483
154.643,tag5305
154.900,tag5302
154.125,tag6470
154.766,tag6470
154.407,tag2483
154.939,tag5302
154.460,tag6475
154.614,tag6493
154.964,tag6471
154.699,tag5280
154.570,tag9578
154.208,tag8636
154.736,tag6489
154.955,tag6483
154.456,tag6490
154.144,tag2486
154.416,tag2480
154.815,tag5290
154.171,tag2483
154.239,tag2485
154.829,tag6494
154.166,tag5306
155.714,tag6477
155.963,tag6475
155.754,tag6490
155.962,tag5295
155.696,tag2476
155.875,tag7527
155.672,tag5301
155.456,tag6464
155.916,tag5291
155.803,tag2480
155.584,tag6486
155.348,tag6473
155.776,tag2468
155.700,tag6479
155.512,tag5286
155.506,tag5286
155.704,tag2479
155.364,tag6474
155.462,tag2471
155.453,tag2465
155.604,tag2482
155.509,tag2466
155.733,tag6466
155.649,tag5289
155.846,tag5297
155.855,tag6477
155.501,tag2495
155.360,tag6476
155.540,tag6468
155.510,tag6474
155.371,tag6494
155.556,tag6477
155.984,tag2485
155.378,tag6467
155.583,tag6465
155.679,tag6477
155.071,tag2466
155.450,tag9541
155.626,tag5287
155.059,tag11487
156.032,tag5293
156.600,tag6483
156.143,tag5293
156.404,tag5306
156.050,tag6491
156.839,tag4503
156.328,tag2481
156.341,tag6478
156.263,tag159
156.653,tag2489
156.447,tag6468
156.348,tag5282
156.443,tag6485
156.752,tag2470
156.437,tag6492
156.770,tag5310
156.144,tag6480
156.245,tag5340
156.149,tag9723
156.634,tag5310
156.266,tag2488
156.205,tag6485
156.091,tag2472
156.601,tag6480
156.906,tag2472
156.830,tag5288
156.771,tag5302
156.172,tag5288
156.911,tag6480
156.462,tag5282
156.770,tag5297
156.933,tag6470
156.510,tag9172
156.070,tag2464
156.594,tag2477
156.798,tag6482
156.392,tag5298
156.368,tag5282
156.895,tag6464
156.903,tag5296
157.800,tag3629
157.172,tag6488
157.069,tag2494
157.242,tag6578
157.058,tag11900
157.275,tag2494
157.430,tag233
157.113,tag8590
157.808,tag5294
157.756,tag6478
157.191,tag6474
157.616,tag2488
157.688,tag5285
157.808,tag5308
157.640,tag2486
157.455,tag4817
157.335,tag5282
157.175,tag6485
157.215,tag2478
157.437,tag5298
157.775,tag2487
157.585,tag5293
157.851,tag5297
157.485,tag5299
157.601,tag6485
157.755,tag5310
157.457,tag5306
157.555,tag6493
157.474,tag5308
157.025,tag5298
157.011,tag2481
157.483,tag2472
157.646,tag6472
157.114,tag2482
157.145,tag6472
157.929,tag2466
157.757,tag6471
157.812,tag2464
157.942,tag5305
157.256,tag5297
158.420,tag9393
158.433,tag5305
158.632,tag82
158.528,tag2475
158.091,tag5309
158.496,tag6495
158.512,tag2483
158.353,tag2631
158.423,tag5285
158.586,tag10214
158.277,tag5303
158.726,tag6491
158.590,tag5300
158.397,tag2495
158.389,tag2464
158.340,tag10358
158.876,tag5283
158.155,tag1270
158.046,tag6490
158.977,tag5289
158.100,tag7183
158.289,tag5282
158.690,tag5310
158.345,tag5286
158.030,tag6483
158.481,tag5310
158.927,tag5306
158.980,tag2488
158.123,tag2470
158.296,tag2488
158.958,tag5292
158.035,tag2471
158.228,tag9944
158.803,tag6472
158.253,tag2470
158.901,tag5311
158.737,tag6473
158.046,tag5303
158.716,tag5290
158.294,tag5301
159.893,tag2491
159.833,tag6464
159.734,tag5310
159.739,tag5281
159.644,tag6493
159.351,tag2465
159.972,tag2466
159.375,tag6494
159.468,tag6487
159.711,tag5281
159.439,tag5309
159.094,tag5298
159.092,tag6485
159.613,tag6497
159.829,tag5299
159.699,tag2491
159.771,tag6491
159.466,tag6494
159.671,tag6490
159.348,tag5281
159.967,tag6464
159.335,tag2479
159.191,tag5311
159.701,tag2481
159.025,tag6472
159.518,tag2486
159.545,tag2464
159.565,tag11505
159.627,tag5295
159.265,tag2469
159.262,tag2471
159.287,tag2471
159.698,tag6477
159.835,tag2466
159.060,tag2476
159.451,tag6471
159.931,tag6494
159.788,tag9230
159.679,tag410
159.918,tag5293
160.387,tag4525
160.129,tag2468
160.882,tag9150
160.934,tag6476
160.363,tag2473
160.794,tag5305
160.520,tag2478
160.986,tag2485
160.702,tag6469
160.228,tag2478
160.091,tag2490
160.336,tag6470
160.437,tag2495
160.894,tag6469
160.605,tag2471
160.056,tag5282
160.493,tag6466
160.490,tag2465
160.251,tag6822
160.879,tag6493
160.252,tag5302
160.133,tag5284
160.400,tag5287
160.756,tag6465
160.537,tag5286
160.134,tag5286
160.379,tag6476
160.112,tag6486
160.904,tag5293
160.355,tag6468
160.011,tag5291
160.938,tag2464
160.060,tag6489
160.538,tag2478
160.711,tag5280
160.736,tag5283
160.354,tag6478
160.867,tag6477
160.358,tag5298
160.693,tag5283
161.784,tag5289
161.740,tag2478
161.652,tag6487
161.830,tag6473
161.920,tag6483
161.409,tag5308
161.527,tag6489
161.775,tag2475
161.893,tag2163
161.701,tag6476
161.411,tag2493
161.884,tag5293
161.267,tag5305
161.202,tag6472
161.179,tag2494
161.746,tag6488
161.236,tag2489
161.196,tag2484
161.544,tag6465
161.794,tag5311
161.663,tag5301
161.488,tag5292
161.799,tag2464
161.897,tag6478
161.486,tag6486
161.310,tag5306
161.741,tag6488
161.156,tag2489
161.709,tag2470
161.923,tag5280
161.520,tag5284
161.364,tag5300
161.425,tag6495
161.957,tag710
161.189,tag2494
161.626,tag5296
161.378,tag6491
161.527,tag6495
161.782,tag2467
161.845,tag2487
162.126,tag2478
162.301,tag5282
162.893,tag2478
162.977,tag9471
162.893,tag6478
162.830,tag5285
162.238,tag2474
162.091,tag2479
162.176,tag6487
162.749,tag5302
162.700,tag5296
162.394,tag2467
162.487,tag2491
162.629,tag2973
162.701,tag2467
162.376,tag2470
162.396,tag5302
162.416,tag2487
162.945,tag6486
162.108,tag2481
162.615,tag2491
162.528,tag487
162.175,tag6471
162.463,tag5301
162.335,tag2474
162.208,tag2478
162.755,tag5295
162.261,tag5289
162.546,tag6182
162.422,tag5308
162.567,tag5301
162.954,tag11795
162.618,tag5302
162.603,tag2464
162.600,tag5283
162.973,tag5295
162.757,tag6491
162.334,tag5310
162.551,tag6478
162.657,tag5293
163.332,tag2467
163.407,tag5304
163.990,tag2492
163.289,tag5310
163.148,tag2476
163.216,tag6491
163.390,tag5296
163.900,tag5311
163.508,tag6495
163.581,tag9485
163.158,tag2493
163.786,tag4089
163.871,tag5309
163.512,tag5307
163.078,tag9917
163.992,tag5284
163.204,tag2480
163.712,tag2473
163.463,tag6495
163.716,tag6482
163.032,tag6468
163.994,tag5305
163.110,tag2466
163.095,tag2464
163.696,tag5299
163.300,tag6489
163.268,tag5311
163.112,tag5297
163.605,tag2489
163.358,tag2490
163.623,tag5290
163.977,tag5298
163.778,tag2482
163.836,tag2471
163.658,tag6466
163.250,tag6470
163.588,tag5287
163.249,tag5299
163.458,tag5300
163.615,tag2481
164.291,tag6470
164.467,tag60
164.094,tag2474
164.429,tag205
164.236,tag6483
164.110,tag2476
164.644,tag2474
164.123,tag2469
164.920,tag9910
164.956,tag2491
164.034,tag5311
164.564,tag2487
164.939,tag6487
164.063,tag5293
164.731,tag6468
164.748,tag2469
164.212,tag5309
164.586,tag2477
164.274,tag5287
164.735,tag2477
164.264,tag6486
164.874,tag6483
164.038,tag2488
164.921,tag2484
164.556,tag2477
164.836,tag5309
164.784,tag2480
164.687,tag5311
164.678,tag2487
164.646,tag6487
164.149,tag2474
164.636,tag5308
164.877,tag6483
164.237,tag6485
164.500,tag9966
164.418,tag6474
164.079,tag2479
164.240,tag5307
164.655,tag2480
164.777,tag5303
165.046,tag2492
165.754,tag5302
165.055,tag2464
165.852,tag6470
165.527,tag2484
165.217,tag6474
165.917,tag6469
165.082,tag5307
165.721,tag10775
165.927,tag2488
165.588,tag5284
165.191,tag2492
165.124,tag6470
165.364,tag2482
165.212,tag6471
165.056,tag2488
165.145,tag5286
165.804,tag6481
165.165,tag2464
165.631,tag2470
165.671,tag6464
165.518,tag5311
165.005,tag2476
165.093,tag6470
165.561,tag5298
165.109,tag8665
165.849,tag2495
165.120,tag5286
165.207,tag2480
165.315,tag2464
165.787,tag5305
165.549,tag6479
165.595,tag5351
165.656,tag2492
165.457,tag2466
165.472,tag5283
165.959,tag5748
165.235,tag6491
165.940,tag6476
165.716,tag6465
166.063,tag2475
166.679,tag6481
166.833,tag2485
166.631,tag4479
166.446,tag6485
166.298,tag5304
166.392,tag2471
166.290,tag1216
166.130,tag2466
166.294,tag2482
166.349,tag5387
166.635,tag6488
166.528,tag6467
166.285,tag2464
166.871,tag6489
166.615,tag2470
166.800,tag5311
166.189,tag2482
166.297,tag5280
166.644,tag2889
166.942,tag5287
166.618,tag6493
166.725,tag2489
166.483,tag6494
166.600,tag2481
166.096,tag5286
166.340,tag5294
166.016,tag2495
166.711,tag6482
166.183,tag6480
166.107,tag6485
166.667,tag5309
166.032,tag3038
166.083,tag2493
166.736,tag2474
166.733,tag2469
166.910,tag6495
166.089,tag8636
166.714,tag6469
166.411,tag6480
167.246,tag6489
167.659,tag5304
167.481,tag6480
167.853,tag6477
167.572,tag6489
167.182,tag2482
167.351,tag2480
167.157,tag2474
167.507,tag2483
167.832,tag2495
167.927,tag6493
167.708,tag6465
167.063,tag5291
167.503,tag6469
167.544,tag5291
167.636,tag5286
167.817,tag6469
167.391,tag5305
167.778,tag5299
167.080,tag2489
167.579,tag5305
167.498,tag5291
167.748,tag5295
167.326,tag6475
167.411,tag2470
167.943,tag5311
167.991,tag2477
168.000,tag6481
167.682,tag6490
167.566,tag2479
167.911,tag2466
167.151,tag6477
167.418,tag6468
167.843,tag2477
167.835,tag6482
167.165,tag5297
167.817,tag2489
167.770,tag6484
167.206,tag5291
167.612,tag5293
168.216,tag5294
168.616,tag2489
168.328,tag9680
168.321,tag6487
168.529,tag2465
168.492,tag5308
168.806,tag6466
168.815,tag5302
168.935,tag5283
168.734,tag6482
168.260,tag5300
168.027,tag2477
168.034,tag5306
168.467,tag2486
168.507,tag665
168.224,tag5304
168.904,tag6487
168.593,tag6491
168.184,tag2475
168.164,tag2495
168.028,tag6479
168.731,tag2472
168.068,tag6469
168.108,tag5281
168.257,tag5286
168.397,tag2486
168.379,tag5301
168.457,tag9830
168.840,tag6468
168.562,tag5306
168.235,tag6473
168.836,tag6479
168.696,tag5310
168.555,tag2476
168.871,tag6491
168.611,tag2492
168.525,tag6479
168.190,tag2484
168.454,tag5311
168.722,tag5291
169.339,tag2975
169.601,tag2478
169.425,tag5298
169.067,tag5291
169.681,tag6495
169.139,tag2468
169.758,tag8636
169.672,tag5310
169.740,tag6491
169.998,tag6485
169.561,tag6482
169.649,tag2475
169.152,tag5280
169.035,tag2480
169.039,tag5296
169.326,tag5281
169.554,tag5308
169.604,tag2474
169.617,tag5302
169.594,tag5287
169.107,tag2491
169.365,tag6492
169.586,tag2469
169.951,tag2481
169.452,tag5290
169.822,tag5284
169.718,tag5291
169.017,tag6466
169.289,tag2467
169.719,tag6494
169.145,tag5291
169.524,tag8940
169.141,tag5291
169.316,tag6471
169.550,tag9885
169.811,tag2482
169.411,tag5299
169.599,tag2488
169.073,tag6466
169.558,tag5310
170.652,tag8860
170.899,tag5297
170.492,tag6490
170.845,tag2483
170.129,tag5299
170.745,tag7320
170.140,tag6476
170.825,tag5287
170.614,tag2486
170.300,tag2477
170.678,tag2488
170.053,tag5283
170.192,tag6492
170.782,tag6482
170.298,tag6494
170.644,tag2477
170.812,tag2488
170.973,tag6478
170.756,tag5286
170.818,tag6481
170.971,tag6475
170.110,tag2483
170.513,tag6471
170.340,tag5306
170.137,tag5282
170.978,tag6465
170.857,tag6488
170.039,tag6492
170.954,tag2477
170.981,tag5288
170.310,tag2468
170.547,tag2480
170.521,tag4939
170.262,tag5305
170.446,tag2476
170.669,tag5291
170.366,tag2488
170.586,tag5308
170.220,tag2477
170.139,tag5281
171.789,tag5303
171.148,tag6473
171.532,tag6477
171.916,tag2470
171.229,tag7711
171.240,tag2480
171.138,tag2490
171.298,tag2491
171.356,tag5307
171.225,tag2490
171.247,tag6473
171.262,tag6482
171.740,tag2478
171.482,tag2495
171.232,tag6482
171.807,tag6469
171.875,tag6486
171.978,tag5306
171.093,tag5300
171.270,tag5300
171.098,tag2472
171.671,tag2466
171.191,tag2491
171.358,tag6483
171.097,tag2487
171.848,tag6411
171.915,tag2476
171.236,tag6483
171.331,tag1115
171.936,tag6544
171.864,tag5304
171.859,tag5297
171.424,tag5289
171.044,tag6473
171.517,tag6480
171.237,tag2485
171.395,tag5287
171.898,tag3266
171.788,tag5289
171.511,tag2478
172.662,tag2482
172.986,tag2494
172.917,tag2485
172.240,tag5308
172.992,tag6492
172.890,tag2476
172.094,tag2468
172.168,tag4431
172.877,tag6464
172.993,tag5299
172.709,tag6469
172.051,tag6468
172.736,tag2471
172.734,tag6481
172.138,tag6469
172.938,tag5297
172.565,tag5285
172.779,tag6481
172.539,tag6490
172.623,tag5285
172.364,tag5298
172.602,tag2486
172.469,tag2494
172.468,tag5298
172.853,tag5308
172.924,tag6471
172.225,tag6489
172.869,tag5310
172.724,tag5281
172.901,tag2471
172.962,tag6476
172.439,tag6469
172.766,tag5297
172.897,tag5299
172.500,tag6477
172.238,tag8863
172.857,tag6494
172.396,tag2481
172.342,tag6464
172.264,tag2483
173.663,tag6481
173.737,tag6495
173.679,tag5293
173.379,tag2465
173.241,tag2479
173.204,tag6465
173.968,tag5294
173.453,tag2480
173.273,tag2467
173.939,tag6474
173.602,tag2473
173.866,tag2482
173.128,tag5298
173.081,tag2465
173.517,tag5292
173.210,tag5310
173.712,tag5280
173.298,tag5294
173.275,tag5290
173.059,tag5288
173.701,tag5296
173.548,tag2487
173.963,tag6479
173.019,tag2069
173.375,tag5281
173.554,tag2491
173.370,tag5295
173.395,tag6468
173.685,tag2482
173.910,tag6480
173.538,tag5297
173.524,tag5283
173.959,tag6487
173.455,tag2483
173.521,tag7941
173.455,tag6476
173.835,tag6487
173.268,tag2478
173.249,tag3241
173.709,tag5308
174.711,tag2469
174.371,tag6485
174.108,tag5292
174.641,tag11922
174.447,tag2465
174.854,tag5290
174.126,tag6494
174.288,tag6475
174.176,tag2483
174.048,tag6470
174.340,tag5288
174.104,tag6483
174.621,tag6470
174.618,tag5307
174.311,tag6480
174.869,tag5295
174.195,tag6468
174.796,tag5306
174.646,tag6474
174.206,tag5304
174.754,tag11186
174.256,tag6475
174.173,tag6493
174.518,tag6483
174.897,tag6465
174.183,tag6464
174.061,tag4597
174.539,tag2470
174.729,tag2493
174.607,tag6467
174.226,tag5297
174.197,tag2476
174.645,tag2485
174.723,tag6491
174.199,tag2477
174.471,tag2490
174.001,tag5286
174.715,tag6475
174.205,tag6490
174.374,tag11611
175.696,tag5298
175.458,tag6485
175.898,tag2468
175.687,tag5291
175.271,tag6484
175.401,tag2493
175.683,tag5309
175.182,tag6485
175.872,tag5302
175.316,tag2467
175.469,tag6482
175.839,tag5282
175.915,tag6481
175.513,tag6495
175.553,tag6494
175.925,tag5283
175.427,tag2469
175.336,tag4533
175.996,tag5288
175.674,tag6495
175.588,tag5302
175.303,tag2474
175.395,tag2486
175.878,tag5293
175.786,tag2477
175.127,tag2469
175.545,tag5306
175.695,tag6468
175.859,tag3396
175.382,tag6493
175.829,tag2479
175.336,tag2477
175.075,tag2494
175.727,tag10921
175.388,tag2494
175.650,tag5288
175.449,tag5303
175.029,tag5311
175.223,tag5280
175.366,tag2477
176.598,tag6482
176.095,tag2478
176.695,tag6478
176.925,tag5308
176.029,tag5307
176.550,tag5294
176.513,tag8482
176.210,tag2487
176.802,tag2473
176.279,tag6482
176.595,tag5303
176.494,tag6488
176.727,tag6484
176.764,tag2482
176.605,tag5282
176.997,tag5295
176.333,tag2494
176.209,tag6482
176.894,tag2492
176.057,tag6483
176.480,tag2487
176.989,tag6494
176.059,tag2482
176.206,tag6493
176.333,tag2471
176.641,tag5283
176.242,tag2485
176.027,tag2473
176.384,tag2464
176.331,tag6478
176.698,tag5281
176.275,tag5291
176.940,tag6472
176.294,tag2483
176.529,tag2488
176.154,tag6464
176.616,tag5284
176.445,tag2491
176.433,tag5309
176.952,tag6481
177.645,tag6469
177.062,tag2476
177.908,tag2487
177.903,tag2482
177.242,tag2493
177.515,tag6478
177.450,tag6465
177.227,tag2464
177.954,tag5310
177.934,tag5788
177.910,tag2474
177.842,tag5291
177.180,tag6492
177.026,tag5297
177.074,tag6475
177.750,tag2482
177.491,tag6485
177.248,tag804
177.089,tag6479
177.403,tag6475
177.234,tag5283
177.949,tag5310
177.495,tag6477
177.423,tag6467
177.366,tag2467
177.779,tag8673
177.179,tag6467
177.741,tag5306
177.988,tag6481
177.642,tag5283
177.501,tag2490
177.138,tag5291
177.034,tag1454
177.141,tag6468
177.155,tag6414
177.470,tag2472
177.406,tag5288
177.304,tag545
177.118,tag6480
177.519,tag5302
178.234,tag2468
178.052,tag6465
178.242,tag6489
178.561,tag2479
178.867,tag9521
178.012,tag6493
178.216,tag6468
178.341,tag6488
178.655,tag5292
178.721,tag2479
178.146,tag5285
178.613,tag2476
178.871,tag2480
178.648,tag8419
178.374,tag5292
178.461,tag5303
178.354,tag5298
178.838,tag6473
178.629,tag2470
178.411,tag7877
178.159,tag3999
178.878,tag2480
178.194,tag5297
178.386,tag7495
178.476,tag5306
178.769,tag5295
178.227,tag5300
178.686,tag2474
178.474,tag2491
178.249,tag2482
178.039,tag6492
178.533,tag6487
178.953,tag5295
178.127,tag6490
178.559,tag2464
178.100,tag2494
178.618,tag10870
178.585,tag5295
178.353,tag2466
178.300,tag6476
179.610,tag6469
179.612,tag2477
179.252,tag5284
179.432,tag2485
179.371,tag6489
179.439,tag5283
179.285,tag2475
179.739,tag5290
179.618,tag6484
179.567,tag6466
179.869,tag5286
179.796,tag2489
179.236,tag2472
179.336,tag6479
179.278,tag5308
179.015,tag4575
179.778,tag6477
179.701,tag5283
179.601,tag5310
179.576,tag6467
179.039,tag2481
179.816,tag5290
179.148,tag5305
179.715,tag5301
179.695,tag2490
179.598,tag5280
179.401,tag2473
179.782,tag2484
179.618,tag10220
179.673,tag6491
179.670,tag6474
179.279,tag5290
179.974,tag5310
179.963,tag6464
179.638,tag6494
179.789,tag2467
179.673,tag2478
179.124,tag4396
179.195,tag2468
179.300,tag2477
180.131,tag5280
180.997,tag5300
180.693,tag10550
180.193,tag5310
180.287,tag5298
180.331,tag6468
180.902,tag6487
180.107,tag2478
180.015,tag5280
180.558,tag6468
180.180,tag5299
180.234,tag10769
180.872,tag5299
180.064,tag2475
180.218,tag6489
180.582,tag6495
180.123,tag6476
180.503,tag2465
180.207,tag5286
180.011,tag5301
180.029,tag6481
180.759,tag2476
180.177,tag5299
180.267,tag6492
180.264,tag6493
180.059,tag5298
180.349,tag6477
180.888,tag5292
180.577,tag2475
180.820,tag5296
180.290,tag5302
180.178,tag5299
180.538,tag2480
180.110,tag2489
180.400,tag6482
180.511,tag5290
180.102,tag6482
180.113,tag5311
180.043,tag6486
180.501,tag5306
181.423,tag2472
181.598,tag2487
181.374,tag2495
181.535,tag5300
181.442,tag6487
181.627,tag2482
181.280,tag6475
181.952,tag8052
181.450,tag2485
181.359,tag2482
181.505,tag6485
181.087,tag5307
181.453,tag6465
181.124,tag6478
181.308,tag5289
181.037,tag2477
181.210,tag2475
181.040,tag5290
181.585,tag5292
181.008,tag2467
181.523,tag6483
181.257,tag4641
181.965,tag6473
181.496,tag2483
181.991,tag5284
181.365,tag5302
181.312,tag2485
181.466,tag11783
181.219,tag6468
181.879,tag5280
181.263,tag6475
181.327,tag5307
181.601,tag5286
181.697,tag2487
181.871,tag2489
181.976,tag5304
181.653,tag7195
181.388,tag6484
181.768,tag6487
181.351,tag6471
182.229,tag5294
182.573,tag2989
182.466,tag6483
182.457,tag6040
182.992,tag6485
182.482,tag5463
182.614,tag6493
182.839,tag2483
182.553,tag2493
182.875,tag2474
182.535,tag6476
182.683,tag5295
182.572,tag6468
182.207,tag5285
182.764,tag10873
182.265,tag2474
182.372,tag6490
182.127,tag2470
182.656,tag6475
182.776,tag5283
182.033,tag5301
182.028,tag5303
182.053,tag5294
182.783,tag2474
182.580,tag5297
182.536,tag2492
182.139,tag5291
182.488,tag5307
182.011,tag6489
182.196,tag3428
182.609,tag5280
182.060,tag6484
182.836,tag2467
182.525,tag5287
182.102,tag5287
182.063,tag6488
182.092,tag6491
182.448,tag6472
182.374,tag4780
182.598,tag6479
183.667,tag5295
183.951,tag5281
183.097,tag5304
183.875,tag6474
183.214,tag5310
183.967,tag6493
183.182,tag5288
183.682,tag6470
183.110,tag6495
183.394,tag5288
183.988,tag5291
183.442,tag2482
183.162,tag6477
183.640,tag2480
183.774,tag6369
183.530,tag6475
183.391,tag5311
183.110,tag6482
183.495,tag5305
183.943,tag2469
183.745,tag2489
183.798,tag5639
183.423,tag5295
183.913,tag6485
183.597,tag2473
183.898,tag6471
183.485,tag6476
183.923,tag5302
183.919,tag2493
183.573,tag5301
183.374,tag5289
183.802,tag2483
183.358,tag6467
183.118,tag2468
183.357,tag6479
183.525,tag2485
183.411,tag2488
183.660,tag5302
183.463,tag2485
183.366,tag5285
184.402,tag6465
184.587,tag2470
184.516,tag2483
184.285,tag6486
184.072,tag2478
184.106,tag2467
184.867,tag2472
184.586,tag6493
184.764,tag2484
184.356,tag5284
184.877,tag5296
184.508,tag6490
184.818,tag6478
184.919,tag5304
184.531,tag6495
184.485,tag2469
184.258,tag5309
184.874,tag2471
184.312,tag5281
184.671,tag5287
184.788,tag5371
184.328,tag2491
184.977,tag2464
184.637,tag5300
184.300,tag5289
184.850,tag6482
184.855,tag5305
184.957,tag6485
184.028,tag4992
184.407,tag5305
184.869,tag5299
184.240,tag5289
184.806,tag6464
184.738,tag2471
184.201,tag6493
184.693,tag2483
184.125,tag6476
184.430,tag5302
184.818,tag5296
184.066,tag11749
185.980,tag6464
185.977,tag2477
185.867,tag6469
185.441,tag5297
185.809,tag6469
185.906,tag2469
185.114,tag5281
185.831,tag5295
185.011,tag3424
185.013,tag3578
185.312,tag5290
185.926,tag4241
185.226,tag2495
185.604,tag5309
185.476,tag5309
185.366,tag2467
185.617,tag2476
185.361,tag5286
185.766,tag5291
185.129,tag5301
185.367,tag6475
185.414,tag6479
185.479,tag2476
185.935,tag5285
185.035,tag6492
185.820,tag2481
185.458,tag6468
185.177,tag5306
185.262,tag2487
185.877,tag6473
185.903,tag5289
185.124,tag5146
185.993,tag6485
185.725,tag2490
185.529,tag5284
185.497,tag5280
185.033,tag5311
185.230,tag6464
185.335,tag2491
185.465,tag2476
186.799,tag2477
186.284,tag2478
186.377,tag2468
186.492,tag2492
186.365,tag6468
186.522,tag5301
186.753,tag6470
186.111,tag2472
186.823,tag5311
186.923,tag2487
186.953,tag2480
186.255,tag6488
186.762,tag6470
186.764,tag2473
186.360,tag2475
186.682,tag5300
186.276,tag5292
186.687,tag2485
186.329,tag2495
186.465,tag2484
186.816,tag5311
186.184,tag2485
186.137,tag5290
186.579,tag6469
186.842,tag5287
186.845,tag5291
186.852,tag2495
186.124,tag5285
186.151,tag2493
186.941,tag5300
186.760,tag5292
186.575,tag5286
186.829,tag5285
186.736,tag2476
186.063,tag6479
186.651,tag6467
186.824,tag5305
186.986,tag2495
186.568,tag3583
186.482,tag6485
187.206,tag6489
187.783,tag2464
187.913,tag5309
187.006,tag2477
187.220,tag6494
187.866,tag2485
187.944,tag2486
187.689,tag6493
187.352,tag5285
187.477,tag2322
187.840,tag6471
187.700,tag6471
187.139,tag2480
187.689,tag5297
187.490,tag5302
187.922,tag5293
187.056,tag5284
187.989,tag1292
187.128,tag2492
187.761,tag5292
187.222,tag6484
187.408,tag2487
187.309,tag6477
187.770,tag6482
187.519,tag2486
187.840,tag3843
187.843,tag5297
187.991,tag6470
187.280,tag2486
187.285,tag5282
187.093,tag5310
187.172,tag6492
187.740,tag6485
187.360,tag5288
187.308,tag5299
187.688,tag2467
187.354,tag2472
187.596,tag5280
187.436,tag5292
187.626,tag1406
188.883,tag5300
188.471,tag2490
188.336,tag2473
188.828,tag6482
188.896,tag2482
188.825,tag5281
188.652,tag6485
188.014,tag6482
188.266,tag2465
188.918,tag5292
188.603,tag5311
188.296,tag5308
188.925,tag6492
188.662,tag6465
188.129,tag6480
188.536,tag6472
188.709,tag6471
188.652,tag6492
188.537,tag2495
188.839,tag5283
188.230,tag2464
188.442,tag6467
188.124,tag4754
188.419,tag2492
188.948,tag5293
188.808,tag5280
188.897,tag5309
188.494,tag5291
188.670,tag6491
188.574,tag8961
188.914,tag3050
188.573,tag5301
188.994,tag5282
188.364,tag2472
188.281,tag5304
188.782,tag2478
188.374,tag5304
188.799,tag6482
188.028,tag6471
188.827,tag2482
189.926,tag5830
189.597,tag6476
189.448,tag2484
189.826,tag2487
189.307,tag6471
189.203,tag5284
189.412,tag6474
189.045,tag2482
189.552,tag5304
189.948,tag6470
189.559,tag5291
189.730,tag6472
189.170,tag6486
189.903,tag6464
189.798,tag6493
189.857,tag2464
189.219,tag2472
189.188,tag5282
189.621,tag6476
189.198,tag6470
189.945,tag2464
189.339,tag5294
189.099,tag5297
189.832,tag5294
189.720,tag5311
189.378,tag2486
189.578,tag2473
189.944,tag7270
189.471,tag6490
189.458,tag6490
189.974,tag6492
189.225,tag6487
189.179,tag2478
189.279,tag6464
189.859,tag6485
189.652,tag6478
189.202,tag6475
189.116,tag2495
189.042,tag5295
189.026,tag7561
190.326,tag6489
190.717,tag6478
190.213,tag2484
190.487,tag6473
190.706,tag2489
190.749,tag5302
190.012,tag2481
190.602,tag6468
190.691,tag2492
190.734,tag5289
190.093,tag5306
190.042,tag1548
190.907,tag2482
190.819,tag2465
190.425,tag6479
190.513,tag6468
190.376,tag2486
190.793,tag5305
190.062,tag2504
190.806,tag6495
190.662,tag5309
190.379,tag11308
190.851,tag9082
190.996,tag2482
190.012,tag6466
190.449,tag5290
190.673,tag6476
190.451,tag6493
190.243,tag5301
190.918,tag2464
190.273,tag2484
190.781,tag6466
190.061,tag1622
190.117,tag5297
190.224,tag5282
190.544,tag6482
190.944,tag6469
190.592,tag6486
190.211,tag6478
190.087,tag6472
191.303,tag5303
191.203,tag5285
191.221,tag6489
191.844,tag6495
191.768,tag5288
191.349,tag6494
191.594,tag6489
191.755,tag2490
191.058,tag6477
191.615,tag2088
191.944,tag6494
191.365,tag2477
191.719,tag5304
191.191,tag2487
191.460,tag11485
191.449,tag6470
191.030,tag6492
191.267,tag5292
191.748,tag5291
191.717,tag6484
191.672,tag5281
191.094,tag7415
191.762,tag5304
191.146,tag4085
191.578,tag5285
191.998,tag6966
191.118,tag5290
191.832,tag2484
191.051,tag5289
191.523,tag2466
191.689,tag2495
191.129,tag6475
191.110,tag6469
191.021,tag5311
191.219,tag6468
191.323,tag6493
191.055,tag5296
191.194,tag5289
191.266,tag5285
191.957,tag2489
192.823,tag5284
192.272,tag5096
192.487,tag2474
192.041,tag5286
192.604,tag5303
192.164,tag2472
192.741,tag5296
192.204,tag2466
192.408,tag2464
192.911,tag10481
192.109,tag5299
192.514,tag6494
192.359,tag2466
192.808,tag5310
192.611,tag2493
192.480,tag1991
193.000,tag2477
192.414,tag5310
192.149,tag2482
192.579,tag6493
192.151,tag5285
192.526,tag6471
192.071,tag5286
192.597,tag6468
192.983,tag5284
192.106,tag5298
192.417,tag5281
192.858,tag2487
192.224,tag6475
192.954,tag6482
192.359,tag5301
192.402,tag2483
192.637,tag2711
192.669,tag5292
192.487,tag2478
192.373,tag6487
192.751,tag5294
192.248,tag9567
192.574,tag6494
192.852,tag2493
193.874,tag6484
193.686,tag6478
193.736,tag2481
193.625,tag131
193.295,tag6467
193.720,tag2494
193.624,tag2474
193.559,tag2480
193.221,tag6485
193.648,tag5290
193.640,tag5280
193.922,tag5299
193.190,tag6951
193.147,tag6493
193.210,tag5298
193.794,tag4758
193.020,tag6478
193.750,tag2491
193.227,tag6467
193.093,tag2464
193.297,tag2476
193.214,tag6490
193.890,tag2481
193.825,tag2483
193.682,tag5293
193.084,tag5300
193.065,tag8132
193.684,tag5297
193.343,tag2481
193.410,tag6309
193.150,tag2466
193.938,tag6483
193.155,tag6483
193.149,tag6475
193.041,tag2486
193.080,tag6490
193.121,tag2473
193.815,tag6466
193.372,tag2475
193.367,tag2481
194.384,tag5287
194.924,tag6469
194.639,tag6465
194.092,tag6494
194.391,tag5287
194.293,tag6475
194.301,tag5311
194.294,tag5302
194.393,tag6475
194.518,tag6492
194.655,tag2484
194.071,tag5280
194.335,tag5297
194.508,tag10196
194.748,tag2488
194.227,tag4362
194.065,tag8624
194.988,tag5295
194.932,tag6476
194.566,tag5282
194.053,tag4941
194.005,tag2467
194.949,tag6489
194.969,tag5292
194.820,tag10888
194.797,tag5309
194.298,tag4307
194.627,tag5281
194.500,tag6489
194.381,tag2490
194.830,tag5307
194.481,tag5290
194.926,tag6480
194.812,tag6471
194.848,tag6475
194.295,tag6488
194.404,tag6486
194.489,tag8055
194.166,tag6465
194.575,tag5304
195.238,tag2473
195.796,tag6487
195.930,tag2471
195.901,tag5301
195.893,tag10148
195.298,tag6491
195.818,tag5290
195.755,tag2483
195.291,tag2471
195.212,tag5290
195.663,tag6479
195.374,tag6482
195.991,tag5293
195.841,tag5302
195.459,tag6477
195.568,tag5311
195.120,tag6485
195.661,tag6479
195.077,tag3147
195.540,tag6465
195.912,tag6479
195.344,tag5303
195.412,tag4721
195.038,tag2495
195.467,tag6475
195.198,tag2488
195.440,tag5298
195.188,tag5296
195.220,tag2485
196.000,tag2479
195.758,tag5305
195.471,tag2484
195.911,tag5296
195.084,tag2482
195.623,tag6469
195.685,tag6483
195.344,tag5305
195.090,tag6493
195.771,tag10879
195.951,tag6474
196.146,tag2486
196.025,tag6486
196.298,tag5305
196.354,tag5292
196.741,tag9369
196.122,tag5293
196.881,tag2488
196.595,tag5291
196.256,tag5286
196.223,tag6465
196.673,tag2476
196.484,tag2479
196.542,tag2487
196.359,tag6481
196.053,tag6465
196.918,tag2493
196.968,tag6487
196.999,tag3632
196.509,tag5290
196.618,tag2466
196.652,tag3724
196.351,tag2471
196.678,tag8913
196.999,tag6469
196.497,tag2490
196.493,tag5291
196.657,tag6481
196.703,tag2475
196.164,tag2470
196.320,tag5286
196.676,tag5308
196.589,tag5292
196.725,tag6486
196.220,tag6494
196.152,tag6484
196.582,tag6494
196.868,tag5310
196.831,tag6469
196.542,tag2482
196.545,tag6472
197.900,tag6490
197.066,tag5291
197.824,tag5287
197.335,tag5284
197.272,tag5298
197.261,tag4682
197.892,tag6487
197.461,tag5299
197.119,tag2493
197.926,tag5282
197.641,tag5298
197.295,tag5304
197.375,tag2488
197.499,tag6480
197.406,tag6493
197.620,tag6491
197.293,tag5282
197.399,tag5294
197.472,tag6945
197.732,tag5303
197.816,tag5287
197.028,tag2037
197.624,tag2493
197.603,tag6469
197.047,tag2477
197.028,tag5291
197.340,tag6495
197.637,tag6476
197.030,tag5292
197.902,tag6466
197.857,tag2477
197.195,tag5308
197.701,tag5288
197.888,tag2482
197.730,tag5292
197.167,tag5297
197.292,tag5924
197.369,tag6493
197.530,tag6485
197.135,tag5308
198.575,tag6482
198.157,tag11108
198.355,tag5304
198.500,tag5283
198.182,tag2465
198.605,tag5296
198.788,tag5305
198.655,tag5296
198.187,tag2492
198.754,tag5290
198.172,tag2485
198.496,tag5303
198.100,tag2466
198.259,tag8569
198.087,tag2494
198.345,tag6495
198.265,tag2484
198.023,tag5297
198.592,tag6493
198.805,tag6480
198.560,tag2465
198.938,tag10967
198.377,tag2472
198.213,tag4887
198.007,tag2466
198.689,tag2485
198.856,tag2484
198.132,tag2495
198.714,tag2492
198.417,tag5304
198.749,tag9384
198.898,tag10193
198.407,tag2471
198.826,tag2471
198.788,tag5310
198.228,tag6471
198.821,tag6478
198.198,tag2484
198.710,tag5288
198.909,tag5307
199.149,tag6468
199.585,tag6485
199.503,tag9456
199.283,tag5308
199.687,tag2468
199.314,tag6474
199.273,tag2487
199.493,tag5287
199.985,tag6491
199.568,tag5297
199.290,tag6482
199.612,tag2471
199.565,tag2493
199.864,tag6481
199.334,tag6465
199.032,tag2476
199.027,tag5302
199.894,tag5285
199.534,tag5659
199.371,tag2482
199.695,tag448
199.727,tag2488
199.358,tag5302
199.930,tag6487
199.223,tag5280
199.957,tag6470
199.314,tag5287
199.246,tag9629
199.259,tag6471
199.701,tag5280
199.849,tag6467
199.889,tag6494
199.959,tag2494
199.019,tag5301
199.497,tag6474
199.818,tag6485
199.106,tag2478
199.385,tag5297
199.025,tag2492
199.127,tag2478
200.381,tag6484
200.647,tag6483
200.664,tag2483
200.855,tag5308
200.045,tag5303
200.208,tag6492
200.358,tag3867
200.007,tag5292
200.064,tag5291
200.800,tag6479
200.908,tag9643
200.407,tag2465
200.412,tag5303
200.996,tag2189
200.142,tag5299
200.154,tag6468
200.063,tag6489
200.476,tag5292
200.614,tag6485
200.867,tag5295
200.013,tag6474
200.495,tag6484
200.730,tag2466
200.416,tag8479
200.808,tag5309
200.599,tag1541
200.482,tag400
200.523,tag4542
200.602,tag2466
200.355,tag6494
200.023,tag5307
200.450,tag6478
200.768,tag5298
200.264,tag2481
200.804,tag5294
200.326,tag5280
200.908,tag6476
200.192,tag11707
200.485,tag2491
200.551,tag2481
201.906,tag2473
201.872,tag5309
202.000,tag6468
201.694,tag6465
201.441,tag5305
201.896,tag5291
201.568,tag2495
201.715,tag6296
201.689,tag5291
201.156,tag6731
201.688,tag5282
201.319,tag2489
201.026,tag5288
201.572,tag2478
201.162,tag5299
201.436,tag4165
201.849,tag6465
201.047,tag5304
201.966,tag5306
201.422,tag6472
201.837,tag6468
201.028,tag6476
201.773,tag6470
201.931,tag6465
201.528,tag2468
201.777,tag5295
201.977,tag6475
201.793,tag6474
201.567,tag2472
201.607,tag6472
201.713,tag6467
201.151,tag6471
201.247,tag2476
201.683,tag5289
201.225,tag6487
201.862,tag6495
201.608,tag5296
201.044,tag5303
201.665,tag5287
201.836,tag6492
202.093,tag6489
202.294,tag4963
202.881,tag5309
202.577,tag5303
202.087,tag5301
202.164,tag5281
202.831,tag5291
202.003,tag6476
202.173,tag5293
202.915,tag2466
202.145,tag2470
202.224,tag6490
202.692,tag2491
202.497,tag2474
202.797,tag7139
202.810,tag5281
202.342,tag6495
202.214,tag6495
202.692,tag2493
202.405,tag5303
202.032,tag5291
202.177,tag6470
202.129,tag6494
202.456,tag2486
202.589,tag6467
202.302,tag5308
202.022,tag6492
202.102,tag5292
202.983,tag2469
202.787,tag2464
202.961,tag5295
202.017,tag6472
202.089,tag2467
202.233,tag2495
202.025,tag2489
202.113,tag6480
202.226,tag2490
202.691,tag2474
202.113,tag5293
202.250,tag2483
203.794,tag5281
203.955,tag6475
203.530,tag5281
203.617,tag7702
203.653,tag6476
203.776,tag6491
203.854,tag6466
203.626,tag5288
203.865,tag2478
203.330,tag2467
203.058,tag6385
203.514,tag5304
203.394,tag2489
203.148,tag5288
203.673,tag2491
203.994,tag2483
203.440,tag6476
203.599,tag2466
203.813,tag1700
203.052,tag5299
203.641,tag6474
203.734,tag5310
203.762,tag2482
203.372,tag6467
203.144,tag6481
203.190,tag5286
203.687,tag760
203.068,tag5311
203.706,tag5299
203.056,tag2466
203.104,tag6473
203.258,tag2472
203.756,tag6479
203.516,tag4860
203.675,tag5295
203.632,tag6467
203.651,tag5280
203.821,tag6473
203.950,tag6475
203.235,tag2485
204.705,tag6481
204.611,tag5306
204.566,tag5284
204.383,tag2465
204.912,tag2491
204.524,tag5281
204.474,tag2467
204.240,tag2599
204.857,tag512
204.716,tag2494
204.581,tag5283
204.342,tag5300
204.106,tag2486
204.817,tag6480
204.443,tag5282
204.718,tag5305
204.532,tag5280
204.309,tag5303
204.732,tag6469
204.395,tag11188
204.384,tag5287
204.318,tag5290
204.744,tag6477
204.745,tag5311
204.686,tag5397
204.758,tag6492
204.224,tag2472
204.286,tag6465
204.327,tag6489
204.122,tag6488
204.396,tag5305
204.961,tag5291
204.841,tag5286
204.655,tag2483
204.847,tag2489
204.353,tag2482
204.909,tag6464
204.381,tag6474
204.725,tag2480
204.574,tag1767
205.125,tag6484
205.932,tag5282
205.991,tag2477
205.176,tag5308
205.867,tag6473
205.719,tag5290
205.155,tag5284
205.545,tag6482
205.833,tag9499
205.954,tag6472
205.073,tag6479
205.069,tag5293
205.369,tag2477
205.384,tag2473
205.815,tag5304
205.549,tag5303
205.318,tag6467
205.111,tag6467
205.710,tag2493
205.111,tag5309
205.834,tag6470
205.034,tag6476
205.008,tag5280
205.844,tag5282
205.220,tag2470
205.425,tag2487
205.917,tag6492
205.511,tag5288
205.329,tag6465
205.396,tag2473
205.372,tag5286
205.244,tag2477
205.150,tag5290
205.667,tag6485
205.462,tag7981
205.831,tag6487
205.530,tag5301
205.669,tag2470
205.020,tag2489
205.156,tag6473
206.624,tag5285
206.496,tag2467
206.283,tag5292
206.772,tag5281
206.068,tag6476
206.484,tag5299
206.960,tag2471
206.332,tag6466
206.679,tag2495
206.140,tag420
206.919,tag6469
206.447,tag5306
206.667,tag6482
206.052,tag6474
206.133,tag2488
206.416,tag6467
206.022,tag2468
206.120,tag2464
206.587,tag2481
206.466,tag6465
206.752,tag5283
206.674,tag5283
206.517,tag6490
206.263,tag5292
206.165,tag2494
206.774,tag5291
206.909,tag5301
206.816,tag2464
206.624,tag2494
206.464,tag6489
206.292,tag6471
206.300,tag2483
206.009,tag5286
206.539,tag2488
206.097,tag5291
206.908,tag6495
206.546,tag2487
206.842,tag6479
206.696,tag5298
206.910,tag2475
207.457,tag6490
207.061,tag6479
207.476,tag6464
207.518,tag2475
207.475,tag5289
207.035,tag6482
207.953,tag6485
207.288,tag6490
207.573,tag5289
207.568,tag5291
207.318,tag6478
207.934,tag6484
207.914,tag6484
207.421,tag5290
207.758,tag5288
207.689,tag2474
207.452,tag2494
207.026,tag6490
207.863,tag5288
207.607,tag2479
207.062,tag5309
207.554,tag6475
207.199,tag2475
207.600,tag6470
207.014,tag6491
207.861,tag5310
207.210,tag3281
207.076,tag6483
207.190,tag6488
207.153,tag5298
207.107,tag11322
207.979,tag5303
207.866,tag400
207.253,tag2493
207.876,tag2492
207.029,tag6473
207.450,tag2477
207.908,tag6464
207.545,tag2493
207.210,tag5299
208.816,tag2494
208.360,tag5296
208.525,tag5305
208.895,tag2477
208.313,tag1094
208.178,tag5308
208.928,tag2465
208.603,tag2468
208.785,tag2492
208.935,tag2487
208.654,tag5305
208.041,tag6465
208.998,tag2492
208.654,tag5301
208.843,tag6482
208.207,tag5305
208.548,tag6494
208.979,tag2485
208.298,tag2492
208.701,tag6482
208.959,tag5287
208.325,tag5290
208.447,tag11481
208.551,tag2469
208.327,tag2482
208.005,tag6495
208.228,tag6467
208.141,tag5303
208.868,tag5306
208.435,tag2475
208.642,tag5280
208.817,tag5293
208.142,tag6486
208.493,tag6476
208.304,tag2449
208.116,tag5291
208.308,tag5300
208.199,tag2484
208.704,tag5280
208.282,tag6475
209.319,tag2495
209.391,tag6491
209.608,tag9517
209.460,tag6480
209.579,tag5288
209.393,tag6466
209.935,tag1400
209.690,tag2478
209.885,tag6486
209.543,tag5299
209.288,tag5295
209.683,tag6479
209.588,tag5295
209.115,tag2475
209.226,tag5280
209.780,tag8738
209.226,tag2493
209.908,tag5293
209.484,tag2467
209.197,tag6470
209.357,tag2469
209.113,tag5303
209.602,tag2471
209.280,tag6104
209.199,tag6473
209.568,tag5285
209.011,tag5288
209.844,tag1581
209.336,tag6471
209.045,tag2482
209.996,tag6476
209.214,tag6476
209.935,tag5286
209.764,tag6473
209.024,tag5305
209.323,tag3924
209.297,tag1869
209.935,tag6489
209.175,tag2469
209.796,tag6488
210.938,tag5589
210.848,tag6476
210.860,tag5297
210.151,tag5288
210.090,tag6488
210.898,tag2481
210.368,tag2468
210.479,tag2483
210.752,tag2490
210.887,tag5298
210.810,tag5282
210.522,tag6469
210.657,tag2469
210.584,tag5290
210.520,tag6487
210.490,tag6479
210.371,tag5284
210.720,tag6492
210.334,tag6492
210.414,tag2475
210.716,tag5309
210.259,tag6489
210.318,tag6486
210.681,tag6479
210.883,tag6465
210.408,tag2495
210.349,tag2494
210.747,tag6485
210.857,tag5306
210.592,tag5293
210.315,tag5291
210.097,tag2467
210.226,tag5091
210.957,tag2480
210.672,tag6489
210.684,tag6488
210.392,tag6464
210.393,tag6483
210.186,tag2490
210.977,tag2480
211.061,tag2477
211.909,tag5302
211.231,tag6491
211.996,tag6481
211.503,tag2481
211.093,tag2489
211.807,tag6495
211.806,tag6473
211.903,tag6466
211.182,tag5293
211.581,tag6472
211.443,tag5292
211.372,tag5280
211.914,tag5307
211.317,tag9687
211.086,tag9481
211.229,tag2472
211.042,tag2470
211.317,tag2466
211.188,tag1517
211.599,tag5290
211.919,tag6479
211.924,tag5308
211.548,tag6488
211.746,tag6481
211.296,tag2474
211.092,tag5309
211.526,tag5299
211.565,tag5282
211.158,tag5289
211.827,tag2487
211.745,tag5291
211.627,tag2495
211.058,tag2494
211.481,tag2465
211.848,tag2474
211.899,tag6489
211.488,tag6476
211.509,tag5295
211.245,tag6489
212.202,tag6481
212.518,tag11435
212.060,tag9886
212.137,tag5291
212.074,tag6473
212.456,tag5281
212.690,tag5284
212.818,tag2472
212.506,tag5288
212.138,tag4028
212.757,tag7546
212.506,tag2465
212.164,tag2493
212.892,tag1235
212.160,tag2466
212.271,tag6491
212.976,tag6476
212.470,tag6477
212.517,tag5301
212.549,tag5307
212.389,tag5295
212.593,tag2484
212.622,tag5285
212.204,tag2468
212.879,tag2466
212.597,tag6467
212.843,tag6477
212.045,tag5297
212.946,tag2469
212.517,tag6490
212.083,tag6479
212.133,tag5292
212.795,tag6489
212.396,tag6488
212.476,tag6468
212.945,tag6466
212.525,tag5304
212.112,tag5297
212.945,tag2492
212.446,tag2467
213.362,tag5291
213.281,tag6493
213.131,tag6475
213.861,tag2465
213.160,tag5307
213.552,tag2485
213.857,tag5307
213.419,tag2488
213.254,tag5304
213.916,tag5300
213.273,tag6468
213.605,tag6475
213.024,tag2482
213.480,tag5294
213.200,tag5281
213.502,tag9817
213.787,tag5285
213.846,tag2474
213.175,tag5311
213.276,tag2483
213.142,tag6478
213.402,tag5288
213.406,tag6471
213.978,tag6474
213.022,tag2467
213.506,tag2488
213.957,tag5311
213.030,tag5287
213.719,tag6474
213.125,tag2471
213.227,tag6494
213.860,tag2467
213.319,tag6485
213.145,tag6495
213.235,tag5291
213.087,tag2473
213.410,tag6495
213.822,tag6470
213.060,tag5288
213.066,tag5307
214.262,tag7858
214.133,tag6464
214.585,tag5295
214.122,tag5285
214.835,tag6464
214.535,tag5297
214.221,tag6494
214.210,tag2491
214.748,tag6479
214.898,tag2494
214.956,tag2476
214.216,tag10212
214.985,tag5283
214.868,tag6494
214.425,tag6479
214.641,tag5286
214.436,tag2483
214.008,tag6813
214.177,tag2467
214.540,tag2475
214.884,tag7809
214.724,tag6493
214.664,tag2487
214.553,tag2476
214.679,tag6490
214.130,tag6481
214.322,tag3301
214.950,tag5294
214.604,tag5291
214.708,tag5293
214.643,tag2478
214.754,tag5294
214.002,tag5290
214.926,tag2477
214.885,tag5305
214.618,tag2489
214.373,tag2486
214.848,tag2473
214.289,tag6482
214.815,tag4212
215.313,tag6480
215.277,tag6467
215.882,tag6465
215.331,tag1651
215.215,tag6465
215.774,tag2469
215.941,tag2467
215.836,tag6478
215.584,tag6487
215.962,tag2467
215.768,tag6474
215.015,tag2476
215.312,tag6464
215.860,tag9693
215.590,tag5288
215.479,tag2475
215.754,tag2471
215.528,tag6473
215.791,tag5309
215.604,tag5297
215.303,tag5309
215.108,tag2476
215.327,tag6477
215.148,tag4472
215.311,tag5309
215.845,tag2480
215.403,tag6471
215.426,tag2477
215.852,tag6491
215.365,tag5292
215.667,tag5296
215.479,tag2474
215.602,tag6905
215.983,tag6466
215.192,tag2494
215.229,tag6492
215.711,tag5294
215.677,tag6465
215.140,tag6484
215.090,tag6475
216.590,tag2467
216.184,tag5292
216.541,tag5301
216.794,tag6474
216.872,tag5292
216.365,tag6466
216.344,tag2491
216.083,tag5302
216.670,tag2471
216.474,tag2492
216.253,tag6489
216.388,tag4434
216.694,tag6493
216.436,tag6474
216.138,tag5301
216.239,tag2483
216.457,tag6468
216.271,tag5311
216.578,tag6476
216.929,tag4818
216.599,tag2466
216.596,tag2467
216.214,tag2471
216.333,tag2489
216.417,tag5291
216.659,tag5284
216.866,tag5296
216.477,tag6491
216.894,tag6476
216.907,tag2484
216.965,tag9258
216.303,tag6484
216.085,tag5302
216.815,tag2475
216.951,tag7796
216.132,tag5287
216.089,tag6469
216.812,tag2470
216.431,tag6482
216.317,tag5282
217.188,tag6488
217.933,tag6495
217.004,tag5291
217.444,tag2471
217.774,tag5294
217.479,tag5298
217.187,tag6464
217.290,tag7674
217.982,tag750
217.919,tag6477
217.965,tag6487
217.013,tag6485
217.566,tag5290
217.605,tag2482
217.121,tag5297
217.401,tag2471
217.238,tag2492
217.172,tag5299
217.355,tag2464
217.669,tag2493
217.990,tag6472
217.196,tag5295
217.021,tag5305
217.364,tag2487
217.631,tag2487
217.442,tag1643
217.408,tag2484
217.452,tag4703
217.783,tag6477
217.067,tag2486
217.861,tag5299
217.347,tag6472
217.283,tag6488
217.974,tag6467
217.896,tag6490
217.511,tag5281
217.592,tag6490
217.930,tag6467
217.820,tag5290
217.595,tag2465
218.065,tag5298
218.929,tag5286
218.981,tag5294
218.946,tag5311
218.589,tag5293
218.383,tag2478
218.471,tag6470
218.021,tag6466
218.392,tag2492
218.030,tag5288
218.179,tag6468
218.323,tag2465
218.895,tag5305
218.574,tag5295
218.720,tag6490
218.874,tag5309
218.692,tag6475
218.314,tag2478
218.344,tag5304
218.240,tag2467
218.158,tag2479
218.353,tag6476
218.455,tag5290
218.828,tag5295
218.609,tag6492
218.647,tag2479
218.828,tag2478
218.283,tag6479
218.606,tag5289
218.673,tag2485
218.574,tag6468
218.680,tag2483
218.625,tag5309
218.842,tag5295
218.354,tag6480
218.060,tag2466
218.121,tag6480
218.664,tag6469
218.476,tag5295
218.760,tag2475
219.128,tag2494
219.752,tag2486
219.112,tag2485
219.632,tag2494
219.405,tag2956
219.793,tag6471
219.092,tag6481
219.470,tag6466
219.012,tag5294
219.931,tag6495
219.861,tag5284
219.428,tag5282
219.324,tag4193
219.686,tag5311
219.320,tag5281
219.374,tag6487
219.782,tag6466
219.310,tag2466
219.481,tag6486
219.996,tag5297
219.455,tag6478
219.400,tag2475
219.459,tag2470
219.876,tag2490
219.661,tag6481
219.995,tag5299
219.566,tag6092
219.951,tag2468
219.090,tag2470
219.793,tag6488
219.977,tag2479
219.437,tag5960
219.724,tag2489
219.484,tag5304
219.572,tag9233
219.722,tag5290
219.547,tag2473
219.455,tag5303
219.961,tag2483
219.283,tag5303
220.664,tag6467
220.329,tag6470
220.340,tag6483
220.657,tag2017
220.265,tag5299
220.154,tag2488
220.939,tag2475
220.520,tag2471
220.982,tag2467
220.965,tag2492
220.319,tag5287
220.271,tag7529
220.061,tag6464
220.276,tag2485
220.297,tag6637
220.889,tag2486
220.429,tag6489
220.462,tag6491
220.564,tag4925
220.762,tag8557
220.957,tag5280
220.773,tag6472
220.027,tag6884
220.306,tag5287
220.867,tag5294
220.910,tag5293
220.544,tag5636
220.643,tag5309
220.876,tag5290
220.147,tag2483
220.645,tag2474
220.490,tag5292
220.168,tag5289
220.975,tag2469
220.380,tag6479
220.885,tag5294
220.624,tag6472
220.031,tag5288
220.847,tag5285
220.080,tag2490
221.124,tag2470
221.194,tag5307
221.855,tag5296
221.307,tag5281
221.127,tag5311
221.135,tag5309
221.938,tag5295
221.899,tag6467
221.174,tag5283
221.101,tag2492
221.126,tag5285
221.258,tag2468
221.092,tag5311
221.579,tag6479
221.059,tag5294
221.697,tag6473
221.081,tag2486
221.109,tag2476
221.369,tag2488
221.557,tag5290
221.611,tag2465
221.275,tag2492
221.099,tag2467
221.523,tag6485
221.178,tag2493
221.749,tag2470
221.229,tag6485
221.862,tag2485
221.050,tag6458
221.572,tag6482
221.231,tag2474
221.118,tag6478
221.724,tag2469
221.770,tag6471
221.066,tag10484
221.769,tag5740
221.146,tag6478
221.145,tag5281
221.634,tag2480
221.311,tag6492
222.255,tag6488
222.842,tag2478
222.537,tag2816
222.113,tag3604
222.394,tag5283
222.792,tag2483
222.971,tag2489
222.159,tag11533
222.790,tag6473
222.290,tag6492
222.303,tag5308
222.093,tag2489
222.777,tag8989
222.768,tag6493
222.744,tag5309
222.493,tag2490
222.415,tag2477
222.350,tag2492
222.264,tag5284
222.898,tag5297
222.710,tag6471
222.495,tag5290
222.523,tag6474
222.604,tag11165
222.385,tag6467
222.580,tag5288
222.451,tag2490
222.565,tag6483
222.693,tag5299
222.010,tag5284
222.251,tag6473
222.548,tag6490
222.861,tag5296
222.727,tag5294
222.788,tag5281
222.350,tag2484
222.918,tag5310
222.273,tag2490
222.836,tag5664
222.178,tag6483
223.880,tag5298
223.894,tag5300
223.085,tag2486
223.655,tag6495
223.172,tag8426
223.602,tag440
223.411,tag6474
223.880,tag5296
223.487,tag6467
223.216,tag2485
223.762,tag5303
223.717,tag11942
223.776,tag6464
223.147,tag6495
223.179,tag2469
223.354,tag6490
223.539,tag5302
223.751,tag2492
223.970,tag5287
223.991,tag6486
223.329,tag5306
223.810,tag5302
223.557,tag2480
223.070,tag6469
223.975,tag6492
223.715,tag2465
223.279,tag6474
223.096,tag6488
223.056,tag6493
223.007,tag5300
223.943,tag2483
223.324,tag6465
223.314,tag2485
223.461,tag5290
223.172,tag2481
223.287,tag8088
223.234,tag5308
223.756,tag5311
223.319,tag2472
223.268,tag2478
224.154,tag2469
224.282,tag5300
224.581,tag5297
224.993,tag6481
224.084,tag4439
224.359,tag6485
224.087,tag5288
224.192,tag6467
224.523,tag2485
224.815,tag5297
224.413,tag5284
224.048,tag2486
224.686,tag2488
224.758,tag2474
224.833,tag5301
224.794,tag5284
224.752,tag5285
224.073,tag2472
224.496,tag6474
224.488,tag2467
224.143,tag2477
224.644,tag2482
224.642,tag6482
224.766,tag6484
224.569,tag2478
224.273,tag2480
224.337,tag6474
224.021,tag5293
224.792,tag5302
224.995,tag5289
224.693,tag2493
224.166,tag2489
224.209,tag2466
224.524,tag2477
224.572,tag2476
224.769,tag2473
224.641,tag7891
224.480,tag6473
224.933,tag2491
224.637,tag5291
225.582,tag5300
225.733,tag7704
225.526,tag8822
225.263,tag6468
225.473,tag5302
225.501,tag2480
225.440,tag5301
225.395,tag2488
225.346,tag2466
225.223,tag2492
225.895,tag5310
225.685,tag6486
225.613,tag5293
225.987,tag5287
225.551,tag6490
225.746,tag2471
225.641,tag2486
225.646,tag5306
225.462,tag5300
225.885,tag6479
225.748,tag2493
225.584,tag6476
225.556,tag6473
225.448,tag2491
225.011,tag2466
225.467,tag6468
225.728,tag2474
225.226,tag2479
225.860,tag6492
225.280,tag6479
225.393,tag2464
225.385,tag6489
225.476,tag5292
225.741,tag5307
225.702,tag2474
225.181,tag6495
225.567,tag2465
225.844,tag2488
225.154,tag2483
225.626,tag2488
226.940,tag2481
226.662,tag7500
226.379,tag2474
226.200,tag5283
226.727,tag5305
226.181,tag6467
226.666,tag2482
226.563,tag6492
226.220,tag2494
226.924,tag2473
226.394,tag5305
226.876,tag4103
226.929,tag6482
226.013,tag2483
226.206,tag5301
226.896,tag6493
226.517,tag2481
226.920,tag2905
226.559,tag11542
226.658,tag6486
226.147,tag6486
226.905,tag2478
226.725,tag5311
226.979,tag2464
226.253,tag6484
226.894,tag5295
226.919,tag5296
226.569,tag6470
226.505,tag6474
226.851,tag2477
226.565,tag2491
226.790,tag5291
226.651,tag5299
226.097,tag5296
226.230,tag2494
226.918,tag6483
226.482,tag6472
226.581,tag6481
226.617,tag2495
226.176,tag2469
227.118,tag2465
227.066,tag2495
227.382,tag6483
227.794,tag5286
227.767,tag2467
227.271,tag6487
227.719,tag5292
227.010,tag6485
227.664,tag6466
227.082,tag2482
227.048,tag2479
227.933,tag6491
227.870,tag5306
227.194,tag6476
227.089,tag2467
227.680,tag2485
227.870,tag5294
227.762,tag5298
227.620,tag2483
227.032,tag6474
227.933,tag2472
227.238,tag6478
227.429,tag2481
227.529,tag5308
227.836,tag6474
227.577,tag6480
227.732,tag5303
227.239,tag2487
227.050,tag2468
227.498,tag1977
227.153,tag5282
227.719,tag6475
227.728,tag2493
227.010,tag5300
227.416,tag2491
227.129,tag2490
227.528,tag2491
227.895,tag3149
227.335,tag5305
227.140,tag2486
228.729,tag2464
228.510,tag5281
228.601,tag2471
228.966,tag5291
228.412,tag2471
228.499,tag2487
228.999,tag2469
228.520,tag6492
228.111,tag2491
228.503,tag5306
228.773,tag2472
228.639,tag5298
228.984,tag6485
228.631,tag2489
228.829,tag6475
228.109,tag6480
228.030,tag2487
228.476,tag2465
228.540,tag2485
228.883,tag5285
228.762,tag6472
228.119,tag5309
228.891,tag5289
228.714,tag2467
228.077,tag6468
228.681,tag5291
228.656,tag6494
228.530,tag5286
228.236,tag5280
228.436,tag6476
228.034,tag5303
228.893,tag5308
228.498,tag5299
228.667,tag6905
228.515,tag2491
228.154,tag5311
228.630,tag2493
228.296,tag6478
228.263,tag6485
228.496,tag6492
229.268,tag5289
229.948,tag5296
229.667,tag5297
229.717,tag6493
229.092,tag2465
229.263,tag2478
229.821,tag6489
229.960,tag2491
229.010,tag5294
229.583,tag2480
229.563,tag5302
229.692,tag5302
229.078,tag2495
229.958,tag2476
229.567,tag6478
229.109,tag5289
229.492,tag10046
229.353,tag6495
229.442,tag5305
229.123,tag2495
229.618,tag5303
229.651,tag2494
229.465,tag5311
229.593,tag5282
229.098,tag6478
229.415,tag2493
229.593,tag2477
229.850,tag5293
229.398,tag2493
229.464,tag6487
229.991,tag5296
229.261,tag5294
229.139,tag5285
229.945,tag5310
229.048,tag5308
229.201,tag6468
229.820,tag5283
229.351,tag5282
229.039,tag5290
229.327,tag2488
230.766,tag6475
230.923,tag2465
230.640,tag5815
230.633,tag2467
230.575,tag5309
230.376,tag6482
230.145,tag2486
230.673,tag2489
230.269,tag2490
230.500,tag2482
230.393,tag2465
230.535,tag2486
230.864,tag11378
230.277,tag5287
230.495,tag2493
230.844,tag5311
230.761,tag6477
230.330,tag5299
230.186,tag6483
230.671,tag5304
230.370,tag6492
230.625,tag2481
230.252,tag5309
230.019,tag7481
230.534,tag6491
230.989,tag2467
230.949,tag5306
230.369,tag2495
230.328,tag2489
230.177,tag2484
230.576,tag6476
230.412,tag5280
230.532,tag2464
230.035,tag2491
230.394,tag5290
230.061,tag5299
230.923,tag5290
230.537,tag2490
230.094,tag6475
230.610,tag2484
231.874,tag6478
231.004,tag2485
231.045,tag5298
231.643,tag5294
231.905,tag6489
231.241,tag5304
231.337,tag5289
231.325,tag6492
231.188,tag2472
231.271,tag5302
231.899,tag5299
231.152,tag6469
231.618,tag6488
231.083,tag5298
231.008,tag6470
231.083,tag6469
231.271,tag5288
231.572,tag6473
231.151,tag5282
231.309,tag5288
231.922,tag6490
231.031,tag2495
231.683,tag6870
231.848,tag6478
231.287,tag5302
231.180,tag6464
231.652,tag5281
231.815,tag2472
231.454,tag2488
231.051,tag5282
231.701,tag5299
231.487,tag10627
231.288,tag6465
231.981,tag5311
231.791,tag5303
231.524,tag6493
231.754,tag6482
231.535,tag2487
231.376,tag2495
231.726,tag6473
232.691,tag2473
232.776,tag5192
232.029,tag6479
232.657,tag6491
232.161,tag5302
232.840,tag2490
232.396,tag6468
232.743,tag2469
232.398,tag6478
232.890,tag2464
232.680,tag2467
232.362,tag5287
232.996,tag5307
232.075,tag6492
232.064,tag6480
232.515,tag2478
232.417,tag2474
232.061,tag5287
232.229,tag5309
232.382,tag5300
232.906,tag2467
232.552,tag5294
232.967,tag5284
232.916,tag6470
232.812,tag6487
232.851,tag2466
232.568,tag2482
232.914,tag2491
232.040,tag2485
232.945,tag5280
232.016,tag11360
232.795,tag6468
232.540,tag2465
232.718,tag6490
232.592,tag2488
232.051,tag5297
232.635,tag6492
232.779,tag6483
232.603,tag6480
232.432,tag2472
233.061,tag2494
233.029,tag2467
233.187,tag2475
233.650,tag7597
233.221,tag5292
233.556,tag6492
233.206,tag6492
233.616,tag6471
233.142,tag5284
233.264,tag2493
233.692,tag5310
233.529,tag2466
233.114,tag10683
233.890,tag6470
233.687,tag6490
233.162,tag6479
233.172,tag2483
233.889,tag6491
233.916,tag6468
233.092,tag2487
233.200,tag5284
233.184,tag2471
233.532,tag5280
233.141,tag6476
233.203,tag2473
233.900,tag5289
233.149,tag2495
233.848,tag5028
233.241,tag11979
233.910,tag2488
233.512,tag2464
233.287,tag5304
233.821,tag6476
233.981,tag2471
233.039,tag5310
233.714,tag6493
233.918,tag5304
233.554,tag5301
233.522,tag6480
233.847,tag2469
234.717,tag6466
234.762,tag5304
234.667,tag6480
234.595,tag6590
234.549,tag2475
234.487,tag5289
234.588,tag5310
234.293,tag5302
234.869,tag5311
234.211,tag2487
234.756,tag6492
234.717,tag2485
234.724,tag6476
234.618,tag2494
234.565,tag5306
234.361,tag5290
234.430,tag6474
234.057,tag2045
234.396,tag5304
234.978,tag5293
234.343,tag5310
234.701,tag6466
234.798,tag2479
234.349,tag3856
234.987,tag6485
234.152,tag6481
234.317,tag2488
234.615,tag2482
234.478,tag6480
234.346,tag6481
234.756,tag2467
234.788,tag2487
234.599,tag5301
234.147,tag2470
234.959,tag3142
234.178,tag5293
234.236,tag2486
234.975,tag7852
234.436,tag6482
234.109,tag5300
235.224,tag6488
235.727,tag5283
235.261,tag492
235.078,tag5280
235.948,tag5308
235.407,tag2490
235.114,tag6495
235.072,tag6486
235.618,tag6475
235.989,tag5300
235.172,tag2486
235.639,tag6481
235.290,tag11482
235.042,tag5301
235.204,tag5310
235.210,tag6465
235.990,tag5306
235.862,tag5295
235.407,tag2481
235.437,tag6495
235.136,tag6487
235.667,tag6494
235.687,tag2476
235.663,tag5302
235.374,tag2479
235.339,tag2468
235.223,tag6474
235.636,tag5283
235.353,tag5288
235.173,tag2484
235.628,tag6489
235.218,tag2466
235.703,tag2468
235.195,tag4433
235.515,tag6465
235.191,tag2492
235.571,tag6482
235.724,tag2490
235.020,tag5294
235.191,tag4666
236.536,tag5293
236.319,tag2482
236.422,tag5288
236.942,tag5287
236.430,tag5293
236.974,tag6488
236.409,tag2492
236.953,tag5280
236.799,tag5308
236.845,tag2471
236.975,tag6468
236.872,tag2474
236.513,tag5307
236.733,tag5300
236.603,tag5295
236.686,tag2488
236.165,tag2465
236.806,tag2478
236.994,tag2478
236.121,tag2490
236.183,tag2488
236.037,tag11719
236.860,tag6473
236.813,tag2493
236.770,tag5287
236.740,tag7106
236.388,tag2488
236.380,tag7621
236.592,tag2474
236.170,tag11066
236.693,tag6473
236.956,tag2484
236.694,tag10099
236.198,tag2466
236.236,tag5305
236.464,tag2472
236.235,tag6483
236.919,tag9162
236.391,tag6466
236.392,tag5296
237.999,tag5311
237.387,tag6470
237.919,tag2468
237.290,tag6471
237.704,tag2474
237.422,tag5280
237.784,tag6475
237.368,tag5296
237.268,tag9422
237.187,tag2495
237.229,tag6469
237.932,tag6477
237.907,tag2470
237.159,tag6481
237.844,tag6486
237.323,tag446
238.000,tag6465
237.197,tag5291
237.844,tag6476
237.398,tag5289
237.830,tag2477
237.897,tag5299
237.016,tag6484
237.231,tag2476
237.052,tag2475
237.728,tag6494
237.094,tag2493
237.449,tag5288
237.897,tag2491
237.277,tag2467
237.247,tag6480
237.048,tag5280
237.109,tag5287
237.086,tag5302
237.753,tag6466
237.361,tag6491
237.296,tag7385
237.977,tag6482
237.641,tag2490
237.045,tag5310
238.523,tag11748
238.680,tag6492
238.435,tag2480
238.862,tag2472
238.667,tag6469
238.067,tag9000
238.827,tag2494
238.956,tag2491
238.692,tag6479
238.889,tag5289
238.843,tag5656
238.001,tag6479
238.877,tag2494
238.671,tag6474
238.469,tag6473
238.370,tag5303
238.512,tag6488
238.219,tag2481
238.995,tag7367
238.538,tag5293
238.145,tag2472
238.013,tag2484
238.896,tag5292
238.578,tag6465
238.888,tag6471
238.576,tag5294
238.567,tag5307
238.226,tag6493
238.191,tag5298
238.207,tag11009
238.763,tag5294
238.828,tag5287
238.684,tag5311
238.564,tag5293
238.152,tag2468
238.616,tag2492
238.631,tag6470
238.730,tag6473
238.223,tag1538
238.567,tag2481
239.806,tag5290
239.543,tag6478
239.341,tag6471
239.622,tag2494
239.281,tag6469
239.868,tag6482
239.272,tag6466
239.232,tag6479
239.550,tag5892
239.544,tag5304
239.038,tag2477
239.099,tag6609
239.956,tag2494
239.127,tag6493
239.197,tag6471
239.464,tag6491
239.780,tag5290
239.326,tag5287
239.760,tag6469
239.911,tag2490
239.570,tag2485
239.813,tag5283
239.240,tag5305
239.641,tag5298
239.486,tag2511
239.200,tag6474
239.336,tag2479
239.432,tag2465
239.753,tag2494
239.655,tag5281
239.521,tag2478
239.008,tag5280
239.751,tag2478
239.835,tag2465
239.501,tag5288
239.842,tag6492
239.795,tag6478
239.424,tag5300
239.952,tag2471
239.301,tag6481
240.322,tag2491
240.945,tag5282
240.513,tag6480
240.334,tag6472
240.449,tag2491
240.087,tag2474
240.002,tag6467
240.092,tag2482
240.813,tag9219
240.692,tag6487
240.683,tag6479
240.499,tag6475
240.821,tag6491
240.333,tag6465
240.615,tag6494
240.764,tag2470
240.462,tag5285
240.825,tag2489
240.009,tag6474
240.336,tag2469
240.860,tag5294
240.921,tag2469
240.621,tag6493
240.870,tag2474
240.899,tag6480
240.168,tag2466
240.296,tag6488
240.603,tag2470
240.033,tag2481
240.079,tag2491
240.050,tag6467
240.642,tag6494
240.584,tag5307
240.954,tag6493
240.656,tag2475
240.232,tag5291
240.946,tag5300
240.225,tag5304
240.424,tag6464
240.208,tag4006
241.519,tag6482
241.923,tag10386
241.721,tag5291
241.381,tag2476
241.222,tag5310
241.300,tag6490
241.457,tag9444
241.547,tag6485
241.220,tag6466
241.203,tag5288
241.628,tag6491
241.045,tag5307
241.121,tag5285
241.194,tag6481
241.667,tag9162
241.071,tag6473
241.650,tag5309
241.056,tag5309
241.667,tag6489
241.870,tag6495
241.530,tag6488
241.463,tag6473
241.119,tag6468
241.175,tag2487
241.257,tag6471
241.340,tag6464
241.398,tag2464
241.677,tag5302
241.498,tag5302
241.647,tag9657
241.678,tag6494
241.407,tag2465
241.965,tag5304
241.644,tag2469
241.086,tag2465
241.275,tag2485
241.779,tag6464
241.789,tag6487
241.438,tag5294
241.603,tag6471
242.606,tag5304
242.766,tag6486
242.896,tag7812
242.073,tag10324
242.763,tag6473
242.313,tag7147
242.068,tag2480
242.338,tag2486
242.004,tag558
242.190,tag6471
242.622,tag5296
242.983,tag5285
242.703,tag6486
242.790,tag6491
242.947,tag2488
242.679,tag6473
242.303,tag2478
242.595,tag5299
242.636,tag5182
242.128,tag5301
242.028,tag2481
242.553,tag5302
242.888,tag5292
242.873,tag6491
242.770,tag5309
242.228,tag6473
242.745,tag2487
242.512,tag2480
242.221,tag6479
242.761,tag5933
242.336,tag5299
242.901,tag2469
242.095,tag5294
242.068,tag6470
242.357,tag5302
242.055,tag6491
242.578,tag6478
242.208,tag6476
242.513,tag2488
242.384,tag6488
243.607,tag2486
243.967,tag6493
243.926,tag6466
243.374,tag2470
243.180,tag7174
243.687,tag5301
243.977,tag2477
243.365,tag6483
243.078,tag6476
243.105,tag6481
243.373,tag6728
243.024,tag5290
243.511,tag5309
243.283,tag5290
243.528,tag2465
243.195,tag2476
243.968,tag5308
243.156,tag2475
243.811,tag6484
243.209,tag5311
243.944,tag5285
243.901,tag2495
243.840,tag6493
243.526,tag2474
243.126,tag5308
243.633,tag5299
243.909,tag5290
243.426,tag5305
243.549,tag5198
243.840,tag2482
243.877,tag5152
243.573,tag2486
243.072,tag6492
243.913,tag8414
243.287,tag2494
243.095,tag6465
243.667,tag5294
243.018,tag6472
243.656,tag6475
243.462,tag5306
244.050,tag2466
244.931,tag5302
244.598,tag2474
244.615,tag1598
244.700,tag6495
244.587,tag11075
244.996,tag2491
244.292,tag5304
244.065,tag6465
244.135,tag2467
244.027,tag6491
244.203,tag6482
244.338,tag6475
244.709,tag5309
244.089,tag2483
244.040,tag6468
244.752,tag6479
244.165,tag5297
244.082,tag6486
244.237,tag5303
244.930,tag5284
244.767,tag5299
244.208,tag6468
244.048,tag2481
244.534,tag6477
244.704,tag6483
244.711,tag2485
244.803,tag6468
244.481,tag10822
244.305,tag5305
244.313,tag5302
244.631,tag5311
244.814,tag5299
244.738,tag5304
244.258,tag1358
244.289,tag2484
244.893,tag6495
244.378,tag6485
244.893,tag5309
244.863,tag2484
245.601,tag5280
245.745,tag2493
245.031,tag2479
245.728,tag2476
245.046,tag5303
245.642,tag5295
245.560,tag2488
245.491,tag5281
245.541,tag10752
245.084,tag387
245.921,tag5308
245.616,tag2464
245.530,tag5289
245.328,tag3309
245.897,tag6464
245.744,tag5288
245.439,tag1564
245.266,tag6477
245.659,tag6491
245.461,tag2480
245.035,tag2470
245.519,tag6469
245.755,tag5298
245.583,tag6474
245.154,tag6467
245.773,tag6471
245.532,tag6484
245.038,tag11139
245.159,tag6485
245.174,tag5310
245.382,tag6482
245.504,tag6486
245.846,tag2471
245.225,tag6477
245.836,tag6470
245.394,tag5299
245.351,tag5304
245.221,tag3576
245.854,tag5304
245.773,tag5860
246.050,tag2489
246.117,tag6466
246.293,tag6470
246.195,tag2491
246.836,tag6470
246.211,tag6482
246.958,tag6490
246.002,tag6474
246.262,tag2468
246.319,tag6475
246.283,tag5282
246.618,tag5287
246.185,tag6471
246.080,tag2482
246.110,tag2468
246.788,tag2478
246.916,tag5303
246.255,tag2493
246.212,tag5286
246.874,tag2472
246.523,tag2492
246.079,tag2471
246.164,tag5310
246.059,tag5289
246.544,tag6465
246.507,tag6470
246.388,tag5290
246.876,tag2479
246.476,tag6483
246.199,tag3623
246.356,tag2481
246.205,tag2464
246.088,tag5300
246.722,tag2474
246.055,tag5287
246.481,tag2491
246.231,tag5286
246.736,tag6495
246.349,tag6477
246.251,tag2493
247.058,tag2477
247.208,tag6467
247.158,tag5298
247.688,tag5294
247.112,tag5311
247.163,tag2486
247.845,tag5304
247.857,tag2489
247.218,tag5287
247.006,tag2475
247.583,tag6466
247.230,tag2469
247.318,tag6488
247.157,tag5291
247.204,tag2483
247.946,tag6488
247.277,tag2481
247.547,tag5301
247.629,tag6464
247.069,tag5308
247.118,tag5296
247.516,tag6473
247.220,tag2477
247.630,tag5290
247.304,tag5286
247.044,tag2482
247.955,tag2475
247.506,tag2485
247.995,tag6492
247.660,tag6474
247.658,tag6464
247.969,tag406
247.415,tag2485
247.986,tag6485
247.344,tag5308
247.435,tag2489
247.022,tag6478
247.546,tag6479
247.367,tag6492
247.133,tag6476
248.803,tag2495
248.315,tag2477
248.745,tag6465
248.832,tag5300
248.861,tag2466
248.073,tag6495
248.271,tag5299
248.793,tag8941
248.875,tag6489
248.439,tag5303
248.896,tag2465
248.542,tag6484
248.324,tag8260
248.141,tag2470
248.239,tag2478
248.003,tag10204
248.583,tag2761
248.970,tag6485
248.578,tag2487
248.429,tag6472
248.015,tag6475
248.114,tag6484
248.892,tag5303
248.654,tag2487
248.814,tag5296
248.484,tag2467
248.988,tag2482
248.836,tag6465
248.489,tag6491
248.360,tag810
248.720,tag2477
248.626,tag6466
248.483,tag6493
248.540,tag5303
248.534,tag2489
248.055,tag9894
248.760,tag6492
248.697,tag2479
248.428,tag2485
248.499,tag6479
249.181,tag6487
249.359,tag6479
249.389,tag2464
249.851,tag5300
249.979,tag4370
249.997,tag5289
249.395,tag2492
249.424,tag5280
249.514,tag2485
249.548,tag6487
249.383,tag2473
249.845,tag2481
249.725,tag5288
249.922,tag2484
249.329,tag6469
249.719,tag2481
249.819,tag6466
249.651,tag5296
249.143,tag2476
249.314,tag6473
249.024,tag5281
249.213,tag9170
249.824,tag7994
249.146,tag2489
249.519,tag6495
249.602,tag87
249.874,tag6471
249.804,tag6466
249.859,tag2473
249.133,tag2494
249.627,tag2492
249.601,tag6484
249.607,tag5281
249.831,tag2494
249.377,tag5281
249.206,tag5289
249.608,tag6478
249.691,tag5305
249.866,tag5310
249.361,tag6478
250.135,tag6478
250.529,tag4909
250.692,tag5286
250.954,tag6465
250.168,tag5627
250.103,tag6494
250.907,tag6473
250.688,tag6495
250.793,tag6479
250.169,tag2485
250.507,tag6492
250.401,tag6477
250.561,tag10867
250.368,tag6469
250.639,tag5297
250.336,tag6474
250.008,tag2488
250.467,tag2491
250.957,tag8820
250.840,tag4760
250.048,tag6468
250.451,tag5285
250.608,tag6478
250.793,tag8752
250.553,tag6481
250.364,tag2486
250.788,tag5303
250.302,tag6487
250.814,tag2475
250.913,tag2478
250.107,tag2465
250.593,tag5292
250.366,tag10834
250.784,tag2475
250.647,tag5284
250.563,tag5304
250.909,tag5308
250.951,tag2474
250.705,tag2480
250.918,tag5297
251.748,tag2473
251.836,tag6468
251.093,tag10053
251.317,tag6491
251.034,tag6470
251.435,tag5281
251.610,tag2465
251.283,tag5297
251.561,tag5304
251.531,tag5282
251.619,tag6479
251.965,tag6472
251.367,tag2495
251.696,tag6477
251.105,tag6494
251.872,tag2495
251.085,tag2489
251.179,tag6478
251.687,tag6961
251.798,tag2467
251.785,tag2493
251.478,tag5310
251.455,tag5294
251.979,tag6471
251.333,tag5300
251.336,tag6491
251.670,tag5309
251.134,tag11141
251.746,tag5290
251.158,tag5285
251.788,tag7102
251.286,tag11375
251.630,tag5299
251.125,tag6468
251.402,tag6490
251.370,tag5282
251.386,tag5298
251.003,tag2495
251.574,tag6470
251.046,tag6469
252.744,tag6468
252.632,tag5301
252.986,tag5295
252.513,tag3121
252.351,tag6471
252.203,tag6465
252.669,tag5308
252.013,tag2467
252.090,tag2485
252.157,tag5305
252.256,tag6490
252.547,tag2493
252.138,tag2466
252.430,tag5283
252.042,tag5297
252.621,tag6474
252.061,tag2484
252.837,tag6482
252.395,tag5300
252.226,tag2476
252.250,tag2487
252.874,tag5294
252.583,tag5281
252.206,tag5287
252.778,tag2482
252.428,tag6475
252.204,tag5296
252.498,tag2467
252.587,tag2477
252.987,tag2473
252.439,tag5299
252.550,tag2470
252.304,tag5292
252.221,tag6477
252.157,tag5293
252.201,tag2468
252.437,tag5289
252.716,tag6492
252.648,tag5280
252.029,tag6486
253.409,tag5296
253.666,tag5307
253.463,tag5287
253.192,tag6493
253.657,tag2493
253.438,tag4355
253.181,tag2465
253.672,tag6481
253.673,tag6494
253.227,tag5299
253.208,tag5307
253.689,tag6489
253.143,tag5303
253.163,tag5293
253.913,tag2490
253.056,tag5300
253.944,tag5306
253.922,tag2467
253.317,tag6495
253.294,tag5310
253.035,tag5289
253.103,tag2476
253.132,tag2482
253.790,tag6490
253.854,tag5295
253.679,tag11614
253.200,tag6491
253.641,tag6473
253.983,tag5304
253.812,tag2491
253.979,tag2487
253.987,tag2485
253.917,tag5307
253.541,tag5302
253.606,tag5309
253.868,tag2491
253.712,tag5968
253.320,tag6472
253.679,tag6486
253.726,tag2485
254.372,tag2493
254.796,tag2464
254.215,tag5305
254.799,tag5305
254.035,tag192
254.214,tag746
254.216,tag5296
254.645,tag2464
254.568,tag2464
254.543,tag5288
254.727,tag6464
254.555,tag6480
254.964,tag2481
254.341,tag2470
254.596,tag2464
254.854,tag2494
254.752,tag5306
254.588,tag2475
254.168,tag2481
254.766,tag2492
254.169,tag5301
254.849,tag6491
254.114,tag6482
254.647,tag5284
254.570,tag2491
254.645,tag6473
254.020,tag2489
254.970,tag6470
254.324,tag6495
254.224,tag6464
254.174,tag5285
254.386,tag2464
254.323,tag6482
254.005,tag6467
254.409,tag5293
254.242,tag2475
254.140,tag2487
254.911,tag5300
254.268,tag6465
254.320,tag2475
255.213,tag6488
255.980,tag5305
255.328,tag6495
255.059,tag6493
255.193,tag2183
255.022,tag6467
255.258,tag5304
255.484,tag5296
255.414,tag5300
255.970,tag5287
255.907,tag6467
255.157,tag6476
255.045,tag2474
255.538,tag5308
255.099,tag2489
255.211,tag2479
255.102,tag2493
255.170,tag6472
255.701,tag5295
255.436,tag6493
255.993,tag2488
255.003,tag2495
255.229,tag5294
255.257,tag6491
255.011,tag6495
255.344,tag2488
255.032,tag2807
255.301,tag2475
255.212,tag6476
255.469,tag6480
255.426,tag2474
255.298,tag6491
255.526,tag6492
255.853,tag7328
255.906,tag5282
255.273,tag5296
255.716,tag5300
255.259,tag2472
255.793,tag2473
255.629,tag5301
256.269,tag6487
256.419,tag5288
256.605,tag5292
256.106,tag6491
256.694,tag2493
256.221,tag6482
256.856,tag5310
256.178,tag6469
256.195,tag5284
256.853,tag5261
256.473,tag6478
256.198,tag2488
256.434,tag11050
256.920,tag5286
256.287,tag2474
256.059,tag5305
256.487,tag5293
256.131,tag6477
256.455,tag2495
256.106,tag5287
256.168,tag5847
256.915,tag5298
256.235,tag5295
256.484,tag6493
256.989,tag2494
256.822,tag4882
256.797,tag2478
256.649,tag9899
256.297,tag2481
256.414,tag4803
256.054,tag2494
256.324,tag6490
256.282,tag6477
256.400,tag2466
256.738,tag5286
256.960,tag2473
256.606,tag2492
256.041,tag2493
256.952,tag5311
256.797,tag2480
257.463,tag6469
257.723,tag2481
257.206,tag2489
257.027,tag5290
257.078,tag2483
257.214,tag2488
257.006,tag6495
257.777,tag5288
257.308,tag2495
257.171,tag8341
257.614,tag6490
257.510,tag6490
257.594,tag5289
257.420,tag6476
257.268,tag6471
257.038,tag6490
257.954,tag236
257.537,tag6474
257.605,tag5303
257.363,tag2465
257.324,tag2475
257.195,tag10530
257.830,tag2467
257.028,tag6485
257.791,tag460
257.874,tag5308
257.773,tag5294
257.013,tag4527
257.115,tag6483
257.069,tag6469
257.937,tag5306
257.688,tag5286
257.770,tag2467
257.508,tag2482
257.230,tag6469
257.463,tag2471
257.215,tag5305
257.599,tag2482
257.426,tag5300
257.224,tag6492
258.092,tag5298
258.103,tag6483
258.109,tag5302
258.032,tag5293
258.185,tag5298
258.666,tag2477
258.377,tag2478
258.090,tag6483
258.928,tag6482
258.913,tag2469
258.173,tag5303
258.529,tag6481
258.624,tag2484
258.872,tag6482
258.490,tag5307
258.958,tag5300
258.798,tag5290
258.648,tag6488
258.151,tag2488
258.116,tag6468
258.360,tag8605
258.692,tag10621
258.861,tag8310
258.682,tag6476
258.584,tag5297
258.263,tag9930
258.882,tag2485
258.450,tag2476
258.115,tag8545
258.691,tag5304
258.452,tag6480
258.142,tag6466
258.790,tag3250
258.567,tag6486
258.288,tag2471
258.823,tag2478
258.390,tag2467
258.322,tag5307
258.601,tag2464
258.994,tag5292
259.892,tag2494
259.218,tag2495
259.123,tag2488
259.554,tag5293
259.926,tag2476
259.760,tag2473
259.889,tag5292
259.829,tag3874
259.934,tag2494
259.033,tag5281
259.405,tag2469
259.994,tag2468
259.418,tag5292
259.191,tag2480
259.020,tag5293
259.554,tag6467
259.985,tag2471
259.411,tag5306
259.140,tag2488
259.365,tag2487
259.501,tag6476
259.785,tag6481
259.703,tag6475
259.414,tag2491
259.017,tag9271
259.054,tag2480
259.784,tag6475
259.460,tag5287
259.778,tag2476
259.907,tag5287
259.634,tag2488
259.493,tag6492
259.748,tag267
259.063,tag5307
259.858,tag5290
259.027,tag6473
259.798,tag5306
259.524,tag5298
259.183,tag2470
259.657,tag5302
260.838,tag5299
260.828,tag6473
260.283,tag2473
260.601,tag2488
260.129,tag2486
260.379,tag2479
260.276,tag6471
260.036,tag5308
260.169,tag5291
260.742,tag6482
260.209,tag2486
260.269,tag2467
260.112,tag2476
260.177,tag5307
260.568,tag4475
260.721,tag2467
260.906,tag5302
260.722,tag6465
260.916,tag6483
260.377,tag11478
260.605,tag2472
260.987,tag2495
260.991,tag2492
260.766,tag6478
260.357,tag2494
260.040,tag2471
260.801,tag5280
260.507,tag2488
260.784,tag6494
260.680,tag6492
260.575,tag2484
260.606,tag6472
260.314,tag2490
260.720,tag6476
260.583,tag6480
260.041,tag2493
260.551,tag6480
260.828,tag4277
260.420,tag6494
260.226,tag6483
261.597,tag5285
261.491,tag5302
261.150,tag5311
261.851,tag5292
261.694,tag6471
261.799,tag5286
261.678,tag2466
261.018,tag6477
261.517,tag9213
261.268,tag6469
261.361,tag5311
261.002,tag5290
261.619,tag6492
261.995,tag5738
261.152,tag5297
261.180,tag6479
261.367,tag6470
261.829,tag5282
261.617,tag6472
261.993,tag6470
261.923,tag5296
261.535,tag5285
261.089,tag5852
261.495,tag5496
261.451,tag2474
261.111,tag6478
261.199,tag2476
261.053,tag5305
261.085,tag5304
261.990,tag2477
261.813,tag10216
262.000,tag2469
261.410,tag5286
261.033,tag5283
261.635,tag5291
261.153,tag6488
261.589,tag6481
261.463,tag6466
261.879,tag5306
261.975,tag2492
262.646,tag5302
262.637,tag2490
263.000,tag5297
262.908,tag2482
262.056,tag5293
262.590,tag5298
262.607,tag2478
262.833,tag2486
262.741,tag6468
262.877,tag2476
262.861,tag6472
262.452,tag6467
262.204,tag2469
262.021,tag6472
262.815,tag5286
262.071,tag6486
262.721,tag6486
262.601,tag6468
262.718,tag6488
262.916,tag2469
262.018,tag2471
262.640,tag6487
262.065,tag2800
262.025,tag2479
262.869,tag6477
262.111,tag5308
262.113,tag5303
262.875,tag6474
262.055,tag2484
262.898,tag2493
262.555,tag5309
262.021,tag5308
262.705,tag5281
262.407,tag2471
262.377,tag2490
262.736,tag2485
262.386,tag6489
262.478,tag2490
262.963,tag2469
262.123,tag6470
263.287,tag10631
263.493,tag6467
263.559,tag6480
263.959,tag5309
263.758,tag5302
263.708,tag4724
263.298,tag6485
263.037,tag2472
263.959,tag2487
263.924,tag5289
263.593,tag6475
263.285,tag6464
263.769,tag2468
263.613,tag5288
263.956,tag2479
263.996,tag6483
263.165,tag6471
263.679,tag5295
263.006,tag5301
263.185,tag6484
263.971,tag6495
263.545,tag2471
263.786,tag5290
263.976,tag2487
263.732,tag2488
263.506,tag6482
263.699,tag2470
263.507,tag6495
263.083,tag2474
263.804,tag6467
263.789,tag2031
263.532,tag2470
263.955,tag2469
263.352,tag2476
263.182,tag5289
263.248,tag5152
263.634,tag3439
263.007,tag2480
263.852,tag6482
263.724,tag2480
264.884,tag5307
264.686,tag5288
264.331,tag8468
264.051,tag2472
264.258,tag6465
264.155,tag6469
264.036,tag2490
264.715,tag5281
264.020,tag6469
264.493,tag6492
264.743,tag5299
264.160,tag5307
264.570,tag6471
264.300,tag5286
264.985,tag2469
264.004,tag2487
264.416,tag2485
264.656,tag5294
264.957,tag6488
264.776,tag4861
264.204,tag2475
264.549,tag5297
264.285,tag2489
264.669,tag5284
264.746,tag2476
264.593,tag5307
264.569,tag5287
264.139,tag11202
264.513,tag6494
264.128,tag935
264.453,tag5286
264.609,tag2471
264.011,tag5291
264.803,tag6484
264.847,tag6486
264.382,tag6484
264.304,tag6465
264.195,tag5282
264.569,tag2470
264.147,tag2472
265.275,tag5301
265.066,tag6474
265.809,tag6472
265.552,tag6481
265.683,tag11597
265.980,tag2476
265.065,tag6491
265.061,tag6470
265.984,tag3614
265.746,tag8409
265.437,tag5296
265.119,tag6479
265.979,tag6481
265.900,tag5301
265.126,tag11184
265.681,tag5293
265.122,tag6466
265.496,tag5299
265.513,tag138
265.449,tag5292
265.972,tag2467
265.339,tag2473
265.965,tag2495
265.507,tag5289
265.893,tag6486
265.584,tag2487
265.520,tag5283
265.865,tag6479
265.864,tag5305
265.498,tag6473
265.813,tag6493
265.691,tag1766
265.035,tag5280
265.383,tag6489
265.070,tag2486
265.373,tag6491
265.794,tag5303
265.863,tag2467
265.639,tag6482
265.534,tag2494
266.663,tag6492
266.072,tag5284
266.001,tag6488
266.221,tag2467
266.167,tag2481
266.939,tag7557
266.225,tag2473
266.625,tag2484
266.380,tag5288
266.245,tag6476
266.144,tag2474
266.432,tag2486
266.682,tag5290
266.688,tag5298
266.976,tag5283
266.026,tag10035
266.191,tag6484
266.843,tag2469
266.675,tag5291
266.172,tag5287
266.023,tag5293
266.784,tag5282
266.758,tag2467
266.201,tag5295
266.902,tag6472
266.173,tag2484
266.102,tag6469
266.015,tag6479
266.628,tag5291
266.830,tag5862
266.189,tag6477
266.287,tag2013
266.756,tag2492
266.560,tag5310
266.695,tag6481
266.871,tag6486
266.009,tag5299
266.071,tag6470
266.482,tag2475
266.662,tag2469
267.453,tag6928
267.735,tag2495
267.183,tag2209
267.697,tag2465
267.538,tag2469
267.400,tag6488
267.186,tag6474
267.642,tag2466
267.096,tag5301
267.008,tag2491
267.093,tag6469
267.162,tag6476
267.396,tag5301
267.911,tag5300
267.785,tag2494
267.696,tag6495
267.615,tag2488
267.690,tag6483
267.358,tag6482
267.581,tag5293
267.200,tag6465
267.673,tag5299
267.999,tag2474
267.069,tag2485
267.824,tag6475
267.912,tag2476
267.446,tag5310
267.781,tag5307
267.024,tag2495
267.800,tag2489
267.762,tag2465
267.204,tag2476
267.261,tag2484
267.433,tag5308
267.401,tag6492
267.566,tag2474
267.223,tag6482
267.231,tag6483
267.679,tag2485
267.156,tag2468
268.128,tag5306
268.171,tag5287
268.335,tag6494
268.127,tag6478
268.234,tag2490
268.928,tag5285
268.602,tag6473
268.721,tag2490
268.635,tag2487
268.693,tag2485
268.691,tag6484
268.069,tag5309
268.995,tag6473
268.324,tag6471
268.917,tag11921
268.989,tag2053
268.940,tag5285
268.879,tag5286
268.774,tag2470
268.360,tag2817
268.838,tag6484
268.674,tag5291
268.731,tag6488
268.220,tag6490
268.471,tag2481
268.102,tag2477
268.551,tag5309
268.265,tag5310
268.368,tag5280
268.354,tag2464
268.445,tag2686
268.460,tag5292
268.557,tag2495
268.963,tag1945
268.124,tag7933
268.836,tag5302
268.559,tag6475
268.930,tag2467
268.059,tag6490
268.542,tag6494
269.524,tag5283
269.583,tag5307
269.398,tag2479
269.160,tag6468
269.444,tag2482
269.822,tag2479
269.217,tag6493
269.917,tag5294
269.121,tag2464
269.953,tag2494
269.597,tag5300
269.313,tag6493
269.138,tag2485
269.274,tag6494
269.942,tag7037
269.516,tag6476
269.292,tag2481
269.361,tag5310
269.945,tag5284
269.382,tag6487
269.695,tag2481
269.708,tag5300
269.901,tag6470
269.844,tag2469
269.471,tag2487
269.893,tag6493
269.159,tag5284
269.186,tag6474
269.969,tag6473
269.125,tag6487
269.524,tag6491
269.744,tag5294
269.231,tag2494
269.026,tag6470
269.107,tag2483
269.342,tag6465
269.769,tag2490
269.968,tag5298
269.406,tag6492
269.886,tag6482
270.337,tag6471
270.872,tag5302
270.580,tag6469
270.160,tag2484
270.898,tag6260
270.861,tag2467
270.466,tag5288
270.787,tag2467
270.878,tag1458
270.275,tag2481
270.967,tag5293
270.546,tag5284
270.333,tag5285
270.319,tag5296
270.288,tag5287
270.472,tag4669
270.353,tag5306
270.355,tag5295
270.682,tag5287
270.916,tag6486
270.877,tag6481
270.266,tag6477
270.046,tag2472
270.398,tag8973
270.243,tag6467
270.126,tag6468
270.516,tag6475
270.298,tag5285
270.967,tag6492
270.494,tag5310
270.255,tag6467
270.153,tag5290
270.227,tag6492
270.259,tag5290
270.609,tag8532
270.084,tag2476
270.044,tag2465
270.173,tag2485
270.772,tag5306
270.071,tag6473
271.040,tag2473
271.252,tag5306
271.938,tag2475
271.205,tag5281
271.471,tag5305
271.874,tag5293
271.004,tag5289
271.490,tag6482
271.368,tag6494
271.866,tag6494
271.151,tag2473
271.594,tag2472
271.210,tag5288
271.134,tag5288
271.368,tag5287
271.202,tag5298
271.556,tag2466
271.253,tag5309
271.351,tag8209
271.121,tag5299
271.318,tag6485
271.702,tag5282
271.973,tag5302
271.111,tag2467
271.189,tag6467
271.847,tag5296
271.732,tag5287
271.026,tag6468
271.854,tag2471
271.427,tag5296
271.312,tag2488
271.595,tag3825
271.275,tag7926
271.628,tag6469
271.387,tag5310
271.466,tag2466
271.179,tag2490
271.467,tag5300
271.044,tag5298
271.530,tag5285
272.929,tag5308
272.549,tag2494
272.032,tag2485
272.606,tag6470
272.417,tag5296
272.712,tag6475
272.719,tag6480
272.420,tag6478
272.827,tag6491
272.065,tag5309
272.383,tag6488
272.265,tag5307
272.602,tag2301
272.540,tag1905
272.897,tag2466
272.100,tag5302
272.721,tag5297
272.744,tag5291
272.926,tag3619
272.144,tag2468
272.051,tag2485
272.645,tag6490
272.075,tag5296
272.734,tag6492
272.066,tag6475
272.827,tag6487
272.429,tag6472
272.710,tag6473
272.614,tag5310
272.126,tag6472
272.449,tag6484
272.140,tag5499
272.017,tag2465
272.117,tag5295
272.672,tag5294
272.909,tag5293
272.252,tag6482
272.749,tag6472
272.285,tag5293
272.969,tag6483
273.422,tag2476
273.564,tag6486
273.913,tag2489
273.648,tag5287
273.575,tag2475
273.071,tag6488
273.755,tag5307
273.961,tag2469
273.415,tag5294
273.085,tag6493
273.726,tag2468
273.490,tag5303
273.947,tag2480
273.753,tag5308
273.562,tag5306
273.406,tag6467
273.081,tag2479
273.834,tag6468
273.011,tag5294
273.718,tag2474
273.219,tag5298
273.791,tag2478
273.985,tag5289
273.206,tag8608
273.576,tag5302
273.298,tag5294
273.563,tag5287
273.120,tag169
273.538,tag6476
273.589,tag6493
273.999,tag5306
273.880,tag2466
273.757,tag6489
273.895,tag2464
273.974,tag6489
273.194,tag2469
273.918,tag2487
273.172,tag2479
273.149,tag6486
273.154,tag5304
274.704,tag5082
274.325,tag5280
274.892,tag2467
274.358,tag5298
274.415,tag5299
274.735,tag6473
274.232,tag6470
274.597,tag6483
274.413,tag6475
274.734,tag5290
274.126,tag2464
274.608,tag2472
274.960,tag6470
274.971,tag2473
274.615,tag6491
274.579,tag5305
274.353,tag6465
274.271,tag2489
274.298,tag2486
274.705,tag6486
274.122,tag6476
274.850,tag6476
274.642,tag5299
274.262,tag2474
274.230,tag2467
274.997,tag2475
274.124,tag5286
274.506,tag2473
274.567,tag2495
274.125,tag2476
274.529,tag2477
274.333,tag2488
274.507,tag8387
274.149,tag2478
274.081,tag5307
274.147,tag5311
274.986,tag6491
274.082,tag2482
274.520,tag6493
274.561,tag6469
275.273,tag5310
275.267,tag6494
275.116,tag5295
275.224,tag5286
275.808,tag2492
275.708,tag5283
275.647,tag2466
275.268,tag5308
275.214,tag2474
275.064,tag5287
275.314,tag6470
275.153,tag11593
275.003,tag5309
275.527,tag6460
275.274,tag6493
275.847,tag5282
275.891,tag6478
275.665,tag2468
275.240,tag6464
275.357,tag5296
275.900,tag6482
275.140,tag6474
275.635,tag2494
275.023,tag5307
275.167,tag2492
275.169,tag2493
275.260,tag6469
275.570,tag2483
275.072,tag6487
275.997,tag6471
275.611,tag2481
275.686,tag2480
275.908,tag2480
275.862,tag5305
275.476,tag2472
275.508,tag5298
275.025,tag6475
275.986,tag6483
275.476,tag2479
275.078,tag5311
276.731,tag2470
276.913,tag6479
276.562,tag2468
276.230,tag5304
276.918,tag5305
276.368,tag2478
276.129,tag6495
276.124,tag6481
276.344,tag6464
276.529,tag3671
276.459,tag2484
276.527,tag5292
276.136,tag5305
276.731,tag6492
276.214,tag2358
276.626,tag5301
276.319,tag5288
276.712,tag2486
276.245,tag2471
276.540,tag5290
276.495,tag5283
276.828,tag5280
276.374,tag5289
276.292,tag2466
276.266,tag5292
276.902,tag5293
276.492,tag6486
276.203,tag6493
276.671,tag2485
276.134,tag5302
276.753,tag5304
276.481,tag2476
276.804,tag2494
276.100,tag5300
276.251,tag2483
276.767,tag5009
276.068,tag5290
276.415,tag2483
276.409,tag5305
276.991,tag2474
277.670,tag2489
277.895,tag5308
277.628,tag5304
277.261,tag5308
277.857,tag6481
277.820,tag5306
277.607,tag6468
277.224,tag5291
277.658,tag6481
277.000,tag2471
277.333,tag2495
277.461,tag2486
277.255,tag2470
277.799,tag2465
277.007,tag4747
277.243,tag5281
277.322,tag2488
277.009,tag2470
277.606,tag6478
277.385,tag5282
277.465,tag2475
277.844,tag2487
277.872,tag2494
277.728,tag5303
277.784,tag7266
277.293,tag2490
277.617,tag2487
277.226,tag2473
277.509,tag2490
277.469,tag2483
277.174,tag6474
277.565,tag6494
277.541,tag6488
277.067,tag2482
277.936,tag2483
277.627,tag2477
277.010,tag5295
277.664,tag5297
277.191,tag6479
277.525,tag6474
278.528,tag5284
278.561,tag6486
278.213,tag2478
278.912,tag6480
278.542,tag2470
278.141,tag5608
278.773,tag2471
278.804,tag6491
278.962,tag6475
278.385,tag9013
278.074,tag5286
278.290,tag3865
278.165,tag5309
278.397,tag6465
278.670,tag7582
278.922,tag6470
278.529,tag2472
278.140,tag2477
278.576,tag6466
278.644,tag2467
278.868,tag6474
278.504,tag2495
278.757,tag6469
278.145,tag5297
278.549,tag2472
278.374,tag5296
278.775,tag6467
278.893,tag6482
278.692,tag5306
278.632,tag2480
278.528,tag2483
278.923,tag6486
278.996,tag7399
278.370,tag1154
278.060,tag5285
278.307,tag5311
278.911,tag2486
278.204,tag5293
278.374,tag2485
278.759,tag6488
279.483,tag5306
279.253,tag5306
279.891,tag6480
279.267,tag6484
279.073,tag5291
279.249,tag5284
279.697,tag2486
279.754,tag6482
279.563,tag6469
279.103,tag2480
279.329,tag5294
279.803,tag2474
279.216,tag6479
279.646,tag6488
279.830,tag250
279.749,tag6482
279.480,tag6486
279.544,tag6476
279.367,tag6495
279.689,tag6473
279.924,tag5300
279.880,tag5294
279.792,tag6467
279.657,tag5309
279.582,tag4449
279.082,tag5308
279.311,tag5300
279.171,tag5297
279.377,tag4846
279.587,tag8154
279.639,tag2489
279.583,tag2466
279.566,tag4442
279.786,tag5280
279.058,tag11198
279.782,tag5288
279.643,tag2492
279.757,tag5308
279.219,tag6485
279.439,tag6467
280.392,tag5284
280.754,tag9217
280.782,tag2491
280.117,tag2482
280.084,tag6493
280.489,tag5300
280.264,tag6480
280.880,tag7868
280.527,tag5281
280.374,tag4512
280.812,tag6447
280.593,tag6488
280.442,tag2465
280.274,tag5311
280.003,tag5296
280.387,tag6493
280.282,tag6470
280.080,tag2465
280.554,tag2468
280.261,tag2471
280.053,tag6469
280.320,tag2479
280.201,tag2473
280.635,tag2492
280.867,tag6473
280.249,tag11446
280.940,tag6467
280.976,tag5293
280.465,tag2495
280.982,tag5280
280.862,tag2472
280.998,tag5295
280.572,tag5311
280.801,tag9335
280.311,tag6474
280.939,tag2480
280.174,tag6466
280.338,tag5288
280.625,tag7472
280.454,tag2469
281.185,tag5298
281.962,tag5306
281.337,tag2488
281.489,tag6486
281.456,tag2479
281.809,tag2477
281.083,tag2472
281.506,tag6472
281.628,tag1801
281.922,tag4128
281.861,tag2472
281.326,tag5305
281.502,tag5294
281.280,tag5301
281.240,tag2479
281.552,tag8803
281.523,tag6467
281.850,tag5280
281.411,tag5291
281.192,tag2468
281.378,tag2483
281.365,tag5311
281.057,tag2471
281.353,tag8032
281.703,tag2144
281.053,tag5286
281.917,tag6484
281.917,tag6479
281.433,tag6478
281.814,tag6489
281.384,tag6472
281.208,tag6470
281.571,tag6485
281.707,tag5302
281.310,tag5296
281.212,tag2491
281.742,tag5238
281.833,tag5306
281.130,tag1858
281.586,tag6477
282.878,tag2492
282.940,tag6480
282.808,tag6475
282.455,tag5300
282.523,tag6464
282.263,tag2491
282.689,tag2464
282.262,tag6467
282.131,tag6491
282.562,tag6477
282.040,tag5408
282.547,tag6478
282.113,tag2482
282.198,tag5299
282.394,tag5307
282.067,tag2480
282.845,tag6478
282.896,tag2470
282.930,tag6481
282.974,tag5284
282.019,tag2478
282.870,tag10237
282.503,tag5290
282.020,tag2482
282.591,tag6491
282.286,tag2494
282.563,tag6485
282.650,tag5311
282.486,tag6492
282.328,tag2469
282.898,tag6483
282.277,tag2483
282.797,tag6484
282.457,tag5293
282.994,tag5302
282.949,tag2473
282.076,tag5298
282.722,tag5307
282.569,tag5289
282.748,tag5298
283.823,tag2494
283.454,tag2465
283.556,tag6444
283.240,tag5303
283.047,tag6473
283.712,tag5288
283.150,tag6474
283.156,tag6231
283.999,tag6484
283.807,tag6465
283.363,tag6475
283.883,tag5311
283.749,tag5304
283.186,tag6465
283.690,tag6477
283.467,tag6482
283.372,tag6486
283.995,tag6482
283.267,tag6482
283.934,tag6492
283.201,tag6492
283.509,tag6466
283.328,tag6475
283.025,tag2469
283.294,tag2485
283.421,tag10300
283.105,tag5300
283.589,tag2475
283.052,tag5288
283.390,tag5309
283.644,tag6366
283.198,tag2491
283.803,tag6465
283.012,tag6485
283.677,tag2492
283.236,tag6493
283.240,tag5293
283.809,tag5303
283.511,tag5311
283.085,tag2464
284.634,tag5300
284.077,tag6486
284.311,tag2465
284.784,tag2470
284.741,tag9035
284.959,tag5293
284.078,tag5286
284.304,tag5404
284.604,tag5292
284.852,tag5307
284.899,tag6490
284.434,tag5294
284.149,tag2481
284.240,tag5284
284.977,tag6481
284.756,tag2465
284.798,tag6477
284.040,tag5283
284.268,tag6466
284.877,tag11148
284.596,tag10098
284.820,tag2464
284.261,tag2482
284.412,tag2465
284.825,tag5301
284.676,tag6474
284.671,tag9029
284.429,tag2468
284.761,tag9455
284.309,tag2482
284.235,tag2741
284.648,tag2482
284.159,tag6473
284.999,tag5298
284.869,tag6464
284.576,tag2488
284.429,tag5284
284.216,tag11412
284.928,tag2489
284.706,tag5283
285.846,tag2476
285.844,tag6484
285.650,tag5308
285.683,tag5297
285.887,tag6486
285.776,tag5292
285.594,tag2471
285.044,tag2475
285.768,tag6468
285.299,tag5291
285.087,tag2485
285.206,tag2480
285.112,tag2493
285.059,tag2466
285.061,tag5296
285.097,tag6465
285.833,tag2483
285.667,tag6492
285.639,tag2464
285.598,tag2483
285.971,tag5284
285.235,tag6482
285.861,tag6471
285.922,tag2481
285.947,tag6272
285.327,tag2493
285.028,tag2483
285.501,tag2473
285.155,tag5293
285.675,tag5300
285.832,tag2477
285.310,tag4869
285.419,tag6476
285.293,tag2479
285.907,tag2469
285.473,tag2494
285.173,tag5307
285.200,tag2490
285.720,tag6483
285.907,tag6474
286.004,tag6483
286.881,tag5309
286.912,tag5281
286.846,tag2468
286.592,tag4474
286.207,tag6464
286.892,tag10992
286.391,tag2466
286.512,tag6483
286.225,tag11343
286.785,tag6488
286.342,tag5300
286.433,tag5309
286.063,tag8419
286.221,tag6476
286.957,tag2488
286.101,tag5290
286.105,tag6495
286.260,tag5295
286.734,tag5300
286.132,tag2477
286.414,tag6470
286.918,tag5296
286.944,tag5306
286.359,tag2487
286.158,tag5297
286.823,tag6466
286.223,tag5291
286.145,tag6465
286.066,tag5289
286.837,tag5288
286.689,tag3020
286.757,tag6482
286.124,tag6479
286.889,tag6495
286.168,tag5291
286.798,tag6469
286.371,tag2472
286.214,tag2487
286.569,tag6481
287.722,tag2578
287.692,tag5289
287.833,tag6477
287.036,tag6472
287.474,tag2465
287.601,tag2467
287.002,tag6482
287.074,tag5309
287.234,tag6472
287.606,tag5289
287.881,tag5297
287.179,tag2475
287.750,tag2470
287.362,tag2468
287.505,tag5299
287.054,tag6472
287.627,tag2491
287.757,tag2482
287.913,tag5301
287.403,tag510
287.014,tag5298
287.062,tag5290
287.862,tag3960
287.265,tag5284
287.621,tag6467
287.436,tag5298
287.032,tag5300
287.514,tag6491
287.928,tag2488
287.031,tag5304
287.404,tag2486
287.766,tag2487
287.431,tag5285
287.449,tag2491
287.230,tag6480
287.895,tag2478
287.535,tag5286
287.801,tag6480
287.282,tag5292
287.014,tag6473
288.019,tag2479
288.404,tag2479
288.714,tag2474
288.768,tag6483
288.664,tag6467
288.083,tag6467
288.913,tag2477
288.576,tag2470
288.013,tag2469
288.389,tag2467
288.301,tag6473
288.025,tag5303
288.346,tag6477
288.662,tag2494
288.149,tag5309
288.258,tag2464
288.147,tag5310
288.332,tag5301
288.321,tag5301
288.023,tag6466
288.209,tag6494
288.410,tag5306
288.059,tag2465
288.089,tag6468
288.426,tag6479
288.299,tag9118
288.563,tag5292
288.429,tag2495
288.364,tag2491
288.957,tag6490
288.574,tag10110
288.304,tag5293
288.519,tag6481
288.902,tag2468
288.859,tag2494
288.554,tag6484
288.228,tag5957
288.513,tag6465
288.933,tag2472
288.941,tag2466
289.314,tag5304
289.168,tag2465
289.330,tag6495
289.463,tag2820
289.876,tag6489
289.935,tag6483
289.252,tag5305
289.191,tag5284
289.810,tag6468
289.888,tag3394
289.638,tag2466
289.048,tag6477
289.151,tag6646
289.005,tag214
289.818,tag5282
289.874,tag6472
289.537,tag6493
289.638,tag5943
289.208,tag6470
289.206,tag5305
289.409,tag10395
289.311,tag2470
289.890,tag6482
289.534,tag6467
289.466,tag6467
289.170,tag2470
289.856,tag5286
289.260,tag2482
289.862,tag5281
289.387,tag5297
289.946,tag5284
289.286,tag5298
289.559,tag5292
289.452,tag2540
289.101,tag6467
289.438,tag5301
289.324,tag6464
289.851,tag5308
289.943,tag5287
289.069,tag5301
290.205,tag5294
290.364,tag2476
290.254,tag6478
290.562,tag2477
290.793,tag5281
290.519,tag5304
290.501,tag5281
290.074,tag2486
290.156,tag9043
290.807,tag2465
290.434,tag2493
290.279,tag6484
290.117,tag2470
290.540,tag5300
290.740,tag6479
290.760,tag2464
290.654,tag6485
290.034,tag2475
290.275,tag5282
290.215,tag5289
290.544,tag6479
290.788,tag5300
290.777,tag3753
290.733,tag6466
290.432,tag5287
290.094,tag6686
290.644,tag6476
290.671,tag6493
290.291,tag6473
290.416,tag2486
290.174,tag2487
290.414,tag5309
290.238,tag5289
290.493,tag7785
290.498,tag2493
290.031,tag2471
290.370,tag2483
290.207,tag2476
290.864,tag2465
290.336,tag6469
291.823,tag7523
291.718,tag4100
291.117,tag2488
291.860,tag6492
291.350,tag10260
291.857,tag2493
291.726,tag2474
291.702,tag6490
291.730,tag5304
291.684,tag6468
291.066,tag5299
291.093,tag8292
291.715,tag2473
291.159,tag2493
291.515,tag5280
291.113,tag2482
291.156,tag6465
291.740,tag5310
291.631,tag5304
291.691,tag5303
291.602,tag5300
291.030,tag2484
291.687,tag6477
291.962,tag5305
291.418,tag5305
291.285,tag2480
291.002,tag5310
291.281,tag2493
291.081,tag4348
291.891,tag6486
291.323,tag2479
291.820,tag6478
291.312,tag6485
291.237,tag5289
291.069,tag2478
291.534,tag2479
291.215,tag5306
291.166,tag6487
291.653,tag4742
291.314,tag5300
292.306,tag6471
292.318,tag6482
292.492,tag2469
292.157,tag6487
292.237,tag6489
292.151,tag6468
292.167,tag6476
292.344,tag6481
292.716,tag2481
292.692,tag6483
292.155,tag5311
292.488,tag2495
292.994,tag6467
292.626,tag5301
292.917,tag2489
292.605,tag5311
292.983,tag2493
292.520,tag6480
292.973,tag2489
292.704,tag6464
292.618,tag5290
292.855,tag2491
292.855,tag2464
292.700,tag5284
292.274,tag2479
292.593,tag5285
292.610,tag5297
292.960,tag6465
292.754,tag5305
292.551,tag5306
292.172,tag5308
292.730,tag2489
292.370,tag6489
292.070,tag11936
292.331,tag2483
292.112,tag8770
292.316,tag2469
292.724,tag2483
292.767,tag5302
292.971,tag2471
293.255,tag11734
293.334,tag2483
293.028,tag6495
293.337,tag5308
293.568,tag2484
293.859,tag2487
293.154,tag2490
293.540,tag2480
293.022,tag2475
293.341,tag5300
293.174,tag5311
293.901,tag5309
293.621,tag10711
293.525,tag6475
293.376,tag2482
293.890,tag2475
293.843,tag2494
293.704,tag6483
293.067,tag2484
293.971,tag8099
293.484,tag2484
293.710,tag6478
293.392,tag9632
293.074,tag5288
293.234,tag2484
293.321,tag6479
293.715,tag2490
293.674,tag5302
293.819,tag5299
293.210,tag6478
293.364,tag2494
293.766,tag5309
293.259,tag6472
293.563,tag6487
293.666,tag5292
293.469,tag6494
293.713,tag6494
293.686,tag6464
293.780,tag5291
293.043,tag7153
294.294,tag5303
294.877,tag9922
294.701,tag2487
294.193,tag2474
294.835,tag5300
294.336,tag2483
294.221,tag6490
294.550,tag2476
294.526,tag2482
294.853,tag2485
295.000,tag761
294.859,tag6465
294.961,tag2464
294.479,tag6486
294.754,tag5280
294.697,tag2482
294.950,tag6490
294.950,tag2487
294.639,tag5290
294.237,tag2492
294.351,tag2488
294.445,tag2494
294.978,tag2466
294.382,tag2467
294.493,tag6478
294.627,tag6489
294.214,tag5301
294.228,tag5288
294.543,tag5290
294.361,tag5287
294.469,tag6466
294.116,tag6488
294.681,tag6486
294.029,tag6495
294.041,tag2465
294.904,tag5311
294.178,tag7525
294.030,tag6474
294.707,tag2145
294.011,tag5287
295.029,tag981
295.484,tag6471
295.640,tag5285
295.982,tag5288
295.881,tag3205
295.672,tag5280
295.563,tag6479
295.865,tag6472
295.783,tag5282
295.004,tag2477
295.760,tag6494
295.720,tag2490
295.731,tag6464
295.720,tag6483
295.416,tag5298
295.942,tag8293
295.746,tag5298
295.229,tag6468
295.728,tag2466
295.908,tag5282
295.395,tag5301
295.786,tag5289
295.771,tag2465
295.643,tag5282
295.877,tag5280
295.207,tag2472
295.714,tag6746
295.417,tag2466
295.853,tag5306
295.370,tag2472
295.505,tag2481
295.711,tag6480
295.629,tag5281
295.464,tag4989
295.743,tag9221
295.190,tag5285
295.565,tag2464
295.094,tag2486
295.131,tag2490
295.021,tag5288
296.863,tag8046
296.867,tag2478
296.095,tag5306
296.740,tag5302
296.278,tag5299
296.950,tag1760
296.474,tag6468
296.355,tag2484
296.006,tag5288
296.424,tag6483
296.117,tag2476
296.571,tag5309
296.478,tag2480
296.530,tag5307
296.546,tag6487
296.266,tag10395
296.543,tag6486
296.572,tag6494
296.727,tag2493
296.196,tag6495
296.513,tag5303
296.861,tag5549
296.308,tag2482
296.924,tag5296
296.095,tag2488
296.459,tag9739
296.372,tag2485
296.872,tag5282
296.341,tag6474
296.665,tag2474
296.119,tag5285
296.136,tag2472
296.953,tag5280
296.303,tag6492
296.644,tag2471
296.322,tag6468
296.079,tag6483
296.280,tag2477
296.182,tag2472
296.495,tag6471
297.015,tag9319
297.632,tag2492
297.004,tag2467
297.779,tag6471
297.085,tag5302
297.224,tag5308
297.078,tag2491
297.734,tag7102
297.479,tag6466
297.747,tag6495
297.025,tag5303
297.697,tag2488
297.305,tag5285
297.077,tag6483
297.997,tag6494
297.492,tag6484
297.553,tag6486
297.680,tag5292
297.537,tag2480
297.646,tag5285
297.433,tag2485
297.631,tag6470
297.408,tag5295
297.724,tag6468
297.274,tag2487
297.526,tag2481
297.423,tag5302
297.324,tag2489
297.213,tag6476
297.599,tag6490
297.428,tag2484
297.310,tag2494
297.783,tag11687
297.198,tag6482
297.397,tag2490
297.601,tag3579
297.288,tag6495
297.058,tag5296
297.077,tag5295
297.270,tag5302
298.554,tag6485
298.893,tag5309
298.835,tag11161
298.337,tag5286
298.687,tag5292
298.505,tag5285
298.750,tag6470
298.834,tag6474
298.900,tag2485
298.319,tag6466
298.078,tag10316
298.091,tag11568
298.458,tag5310
298.007,tag2484
298.152,tag2481
298.673,tag2480
298.518,tag6471
298.751,tag5303
298.586,tag6488
298.397,tag6495
298.814,tag6476
298.811,tag5292
298.499,tag8823
298.628,tag2477
298.520,tag2511
298.890,tag2468
298.642,tag6481
298.704,tag5295
298.064,tag9325
298.723,tag6477
298.693,tag10957
298.908,tag5308
298.884,tag5290
298.145,tag2489
298.372,tag2478
298.041,tag5305
298.270,tag2479
298.791,tag5297
298.915,tag5300
298.681,tag6488
299.213,tag2493
299.661,tag5298
299.975,tag6482
299.022,tag5282
299.571,tag8370
299.941,tag2479
299.694,tag2484
299.378,tag2472
299.722,tag6484
299.063,tag6470
299.614,tag2490
299.552,tag2471
299.550,tag6469
299.419,tag5301
299.092,tag6490
299.025,tag5299
299.902,tag9052
299.304,tag2485
299.500,tag5291
299.971,tag6482
299.505,tag6471
299.556,tag6475
299.042,tag4292
299.140,tag5290
299.545,tag5306
299.629,tag1005
299.852,tag2471
299.216,tag2482
299.412,tag2472
299.038,tag2471
299.143,tag2473
299.276,tag5307
299.804,tag6467
299.807,tag5294
299.534,tag6492
299.157,tag4138
299.688,tag6470
299.128,tag6494
299.335,tag5303
299.807,tag5290
300.480,tag6489
300.829,tag5293
300.766,tag2486
300.543,tag2487
300.958,tag2484
300.312,tag2482
300.934,tag6488
300.640,tag6478
300.606,tag2473
300.109,tag6483
300.293,tag5290
300.187,tag3589
300.964,tag5779
300.860,tag2474
300.041,tag6472
300.784,tag5299
300.714,tag2475
300.974,tag5286
300.353,tag2468
300.198,tag2479
300.595,tag2486
300.096,tag2472
300.155,tag7840
300.247,tag2475
300.057,tag2483
300.808,tag5289
300.515,tag6488
300.664,tag5280
300.261,tag2493
300.292,tag6464
300.075,tag5308
300.931,tag2471
300.762,tag5295
300.490,tag2465
300.010,tag6469
300.328,tag5301
300.993,tag5290
300.991,tag5299
300.822,tag6469
300.286,tag5292
301.272,tag2490
301.924,tag5284
301.979,tag5299
301.373,tag6487
301.734,tag2490
301.595,tag6476
301.186,tag5284
301.150,tag2492
301.504,tag2465
301.153,tag5297
301.523,tag6468
301.960,tag6484
301.615,tag2469
301.535,tag2490
301.006,tag2471
301.474,tag6475
301.837,tag6465
301.692,tag8891
301.341,tag2474
301.333,tag6477
301.063,tag213
301.866,tag6478
301.278,tag6475
301.554,tag6473
301.037,tag5310
301.214,tag6476
301.281,tag2882
301.577,tag6481
301.596,tag5295
301.183,tag6488
301.195,tag6476
301.476,tag6493
301.764,tag2486
301.231,tag2482
301.543,tag6464
301.453,tag2493
301.525,tag7305
301.197,tag2978
301.361,tag6480
301.521,tag1665
302.841,tag6492
302.014,tag5297
302.462,tag2480
302.542,tag6469
302.136,tag5288
302.480,tag6488
302.168,tag9101
302.551,tag5298
302.245,tag6467
302.513,tag11448
302.465,tag6485
302.105,tag5294
302.487,tag6482
302.206,tag1175
302.540,tag2480
302.895,tag6491
302.782,tag9372
302.356,tag5290
302.766,tag6492
302.612,tag6486
302.088,tag5311
302.363,tag5302
302.181,tag6479
302.682,tag4989
302.269,tag2465
302.142,tag6492
302.168,tag5295
302.429,tag5283
302.077,tag4503
302.765,tag2488
302.321,tag6467
302.420,tag6479
302.084,tag6479
302.533,tag6495
302.601,tag5300
302.920,tag6467
302.302,tag2492
302.644,tag2489
302.426,tag5292
302.232,tag6495
303.193,tag6471
303.678,tag6467
303.949,tag9625
303.062,tag6482
303.130,tag2481
303.215,tag5284
303.272,tag2491
303.081,tag6495
303.938,tag5305
303.202,tag2465
303.135,tag1090
303.999,tag6483
303.267,tag6487
303.082,tag6466
303.779,tag5306
303.844,tag6490
303.956,tag4053
303.397,tag5305
303.807,tag5310
303.153,tag5286
303.027,tag2488
303.732,tag5308
303.409,tag5302
303.802,tag5306
303.269,tag6480
303.437,tag6473
303.084,tag2469
303.007,tag6480
303.825,tag2489
303.165,tag5308
303.070,tag9267
303.184,tag5288
303.417,tag2479
303.948,tag2494
303.297,tag2495
303.873,tag2491
303.126,tag2479
303.342,tag6473
303.039,tag2481
303.486,tag6494
304.018,tag6484
304.171,tag5289
304.439,tag6472
304.956,tag5300
304.640,tag5310
304.665,tag2479
304.444,tag712
304.829,tag2474
304.220,tag5311
304.147,tag5294
304.464,tag2475
304.255,tag2495
304.826,tag5290
304.792,tag2487
304.783,tag6489
304.711,tag2492
304.547,tag5309
304.278,tag2468
304.115,tag2493
304.300,tag2485
304.685,tag365
304.536,tag6490
304.110,tag6493
304.177,tag5290
304.512,tag6488
304.349,tag6484
304.664,tag2485
304.383,tag2464
304.587,tag2494
304.468,tag5310
304.693,tag6480
304.264,tag6485
304.237,tag2468
304.438,tag6477
304.832,tag5287
304.476,tag5310
304.655,tag2473
304.364,tag6466
304.926,tag6473
304.445,tag5052
305.252,tag2472
305.432,tag2955
305.897,tag6466
305.192,tag5280
305.060,tag2485
305.396,tag2470
305.066,tag2491
305.193,tag2478
305.053,tag5309
305.568,tag1250
305.557,tag2469
305.807,tag6469
305.898,tag2484
305.777,tag5289
305.588,tag5299
305.323,tag2470
305.078,tag6477
305.362,tag2474
305.692,tag5289
305.235,tag2485
305.945,tag6469
305.621,tag5301
305.673,tag6492
305.230,tag6481
305.804,tag5304
305.253,tag6479
305.802,tag2495
305.751,tag7793
305.005,tag2493
305.398,tag2481
305.057,tag5296
305.932,tag6480
305.569,tag6493
305.842,tag2471
305.856,tag5339
305.341,tag6485
305.350,tag2473
305.081,tag2466
305.691,tag2471
305.140,tag2473
306.364,tag6469
306.528,tag2471
306.700,tag6476
306.176,tag6745
306.818,tag2469
306.207,tag2484
306.906,tag5296
306.089,tag6478
306.357,tag5310
306.526,tag5293
306.606,tag2486
306.916,tag2465
306.276,tag2485
306.736,tag6492
306.285,tag2476
306.106,tag5307
306.566,tag6464
306.386,tag2490
306.932,tag2481
306.599,tag2485
306.646,tag2485
306.198,tag9166
306.566,tag5296
306.360,tag5289
306.122,tag6488
306.832,tag5296
306.797,tag5285
306.397,tag6481
306.254,tag2471
306.233,tag9800
306.187,tag2465
306.693,tag4953
306.743,tag5300
306.083,tag5299
306.518,tag5300
306.185,tag6483
306.483,tag11493
306.869,tag6483
306.604,tag5280
306.548,tag2482
307.761,tag6479
307.416,tag2492
307.159,tag6492
307.649,tag2464
307.959,tag9328
307.404,tag2476
307.276,tag5296
307.421,tag6477
307.280,tag5291
307.175,tag2488
307.567,tag6484
307.294,tag5283
307.788,tag6479
307.078,tag6473
307.511,tag10380
307.939,tag5284
307.614,tag5285
307.308,tag2468
307.619,tag4675
307.602,tag2473
307.908,tag6487
307.466,tag6495
307.799,tag2490
307.035,tag6468
307.835,tag6471
307.588,tag5281
307.397,tag5298
307.698,tag2488
307.271,tag6473
307.666,tag2471
307.701,tag2464
307.555,tag6489
307.285,tag2483
307.103,tag5303
307.759,tag6467
307.510,tag2493
307.707,tag5282
307.663,tag6464
307.410,tag5303
307.419,tag2479
308.948,tag5287
308.620,tag2473
308.068,tag6491
308.550,tag6483
308.481,tag2470
308.976,tag2473
308.672,tag2479
308.628,tag5286
308.808,tag6477
308.428,tag5310
308.395,tag10174
308.999,tag2472
308.643,tag2467
308.289,tag2464
308.773,tag5299
308.044,tag6489
308.024,tag6492
308.861,tag2486
308.874,tag2475
308.209,tag203
308.015,tag6464
308.739,tag5300
308.941,tag2493
308.323,tag5303
308.016,tag2482
308.178,tag2492
308.423,tag5305
308.494,tag2483
308.864,tag2491
308.699,tag2474
308.963,tag2478
308.235,tag2468
308.348,tag5300
308.053,tag2477
308.978,tag2490
308.980,tag6474
308.600,tag5298
308.901,tag2469
308.722,tag5286
308.618,tag2464
309.551,tag6471
309.992,tag6470
309.175,tag315
309.672,tag6481
309.570,tag5292
309.309,tag5297
309.707,tag5291
309.972,tag5297
309.343,tag5284
309.688,tag6486
309.759,tag6494
309.046,tag5294
309.816,tag5294
309.145,tag6489
309.494,tag5292
309.528,tag5300
309.886,tag6492
309.986,tag5283
309.963,tag5289
309.021,tag6484
309.339,tag2479
309.461,tag5296
309.438,tag2490
309.045,tag6487
309.734,tag6485
309.375,tag5286
309.316,tag6490
309.113,tag2466
309.009,tag6479
309.106,tag2476
309.471,tag2494
309.662,tag5295
309.578,tag11497
309.287,tag6467
309.461,tag6485
309.558,tag2485
309.784,tag5305
309.258,tag6438
309.296,tag6469
309.727,tag5305
310.155,tag5283
310.016,tag5299
310.481,tag5294
310.164,tag5294
310.699,tag2484
310.297,tag5306
310.838,tag5294
310.101,tag8056
310.825,tag5308
310.624,tag11247
310.095,tag2485
310.969,tag2495
310.727,tag6468
310.859,tag6482
310.897,tag5291
310.012,tag5293
310.705,tag6492
310.885,tag2487
310.027,tag3772
310.546,tag2477
310.147,tag5287
310.189,tag2467
310.656,tag2466
310.911,tag6465
310.705,tag2480
310.152,tag6472
310.840,tag2486
310.753,tag5294
310.225,tag5310
310.018,tag5306
310.104,tag6479
310.877,tag5280
310.332,tag2478
310.467,tag5299
310.719,tag2464
310.254,tag3169
310.574,tag2189
310.821,tag2488
310.194,tag2478
310.966,tag6678
311.454,tag5296
311.658,tag5307
311.480,tag2471
311.723,tag6474
311.450,tag6489
311.905,tag5289
311.736,tag6473
311.972,tag6480
311.470,tag2488
311.039,tag5280
311.428,tag6476
311.654,tag6490
311.259,tag6484
311.564,tag2467
311.984,tag5308
311.367,tag2465
311.924,tag6485
311.033,tag2485
311.163,tag2493
311.331,tag2467
311.726,tag6484
311.733,tag6493
311.801,tag2486
311.414,tag2475
311.836,tag5309
311.920,tag6466
311.720,tag2493
311.496,tag10724
311.244,tag2481
311.311,tag6485
311.393,tag6483
311.369,tag6482
311.826,tag6488
311.109,tag6472
311.804,tag6473
311.772,tag7276
311.255,tag5280
311.278,tag6478
311.555,tag2464
311.166,tag5284
312.423,tag5294
312.267,tag6486
312.200,tag5286
312.514,tag7746
312.002,tag5311
312.470,tag2480
312.270,tag2493
312.537,tag6474
312.060,tag9660
312.290,tag11496
312.898,tag2471
312.667,tag5304
312.379,tag6492
312.739,tag5305
312.352,tag5286
312.912,tag6477
312.264,tag2492
312.765,tag6473
312.628,tag2490
312.875,tag6483
312.949,tag6494
312.715,tag6473
312.299,tag5287
312.521,tag2464
312.976,tag5291
312.742,tag5310
312.094,tag2474
312.514,tag5286
312.301,tag5304
312.074,tag7730
312.462,tag5294
312.001,tag5307
312.975,tag2474
312.331,tag11432
312.174,tag5289
312.179,tag2470
312.422,tag2487
312.804,tag6481
312.758,tag6472
312.958,tag461
313.132,tag2467
313.889,tag6469
313.369,tag2486
313.472,tag2488
313.430,tag9293
313.628,tag6493
313.481,tag2484
313.641,tag2476
313.841,tag5300
313.721,tag2485
313.069,tag6483
313.784,tag6488
313.390,tag2484
313.415,tag5294
313.531,tag2471
313.005,tag5293
313.777,tag2474
313.208,tag6479
313.366,tag5292
313.575,tag2466
313.374,tag6483
313.247,tag2379
313.737,tag5286
313.272,tag11893
313.876,tag5288
313.772,tag2474
313.391,tag2470
313.774,tag5293
313.367,tag5302
313.004,tag6472
313.816,tag2473
313.831,tag5298
313.878,tag2488
313.524,tag6466
313.834,tag6466
313.041,tag2487
313.601,tag5295
313.741,tag2464
313.384,tag6466
313.099,tag5300
314.713,tag2478
314.921,tag5293
314.698,tag2489
314.947,tag5287
314.785,tag5309
314.866,tag2494
314.150,tag2469
314.035,tag5298
314.361,tag5285
314.929,tag2486
314.464,tag2473
314.471,tag6494
314.461,tag6465
314.475,tag6484
314.684,tag5287
314.511,tag2491
314.843,tag5303
314.103,tag2471
314.163,tag5304
314.227,tag6471
314.831,tag2494
314.245,tag5295
314.334,tag5305
314.114,tag6489
314.149,tag2475
314.202,tag3670
314.704,tag6488
314.855,tag5309
314.253,tag5301
314.855,tag5296
314.654,tag5291
314.701,tag6495
314.672,tag4773
314.766,tag5293
314.433,tag2473
314.286,tag6494
314.152,tag5305
314.692,tag5301
314.971,tag6469
314.141,tag1264
315.844,tag5292
315.248,tag6472
315.491,tag5311
315.969,tag6494
315.306,tag2466
315.332,tag5305
315.169,tag6482
315.620,tag6473
315.821,tag2483
315.585,tag5297
315.432,tag2476
315.235,tag2469
315.127,tag5282
315.165,tag6473
315.954,tag6472
315.217,tag5287
315.725,tag6473
315.822,tag2478
315.535,tag2475
315.072,tag2476
315.046,tag2495
315.001,tag6479
315.807,tag6475
315.750,tag4463
315.049,tag6468
315.470,tag4415
315.088,tag5303
315.145,tag10542
315.447,tag2482
315.125,tag5283
315.399,tag5280
315.974,tag6467
315.615,tag6485
315.402,tag5297
315.872,tag2479
315.902,tag6473
315.716,tag2476
315.838,tag5308
315.716,tag5304
315.235,tag6472
316.564,tag6492
316.306,tag5283
316.129,tag5282
316.881,tag5297
316.290,tag6474
316.923,tag6476
316.889,tag5288
316.985,tag5285
316.577,tag5292
316.998,tag2482
316.432,tag2479
316.075,tag5282
316.448,tag2474
316.145,tag6490
316.807,tag6468
316.405,tag11816
316.906,tag5288
316.997,tag2466
316.593,tag5310
316.396,tag2488
316.064,tag2494
316.471,tag5286
316.310,tag10706
316.982,tag6484
316.621,tag5293
316.407,tag5303
316.858,tag6486
316.600,tag5285
316.105,tag2476
316.009,tag2466
316.551,tag2476
316.869,tag5288
316.893,tag5300
316.875,tag5295
316.354,tag2494
316.259,tag2483
316.428,tag2488
316.880,tag5286
316.461,tag5292
316.432,tag2475
317.454,tag2487
317.412,tag5308
317.933,tag5293
317.805,tag5301
317.040,tag6464
317.856,tag8811
317.772,tag6464
317.728,tag6468
317.285,tag2479
317.464,tag5292
317.588,tag2483
317.879,tag2464
317.641,tag2472
317.777,tag5310
317.157,tag5302
317.326,tag5280
317.891,tag6483
317.466,tag2484
317.437,tag2474
317.317,tag2489
317.504,tag5304
317.721,tag5290
317.550,tag2468
317.466,tag9742
317.414,tag6465
317.550,tag6482
317.936,tag2494
317.506,tag6473
317.789,tag6494
317.049,tag2475
317.233,tag6482
317.142,tag5286
317.346,tag2477
317.964,tag2492
317.233,tag2484
317.324,tag5311
317.702,tag5309
317.997,tag2464
317.108,tag6478
317.354,tag2465
318.449,tag365
318.756,tag10785
318.035,tag2478
318.796,tag2482
318.353,tag6484
318.876,tag6469
318.181,tag5300
318.148,tag2477
318.109,tag5301
318.521,tag6481
318.170,tag2471
318.793,tag6482
318.690,tag6472
318.295,tag2473
318.421,tag2467
318.995,tag5307
318.741,tag2486
318.386,tag3808
318.592,tag6491
318.114,tag6481
318.630,tag6488
318.687,tag5947
318.978,tag6495
318.979,tag2468
318.361,tag2492
318.093,tag5308
318.736,tag8901
318.441,tag5296
318.603,tag6493
318.449,tag5290
318.260,tag6488
318.026,tag5283
318.615,tag2487
318.087,tag5284
318.430,tag5283
318.567,tag2470
318.120,tag7341
318.795,tag6492
318.958,tag5286
318.907,tag6474
319.917,tag2478
319.293,tag6465
319.669,tag1684
319.470,tag5293
319.082,tag2489
319.163,tag5306
319.357,tag5293
319.218,tag6491
319.361,tag6477
319.638,tag2489
319.424,tag2480
319.705,tag2486
319.809,tag3072
319.399,tag5309
319.523,tag5307
319.213,tag2493
319.739,tag5291
319.741,tag6482
319.477,tag2469
319.044,tag5292
319.719,tag10526
319.889,tag2471
319.081,tag6495
319.813,tag2467
319.534,tag5280
319.473,tag5304
319.261,tag6492
319.197,tag6492
319.968,tag2489
319.259,tag6478
319.750,tag6471
319.817,tag2488
319.539,tag6491
319.369,tag5306
319.231,tag6465
319.761,tag2494
319.078,tag2466
319.207,tag5293
319.055,tag2470
319.116,tag5308
320.021,tag3571
320.023,tag5233
320.656,tag5298
320.947,tag6484
320.951,tag5284
320.234,tag2492
320.463,tag6471
320.336,tag6476
320.470,tag6480
320.106,tag2488
320.695,tag6476
320.520,tag5299
320.015,tag5293
320.667,tag5283
320.901,tag5296
320.593,tag2469
320.801,tag6483
320.469,tag6471
320.066,tag5292
320.379,tag7037
320.698,tag2473
320.470,tag2468
320.110,tag6469
320.788,tag6490
320.072,tag2481
320.434,tag2478
320.740,tag2478
320.816,tag6494
320.817,tag2472
320.611,tag6478
320.440,tag5302
320.701,tag6472
320.743,tag6471
320.798,tag5304
320.816,tag6464
320.885,tag2464
320.121,tag2469
320.544,tag2486
320.216,tag6492
320.189,tag2489
321.263,tag2469
321.618,tag6467
321.930,tag5299
321.672,tag6482
321.594,tag7684
321.074,tag2472
321.710,tag2490
321.813,tag2494
321.596,tag6490
321.640,tag6480
321.640,tag5292
321.418,tag5280
321.956,tag2475
321.030,tag5308
321.777,tag5293
321.754,tag2886
321.177,tag10702
321.117,tag5292
321.980,tag6488
321.159,tag6491
321.524,tag2472
321.174,tag5281
321.354,tag6465
321.736,tag6490
321.689,tag2491
321.487,tag6489
321.548,tag2490
321.720,tag2486
321.579,tag6487
321.089,tag5311
321.278,tag5310
321.358,tag5297
321.736,tag6469
321.946,tag2477
321.247,tag6479
321.960,tag6482
321.681,tag5293
321.740,tag2494
321.110,tag6495
321.683,tag6483
322.547,tag5283
322.055,tag29
322.068,tag2467
322.985,tag5309
322.296,tag5282
322.075,tag2486
322.175,tag5288
322.331,tag7291
322.398,tag6464
322.579,tag10819
322.254,tag6475
322.088,tag5295
322.561,tag5311
322.170,tag5289
322.625,tag2479
322.035,tag2479
322.847,tag5291
322.504,tag6468
322.778,tag6471
322.960,tag5288
322.384,tag6485
322.507,tag5307
322.127,tag6479
322.846,tag6484
322.877,tag6495
322.990,tag6479
322.480,tag5280
322.504,tag5293
322.236,tag6316
322.644,tag2480
322.755,tag2486
322.717,tag6473
322.239,tag5293
322.391,tag1923
322.161,tag6465
322.594,tag6470
322.770,tag2495
322.092,tag5285
322.863,tag4170
322.220,tag2488
323.713,tag2466
323.731,tag6483
323.423,tag2484
323.437,tag5300
323.845,tag5290
323.203,tag5299
323.856,tag5304
323.408,tag2469
323.982,tag5296
323.232,tag2481
323.812,tag2482
323.224,tag1447
323.365,tag2476
323.124,tag5280
323.183,tag6471
323.688,tag6466
323.234,tag2491
323.711,tag6491
323.742,tag5280
323.327,tag2477
323.590,tag8786
323.150,tag5301
323.240,tag2488
323.820,tag5306
323.264,tag5292
323.206,tag6480
323.360,tag5297
323.256,tag6476
323.796,tag2486
323.423,tag6472
323.030,tag5280
323.342,tag2486
323.517,tag2486
323.409,tag5286
323.931,tag5672
323.075,tag5309
323.138,tag6487
323.315,tag2488
323.220,tag6472
323.189,tag6464
324.793,tag5300
324.343,tag2479
324.193,tag5306
324.880,tag2466
324.009,tag6495
324.675,tag2482
324.550,tag6494
324.042,tag5296
324.698,tag5305
324.717,tag6483
324.167,tag6495
324.478,tag2471
324.048,tag5310
324.446,tag5285
324.846,tag6495
324.370,tag5286
324.207,tag10740
324.539,tag6464
324.790,tag2473
324.091,tag5286
324.410,tag5291
324.706,tag5303
324.592,tag6469
324.038,tag2472
324.708,tag5309
324.533,tag10944
324.253,tag2472
324.899,tag5286
324.271,tag6495
324.606,tag5288
324.060,tag5300
324.718,tag2477
324.911,tag5283
324.834,tag5306
324.281,tag5296
324.248,tag6474
324.794,tag5282
324.341,tag5299
324.707,tag2476
324.597,tag5311
325.062,tag2478
325.610,tag5910
325.921,tag6465
325.304,tag6471
325.408,tag5287
325.090,tag2505
325.450,tag7715
325.608,tag2494
325.850,tag6478
325.246,tag835
325.853,tag2483
325.009,tag6472
325.065,tag6118
325.992,tag2486
325.788,tag2477
325.884,tag7319
325.320,tag6490
325.219,tag2465
325.420,tag9048
325.120,tag2465
325.612,tag6467
325.280,tag2485
325.243,tag6489
325.484,tag6495
325.477,tag6476
325.740,tag5303
325.621,tag6490
325.668,tag2481
325.711,tag2472
325.517,tag6485
325.186,tag10753
325.339,tag5297
325.808,tag5302
325.067,tag6468
325.448,tag6464
325.203,tag2488
325.366,tag5303
325.168,tag2466
325.027,tag5281
325.579,tag6466
326.255,tag5290
326.424,tag2486
326.269,tag2471
326.544,tag5288
326.189,tag2470
326.627,tag5302
326.608,tag6470
326.543,tag2473
326.438,tag6467
326.502,tag5301
326.482,tag6481
326.323,tag2471
326.249,tag6476
326.482,tag5285
326.574,tag2473
326.773,tag5299
326.307,tag5303
326.592,tag7868
326.864,tag6471
326.753,tag5485
326.770,tag6494
326.717,tag5294
326.657,tag6495
326.442,tag5283
326.571,tag2464
326.970,tag5288
326.529,tag5293
326.053,tag6468
326.216,tag2479
326.371,tag11327
326.281,tag5309
326.404,tag471
326.158,tag6484
326.909,tag2472
326.525,tag2477
326.359,tag5292
326.942,tag5288
326.983,tag5308
326.528,tag5297
326.392,tag6482
327.542,tag804
327.753,tag2489
327.025,tag2466
327.797,tag6472
327.247,tag6490
327.473,tag5304
327.242,tag2478
327.822,tag5287
327.327,tag5305
327.771,tag6468
327.517,tag5280
327.907,tag6486
327.680,tag6481
327.811,tag2479
327.302,tag6485
327.890,tag9248
327.694,tag6464
327.880,tag6488
327.907,tag2470
327.774,tag6465
327.041,tag2464
327.512,tag5304
327.471,tag6464
327.603,tag5289
327.663,tag6466
327.563,tag6479
327.054,tag6475
327.318,tag5296
327.157,tag6477
327.365,tag2485
327.528,tag5286
327.838,tag6478
327.488,tag6479
327.503,tag5285
327.618,tag2480
327.423,tag5297
327.001,tag2493
327.431,tag6482
327.063,tag5295
327.765,tag5285
328.290,tag6475
328.843,tag6474
328.586,tag6493
328.341,tag2470
328.720,tag525
328.522,tag2489
328.070,tag6492
328.387,tag2464
328.249,tag5288
328.492,tag5292
328.258,tag5309
328.025,tag2494
328.005,tag5294
328.648,tag11587
328.545,tag5281
328.066,tag5295
328.551,tag6479
328.106,tag5286
328.305,tag2491
328.097,tag6487
328.443,tag5301
328.861,tag5294
328.492,tag6474
328.254,tag2478
328.495,tag6491
328.533,tag2491
328.382,tag6974
328.119,tag2470
328.884,tag2488
328.454,tag5301
328.472,tag6483
328.135,tag2488
328.378,tag6478
328.972,tag5309
328.207,tag6495
328.364,tag2472
328.055,tag2474
328.319,tag6470
328.222,tag6477
328.700,tag6476
329.844,tag4199
329.497,tag2476
329.061,tag6487
329.705,tag7604
329.409,tag6465
329.614,tag2473
329.797,tag6468
329.950,tag5307
329.039,tag2473
329.048,tag2494
329.178,tag5294
329.985,tag6926
329.551,tag1361
329.495,tag2487
329.927,tag5283
329.951,tag2490
329.339,tag5282
329.431,tag4934
329.794,tag2478
329.335,tag2718
329.170,tag2494
329.068,tag5303
329.492,tag6475
329.421,tag2487
329.163,tag5285
329.871,tag5296
329.146,tag5284
329.686,tag5288
329.798,tag2488
329.073,tag6466
329.931,tag6468
329.145,tag2483
329.531,tag5301
329.956,tag6485
329.377,tag2470
329.835,tag10942
329.916,tag6466
329.892,tag6468
329.323,tag6486
329.440,tag6467
330.218,tag41
330.950,tag6482
330.963,tag2489
330.478,tag6473
330.562,tag2477
330.463,tag6469
330.174,tag2481
330.242,tag5287
330.966,tag5304
330.401,tag5290
330.608,tag6477
330.657,tag6489
330.309,tag6474
330.835,tag6489
330.924,tag6472
330.232,tag9330
330.597,tag2465
330.425,tag5303
330.777,tag5297
330.013,tag6488
330.230,tag6472
330.749,tag7138
330.553,tag2492
330.895,tag6490
330.243,tag6492
330.910,tag5287
330.342,tag6480
330.245,tag2489
330.038,tag6472
330.219,tag6486
330.500,tag5308
330.984,tag2467
330.691,tag2492
330.341,tag5286
330.659,tag6476
330.368,tag5283
330.891,tag5307
330.747,tag2472
330.670,tag6465
330.258,tag1307
331.288,tag5308
331.921,tag5286
331.709,tag2470
331.727,tag4943
331.042,tag2484
331.038,tag6484
331.047,tag6483
331.463,tag6494
331.479,tag5281
331.443,tag6487
331.259,tag5311
331.311,tag6490
331.654,tag5286
331.410,tag2489
331.628,tag9104
331.532,tag5307
331.310,tag9203
331.110,tag5304
331.465,tag5290
331.414,tag6483
331.292,tag2472
331.712,tag6479
331.068,tag6467
331.069,tag5285
331.814,tag2480
331.761,tag6485
331.473,tag6465
331.227,tag6492
331.902,tag5588
331.019,tag11026
331.311,tag6491
331.163,tag5287
331.869,tag2470
331.025,tag5299
331.834,tag2477
331.742,tag2485
331.884,tag5282
331.952,tag2469
331.779,tag9513
331.050,tag2471
332.638,tag5282
332.334,tag5290
332.543,tag5292
332.339,tag5280
332.489,tag5281
332.760,tag2256
332.069,tag2490
332.262,tag6486
332.067,tag5291
332.191,tag3490
332.832,tag2479
332.830,tag2471
332.890,tag6484
332.866,tag5288
332.094,tag9397
332.656,tag5292
332.793,tag5283
332.401,tag5308
332.462,tag2493
332.275,tag244
332.387,tag5289
332.558,tag6486
332.076,tag2491
332.558,tag5294
332.307,tag6469
332.847,tag5300
332.004,tag5302
332.371,tag6480
332.583,tag6480
332.227,tag5291
332.233,tag2494
332.108,tag5309
332.637,tag6482
332.555,tag2484
332.316,tag2106
332.034,tag6477
332.068,tag6484
332.595,tag6464
332.686,tag5303
332.678,tag6472
333.984,tag5284
333.009,tag5294
333.237,tag2479
333.509,tag5309
333.893,tag5288
333.432,tag5309
333.671,tag2458
333.191,tag6467
333.102,tag5300
333.542,tag2472
333.260,tag6470
333.654,tag2477
333.608,tag2490
333.203,tag5288
333.415,tag2487
333.683,tag6668
333.937,tag6471
333.081,tag2495
333.768,tag5308
333.903,tag6470
333.162,tag9720
333.247,tag6469
333.144,tag6491
333.067,tag6483
333.945,tag6491
333.942,tag5294
333.638,tag5281
333.762,tag5301
333.003,tag5308
333.519,tag6465
333.646,tag2468
333.565,tag5308
333.277,tag6474
333.527,tag2489
333.341,tag6488
333.633,tag5304
333.404,tag6469
333.973,tag2468
333.665,tag6475
333.208,tag2473
334.607,tag5284
334.408,tag2473
334.848,tag6473
334.913,tag5283
334.666,tag5304
334.618,tag2487
334.110,tag6467
334.844,tag5293
334.877,tag2470
334.422,tag2480
334.007,tag6467
334.222,tag5294
334.906,tag6479
334.444,tag5285
334.528,tag6472
334.239,tag2480
334.959,tag2474
334.756,tag5303
334.731,tag9691
334.119,tag6475
334.085,tag5311
334.292,tag2479
334.098,tag2466
334.170,tag5297
334.717,tag6474
334.106,tag5305
334.883,tag2467
334.830,tag2488
334.362,tag5285
334.708,tag6486
334.504,tag2485
334.074,tag5296
334.046,tag2470
334.857,tag5287
334.927,tag5310
334.645,tag2472
334.208,tag5299
334.673,tag5282
334.399,tag5301
334.996,tag2486
335.092,tag6477
335.005,tag6487
335.202,tag2493
335.853,tag5305
335.796,tag5284
335.886,tag5307
335.011,tag2471
335.227,tag5300
335.705,tag10975
335.407,tag6483
335.873,tag5290
335.379,tag2475
335.058,tag4686
335.724,tag2467
335.660,tag2466
335.886,tag2481
335.710,tag6493
335.463,tag8280
335.899,tag9575
335.089,tag6486
335.449,tag6486
335.516,tag5309
335.423,tag2755
335.006,tag5280
335.997,tag6490
335.490,tag4221
335.587,tag6485
335.736,tag2493
335.310,tag2493
335.997,tag5294
335.229,tag6492
335.001,tag5282
335.185,tag6464
335.140,tag2484
335.735,tag6488
335.952,tag5283
335.529,tag2478
335.144,tag2474
335.459,tag2486
335.018,tag3812
336.305,tag2472
336.161,tag2490
336.935,tag2492
336.705,tag10993
336.832,tag6487
336.645,tag5308
336.163,tag5306
336.498,tag5296
336.112,tag2478
336.995,tag2488
336.629,tag5284
336.003,tag6474
336.957,tag2485
336.414,tag9913
336.871,tag6477
336.097,tag5283
336.909,tag5795
336.658,tag6494
336.678,tag6493
336.446,tag5297
336.175,tag6467
336.618,tag2493
336.289,tag2481
336.790,tag5311
336.324,tag5291
336.017,tag2480
336.297,tag5307
336.660,tag8336
336.749,tag5304
336.806,tag2475
336.774,tag6465
336.160,tag2475
336.676,tag2465
336.383,tag6493
336.176,tag2495
336.736,tag2555
336.028,tag2470
336.642,tag6464
336.488,tag2490
336.382,tag6481
337.859,tag5283
337.147,tag6492
337.218,tag5280
337.290,tag6466
337.514,tag2483
337.392,tag5297
337.524,tag6491
337.134,tag5307
337.505,tag5285
337.949,tag6489
337.598,tag6493
337.673,tag5281
337.278,tag6467
337.420,tag6470
337.581,tag2486
337.092,tag2474
337.790,tag2486
337.201,tag6467
337.004,tag5285
337.338,tag2466
337.137,tag5300
337.460,tag6469
337.163,tag2484
337.218,tag5303
337.330,tag3436
337.228,tag5287
337.600,tag2468
337.117,tag2475
337.633,tag6494
337.016,tag6472
337.077,tag5296
337.082,tag6477
337.278,tag2470
337.878,tag2466
337.456,tag2488
337.543,tag7256
337.946,tag2483
337.483,tag6477
337.092,tag5283
337.817,tag2482
338.057,tag5285
338.909,tag5299
338.522,tag6470
338.865,tag5306
338.032,tag2487
338.003,tag6469
338.951,tag6488
338.770,tag6480
338.642,tag5843
338.578,tag6018
338.087,tag2470
338.684,tag6486
338.632,tag6471
338.852,tag5281
338.149,tag6477
338.446,tag6470
338.317,tag5299
338.526,tag2467
338.788,tag348
338.023,tag2473
338.829,tag5304
338.924,tag6491
338.966,tag6474
338.282,tag2475
338.296,tag2475
338.072,tag5281
338.824,tag1859
338.128,tag2480
338.327,tag6476
338.079,tag2494
338.222,tag7321
338.392,tag2475
338.419,tag5304
338.571,tag5297
338.790,tag6485
338.426,tag5307
338.838,tag5301
338.915,tag624
338.901,tag5298
338.644,tag2491
339.485,tag5295
339.727,tag6495
339.524,tag6471
339.977,tag2485
339.231,tag5311
339.231,tag2476
339.253,tag10006
339.616,tag6478
339.058,tag6479
339.024,tag2475
339.988,tag2487
339.721,tag5425
339.332,tag6468
339.159,tag2479
339.148,tag6469
339.098,tag6482
339.877,tag5289
339.671,tag2466
339.353,tag5119
339.655,tag6487
339.225,tag2466
339.943,tag10850
339.759,tag7227
339.848,tag2472
339.074,tag5301
339.655,tag6479
339.263,tag5308
339.514,tag6478
339.643,tag6489
339.830,tag6483
339.536,tag6494
339.171,tag6495
339.502,tag5297
339.216,tag2489
339.484,tag5299
339.335,tag2495
339.980,tag2464
339.717,tag2466
339.512,tag2491
339.228,tag6464
340.937,tag5310
340.830,tag5292
340.920,tag5304
340.780,tag6476
340.241,tag2495
340.331,tag6476
340.188,tag6475
340.529,tag5310
340.470,tag6489
340.802,tag2495
340.304,tag5304
340.094,tag2482
340.448,tag5284
340.642,tag5290
340.999,tag6493
340.698,tag6491
340.377,tag2469
340.069,tag2490
340.937,tag5293
340.354,tag5300
340.780,tag6484
340.681,tag6469
340.413,tag6470
340.029,tag2467
340.854,tag5288
340.216,tag5301
340.880,tag5282
340.962,tag6476
340.015,tag5297
340.433,tag6490
340.071,tag2492
340.846,tag6487
340.767,tag2490
340.348,tag5287
340.023,tag5294
340.694,tag2485
340.362,tag2311
340.728,tag6473
340.251,tag6482
340.907,tag2488
341.734,tag6483
341.278,tag6464
341.345,tag2480
341.358,tag2476
341.746,tag6482
341.649,tag5292
341.433,tag5293
341.497,tag2464
341.716,tag6478
341.011,tag5290
341.167,tag6487
341.535,tag2472
341.981,tag6467
341.179,tag5301
341.865,tag2470
341.502,tag5304
341.476,tag6493
341.113,tag6484
341.749,tag5283
341.448,tag2477
341.781,tag2493
341.782,tag6471
341.833,tag5285
341.808,tag5286
341.979,tag6470
341.635,tag2482
341.435,tag6475
341.383,tag7661
341.952,tag6466
341.940,tag2480
341.713,tag6473
341.830,tag6476
341.910,tag6491
341.028,tag5307
341.244,tag2470
341.436,tag5301
341.625,tag6486
341.296,tag5296
341.770,tag5302
341.539,tag2480
342.684,tag2485
342.545,tag2464
342.220,tag5283
342.485,tag6479
342.261,tag6490
342.212,tag6482
342.324,tag5297
342.490,tag5304
342.052,tag5300
342.370,tag6493
342.583,tag2475
342.157,tag2491
342.156,tag2493
342.634,tag5310
342.792,tag6483
342.114,tag6473
342.677,tag5296
342.227,tag6466
342.472,tag2469
342.866,tag5290
342.783,tag5283
342.829,tag5295
342.062,tag2484
342.532,tag5292
342.374,tag11376
342.965,tag8301
342.979,tag2487
342.852,tag6491
342.250,tag2483
342.196,tag11590
342.648,tag4352
342.109,tag6478
342.227,tag5283
342.590,tag2486
342.648,tag2482
342.234,tag3253
342.273,tag2477
342.556,tag6486
342.236,tag11636
342.312,tag2482
343.125,tag8467
343.594,tag9409
343.142,tag5287
343.229,tag6471
343.912,tag5295
343.765,tag6487
343.905,tag5288
343.836,tag2475
343.593,tag6479
343.361,tag11557
343.650,tag5292
343.292,tag5286
343.860,tag6473
343.947,tag6482
343.826,tag6609
343.619,tag2475
343.886,tag6486
343.437,tag1013
343.189,tag2469
343.984,tag2476
343.844,tag5299
343.231,tag5301
343.727,tag2472
343.205,tag6468
343.171,tag6469
343.783,tag2473
343.208,tag4217
343.358,tag6481
343.186,tag6489
343.602,tag6490
343.465,tag2470
343.542,tag6480
343.520,tag5292
343.703,tag6474
343.749,tag6493
343.091,tag6489
343.324,tag6490
343.653,tag6484
343.560,tag8217
343.324,tag6493
344.985,tag6480
344.333,tag5284
345.000,tag2489
344.470,tag6490
344.384,tag6466
344.187,tag6489
344.616,tag5284
344.922,tag5287
344.354,tag6469
344.896,tag6482
344.357,tag5284
344.120,tag2697
344.818,tag6495
344.450,tag2492
344.531,tag5306
344.098,tag2466
344.623,tag5301
344.575,tag2486
344.263,tag6489
344.605,tag4919
344.429,tag2481
344.965,tag5306
344.065,tag6481
344.973,tag6464
344.233,tag6473
344.115,tag6481
344.329,tag2476
344.285,tag6478
344.119,tag2495
344.778,tag5298
344.130,tag2486
344.452,tag5355
344.410,tag6487
344.659,tag2484
344.456,tag5299
344.384,tag2478
344.359,tag2495
344.946,tag5285
344.307,tag5311
344.988,tag1933
345.532,tag2489
345.210,tag6472
345.669,tag5291
345.040,tag5282
345.608,tag6488
345.150,tag2483
345.727,tag2487
345.467,tag2491
345.431,tag6477
345.249,tag6493
345.247,tag5297
345.012,tag2490
345.335,tag6480
345.952,tag6475
345.711,tag2487
345.324,tag5294
345.874,tag5285
345.867,tag5296
345.271,tag5294
345.387,tag5303
345.031,tag6493
345.567,tag6475
345.296,tag5294
345.095,tag6493
345.530,tag2489
345.129,tag5304
345.758,tag6489
345.217,tag5290
345.711,tag6472
345.724,tag7736
345.399,tag2491
345.754,tag9639
345.516,tag6466
345.435,tag9983
345.874,tag2488
345.873,tag2718
345.069,tag2475
345.881,tag2495
345.643,tag2488
345.020,tag5297
346.666,tag2492
346.945,tag6480
346.146,tag6472
346.663,tag6479
346.539,tag5294
346.198,tag2484
346.672,tag7991
346.166,tag6488
346.886,tag5295
346.092,tag5299
346.199,tag2481
346.655,tag5287
346.832,tag5295
346.888,tag6470
346.452,tag5293
346.331,tag5305
346.400,tag5311
346.147,tag6492
346.051,tag6466
346.021,tag3362
346.395,tag5306
346.513,tag6495
346.010,tag11953
346.853,tag2467
346.993,tag2466
346.811,tag5285
346.536,tag6467
346.795,tag6470
346.351,tag5310
346.019,tag2470
346.350,tag6490
346.037,tag5300
346.157,tag5294
346.658,tag5308
346.558,tag6486
346.491,tag5288
346.660,tag6466
346.998,tag2483
346.011,tag5286
346.760,tag5284
347.756,tag2483
347.150,tag5305
347.977,tag6490
347.765,tag5281
347.392,tag5280
347.117,tag2488
347.066,tag5284
347.216,tag5292
347.785,tag9991
347.321,tag5311
347.062,tag5286
347.520,tag5289
347.826,tag2464
347.306,tag2480
347.782,tag6490
347.113,tag2478
347.820,tag2427
347.552,tag6483
347.249,tag5280
347.484,tag9059
347.074,tag5281
347.805,tag6487
347.569,tag5303
347.815,tag6465
347.502,tag6491
347.711,tag5292
347.094,tag6475
347.422,tag2471
347.423,tag912
347.766,tag6475
347.938,tag47
347.674,tag6485
347.365,tag2476
347.614,tag5291
347.860,tag11927
347.106,tag5289
347.188,tag2466
347.383,tag2466
347.981,tag2469
347.111,tag2465
348.437,tag2479
348.193,tag6469
348.384,tag2467
348.986,tag6490
348.324,tag6476
348.766,tag5294
348.185,tag5284
348.485,tag2480
348.862,tag6471
348.007,tag5281
348.546,tag5287
348.655,tag2491
348.751,tag5298
348.346,tag5289
348.328,tag6478
348.157,tag6475
348.922,tag2473
348.963,tag5959
348.905,tag6477
348.575,tag6472
348.968,tag5308
348.718,tag5282
348.578,tag5291
348.145,tag5301
348.769,tag6494
348.061,tag6487
348.515,tag5305
348.343,tag2470
348.578,tag6487
348.660,tag6494
348.825,tag5291
348.838,tag6490
348.977,tag6492
348.981,tag8787
348.066,tag6486
348.677,tag2464
348.083,tag6465
348.469,tag6494
348.131,tag2489
348.771,tag6490
349.802,tag5286
349.738,tag2468
349.360,tag5282
349.246,tag6478
349.723,tag2493
349.645,tag5287
349.515,tag6486
349.338,tag5306
349.633,tag2493
349.983,tag2476
349.036,tag5282
349.168,tag5283
349.415,tag6464
349.638,tag5303
349.823,tag5293
349.500,tag2473
349.946,tag5310
349.912,tag6490
349.526,tag6467
349.067,tag5281
349.823,tag6491
349.150,tag6465
349.536,tag5288
349.205,tag6480
349.545,tag5289
349.285,tag2469
349.153,tag2483
349.810,tag5294
349.912,tag2467
349.105,tag5288
349.674,tag5304
349.789,tag2476
349.723,tag6473
349.172,tag6477
349.636,tag5304
349.191,tag5299
349.258,tag5291
349.052,tag2482
349.756,tag6488
349.212,tag5284
350.843,tag2467
350.567,tag5305
350.710,tag8911
350.182,tag6477
350.546,tag5281
350.106,tag3038
350.741,tag6484
350.176,tag5283
350.118,tag6466
350.736,tag5291
350.769,tag5286
350.911,tag6483
350.607,tag5306
350.670,tag2486
350.450,tag2486
350.693,tag3382
350.493,tag5310
350.692,tag5292
350.711,tag2495
350.443,tag6473
350.423,tag6476
350.877,tag2478
350.975,tag6489
350.786,tag6482
350.047,tag5286
350.152,tag2477
350.576,tag5301
350.245,tag2482
350.245,tag2486
350.559,tag6464
350.642,tag5284
350.832,tag5290
350.772,tag3844
350.768,tag5282
350.486,tag2485
350.022,tag5285
350.891,tag2487
350.357,tag10899
350.537,tag11855
350.257,tag5306
351.972,tag5294
351.441,tag6483
351.230,tag5282
351.075,tag6493
351.429,tag6478
351.199,tag6488
351.027,tag6490
351.638,tag2494
351.340,tag5288
351.623,tag6472
351.891,tag2483
351.006,tag2486
351.241,tag7404
351.621,tag7941
351.330,tag5281
351.464,tag7965
351.091,tag2484
351.894,tag5309
351.052,tag6474
351.225,tag5306
351.287,tag2492
351.338,tag6487
351.675,tag3651
351.765,tag3412
351.161,tag3126
351.511,tag2484
351.122,tag2480
351.048,tag6473
351.580,tag6609
351.087,tag5290
351.860,tag6493
351.777,tag5305
351.578,tag2372
351.619,tag5294
351.631,tag6488
351.865,tag5296
351.394,tag6485
351.867,tag2495
351.053,tag5306
351.518,tag5302
352.511,tag2471
352.769,tag2495
352.810,tag2472
352.986,tag5282
352.272,tag2486
352.963,tag2469
352.352,tag2479
352.753,tag6471
352.529,tag6482
352.512,tag2491
352.072,tag2466
352.764,tag2494
352.798,tag5300
352.301,tag2468
352.030,tag6484
352.949,tag5311
352.031,tag2477
352.655,tag5292
352.259,tag5288
352.679,tag2493
352.180,tag6467
352.685,tag5284
352.560,tag7255
352.376,tag2479
352.883,tag2472
352.527,tag6492
352.233,tag6466
352.790,tag5282
352.382,tag5309
352.108,tag2484
352.658,tag5310
352.017,tag6465
352.375,tag8602
352.602,tag5304
352.123,tag5311
352.388,tag6469
352.639,tag5285
352.276,tag6492
352.097,tag2490
352.758,tag2487
353.110,tag6489
353.435,tag6469
353.798,tag6477
353.024,tag5676
353.702,tag6475
353.526,tag6468
353.454,tag6492
353.290,tag6481
353.321,tag5305
353.650,tag5309
353.082,tag6485
353.632,tag6487
353.364,tag2494
353.378,tag2478
353.968,tag2487
353.161,tag5280
353.754,tag5307
353.983,tag6480
353.914,tag5303
353.393,tag6479
353.518,tag6494
353.061,tag6487
353.676,tag6884
353.750,tag6475
353.718,tag6469
353.400,tag6489
353.277,tag5302
353.944,tag2467
353.147,tag6487
353.378,tag5291
353.720,tag6495
353.841,tag5284
353.473,tag2485
353.051,tag2470
353.152,tag6474
353.279,tag7120
353.088,tag6476
353.540,tag6485
353.128,tag6475
353.813,tag6494
354.435,tag6484
354.279,tag6483
354.188,tag2485
354.402,tag5281
354.810,tag2826
354.863,tag10433
354.256,tag5280
354.054,tag6489
354.507,tag2493
354.892,tag2481
354.603,tag2488
354.100,tag6464
354.182,tag2480
354.120,tag6468
354.324,tag5310
354.414,tag2471
354.986,tag5280
354.138,tag5310
354.769,tag6465
354.893,tag5299
354.565,tag6481
354.126,tag5295
354.106,tag5298
354.076,tag2478
354.673,tag9860
354.330,tag5307
354.562,tag6481
354.287,tag5468
354.831,tag2472
354.562,tag5297
354.707,tag5309
354.582,tag2472
354.187,tag6493
354.246,tag2469
354.322,tag5285
354.901,tag2491
354.091,tag5288
354.136,tag2490
354.063,tag5298
354.768,tag6488
355.224,tag6468
355.621,tag2465
355.873,tag6484
355.271,tag5282
355.019,tag5295
355.166,tag6491
355.339,tag1108
355.349,tag6491
355.296,tag5292
355.829,tag2478
355.895,tag6485
355.466,tag2491
355.247,tag5283
355.090,tag2471
355.229,tag2478
355.244,tag2475
355.574,tag6775
355.620,tag2482
355.616,tag3125
355.619,tag2481
355.400,tag5301
355.596,tag6479
355.149,tag2495
355.981,tag6467
355.093,tag5311
355.505,tag6493
355.008,tag6468
355.710,tag6464
355.904,tag5307
355.802,tag6481
355.873,tag2465
355.728,tag2487
355.569,tag5294
355.463,tag5305
355.359,tag2490
355.057,tag3421
355.864,tag5284
355.741,tag2495
355.140,tag6492
355.285,tag5309
356.920,tag5290
356.574,tag2491
356.056,tag5309
356.677,tag5311
356.268,tag6470
356.617,tag2473
356.560,tag6491
356.689,tag6487
356.444,tag2492
356.231,tag2467
356.369,tag5282
356.397,tag2464
356.700,tag5309
356.257,tag5292
356.574,tag6475
356.063,tag6484
356.328,tag2472
356.206,tag2486
356.816,tag2487
356.490,tag2475
356.619,tag6481
356.022,tag2474
356.862,tag5290
356.840,tag2491
356.250,tag6483
356.872,tag6480
356.658,tag5305
356.486,tag6465
356.743,tag6485
356.816,tag6492
356.525,tag2474
356.965,tag6467
356.862,tag2493
356.668,tag2471
356.260,tag6481
356.171,tag5311
356.719,tag6480
356.290,tag5284
356.885,tag5311
356.985,tag2465
357.042,tag6475
357.807,tag6466
357.654,tag2464
357.869,tag5285
357.667,tag7013
357.594,tag5307
357.735,tag11490
357.555,tag30
357.490,tag5296
357.081,tag2471
357.011,tag5298
357.606,tag5304
357.562,tag2151
357.302,tag5287
357.897,tag5299
357.357,tag3616
357.767,tag6477
357.445,tag2475
357.173,tag6495
357.169,tag6489
357.658,tag2474
357.544,tag5290
357.448,tag2474
357.766,tag2476
357.361,tag6476
357.739,tag2475
357.080,tag5295
357.711,tag2489
357.750,tag554
357.905,tag3359
357.757,tag2467
357.272,tag2468
357.406,tag11638
357.854,tag5291
357.825,tag5287
357.244,tag5291
357.958,tag6493
357.678,tag2469
357.175,tag5311
357.286,tag6480
358.623,tag823
358.987,tag5303
358.906,tag6487
358.450,tag2482
358.467,tag5299
358.254,tag6473
358.008,tag5290
358.397,tag5283
358.599,tag5309
358.356,tag3488
358.538,tag5288
358.315,tag6484
358.826,tag10198
358.990,tag5304
358.010,tag2493
358.044,tag6489
358.301,tag6468
358.969,tag5300
358.279,tag5309
358.374,tag2481
358.461,tag2469
358.979,tag2471
358.546,tag2464
358.409,tag5310
358.672,tag5308
358.543,tag5292
358.520,tag6464
358.054,tag777
358.863,tag2476
358.029,tag6483
358.702,tag7698
358.186,tag6487
358.654,tag5292
358.092,tag5304
358.211,tag2482
358.408,tag5310
358.745,tag2476
358.700,tag6478
358.188,tag2473
358.281,tag2478
359.278,tag2493
359.722,tag6464
359.609,tag2466
359.508,tag5281
359.495,tag2495
359.946,tag6492
359.860,tag5294
359.975,tag5291
359.176,tag6478
359.170,tag5293
359.617,tag6473
359.180,tag6657
359.438,tag2471
359.263,tag6481
359.890,tag2475
359.638,tag2484
359.251,tag6548
359.194,tag6478
359.573,tag2478
359.924,tag5291
359.748,tag2474
359.901,tag5294
359.816,tag6470
359.920,tag4022
359.645,tag2467
359.781,tag5299
359.919,tag5302
359.573,tag6484
359.427,tag6472
359.612,tag6480
359.398,tag2474
359.774,tag6477
359.198,tag5308
359.796,tag6473
359.527,tag2472
359.664,tag5280
359.794,tag5289
359.874,tag2476
359.634,tag2468
359.887,tag6464
360.056,tag2485
360.888,tag9373
360.743,tag5280
360.104,tag6483
360.136,tag4905
360.101,tag2490
360.368,tag3910
360.409,tag5285
360.532,tag5303
360.855,tag7173
360.895,tag5288
360.092,tag5303
360.393,tag6495
360.172,tag6475
360.590,tag6484
360.894,tag2467
360.920,tag6485
360.302,tag2479
360.542,tag5290
360.769,tag6488
360.834,tag5305
360.469,tag6475
360.347,tag9831
360.691,tag5283
360.692,tag1727
360.438,tag2484
360.475,tag6494
360.026,tag2483
360.954,tag5286
360.003,tag2467
360.384,tag2488
360.734,tag6487
360.229,tag6471
360.518,tag6467
360.167,tag2489
360.003,tag6495
360.236,tag6471
360.479,tag5296
360.404,tag2465
360.094,tag6489
361.506,tag5752
361.751,tag5296
361.415,tag5286
361.386,tag5296
361.098,tag5300
361.205,tag1421
361.200,tag5296
361.695,tag2471
361.691,tag5297
361.134,tag2492
361.030,tag5298
361.918,tag2490
361.422,tag2465
361.425,tag2759
361.346,tag6485
361.565,tag2470
361.240,tag2477
361.289,tag2464
361.679,tag6483
361.732,tag9304
361.052,tag5300
361.684,tag6467
361.396,tag5307
361.970,tag2479
361.978,tag5309
361.205,tag6473
361.802,tag2470
361.594,tag2470
361.083,tag6485
361.579,tag5291
361.484,tag6469
361.326,tag6494
361.694,tag5308
361.444,tag5288
361.239,tag6471
361.496,tag5311
361.340,tag7073
361.885,tag5290
361.335,tag2484
361.698,tag6472
362.368,tag10801
362.097,tag2464
362.780,tag6470
362.730,tag2471
362.066,tag5303
362.216,tag6465
362.540,tag2495
362.919,tag5293
362.446,tag4193
362.385,tag5293
362.330,tag6479
362.892,tag2476
362.219,tag4522
362.235,tag6494
362.513,tag2491
362.976,tag1496
362.320,tag6467
362.892,tag5290
362.680,tag5291
362.943,tag5281
362.632,tag5300
362.119,tag5306
362.763,tag2473
362.426,tag6470
362.811,tag2478
362.104,tag6493
362.054,tag5302
362.577,tag5301
362.440,tag6469
362.293,tag6492
362.648,tag5285
362.089,tag2477
362.522,tag5299
362.124,tag6465
362.178,tag2491
362.481,tag5301
362.946,tag5299
362.367,tag2473
362.580,tag2479
362.280,tag5300
363.814,tag6491
363.182,tag2474
363.721,tag2468
363.257,tag5305
363.867,tag5282
363.748,tag6481
363.688,tag2493
363.531,tag9831
363.869,tag5288
363.835,tag5292
363.857,tag2490
363.143,tag2478
363.818,tag6495
363.053,tag2481
363.194,tag6480
363.259,tag6474
363.135,tag2493
363.501,tag5304
363.522,tag2489
363.497,tag2477
363.158,tag2491
363.161,tag5286
363.619,tag2476
363.116,tag2475
363.222,tag5288
363.889,tag2474
363.648,tag2479
363.820,tag6486
363.975,tag2464
363.667,tag5281
363.039,tag9687
363.965,tag11410
363.225,tag6486
363.006,tag6476
363.248,tag6472
363.912,tag6471
363.429,tag5285
363.995,tag5305
363.208,tag6479
363.872,tag2480
364.022,tag4013
364.634,tag6471
364.894,tag5287
364.404,tag6473
364.293,tag771
364.035,tag6473
364.770,tag5282
364.589,tag7462
364.214,tag2495
364.415,tag6474
364.187,tag5292
364.512,tag2464
364.821,tag5284
364.546,tag6465
364.781,tag2479
364.987,tag2477
364.101,tag5306
364.841,tag2467
364.075,tag9657
364.583,tag5285
364.303,tag2479
364.133,tag5310
364.535,tag5282
364.740,tag5291
364.262,tag6493
364.891,tag5280
364.746,tag6478
364.855,tag4127
364.105,tag2477
364.188,tag2491
364.504,tag2488
364.866,tag5298
364.110,tag5307
364.008,tag6490
364.805,tag5297
364.442,tag5293
364.825,tag5305
364.638,tag5303
364.172,tag6465
364.893,tag8561
365.047,tag5283
365.974,tag5295
365.482,tag2486
365.766,tag5290
365.231,tag6467
365.475,tag6487
365.531,tag5300
365.331,tag5302
365.391,tag5307
365.059,tag2473
365.249,tag2475
365.932,tag2469
365.914,tag5301
365.051,tag6472
365.113,tag5298
365.398,tag5293
365.275,tag6468
365.038,tag3863
365.344,tag5295
365.193,tag5307
365.794,tag6492
365.823,tag7923
365.362,tag6493
365.006,tag6475
365.307,tag5293
365.852,tag6479
365.584,tag5285
365.773,tag2489
365.548,tag665
365.723,tag2486
365.334,tag2219
365.165,tag2490
365.697,tag2465
365.922,tag5303
365.881,tag6481
365.524,tag5286
365.355,tag5092
365.007,tag6473
365.045,tag5287
365.896,tag5289
366.872,tag5281
366.082,tag6484
366.686,tag5280
366.843,tag2488
366.505,tag4220
366.153,tag6480
366.392,tag2493
366.094,tag2484
366.203,tag6470
366.914,tag5283
366.182,tag5288
366.331,tag4398
366.700,tag5285
366.046,tag6181
366.158,tag6489
366.534,tag2470
366.248,tag5307
366.461,tag5307
366.361,tag6464
366.317,tag5304
366.860,tag2467
366.590,tag5307
366.348,tag5294
366.276,tag6488
366.920,tag5288
366.570,tag5309
366.898,tag2488
366.514,tag2469
366.573,tag6483
366.924,tag6472
366.756,tag6490
366.066,tag2482
366.569,tag5293
366.528,tag5291
366.410,tag6466
366.551,tag2467
366.775,tag5282
366.410,tag2488
366.119,tag2473
366.422,tag6469
367.638,tag5305
367.078,tag6471
367.496,tag2468
367.204,tag5306
367.708,tag6484
367.648,tag5283
367.140,tag11759
367.649,tag2486
367.511,tag2485
367.087,tag2466
367.562,tag5281
367.203,tag6464
367.521,tag6493
367.809,tag2491
367.042,tag2478
367.171,tag5306
367.053,tag5285
367.919,tag6470
367.573,tag2469
367.963,tag5289
367.958,tag5304
367.789,tag2467
367.445,tag5300
367.311,tag6491
367.315,tag2469
367.787,tag5282
367.292,tag5309
367.659,tag6495
367.889,tag2467
367.078,tag6486
367.993,tag6490
367.430,tag5289
367.524,tag2488
367.650,tag5281
367.711,tag5303
367.848,tag2482
367.747,tag4585
367.886,tag5292
367.781,tag5310
367.981,tag6488
368.256,tag5293
368.696,tag3107
368.268,tag2481
368.379,tag5296
368.923,tag6494
368.078,tag2464
368.612,tag5305
368.961,tag6482
368.758,tag2471
368.157,tag655
368.986,tag2469
368.658,tag5306
368.468,tag2472
368.802,tag6483
368.231,tag2479
368.249,tag2470
368.918,tag6473
368.540,tag6472
368.566,tag6467
368.791,tag5209
368.378,tag5280
368.063,tag2488
368.611,tag2464
368.122,tag2477
368.706,tag2488
368.082,tag2493
368.481,tag5286
368.531,tag5301
368.435,tag5300
368.744,tag2489
368.820,tag2466
368.790,tag6490
368.685,tag5302
368.573,tag6491
368.202,tag6484
368.726,tag2468
368.928,tag6484
368.841,tag2480
368.504,tag2493
368.652,tag6492
369.901,tag5298
369.748,tag6483
369.174,tag6492
369.778,tag2492
369.166,tag5283
369.077,tag6489
369.664,tag9151
369.670,tag5286
369.016,tag2482
369.505,tag8036
369.703,tag6477
369.772,tag5296
369.965,tag2492
369.926,tag5308
369.315,tag5190
369.280,tag6489
369.900,tag5309
369.652,tag6489
369.337,tag10449
369.154,tag5302
369.411,tag2486
369.794,tag5287
369.481,tag2488
369.788,tag6007
369.137,tag2493
369.457,tag2492
369.213,tag2484
369.699,tag6482
369.403,tag5310
369.849,tag5310
369.896,tag6495
369.012,tag6464
369.677,tag5304
369.042,tag2470
369.179,tag6492
369.445,tag5298
369.949,tag5293
369.169,tag6478
369.305,tag6466
369.597,tag6479
370.421,tag2492
370.676,tag2465
370.468,tag5280
370.819,tag5281
370.441,tag2472
370.096,tag5301
370.993,tag2486
370.511,tag5299
370.795,tag5299
370.258,tag3940
370.769,tag6482
370.993,tag6492
370.065,tag6472
370.007,tag2495
370.838,tag2465
370.891,tag5309
370.687,tag5282
370.106,tag5309
370.154,tag5288
370.768,tag2473
370.820,tag5286
370.318,tag5284
370.103,tag5281
370.947,tag4436
370.895,tag2481
370.670,tag6478
370.514,tag1963
370.846,tag5302
370.266,tag5285
370.876,tag6480
370.884,tag2469
370.480,tag2486
370.475,tag5290
370.973,tag2487
370.061,tag5285
370.998,tag6494
370.817,tag2217
370.152,tag6488
370.288,tag2470
370.696,tag2489
371.400,tag5287
371.364,tag6478
371.518,tag11033
371.827,tag2495
371.226,tag5289
371.960,tag6488
371.522,tag2464
371.257,tag6487
371.618,tag2487
371.957,tag6493
371.955,tag2128
371.120,tag3703
371.662,tag6476
371.953,tag6490
371.958,tag2482
371.308,tag10056
371.891,tag2473
371.805,tag2287
371.189,tag5299
371.837,tag6484
371.832,tag6495
371.249,tag2752
371.034,tag2464
371.578,tag2476
371.062,tag6810
371.715,tag6485
371.034,tag6467
371.328,tag2480
371.943,tag2479
371.577,tag2479
371.772,tag6468
371.051,tag5289
371.831,tag5297
371.599,tag2476
371.898,tag2472
371.357,tag2481
371.806,tag5283
371.957,tag6484
371.719,tag5282
371.830,tag5283
372.468,tag5309
372.369,tag5283
372.738,tag2470
372.852,tag5305
372.888,tag6464
372.023,tag6491
372.599,tag5289
372.590,tag8053
372.708,tag5291
372.400,tag5286
372.142,tag6488
372.261,tag6495
372.145,tag5281
372.197,tag5292
372.097,tag6477
372.102,tag2486
372.497,tag2495
372.350,tag2470
372.666,tag5309
372.815,tag6486
372.508,tag6482
372.519,tag6474
372.931,tag6487
372.364,tag5300
372.590,tag2485
372.437,tag6479
372.644,tag5815
372.006,tag2483
372.358,tag5300
372.123,tag2472
372.994,tag1013
372.854,tag2471
372.881,tag6471
372.366,tag2481
372.281,tag2488
372.329,tag6488
372.899,tag6470
372.110,tag6480
372.937,tag5289
372.406,tag5292
373.783,tag2482
373.672,tag5304
373.973,tag2485
373.302,tag2486
373.224,tag2464
373.532,tag6495
373.305,tag6467
373.154,tag2486
373.580,tag2470
373.772,tag6468
373.625,tag2483
373.142,tag5301
373.125,tag6469
373.624,tag6478
373.500,tag2491
373.898,tag2474
373.841,tag6489
373.965,tag5284
373.463,tag6489
373.968,tag2479
373.455,tag2477
373.543,tag6464
373.477,tag6482
373.177,tag5280
373.868,tag6495
373.231,tag1273
373.900,tag1867
373.901,tag5300
373.922,tag2479
373.156,tag6471
373.877,tag6467
373.387,tag6464
373.951,tag2484
373.906,tag6492
373.549,tag6469
373.489,tag8163
373.814,tag6470
373.225,tag2472
373.274,tag2467
373.481,tag6482
374.271,tag6474
374.019,tag6467
374.477,tag6480
374.695,tag5287
374.083,tag2490
374.004,tag6472
374.999,tag2489
374.245,tag6467
374.888,tag6485
374.693,tag2489
374.801,tag2485
374.632,tag2478
374.372,tag8751
374.371,tag5295
374.090,tag5311
374.194,tag5290
374.403,tag2477
374.153,tag10913
374.207,tag2495
374.359,tag2493
374.009,tag2481
374.124,tag5293
374.096,tag2489
374.519,tag10401
374.158,tag2488
374.784,tag5306
374.899,tag2494
374.273,tag2468
374.650,tag6464
374.590,tag2470
374.756,tag2470
374.839,tag5293
374.281,tag6467
374.214,tag5287
374.352,tag2493
374.344,tag5299
374.567,tag5289
374.362,tag5286
374.309,tag8300
374.936,tag5284
375.745,tag2520
375.012,tag5281
375.529,tag5287
375.487,tag5292
375.395,tag2474
375.846,tag5303
375.824,tag6485
375.534,tag5298
375.808,tag6483
375.858,tag6479
375.396,tag6471
375.502,tag2487
375.737,tag6470
375.149,tag6472
375.010,tag5295
375.165,tag4626
375.677,tag11646
375.801,tag5302
375.846,tag5289
375.557,tag2465
375.666,tag6473
375.428,tag5298
375.319,tag2464
375.196,tag6489
375.694,tag2474
375.798,tag2484
375.397,tag2492
375.959,tag5288
375.983,tag2474
375.022,tag6491
375.806,tag2486
375.704,tag5289
375.562,tag6482
375.217,tag6470
375.712,tag2469
375.633,tag2292
375.821,tag9288
375.691,tag5284
375.676,tag4142
375.711,tag2492
376.384,tag3905
376.401,tag2469
376.111,tag5298
376.545,tag2490
376.536,tag2493
376.296,tag6484
376.679,tag5298
376.636,tag2305
376.950,tag2468
376.392,tag5305
376.157,tag5290
376.252,tag2113
376.144,tag2471
376.558,tag1558
376.029,tag6480
376.187,tag2465
376.883,tag2477
376.958,tag6479
376.649,tag9424
376.571,tag6495
376.925,tag6490
376.586,tag2485
376.419,tag5280
376.489,tag2486
376.798,tag6473
376.817,tag6469
376.099,tag5300
376.919,tag6487
376.586,tag6488
376.073,tag2475
376.245,tag5284
376.269,tag2482
376.296,tag6465
376.161,tag5310
376.486,tag5286
376.685,tag5301
376.180,tag7475
376.502,tag5281
376.218,tag6471
376.630,tag2187
377.570,tag2486
377.282,tag5284
377.464,tag2474
377.448,tag6480
377.272,tag2482
377.323,tag2483
377.112,tag6474
377.112,tag2479
377.077,tag2492
377.413,tag4813
377.051,tag2495
377.011,tag5293
377.823,tag6495
377.928,tag5305
377.482,tag6481
377.585,tag5288
377.644,tag2493
377.573,tag2465
377.316,tag6478
377.585,tag6493
377.582,tag9266
377.403,tag5310
377.229,tag6477
377.673,tag2617
377.354,tag5309
377.007,tag6471
377.383,tag6471
377.095,tag6485
377.823,tag6466
377.807,tag2483
377.874,tag2481
377.399,tag2467
377.538,tag5291
377.363,tag2465
377.095,tag2495
377.366,tag6485
377.544,tag2466
377.553,tag6490
377.297,tag2494
377.768,tag9155
378.218,tag5299
378.029,tag5297
378.822,tag6473
378.654,tag746
378.592,tag5295
378.254,tag2477
378.227,tag5284
378.606,tag5297
378.427,tag6484
378.354,tag5308
378.409,tag5304
378.820,tag6480
378.602,tag6464
378.655,tag2466
378.895,tag5284
378.521,tag5291
378.122,tag5301
378.959,tag11673
378.046,tag5310
378.464,tag2467
378.261,tag6470
378.353,tag5288
378.006,tag5299
378.989,tag2474
378.457,tag5303
378.350,tag11641
378.947,tag5295
378.416,tag5304
378.104,tag5303
378.246,tag5285
378.998,tag6477
378.021,tag5307
378.812,tag2484
378.958,tag2473
378.290,tag2495
378.555,tag5309
378.271,tag3006
378.632,tag2474
378.777,tag5289
378.855,tag3941
379.807,tag2478
379.371,tag5294
379.876,tag6486
379.572,tag5295
379.344,tag2489
379.625,tag2486
379.542,tag5297
379.679,tag2481
379.399,tag6478
379.754,tag5285
379.999,tag6466
379.138,tag2464
379.524,tag6472
379.464,tag173
379.061,tag5306
379.623,tag2465
379.262,tag2466
379.107,tag6484
379.277,tag5303
379.170,tag2481
379.641,tag2465
379.979,tag4737
379.840,tag6468
379.863,tag2487
379.136,tag2473
379.099,tag2480
379.592,tag8481
379.404,tag5308
379.415,tag5308
379.069,tag2490
379.841,tag2494
379.277,tag6481
379.647,tag5300
379.857,tag2488
379.189,tag4042
379.627,tag2495
379.697,tag5298
379.889,tag6492
379.319,tag2477
379.637,tag5282
380.316,tag5296
380.620,tag6477
380.738,tag6480
380.977,tag6475
380.505,tag6477
380.687,tag6479
380.216,tag2487
380.711,tag6482
380.971,tag6469
380.400,tag1437
380.522,tag6489
380.624,tag5282
380.786,tag2473
380.166,tag6493
380.391,tag5300
380.015,tag6470
380.858,tag2467
380.042,tag5304
380.366,tag5302
380.654,tag5308
380.262,tag5281
380.161,tag5284
380.368,tag6489
380.800,tag2468
380.352,tag2479
380.022,tag5288
380.071,tag2470
380.636,tag5304
380.255,tag2492
380.155,tag2483
380.075,tag2487
380.300,tag2465
380.355,tag5304
380.496,tag6480
380.338,tag5310
380.513,tag5295
380.033,tag2477
380.934,tag5281
380.847,tag6493
380.992,tag5293
381.230,tag9456
381.109,tag5287
381.039,tag6475
381.735,tag2474
381.133,tag6469
381.274,tag2470
381.364,tag6478
381.995,tag6494
381.030,tag5073
381.387,tag2482
381.923,tag6488
381.154,tag5306
381.441,tag2492
381.544,tag5599
381.502,tag5290
381.080,tag2477
381.120,tag5306
381.130,tag2487
381.418,tag2485
381.912,tag2491
381.879,tag6476
381.688,tag2780
381.647,tag6489
381.988,tag215
381.780,tag2488
381.694,tag5286
381.042,tag5311
381.339,tag5294
381.934,tag6477
381.074,tag2481
381.294,tag6483
381.264,tag6493
381.796,tag5298
381.115,tag2477
381.036,tag6479
381.289,tag2477
381.458,tag2467
381.631,tag6480
381.398,tag5292
381.214,tag2492
382.567,tag6465
382.346,tag5310
382.884,tag2476
382.024,tag2490
382.958,tag6485
382.954,tag6495
382.532,tag3858
382.778,tag5303
382.470,tag2489
382.658,tag2477
382.131,tag2485
382.821,tag2483
382.733,tag5302
382.548,tag2484
382.703,tag5285
382.075,tag5304
382.395,tag5281
382.861,tag5304
382.974,tag5592
382.564,tag5283
382.745,tag2471
382.931,tag6486
382.629,tag5285
382.122,tag6493
382.064,tag6479
382.225,tag5302
382.189,tag2476
382.527,tag2489
382.001,tag6465
382.468,tag2471
382.812,tag5296
382.888,tag2478
382.384,tag6468
382.846,tag5280
382.353,tag6493
382.079,tag6495
382.797,tag6473
382.189,tag2468
382.925,tag5294
382.379,tag1853
383.313,tag5311
383.887,tag2488
383.241,tag5300
383.003,tag2476
383.890,tag6471
383.125,tag5287
383.460,tag5306
383.352,tag2476
383.876,tag7109
383.581,tag6487
383.550,tag5284
383.716,tag6478
383.107,tag6464
383.043,tag5283
383.240,tag5295
383.772,tag5292
383.521,tag2477
383.595,tag6471
383.701,tag6544
383.801,tag2487
383.395,tag10752
383.542,tag2802
383.194,tag2470
383.655,tag6480
383.171,tag6470
383.209,tag2468
383.217,tag5291
383.213,tag2492
383.439,tag6475
383.459,tag2488
383.200,tag2476
383.537,tag5284
383.299,tag2492
383.064,tag5311
383.654,tag6474
383.944,tag2468
383.325,tag2470
383.060,tag2475
383.377,tag5299
383.280,tag5303
384.245,tag5290
384.495,tag6464
384.770,tag5310
384.031,tag2485
384.698,tag5282
384.483,tag6464
384.007,tag2475
384.239,tag5285
384.496,tag6464
384.264,tag5306
384.975,tag2494
384.486,tag5292
384.821,tag5294
384.055,tag5292
384.996,tag2489
384.844,tag6480
384.563,tag5286
384.415,tag6464
384.817,tag6488
384.667,tag2468
384.028,tag6484
384.543,tag5286
384.464,tag6486
384.316,tag6604
384.494,tag5307
384.212,tag2472
384.789,tag6489
384.184,tag6470
384.695,tag2476
384.867,tag6468
384.370,tag2483
384.712,tag2475
384.534,tag5301
384.532,tag5289
384.565,tag976
384.691,tag6487
384.669,tag2478
384.824,tag6487
384.895,tag5302
384.650,tag8254
385.443,tag5308
385.653,tag2485
385.629,tag6485
385.360,tag2473
385.761,tag2488
385.243,tag6493
385.975,tag2492
385.446,tag5295
385.559,tag5290
385.016,tag6173
385.278,tag9548
385.652,tag5284
385.514,tag6464
385.427,tag6469
385.138,tag2492
385.596,tag6491
385.202,tag6467
385.763,tag2493
385.038,tag5411
385.195,tag2495
385.047,tag2480
385.344,tag5285
385.132,tag6464
385.907,tag2464
385.672,tag5299
385.797,tag6487
385.747,tag6489
385.430,tag5286
385.332,tag2467
385.865,tag6491
385.688,tag2476
385.080,tag2468
385.990,tag5306
385.401,tag2468
385.686,tag2495
385.897,tag6495
385.948,tag4431
385.197,tag2473
385.988,tag6495
385.188,tag2488
386.283,tag5299
386.322,tag1153
386.734,tag5304
386.413,tag5285
386.448,tag6476
386.979,tag5293
386.807,tag2488
386.313,tag6477
386.321,tag2479
386.219,tag5289
386.001,tag6478
386.601,tag2465
386.306,tag2490
386.450,tag6467
386.790,tag5308
386.337,tag5306
386.498,tag11791
386.092,tag10493
386.699,tag2489
386.040,tag2486
386.486,tag5285
386.005,tag2485
386.755,tag6464
386.643,tag2490
386.587,tag6474
386.316,tag2482
386.589,tag5301
386.802,tag5293
386.538,tag2491
386.129,tag5296
386.389,tag6485
386.406,tag2487
386.878,tag6467
386.871,tag5283
386.527,tag6479
386.256,tag2482
386.161,tag2473
386.054,tag5304
386.160,tag2487
386.458,tag6489
387.470,tag2470
387.178,tag6490
387.813,tag6486
387.280,tag5308
387.884,tag5309
387.232,tag6471
387.375,tag2474
387.604,tag6465
387.905,tag2467
387.209,tag119
387.302,tag5298
387.060,tag5306
387.040,tag6482
387.890,tag6467
387.065,tag2482
387.193,tag5295
387.974,tag6465
387.995,tag5300
387.480,tag2468
387.344,tag2474
387.386,tag1490
387.613,tag2495
387.465,tag6465
387.754,tag5309
387.823,tag2491
387.060,tag2484
387.118,tag6478
387.017,tag6477
387.739,tag6484
387.289,tag2486
387.638,tag5286
387.934,tag6484
387.587,tag2489
387.049,tag2489
387.304,tag5283
387.908,tag6488
387.654,tag6480
387.451,tag6456
387.680,tag5284
387.021,tag5283
388.273,tag6489
388.710,tag5294
388.640,tag10749
388.514,tag2471
388.767,tag2468
388.590,tag5295
388.502,tag5288
388.504,tag5289
388.900,tag2467
388.530,tag6486
388.242,tag2483
388.472,tag11540
388.770,tag6466
388.428,tag9672
388.222,tag6488
388.242,tag5284
388.070,tag5302
388.855,tag2467
388.320,tag5306
388.405,tag5302
388.141,tag5291
388.921,tag5301
388.530,tag7629
388.383,tag5297
388.201,tag5311
388.436,tag2488
388.295,tag5284
388.186,tag6472
388.766,tag2485
388.925,tag6480
388.933,tag5310
388.708,tag6477
388.596,tag5293
388.022,tag6473
388.507,tag5293
388.210,tag2464
388.941,tag6465
388.815,tag2470
388.197,tag2485
388.560,tag6486
389.471,tag5296
389.990,tag5726
389.072,tag2466
389.604,tag6478
389.348,tag5286
389.066,tag6469
389.993,tag6487
389.935,tag6101
389.958,tag5300
389.693,tag5311
389.817,tag6490
389.158,tag6466
389.611,tag5306
389.198,tag2490
389.030,tag2467
389.097,tag6474
389.627,tag5308
389.841,tag2479
389.329,tag6494
389.186,tag7412
389.367,tag6469
389.907,tag2466
389.763,tag6471
389.833,tag2471
389.715,tag6492
389.795,tag5286
389.897,tag5283
389.685,tag5299
389.464,tag6493
389.033,tag1007
389.062,tag2490
389.337,tag2477
389.356,tag5303
389.458,tag8632
389.084,tag5298
389.074,tag6484
389.437,tag2485
389.903,tag6486
389.925,tag6475
389.175,tag6467
390.685,tag6493
390.505,tag5311
390.317,tag2492
390.069,tag6472
390.428,tag5309
390.133,tag2466
390.367,tag5301
390.637,tag5291
390.916,tag5305
390.056,tag5300
390.983,tag2472
390.164,tag6025
390.271,tag11250
390.617,tag6480
390.986,tag6477
390.934,tag5282
390.965,tag2469
390.703,tag5288
390.558,tag6465
390.797,tag5281
390.177,tag5289
390.999,tag2493
390.761,tag2485
390.525,tag5290
390.260,tag6470
390.104,tag2474
390.482,tag2478
390.862,tag2483
390.755,tag2485
390.107,tag11774
390.291,tag5281
390.170,tag2481
390.042,tag5299
390.318,tag6473
390.275,tag5281
390.649,tag2472
390.012,tag5290
390.661,tag2477
390.496,tag2465
390.631,tag2483
391.615,tag2477
391.558,tag5302
391.152,tag2469
391.462,tag6478
391.980,tag2464
391.543,tag5281
391.975,tag2482
391.215,tag2469
391.786,tag6474
391.420,tag5297
391.133,tag2487
391.962,tag6484
391.719,tag3627
391.612,tag5284
391.429,tag2494
391.677,tag6506
391.757,tag5308
391.940,tag5294
391.185,tag2494
391.980,tag5297
391.797,tag6477
391.924,tag5299
391.272,tag5288
391.715,tag2495
391.685,tag5296
391.605,tag2490
391.259,tag5282
391.419,tag5283
391.062,tag2491
391.963,tag6485
391.115,tag5293
391.603,tag5307
391.240,tag5307
391.577,tag2492
391.960,tag2466
391.416,tag5301
391.535,tag5298
391.149,tag6473
391.412,tag8818
391.470,tag5293
392.489,tag6491
392.712,tag2479
392.162,tag4456
392.486,tag2484
392.719,tag6472
392.430,tag6478
392.245,tag2478
392.099,tag6482
392.895,tag6468
392.422,tag5753
392.456,tag5288
392.395,tag6492
392.080,tag2469
392.297,tag2493
392.306,tag6486
392.641,tag2473
392.141,tag5306
392.018,tag6472
392.424,tag5291
392.968,tag2485
392.549,tag6481
392.762,tag5304
392.410,tag2480
392.109,tag6479
392.215,tag5286
392.437,tag2485
392.918,tag2484
392.737,tag5299
392.182,tag5308
392.346,tag2476
392.385,tag6467
392.457,tag6476
392.322,tag6471
392.887,tag2478
392.839,tag2493
392.149,tag5300
392.507,tag6470
392.424,tag2393
392.488,tag6495
392.174,tag5307
393.599,tag6489
393.873,tag6281
393.963,tag2547
393.170,tag6474
393.636,tag5281
393.539,tag2491
393.911,tag5295
393.854,tag2466
393.123,tag2466
393.692,tag2473
393.618,tag2464
393.616,tag2495
393.792,tag2487
393.276,tag2474
393.498,tag6468
393.907,tag5284
393.460,tag2488
393.798,tag6489
393.612,tag6492
393.973,tag6466
393.362,tag6467
393.355,tag2474
393.222,tag6475
393.391,tag6473
393.100,tag6474
393.866,tag5298
393.449,tag6495
393.426,tag5291
393.278,tag2467
393.164,tag2474
393.976,tag2476
393.327,tag5287
393.736,tag5311
393.122,tag5290
393.125,tag5311
393.830,tag5298
393.505,tag5296
393.833,tag6479
393.596,tag5283
393.669,tag5283
394.923,tag5302
394.429,tag6348
394.973,tag2488
394.837,tag6002
394.831,tag5310
394.884,tag6486
394.153,tag6480
394.527,tag6489
394.272,tag5300
394.736,tag6495
394.315,tag6466
394.782,tag11048
394.553,tag5286
394.775,tag6489
394.449,tag6483
394.954,tag6491
394.033,tag5293
394.342,tag5287
394.686,tag6479
394.547,tag6472
394.544,tag2469
394.873,tag6465
394.709,tag6490
394.044,tag5299
394.803,tag2467
394.582,tag6493
394.548,tag6066
394.549,tag6490
394.628,tag6471
394.782,tag5300
394.859,tag2491
394.710,tag6480
394.400,tag5305
394.716,tag5287
394.305,tag2482
394.062,tag6464
394.528,tag5280
394.892,tag5298
394.204,tag5302
394.183,tag5297
395.746,tag5309
395.783,tag2467
395.300,tag6476
395.713,tag9134
395.978,tag6473
395.618,tag2485
395.814,tag2466
395.788,tag6467
395.552,tag6492
395.993,tag6475
395.124,tag6490
395.408,tag6487
395.552,tag5296
395.736,tag5299
395.818,tag5280
395.139,tag5297
395.535,tag2473
395.221,tag3368
395.584,tag6465
395.709,tag2475
395.267,tag6485
395.604,tag5284
395.280,tag5288
395.080,tag6491
395.271,tag2484
395.718,tag6490
395.199,tag6470
395.879,tag2471
395.577,tag2791
395.114,tag5283
395.844,tag5282
395.053,tag6472
395.330,tag5301
395.090,tag5286
395.671,tag2494
395.648,tag2489
395.636,tag5307
395.132,tag5280
395.329,tag5291
395.606,tag2467
396.777,tag6488
396.108,tag2488
396.759,tag5300
396.800,tag2477
396.480,tag2482
396.594,tag2467
396.749,tag5310
396.171,tag2495
396.693,tag2478
396.068,tag2487
396.027,tag2475
396.736,tag6489
396.107,tag6486
396.572,tag5281
396.217,tag6470
396.864,tag2464
396.939,tag6481
396.297,tag2486
396.971,tag2493
396.357,tag2494
396.247,tag6490
396.727,tag5291
396.825,tag6495
396.542,tag2490
396.595,tag6484
396.010,tag5284
396.262,tag6493
396.009,tag2485
396.388,tag5292
396.317,tag5301
396.159,tag2476
396.558,tag2484
396.005,tag2471
396.625,tag6488
396.032,tag5294
396.795,tag5304
396.214,tag6473
396.103,tag5952
396.287,tag6477
396.753,tag5311
397.488,tag6478
397.626,tag1197
397.883,tag5305
397.699,tag6470
397.288,tag5302
397.847,tag6487
397.230,tag2485
397.435,tag2486
397.014,tag5289
397.981,tag5308
397.164,tag5310
397.578,tag5290
397.134,tag2493
397.228,tag6466
397.568,tag5290
397.491,tag6773
397.992,tag5280
397.156,tag2487
397.353,tag5300
397.153,tag2474
397.864,tag5287
397.581,tag6477
397.363,tag5282
397.037,tag6475
397.374,tag6479
397.475,tag6482
397.847,tag5308
397.375,tag6471
397.563,tag5295
397.928,tag2485
397.024,tag5305
397.737,tag5283
397.576,tag6474
397.411,tag2479
397.351,tag6466
397.214,tag2489
397.662,tag6491
397.032,tag5293
397.517,tag11331
397.283,tag2482
398.138,tag2492
398.728,tag5297
398.353,tag6485
398.470,tag6468
398.247,tag6464
398.210,tag2493
398.361,tag5307
398.571,tag6471
398.985,tag5295
398.159,tag6493
398.368,tag6486
398.269,tag6494
398.509,tag2480
398.337,tag2492
398.332,tag6495
398.317,tag5310
398.876,tag6481
398.928,tag4356
398.145,tag5287
398.987,tag6471
398.735,tag5299
398.524,tag2492
398.348,tag6473
398.414,tag6490
398.106,tag5289
398.394,tag3326
398.440,tag5289
398.926,tag5311
398.318,tag2474
398.154,tag6487
398.718,tag2470
398.618,tag2471
398.474,tag2470
398.878,tag6492
398.762,tag5285
398.948,tag5284
398.436,tag5301
398.977,tag5305
398.003,tag2493
398.808,tag2470
399.958,tag3326
399.989,tag6465
399.391,tag4614
399.475,tag5295
399.675,tag5295
399.313,tag5293
399.373,tag6464
399.578,tag1699
399.665,tag2473
399.127,tag6492
399.147,tag2490
399.106,tag2483
399.649,tag6482
399.964,tag6491
399.329,tag5284
399.861,tag5294
399.246,tag2480
399.789,tag5310
399.405,tag6494
399.360,tag6491
399.638,tag6472
399.399,tag2472
399.908,tag2484
399.793,tag5301
399.068,tag6486
399.098,tag2481
399.908,tag5285
399.603,tag6484
399.116,tag6482
399.338,tag5306
399.736,tag5289
399.656,tag5285
399.139,tag2485
399.847,tag5290
399.861,tag5294
399.151,tag2489
399.330,tag5288
399.570,tag2468
399.887,tag5309
399.046,tag10568
400.019,tag2478
400.751,tag2495
400.704,tag6484
400.716,tag5307
400.871,tag5295
400.236,tag2466
400.372,tag2470
400.374,tag5297
400.031,tag2489
400.617,tag2491
400.495,tag6468
400.246,tag2471
400.539,tag5299
400.098,tag5288
400.425,tag5288
400.533,tag5297
400.373,tag5293
400.812,tag2494
400.250,tag6490
400.356,tag5285
400.410,tag2488
400.550,tag5282
400.514,tag2486
400.160,tag5280
400.248,tag2488
400.623,tag6482
400.703,tag6482
400.443,tag6473
400.105,tag6487
400.415,tag2492
400.058,tag2487
400.303,tag2492
400.055,tag5663
400.293,tag5292
400.030,tag2465
400.163,tag2468
400.870,tag6477
400.296,tag3242
400.696,tag6476
400.797,tag199
401.153,tag5303
401.669,tag2480
401.298,tag5303
401.892,tag2470
401.746,tag2490
401.037,tag6481
401.619,tag5649
401.185,tag2494
401.936,tag6480
401.413,tag6471
401.347,tag5289
401.901,tag2478
401.803,tag5305
401.522,tag6470
401.729,tag5284
401.024,tag6477
401.722,tag5303
401.468,tag531
401.410,tag6493
401.491,tag5168
401.897,tag2464
401.970,tag5294
401.082,tag2485
401.161,tag5282
401.749,tag2471
401.576,tag2489
401.912,tag6385
401.419,tag2479
401.389,tag2483
401.546,tag5301
401.588,tag5306
401.235,tag5283
401.236,tag6466
401.462,tag8342
401.728,tag5298
401.799,tag5311
401.289,tag2471
401.050,tag2480
401.971,tag2473
401.504,tag2467
402.309,tag5299
402.707,tag5283
402.297,tag6479
402.653,tag5288
402.274,tag5304
402.460,tag5309
402.761,tag5301
402.282,tag6465
402.456,tag2489
402.982,tag5281
402.068,tag2490
402.199,tag6494
402.079,tag2481
402.535,tag2488
402.527,tag5296
402.996,tag6477
402.387,tag5282
402.230,tag2467
402.447,tag6464
402.185,tag5281
402.433,tag5293
402.647,tag2476
402.015,tag2472
402.828,tag5289
402.122,tag5285
402.293,tag5301
402.807,tag6482
402.211,tag6472
402.177,tag2148
402.915,tag5296
402.415,tag2490
402.575,tag6468
402.580,tag453
402.129,tag2470
402.785,tag2491
402.277,tag6483
402.863,tag5290
402.413,tag6492
402.252,tag6481
402.964,tag2478
403.557,tag5538
403.774,tag2491
403.214,tag2474
403.040,tag2491
403.400,tag5280
403.318,tag6484
403.461,tag5303
403.428,tag5300
403.507,tag2477
403.020,tag2472
403.071,tag2473
403.443,tag3361
403.273,tag5300
403.284,tag2465
403.250,tag5294
403.397,tag5282
403.875,tag6473
403.788,tag5287
403.474,tag2483
403.817,tag2465
403.542,tag2464
403.822,tag6476
403.495,tag2486
403.510,tag5282
403.665,tag6492
403.509,tag5301
403.197,tag6470
403.615,tag2475
403.074,tag6465
403.103,tag2469
403.336,tag2495
403.300,tag2484
403.821,tag2474
403.039,tag5584
403.567,tag6471
403.830,tag2480
403.091,tag3164
403.649,tag5293
403.019,tag5286
403.036,tag5697
404.629,tag6472
404.521,tag6479
404.326,tag6477
404.679,tag2464
404.148,tag5290
404.498,tag2580
404.199,tag2490
404.126,tag2472
404.494,tag5306
404.412,tag2479
404.725,tag5303
404.965,tag6469
404.256,tag6474
404.804,tag6476
404.645,tag2468
404.669,tag2465
404.722,tag5296
404.335,tag2485
404.598,tag5304
404.958,tag5297
404.353,tag6479
404.530,tag2485
404.043,tag6469
404.583,tag6485
404.265,tag5306
404.365,tag2468
404.727,tag6472
404.837,tag2478
404.740,tag2478
404.886,tag6469
404.260,tag5290
404.366,tag2467
404.083,tag6481
404.897,tag11534
404.687,tag1326
404.578,tag6482
404.358,tag3959
404.320,tag6473
404.522,tag2483
404.151,tag2465
405.292,tag6470
405.597,tag2466
405.726,tag6484
405.100,tag2475
405.521,tag2472
405.753,tag5281
405.177,tag6473
405.687,tag6472
405.917,tag2476
405.724,tag2485
405.437,tag5294
405.651,tag2466
405.490,tag5297
405.812,tag2472
405.862,tag6480
405.153,tag6932
405.493,tag2472
405.643,tag6495
405.908,tag1534
405.434,tag2494
405.038,tag5294
405.835,tag2493
405.826,tag5301
405.947,tag6480
405.771,tag6495
405.599,tag5299
405.041,tag5301
405.468,tag6093
405.408,tag6474
405.866,tag5285
405.205,tag5306
405.461,tag6478
405.844,tag6486
405.188,tag5310
405.107,tag2479
405.774,tag5285
405.594,tag5306
405.301,tag6480
405.450,tag2488
405.863,tag6474
406.595,tag5829
406.686,tag6489
406.249,tag5297
406.677,tag5282
406.834,tag6486
406.632,tag2493
406.085,tag2487
406.465,tag6488
406.904,tag5300
406.221,tag6469
406.040,tag5305
406.798,tag6480
406.287,tag6469
406.134,tag7288
406.032,tag5282
406.410,tag2474
406.121,tag2487
406.451,tag5298
406.881,tag8041
406.630,tag5305
406.681,tag2472
406.521,tag2492
406.222,tag6492
406.451,tag5301
406.730,tag2482
406.264,tag5280
406.633,tag2472
406.564,tag2481
406.832,tag6469
406.553,tag5289
406.562,tag6469
406.203,tag2465
406.922,tag5283
406.784,tag2487
406.285,tag5292
406.374,tag6486
406.652,tag5306
406.583,tag6034
406.352,tag6481
406.248,tag2467
407.052,tag5287
407.904,tag2480
407.868,tag1223
407.070,tag5302
407.845,tag2704
407.162,tag6474
407.796,tag2473
407.059,tag5308
407.652,tag2485
407.503,tag6488
407.655,tag5299
407.219,tag2493
407.217,tag2478
407.713,tag2481
407.798,tag6493
407.176,tag11878
407.446,tag5286
407.144,tag5303
407.770,tag6477
407.663,tag2493
407.884,tag6481
407.999,tag286
407.447,tag5287
407.556,tag5282
407.992,tag2488
407.636,tag4429
407.917,tag2478
407.230,tag2469
407.345,tag6484
407.060,tag5296
407.368,tag5283
407.288,tag5294
407.764,tag6488
407.980,tag6482
407.951,tag2492
407.650,tag5308
407.685,tag5298
407.480,tag5289
407.604,tag6470
407.522,tag2485
408.674,tag2470
408.071,tag5293
408.522,tag6486
408.027,tag5292
408.901,tag2487
408.423,tag6477
408.380,tag5286
408.311,tag6474
408.624,tag6481
408.270,tag2476
408.381,tag2470
408.665,tag6470
408.816,tag5282
408.627,tag1989
408.591,tag2491
408.368,tag2469
408.545,tag11447
408.100,tag5297
408.379,tag5303
408.183,tag6481
408.897,tag11927
408.918,tag6480
408.680,tag5296
408.192,tag5283
408.971,tag6472
408.158,tag2479
408.910,tag5280
408.975,tag2489
408.496,tag6480
408.803,tag6492
408.416,tag5285
408.164,tag5283
408.175,tag6470
408.602,tag2465
408.114,tag5305
408.065,tag2466
408.906,tag5280
408.367,tag5729
408.966,tag2470
408.569,tag2494
409.431,tag6491
409.960,tag5306
409.282,tag2482
409.967,tag5283
409.587,tag6482
409.684,tag1909
409.893,tag2492
409.068,tag6489
409.643,tag2471
409.358,tag6481
409.547,tag2477
409.156,tag5306
409.713,tag5295
409.453,tag2471
409.286,tag6488
409.885,tag6490
409.314,tag5300
409.674,tag5298
409.859,tag5283
409.591,tag2042
409.995,tag5296
409.163,tag2489
409.988,tag2494
409.568,tag5291
409.608,tag2470
409.175,tag5297
409.086,tag5281
409.341,tag5281
409.671,tag6481
409.815,tag5283
409.143,tag2466
409.723,tag5692
409.416,tag2489
409.057,tag5310
409.726,tag6474
409.162,tag5297
409.144,tag10204
409.023,tag6475
409.044,tag6475
409.190,tag9277
410.723,tag2467
410.126,tag2477
410.366,tag5302
410.823,tag5280
410.824,tag2482
410.602,tag5284
410.039,tag8884
410.836,tag8378
410.441,tag4729
410.097,tag5306
410.171,tag6466
410.944,tag10665
410.544,tag8956
410.592,tag2467
410.191,tag2472
410.990,tag2490
410.886,tag5290
410.115,tag3193
410.929,tag2494
410.050,tag5281
410.541,tag6488
410.313,tag2489
410.316,tag9684
410.897,tag5299
410.315,tag6489
410.843,tag5281
410.331,tag4271
410.705,tag6487
410.458,tag8533
410.565,tag6476
410.989,tag6482
410.508,tag5306
410.810,tag5297
410.841,tag9203
410.536,tag2495
410.931,tag2476
410.024,tag6484
410.059,tag5300
410.733,tag5294
410.795,tag5308
411.399,tag2490
411.086,tag2477
411.249,tag6464
411.779,tag6491
411.520,tag2473
411.331,tag6488
411.210,tag2480
411.829,tag2471
411.678,tag2489
411.059,tag6466
411.247,tag5297
411.207,tag6470
411.777,tag6471
411.115,tag5293
411.172,tag8179
411.700,tag5299
411.198,tag2479
411.036,tag2077
411.603,tag2481
411.123,tag6480
411.499,tag5294
411.333,tag2481
411.962,tag5300
411.458,tag2479
411.507,tag10888
411.144,tag2492
411.642,tag6484
411.537,tag9853
411.866,tag2629
411.930,tag5298
411.326,tag6471
411.332,tag2473
411.500,tag11536
411.532,tag6479
411.877,tag2474
411.918,tag2468
411.359,tag5305
411.534,tag5295
411.871,tag5306
411.341,tag8769
412.701,tag6474
412.234,tag5306
412.856,tag5288
412.149,tag6492
412.071,tag5280
412.459,tag6488
412.709,tag5286
412.438,tag5288
412.537,tag6473
412.297,tag6494
412.660,tag6483
412.996,tag11009
412.565,tag5280
412.182,tag6482
412.787,tag5286
412.584,tag6494
412.477,tag6482
412.706,tag2470
412.077,tag6481
412.830,tag5307
412.026,tag5286
412.922,tag5295
412.038,tag6473
412.208,tag6480
412.598,tag2494
412.591,tag5280
412.816,tag6388
412.086,tag4584
412.109,tag6485
412.248,tag5306
412.837,tag6488
412.766,tag3932
412.515,tag2474
412.232,tag6465
412.711,tag5286
412.501,tag5773
412.737,tag2472
412.682,tag6480
412.705,tag5286
412.652,tag6478
413.279,tag10183
413.670,tag5291
413.709,tag5294
413.363,tag5311
413.267,tag2465
413.194,tag2473
413.439,tag5286
413.199,tag6494
413.396,tag10019
413.269,tag5292
413.148,tag2465
413.322,tag6466
413.855,tag2480
413.547,tag5300
413.920,tag2473
413.937,tag2475
413.389,tag2465
413.397,tag7253
413.091,tag2471
413.817,tag5303
413.213,tag2494
413.630,tag6476
413.441,tag2472
413.607,tag5303
413.578,tag6483
413.182,tag6482
413.850,tag6475
413.362,tag2492
413.997,tag6482
413.433,tag5311
413.558,tag6469
413.817,tag4561
413.059,tag2475
413.355,tag5303
413.437,tag2470
413.663,tag6468
413.785,tag6464
413.230,tag2471
413.360,tag2487
413.801,tag5304
414.807,tag1637
414.966,tag2484
414.244,tag6466
414.406,tag5308
414.966,tag5288
414.389,tag2486
414.822,tag2466
414.475,tag5292
414.098,tag5296
414.895,tag2472
414.611,tag6468
414.521,tag6481
414.381,tag5295
414.713,tag5309
414.391,tag6477
414.801,tag2474
414.191,tag6487
414.418,tag5290
414.908,tag6473
414.501,tag5311
414.619,tag5310
414.439,tag2490
414.190,tag2489
414.042,tag6472
414.346,tag6482
414.542,tag6475
414.271,tag6490
414.242,tag6489
414.233,tag8816
414.254,tag6481
414.355,tag5912
414.411,tag2481
414.579,tag5298
414.698,tag5282
414.020,tag5296
414.124,tag5295
414.683,tag5296
414.603,tag2488
414.884,tag5288
414.156,tag2245
415.113,tag6491
415.103,tag2488
415.403,tag6495
415.352,tag2495
415.050,tag6472
415.576,tag5301
415.599,tag5303
415.151,tag2473
415.682,tag11974
415.123,tag6742
415.884,tag2481
415.517,tag2473
415.685,tag5311
415.127,tag2489
415.627,tag2474
415.505,tag6470
415.440,tag2482
415.683,tag5291
415.374,tag6485
415.925,tag3345
415.986,tag6469
415.469,tag6467
415.783,tag5304
415.927,tag6491
415.781,tag5280
415.656,tag5286
415.085,tag6475
415.968,tag6466
415.068,tag2479
415.454,tag2488
415.297,tag2475
415.677,tag6489
415.234,tag2495
415.488,tag6481
415.934,tag6479
415.992,tag6482
415.055,tag6482
415.081,tag6493
415.323,tag560
415.599,tag2469
416.652,tag5309
416.696,tag6489
416.439,tag2482
416.512,tag5290
416.824,tag2485
416.641,tag5290
416.293,tag2492
416.354,tag6477
416.915,tag2487
416.675,tag2481
416.042,tag5293
416.675,tag5289
416.825,tag5305
416.568,tag6472
416.612,tag2485
416.222,tag2476
416.525,tag6475
416.645,tag6483
416.923,tag6464
416.205,tag5306
416.541,tag5287
416.559,tag2488
416.696,tag4044
416.209,tag6490
416.295,tag6490
416.995,tag6822
416.106,tag6471
416.510,tag5304
416.487,tag5310
416.304,tag6487
416.547,tag5291
416.232,tag5307
416.585,tag2495
416.700,tag5286
416.172,tag5286
416.776,tag2492
416.103,tag6470
416.890,tag6481
416.599,tag6482
416.183,tag5282
417.193,tag6479
417.069,tag2480
417.949,tag6467
417.064,tag2522
417.122,tag2467
417.433,tag5304
417.281,tag9154
417.788,tag6480
417.265,tag6474
417.129,tag2464
417.104,tag5284
417.622,tag6481
417.917,tag6482
417.648,tag2472
417.403,tag2485
417.751,tag2464
417.446,tag5297
417.877,tag2477
417.170,tag2479
417.240,tag2472
417.277,tag6489
417.982,tag3073
417.791,tag2479
417.143,tag5297
417.562,tag8662
417.521,tag2468
417.403,tag6482
417.668,tag5292
417.744,tag2482
417.935,tag5306
417.824,tag6488
417.002,tag6490
417.612,tag2486
417.238,tag11152
417.985,tag2490
417.836,tag6489
417.198,tag2493
417.507,tag2483
417.648,tag6494
417.216,tag7581
418.875,tag5283
418.625,tag2465
418.973,tag2483
418.273,tag5311
418.758,tag6487
418.863,tag5310
418.178,tag2476
418.828,tag6484
418.805,tag5309
418.431,tag146
418.013,tag5304
418.119,tag6483
418.524,tag5298
418.970,tag6469
418.416,tag6480
418.631,tag5310
418.009,tag2469
418.813,tag5286
418.267,tag6402
418.914,tag5280
418.984,tag6478
418.772,tag5286
418.569,tag5311
418.698,tag5309
418.844,tag2479
418.372,tag5305
418.691,tag6480
418.410,tag2484
418.985,tag6467
418.620,tag5304
418.889,tag5285
418.052,tag2477
418.757,tag2474
418.794,tag2469
418.019,tag5311
418.050,tag2475
418.230,tag6492
418.286,tag6484
418.618,tag6471
418.638,tag2495
419.805,tag5299
419.845,tag6469
419.113,tag5294
419.011,tag6478
419.096,tag2493
419.650,tag2468
419.331,tag2492
419.571,tag6472
419.125,tag2493
419.164,tag6467
419.573,tag2493
419.748,tag6494
419.325,tag5301
419.654,tag6467
419.639,tag2483
419.042,tag6492
419.823,tag5287
419.075,tag5305
419.845,tag6476
419.121,tag5310
419.520,tag5291
419.816,tag5297
419.491,tag2482
419.876,tag2489
419.545,tag6482
419.437,tag5310
419.572,tag2470
419.466,tag6482
419.426,tag5291
419.597,tag2481
419.444,tag5295
419.498,tag2493
419.481,tag6483
419.237,tag5282
419.144,tag5308
419.821,tag5292
419.890,tag5287
419.221,tag6482
419.586,tag2492
419.710,tag10005
420.849,tag6465
420.091,tag5310
420.498,tag2467
420.594,tag2474
420.314,tag2481
420.938,tag5307
420.551,tag8454
420.902,tag2466
420.288,tag6475
420.056,tag2495
420.565,tag3604
420.120,tag2488
420.117,tag2485
420.851,tag6476
420.130,tag6481
420.668,tag5285
420.368,tag5280
420.961,tag6485
420.964,tag6482
420.130,tag2478
420.027,tag5292
420.614,tag5306
420.495,tag6466
420.002,tag5294
420.133,tag2495
420.118,tag5306
420.627,tag5293
420.798,tag6490
420.380,tag2466
420.931,tag2464
420.915,tag2488
420.882,tag2484
420.589,tag2494
420.170,tag6491
420.618,tag6495
420.434,tag5302
420.750,tag5308
420.088,tag6467
420.981,tag6484
420.094,tag5299
421.587,tag2480
421.395,tag3899
421.254,tag5288
421.454,tag5305
421.925,tag5284
421.889,tag6475
421.748,tag2488
421.335,tag6470
421.169,tag5299
421.343,tag2482
421.712,tag6470
421.136,tag5289
421.319,tag2495
421.001,tag2467
421.875,tag6488
421.950,tag5309
421.085,tag2477
421.233,tag8696
421.951,tag6470
421.746,tag10261
421.436,tag2490
421.226,tag2486
421.371,tag2475
421.209,tag6491
421.078,tag6478
421.201,tag5280
421.587,tag5288
421.778,tag6464
421.417,tag6494
421.838,tag2475
421.753,tag6488
421.441,tag6474
421.660,tag2481
421.801,tag2472
421.559,tag2472
421.638,tag5295
421.933,tag6495
421.944,tag6495
421.805,tag5293
421.389,tag5299
422.795,tag5304
422.845,tag2494
422.358,tag2478
422.037,tag2474
422.224,tag5286
422.699,tag2485
422.232,tag2492
422.418,tag2492
422.653,tag2476
422.207,tag2471
422.058,tag6483
422.909,tag6474
422.331,tag6488
422.402,tag5290
422.732,tag6469
422.852,tag2480
422.292,tag6465
422.510,tag5297
422.003,tag5285
422.651,tag5282
422.597,tag5298
422.723,tag5309
422.783,tag2487
422.727,tag2486
422.609,tag2482
422.747,tag6467
422.798,tag6478
422.441,tag6470
422.664,tag5305
422.340,tag6488
422.036,tag5306
422.806,tag2466
422.840,tag5293
422.378,tag5299
422.018,tag2468
422.173,tag2493
422.251,tag6479
422.542,tag5311
422.493,tag5307
422.330,tag6472
423.731,tag6476
423.325,tag5311
423.610,tag6491
423.765,tag7285
423.824,tag5281
423.287,tag2465
423.026,tag10491
423.280,tag5296
423.188,tag5293
423.662,tag2494
423.409,tag5281
423.745,tag6483
423.607,tag2476
423.485,tag6481
423.494,tag2495
423.838,tag6491
423.227,tag6475
423.015,tag2491
423.123,tag6472
423.678,tag5281
423.335,tag6469
423.564,tag2481
423.972,tag5280
423.004,tag6487
423.919,tag6468
423.149,tag2486
423.784,tag5295
423.483,tag6487
423.531,tag6480
423.928,tag9263
423.253,tag6465
423.595,tag6477
423.422,tag5301
423.585,tag6475
423.726,tag5293
423.203,tag6475
423.307,tag6494
423.745,tag6474
423.107,tag6473
423.445,tag6467
424.075,tag2480
424.564,tag6494
424.815,tag2473
424.243,tag2490
424.038,tag2480
424.639,tag6495
424.405,tag2490
424.614,tag5301
424.229,tag6467
424.762,tag768
424.225,tag6486
424.926,tag2491
424.157,tag5281
424.266,tag2469
424.339,tag2470
424.913,tag2474
424.521,tag5298
424.302,tag5286
424.123,tag2471
424.333,tag6473
424.989,tag2480
424.012,tag6476
424.077,tag5306
424.296,tag2469
424.653,tag2465
424.567,tag6471
424.959,tag6489
424.102,tag2476
424.128,tag4927
424.736,tag2480
424.140,tag6474
424.083,tag2480
424.225,tag6489
424.998,tag6470
424.262,tag3095
424.374,tag2477
424.504,tag6471
424.623,tag6466
424.958,tag5299
424.958,tag6465
425.863,tag2492
425.569,tag6484
425.522,tag2476
425.745,tag6477
425.002,tag6479
425.435,tag6466
425.324,tag5293
425.174,tag6478
425.608,tag2478
425.788,tag6480
425.031,tag3450
425.799,tag5295
425.764,tag5291
425.788,tag10111
425.394,tag7084
425.657,tag6476
425.862,tag10
425.646,tag2489
425.804,tag6466
425.438,tag2466
425.002,tag5309
425.342,tag6489
425.154,tag2474
425.215,tag5284
425.314,tag2473
425.959,tag6493
425.476,tag2467
425.330,tag2474
425.097,tag5302
425.531,tag6479
425.535,tag2471
425.668,tag5310
425.975,tag2493
425.040,tag6468
425.453,tag5301
425.954,tag2486
425.651,tag5282
425.346,tag5290
425.138,tag2473
425.126,tag6478
426.565,tag2480
426.441,tag5305
426.883,tag6473
426.419,tag6489
426.200,tag2470
426.345,tag5307
426.217,tag2482
426.928,tag6488
426.775,tag5300
426.707,tag2484
426.427,tag2479
426.406,tag6485
426.309,tag5281
426.002,tag10636
426.580,tag2494
426.303,tag6481
426.051,tag2480
426.279,tag6481
426.578,tag5292
426.876,tag2483
426.511,tag5284
426.502,tag2491
426.346,tag2493
426.341,tag5300
426.855,tag6483
426.023,tag2488
426.488,tag5283
426.489,tag6472
426.325,tag6468
426.324,tag6470
426.854,tag5287
426.575,tag6484
426.055,tag2468
426.922,tag2495
426.801,tag5294
426.847,tag2493
426.477,tag2466
426.664,tag6468
426.020,tag6484
426.994,tag2475
427.488,tag2472
427.689,tag6465
427.488,tag2486
427.422,tag5289
427.568,tag6475
427.645,tag6468
427.567,tag5296
427.721,tag2491
427.715,tag2490
427.192,tag6477
427.846,tag2493
427.608,tag2484
427.230,tag3671
427.399,tag6495
427.480,tag6473
427.830,tag9914
427.115,tag5308
427.212,tag6494
427.788,tag6475
427.569,tag6482
427.556,tag2492
427.263,tag2487
427.803,tag6481
427.411,tag6495
427.529,tag6465
427.260,tag2477
427.692,tag5299
427.894,tag5300
427.145,tag2494
427.253,tag5300
427.035,tag2473
427.738,tag5293
427.228,tag2466
427.624,tag6475
427.996,tag5302
427.284,tag6475
427.566,tag5301
427.942,tag2489
427.186,tag2492
427.214,tag5290
428.532,tag2470
428.981,tag2466
428.354,tag5308
428.908,tag3164
428.344,tag5289
428.712,tag2473
428.723,tag2491
428.264,tag2480
428.391,tag2492
428.540,tag5286
428.356,tag6473
428.382,tag6491
428.032,tag2466
428.536,tag5292
428.956,tag6472
428.835,tag5308
428.958,tag6467
428.063,tag5291
428.705,tag2480
428.739,tag5297
428.976,tag6491
428.611,tag6493
428.653,tag6470
428.562,tag6477
428.106,tag5291
428.738,tag5304
428.248,tag5288
428.412,tag5280
428.841,tag2474
428.069,tag6475
428.654,tag2480
428.737,tag6478
428.548,tag5281
428.803,tag2476
428.491,tag5299
428.067,tag5305
428.702,tag2476
428.389,tag5287
428.019,tag6490
428.452,tag5288
429.638,tag6482
429.316,tag2475
429.146,tag2491
429.328,tag2471
429.443,tag5288
429.596,tag2466
429.158,tag6486
429.326,tag6490
429.561,tag6486
429.469,tag2471
429.238,tag6465
429.210,tag6468
429.595,tag2476
429.849,tag2487
429.213,tag5288
429.836,tag6468
429.685,tag2485
429.510,tag2472
429.559,tag5285
429.180,tag2484
429.533,tag2483
429.114,tag5282
429.232,tag2487
429.853,tag5288
429.822,tag6492
429.927,tag5307
429.715,tag1548
429.426,tag2485
429.594,tag2485
429.959,tag5294
429.461,tag6494
429.817,tag6483
429.432,tag2491
429.060,tag5283
429.768,tag5280
429.954,tag6482
429.769,tag6475
429.680,tag4312
429.475,tag5293
429.240,tag2492
430.703,tag5298
430.555,tag5294
430.315,tag6482
430.647,tag2773
430.541,tag10554
430.983,tag5301
430.466,tag5722
430.919,tag6480
430.116,tag5297
430.508,tag5306
430.783,tag6467
430.981,tag5297
430.135,tag2493
430.308,tag6487
430.962,tag6489
430.848,tag6469
430.206,tag6485
430.306,tag2466
430.407,tag6476
430.886,tag5298
430.964,tag5305
430.053,tag6467
430.442,tag2491
430.017,tag6469
430.947,tag5281
430.239,tag6466
430.818,tag6472
430.993,tag5308
430.458,tag5292
430.965,tag6476
430.443,tag6479
430.460,tag2467
430.770,tag2467
430.696,tag2676
430.344,tag5305
430.836,tag6472
430.360,tag5288
430.183,tag4596
430.464,tag5281
430.306,tag6481
431.700,tag2477
431.981,tag6478
431.902,tag2484
431.922,tag6464
431.987,tag6484
431.580,tag5281
431.003,tag6493
431.338,tag6468
431.531,tag5302
431.911,tag7423
431.905,tag5288
431.596,tag2486
431.946,tag11842
431.082,tag6495
431.332,tag2490
431.008,tag6476
431.323,tag6488
431.612,tag6480
431.183,tag2464
431.986,tag5307
431.590,tag6482
431.385,tag2485
431.745,tag5300
431.254,tag5280
431.054,tag2489
431.359,tag5289
431.339,tag6344
431.239,tag2492
431.155,tag5306
431.847,tag343
431.331,tag2471
431.722,tag7775
431.336,tag2493
431.497,tag2493
431.877,tag6493
431.608,tag3853
431.497,tag5290
431.792,tag5292
431.288,tag6495
431.191,tag6485
432.588,tag6495
432.360,tag6486
432.976,tag6482
432.193,tag5311
432.561,tag2478
432.611,tag2487
432.394,tag5301
432.065,tag6492
432.822,tag6476
432.001,tag5302
432.895,tag6466
432.652,tag2483
432.737,tag6469
432.291,tag6466
432.777,tag5293
432.410,tag6495
432.070,tag6469
432.035,tag5305
432.625,tag2479
432.499,tag5311
432.838,tag6481
432.924,tag6495
432.774,tag5311
432.943,tag6472
432.765,tag6465
432.735,tag5303
432.908,tag5281
432.431,tag5305
432.499,tag2495
432.491,tag2483
432.573,tag6473
432.602,tag6488
432.160,tag5287
432.112,tag5293
432.478,tag5300
432.262,tag2474
432.009,tag5300
432.829,tag6472
432.703,tag2474
432.339,tag6470
433.813,tag5515
433.388,tag5311
433.533,tag5280
433.124,tag6471
433.461,tag6467
433.665,tag2481
433.811,tag5301
433.312,tag5291
433.143,tag10755
433.011,tag6471
433.071,tag2483
433.261,tag5310
433.514,tag6490
433.477,tag6478
433.223,tag5280
433.999,tag6495
433.404,tag5306
433.318,tag2477
433.389,tag6471
433.514,tag5928
433.456,tag2487
433.006,tag5292
433.575,tag6486
433.103,tag2639
433.055,tag5296
433.336,tag2466
433.756,tag6485
433.335,tag2464
433.823,tag6477
433.021,tag2472
433.533,tag5299
433.685,tag5308
433.563,tag5311
433.202,tag6476
433.107,tag2480
433.917,tag2488
433.440,tag6479
433.801,tag2481
433.172,tag2473
433.872,tag6484
434.171,tag5296
434.150,tag2494
434.970,tag6493
434.653,tag5281
434.895,tag2486
434.272,tag2466
434.832,tag2488
434.773,tag6474
434.084,tag5280
434.083,tag2492
434.752,tag6475
434.254,tag2963
434.283,tag11542
434.884,tag2489
434.987,tag5292
434.778,tag566
434.287,tag6495
434.904,tag5292
434.001,tag6470
434.289,tag6466
434.633,tag2477
434.090,tag2486
434.475,tag6495
434.270,tag2465
434.486,tag8863
434.327,tag5241
434.574,tag6487
434.230,tag5310
434.127,tag2471
434.219,tag6487
434.735,tag5310
434.044,tag5291
434.025,tag6493
434.235,tag732
434.265,tag2474
434.280,tag5300
434.378,tag5284
434.545,tag6494
434.879,tag2473
434.314,tag5287
435.985,tag2490
435.152,tag6478
435.696,tag5301
435.092,tag5307
435.629,tag2481
435.706,tag6494
435.670,tag6484
435.524,tag2471
435.013,tag2481
435.022,tag5290
435.158,tag5281
435.310,tag5284
435.902,tag6491
435.123,tag5306
435.354,tag5300
435.548,tag6491
435.165,tag2464
435.279,tag5306
435.696,tag6650
435.526,tag5288
435.638,tag2479
435.907,tag5305
435.123,tag5297
435.214,tag2485
435.070,tag6494
435.694,tag6466
435.888,tag6494
435.910,tag5285
435.019,tag6473
435.382,tag2481
435.223,tag5300
435.833,tag5311
435.953,tag11039
435.537,tag5305
435.790,tag6488
435.273,tag6494
435.259,tag3126
435.154,tag5291
435.109,tag2476
435.402,tag2476
436.400,tag5282
436.732,tag6490
436.294,tag5289
436.911,tag10090
436.887,tag5301
436.554,tag2486
436.575,tag6470
436.600,tag4693
436.389,tag6474
436.906,tag6475
436.381,tag5284
436.729,tag5285
436.836,tag2480
436.294,tag5283
436.304,tag6478
436.555,tag6471
436.769,tag6464
436.249,tag6469
436.277,tag5304
436.629,tag2480
436.727,tag6486
436.616,tag6472
436.327,tag6473
436.825,tag2476
436.186,tag2470
436.615,tag9086
436.563,tag5285
436.408,tag5289
436.430,tag6494
436.541,tag6483
436.311,tag5294
436.210,tag6465
436.545,tag5287
436.302,tag5280
436.849,tag2474
436.364,tag10005
436.688,tag6493
436.235,tag2471
436.761,tag2472
436.337,tag7063
437.701,tag5281
437.084,tag6474
437.703,tag5308
437.245,tag5302
437.252,tag2483
437.580,tag2494
437.102,tag6491
437.479,tag2474
437.608,tag5302
437.158,tag5289
437.699,tag5288
437.508,tag5286
437.388,tag2486
437.821,tag2492
437.428,tag5302
437.489,tag6489
437.531,tag2482
437.851,tag2483
437.016,tag5303
437.534,tag2467
437.050,tag5306
437.210,tag2424
437.084,tag2487
437.480,tag5305
437.309,tag2487
437.415,tag6480
437.099,tag5302
437.642,tag6473
437.841,tag4873
437.107,tag5282
437.449,tag6475
437.958,tag2470
437.449,tag5281
437.245,tag2479
437.338,tag5298
437.742,tag6495
437.665,tag2472
437.960,tag5282
437.155,tag2477
437.343,tag2494
438.841,tag6473
438.126,tag6494
438.175,tag5292
438.296,tag6471
438.363,tag6481
438.699,tag2488
438.916,tag10287
438.177,tag2480
438.503,tag6471
438.990,tag2494
438.449,tag2468
438.424,tag2481
438.108,tag5291
438.460,tag2467
438.397,tag2478
438.748,tag2481
438.348,tag6480
438.472,tag5306
438.247,tag2484
438.545,tag8128
438.007,tag5282
438.975,tag6489
438.467,tag2484
438.980,tag5298
438.800,tag2470
438.097,tag2477
438.194,tag2474
438.179,tag2483
438.640,tag5282
438.206,tag2487
438.827,tag6467
438.129,tag6474
438.300,tag5294
438.267,tag5308
438.738,tag6481
438.218,tag2464
438.613,tag5310
438.070,tag6490
438.736,tag6492
438.532,tag6465
439.127,tag6493
439.041,tag6489
439.864,tag5287
439.023,tag6472
439.260,tag5306
439.043,tag6466
439.346,tag2477
439.729,tag2465
439.183,tag6469
439.553,tag6477
439.418,tag2490
439.409,tag6486
439.924,tag5283
439.818,tag4168
439.727,tag5286
439.740,tag2473
439.360,tag5105
439.803,tag2478
439.181,tag6494
439.400,tag2491
439.722,tag6488
439.407,tag6481
439.525,tag6469
439.600,tag5303
439.348,tag2474
439.984,tag6474
439.679,tag2486
439.383,tag6493
439.649,tag2482
439.451,tag6469
439.285,tag5291
439.848,tag6475
439.712,tag6494
439.981,tag3019
439.272,tag5294
439.700,tag6477
439.374,tag6493
439.265,tag1199
439.592,tag5302
439.558,tag5299
440.069,tag5305
440.122,tag6479
440.118,tag6486
440.833,tag5297
440.339,tag6495
440.446,tag2477
440.582,tag2486
440.655,tag5285
440.239,tag5281
440.404,tag6484
440.994,tag6495
440.804,tag6481
440.216,tag2474
440.322,tag6476
440.279,tag6472
440.179,tag5280
440.659,tag2468
440.860,tag2487
440.281,tag5297
440.387,tag2474
440.461,tag5286
440.501,tag329
440.343,tag6481
440.487,tag5355
440.206,tag2470
440.559,tag2470
440.289,tag9564
440.592,tag6478
440.907,tag5304
440.849,tag2476
440.530,tag2472
440.580,tag4731
440.666,tag2472
440.568,tag6486
440.865,tag6477
440.531,tag6483
440.320,tag11808
440.759,tag2494
440.570,tag2477
440.286,tag5281
441.304,tag2492
441.226,tag6465
441.621,tag2477
441.909,tag2482
441.141,tag6375
441.244,tag5283
441.353,tag6483
441.928,tag5303
441.462,tag6478
441.467,tag2477
441.360,tag11551
441.097,tag2488
441.810,tag5295
441.536,tag2488
441.751,tag2469
441.311,tag5295
441.717,tag2468
441.471,tag6486
441.355,tag2472
441.966,tag5290
441.253,tag2486
441.779,tag6488
441.618,tag6474
441.176,tag2487
441.182,tag6489
441.175,tag2472
441.053,tag5306
441.391,tag648
441.739,tag2487
441.977,tag10233
441.906,tag6471
441.465,tag6464
441.368,tag6487
441.534,tag2489
441.179,tag6493
441.812,tag5308
441.086,tag6481
441.079,tag2468
441.237,tag5290
441.706,tag6467
442.126,tag2161
442.810,tag5297
442.096,tag2482
442.450,tag6480
442.438,tag10622
442.738,tag2469
442.118,tag2487
442.472,tag2474
442.769,tag5307
442.002,tag2482
442.337,tag6481
442.135,tag2495
442.693,tag5282
442.462,tag2494
442.488,tag2480
442.385,tag5298
442.327,tag5294
442.362,tag5296
442.109,tag5297
442.156,tag2491
442.333,tag3039
442.378,tag5301
442.260,tag5309
442.768,tag5300
442.517,tag2471
442.199,tag5307
442.569,tag5286
442.419,tag6467
442.104,tag6476
442.028,tag5293
442.343,tag2484
442.449,tag6492
442.834,tag5285
442.742,tag5280
442.359,tag2473
442.198,tag2482
442.916,tag5298
442.088,tag5103
442.793,tag5282
442.022,tag2483
443.207,tag6484
443.804,tag2492
443.287,tag6484
443.524,tag5284
443.104,tag5300
443.744,tag6465
443.822,tag7720
443.266,tag2490
443.272,tag2488
443.097,tag2493
443.555,tag6492
443.305,tag2469
443.457,tag2482
443.915,tag8394
443.354,tag5290
443.915,tag6466
443.060,tag2470
443.143,tag2471
443.577,tag5306
443.338,tag5309
443.315,tag2464
443.007,tag2480
443.987,tag2487
443.127,tag6487
443.402,tag5281
443.837,tag6480
443.788,tag2488
443.802,tag5283
443.360,tag6483
443.180,tag6468
443.210,tag2475
443.352,tag5288
443.469,tag5280
443.794,tag6466
443.591,tag2480
443.881,tag2479
443.158,tag6477
443.958,tag2471
443.369,tag2467
443.944,tag6470
444.016,tag2487
444.659,tag5280
444.835,tag2490
444.041,tag5289
444.168,tag6467
444.185,tag6470
444.060,tag2467
444.895,tag2490
444.110,tag6464
444.293,tag4282
444.821,tag2465
444.477,tag6472
444.682,tag5306
444.202,tag6484
444.766,tag6486
444.349,tag6467
444.091,tag8937
444.936,tag2467
444.390,tag1114
444.536,tag2482
444.300,tag2474
444.073,tag2475
444.075,tag2472
444.833,tag6491
444.536,tag2488
444.962,tag6474
444.892,tag6481
444.361,tag5306
444.860,tag2469
444.884,tag2473
444.750,tag6487
444.331,tag4771
444.889,tag5298
444.457,tag6493
444.593,tag6485
444.856,tag6468
444.661,tag4220
444.982,tag6479
444.544,tag6489
444.163,tag5308
445.803,tag5294
445.723,tag6490
445.635,tag5311
445.544,tag6465
445.161,tag5298
445.881,tag5282
445.778,tag5292
445.431,tag2487
445.328,tag5311
445.386,tag449
445.851,tag6467
445.133,tag2492
445.177,tag5291
445.464,tag6487
445.464,tag6487
445.750,tag5301
445.495,tag5293
445.542,tag6491
445.169,tag5308
445.666,tag6473
445.479,tag5303
445.014,tag6485
445.706,tag5309
445.657,tag5309
445.053,tag2474
445.114,tag2492
445.079,tag2474
445.441,tag5288
445.130,tag2468
445.252,tag5297
445.694,tag5296
445.821,tag6480
445.138,tag5297
445.748,tag5306
445.823,tag2478
445.268,tag2482
445.458,tag5299
445.649,tag5307
445.457,tag6492
445.454,tag6471
446.755,tag2490
446.380,tag2471
446.468,tag6492
446.396,tag5282
446.274,tag5303
446.617,tag5301
446.195,tag6466
446.512,tag6491
446.852,tag6479
446.989,tag6470
446.681,tag6470
446.551,tag6478
446.367,tag5285
446.408,tag2465
446.727,tag5295
446.258,tag6484
446.411,tag6472
446.538,tag2465
446.460,tag5299
446.253,tag2482
446.538,tag6669
446.553,tag5289
446.276,tag6468
446.066,tag2464
446.010,tag5291
446.779,tag5296
446.125,tag6465
446.833,tag5294
446.566,tag5307
446.390,tag2464
446.673,tag2471
446.804,tag5296
446.834,tag6475
446.806,tag2469
446.331,tag5291
446.563,tag6472
446.380,tag2483
446.446,tag6469
446.637,tag5284
446.980,tag2469
447.241,tag6478
447.885,tag6474
447.989,tag2494
447.050,tag2492
447.431,tag2480
447.021,tag2490
447.912,tag6476
447.552,tag6490
447.030,tag5286
447.935,tag193
447.837,tag5295
447.921,tag5291
447.609,tag8086
447.428,tag6483
447.711,tag6495
447.840,tag5311
447.895,tag2478
447.393,tag5288
447.865,tag5284
447.278,tag2473
447.911,tag5377
447.630,tag2475
447.154,tag6475
447.108,tag5290
447.743,tag6191
447.127,tag6481
447.887,tag5284
447.778,tag6481
447.089,tag2487
447.655,tag6483
447.346,tag6468
447.764,tag5305
447.277,tag6484
447.173,tag2479
447.992,tag5310
447.034,tag2465
447.861,tag2487
447.666,tag5309
447.443,tag2471
447.875,tag5291
448.458,tag6489
448.006,tag5284
448.270,tag2490
448.964,tag5305
448.942,tag6480
448.498,tag2495
448.860,tag5308
448.932,tag5569
448.655,tag6486
448.598,tag5303
448.302,tag1929
448.888,tag5286
448.759,tag2469
448.579,tag5293
448.538,tag2494
448.066,tag6472
448.269,tag5305
448.366,tag5310
448.294,tag6464
448.493,tag2481
448.403,tag2494
448.474,tag6473
448.876,tag6479
448.940,tag5281
448.248,tag5280
448.411,tag6494
448.758,tag6465
448.131,tag6470
448.710,tag6489
448.553,tag2476
448.173,tag4043
448.236,tag2465
448.357,tag5307
448.061,tag2489
448.943,tag6474
448.829,tag5282
448.747,tag6476
448.955,tag6476
448.462,tag6470
448.964,tag2485
449.564,tag4352
449.096,tag6492
449.658,tag2472
449.869,tag2466
449.097,tag5302
449.034,tag5304
449.030,tag2492
449.823,tag5300
449.836,tag5288
449.039,tag2467
449.615,tag5306
449.781,tag5297
449.495,tag5306
449.243,tag6465
449.837,tag8478
449.812,tag6476
449.250,tag5307
449.330,tag6476
449.854,tag6484
449.369,tag2477
449.551,tag5302
449.609,tag6464
449.760,tag5303
449.832,tag6473
449.958,tag2482
449.519,tag5303
449.871,tag2466
449.211,tag5280
449.017,tag2479
449.646,tag2466
449.152,tag6472
449.712,tag9210
449.196,tag6485
449.734,tag2482
449.420,tag2492
449.702,tag6492
449.347,tag6465
449.535,tag5305
449.303,tag5302
449.480,tag5306
450.791,tag2486
450.305,tag5301
450.658,tag5740
450.315,tag2477
450.177,tag5286
450.386,tag2466
450.449,tag2469
450.232,tag6489
450.517,tag6481
450.869,tag10946
450.076,tag6466
450.816,tag2473
450.144,tag5288
450.282,tag5280
450.057,tag6495
450.282,tag2473
450.614,tag5306
450.188,tag5284
450.781,tag6472
450.657,tag2492
450.330,tag2469
450.939,tag3383
450.625,tag6471
450.523,tag6492
450.130,tag5306
450.265,tag5299
450.981,tag5303
450.551,tag5282
450.852,tag6473
450.852,tag5281
450.634,tag2481
450.143,tag6468
450.634,tag2482
450.844,tag6493
450.326,tag6486
450.823,tag5299
450.344,tag6469
450.772,tag2478
450.592,tag6492
450.577,tag2470
451.218,tag6482
451.302,tag11970
451.227,tag728
451.277,tag6483
451.613,tag6477
451.196,tag6480
451.352,tag5288
451.963,tag7279
451.278,tag2481
451.025,tag2478
451.453,tag5310
451.556,tag5291
451.535,tag6480
451.901,tag2478
451.206,tag2491
451.585,tag6466
451.222,tag6491
451.249,tag6492
451.249,tag6467
451.430,tag2490
451.058,tag5305
451.832,tag6473
451.816,tag2690
451.575,tag5304
451.322,tag9786
451.165,tag2470
451.392,tag6477
451.030,tag2488
451.679,tag6485
451.098,tag5311
451.509,tag6473
451.953,tag2466
451.258,tag6486
451.243,tag5296
451.583,tag2481
451.027,tag2491
451.996,tag5305
451.235,tag2492
451.929,tag6473
451.891,tag6476
452.134,tag5290
452.091,tag5309
452.661,tag2485
452.675,tag5294
452.881,tag5309
452.651,tag6479
452.218,tag2474
452.942,tag2482
452.281,tag2486
452.262,tag6476
452.671,tag6480
452.307,tag2472
452.095,tag6264
452.207,tag2485
452.008,tag2474
452.221,tag5303
452.606,tag2464
452.629,tag2482
452.478,tag2470
452.867,tag6479
452.907,tag8201
452.778,tag2470
452.154,tag2464
452.695,tag6494
452.119,tag10383
452.821,tag6490
452.059,tag6485
452.392,tag6481
452.428,tag6468
452.864,tag5310
452.228,tag6479
452.641,tag2469
452.126,tag6479
452.408,tag5295
452.592,tag2465
452.965,tag5294
452.390,tag6487
452.740,tag2479
452.100,tag2476
452.072,tag5297
453.781,tag2490
453.080,tag2466
453.525,tag5295
453.661,tag5290
453.687,tag6465
453.040,tag5289
453.573,tag6482
453.783,tag6471
453.190,tag2491
453.930,tag2480
453.115,tag2489
453.165,tag5285
453.558,tag6468
453.490,tag2479
453.445,tag2480
453.089,tag2469
453.043,tag5283
453.819,tag5286
453.581,tag6465
453.848,tag2473
453.360,tag2485
453.579,tag2486
453.218,tag5311
453.601,tag6494
453.739,tag6480
453.601,tag1226
453.267,tag11910
453.784,tag2485
453.795,tag8803
453.610,tag2472
453.027,tag6480
453.296,tag6477
453.809,tag5298
453.099,tag2470
453.091,tag6472
453.584,tag5284
453.166,tag6479
453.461,tag6491
453.683,tag6467
453.585,tag5296
454.641,tag2467
454.314,tag2480
454.240,tag5286
454.136,tag2476
454.388,tag5288
454.009,tag8595
454.760,tag5282
454.520,tag9840
454.583,tag5293
454.982,tag5306
454.082,tag2485
454.935,tag5291
454.098,tag5291
454.830,tag5201
454.433,tag2478
454.454,tag6494
454.532,tag5284
454.702,tag2481
454.042,tag5288
454.036,tag2491
454.834,tag5310
454.886,tag6481
454.871,tag5307
454.021,tag5304
454.008,tag6493
454.085,tag6471
454.310,tag5305
454.390,tag2478
454.549,tag6482
454.163,tag6478
454.542,tag6491
454.263,tag6482
454.793,tag2472
454.406,tag5296
454.482,tag2476
454.186,tag2480
454.193,tag2488
454.573,tag6481
454.440,tag6471
454.974,tag3242
455.959,tag2470
455.003,tag5301
455.599,tag5305
455.368,tag2476
455.461,tag6483
455.075,tag6495
455.080,tag5282
455.246,tag6475
455.433,tag6185
455.634,tag4626
455.066,tag6489
455.710,tag2483
455.141,tag6013
455.872,tag5308
455.969,tag2488
455.251,tag6478
455.554,tag5304
455.426,tag5290
455.984,tag2481
455.022,tag6475
455.084,tag5292
455.524,tag2464
455.334,tag6494
455.048,tag6464
455.208,tag6476
455.601,tag6493
455.827,tag6464
455.025,tag5284
455.432,tag2486
455.363,tag2474
455.417,tag2477
455.686,tag2481
455.932,tag2482
455.352,tag2479
455.061,tag759
455.805,tag2495
455.689,tag5304
455.193,tag6482
455.485,tag8202
455.298,tag6476
456.983,tag6476
456.512,tag5305
456.852,tag2486
456.484,tag6493
456.791,tag1692
456.820,tag2467
456.296,tag2465
456.118,tag5301
456.670,tag5283
456.018,tag5307
456.680,tag2479
456.870,tag2466
456.017,tag5306
456.163,tag2467
456.615,tag6490
456.888,tag5291
456.315,tag5299
456.313,tag5287
456.498,tag5300
456.511,tag8907
456.654,tag8328
456.927,tag5283
456.691,tag5286
456.821,tag5291
456.480,tag5291
456.565,tag2477
456.069,tag6469
456.943,tag5300
456.750,tag6470
456.200,tag6478
456.237,tag5308
456.830,tag5297
456.642,tag2466
456.831,tag5288
456.334,tag5284
456.437,tag6495
456.600,tag6479
456.816,tag6476
456.573,tag2475
456.581,tag6488
457.210,tag6482
457.666,tag6476
457.128,tag6485
457.455,tag6485
457.719,tag6495
457.259,tag6474
457.498,tag5295
457.495,tag6483
457.966,tag2486
457.835,tag2477
457.828,tag5305
457.516,tag5301
457.174,tag6474
457.001,tag6474
457.092,tag5291
457.640,tag2490
457.393,tag2482
457.069,tag5287
457.526,tag5280
457.273,tag2469
457.476,tag2493
457.371,tag6474
457.537,tag5292
457.436,tag5309
457.820,tag5288
457.522,tag5283
457.271,tag6490
457.514,tag5288
457.626,tag5764
457.281,tag5305
457.324,tag6495
457.142,tag6484
457.458,tag6478
457.455,tag5301
457.116,tag5293
457.704,tag5301
457.033,tag5285
457.041,tag6492
457.600,tag6478
457.876,tag6488
458.808,tag6471
458.162,tag2475
458.240,tag9975
458.983,tag5297
458.689,tag2482
458.663,tag5289
458.387,tag929
458.627,tag6477
458.326,tag5290
458.141,tag5306
458.964,tag5283
458.780,tag5297
458.187,tag6471
458.850,tag2472
458.130,tag2479
458.904,tag5294
458.524,tag6495
458.218,tag5295
458.873,tag5288
458.753,tag2466
458.953,tag6475
458.144,tag2470
458.692,tag2470
458.111,tag6490
458.512,tag2493
458.065,tag2479
458.107,tag5283
458.846,tag5311
458.028,tag2470
458.391,tag2490
458.939,tag6466
458.812,tag5303
458.244,tag6478
458.673,tag5283
458.975,tag6470
458.536,tag2466
458.288,tag11511
458.866,tag5304
458.266,tag8508
458.237,tag2476
459.421,tag2481
459.164,tag5303
459.557,tag2479
459.418,tag2485
459.411,tag5304
459.657,tag6474
459.151,tag6485
459.608,tag6473
459.262,tag6476
459.550,tag2493
459.165,tag2491
459.315,tag6476
459.757,tag5309
459.811,tag5729
459.188,tag6478
459.221,tag5295
459.932,tag2478
459.703,tag6490
459.277,tag6486
459.870,tag5285
459.806,tag5284
459.333,tag5302
459.779,tag6470
459.643,tag6491
459.377,tag2468
459.024,tag2489
459.442,tag2477
459.581,tag5298
459.968,tag5291
459.440,tag2474
459.261,tag6465
459.318,tag2493
459.718,tag2487
459.862,tag5288
459.638,tag6493
459.853,tag6466
459.826,tag6466
459.494,tag2465
459.996,tag2471
459.485,tag5298
460.849,tag5302
460.656,tag2485
460.762,tag2485
460.718,tag6536
460.232,tag2479
460.333,tag8275
460.030,tag6494
460.363,tag5292
460.458,tag2482
460.602,tag6468
460.314,tag5292
460.331,tag6490
460.410,tag5294
460.364,tag6466
460.244,tag6478
460.699,tag6487
460.319,tag6494
460.779,tag6464
460.184,tag5303
460.465,tag2480
460.652,tag5295
460.152,tag2468
460.862,tag6477
460.190,tag2471
460.471,tag2493
460.386,tag2464
460.788,tag2472
460.138,tag2495
460.826,tag2494
460.438,tag11810
460.804,tag6470
460.127,tag5280
460.248,tag2476
460.909,tag2493
460.808,tag2480
460.751,tag2481
460.180,tag5299
460.795,tag6474
460.280,tag6494
460.264,tag6466
461.212,tag6464
461.128,tag6464
461.815,tag2483
461.058,tag4714
461.688,tag2467
461.657,tag2472
461.753,tag2476
461.201,tag2482
461.714,tag5296
461.209,tag2474
461.742,tag2487
461.663,tag2476
461.409,tag10057
461.218,tag7631
461.180,tag5590
461.315,tag2486
461.319,tag3638
461.402,tag2477
461.100,tag5299
461.772,tag5305
461.944,tag2478
461.822,tag6481
461.846,tag5303
461.460,tag2466
461.240,tag5303
461.582,tag2490
461.128,tag5292
461.404,tag6477
461.064,tag2492
461.984,tag5285
461.911,tag2482
461.764,tag5309
461.014,tag5300
461.342,tag2484
461.767,tag2477
461.681,tag5299
461.741,tag2476
461.565,tag2469
461.131,tag2487
461.238,tag5305
462.094,tag5281
462.806,tag5304
462.872,tag6493
462.149,tag5293
462.930,tag2474
462.963,tag6493
462.757,tag2479
462.447,tag10741
462.341,tag5302
462.774,tag5292
462.756,tag5282
462.800,tag5303
462.072,tag6472
462.211,tag2478
462.049,tag2490
462.079,tag2488
462.673,tag2477
462.331,tag2477
462.351,tag6487
462.026,tag4912
462.873,tag5288
462.241,tag6470
462.954,tag2474
462.172,tag5306
462.313,tag6467
462.198,tag5306
462.098,tag5309
462.043,tag6464
462.086,tag2475
462.509,tag5289
462.105,tag2487
462.721,tag5311
462.817,tag2483
462.419,tag6480
462.212,tag2351
462.993,tag2485
462.448,tag6489
462.545,tag2465
462.052,tag6474
462.964,tag5285
463.271,tag6469
463.875,tag2474
463.164,tag6493
463.120,tag6464
463.413,tag6495
463.608,tag6491
463.382,tag5281
463.582,tag2480
463.410,tag2484
463.410,tag5294
463.830,tag2481
463.512,tag9128
463.686,tag2495
463.944,tag388
463.704,tag2474
463.415,tag6473
463.621,tag2470
463.490,tag6486
463.143,tag5292
463.678,tag6483
463.439,tag2486
463.145,tag5302
463.160,tag5295
463.168,tag2477
463.197,tag2464
463.782,tag5299
463.073,tag6473
463.872,tag5284
463.175,tag6473
463.155,tag2467
463.285,tag6486
463.854,tag2492
463.322,tag2477
463.976,tag6482
463.912,tag5290
463.275,tag2481
463.660,tag2472
463.024,tag5287
463.090,tag5285
463.071,tag5304
464.578,tag2475
464.977,tag509
464.942,tag5309
464.125,tag2484
464.099,tag5302
464.669,tag2489
464.286,tag5286
464.583,tag5282
464.135,tag8053
464.517,tag5302
464.739,tag5307
464.158,tag5282
464.559,tag6469
464.518,tag3577
464.066,tag6494
464.940,tag5300
464.348,tag2465
464.136,tag5304
464.065,tag2483
464.460,tag5310
464.430,tag3487
464.734,tag2485
464.225,tag6485
464.722,tag2487
464.050,tag5310
464.370,tag6471
464.815,tag6482
464.705,tag6483
464.329,tag6486
464.540,tag5284
464.079,tag2469
464.164,tag5299
464.426,tag5290
464.886,tag2495
464.072,tag5311
464.939,tag6479
464.473,tag188
464.894,tag5308
464.284,tag5287
464.728,tag11157
465.684,tag6479
465.707,tag6464
465.155,tag5282
465.398,tag5280
465.008,tag2464
465.744,tag2484
465.247,tag2484
465.174,tag2489
465.192,tag6494
465.091,tag2491
465.984,tag6480
465.928,tag2465
465.097,tag5293
465.591,tag6472
465.252,tag4443
465.540,tag6468
465.806,tag5297
465.733,tag5308
465.152,tag2492
465.339,tag2488
465.097,tag6486
465.229,tag5296
465.871,tag6489
465.297,tag5300
465.817,tag6491
465.184,tag5302
465.963,tag2481
465.254,tag6490
465.848,tag5294
465.975,tag5301
465.496,tag2472
465.894,tag6476
465.128,tag6471
465.550,tag5310
465.548,tag2471
465.668,tag6487
465.887,tag5307
465.246,tag3090
465.176,tag2471
465.256,tag2465
466.090,tag2478
466.630,tag5311
466.201,tag5303
466.950,tag5295
466.476,tag5283
466.160,tag6473
466.715,tag2476
466.496,tag6468
466.744,tag6469
466.600,tag5290
466.547,tag6469
466.865,tag7428
466.247,tag2492
466.065,tag2470
466.175,tag5295
466.791,tag5309
466.636,tag6474
466.207,tag5305
466.627,tag2468
466.577,tag6486
466.559,tag2490
466.014,tag6481
466.569,tag5735
466.852,tag5295
466.293,tag6486
466.199,tag7758
466.802,tag5281
466.465,tag2471
466.722,tag6484
466.719,tag10880
466.190,tag6488
466.484,tag2478
466.305,tag2484
466.964,tag2485
466.568,tag5286
466.909,tag6488
466.868,tag6470
466.260,tag2482
466.454,tag2470
466.240,tag6480
467.002,tag2471
467.858,tag5311
467.047,tag6494
467.017,tag2495
467.377,tag6474
467.355,tag2483
467.374,tag2583
467.823,tag6493
467.687,tag6467
467.914,tag6469
467.228,tag6475
467.336,tag5292
467.234,tag6484
467.035,tag5294
467.861,tag2480
467.159,tag5299
467.538,tag2482
467.131,tag2473
467.685,tag5295
467.235,tag5306
467.449,tag5306
467.684,tag6480
467.949,tag5292
467.736,tag5311
467.985,tag5304
467.024,tag5306
467.637,tag2467
467.441,tag2492
467.967,tag5310
467.987,tag2490
467.592,tag6465
467.394,tag2489
467.991,tag2483
467.660,tag6487
467.867,tag5295
467.320,tag5281
467.476,tag11256
467.302,tag2495
467.512,tag5286
467.643,tag6489
468.399,tag5283
468.458,tag2483
468.584,tag5306
468.345,tag5295
468.593,tag2491
468.805,tag5294
468.453,tag5298
468.134,tag2492
468.141,tag5295
468.465,tag6493
468.489,tag5308
468.824,tag2474
468.262,tag6474
468.854,tag6490
468.516,tag5308
468.539,tag2475
468.250,tag6486
468.220,tag6480
468.085,tag2495
468.764,tag5286
468.280,tag2485
468.511,tag2473
468.302,tag2312
468.652,tag2477
468.945,tag6487
468.622,tag6493
468.904,tag6484
468.917,tag6107
468.502,tag8731
468.894,tag6477
468.203,tag5300
468.638,tag2477
468.419,tag5308
468.628,tag5304
468.894,tag1471
468.697,tag3182
468.313,tag6488
468.611,tag2486
468.452,tag10057
468.441,tag2494
469.194,tag2481
469.500,tag2468
469.868,tag6476
469.909,tag2489
469.264,tag2485
469.800,tag6468
469.251,tag5285
469.437,tag2493
469.322,tag3516
469.034,tag6478
469.547,tag5309
469.499,tag5308
469.445,tag6493
469.137,tag11330
469.262,tag2464
469.808,tag5284
469.167,tag9989
469.614,tag6470
469.643,tag5296
469.543,tag6488
469.781,tag2474
469.671,tag2464
469.691,tag6477
469.608,tag6492
469.506,tag6484
469.095,tag5283
469.618,tag5293
469.343,tag2468
469.164,tag6474
469.617,tag6476
469.648,tag2476
469.724,tag5288
469.205,tag2475
469.251,tag6490
469.645,tag6464
469.024,tag6494
469.160,tag2488
469.053,tag6489
469.860,tag6482
469.412,tag6471
470.336,tag5287
470.094,tag6485
470.393,tag963
470.724,tag8425
470.629,tag5310
470.139,tag2484
470.355,tag2476
470.925,tag2488
470.378,tag2486
470.464,tag5280
470.681,tag2485
470.230,tag2477
470.467,tag6487
470.720,tag5285
470.850,tag5291
470.167,tag2480
470.269,tag6489
470.311,tag6486
470.121,tag5302
470.646,tag5311
470.897,tag6482
470.370,tag6479
470.201,tag2476
470.194,tag6493
470.638,tag5298
470.607,tag2488
470.365,tag5286
470.190,tag6471
470.203,tag6481
470.457,tag2472
470.760,tag2475
470.102,tag5280
470.122,tag5291
470.819,tag6489
470.012,tag10688
470.020,tag5292
470.163,tag2493
470.896,tag5290
470.650,tag2471
470.547,tag2466
471.656,tag6464
471.042,tag6475
471.795,tag2481
471.970,tag2488
471.502,tag6488
471.174,tag6476
471.833,tag6482
471.275,tag6466
471.807,tag5305
471.604,tag2480
471.259,tag2477
471.255,tag5300
471.805,tag2473
471.801,tag9851
471.699,tag6488
471.622,tag5288
471.566,tag6486
471.870,tag6935
471.558,tag6487
471.471,tag4604
471.925,tag2465
471.692,tag2466
471.212,tag10265
471.032,tag5287
471.135,tag5287
471.038,tag5308
471.519,tag6483
471.956,tag5303
471.911,tag5290
471.186,tag8147
471.567,tag5293
471.232,tag5311
471.405,tag2485
471.160,tag5293
471.951,tag2471
471.317,tag3081
471.493,tag2485
471.116,tag6487
471.373,tag5298
471.005,tag2483
472.977,tag2468
472.036,tag2490
472.122,tag5301
472.144,tag5292
472.649,tag5309
472.975,tag7628
472.484,tag2485
472.136,tag5307
472.275,tag5299
472.172,tag2154
472.700,tag5286
472.968,tag5306
472.519,tag5294
472.323,tag5284
472.873,tag2490
472.836,tag6493
472.039,tag5305
472.597,tag6484
472.296,tag5296
472.529,tag6489
472.207,tag2041
472.659,tag3633
472.947,tag5294
472.879,tag2478
472.678,tag2480
472.484,tag6482
472.964,tag5283
472.317,tag2468
472.685,tag2466
472.800,tag5284
472.643,tag6470
472.806,tag6494
472.795,tag2493
472.324,tag6493
472.057,tag5280
472.466,tag2466
472.958,tag5610
472.429,tag6494
472.148,tag6475
472.024,tag5295
473.645,tag4614
473.054,tag4140
473.314,tag5281
473.017,tag6495
473.982,tag6469
473.039,tag5297
473.456,tag6485
473.550,tag6464
473.520,tag6492
473.133,tag2477
473.702,tag6469
473.520,tag6469
473.099,tag6495
473.889,tag6468
473.403,tag5300
473.471,tag5283
473.501,tag5308
473.137,tag2470
473.451,tag5305
473.483,tag5295
473.552,tag5292
473.329,tag2473
473.500,tag6486
473.839,tag2489
473.114,tag6468
473.057,tag6482
473.136,tag6482
473.923,tag5302
473.621,tag6476
473.542,tag11605
473.234,tag6488
473.322,tag2489
473.847,tag5293
473.477,tag5292
473.350,tag6474
473.544,tag2467
473.466,tag6990
473.607,tag2468
473.414,tag6468
473.714,tag11649
474.895,tag6495
474.644,tag6464
474.146,tag5296
474.937,tag6470
474.276,tag6479
474.460,tag2481
474.031,tag5297
474.830,tag8198
474.028,tag5291
474.600,tag5284
474.704,tag6479
474.772,tag5285
474.904,tag5287
474.005,tag2466
474.561,tag5298
474.931,tag2491
474.113,tag2481
474.964,tag2465
474.072,tag2467
474.066,tag2468
474.004,tag6466
474.361,tag2469
474.807,tag2467
474.919,tag5291
474.035,tag6472
474.083,tag2474
474.540,tag5301
474.351,tag2494
474.994,tag6473
474.579,tag5292
474.331,tag2480
474.180,tag5292
474.545,tag11861
474.437,tag2491
474.195,tag6470
474.461,tag5302
474.209,tag2490
474.266,tag6471
474.347,tag5302
474.613,tag6482
475.797,tag5300
475.150,tag2491
475.638,tag5298
475.748,tag2483
475.810,tag2488
475.070,tag6474
475.752,tag5304
475.700,tag5285
475.091,tag11097
475.433,tag5304
475.627,tag416
475.712,tag5288
475.087,tag6486
475.751,tag9116
475.940,tag5288
475.357,tag2488
475.096,tag6489
475.564,tag2493
475.655,tag2478
475.918,tag8232
475.684,tag2479
475.044,tag5280
475.209,tag1625
475.895,tag6473
475.387,tag8212
475.149,tag2465
475.690,tag2481
475.537,tag7290
475.454,tag2472
475.857,tag5305
475.097,tag2482
475.037,tag5282
475.221,tag5284
475.961,tag2476
475.061,tag5310
475.168,tag2468
475.919,tag504
475.564,tag6474
475.235,tag5289
475.353,tag6474
476.890,tag6475
476.207,tag6470
476.014,tag5309
476.501,tag5301
476.173,tag5307
476.155,tag246
476.461,tag5305
476.364,tag2465
476.597,tag6468
476.602,tag6377
476.494,tag6466
476.452,tag6486
476.144,tag6478
476.831,tag6487
476.029,tag2480
476.195,tag4085
476.143,tag5291
476.714,tag2482
476.746,tag2465
476.372,tag2478
476.177,tag2471
476.869,tag2483
476.484,tag5286
476.616,tag6485
476.745,tag8348
476.032,tag6464
476.617,tag2474
476.000,tag6478
476.382,tag2471
476.930,tag2473
476.551,tag5285
476.783,tag2467
476.252,tag6139
476.109,tag5307
476.487,tag6480
476.385,tag6477
476.916,tag5285
476.083,tag5294
476.154,tag5310
476.624,tag2480
477.761,tag6492
477.941,tag6490
477.857,tag2486
477.338,tag5310
477.239,tag5287
477.909,tag2486
477.497,tag2486
477.113,tag6480
477.684,tag6483
477.389,tag5290
477.345,tag5295
477.730,tag6467
477.391,tag8469
477.238,tag6478
477.507,tag6477
477.177,tag2464
477.941,tag2492
477.437,tag2478
477.081,tag6477
477.666,tag6480
477.794,tag2484
477.302,tag5292
477.894,tag2486
477.344,tag2465
477.290,tag2486
477.965,tag6480
477.710,tag2471
477.533,tag6466
477.084,tag5280
477.015,tag6495
477.094,tag2486
477.436,tag2474
477.199,tag6477
477.642,tag6492
477.631,tag6486
477.139,tag6477
477.137,tag6472
477.057,tag6478
477.702,tag2476
477.051,tag6475
478.343,tag5285
478.081,tag6623
478.733,tag5307
478.828,tag5294
478.472,tag2475
478.191,tag6473
478.642,tag6465
478.513,tag2491
478.557,tag5298
478.643,tag6476
478.380,tag2477
478.664,tag2490
478.158,tag5281
478.342,tag5306
478.004,tag8951
478.774,tag2483
478.540,tag2465
478.040,tag5298
478.953,tag6474
478.564,tag2465
478.816,tag6495
478.360,tag5288
478.265,tag6465
478.329,tag2482
478.343,tag6469
478.128,tag5303
478.732,tag2475
478.030,tag5305
478.342,tag2481
478.814,tag5295
478.260,tag5286
478.417,tag2464
478.858,tag5293
478.311,tag6466
478.485,tag2487
478.982,tag2479
478.858,tag2479
478.165,tag2488
478.908,tag6473
478.805,tag6475
479.429,tag9118
479.497,tag6489
479.316,tag6486
479.281,tag5537
479.611,tag2495
479.696,tag6489
479.416,tag5307
479.678,tag5300
479.995,tag5306
479.903,tag6490
479.977,tag2483
479.403,tag2483
479.405,tag5297
479.822,tag2472
479.337,tag6487
479.515,tag6467
479.054,tag5309
479.519,tag2494
479.620,tag5289
479.174,tag5286
479.359,tag6491
479.430,tag6478
479.041,tag2467
479.282,tag6477
479.021,tag2476
479.579,tag6495
479.376,tag6492
479.722,tag2473
479.581,tag5298
479.854,tag2489
479.240,tag6468
479.433,tag6473
479.114,tag6492
479.152,tag6488
479.109,tag2487
479.264,tag6476
479.597,tag5285
479.730,tag2477
479.285,tag2464
479.365,tag2486
480.800,tag5307
480.332,tag5299
480.045,tag4536
480.243,tag6465
480.111,tag6467
480.816,tag6364
480.024,tag6487
480.095,tag2478
480.008,tag5304
480.067,tag5300
480.296,tag5308
480.897,tag2474
480.282,tag6487
480.669,tag6470
480.049,tag9291
480.295,tag5302
480.173,tag2486
480.600,tag5281
480.693,tag5299
480.781,tag2481
480.410,tag2480
480.912,tag6476
480.993,tag2490
480.115,tag5294
480.168,tag6478
480.061,tag2472
480.021,tag6482
480.281,tag2494
480.632,tag5308
480.142,tag6480
480.371,tag6474
480.859,tag5301
480.622,tag5286
480.147,tag9924
480.770,tag6489
480.109,tag5306
480.899,tag6465
480.453,tag5296
480.274,tag5280
480.613,tag6468
481.801,tag5302
481.406,tag6489
481.023,tag5300
481.128,tag2493
481.763,tag6481
481.216,tag5309
481.840,tag5288
481.335,tag6473
481.158,tag2491
481.750,tag6467
481.676,tag2483
481.873,tag6468
481.958,tag2469
481.195,tag2465
481.218,tag5299
481.110,tag5298
481.942,tag2488
481.905,tag5880
481.440,tag2481
481.868,tag6490
481.113,tag6474
481.947,tag5302
481.210,tag6467
481.321,tag6475
481.068,tag5303
481.320,tag2471
481.762,tag6478
481.294,tag2490
481.012,tag5299
481.694,tag2482
481.587,tag2486
481.612,tag2470
481.995,tag5306
481.543,tag5304
481.844,tag2464
481.844,tag11553
481.678,tag2470
481.672,tag6494
481.924,tag6465
481.589,tag6476
482.125,tag6473
482.216,tag5301
482.854,tag2493
482.092,tag6485
482.907,tag5301
482.597,tag6472
482.548,tag5294
482.440,tag5285
482.231,tag5300
482.491,tag5308
482.550,tag2490
482.652,tag5901
482.362,tag6476
482.703,tag5301
482.281,tag5297
482.612,tag5281
482.964,tag5282
482.946,tag6478
482.739,tag1124
482.254,tag5293
482.746,tag10610
482.613,tag6476
482.961,tag11571
482.562,tag6493
482.418,tag5293
482.127,tag5287
482.231,tag6467
482.103,tag6489
482.596,tag5302
482.136,tag5311
482.166,tag6466
482.325,tag6495
482.943,tag5305
482.086,tag5302
482.948,tag2465
482.905,tag6483
482.138,tag5288
482.604,tag2491
482.310,tag5296
482.461,tag5310
483.690,tag6485
483.939,tag4508
483.053,tag6494
483.293,tag6469
483.760,tag5283
483.238,tag6481
483.267,tag2495
483.384,tag2468
483.588,tag5298
483.245,tag6490
483.422,tag2481
483.146,tag2493
483.625,tag5290
483.992,tag2464
483.053,tag5282
483.249,tag6487
483.316,tag6470
483.244,tag6484
483.554,tag2469
483.305,tag6487
483.498,tag11548
483.587,tag5306
483.373,tag6475
483.886,tag5285
483.886,tag6488
483.860,tag6485
483.497,tag5280
483.015,tag6480
483.005,tag5311
483.792,tag5300
483.775,tag6469
483.348,tag2489
483.226,tag2470
483.032,tag6489
483.913,tag2490
483.271,tag2480
483.440,tag6482
483.375,tag6481
483.808,tag5293
483.159,tag8373
484.266,tag6476
484.849,tag2482
484.726,tag2477
484.078,tag4136
484.602,tag2479
484.604,tag2494
484.029,tag5310
484.168,tag5307
484.809,tag5286
484.510,tag5285
484.110,tag2481
484.323,tag6475
484.960,tag6466
484.051,tag2495
484.915,tag5302
484.276,tag2479
484.230,tag2489
484.049,tag2487
484.055,tag6493
484.608,tag6468
484.193,tag5298
484.579,tag2482
484.433,tag5290
484.987,tag5286
484.373,tag5282
484.313,tag6493
484.765,tag10785
484.161,tag2205
484.087,tag2464
484.473,tag5308
484.132,tag5291
484.655,tag8965
484.803,tag2466
484.346,tag6473
484.733,tag6491
484.351,tag2476
484.901,tag2467
484.096,tag2483
484.915,tag2490
484.385,tag5291
485.898,tag6474
485.041,tag2479
485.943,tag6481
485.347,tag5290
485.429,tag10951
485.616,tag6473
485.333,tag5303
485.662,tag5282
485.164,tag2516
485.931,tag6469
485.096,tag6479
485.772,tag2471
485.024,tag5299
485.477,tag6491
485.951,tag6475
485.106,tag5280
485.503,tag2474
485.904,tag702
485.104,tag2472
485.999,tag6483
485.124,tag6468
485.392,tag2473
485.519,tag5285
485.734,tag5304
485.823,tag6494
485.530,tag10280
485.493,tag2903
485.950,tag5284
485.390,tag6468
485.515,tag5307
485.747,tag11895
485.174,tag5310
485.535,tag2473
485.035,tag2489
485.167,tag5294
485.558,tag5297
485.496,tag2470
485.977,tag5289
485.287,tag6472
485.468,tag6473
486.341,tag6464
486.788,tag6486
486.749,tag2487
486.043,tag2481
486.879,tag5294
486.590,tag5308
486.512,tag6470
486.529,tag5282
486.976,tag2489
486.416,tag6469
486.364,tag2475
486.302,tag3082
486.710,tag5294
486.321,tag6472
486.333,tag1695
486.462,tag5293
486.315,tag2475
486.805,tag5292
486.363,tag5297
486.667,tag2487
486.066,tag4271
486.381,tag5310
486.642,tag6466
486.537,tag6474
486.094,tag2490
486.408,tag5293
486.088,tag2488
486.918,tag2476
486.374,tag2467
486.061,tag6483
486.828,tag2486
486.264,tag2468
486.848,tag6490
486.909,tag2490
486.560,tag2487
486.566,tag5282
486.853,tag2483
486.105,tag5300
486.457,tag6490
486.474,tag2467
487.991,tag2489
487.251,tag2473
487.582,tag10292
487.606,tag1087
487.422,tag2466
487.908,tag2494
487.392,tag5310
487.309,tag5286
487.450,tag6466
487.507,tag1448
487.640,tag6491
487.871,tag2469
487.950,tag6469
487.209,tag6478
487.396,tag2474
487.910,tag2465
487.763,tag2467
487.118,tag6477
487.095,tag2479
487.287,tag6555
487.944,tag7878
487.074,tag5297
487.583,tag6482
487.512,tag2489
487.528,tag5311
487.983,tag6464
487.623,tag5280
487.312,tag5299
487.580,tag6469
487.624,tag6490
487.291,tag5293
487.791,tag5283
487.638,tag2468
487.638,tag6470
487.018,tag2478
487.047,tag6474
487.811,tag6491
487.746,tag5054
487.795,tag2469
487.717,tag6464
488.509,tag5299
488.826,tag6483
488.795,tag5302
488.568,tag2488
488.853,tag5282
488.090,tag6470
488.286,tag6397
488.362,tag6492
488.929,tag6482
488.449,tag5311
488.824,tag2483
488.511,tag6468
488.741,tag6479
488.990,tag2480
488.595,tag2464
488.266,tag6466
488.366,tag9831
488.981,tag6318
488.146,tag2484
488.011,tag6481
488.182,tag2479
488.818,tag5303
488.127,tag6470
488.664,tag2487
488.510,tag2471
488.615,tag2479
488.252,tag6465
488.760,tag6488
488.033,tag2473
488.016,tag5294
488.927,tag2474
488.706,tag2464
488.499,tag2476
488.578,tag6488
488.375,tag5302
488.290,tag6494
488.056,tag2470
488.028,tag6494
488.367,tag5286
488.524,tag6470
489.716,tag6488
489.377,tag2471
489.997,tag2489
489.052,tag5026
489.415,tag6476
489.886,tag5290
489.938,tag2491
489.704,tag6485
489.989,tag2466
489.205,tag2477
489.492,tag11106
489.611,tag6469
489.885,tag5301
489.690,tag6468
489.718,tag6465
489.656,tag6472
489.829,tag2480
489.954,tag5297
489.414,tag5285
489.416,tag2468
489.172,tag6481
489.804,tag5280
489.999,tag4006
489.442,tag6473
489.777,tag2490
489.389,tag2469
489.660,tag2479
489.363,tag5292
489.562,tag2467
489.406,tag6484
489.312,tag6480
489.852,tag6478
489.036,tag4606
489.412,tag5286
489.030,tag2494
489.837,tag2467
489.717,tag2487
489.696,tag5307
489.908,tag2471
489.075,tag6486
490.048,tag6481
490.910,tag5309
490.885,tag5281
490.952,tag2485
490.069,tag5282
490.781,tag2479
490.510,tag5297
490.443,tag5301
490.616,tag6493
490.155,tag6477
490.445,tag5308
490.434,tag2469
490.190,tag2490
490.234,tag5285
490.937,tag2487
490.978,tag5289
490.651,tag6478
490.110,tag5299
490.810,tag5294
490.996,tag6477
490.136,tag2480
490.016,tag5304
490.221,tag6465
490.352,tag6469
490.601,tag6483
490.301,tag6487
490.644,tag6494
490.955,tag6481
490.395,tag5303
490.172,tag5310
490.047,tag2482
490.991,tag6488
490.698,tag2464
490.789,tag2471
490.827,tag5282
490.792,tag2489
490.696,tag5289
490.191,tag2481
490.157,tag6466
490.226,tag6492
491.371,tag6486
491.096,tag2486
491.079,tag6485
491.835,tag2483
491.191,tag8253
491.998,tag6465
491.689,tag5301
491.736,tag6474
491.444,tag5286
491.223,tag6466
491.806,tag6467
491.556,tag2486
491.151,tag2467
491.185,tag2490
491.385,tag6469
491.190,tag2495
491.873,tag5311
491.103,tag2494
491.115,tag2468
491.532,tag2471
491.172,tag6467
491.533,tag2495
491.575,tag9679
491.964,tag5289
491.368,tag2493
491.710,tag5301
491.454,tag2632
491.982,tag5283
491.493,tag4369
491.122,tag6489
491.174,tag5303
491.167,tag2491
491.013,tag5286
491.892,tag2471
491.962,tag6470
491.853,tag4888
491.326,tag2467
491.613,tag6492
491.674,tag2480
491.983,tag6495
492.494,tag5304
492.014,tag6480
492.380,tag2472
492.001,tag2483
492.984,tag6465
492.574,tag2485
492.402,tag2491
492.350,tag2469
492.446,tag5294
492.795,tag6472
492.552,tag5281
492.981,tag6488
492.581,tag6493
492.826,tag2478
492.660,tag2476
492.421,tag2492
492.010,tag2476
492.078,tag2470
492.951,tag5284
492.995,tag5283
492.034,tag6482
492.990,tag2490
492.439,tag1497
492.461,tag5292
492.835,tag2492
492.752,tag6488
492.089,tag6480
492.847,tag6474
492.823,tag6476
492.703,tag6470
492.251,tag6478
492.626,tag2476
492.744,tag2477
492.852,tag5306
492.596,tag5306
492.612,tag2495
492.603,tag2469
492.412,tag6494
492.259,tag2471
492.463,tag2482
493.160,tag5289
493.691,tag1206
493.749,tag5308
493.448,tag5288
493.525,tag2471
493.573,tag5286
493.628,tag8595
493.106,tag2476
493.944,tag6488
493.206,tag2482
493.763,tag5284
493.438,tag8509
493.299,tag6468
493.789,tag2485
493.661,tag6469
493.199,tag2471
493.452,tag6495
493.964,tag2486
493.688,tag6465
493.291,tag5290
493.098,tag2468
493.997,tag2473
493.055,tag10303
493.044,tag5282
493.886,tag6477
493.538,tag5304
493.486,tag6493
493.784,tag2465
493.058,tag6492
493.909,tag5306
493.505,tag6470
493.159,tag5285
493.978,tag6483
493.431,tag2476
493.881,tag2485
493.288,tag254
493.140,tag2475
493.981,tag2477
493.362,tag6481
493.508,tag706
494.726,tag5287
494.566,tag5285
494.890,tag6466
494.135,tag10879
494.845,tag8572
494.433,tag6477
494.708,tag2469
494.798,tag2472
494.454,tag6472
494.880,tag2467
494.147,tag2478
494.962,tag2491
494.391,tag2474
494.420,tag6465
494.103,tag5284
494.815,tag5285
494.140,tag2479
494.894,tag2492
494.982,tag5308
494.526,tag5776
494.816,tag2468
494.767,tag5922
494.310,tag5294
494.517,tag6468
494.709,tag6692
494.237,tag6467
494.187,tag2489
494.171,tag9945
494.632,tag2467
494.359,tag6494
494.077,tag6469
494.248,tag6474
494.168,tag2478
494.606,tag2494
494.717,tag2491
494.918,tag5297
494.477,tag5307
494.563,tag2472
494.885,tag5303
494.556,tag6471
495.198,tag6495
495.378,tag6467
495.622,tag10804
495.071,tag2485
495.336,tag5812
495.767,tag6476
495.179,tag2481
495.214,tag6476
495.604,tag6488
495.698,tag6476
495.292,tag5290
495.395,tag6468
495.903,tag2469
495.190,tag5307
495.177,tag6480
495.964,tag11513
495.338,tag6487
495.682,tag9298
495.149,tag5284
495.367,tag2468
495.001,tag2476
495.471,tag6482
495.716,tag5307
495.003,tag5280
495.386,tag2743
495.499,tag2487
495.778,tag5309
495.900,tag2472
495.461,tag6481
495.320,tag6486
495.636,tag6493
495.203,tag5283
495.403,tag6471
495.874,tag5308
495.641,tag5311
495.604,tag6481
495.829,tag5293
495.637,tag2478
495.462,tag5283
495.311,tag6475
496.177,tag5101
496.755,tag5310
496.083,tag5305
496.941,tag2473
496.092,tag2280
496.360,tag2478
496.077,tag5296
496.257,tag6492
496.432,tag6494
496.466,tag5299
496.206,tag5285
496.731,tag5303
496.171,tag5286
496.606,tag6468
496.108,tag5295
496.825,tag6464
496.435,tag6480
496.501,tag6464
496.613,tag6486
496.544,tag5302
496.758,tag5305
496.975,tag5296
496.726,tag6467
496.666,tag5284
496.183,tag6476
496.977,tag2469
496.767,tag3041
496.634,tag5298
496.120,tag4909
496.260,tag2029
496.359,tag2481
496.238,tag6486
496.032,tag6470
496.041,tag6487
496.243,tag2469
496.946,tag5400
496.133,tag9371
496.490,tag6486
496.871,tag5282
496.261,tag6464
497.704,tag2470
497.427,tag5297
497.035,tag6469
497.278,tag2657
497.237,tag2475
497.010,tag5287
497.755,tag4199
497.767,tag6489
497.475,tag1259
497.003,tag5300
497.185,tag6484
497.971,tag2487
497.923,tag6489
497.318,tag2466
497.126,tag5298
497.066,tag5309
497.820,tag6485
497.496,tag6478
497.675,tag5295
497.832,tag2482
497.157,tag5297
497.451,tag2475
497.146,tag10623
497.019,tag2495
497.026,tag5288
497.573,tag6472
497.605,tag10210
497.488,tag6469
497.412,tag1035
497.601,tag6484
497.348,tag2469
497.661,tag6472
497.674,tag6472
497.249,tag5309
497.638,tag6474
497.567,tag5294
497.950,tag2494
497.990,tag2483
497.173,tag2493
497.099,tag2464
498.385,tag2470
498.117,tag5307
498.996,tag5297
498.852,tag3233
498.196,tag2492
498.617,tag6493
498.376,tag5286
498.046,tag193
498.904,tag6482
498.314,tag6493
498.639,tag2485
498.479,tag2493
498.704,tag5293
498.127,tag2481
498.369,tag5294
498.159,tag6471
498.752,tag2490
498.234,tag5299
498.783,tag5283
498.353,tag6479
498.590,tag2480
498.779,tag6494
498.499,tag2482
498.239,tag5310
498.877,tag5302
498.914,tag9266
498.434,tag6479
498.018,tag2485
498.728,tag6489
498.058,tag3242
498.186,tag2471
498.239,tag6495
498.037,tag5300
498.220,tag5298
498.724,tag2481
498.164,tag5297
498.047,tag4529
498.252,tag6484
498.644,tag5287
498.709,tag2494
499.077,tag2465
499.844,tag6475
499.409,tag5288
499.712,tag2474
499.601,tag2467
499.439,tag6478
499.802,tag986
499.437,tag5306
499.907,tag5306
499.706,tag5308
499.021,tag6492
499.889,tag11772
499.257,tag5288
499.181,tag5283
499.943,tag6477
499.442,tag6490
499.482,tag6479
499.101,tag2467
499.644,tag2480
499.465,tag6490
499.858,tag2495
499.740,tag2490
499.873,tag5299
499.454,tag5310
499.977,tag2466
499.242,tag5309
499.003,tag2479
499.757,tag6493
499.959,tag8233
499.038,tag2466
499.387,tag6465
499.326,tag5282
499.055,tag2492
499.157,tag2490
499.610,tag2465
499.077,tag6494
499.477,tag2468
499.204,tag6467
499.062,tag188
499.617,tag6494
500.345,tag2466
500.154,tag2490
500.214,tag5289
500.121,tag6491
500.486,tag2492
500.709,tag5291
500.744,tag6467
500.787,tag6477
500.380,tag2485
500.241,tag11734
500.040,tag5287
500.480,tag6478
500.956,tag6487
500.562,tag2478
500.816,tag5307
500.535,tag5283
500.185,tag5292
500.001,tag5294
500.289,tag5291
500.596,tag1050
500.765,tag2474
500.164,tag2494
500.896,tag6477
500.808,tag5835
500.337,tag2494
500.954,tag2479
500.033,tag5285
500.684,tag6491
500.206,tag2483
500.806,tag6480
500.813,tag5295
500.741,tag2484
500.235,tag5290
500.313,tag6475
500.892,tag2470
500.528,tag2486
500.057,tag6037
500.956,tag5310
500.337,tag5283
500.733,tag6468
501.096,tag2470
501.735,tag6464
501.893,tag6473
501.781,tag9572
501.206,tag2492
501.469,tag6470
501.912,tag3774
501.721,tag2487
501.877,tag2488
501.752,tag5308
501.556,tag2473
501.349,tag6482
501.743,tag6491
501.751,tag2475
501.077,tag6488
501.661,tag5303
501.320,tag2474
501.453,tag5307
501.304,tag5294
501.704,tag2475
501.951,tag648
501.644,tag2490
501.288,tag2483
501.911,tag5281
501.752,tag6465
501.727,tag5305
501.859,tag6483
501.693,tag5286
501.029,tag2475
501.196,tag6764
501.411,tag5305
501.154,tag2473
501.767,tag5299
501.781,tag5306
501.778,tag6471
501.359,tag2489
501.049,tag5311
501.910,tag2474
501.186,tag5284
501.362,tag6471
502.555,tag5308
502.530,tag2489
502.794,tag2479
502.616,tag2481
502.408,tag2491
502.667,tag3344
502.594,tag6484
502.974,tag2474
502.833,tag6488
502.080,tag6468
502.823,tag6479
502.303,tag6489
502.039,tag6473
502.804,tag6478
502.612,tag1468
502.122,tag4754
502.386,tag6467
502.713,tag2484
502.409,tag6476
502.606,tag5297
502.972,tag2472
502.537,tag6479
502.962,tag5288
502.560,tag5285
502.818,tag5310
502.243,tag1684
502.609,tag5310
502.705,tag2495
502.983,tag2495
502.515,tag6495
502.282,tag2464
502.544,tag2484
502.383,tag2469
502.998,tag5306
502.690,tag6466
502.388,tag2466
502.763,tag5289
502.142,tag5309
502.113,tag2468
502.145,tag2477
503.561,tag6477
503.656,tag2479
503.804,tag10808
503.911,tag5307
503.345,tag5299
503.600,tag2490
503.328,tag6472
503.825,tag2219
503.494,tag5308
503.785,tag5309
503.743,tag5287
503.195,tag6483
503.541,tag2490
503.371,tag2465
503.531,tag2464
503.448,tag5292
503.197,tag5283
503.900,tag5301
503.989,tag5288
503.444,tag6480
503.523,tag2490
503.468,tag2480
503.164,tag6473
503.297,tag5301
503.781,tag5309
503.815,tag1694
503.761,tag2490
503.908,tag2464
503.329,tag2484
503.700,tag7695
503.218,tag5295
503.943,tag5310
503.065,tag5280
503.208,tag6484
503.069,tag5296
503.939,tag6492
503.513,tag5301
503.085,tag5290
503.191,tag2491
503.366,tag6485
504.607,tag5309
504.546,tag2479
504.509,tag2494
504.704,tag6487
504.873,tag6489
504.524,tag6465
504.165,tag5292
504.735,tag5293
504.931,tag6481
504.549,tag2479
504.180,tag5288
504.357,tag5290
504.287,tag5293
504.580,tag5291
504.191,tag6465
504.448,tag5286
504.076,tag2466
504.959,tag5302
504.849,tag5303
504.538,tag2476
504.481,tag5301
504.206,tag6099
504.677,tag6472
504.749,tag5283
504.745,tag2473
504.440,tag9727
504.313,tag2479
504.346,tag5293
504.364,tag6479
504.815,tag6489
504.536,tag2480
504.337,tag5287
504.714,tag5283
504.855,tag5280
504.461,tag5295
504.107,tag5299
504.977,tag2481
504.321,tag6494
504.084,tag7096
504.811,tag2483
505.040,tag5292
505.569,tag5306
505.315,tag5308
505.397,tag6470
505.486,tag6482
505.471,tag528
505.184,tag2494
505.992,tag5292
505.379,tag6477
505.946,tag8814
505.135,tag5299
505.301,tag5281
505.406,tag6472
505.563,tag6490
505.866,tag6471
505.578,tag5302
505.727,tag6488
505.516,tag2484
505.354,tag1809
505.322,tag6494
505.814,tag2478
505.526,tag6475
505.873,tag6485
505.629,tag3845
505.052,tag5359
505.122,tag6475
505.390,tag5280
505.894,tag2467
505.203,tag6479
505.061,tag6464
505.334,tag3992
505.934,tag6479
505.694,tag6470
505.893,tag3219
505.309,tag6482
505.758,tag6482
505.075,tag6490
505.866,tag6483
505.949,tag388
505.077,tag6486
506.578,tag6486
506.136,tag5291
506.962,tag6471
506.181,tag584
506.151,tag6471
506.399,tag5287
506.209,tag6467
506.352,tag2493
506.839,tag5311
506.353,tag6478
506.597,tag5302
506.736,tag6477
506.581,tag6476
507.000,tag2471
506.603,tag7776
506.630,tag2477
506.738,tag6466
506.924,tag6471
506.311,tag6491
506.882,tag6475
506.682,tag6495
506.829,tag6480
506.414,tag2488
506.221,tag2483
506.275,tag2487
506.015,tag8547
506.020,tag2476
506.942,tag2477
506.385,tag2469
506.744,tag6472
506.273,tag6470
506.545,tag6478
506.214,tag10650
506.102,tag5288
506.128,tag5288
506.647,tag5287
506.450,tag2493
506.056,tag1562
506.772,tag5292
506.695,tag3818
507.777,tag8402
507.879,tag6468
507.714,tag5305
507.353,tag5295
507.595,tag5209
507.028,tag2491
507.291,tag6479
507.611,tag6473
507.937,tag5303
507.549,tag5305
507.758,tag6477
507.016,tag2488
507.635,tag5281
507.299,tag6480
507.316,tag6472
507.559,tag5298
507.817,tag5291
507.590,tag6481
507.161,tag6492
507.979,tag5309
507.431,tag5311
507.160,tag6483
507.025,tag5290
507.262,tag5311
507.213,tag2464
507.381,tag2866
507.399,tag6468
507.192,tag6492
507.411,tag2489
507.040,tag2467
507.911,tag5299
507.688,tag5296
507.811,tag2493
507.910,tag1218
507.446,tag6465
507.056,tag2483
507.574,tag5307
507.172,tag5286
507.220,tag5301
507.591,tag6479
508.894,tag3570
508.553,tag6483
508.854,tag6479
508.101,tag6489
508.878,tag6484
508.462,tag6475
508.057,tag2466
508.826,tag2488
508.848,tag1201
508.834,tag6464
508.811,tag5293
508.166,tag2466
508.559,tag5298
508.778,tag2476
508.169,tag988
508.000,tag2468
508.474,tag5298
508.291,tag2491
508.073,tag2476
508.837,tag2475
508.655,tag5308
508.472,tag2470
508.350,tag8385
508.824,tag5302
508.193,tag3764
508.831,tag6477
508.789,tag6491
508.458,tag6471
508.294,tag5307
508.610,tag10265
508.840,tag5301
508.214,tag5280
508.609,tag11274
508.042,tag2465
508.150,tag5281
508.461,tag5283
508.200,tag5280
508.489,tag6481
508.889,tag1059
508.875,tag6487
509.030,tag6467
509.293,tag6480
509.215,tag6486
509.754,tag6484
509.957,tag2469
509.032,tag6464
509.934,tag6475
509.538,tag6477
509.981,tag6485
509.245,tag329
509.544,tag2492
509.118,tag5292
509.771,tag5290
509.973,tag2475
509.754,tag6490
509.423,tag5298
509.107,tag5311
509.379,tag6472
509.054,tag2274
509.233,tag5307
509.404,tag2051
509.030,tag2492
509.364,tag8956
509.311,tag5292
509.625,tag6468
509.034,tag6466
509.571,tag1588
509.310,tag6477
509.746,tag5306
509.665,tag6483
509.819,tag5284
509.768,tag2478
509.725,tag5311
509.586,tag6490
509.977,tag5304
509.051,tag6494
509.928,tag6481
509.505,tag6470
509.448,tag5304
509.282,tag5287
510.416,tag8410
510.530,tag6482
510.977,tag2467
510.965,tag11575
510.133,tag6485
510.796,tag2495
510.974,tag2491
510.729,tag6474
510.597,tag2468
510.048,tag2491
510.701,tag2487
510.465,tag2470
510.327,tag3499
510.019,tag2464
510.040,tag5307
510.035,tag6483
510.840,tag6468
510.099,tag5287
510.743,tag6468
510.410,tag2472
510.726,tag6484
510.461,tag2466
510.016,tag2476
510.692,tag2477
510.687,tag5280
510.711,tag5299
510.488,tag5294
510.232,tag2487
510.766,tag6481
510.922,tag6480
510.622,tag5282
510.914,tag5299
510.151,tag5291
510.330,tag5303
510.357,tag5289
510.764,tag6477
510.733,tag7085
510.310,tag4554
510.283,tag2488
510.487,tag6466
511.755,tag6478
511.565,tag2476
511.214,tag2475
511.804,tag2490
511.432,tag6492
511.902,tag5307
511.883,tag5297
511.299,tag1642
511.193,tag4773
511.940,tag6495
511.896,tag6479
511.153,tag6492
511.065,tag5295
511.923,tag8008
511.849,tag3096
511.852,tag5280
511.102,tag5280
511.133,tag5288
511.380,tag5287
511.836,tag7642
511.852,tag5299
511.404,tag5289
511.420,tag2470
511.215,tag6467
511.013,tag5288
511.379,tag5287
511.918,tag6488
511.804,tag6471
511.695,tag6492
511.878,tag2485
511.912,tag6466
511.113,tag5289
511.601,tag6492
511.890,tag6489
511.555,tag2471
511.847,tag2485
511.451,tag5295
511.284,tag5308
511.496,tag5283
511.660,tag5296
512.490,tag2493
512.965,tag6493
512.883,tag6469
512.406,tag2485
512.948,tag6495
512.634,tag7939
512.054,tag5296
512.183,tag5287
512.644,tag6480
512.241,tag6494
512.751,tag1423
512.198,tag2464
512.093,tag6467
512.146,tag5297
512.895,tag6493
512.225,tag6467
512.853,tag6465
512.098,tag5294
512.720,tag5284
512.114,tag6493
512.229,tag2471
512.711,tag2479
512.881,tag5293
512.115,tag6490
512.642,tag2473
512.672,tag2485
512.080,tag6484
512.121,tag2495
512.488,tag5287
512.892,tag2473
512.368,tag5291
512.168,tag5292
512.155,tag2492
512.184,tag2468
512.862,tag5296
512.149,tag5298
512.836,tag2469
512.734,tag5311
512.867,tag6489
512.463,tag5305
513.819,tag6476
513.090,tag2466
513.883,tag5294
513.789,tag2478
513.219,tag2470
513.169,tag3506
513.531,tag2477
513.778,tag6468
513.581,tag5290
513.921,tag5303
513.191,tag6476
513.222,tag2495
513.878,tag5294
513.884,tag5283
513.847,tag2478
513.338,tag2481
513.523,tag6480
513.135,tag6480
513.589,tag6495
513.575,tag5291
513.808,tag6493
513.342,tag2468
513.625,tag5286
513.128,tag5307
513.469,tag2476
513.556,tag2477
513.413,tag7097
513.685,tag6470
513.111,tag6490
513.069,tag5293
513.814,tag2476
513.760,tag5293
513.805,tag2482
513.091,tag2474
513.215,tag2469
513.102,tag2238
513.065,tag2490
513.795,tag11743
513.712,tag2476
513.199,tag6488
514.360,tag5286
514.204,tag2490
514.253,tag5306
514.305,tag6489
514.768,tag5296
514.537,tag5297
514.332,tag2546
514.094,tag6485
514.202,tag2475
514.648,tag10037
514.020,tag5299
514.526,tag6467
514.468,tag5302
514.960,tag5305
514.887,tag5310
514.270,tag5311
514.843,tag5297
514.969,tag5298
514.758,tag5299
514.887,tag6487
514.750,tag2471
514.589,tag6490
514.696,tag1260
514.289,tag2473
514.327,tag6102
514.494,tag2479
514.600,tag5309
514.445,tag10205
514.654,tag6492
514.732,tag5309
514.336,tag2470
514.452,tag2475
514.981,tag5300
514.184,tag6490
514.378,tag6475
514.858,tag2489
514.534,tag6487
514.466,tag6492
514.521,tag2482
514.079,tag8033
515.182,tag2469
515.820,tag2494
515.075,tag5280
515.518,tag6489
515.204,tag2487
515.796,tag131
515.304,tag2473
515.763,tag2487
515.815,tag6465
515.213,tag11046
515.627,tag5289
515.072,tag5280
515.181,tag2476
515.304,tag5288
515.237,tag2479
515.068,tag6478
515.406,tag6631
515.414,tag9235
515.665,tag385
515.611,tag5296
515.570,tag2476
515.386,tag6488
515.469,tag6490
515.257,tag2464
515.262,tag6485
515.736,tag6478
515.588,tag2474
515.141,tag2495
515.082,tag5292
515.207,tag5296
515.446,tag2491
515.213,tag5282
515.968,tag6464
515.688,tag5297
515.018,tag5310
515.938,tag6471
515.530,tag6477
515.016,tag3549
515.307,tag5286
515.753,tag9908
516.488,tag5291
516.780,tag1063
516.621,tag2482
516.772,tag488
516.714,tag6465
516.576,tag5283
516.237,tag5753
516.596,tag5291
516.055,tag5300
516.509,tag5307
516.904,tag5311
516.341,tag5281
516.379,tag6493
516.651,tag2481
516.637,tag5281
516.041,tag6467
516.760,tag6473
516.833,tag5283
516.909,tag2469
516.049,tag5288
516.126,tag2471
516.848,tag6478
516.969,tag2478
516.277,tag2480
516.814,tag2489
516.546,tag6493
516.121,tag6495
516.819,tag6491
516.099,tag5286
516.040,tag10821
516.538,tag6467
516.868,tag5296
516.880,tag4311
516.676,tag6484
516.925,tag5290
516.141,tag2464
516.624,tag2471
516.968,tag2464
516.107,tag5285
516.894,tag5285
517.551,tag6494
517.856,tag6492
517.833,tag2464
517.431,tag6483
517.914,tag6487
517.905,tag2470
517.583,tag6472
517.567,tag2476
517.726,tag6483
517.546,tag2484
517.806,tag5289
517.269,tag5296
517.033,tag1361
517.463,tag5281
517.945,tag5851
517.842,tag2481
517.123,tag2465
517.193,tag5293
517.094,tag5306
517.340,tag6480
517.317,tag2466
517.077,tag11452
517.548,tag2495
517.920,tag5282
517.190,tag5283
517.242,tag6467
517.331,tag2487
517.961,tag6487
517.193,tag6476
517.020,tag5290
517.272,tag6469
517.517,tag6470
517.085,tag2473
517.135,tag8043
517.129,tag2476
517.018,tag2492
517.765,tag5306
517.686,tag5301
517.887,tag2480
517.655,tag5305
518.641,tag2471
518.080,tag5630
518.613,tag5309
518.529,tag2491
518.967,tag5304
518.995,tag2484
518.838,tag5288
518.275,tag5282
518.846,tag6488
518.384,tag2484
518.028,tag6473
518.932,tag2495
518.801,tag5295
518.368,tag2477
518.519,tag5302
518.250,tag5310
518.754,tag5303
518.830,tag2473
518.482,tag5306
518.978,tag6472
518.599,tag6477
518.719,tag2484
518.963,tag2486
518.220,tag5282
518.758,tag6472
518.593,tag6487
518.367,tag6487
518.066,tag3306
518.477,tag6481
518.467,tag6480
518.731,tag2473
518.937,tag5292
518.335,tag6709
518.494,tag2489
518.070,tag5303
518.914,tag2478
518.429,tag7642
518.174,tag5310
518.537,tag5302
518.552,tag6465
519.666,tag6466
519.575,tag2470
519.694,tag5300
519.957,tag6484
519.182,tag6477
519.319,tag2474
519.418,tag2486
519.023,tag5300
519.028,tag2472
519.130,tag6484
519.615,tag6478
519.451,tag2473
519.863,tag6481
519.443,tag2486
519.081,tag5287
519.817,tag5298
519.972,tag6466
519.524,tag5304
519.468,tag6476
519.563,tag6472
519.981,tag2465
519.125,tag6474
519.944,tag2472
519.857,tag2480
519.632,tag2492
519.605,tag2493
519.877,tag5298
519.177,tag4657
519.511,tag2471
519.008,tag2466
519.313,tag6492
519.483,tag6488
519.446,tag5287
519.569,tag2475
519.391,tag5296
519.085,tag5299
519.358,tag10095
519.729,tag5289
519.437,tag6467
519.122,tag5307
520.816,tag5280
520.030,tag2493
520.867,tag6468
520.165,tag2483
520.734,tag6482
520.051,tag2477
520.911,tag2494
520.206,tag6493
520.588,tag5311
520.771,tag2465
520.602,tag6484
520.317,tag5295
520.519,tag5297
520.694,tag5292
520.914,tag2493
520.823,tag5308
520.731,tag2482
520.755,tag5286
520.703,tag6468
520.777,tag6477
520.229,tag2476
520.339,tag6477
520.088,tag5290
520.313,tag5005
520.777,tag6488
520.876,tag6482
520.054,tag6493
520.693,tag6488
520.728,tag2478
520.865,tag2471
520.996,tag5306
520.037,tag2482
520.368,tag5308
520.947,tag2485
520.310,tag5293
520.604,tag6490
520.902,tag2478
520.512,tag6481
520.250,tag2465
520.378,tag9712
521.870,tag6466
521.592,tag5311
521.940,tag6488
521.337,tag6482
521.135,tag2495
521.078,tag5290
521.833,tag5294
521.390,tag5291
521.736,tag5305
521.334,tag6478
521.707,tag5311
521.514,tag2467
521.618,tag2478
521.524,tag2487
521.267,tag2464
521.978,tag6467
521.960,tag2468
521.746,tag2480
521.390,tag2447
521.706,tag11822
521.674,tag6468
521.706,tag3537
521.843,tag6474
521.473,tag6472
521.142,tag2479
521.473,tag9844
521.914,tag6475
521.340,tag6481
521.344,tag6480
521.093,tag5289
521.369,tag11738
521.588,tag6495
521.802,tag5309
521.186,tag5293
521.799,tag5306
521.292,tag5299
521.078,tag2467
521.798,tag5282
521.663,tag6465
521.384,tag2480
522.337,tag6487
522.538,tag5310
522.437,tag5268
522.644,tag6486
522.059,tag2491
522.717,tag2466
522.998,tag5293
522.470,tag6487
522.195,tag2472
522.319,tag6493
522.192,tag2470
522.605,tag2488
522.559,tag817
522.441,tag6493
522.824,tag2485
522.499,tag6468
522.641,tag2470
522.077,tag2486
522.577,tag9688
522.247,tag5311
522.138,tag2486
522.231,tag2469
522.080,tag5588
522.165,tag6481
522.303,tag6474
522.366,tag5292
522.525,tag10877
522.516,tag2472
522.465,tag6475
522.924,tag5297
522.635,tag5310
522.100,tag4680
522.919,tag5309
522.844,tag5308
522.740,tag5286
522.099,tag6487
522.527,tag2475
522.172,tag2493
522.970,tag2491
522.778,tag2476
523.255,tag6479
523.444,tag2485
523.078,tag6491
523.293,tag4024
523.254,tag7538
523.109,tag2489
523.981,tag6484
523.745,tag9466
523.663,tag6469
523.785,tag6465
523.688,tag6484
523.625,tag5298
523.144,tag6483
523.383,tag5288
523.447,tag2474
523.613,tag2468
523.232,tag6469
523.225,tag5288
523.666,tag6474
523.344,tag4565
523.087,tag6480
523.610,tag5298
523.402,tag5283
523.849,tag6481
523.585,tag5304
523.856,tag6480
523.317,tag6464
523.323,tag5289
523.273,tag6473
523.428,tag2476
523.942,tag11553
523.553,tag6469
523.093,tag5296
523.063,tag2481
523.736,tag4950
523.298,tag6475
523.702,tag5283
523.735,tag2491
523.773,tag5303
523.539,tag5292
524.105,tag6468
524.922,tag5294
524.239,tag2884
524.923,tag6474
524.008,tag5293
524.022,tag6465
524.917,tag6494
524.063,tag6476
524.618,tag8289
524.915,tag6482
524.571,tag6488
524.084,tag2465
524.175,tag2489
524.571,tag5298
524.211,tag2467
524.387,tag6490
524.798,tag1576
524.826,tag6485
524.546,tag6490
524.546,tag2477
524.133,tag5285
524.241,tag6495
524.416,tag369
524.985,tag6492
524.627,tag6491
524.027,tag6466
524.871,tag6465
524.258,tag2492
524.553,tag6473
524.383,tag2484
524.148,tag2479
524.866,tag6494
524.690,tag6466
524.919,tag2468
524.183,tag2464
524.766,tag6493
524.993,tag2203
524.352,tag5289
524.812,tag6492
524.750,tag5298
525.817,tag6494
525.775,tag2471
525.389,tag2481
525.711,tag2475
525.008,tag5301
525.181,tag2486
525.223,tag20
525.773,tag7115
525.457,tag5284
525.013,tag2494
525.535,tag5311
525.442,tag6537
525.069,tag4749
525.758,tag2480
525.169,tag5308
525.177,tag227
525.364,tag2484
525.661,tag2478
525.536,tag6488
525.095,tag2471
525.855,tag2486
525.661,tag2464
525.226,tag6476
525.573,tag6481
525.034,tag2473
525.879,tag5300
525.312,tag2470
525.082,tag6478
525.456,tag2483
525.157,tag5287
525.303,tag2470
525.575,tag6482
525.169,tag2484
525.891,tag9917
525.181,tag5281
525.449,tag5300
525.819,tag2477
525.512,tag5298
525.039,tag6487
525.546,tag2476
526.122,tag2495
526.822,tag5310
526.365,tag5311
526.765,tag5292
526.260,tag2472
526.115,tag6494
526.618,tag3095
526.945,tag6480
526.706,tag6489
526.981,tag5304
526.841,tag6483
526.726,tag5299
526.260,tag6472
526.712,tag6489
526.221,tag6492
526.418,tag5287
526.517,tag2476
526.699,tag2487
526.642,tag6476
526.818,tag6150
526.244,tag2478
526.998,tag5281
526.360,tag2468
526.858,tag2464
526.652,tag2479
526.355,tag5304
526.131,tag5286
526.450,tag2479
526.252,tag2479
526.794,tag6478
526.084,tag6493
526.364,tag8951
526.919,tag5294
526.857,tag2464
526.406,tag6484
526.371,tag5295
526.469,tag2495
526.718,tag6473
526.758,tag6489
526.909,tag5281
527.283,tag6482
527.329,tag6467
527.432,tag7264
527.747,tag5284
527.500,tag2467
527.014,tag2471
527.866,tag3693
527.976,tag6470
527.810,tag2494
527.908,tag5745
527.502,tag5283
527.668,tag2477
527.137,tag2476
527.285,tag2470
527.292,tag11153
527.363,tag5297
527.243,tag5283
527.617,tag6467
527.779,tag5295
527.024,tag5282
527.906,tag6474
527.201,tag5311
527.976,tag5830
527.618,tag6464
527.259,tag2489
527.156,tag3721
527.530,tag5307
527.278,tag6471
527.192,tag5289
527.945,tag2486
527.495,tag2474
527.081,tag6488
527.893,tag6475
527.474,tag2480
527.604,tag5303
527.280,tag5307
527.160,tag5299
527.834,tag2489
527.996,tag5291
527.561,tag2469
528.458,tag6471
528.333,tag6481
528.103,tag6480
528.434,tag2481
528.077,tag6465
528.238,tag599
528.720,tag6491
528.303,tag5295
528.520,tag5295
528.719,tag5309
528.592,tag2482
528.213,tag5294
528.616,tag5290
528.182,tag6466
528.170,tag5290
528.015,tag5301
528.925,tag6489
528.637,tag5292
528.111,tag2480
528.844,tag2469
528.987,tag2490
528.277,tag6473
528.802,tag6469
528.262,tag2274
528.861,tag5294
528.129,tag5302
528.532,tag5303
528.450,tag5294
528.311,tag5293
528.348,tag1333
528.324,tag5290
528.630,tag6471
528.049,tag2464
528.668,tag6483
528.247,tag5290
528.777,tag6476
528.374,tag6466
528.054,tag10495
528.945,tag2175
528.825,tag1631
529.860,tag5309
529.553,tag3727
529.396,tag6475
529.931,tag5287
529.269,tag6494
529.726,tag2493
529.511,tag2465
529.916,tag5308
529.076,tag2494
529.330,tag6492
529.288,tag5303
529.817,tag5300
529.592,tag2486
529.853,tag7100
529.108,tag5300
529.364,tag5310
529.088,tag2476
529.908,tag5308
529.574,tag5294
529.273,tag2471
529.919,tag5294
529.948,tag9256
529.931,tag2476
529.844,tag6474
529.073,tag5307
529.361,tag6483
529.146,tag6467
529.300,tag2198
529.056,tag6492
529.197,tag6483
529.464,tag5307
529.044,tag2486
529.914,tag5302
529.019,tag6477
529.888,tag5302
529.661,tag6491
529.746,tag5297
529.058,tag6466
529.262,tag5281
529.523,tag6478
530.959,tag2479
530.038,tag6495
530.700,tag5280
530.148,tag2478
530.173,tag5287
530.182,tag2490
530.648,tag2471
530.421,tag5281
530.943,tag2429
530.032,tag6475
530.609,tag5287
530.442,tag5309
530.645,tag2487
530.354,tag5290
530.479,tag2489
530.981,tag5302
530.243,tag11599
530.860,tag2482
530.153,tag6478
530.804,tag10837
530.249,tag2469
530.551,tag6483
530.851,tag5306
530.370,tag6478
530.827,tag2488
530.848,tag6489
530.098,tag2492
530.773,tag5305
530.146,tag5280
530.770,tag6464
530.491,tag6470
530.918,tag5307
530.898,tag6480
530.271,tag5280
530.467,tag5295
530.987,tag2473
530.161,tag2484
530.717,tag5300
530.043,tag2483
530.389,tag6479
531.430,tag6480
531.065,tag6476
531.793,tag5306
531.296,tag2467
531.769,tag6484
531.292,tag6485
531.745,tag6485
531.641,tag5176
531.940,tag6467
531.572,tag2493
531.037,tag11958
531.941,tag6474
531.824,tag6484
531.341,tag5310
531.734,tag5308
531.887,tag6479
531.190,tag6476
531.144,tag2482
531.004,tag6487
531.110,tag2492
531.218,tag6469
531.012,tag2478
531.225,tag5290
531.385,tag6467
531.567,tag2494
531.159,tag2474
531.069,tag5283
531.683,tag5308
531.310,tag2474
531.269,tag5286
531.673,tag5293
531.785,tag6481
531.115,tag2465
531.750,tag5284
531.997,tag2470
531.826,tag5295
531.593,tag2477
531.662,tag6494
531.085,tag2474
531.577,tag5303
532.527,tag6476
532.233,tag6469
532.462,tag6491
532.689,tag6483
532.427,tag2464
532.038,tag2476
532.385,tag2466
532.429,tag2465
532.287,tag5288
532.946,tag6472
532.416,tag804
532.648,tag6466
532.752,tag6467
532.625,tag6484
532.136,tag5518
532.626,tag5302
532.591,tag6477
532.133,tag5260
532.014,tag6478
532.515,tag6475
532.161,tag2484
532.474,tag5309
532.151,tag6490
532.681,tag6480
532.604,tag2493
532.961,tag2492
532.316,tag6469
532.925,tag2493
532.585,tag2465
532.320,tag2464
532.398,tag2467
532.519,tag5298
532.133,tag2475
532.805,tag5290
532.420,tag2471
532.283,tag6473
532.456,tag5291
532.355,tag5284
532.644,tag11880
532.815,tag2476
533.200,tag6494
533.667,tag11318
533.709,tag6465
533.140,tag2487
533.280,tag2471
533.984,tag6479
533.859,tag5289
533.395,tag5296
533.326,tag5299
533.210,tag5943
533.086,tag5282
533.811,tag6491
533.541,tag5287
533.705,tag2471
533.521,tag5294
533.799,tag2467
533.357,tag2486
533.903,tag5311
533.833,tag2474
533.389,tag5284
533.736,tag2490
533.318,tag2473
533.160,tag5287
533.735,tag5287
533.489,tag6476
533.309,tag5294
533.675,tag2495
533.315,tag6473
533.397,tag5284
533.272,tag2483
533.678,tag6950
533.536,tag2472
533.207,tag6469
533.064,tag5293
533.172,tag5306
533.946,tag5289
533.816,tag2490
533.428,tag5305
533.688,tag6466
533.703,tag2483
534.801,tag5283
534.134,tag2468
534.379,tag2483
534.925,tag5309
534.755,tag6468
534.737,tag5294
534.115,tag5282
534.421,tag6486
534.813,tag5290
534.696,tag4328
534.875,tag6492
534.632,tag6491
534.568,tag5303
534.472,tag5285
534.626,tag5307
534.863,tag6465
534.059,tag11726
534.290,tag6466
534.618,tag5281
534.068,tag2472
534.743,tag5311
534.592,tag11873
534.838,tag5308
534.996,tag2486
534.741,tag2494
534.303,tag2473
534.097,tag5304
534.740,tag6468
534.828,tag2490
534.379,tag2483
534.056,tag6471
534.339,tag2466
534.023,tag2476
534.549,tag2483
534.510,tag5310
534.397,tag2465
534.144,tag5296
534.274,tag2467
534.183,tag6495
534.970,tag5293
535.114,tag6474
535.404,tag5297
535.074,tag6470
535.741,tag2488
535.753,tag2487
535.479,tag5303
535.161,tag6482
535.141,tag2464
535.259,tag6475
535.984,tag6480
535.473,tag6491
535.558,tag6468
535.126,tag6489
535.986,tag6481
535.919,tag6474
535.717,tag6492
535.257,tag5310
535.702,tag6467
535.700,tag5305
535.417,tag5297
535.438,tag5684
535.530,tag2488
535.463,tag6470
535.720,tag6488
535.986,tag2470
535.941,tag519
535.317,tag10727
535.653,tag6487
535.586,tag8189
535.134,tag5302
535.471,tag5305
535.748,tag2490
535.167,tag5305
535.298,tag6494
535.769,tag5281
535.179,tag2478
535.513,tag5294
535.784,tag2486
535.673,tag6465
535.315,tag2485
536.427,tag6493
536.073,tag5375
536.269,tag2480
536.720,tag2490
536.302,tag2467
536.773,tag6478
536.054,tag6464
536.272,tag5303
536.438,tag2494
536.306,tag8589
536.488,tag6468
536.985,tag6486
536.655,tag5309
536.897,tag5296
536.974,tag6467
536.110,tag5307
536.209,tag6490
536.806,tag5282
536.296,tag5294
536.310,tag6466
536.484,tag5299
536.745,tag2486
536.422,tag2465
536.322,tag6473
536.276,tag9288
536.695,tag6491
536.209,tag2484
536.629,tag6482
536.186,tag6472
536.017,tag2480
536.509,tag5287
536.192,tag2482
536.953,tag5305
536.985,tag5282
536.469,tag2466
536.765,tag2483
536.740,tag6475
536.226,tag2473
536.032,tag5289
536.972,tag2493
537.522,tag2490
537.103,tag2629
537.434,tag6481
537.404,tag6469
537.927,tag2464
537.474,tag5298
537.499,tag5287
537.470,tag6479
537.954,tag5292
537.021,tag6485
537.845,tag5284
537.659,tag2464
537.246,tag5287
537.610,tag11572
537.718,tag5309
537.357,tag6629
537.370,tag2486
537.870,tag7632
537.609,tag6471
537.519,tag6483
537.983,tag5310
537.430,tag5292
537.111,tag6486
537.444,tag4608
537.732,tag6488
537.149,tag2491
537.614,tag2477
537.504,tag5289
537.230,tag5282
537.564,tag2488
537.929,tag2491
537.605,tag5303
537.048,tag5301
537.367,tag2474
537.918,tag6466
537.619,tag6467
537.820,tag2483
537.895,tag2486
537.194,tag2478
537.874,tag2480
538.071,tag5289
538.573,tag5286
538.189,tag6488
538.163,tag6479
538.325,tag5285
538.131,tag2475
538.349,tag5310
538.811,tag5311
538.759,tag5291
538.101,tag2490
538.950,tag5307
538.437,tag6484
538.188,tag6481
538.824,tag5297
538.453,tag5298
538.237,tag6495
538.618,tag6484
538.365,tag10606
538.914,tag6469
538.363,tag2467
538.667,tag6492
538.501,tag5305
538.227,tag5296
538.223,tag5289
538.429,tag2484
538.540,tag8016
538.923,tag1275
538.043,tag5288
538.956,tag2492
538.731,tag5306
538.466,tag2493
538.677,tag5311
538.483,tag6481
538.450,tag2474
538.216,tag5295
538.362,tag1458
538.237,tag6485
538.147,tag6493
538.647,tag5289
538.363,tag2472
539.513,tag2494
539.210,tag6493
539.976,tag5280
539.322,tag2487
539.906,tag2490
539.451,tag6466
539.942,tag2476
539.518,tag5290
539.193,tag2483
539.540,tag2494
539.077,tag2481
539.032,tag5280
539.353,tag6490
539.005,tag5304
539.368,tag6477
539.978,tag6471
539.675,tag6466
539.366,tag3922
539.941,tag6485
539.667,tag2479
539.320,tag2483
539.005,tag2481
539.344,tag5308
539.077,tag5298
539.336,tag6469
539.988,tag5290
539.521,tag2473
539.246,tag2491
539.024,tag5294
539.128,tag6475
539.238,tag5286
539.765,tag6479
539.266,tag2476
539.957,tag6484
539.045,tag2474
539.226,tag5282
539.656,tag5305
539.188,tag2494
539.930,tag5300
539.408,tag6484
540.876,tag2469
540.968,tag2484
540.216,tag2472
540.223,tag6473
540.818,tag6464
540.824,tag5294
540.284,tag5306
540.221,tag6482
540.123,tag5285
540.088,tag6468
540.774,tag5300
540.030,tag2469
540.722,tag5293
540.819,tag5310
540.366,tag6478
540.562,tag2470
540.691,tag6491
540.690,tag5304
540.868,tag2495
540.532,tag8521
540.491,tag10259
540.777,tag5288
540.391,tag6478
540.498,tag5280
540.408,tag2473
540.708,tag6467
540.393,tag2481
540.108,tag5294
540.298,tag6470
540.353,tag2488
540.408,tag5295
540.101,tag6490
540.640,tag6490
540.073,tag9823
540.635,tag1487
540.607,tag7194
540.522,tag5280
540.642,tag5310
540.106,tag6486
540.339,tag5285
541.208,tag5299
541.078,tag6489
541.836,tag2470
541.171,tag6489
541.486,tag6465
541.116,tag2474
541.069,tag2491
541.370,tag2476
541.588,tag10910
541.718,tag5310
541.370,tag2464
541.264,tag5293
541.415,tag2494
541.185,tag6465
541.491,tag2472
541.672,tag10658
541.116,tag5309
541.292,tag6492
541.755,tag3128
541.171,tag7445
541.654,tag8000
541.233,tag993
541.144,tag2494
541.533,tag6465
541.109,tag6476
541.515,tag2473
541.570,tag6468
541.979,tag5308
541.880,tag2475
541.570,tag5308
541.739,tag2483
541.447,tag2485
541.843,tag6493
541.884,tag5284
541.028,tag2492
541.543,tag5291
541.251,tag5290
541.888,tag2475
541.332,tag6467
541.003,tag5293
542.949,tag9115
542.285,tag5304
542.073,tag5302
542.284,tag5286
542.879,tag5294
542.587,tag5310
542.009,tag5303
542.369,tag5301
542.710,tag7107
542.235,tag2476
542.824,tag1170
542.756,tag6470
542.058,tag6469
542.069,tag2481
542.294,tag5295
542.415,tag2492
542.705,tag6471
542.511,tag6466
542.717,tag5308
542.040,tag5307
542.919,tag5295
542.504,tag6490
542.983,tag5294
542.286,tag2478
542.345,tag5285
542.773,tag5306
542.809,tag2473
542.987,tag6472
542.532,tag6464
542.826,tag6383
542.081,tag2464
542.487,tag5305
542.821,tag2490
542.571,tag2489
542.818,tag6488
542.362,tag5282
542.065,tag5306
542.138,tag9892
542.637,tag2482
542.654,tag5304
543.983,tag2493
543.051,tag2467
543.151,tag6475
543.319,tag6473
543.772,tag6473
543.929,tag2488
543.951,tag5310
543.532,tag2393
543.033,tag2487
543.577,tag6472
543.083,tag2495
543.349,tag5296
543.243,tag2491
543.469,tag6478
543.392,tag2491
543.355,tag6482
543.128,tag2466
543.590,tag5295
543.595,tag5291
543.527,tag6472
543.003,tag5305
543.059,tag6483
543.550,tag5292
543.389,tag6473
543.223,tag2481
543.954,tag2484
543.160,tag2484
543.469,tag6482
543.814,tag2492
543.548,tag5307
543.267,tag2485
543.353,tag6471
543.828,tag2481
543.518,tag2487
543.786,tag5300
543.742,tag2490
543.204,tag5298
543.328,tag2479
543.869,tag6489
543.589,tag5300
544.100,tag5294
544.032,tag6466
544.832,tag6481
544.568,tag2475
544.254,tag5306
544.881,tag5302
544.720,tag5283
544.084,tag6470
544.905,tag5284
544.124,tag2486
544.388,tag2486
544.812,tag6492
544.964,tag3115
544.908,tag2487
544.074,tag5284
544.554,tag7484
544.625,tag2465
544.347,tag5288
544.402,tag6464
544.099,tag6489
544.039,tag2479
544.267,tag2487
544.629,tag2492
544.829,tag6483
544.942,tag6468
544.277,tag5281
544.223,tag5287
544.820,tag6470
544.624,tag5310
544.994,tag2487
544.229,tag2475
544.918,tag6495
544.083,tag6471
544.535,tag3211
544.238,tag5302
544.176,tag6494
544.326,tag2494
544.351,tag6491
544.139,tag2469
544.832,tag5287
545.869,tag6480
545.414,tag2484
545.474,tag2494
545.971,tag2488
545.096,tag5296
545.002,tag5864
545.853,tag5281
545.321,tag6494
545.041,tag2487
545.003,tag5295
545.598,tag5309
545.776,tag5288
545.592,tag6485
545.674,tag2295
545.643,tag5302
545.892,tag2482
545.441,tag2475
545.666,tag5288
545.639,tag2472
545.862,tag2488
545.646,tag5286
545.553,tag6475
545.180,tag2482
545.914,tag2493
545.251,tag6481
545.775,tag3722
545.799,tag2493
545.584,tag5280
545.355,tag6479
545.556,tag5288
545.575,tag2488
545.414,tag6465
545.242,tag6494
545.828,tag6484
545.673,tag5288
545.574,tag5308
545.165,tag2477
545.805,tag6487
545.007,tag6485
545.223,tag6484
546.505,tag5301
546.954,tag5308
546.749,tag2484
546.081,tag6473
546.685,tag5290
546.770,tag5281
546.185,tag6468
546.323,tag2353
546.506,tag6486
546.801,tag6464
546.804,tag5280
546.442,tag5305
546.411,tag2489
546.652,tag5291
546.195,tag6470
546.885,tag5301
546.076,tag2488
546.125,tag6465
546.257,tag2488
546.294,tag2491
546.849,tag433
546.232,tag6481
546.932,tag6469
546.398,tag5308
546.944,tag6466
546.469,tag2481
546.154,tag6484
546.554,tag5292
546.218,tag2495
546.338,tag6469
546.434,tag2490
546.628,tag5303
546.283,tag3952
546.718,tag2474
546.507,tag2483
546.157,tag2480
546.800,tag2492
546.094,tag2490
546.812,tag6483
546.327,tag2476
547.148,tag6467
547.738,tag2490
547.076,tag5295
547.652,tag2472
547.655,tag2480
547.224,tag5299
547.142,tag6483
547.794,tag2482
547.161,tag5292
547.524,tag5311
547.384,tag6464
547.899,tag2473
547.814,tag2471
547.717,tag5298
547.194,tag352
547.742,tag6473
547.724,tag2488
547.008,tag2489
547.778,tag6492
547.461,tag5310
547.073,tag6470
547.514,tag2487
547.465,tag2494
547.230,tag6490
547.609,tag5307
547.639,tag5295
547.063,tag6478
547.466,tag5288
547.560,tag6491
547.764,tag6492
547.426,tag5294
547.445,tag1559
547.586,tag5290
547.569,tag6481
547.115,tag2491
547.504,tag2484
547.273,tag4288
547.251,tag5310
547.474,tag6469
547.784,tag2473
548.461,tag5302
548.024,tag5294
548.716,tag5290
548.085,tag5294
548.553,tag5302
548.713,tag10318
548.559,tag5305
548.592,tag6468
548.280,tag6484
548.823,tag2464
548.346,tag6465
548.071,tag5285
548.381,tag5287
548.287,tag5287
548.100,tag5284
548.251,tag5286
548.709,tag5292
548.973,tag5284
548.997,tag2045
548.885,tag5308
548.738,tag2474
548.262,tag6472
548.005,tag6479
548.896,tag5301
548.343,tag6474
548.962,tag2494
548.778,tag6494
548.048,tag5291
548.179,tag6468
548.007,tag5298
548.784,tag2473
548.731,tag3326
548.802,tag5290
548.196,tag6468
548.076,tag2470
548.623,tag2473
548.155,tag2466
548.403,tag6464
548.476,tag5299
548.665,tag6488
549.789,tag2470
549.595,tag2446
549.739,tag6493
549.364,tag5305
549.373,tag2483
549.495,tag5294
549.147,tag6467
549.449,tag5306
549.903,tag5298
549.561,tag6486
549.753,tag2493
549.012,tag2464
549.134,tag10361
549.683,tag6472
549.671,tag2495
549.480,tag7029
549.985,tag2487
549.920,tag5297
549.205,tag2495
549.132,tag5307
549.550,tag6471
549.736,tag2466
549.766,tag2468
549.075,tag2487
549.231,tag2492
549.604,tag5096
549.805,tag5301
549.541,tag6470
549.318,tag5281
549.957,tag5851
549.695,tag2494
549.500,tag6466
549.486,tag1031
549.876,tag6465
549.644,tag5306
549.043,tag5291
549.145,tag6476
549.551,tag6372
549.177,tag5294
549.146,tag6466
550.842,tag5304
550.631,tag2481
550.410,tag5290
550.144,tag2480
550.817,tag6492
550.371,tag2489
550.125,tag2490
550.415,tag5451
550.068,tag9468
550.252,tag2477
550.554,tag2476
550.621,tag6466
550.676,tag6464
550.680,tag2469
550.835,tag5280
550.511,tag5299
550.277,tag6482
550.274,tag11809
550.450,tag6494
550.085,tag6465
550.807,tag6469
550.772,tag6472
550.742,tag6476
550.740,tag6490
550.659,tag5296
550.530,tag2482
550.203,tag2490
550.093,tag5291
550.783,tag6481
550.704,tag5286
550.488,tag5285
550.517,tag2483
550.484,tag5832
550.613,tag2466
550.340,tag2468
550.451,tag5288
550.461,tag2470
550.708,tag5281
550.656,tag5291
550.768,tag5300
551.060,tag6488
551.706,tag5297
551.399,tag2481
551.293,tag5305
551.471,tag5305
551.082,tag6494
551.676,tag5280
551.373,tag2468
551.117,tag6466
551.716,tag5293
551.828,tag6483
551.016,tag2468
551.331,tag2468
551.519,tag5309
551.385,tag5288
551.609,tag6476
551.115,tag2484
551.541,tag6475
551.950,tag2471
551.673,tag5291
551.155,tag2468
551.295,tag5282
551.074,tag2472
551.775,tag2469
551.764,tag6480
551.352,tag6471
551.498,tag6466
551.780,tag6482
551.989,tag5311
551.237,tag2476
551.579,tag6486
551.440,tag2493
551.527,tag2488
551.247,tag2495
551.809,tag6470
551.585,tag5283
551.948,tag9219
551.886,tag5298
551.734,tag2491
551.540,tag10582
552.602,tag5304
552.029,tag5305
552.559,tag2485
552.763,tag2466
552.541,tag2482
552.027,tag6472
552.617,tag2489
552.084,tag2476
552.332,tag5304
552.454,tag6473
552.288,tag10350
552.805,tag2493
552.957,tag5297
552.248,tag6475
552.792,tag2488
552.824,tag6485
552.103,tag6471
552.341,tag5296
552.798,tag6490
552.215,tag6478
552.282,tag1047
552.668,tag6482
552.148,tag2476
552.626,tag8793
552.821,tag5306
552.793,tag6470
552.864,tag5288
552.252,tag2481
552.534,tag2491
552.430,tag6490
552.941,tag6472
552.344,tag5306
552.917,tag6478
552.487,tag6470
552.039,tag2468
552.918,tag2477
552.269,tag6491
552.811,tag5287
552.515,tag5284
552.995,tag5281
553.331,tag5302
553.989,tag5307
553.814,tag5286
553.124,tag5282
553.128,tag5283
553.808,tag6478
553.768,tag6478
553.178,tag2491
553.373,tag5308
553.314,tag2487
553.500,tag2464
553.402,tag6473
553.551,tag6482
553.362,tag2469
553.481,tag6472
553.587,tag6485
553.547,tag6485
553.414,tag5282
553.758,tag6465
553.391,tag6472
553.176,tag6479
553.524,tag5280
553.483,tag2471
553.520,tag2475
553.902,tag6475
553.097,tag2467
553.645,tag6474
553.891,tag2483
553.650,tag6481
553.708,tag6492
553.576,tag564
553.950,tag5298
553.747,tag2474
553.739,tag2474
553.090,tag5296
553.746,tag2474
553.893,tag5309
553.640,tag6492
553.323,tag2469
553.341,tag5306
554.930,tag6494
554.886,tag5299
554.662,tag2488
554.075,tag2466
554.460,tag5306
554.325,tag2471
554.292,tag5297
554.200,tag5287
554.485,tag5294
554.398,tag5299
554.871,tag6478
554.695,tag5300
554.343,tag5285
554.445,tag5305
554.813,tag5302
554.540,tag5292
554.500,tag6495
554.625,tag2476
554.455,tag6487
554.272,tag2483
554.634,tag6491
554.679,tag6482
554.889,tag5282
554.729,tag2476
554.634,tag6469
554.774,tag6469
554.795,tag5302
554.380,tag5284
554.818,tag2483
554.487,tag2468
554.127,tag5298
554.629,tag2466
554.227,tag5283
554.491,tag2480
554.430,tag5311
554.064,tag6484
554.932,tag5309
554.355,tag5308
554.819,tag2464
554.838,tag2476
555.144,tag473
555.002,tag6491
555.539,tag2492
555.366,tag6493
555.013,tag2473
555.331,tag402
555.175,tag5291
555.978,tag6485
555.307,tag5295
555.105,tag589
555.019,tag2486
555.449,tag5298
555.253,tag6491
555.715,tag6470
555.193,tag2481
555.952,tag1609
555.389,tag2485
555.209,tag6467
555.277,tag6489
555.171,tag5305
555.369,tag6494
555.904,tag2473
555.306,tag6464
555.299,tag2489
555.424,tag4697
555.947,tag2469
555.507,tag5310
555.608,tag6465
555.674,tag6471
555.941,tag2495
555.619,tag6491
555.660,tag6476
555.755,tag6465
555.821,tag5299
555.418,tag6477
555.682,tag6471
555.701,tag5293
555.899,tag6465
555.546,tag5298
555.693,tag6489
556.889,tag5296
556.836,tag5300
556.064,tag5307
556.807,tag6470
556.011,tag6482
556.903,tag6491
556.959,tag5281
556.482,tag2475
556.559,tag6481
556.211,tag5308
556.961,tag7783
556.597,tag2478
556.888,tag5296
556.140,tag2490
556.063,tag2467
556.672,tag2471
556.407,tag2471
556.376,tag6493
556.107,tag5288
556.363,tag6475
556.585,tag8114
556.092,tag2477
556.791,tag6474
556.567,tag6471
556.238,tag6470
556.946,tag5309
556.412,tag3658
556.996,tag6485
556.150,tag5295
556.752,tag6479
556.280,tag2464
556.635,tag5304
556.449,tag5300
556.360,tag5287
556.466,tag6475
556.321,tag5311
556.912,tag965
556.534,tag2464
556.281,tag5299
556.257,tag5283
557.185,tag2466
557.598,tag2480
557.526,tag5300
557.866,tag6478
557.671,tag6465
557.594,tag6469
557.587,tag5303
557.819,tag2491
557.011,tag6493
557.041,tag2478
557.437,tag6469
557.872,tag5304
557.740,tag6491
557.492,tag2485
557.248,tag6476
557.322,tag5296
557.376,tag6471
557.487,tag2466
557.606,tag392
557.218,tag6487
557.933,tag6465
557.029,tag2467
557.409,tag8619
557.879,tag5289
557.733,tag5295
557.362,tag2485
557.773,tag2465
557.497,tag5291
557.226,tag5300
557.872,tag5293
557.635,tag6474
557.384,tag5299
557.253,tag6489
557.594,tag5300
557.486,tag6467
557.926,tag5303
557.292,tag2490
557.629,tag5287
557.249,tag5447
557.278,tag5284
558.528,tag10904
558.083,tag6487
558.724,tag2343
558.257,tag2490
558.334,tag2469
558.300,tag2494
558.229,tag11572
558.381,tag6571
558.617,tag6494
558.701,tag5290
558.028,tag2479
558.055,tag6473
558.422,tag2474
558.325,tag5281
558.470,tag5297
558.805,tag6483
558.923,tag6468
558.781,tag2472
558.207,tag2481
558.695,tag5286
558.866,tag6486
558.668,tag6468
558.231,tag6474
558.607,tag513
558.068,tag2478
558.242,tag2485
558.091,tag6494
558.504,tag6464
558.729,tag6482
558.869,tag2468
558.006,tag2486
558.506,tag5281
558.008,tag5294
558.120,tag2483
558.922,tag6494
558.891,tag2486
558.718,tag2493
558.322,tag5302
558.645,tag6483
558.886,tag2489
559.685,tag2476
559.311,tag5280
559.512,tag6469
559.728,tag6472
559.652,tag5299
559.035,tag6477
559.323,tag6479
559.816,tag2485
559.190,tag5282
559.696,tag6471
559.968,tag5299
559.605,tag2468
559.232,tag6478
559.088,tag6579
559.926,tag4646
559.743,tag2478
559.969,tag2494
559.401,tag2491
559.036,tag5305
559.882,tag2477
559.408,tag5293
559.087,tag2484
559.480,tag2471
559.269,tag5307
559.049,tag5294
559.265,tag2465
559.460,tag2473
559.992,tag6481
559.016,tag6479
559.434,tag6491
559.513,tag5298
559.680,tag6484
559.431,tag2490
559.639,tag6473
559.698,tag2495
559.804,tag6487
559.334,tag5298
559.828,tag6472
559.285,tag6466
559.970,tag6480
560.450,tag2484
560.014,tag2486
560.214,tag2476
560.613,tag6472
560.564,tag6471
560.277,tag2479
560.527,tag6479
560.434,tag153
560.516,tag5291
560.882,tag6494
560.729,tag2482
560.573,tag5285
560.879,tag5307
560.050,tag2490
560.505,tag6473
560.772,tag6474
560.801,tag5306
560.686,tag2490
560.048,tag5289
560.738,tag2473
560.629,tag2469
560.544,tag5308
560.443,tag5293
560.972,tag5298
560.807,tag1931
560.928,tag5284
560.619,tag2484
560.770,tag2477
560.323,tag5309
560.388,tag5308
560.289,tag5289
560.537,tag5286
560.275,tag5300
560.229,tag3741
560.932,tag5286
560.356,tag2481
560.905,tag5308
560.126,tag6475
560.210,tag2481
560.047,tag5294
561.343,tag2492
561.607,tag5292
561.078,tag2481
561.420,tag5296
561.264,tag5298
561.659,tag6465
561.465,tag2486
561.595,tag6465
561.096,tag9566
561.956,tag2494
561.581,tag6478
561.491,tag6490
561.903,tag6472
561.583,tag2474
561.847,tag6470
561.251,tag6476
561.847,tag5293
561.817,tag6477
561.984,tag6481
561.853,tag5285
561.637,tag5581
561.129,tag9765
561.195,tag6386
561.371,tag2468
561.035,tag6465
561.447,tag5295
561.536,tag2484
561.875,tag6469
561.845,tag2483
561.396,tag6474
561.054,tag5303
561.595,tag2487
561.546,tag6478
561.270,tag2487
561.672,tag8367
561.174,tag5280
561.620,tag11742
561.501,tag6479
561.466,tag2464
561.205,tag7828
562.783,tag1063
562.165,tag6488
562.426,tag5303
562.060,tag7714
562.019,tag6482
562.695,tag5302
562.133,tag2495
562.315,tag5305
562.862,tag5295
562.817,tag2477
562.950,tag5305
562.512,tag2471
562.573,tag6471
562.746,tag5302
562.132,tag2475
562.590,tag5307
562.197,tag8815
562.320,tag5294
562.741,tag4737
562.292,tag5305
562.367,tag6493
562.353,tag6491
562.486,tag5287
562.382,tag5285
562.404,tag5289
562.185,tag5305
562.337,tag6492
562.006,tag2491
562.977,tag2490
562.364,tag2492
562.258,tag6372
562.263,tag2479
562.532,tag3351
562.417,tag6486
562.774,tag5295
562.665,tag6464
562.474,tag6493
562.080,tag2483
562.264,tag6483
562.001,tag6486
563.951,tag10336
563.933,tag6490
563.470,tag5303
563.135,tag5305
563.345,tag2473
563.735,tag2474
563.373,tag5283
563.790,tag6495
563.191,tag4327
563.819,tag5290
563.375,tag5283
563.942,tag2475
563.642,tag6464
563.185,tag2488
563.420,tag5311
563.347,tag2483
563.121,tag6487
563.486,tag1218
563.081,tag5282
563.311,tag2475
563.258,tag6477
563.968,tag10095
563.110,tag2473
563.374,tag5308
563.093,tag1879
563.047,tag2472
563.666,tag6490
563.870,tag5309
563.878,tag2489
563.222,tag2489
563.354,tag6483
563.130,tag2493
563.644,tag2465
563.683,tag2486
563.689,tag2470
563.967,tag5291
563.874,tag6486
563.585,tag813
563.041,tag6480
563.187,tag6468
564.160,tag7017
564.972,tag6493
564.465,tag6495
564.665,tag5300
564.002,tag6476
564.317,tag5306
564.771,tag6468
564.327,tag5309
564.687,tag5290
564.142,tag3562
564.649,tag6564
564.509,tag5293
564.990,tag2486
564.300,tag6467
564.351,tag5298
564.006,tag5289
564.792,tag6495
564.608,tag6471
564.649,tag2477
564.116,tag2466
564.092,tag5307
564.953,tag2467
564.223,tag6491
564.193,tag6469
564.142,tag2477
564.406,tag6495
564.665,tag6476
564.255,tag6480
564.474,tag2465
564.942,tag6494
564.383,tag2483
564.076,tag2472
564.389,tag6485
564.632,tag2473
564.639,tag2474
564.330,tag6470
564.283,tag2468
564.754,tag3021
564.094,tag5302
564.778,tag2481
565.960,tag5292
565.463,tag2483
565.828,tag2489
565.097,tag6487
565.581,tag6474
565.915,tag5293
565.797,tag6479
565.276,tag5287
565.794,tag2490
565.426,tag2470
565.113,tag5309
565.958,tag6482
565.753,tag6482
565.199,tag6475
565.791,tag5284
565.648,tag5257
565.506,tag2492
565.873,tag5297
565.690,tag2493
565.419,tag5294
565.926,tag2492
565.220,tag2485
565.536,tag6487
565.834,tag9874
565.219,tag6483
565.627,tag2481
565.851,tag8823
565.293,tag5297
565.328,tag6488
565.664,tag6490
565.075,tag5295
565.023,tag6491
565.729,tag7769
565.964,tag5286
565.659,tag2467
565.873,tag5307
565.111,tag6495
565.985,tag2482
565.834,tag11793
565.023,tag5294
566.840,tag5289
566.899,tag5311
566.619,tag2396
566.816,tag6474
566.656,tag5301
566.004,tag5293
566.584,tag2490
566.377,tag5784
566.373,tag6473
566.611,tag2473
566.916,tag6472
566.547,tag6822
566.785,tag5302
566.269,tag5301
566.151,tag2477
566.661,tag6465
566.555,tag5282
566.482,tag2473
566.692,tag5284
566.778,tag6489
566.851,tag2488
566.175,tag5297
566.365,tag9326
566.699,tag5280
566.109,tag2479
566.542,tag5283
566.281,tag5306
566.691,tag11957
566.447,tag5292
566.340,tag9164
566.367,tag6492
566.835,tag5299
566.621,tag5295
566.422,tag5750
566.889,tag4650
566.775,tag2482
566.674,tag6466
566.787,tag5306
566.565,tag2567
566.441,tag6481
567.962,tag2469
567.410,tag6472
567.954,tag7312
567.145,tag5305
567.014,tag2488
567.962,tag2467
567.235,tag5283
567.259,tag5310
567.305,tag2488
567.048,tag5304
567.649,tag2473
567.372,tag9654
567.557,tag6484
567.235,tag6467
567.260,tag2493
567.626,tag5294
567.035,tag5282
567.091,tag3635
567.001,tag6494
567.155,tag2479
567.359,tag11031
567.018,tag2475
567.697,tag5281
567.284,tag6483
567.044,tag2483
567.785,tag5308
567.930,tag5287
567.601,tag10275
567.998,tag2480
567.158,tag6485
567.780,tag5292
567.676,tag2479
567.727,tag2469
567.582,tag6483
567.480,tag5309
567.010,tag5293
567.926,tag6467
567.284,tag2489
567.309,tag5293
567.149,tag5289
568.457,tag2474
568.638,tag9836
568.773,tag6467
568.079,tag5304
568.311,tag6467
568.672,tag5300
568.461,tag5287
568.832,tag6491
568.484,tag2473
568.477,tag11836
568.366,tag5298
568.887,tag2474
568.929,tag2490
568.476,tag5285
568.742,tag6492
568.832,tag5311
568.169,tag2474
568.605,tag6472
568.970,tag5301
568.085,tag5288
568.572,tag2479
568.847,tag2469
568.297,tag5309
568.581,tag6470
568.820,tag2474
568.127,tag2478
568.931,tag5291
568.455,tag2469
568.862,tag5311
568.584,tag5308
568.725,tag2477
568.458,tag2480
568.020,tag6475
568.454,tag5310
568.469,tag5300
568.653,tag5918
568.940,tag5299
568.997,tag2479
568.295,tag6471
568.195,tag6477
569.691,tag5280
569.457,tag5303
569.547,tag5310
569.134,tag2466
569.103,tag6478
569.682,tag6488
569.137,tag2472
569.208,tag2484
569.662,tag6476
569.328,tag5302
569.031,tag5306
569.396,tag2466
569.127,tag6491
569.360,tag6472
569.190,tag5283
569.285,tag2485
569.709,tag2487
569.148,tag2466
569.702,tag6487
569.621,tag6486
569.001,tag2485
569.176,tag2471
569.623,tag2470
569.789,tag5282
569.956,tag2467
569.704,tag5281
569.425,tag5288
569.897,tag2473
569.580,tag5287
569.678,tag2466
569.484,tag5294
569.396,tag5301
569.178,tag2478
569.188,tag6489
569.247,tag7449
569.216,tag6472
569.554,tag2480
569.321,tag2468
569.488,tag6480
569.888,tag5284
570.885,tag2476
570.577,tag2483
570.500,tag6464
570.453,tag6013
570.228,tag6495
570.392,tag5306
570.067,tag2483
570.922,tag6488
570.920,tag6493
570.579,tag2490
570.905,tag5306
570.981,tag2495
570.128,tag6491
570.164,tag2493
570.839,tag6790
570.179,tag6477
570.621,tag5300
570.798,tag2491
570.533,tag6486
570.970,tag6476
570.749,tag5296
570.126,tag5280
570.700,tag6476
570.356,tag2486
570.237,tag6488
570.084,tag6489
570.380,tag6481
570.068,tag2479
570.428,tag6479
570.961,tag5304
570.421,tag6489
570.484,tag8499
570.559,tag5293
570.390,tag6467
570.922,tag5289
570.739,tag5874
570.332,tag2464
570.532,tag5280
570.511,tag2787
570.492,tag5301
571.423,tag6493
571.825,tag2476
571.102,tag5290
571.632,tag5289
571.836,tag2494
571.802,tag6478
571.872,tag6473
571.410,tag2477
571.304,tag5309
571.111,tag2494
571.264,tag6477
571.601,tag5309
571.599,tag2479
571.126,tag3153
571.182,tag7260
571.176,tag2467
571.092,tag2481
571.182,tag2491
571.432,tag5305
571.652,tag5310
571.432,tag5308
571.439,tag6484
571.253,tag6478
571.603,tag6488
571.768,tag5300
571.309,tag6480
571.880,tag2484
571.424,tag7093
571.526,tag419
571.938,tag2490
571.547,tag2495
571.424,tag5292
571.599,tag5311
571.327,tag6469
571.801,tag5299
571.927,tag6477
571.640,tag7864
571.935,tag5300
571.418,tag2475
571.226,tag6467
572.367,tag2489
572.344,tag5136
572.394,tag6474
572.713,tag2474
572.929,tag5281
572.805,tag2473
572.249,tag2480
572.743,tag2495
572.364,tag6491
572.786,tag6468
572.440,tag2492
572.770,tag2466
572.444,tag6490
572.498,tag6475
572.820,tag5292
572.467,tag6480
572.412,tag6466
572.204,tag2488
572.222,tag6468
572.228,tag5303
572.569,tag2468
572.139,tag2470
572.616,tag6484
572.130,tag5284
572.552,tag2464
572.894,tag2473
572.400,tag5283
572.836,tag6474
572.058,tag5292
572.298,tag5288
572.719,tag2485
572.433,tag6468
572.308,tag5301
572.383,tag6470
572.992,tag5307
572.432,tag6474
572.796,tag6477
572.100,tag6471
572.803,tag2486
572.549,tag2487
573.959,tag2465
573.309,tag2484
573.284,tag2465
573.763,tag6493
573.835,tag2465
573.815,tag5300
573.223,tag5310
573.925,tag5289
573.100,tag5307
573.906,tag2475
573.825,tag6470
573.197,tag2489
573.291,tag6470
573.263,tag2469
573.041,tag2476
573.454,tag5309
573.769,tag5311
573.574,tag6495
573.352,tag2466
573.108,tag6472
573.563,tag2489
573.707,tag2474
573.884,tag3151
573.745,tag6487
573.261,tag6475
573.859,tag2474
573.167,tag6487
573.876,tag2491
573.113,tag5290
573.619,tag2477
573.703,tag2494
573.650,tag2394
573.131,tag2470
573.702,tag5282
573.564,tag2478
573.282,tag2488
573.056,tag6493
573.058,tag6478
573.121,tag6491
573.891,tag5290
574.314,tag10423
574.547,tag6488
574.439,tag2488
574.202,tag6615
574.519,tag5283
574.282,tag5284
574.849,tag6494
574.121,tag6487
574.493,tag5301
574.438,tag2466
574.607,tag5290
574.714,tag2482
574.669,tag5283
574.780,tag2464
574.636,tag5298
574.159,tag2480
574.501,tag2492
574.976,tag2479
574.086,tag5280
574.632,tag6479
574.287,tag6472
574.483,tag5282
574.008,tag6488
574.185,tag5296
574.345,tag2464
574.280,tag2471
574.828,tag6466
574.974,tag5288
574.698,tag5282
574.970,tag11617
574.384,tag2475
574.812,tag2472
574.043,tag5305
574.616,tag5289
574.915,tag5282
574.349,tag9497
574.131,tag6675
574.886,tag2466
574.692,tag23
574.837,tag6488
575.897,tag2491
575.172,tag290
575.355,tag6482
575.483,tag1395
575.940,tag2478
575.004,tag5311
575.560,tag2495
575.361,tag5287
575.727,tag6484
575.770,tag2490
575.396,tag6464
575.332,tag2470
575.669,tag5291
575.826,tag6478
575.039,tag6477
575.215,tag2479
575.250,tag5311
575.463,tag5287
575.280,tag5308
575.885,tag5299
575.045,tag5309
575.934,tag5291
575.294,tag2473
575.969,tag2491
575.615,tag2485
575.699,tag2208
575.450,tag6484
575.873,tag5299
575.415,tag5285
575.587,tag2270
575.913,tag5281
575.334,tag5283
575.991,tag5309
575.905,tag6488
575.705,tag2464
575.748,tag5281
575.020,tag6486
575.600,tag6472
575.224,tag2495
575.082,tag2465
576.117,tag2478
576.360,tag6471
576.040,tag5297
576.176,tag5307
576.108,tag2477
576.344,tag6477
576.537,tag7446
576.806,tag2493
576.970,tag6474
576.911,tag5301
576.713,tag2473
576.848,tag5280
576.274,tag5280
576.710,tag2475
576.689,tag2480
576.405,tag6470
576.261,tag6477
576.227,tag2466
576.678,tag5288
576.594,tag5290
576.011,tag2469
576.192,tag6478
576.366,tag2481
576.851,tag5301
576.800,tag2465
576.052,tag5282
576.563,tag2485
576.841,tag5298
576.299,tag5288
576.404,tag2484
576.786,tag6489
576.388,tag5285
576.492,tag6466
576.896,tag2487
576.474,tag2487
576.887,tag5293
576.958,tag2469
576.186,tag5290
576.569,tag5291
576.986,tag6488
577.743,tag1137
577.416,tag6464
577.541,tag7265
577.596,tag6482
577.583,tag2470
577.576,tag5299
577.274,tag5281
577.410,tag2473
577.859,tag3040
577.919,tag2477
577.754,tag2473
577.454,tag2468
577.131,tag11424
577.137,tag6920
577.406,tag5282
577.595,tag5296
577.521,tag2492
577.062,tag5293
577.521,tag5300
577.672,tag5280
577.716,tag2472
577.730,tag6464
577.319,tag2486
577.427,tag477
577.477,tag5292
577.830,tag2471
577.985,tag2495
577.765,tag5298
577.506,tag5292
577.254,tag6490
577.959,tag2475
577.969,tag5309
577.013,tag5309
577.568,tag5304
577.404,tag2485
577.968,tag6465
577.708,tag2485
577.433,tag5292
577.416,tag5291
577.088,tag5301
578.771,tag5298
578.812,tag5304
578.979,tag6477
578.880,tag6494
578.508,tag5297
578.840,tag2467
578.582,tag2485
578.914,tag2469
578.944,tag5300
578.153,tag6468
578.379,tag2464
578.972,tag2471
578.465,tag6489
578.637,tag6473
578.341,tag5305
578.014,tag5290
578.657,tag5298
578.322,tag6489
578.124,tag5283
578.968,tag5303
578.727,tag2475
578.243,tag5290
578.936,tag10063
578.960,tag5296
578.025,tag2467
578.071,tag2468
578.026,tag6483
578.749,tag5285
578.690,tag5302
578.085,tag11194
578.906,tag2489
578.577,tag6464
578.804,tag2479
578.248,tag2467
578.122,tag2490
578.246,tag6487
578.283,tag5286
578.197,tag6487
578.805,tag5306
578.645,tag1102
579.271,tag2471
579.194,tag2474
579.314,tag2487
579.814,tag2482
579.758,tag5308
579.425,tag6465
579.808,tag6475
579.734,tag6475
579.806,tag5295
579.315,tag2485
579.127,tag6480
579.593,tag6494
579.857,tag5286
579.294,tag5292
579.246,tag6492
579.822,tag5292
579.853,tag2469
579.095,tag249
579.118,tag5294
579.238,tag2493
579.619,tag2468
579.722,tag2473
579.343,tag5286
579.766,tag2464
579.375,tag6476
579.900,tag5280
579.695,tag2483
579.053,tag5449
579.293,tag5305
579.026,tag2495
579.044,tag2467
579.483,tag5298
579.580,tag6474
579.105,tag5290
579.918,tag2480
579.903,tag6467
579.384,tag5280
579.219,tag5292
579.609,tag6475
579.237,tag2475
580.783,tag2473
580.450,tag5298
580.109,tag2494
580.226,tag5284
580.904,tag6484
580.685,tag5305
580.146,tag2466
580.218,tag5306
580.781,tag5289
580.472,tag5291
580.432,tag3925
580.126,tag6483
580.744,tag5309
580.935,tag5298
580.419,tag2483
580.545,tag2467
580.438,tag2469
580.536,tag6489
580.588,tag2489
580.842,tag2476
580.500,tag2471
580.324,tag5306
580.825,tag2476
580.817,tag5284
580.032,tag7714
580.832,tag5297
580.911,tag6489
580.119,tag2490
580.693,tag2473
580.428,tag6470
580.424,tag6478
580.563,tag5287
580.652,tag2495
580.814,tag2470
580.205,tag11328
580.297,tag5281
580.078,tag8824
580.769,tag5743
580.672,tag5292
580.889,tag6472
581.565,tag2468
581.214,tag5286
581.795,tag5305
581.723,tag2490
581.899,tag2487
581.913,tag5284
581.662,tag6491
581.777,tag2479
581.711,tag2490
581.608,tag5287
581.084,tag6470
581.579,tag1483
581.111,tag5307
581.736,tag6494
581.180,tag2470
581.209,tag6486
581.776,tag2472
581.761,tag5284
581.103,tag4441
581.092,tag7258
581.994,tag6477
581.315,tag5307
581.913,tag2491
581.137,tag5282
581.679,tag7974
581.042,tag2482
581.804,tag6480
581.882,tag6471
581.412,tag5302
581.263,tag11680
581.435,tag6466
581.699,tag6465
581.775,tag6464
581.180,tag6495
581.288,tag6482
581.070,tag2483
581.985,tag2486
581.573,tag6466
581.261,tag5280
581.259,tag5280
582.031,tag6465
582.997,tag5309
582.066,tag5303
582.395,tag6472
582.427,tag2477
582.992,tag2473
582.265,tag6468
582.780,tag6473
582.900,tag2466
582.932,tag6468
582.102,tag2470
582.957,tag6468
582.904,tag2490
582.568,tag2466
582.483,tag2492
582.445,tag5300
582.920,tag10369
582.185,tag6483
582.015,tag2492
582.573,tag6477
582.891,tag6477
582.023,tag6489
582.899,tag388
582.946,tag5296
582.415,tag2478
582.252,tag5291
582.076,tag2491
582.309,tag5291
582.642,tag2476
582.241,tag2480
582.932,tag685
582.370,tag6492
582.301,tag2476
582.491,tag5308
582.870,tag2471
582.825,tag5308
582.954,tag5309
582.053,tag5291
582.466,tag6489
582.317,tag6491
583.917,tag5292
583.402,tag5311
583.971,tag6483
583.185,tag5302
583.270,tag716
583.509,tag2495
583.424,tag5283
583.352,tag6493
583.789,tag5297
583.406,tag6469
583.594,tag2480
583.148,tag6465
583.896,tag2483
583.494,tag6467
583.556,tag2478
583.799,tag6489
583.334,tag6491
583.746,tag5280
583.067,tag2467
583.701,tag6668
583.643,tag5297
583.682,tag3821
583.577,tag2468
583.646,tag2469
583.419,tag5305
583.321,tag5303
583.537,tag5299
583.813,tag5294
583.674,tag2477
583.509,tag5296
583.140,tag5288
583.888,tag5299
583.642,tag6471
583.212,tag2547
583.769,tag2493
583.332,tag6470
583.542,tag2493
583.558,tag2473
583.361,tag2487
583.498,tag2477
584.477,tag2484
584.300,tag2958
584.334,tag2228
584.812,tag5300
584.419,tag6456
584.680,tag2485
584.872,tag5288
584.838,tag6494
584.052,tag6467
584.360,tag5301
584.769,tag2468
584.586,tag5303
584.324,tag6472
584.630,tag2480
584.685,tag2481
584.935,tag5291
584.502,tag5282
584.276,tag5296
584.118,tag5297
584.543,tag7386
584.323,tag2478
584.043,tag6486
584.116,tag6482
584.090,tag2491
584.348,tag6472
584.635,tag2478
584.442,tag2492
584.877,tag6474
584.493,tag11860
584.275,tag2464
584.578,tag10958
584.662,tag6469
584.697,tag2465
584.861,tag6485
584.983,tag2479
584.616,tag6492
584.111,tag5302
584.482,tag2478
584.853,tag5288
584.125,tag5306
585.147,tag5310
585.196,tag5283
585.394,tag5307
585.050,tag11056
585.947,tag6471
585.784,tag5297
585.603,tag6483
585.861,tag2483
585.080,tag6471
585.195,tag5308
585.565,tag6476
585.944,tag5296
585.035,tag2476
585.346,tag2487
585.873,tag5298
585.208,tag6478
585.948,tag6480
585.706,tag2469
585.457,tag2471
585.070,tag2469
585.208,tag5280
585.586,tag5293
585.878,tag5305
585.927,tag5303
585.666,tag6465
585.502,tag5286
585.879,tag6485
585.284,tag6485
585.185,tag6481
585.354,tag2464
585.372,tag5301
585.967,tag6472
585.697,tag5283
585.559,tag6485
585.483,tag6494
585.339,tag2485
585.537,tag2486
585.167,tag5291
585.580,tag6490
585.922,tag2494
586.745,tag6491
586.068,tag2492
586.339,tag2491
586.935,tag5302
586.704,tag5287
586.936,tag6467
586.478,tag5282
586.973,tag6489
586.081,tag5281
586.766,tag6470
586.772,tag5293
586.239,tag6495
586.165,tag5309
586.054,tag4637
586.824,tag8253
586.792,tag5307
586.511,tag2485
586.931,tag6480
586.542,tag5283
586.774,tag2041
586.926,tag6493
586.774,tag5304
586.672,tag5311
586.740,tag6467
586.900,tag6493
586.391,tag6484
586.709,tag2475
586.735,tag5299
586.824,tag5287
586.384,tag5289
586.318,tag5305
586.915,tag5311
586.693,tag6487
586.049,tag2477
586.553,tag48
586.749,tag6472
586.297,tag6489
586.361,tag2484
586.017,tag5302
586.590,tag6494
587.303,tag5292
587.469,tag6493
587.724,tag6483
587.421,tag6493
587.009,tag5300
587.651,tag2494
587.001,tag2488
587.679,tag5301
587.077,tag2479
587.937,tag2472
587.140,tag5282
587.410,tag1541
587.927,tag6255
587.641,tag6469
587.909,tag6490
587.885,tag6528
587.925,tag5302
587.181,tag2495
587.013,tag2484
587.246,tag6469
587.600,tag5308
587.367,tag2479
587.928,tag5293
587.602,tag6477
587.437,tag5288
587.844,tag6469
587.500,tag2483
587.497,tag5302
587.529,tag6477
587.424,tag6475
587.220,tag6472
587.045,tag6464
587.158,tag6474
587.939,tag5302
587.959,tag5283
587.314,tag6483
587.198,tag5287
587.072,tag2494
587.693,tag6490
587.799,tag2479
588.066,tag6479
588.562,tag6482
588.944,tag2488
588.767,tag199
588.437,tag2491
588.669,tag6467
588.632,tag2477
588.324,tag2488
588.375,tag6466
588.611,tag5303
588.332,tag5301
588.022,tag6482
588.675,tag6476
588.512,tag2490
588.426,tag2468
588.629,tag11026
588.064,tag5302
588.409,tag5284
588.519,tag5299
588.900,tag5303
588.778,tag9475
588.652,tag6470
588.909,tag6466
588.804,tag2474
588.018,tag6487
588.281,tag3739
588.849,tag6492
588.219,tag5298
588.941,tag6466
588.381,tag5285
588.045,tag2481
588.377,tag2473
588.706,tag2491
588.652,tag2482
588.459,tag2481
588.229,tag5295
588.930,tag5282
588.282,tag5293
588.327,tag2491
588.060,tag6495
589.156,tag6487
589.526,tag6485
589.053,tag5287
589.679,tag5287
589.831,tag6493
589.524,tag6490
589.795,tag6479
589.751,tag10134
589.902,tag2484
589.224,tag6480
589.369,tag6482
589.113,tag8252
589.456,tag5297
589.444,tag6470
589.482,tag2481
589.134,tag6483
589.504,tag5284
589.175,tag6472
589.040,tag2482
589.182,tag5288
589.555,tag5297
589.460,tag2470
589.169,tag6475
589.408,tag6465
589.316,tag2494
589.157,tag6487
589.776,tag2478
589.824,tag6466
589.557,tag5282
589.635,tag5308
589.407,tag5286
589.684,tag6494
589.837,tag5308
589.361,tag6474
589.892,tag2493
589.793,tag2494
589.173,tag1113
589.998,tag6485
589.094,tag5282
589.069,tag672
590.895,tag3830
590.902,tag5281
590.403,tag6469
590.315,tag6490
590.126,tag5310
590.934,tag6481
590.123,tag2696
590.791,tag6488
590.562,tag5305
590.644,tag10053
590.700,tag6464
590.529,tag6476
590.471,tag6472
590.278,tag6469
590.927,tag5286
590.426,tag5286
590.689,tag5292
590.493,tag5296
590.999,tag6492
590.840,tag5289
590.637,tag5291
590.573,tag6486
590.116,tag6490
590.225,tag5297
590.784,tag6464
590.610,tag2490
590.553,tag2467
590.279,tag2472
590.585,tag7229
590.148,tag2488
590.869,tag5295
590.763,tag2464
590.284,tag6472
590.303,tag2482
590.928,tag5310
590.287,tag9272
590.500,tag5294
590.582,tag6468
590.772,tag2493
590.168,tag5291
591.663,tag6464
591.152,tag6467
591.191,tag2487
591.235,tag2481
591.844,tag5311
591.243,tag2466
591.559,tag2484
591.161,tag2483
591.655,tag2200
591.367,tag6493
591.805,tag6478
591.664,tag2474
591.551,tag6489
591.096,tag2487
591.475,tag5311
591.809,tag8673
591.856,tag5289
591.643,tag457
591.133,tag6486
591.671,tag5308
591.204,tag6466
591.292,tag5297
591.512,tag9358
591.729,tag5310
591.091,tag6475
591.679,tag2472
591.919,tag1132
591.090,tag2491
591.257,tag5296
591.463,tag10628
591.315,tag6465
591.202,tag5311
591.630,tag8750
591.134,tag2495
591.996,tag6488
591.401,tag2465
591.166,tag6469
591.497,tag7995
591.302,tag5293
591.542,tag5290
592.156,tag5283
592.210,tag5300
592.693,tag2466
592.565,tag5309
592.054,tag6494
592.299,tag5302
592.445,tag2467
592.087,tag5285
592.922,tag2495
592.418,tag2482
592.456,tag6466
592.725,tag2488
592.900,tag5292
592.855,tag10878
592.768,tag5293
592.856,tag5291
592.126,tag5282
592.462,tag5295
592.416,tag2484
592.344,tag6490
592.245,tag6476
592.736,tag5293
592.024,tag2493
592.678,tag5295
592.344,tag6492
592.422,tag5304
592.429,tag11219
592.787,tag5291
592.726,tag5293
592.523,tag2480
592.440,tag5296
592.200,tag5294
592.763,tag2470
592.485,tag6478
592.529,tag5298
592.005,tag5294
592.985,tag2474
592.347,tag6495
592.314,tag6475
592.973,tag2487
593.715,tag2473
593.061,tag2493
593.427,tag5289
593.955,tag6477
593.748,tag5311
593.386,tag6473
593.043,tag2481
593.899,tag6487
593.965,tag5297
593.480,tag2907
593.329,tag2476
593.891,tag6465
593.836,tag5303
593.548,tag6528
593.699,tag6479
593.527,tag5299
593.750,tag2471
593.508,tag2471
593.330,tag6478
593.263,tag2485
593.755,tag6484
593.536,tag5294
593.070,tag5310
593.122,tag5296
593.839,tag6495
593.249,tag6466
593.895,tag10849
593.240,tag5294
593.058,tag2471
593.074,tag6487
593.726,tag6485
593.630,tag6479
593.051,tag5300
593.122,tag5308
593.434,tag2465
593.411,tag5308
593.738,tag6468
593.821,tag6491
593.676,tag2489
593.625,tag2495
594.256,tag5310
594.695,tag2473
594.818,tag5300
594.594,tag6488
594.603,tag10585
594.139,tag11523
594.066,tag2466
594.296,tag6466
594.925,tag11711
594.266,tag2479
594.485,tag5306
594.563,tag2480
594.576,tag6487
594.707,tag2464
594.609,tag2487
594.651,tag5285
594.848,tag5289
594.367,tag5289
594.423,tag5294
594.266,tag5292
594.399,tag6468
594.038,tag5215
594.400,tag5283
594.503,tag5300
594.524,tag5297
594.304,tag6481
594.689,tag2495
594.519,tag5281
594.872,tag5298
594.872,tag2476
594.006,tag2466
594.280,tag2491
594.378,tag6489
594.646,tag5290
594.933,tag2487
594.526,tag6479
594.900,tag2473
594.715,tag5294
594.726,tag2475
594.852,tag5281
595.407,tag6482
595.274,tag2486
595.743,tag5307
595.330,tag5296
595.233,tag10069
595.164,tag5286
595.787,tag2478
595.510,tag1799
595.678,tag2488
595.961,tag2466
595.739,tag5291
595.717,tag2464
595.212,tag5281
595.972,tag2482
595.104,tag6495
595.115,tag5297
595.249,tag5310
595.711,tag2486
595.283,tag2492
595.907,tag7174
595.198,tag2487
595.927,tag5296
595.186,tag6490
595.934,tag2475
595.760,tag2468
595.479,tag5284
595.319,tag5303
595.378,tag241
595.426,tag6720
595.666,tag5281
595.061,tag5302
595.562,tag5291
595.059,tag5284
595.395,tag5301
595.678,tag6490
595.821,tag5295
595.009,tag2481
595.970,tag5287
595.052,tag6467
595.136,tag6480
596.203,tag6475
596.194,tag6627
596.789,tag2466
596.561,tag6481
596.190,tag6488
596.779,tag6471
596.260,tag2477
596.161,tag5296
596.160,tag5282
596.871,tag5286
596.017,tag2479
596.057,tag2464
596.602,tag6464
596.486,tag5285
596.079,tag5310
596.683,tag2490
596.701,tag2485
596.941,tag6490
596.926,tag2492
596.558,tag2483
596.583,tag2464
596.303,tag2494
596.665,tag6467
596.459,tag5307
596.692,tag4121
596.601,tag3272
596.153,tag6487
596.201,tag2471
596.329,tag5300
596.722,tag2478
596.188,tag7272
596.484,tag5293
596.344,tag2466
596.266,tag2474
596.173,tag6477
596.570,tag5304
596.086,tag2488
596.709,tag9362
596.859,tag5308
596.576,tag2477
597.459,tag2476
597.423,tag6474
597.045,tag5283
597.504,tag6489
597.516,tag2480
597.393,tag5310
597.351,tag5309
597.735,tag5306
597.135,tag2478
597.261,tag6469
597.776,tag6491
597.686,tag2491
597.591,tag5295
597.173,tag2481
597.023,tag613
597.849,tag5304
597.437,tag2481
597.535,tag5280
597.499,tag5311
597.116,tag6495
597.798,tag10336
597.561,tag2480
597.809,tag5298
597.464,tag10931
597.399,tag6484
597.990,tag2467
597.153,tag6472
597.895,tag6466
597.424,tag2471
597.754,tag2492
597.545,tag7397
597.358,tag5287
597.226,tag2485
597.200,tag6481
597.289,tag6471
597.684,tag6468
597.638,tag5288
597.887,tag2473
597.074,tag2491
597.360,tag11799
598.220,tag2470
598.278,tag6472
598.561,tag2481
598.676,tag5300
598.183,tag5296
598.932,tag2493
599.000,tag5288
598.660,tag6476
598.638,tag5310
598.073,tag6493
598.194,tag6468
598.833,tag5292
598.746,tag5308
598.902,tag6477
598.165,tag5302
598.086,tag5298
598.469,tag6484
598.521,tag6468
598.719,tag6487
598.354,tag5303
598.048,tag5622
598.298,tag6490
598.227,tag5292
598.575,tag6481
598.038,tag6468
598.423,tag5296
598.408,tag6481
598.617,tag6466
598.916,tag6469
598.996,tag2478
598.281,tag2469
598.699,tag5302
598.878,tag2482
598.449,tag2473
598.575,tag5280
598.365,tag6474
598.949,tag5287
598.098,tag3474
598.210,tag6485
598.951,tag6481
599.830,tag5309
599.151,tag2484
599.483,tag9522
599.586,tag2465
599.016,tag2472
599.955,tag6467
599.962,tag5290
599.150,tag6486
599.559,tag5306
599.967,tag2466
599.706,tag2491
599.515,tag6471
599.807,tag6480
599.849,tag2483
599.558,tag6465
599.673,tag5291
599.159,tag6491
599.800,tag2484
599.788,tag6170
599.306,tag5308
599.363,tag6475
599.962,tag5283
599.395,tag2472
599.555,tag6473
599.319,tag6491
599.778,tag6471
599.724,tag5309
599.852,tag2486
599.999,tag2479
599.319,tag9323
599.637,tag2471
599.119,tag5285
599.432,tag5303
599.463,tag583
599.570,tag5305
599.928,tag2479
599.346,tag6492
599.530,tag2468
599.089,tag6468
599.872,tag2482
