tag_id,group_id
tag0,g0
tag1,g0
tag2,g0
tag3,g0
tag4,g0
tag5,g0
tag6,g0
tag7,g0
tag8,g0
tag9,g0
tag10,g0
tag11,g0
tag12,g0
tag13,g0
tag14,g0
tag15,g0
tag16,g0
tag17,g0
tag18,g0
tag19,g0
tag20,g0
tag21,g0
tag22,g0
tag23,g0
tag24,g0
tag25,g0
tag26,g0
tag27,g0
tag28,g0
tag29,g0
tag30,g0
tag31,g0
tag32,g1
tag33,g1
tag34,g1
tag35,g1
tag36,g1
tag37,g1
tag38,g1
tag39,g1
tag40,g1
tag41,g1
tag42,g1
tag43,g1
tag44,g1
tag45,g1
tag46,g1
tag47,g1
tag48,g1
tag49,g1
tag50,g1
tag51,g1
tag52,g1
tag53,g1
tag54,g1
tag55,g1
tag56,g1
tag57,g1
tag58,g1
tag59,g1
tag60,g1
tag61,g1
tag62,g1
tag63,g1
tag64,g2
tag65,g2
tag66,g2
tag67,g2
tag68,g2
tag69,g2
tag70,g2
tag71,g2
tag72,g2
tag73,g2
tag74,g2
tag75,g2
tag76,g2
tag77,g2
tag78,g2
tag79,g2
tag80,g2
tag81,g2
tag82,g2
tag83,g2
tag84,g2
tag85,g2
tag86,g2
tag87,g2
tag88,g2
tag89,g2
tag90,g2
tag91,g2
tag92,g2
tag93,g2
tag94,g2
tag95,g2
tag96,g3
tag97,g3
tag98,g3
tag99,g3
tag100,g3
tag101,g3
tag102,g3
tag103,g3
tag104,g3
tag105,g3
tag106,g3
tag107,g3
tag108,g3
tag109,g3
tag110,g3
tag111,g3
tag112,g3
tag113,g3
tag114,g3
tag115,g3
tag116,g3
tag117,g3
tag118,g3
tag119,g3
tag120,g3
tag121,g3
tag122,g3
tag123,g3
tag124,g3
tag125,g3
tag126,g3
tag127,g3
tag128,g4
tag129,g4
tag130,g4
tag131,g4
tag132,g4
tag133,g4
tag134,g4
tag135,g4
tag136,g4
tag137,g4
tag138,g4
tag139,g4
tag140,g4
tag141,g4
tag142,g4
tag143,g4
tag144,g4
tag145,g4
tag146,g4
tag147,g4
tag148,g4
tag149,g4
tag150,g4
tag151,g4
tag152,g4
tag153,g4
tag154,g4
tag155,g4
tag156,g4
tag157,g4
tag158,g4
tag159,g4
tag160,g5
tag161,g5
tag162,g5
tag163,g5
tag164,g5
tag165,g5
tag166,g5
tag167,g5
tag168,g5
tag169,g5
tag170,g5
tag171,g5
tag172,g5
tag173,g5
tag174,g5
tag175,g5
tag176,g5
tag177,g5
tag178,g5
tag179,g5
tag180,g5
tag181,g5
tag182,g5
tag183,g5
tag184,g5
tag185,g5
tag186,g5
tag187,g5
tag188,g5
tag189,g5
tag190,g5
tag191,g5
tag192,g6
tag193,g6
tag194,g6
tag195,g6
tag196,g6
tag197,g6
tag198,g6
tag199,g6
tag200,g6
tag201,g6
tag202,g6
tag203,g6
tag204,g6
tag205,g6
tag206,g6
tag207,g6
tag208,g6
tag209,g6
tag210,g6
tag211,g6
tag212,g6
tag213,g6
tag214,g6
tag215,g6
tag216,g6
tag217,g6
tag218,g6
tag219,g6
tag220,g6
tag221,g6
tag222,g6
tag223,g6
tag224,g7
tag225,g7
tag226,g7
tag227,g7
tag228,g7
tag229,g7
tag230,g7
tag231,g7
tag232,g7
tag233,g7
tag234,g7
tag235,g7
tag236,g7
tag237,g7
tag238,g7
tag239,g7
tag240,g7
tag241,g7
tag242,g7
tag243,g7
tag244,g7
tag245,g7
tag246,g7
tag247,g7
tag248,g7
tag249,g7
tag250,g7
tag251,g7
tag252,g7
tag253,g7
tag254,g7
tag255,g7
tag256,g8
tag257,g8
tag258,g8
tag259,g8
tag260,g8
tag261,g8
tag262,g8
tag263,g8
tag264,g8
tag265,g8
tag266,g8
tag267,g8
tag268,g8
tag269,g8
tag270,g8
tag271,g8
tag272,g8
tag273,g8
tag274,g8
tag275,g8
tag276,g8
tag277,g8
tag278,g8
tag279,g8
tag280,g8
tag281,g8
tag282,g8
tag283,g8
tag284,g8
tag285,g8
tag286,g8
tag287,g8
tag288,g9
tag289,g9
tag290,g9
tag291,g9
tag292,g9
tag293,g9
tag294,g9
tag295,g9
tag296,g9
tag297,g9
tag298,g9
tag299,g9
tag300,g9
tag301,g9
tag302,g9
tag303,g9
tag304,g9
tag305,g9
tag306,g9
tag307,g9
tag308,g9
tag309,g9
tag310,g9
tag311,g9
tag312,g9
tag313,g9
tag314,g9
tag315,g9
tag316,g9
tag317,g9
tag318,g9
tag319,g9
tag320,g10
tag321,g10
tag322,g10
tag323,g10
tag324,g10
tag325,g10
tag326,g10
tag327,g10
tag328,g10
tag329,g10
tag330,g10
tag331,g10
tag332,g10
tag333,g10
tag334,g10
tag335,g10
tag336,g10
tag337,g10
tag338,g10
tag339,g10
tag340,g10
tag341,g10
tag342,g10
tag343,g10
tag344,g10
tag345,g10
tag346,g10
tag347,g10
tag348,g10
tag349,g10
tag350,g10
tag351,g10
tag352,g11
tag353,g11
tag354,g11
tag355,g11
tag356,g11
tag357,g11
tag358,g11
tag359,g11
tag360,g11
tag361,g11
tag362,g11
tag363,g11
tag364,g11
tag365,g11
tag366,g11
tag367,g11
tag368,g11
tag369,g11
tag370,g11
tag371,g11
tag372,g11
tag373,g11
tag374,g11
tag375,g11
tag376,g11
tag377,g11
tag378,g11
tag379,g11
tag380,g11
tag381,g11
tag382,g11
tag383,g11
tag384,g12
tag385,g12
tag386,g12
tag387,g12
tag388,g12
tag389,g12
tag390,g12
tag391,g12
tag392,g12
tag393,g12
tag394,g12
tag395,g12
tag396,g12
tag397,g12
tag398,g12
tag399,g12
tag400,g12
tag401,g12
tag402,g12
tag403,g12
tag404,g12
tag405,g12
tag406,g12
tag407,g12
tag408,g12
tag409,g12
tag410,g12
tag411,g12
tag412,g12
tag413,g12
tag414,g12
tag415,g12
tag416,g13
tag417,g13
tag418,g13
tag419,g13
tag420,g13
tag421,g13
tag422,g13
tag423,g13
tag424,g13
tag425,g13
tag426,g13
tag427,g13
tag428,g13
tag429,g13
tag430,g13
tag431,g13
tag432,g13
tag433,g13
tag434,g13
tag435,g13
tag436,g13
tag437,g13
tag438,g13
tag439,g13
tag440,g13
tag441,g13
tag442,g13
tag443,g13
tag444,g13
tag445,g13
tag446,g13
tag447,g13
tag448,g14
tag449,g14
tag450,g14
tag451,g14
tag452,g14
tag453,g14
tag454,g14
tag455,g14
tag456,g14
tag457,g14
tag458,g14
tag459,g14
tag460,g14
tag461,g14
tag462,g14
tag463,g14
tag464,g14
tag465,g14
tag466,g14
tag467,g14
tag468,g14
tag469,g14
tag470,g14
tag471,g14
tag472,g14
tag473,g14
tag474,g14
tag475,g14
tag476,g14
tag477,g14
tag478,g14
tag479,g14
tag480,g15
tag481,g15
tag482,g15
tag483,g15
tag484,g15
tag485,g15
tag486,g15
tag487,g15
tag488,g15
tag489,g15
tag490,g15
tag491,g15
tag492,g15
tag493,g15
tag494,g15
tag495,g15
tag496,g15
tag497,g15
tag498,g15
tag499,g15
tag500,g15
tag501,g15
tag502,g15
tag503,g15
tag504,g15
tag505,g15
tag506,g15
tag507,g15
tag508,g15
tag509,g15
tag510,g15
tag511,g15
tag512,g16
tag513,g16
tag514,g16
tag515,g16
tag516,g16
tag517,g16
tag518,g16
tag519,g16
tag520,g16
tag521,g16
tag522,g16
tag523,g16
tag524,g16
tag525,g16
tag526,g16
tag527,g16
tag528,g16
tag529,g16
tag530,g16
tag531,g16
tag532,g16
tag533,g16
tag534,g16
tag535,g16
tag536,g16
tag537,g16
tag538,g16
tag539,g16
tag540,g16
tag541,g16
tag542,g16
tag543,g16
tag544,g17
tag545,g17
tag546,g17
tag547,g17
tag548,g17
tag549,g17
tag550,g17
tag551,g17
tag552,g17
tag553,g17
tag554,g17
tag555,g17
tag556,g17
tag557,g17
tag558,g17
tag559,g17
tag560,g17
tag561,g17
tag562,g17
tag563,g17
tag564,g17
tag565,g17
tag566,g17
tag567,g17
tag568,g17
tag569,g17
tag570,g17
tag571,g17
tag572,g17
tag573,g17
tag574,g17
tag575,g17
tag576,g18
tag577,g18
tag578,g18
tag579,g18
tag580,g18
tag581,g18
tag582,g18
tag583,g18
tag584,g18
tag585,g18
tag586,g18
tag587,g18
tag588,g18
tag589,g18
tag590,g18
tag591,g18
tag592,g18
tag593,g18
tag594,g18
tag595,g18
tag596,g18
tag597,g18
tag598,g18
tag599,g18
tag600,g18
tag601,g18
tag602,g18
tag603,g18
tag604,g18
tag605,g18
tag606,g18
tag607,g18
tag608,g19
tag609,g19
tag610,g19
tag611,g19
tag612,g19
tag613,g19
tag614,g19
tag615,g19
tag616,g19
tag617,g19
tag618,g19
tag619,g19
tag620,g19
tag621,g19
tag622,g19
tag623,g19
tag624,g19
tag625,g19
tag626,g19
tag627,g19
tag628,g19
tag629,g19
tag630,g19
tag631,g19
tag632,g19
tag633,g19
tag634,g19
tag635,g19
tag636,g19
tag637,g19
tag638,g19
tag639,g19
tag640,g20
tag641,g20
tag642,g20
tag643,g20
tag644,g20
tag645,g20
tag646,g20
tag647,g20
tag648,g20
tag649,g20
tag650,g20
tag651,g20
tag652,g20
tag653,g20
tag654,g20
tag655,g20
tag656,g20
tag657,g20
tag658,g20
tag659,g20
tag660,g20
tag661,g20
tag662,g20
tag663,g20
tag664,g20
tag665,g20
tag666,g20
tag667,g20
tag668,g20
tag669,g20
tag670,g20
tag671,g20
tag672,g21
tag673,g21
tag674,g21
tag675,g21
tag676,g21
tag677,g21
tag678,g21
tag679,g21
tag680,g21
tag681,g21
tag682,g21
tag683,g21
tag684,g21
tag685,g21
tag686,g21
tag687,g21
tag688,g21
tag689,g21
tag690,g21
tag691,g21
tag692,g21
tag693,g21
tag694,g21
tag695,g21
tag696,g21
tag697,g21
tag698,g21
tag699,g21
tag700,g21
tag701,g21
tag702,g21
tag703,g21
tag704,g22
tag705,g22
tag706,g22
tag707,g22
tag708,g22
tag709,g22
tag710,g22
tag711,g22
tag712,g22
tag713,g22
tag714,g22
tag715,g22
tag716,g22
tag717,g22
tag718,g22
tag719,g22
tag720,g22
tag721,g22
tag722,g22
tag723,g22
tag724,g22
tag725,g22
tag726,g22
tag727,g22
tag728,g22
tag729,g22
tag730,g22
tag731,g22
tag732,g22
tag733,g22
tag734,g22
tag735,g22
tag736,g23
tag737,g23
tag738,g23
tag739,g23
tag740,g23
tag741,g23
tag742,g23
tag743,g23
tag744,g23
tag745,g23
tag746,g23
tag747,g23
tag748,g23
tag749,g23
tag750,g23
tag751,g23
tag752,g23
tag753,g23
tag754,g23
tag755,g23
tag756,g23
tag757,g23
tag758,g23
tag759,g23
tag760,g23
tag761,g23
tag762,g23
tag763,g23
tag764,g23
tag765,g23
tag766,g23
tag767,g23
tag768,g24
tag769,g24
tag770,g24
tag771,g24
tag772,g24
tag773,g24
tag774,g24
tag775,g24
tag776,g24
tag777,g24
tag778,g24
tag779,g24
tag780,g24
tag781,g24
tag782,g24
tag783,g24
tag784,g24
tag785,g24
tag786,g24
tag787,g24
tag788,g24
tag789,g24
tag790,g24
tag791,g24
tag792,g24
tag793,g24
tag794,g24
tag795,g24
tag796,g24
tag797,g24
tag798,g24
tag799,g24
tag800,g25
tag801,g25
tag802,g25
tag803,g25
tag804,g25
tag805,g25
tag806,g25
tag807,g25
tag808,g25
tag809,g25
tag810,g25
tag811,g25
tag812,g25
tag813,g25
tag814,g25
tag815,g25
tag816,g25
tag817,g25
tag818,g25
tag819,g25
tag820,g25
tag821,g25
tag822,g25
tag823,g25
tag824,g25
tag825,g25
tag826,g25
tag827,g25
tag828,g25
tag829,g25
tag830,g25
tag831,g25
tag832,g26
tag833,g26
tag834,g26
tag835,g26
tag836,g26
tag837,g26
tag838,g26
tag839,g26
tag840,g26
tag841,g26
tag842,g26
tag843,g26
tag844,g26
tag845,g26
tag846,g26
tag847,g26
tag848,g26
tag849,g26
tag850,g26
tag851,g26
tag852,g26
tag853,g26
tag854,g26
tag855,g26
tag856,g26
tag857,g26
tag858,g26
tag859,g26
tag860,g26
tag861,g26
tag862,g26
tag863,g26
tag864,g27
tag865,g27
tag866,g27
tag867,g27
tag868,g27
tag869,g27
tag870,g27
tag871,g27
tag872,g27
tag873,g27
tag874,g27
tag875,g27
tag876,g27
tag877,g27
tag878,g27
tag879,g27
tag880,g27
tag881,g27
tag882,g27
tag883,g27
tag884,g27
tag885,g27
tag886,g27
tag887,g27
tag888,g27
tag889,g27
tag890,g27
tag891,g27
tag892,g27
tag893,g27
tag894,g27
tag895,g27
tag896,g28
tag897,g28
tag898,g28
tag899,g28
tag900,g28
tag901,g28
tag902,g28
tag903,g28
tag904,g28
tag905,g28
tag906,g28
tag907,g28
tag908,g28
tag909,g28
tag910,g28
tag911,g28
tag912,g28
tag913,g28
tag914,g28
tag915,g28
tag916,g28
tag917,g28
tag918,g28
tag919,g28
tag920,g28
tag921,g28
tag922,g28
tag923,g28
tag924,g28
tag925,g28
tag926,g28
tag927,g28
tag928,g29
tag929,g29
tag930,g29
tag931,g29
tag932,g29
tag933,g29
tag934,g29
tag935,g29
tag936,g29
tag937,g29
tag938,g29
tag939,g29
tag940,g29
tag941,g29
tag942,g29
tag943,g29
tag944,g29
tag945,g29
tag946,g29
tag947,g29
tag948,g29
tag949,g29
tag950,g29
tag951,g29
tag952,g29
tag953,g29
tag954,g29
tag955,g29
tag956,g29
tag957,g29
tag958,g29
tag959,g29
tag960,g30
tag961,g30
tag962,g30
tag963,g30
tag964,g30
tag965,g30
tag966,g30
tag967,g30
tag968,g30
tag969,g30
tag970,g30
tag971,g30
tag972,g30
tag973,g30
tag974,g30
tag975,g30
tag976,g30
tag977,g30
tag978,g30
tag979,g30
tag980,g30
tag981,g30
tag982,g30
tag983,g30
tag984,g30
tag985,g30
tag986,g30
tag987,g30
tag988,g30
tag989,g30
tag990,g30
tag991,g30
tag992,g31
tag993,g31
tag994,g31
tag995,g31
tag996,g31
tag997,g31
tag998,g31
tag999,g31
tag1000,g31
tag1001,g31
tag1002,g31
tag1003,g31
tag1004,g31
tag1005,g31
tag1006,g31
tag1007,g31
tag1008,g31
tag1009,g31
tag1010,g31
tag1011,g31
tag1012,g31
tag1013,g31
tag1014,g31
tag1015,g31
tag1016,g31
tag1017,g31
tag1018,g31
tag1019,g31
tag1020,g31
tag1021,g31
tag1022,g31
tag1023,g31
tag1024,g32
tag1025,g32
tag1026,g32
tag1027,g32
tag1028,g32
tag1029,g32
tag1030,g32
tag1031,g32
tag1032,g32
tag1033,g32
tag1034,g32
tag1035,g32
tag1036,g32
tag1037,g32
tag1038,g32
tag1039,g32
tag1040,g32
tag1041,g32
tag1042,g32
tag1043,g32
tag1044,g32
tag1045,g32
tag1046,g32
tag1047,g32
tag1048,g32
tag1049,g32
tag1050,g32
tag1051,g32
tag1052,g32
tag1053,g32
tag1054,g32
tag1055,g32
tag1056,g33
tag1057,g33
tag1058,g33
tag1059,g33
tag1060,g33
tag1061,g33
tag1062,g33
tag1063,g33
tag1064,g33
tag1065,g33
tag1066,g33
tag1067,g33
tag1068,g33
tag1069,g33
tag1070,g33
tag1071,g33
tag1072,g33
tag1073,g33
tag1074,g33
tag1075,g33
tag1076,g33
tag1077,g33
tag1078,g33
tag1079,g33
tag1080,g33
tag1081,g33
tag1082,g33
tag1083,g33
tag1084,g33
tag1085,g33
tag1086,g33
tag1087,g33
tag1088,g34
tag1089,g34
tag1090,g34
tag1091,g34
tag1092,g34
tag1093,g34
tag1094,g34
tag1095,g34
tag1096,g34
tag1097,g34
tag1098,g34
tag1099,g34
tag1100,g34
tag1101,g34
tag1102,g34
tag1103,g34
tag1104,g34
tag1105,g34
tag1106,g34
tag1107,g34
tag1108,g34
tag1109,g34
tag1110,g34
tag1111,g34
tag1112,g34
tag1113,g34
tag1114,g34
tag1115,g34
tag1116,g34
tag1117,g34
tag1118,g34
tag1119,g34
tag1120,g35
tag1121,g35
tag1122,g35
tag1123,g35
tag1124,g35
tag1125,g35
tag1126,g35
tag1127,g35
tag1128,g35
tag1129,g35
tag1130,g35
tag1131,g35
tag1132,g35
tag1133,g35
tag1134,g35
tag1135,g35
tag1136,g35
tag1137,g35
tag1138,g35
tag1139,g35
tag1140,g35
tag1141,g35
tag1142,g35
tag1143,g35
tag1144,g35
tag1145,g35
tag1146,g35
tag1147,g35
tag1148,g35
tag1149,g35
tag1150,g35
tag1151,g35
tag1152,g36
tag1153,g36
tag1154,g36
tag1155,g36
tag1156,g36
tag1157,g36
tag1158,g36
tag1159,g36
tag1160,g36
tag1161,g36
tag1162,g36
tag1163,g36
tag1164,g36
tag1165,g36
tag1166,g36
tag1167,g36
tag1168,g36
tag1169,g36
tag1170,g36
tag1171,g36
tag1172,g36
tag1173,g36
tag1174,g36
tag1175,g36
tag1176,g36
tag1177,g36
tag1178,g36
tag1179,g36
tag1180,g36
tag1181,g36
tag1182,g36
tag1183,g36
tag1184,g37
tag1185,g37
tag1186,g37
tag1187,g37
tag1188,g37
tag1189,g37
tag1190,g37
tag1191,g37
tag1192,g37
tag1193,g37
tag1194,g37
tag1195,g37
tag1196,g37
tag1197,g37
tag1198,g37
tag1199,g37
tag1200,g37
tag1201,g37
tag1202,g37
tag1203,g37
tag1204,g37
tag1205,g37
tag1206,g37
tag1207,g37
tag1208,g37
tag1209,g37
tag1210,g37
tag1211,g37
tag1212,g37
tag1213,g37
tag1214,g37
tag1215,g37
tag1216,g38
tag1217,g38
tag1218,g38
tag1219,g38
tag1220,g38
tag1221,g38
tag1222,g38
tag1223,g38
tag1224,g38
tag1225,g38
tag1226,g38
tag1227,g38
tag1228,g38
tag1229,g38
tag1230,g38
tag1231,g38
tag1232,g38
tag1233,g38
tag1234,g38
tag1235,g38
tag1236,g38
tag1237,g38
tag1238,g38
tag1239,g38
tag1240,g38
tag1241,g38
tag1242,g38
tag1243,g38
tag1244,g38
tag1245,g38
tag1246,g38
tag1247,g38
tag1248,g39
tag1249,g39
tag1250,g39
tag1251,g39
tag1252,g39
tag1253,g39
tag1254,g39
tag1255,g39
tag1256,g39
tag1257,g39
tag1258,g39
tag1259,g39
tag1260,g39
tag1261,g39
tag1262,g39
tag1263,g39
tag1264,g39
tag1265,g39
tag1266,g39
tag1267,g39
tag1268,g39
tag1269,g39
tag1270,g39
tag1271,g39
tag1272,g39
tag1273,g39
tag1274,g39
tag1275,g39
tag1276,g39
tag1277,g39
tag1278,g39
tag1279,g39
tag1280,g40
tag1281,g40
tag1282,g40
tag1283,g40
tag1284,g40
tag1285,g40
tag1286,g40
tag1287,g40
tag1288,g40
tag1289,g40
tag1290,g40
tag1291,g40
tag1292,g40
tag1293,g40
tag1294,g40
tag1295,g40
tag1296,g40
tag1297,g40
tag1298,g40
tag1299,g40
tag1300,g40
tag1301,g40
tag1302,g40
tag1303,g40
tag1304,g40
tag1305,g40
tag1306,g40
tag1307,g40
tag1308,g40
tag1309,g40
tag1310,g40
tag1311,g40
tag1312,g41
tag1313,g41
tag1314,g41
tag1315,g41
tag1316,g41
tag1317,g41
tag1318,g41
tag1319,g41
tag1320,g41
tag1321,g41
tag1322,g41
tag1323,g41
tag1324,g41
tag1325,g41
tag1326,g41
tag1327,g41
tag1328,g41
tag1329,g41
tag1330,g41
tag1331,g41
tag1332,g41
tag1333,g41
tag1334,g41
tag1335,g41
tag1336,g41
tag1337,g41
tag1338,g41
tag1339,g41
tag1340,g41
tag1341,g41
tag1342,g41
tag1343,g41
tag1344,g42
tag1345,g42
tag1346,g42
tag1347,g42
tag1348,g42
tag1349,g42
tag1350,g42
tag1351,g42
tag1352,g42
tag1353,g42
tag1354,g42
tag1355,g42
tag1356,g42
tag1357,g42
tag1358,g42
tag1359,g42
tag1360,g42
tag1361,g42
tag1362,g42
tag1363,g42
tag1364,g42
tag1365,g42
tag1366,g42
tag1367,g42
tag1368,g42
tag1369,g42
tag1370,g42
tag1371,g42
tag1372,g42
tag1373,g42
tag1374,g42
tag1375,g42
tag1376,g43
tag1377,g43
tag1378,g43
tag1379,g43
tag1380,g43
tag1381,g43
tag1382,g43
tag1383,g43
tag1384,g43
tag1385,g43
tag1386,g43
tag1387,g43
tag1388,g43
tag1389,g43
tag1390,g43
tag1391,g43
tag1392,g43
tag1393,g43
tag1394,g43
tag1395,g43
tag1396,g43
tag1397,g43
tag1398,g43
tag1399,g43
tag1400,g43
tag1401,g43
tag1402,g43
tag1403,g43
tag1404,g43
tag1405,g43
tag1406,g43
tag1407,g43
tag1408,g44
tag1409,g44
tag1410,g44
tag1411,g44
tag1412,g44
tag1413,g44
tag1414,g44
tag1415,g44
tag1416,g44
tag1417,g44
tag1418,g44
tag1419,g44
tag1420,g44
tag1421,g44
tag1422,g44
tag1423,g44
tag1424,g44
tag1425,g44
tag1426,g44
tag1427,g44
tag1428,g44
tag1429,g44
tag1430,g44
tag1431,g44
tag1432,g44
tag1433,g44
tag1434,g44
tag1435,g44
tag1436,g44
tag1437,g44
tag1438,g44
tag1439,g44
tag1440,g45
tag1441,g45
tag1442,g45
tag1443,g45
tag1444,g45
tag1445,g45
tag1446,g45
tag1447,g45
tag1448,g45
tag1449,g45
tag1450,g45
tag1451,g45
tag1452,g45
tag1453,g45
tag1454,g45
tag1455,g45
tag1456,g45
tag1457,g45
tag1458,g45
tag1459,g45
tag1460,g45
tag1461,g45
tag1462,g45
tag1463,g45
tag1464,g45
tag1465,g45
tag1466,g45
tag1467,g45
tag1468,g45
tag1469,g45
tag1470,g45
tag1471,g45
tag1472,g46
tag1473,g46
tag1474,g46
tag1475,g46
tag1476,g46
tag1477,g46
tag1478,g46
tag1479,g46
tag1480,g46
tag1481,g46
tag1482,g46
tag1483,g46
tag1484,g46
tag1485,g46
tag1486,g46
tag1487,g46
tag1488,g46
tag1489,g46
tag1490,g46
tag1491,g46
tag1492,g46
tag1493,g46
tag1494,g46
tag1495,g46
tag1496,g46
tag1497,g46
tag1498,g46
tag1499,g46
tag1500,g46
tag1501,g46
tag1502,g46
tag1503,g46
tag1504,g47
tag1505,g47
tag1506,g47
tag1507,g47
tag1508,g47
tag1509,g47
tag1510,g47
tag1511,g47
tag1512,g47
tag1513,g47
tag1514,g47
tag1515,g47
tag1516,g47
tag1517,g47
tag1518,g47
tag1519,g47
tag1520,g47
tag1521,g47
tag1522,g47
tag1523,g47
tag1524,g47
tag1525,g47
tag1526,g47
tag1527,g47
tag1528,g47
tag1529,g47
tag1530,g47
tag1531,g47
tag1532,g47
tag1533,g47
tag1534,g47
tag1535,g47
tag1536,g48
tag1537,g48
tag1538,g48
tag1539,g48
tag1540,g48
tag1541,g48
tag1542,g48
tag1543,g48
tag1544,g48
tag1545,g48
tag1546,g48
tag1547,g48
tag1548,g48
tag1549,g48
tag1550,g48
tag1551,g48
tag1552,g48
tag1553,g48
tag1554,g48
tag1555,g48
tag1556,g48
tag1557,g48
tag1558,g48
tag1559,g48
tag1560,g48
tag1561,g48
tag1562,g48
tag1563,g48
tag1564,g48
tag1565,g48
tag1566,g48
tag1567,g48
tag1568,g49
tag1569,g49
tag1570,g49
tag1571,g49
tag1572,g49
tag1573,g49
tag1574,g49
tag1575,g49
tag1576,g49
tag1577,g49
tag1578,g49
tag1579,g49
tag1580,g49
tag1581,g49
tag1582,g49
tag1583,g49
tag1584,g49
tag1585,g49
tag1586,g49
tag1587,g49
tag1588,g49
tag1589,g49
tag1590,g49
tag1591,g49
tag1592,g49
tag1593,g49
tag1594,g49
tag1595,g49
tag1596,g49
tag1597,g49
tag1598,g49
tag1599,g49
tag1600,g50
tag1601,g50
tag1602,g50
tag1603,g50
tag1604,g50
tag1605,g50
tag1606,g50
tag1607,g50
tag1608,g50
tag1609,g50
tag1610,g50
tag1611,g50
tag1612,g50
tag1613,g50
tag1614,g50
tag1615,g50
tag1616,g50
tag1617,g50
tag1618,g50
tag1619,g50
tag1620,g50
tag1621,g50
tag1622,g50
tag1623,g50
tag1624,g50
tag1625,g50
tag1626,g50
tag1627,g50
tag1628,g50
tag1629,g50
tag1630,g50
tag1631,g50
tag1632,g51
tag1633,g51
tag1634,g51
tag1635,g51
tag1636,g51
tag1637,g51
tag1638,g51
tag1639,g51
tag1640,g51
tag1641,g51
tag1642,g51
tag1643,g51
tag1644,g51
tag1645,g51
tag1646,g51
tag1647,g51
tag1648,g51
tag1649,g51
tag1650,g51
tag1651,g51
tag1652,g51
tag1653,g51
tag1654,g51
tag1655,g51
tag1656,g51
tag1657,g51
tag1658,g51
tag1659,g51
tag1660,g51
tag1661,g51
tag1662,g51
tag1663,g51
tag1664,g52
tag1665,g52
tag1666,g52
tag1667,g52
tag1668,g52
tag1669,g52
tag1670,g52
tag1671,g52
tag1672,g52
tag1673,g52
tag1674,g52
tag1675,g52
tag1676,g52
tag1677,g52
tag1678,g52
tag1679,g52
tag1680,g52
tag1681,g52
tag1682,g52
tag1683,g52
tag1684,g52
tag1685,g52
tag1686,g52
tag1687,g52
tag1688,g52
tag1689,g52
tag1690,g52
tag1691,g52
tag1692,g52
tag1693,g52
tag1694,g52
tag1695,g52
tag1696,g53
tag1697,g53
tag1698,g53
tag1699,g53
tag1700,g53
tag1701,g53
tag1702,g53
tag1703,g53
tag1704,g53
tag1705,g53
tag1706,g53
tag1707,g53
tag1708,g53
tag1709,g53
tag1710,g53
tag1711,g53
tag1712,g53
tag1713,g53
tag1714,g53
tag1715,g53
tag1716,g53
tag1717,g53
tag1718,g53
tag1719,g53
tag1720,g53
tag1721,g53
tag1722,g53
tag1723,g53
tag1724,g53
tag1725,g53
tag1726,g53
tag1727,g53
tag1728,g54
tag1729,g54
tag1730,g54
tag1731,g54
tag1732,g54
tag1733,g54
tag1734,g54
tag1735,g54
tag1736,g54
tag1737,g54
tag1738,g54
tag1739,g54
tag1740,g54
tag1741,g54
tag1742,g54
tag1743,g54
tag1744,g54
tag1745,g54
tag1746,g54
tag1747,g54
tag1748,g54
tag1749,g54
tag1750,g54
tag1751,g54
tag1752,g54
tag1753,g54
tag1754,g54
tag1755,g54
tag1756,g54
tag1757,g54
tag1758,g54
tag1759,g54
tag1760,g55
tag1761,g55
tag1762,g55
tag1763,g55
tag1764,g55
tag1765,g55
tag1766,g55
tag1767,g55
tag1768,g55
tag1769,g55
tag1770,g55
tag1771,g55
tag1772,g55
tag1773,g55
tag1774,g55
tag1775,g55
tag1776,g55
tag1777,g55
tag1778,g55
tag1779,g55
tag1780,g55
tag1781,g55
tag1782,g55
tag1783,g55
tag1784,g55
tag1785,g55
tag1786,g55
tag1787,g55
tag1788,g55
tag1789,g55
tag1790,g55
tag1791,g55
tag1792,g56
tag1793,g56
tag1794,g56
tag1795,g56
tag1796,g56
tag1797,g56
tag1798,g56
tag1799,g56
tag1800,g56
tag1801,g56
tag1802,g56
tag1803,g56
tag1804,g56
tag1805,g56
tag1806,g56
tag1807,g56
tag1808,g56
tag1809,g56
tag1810,g56
tag1811,g56
tag1812,g56
tag1813,g56
tag1814,g56
tag1815,g56
tag1816,g56
tag1817,g56
tag1818,g56
tag1819,g56
tag1820,g56
tag1821,g56
tag1822,g56
tag1823,g56
tag1824,g57
tag1825,g57
tag1826,g57
tag1827,g57
tag1828,g57
tag1829,g57
tag1830,g57
tag1831,g57
tag1832,g57
tag1833,g57
tag1834,g57
tag1835,g57
tag1836,g57
tag1837,g57
tag1838,g57
tag1839,g57
tag1840,g57
tag1841,g57
tag1842,g57
tag1843,g57
tag1844,g57
tag1845,g57
tag1846,g57
tag1847,g57
tag1848,g57
tag1849,g57
tag1850,g57
tag1851,g57
tag1852,g57
tag1853,g57
tag1854,g57
tag1855,g57
tag1856,g58
tag1857,g58
tag1858,g58
tag1859,g58
tag1860,g58
tag1861,g58
tag1862,g58
tag1863,g58
tag1864,g58
tag1865,g58
tag1866,g58
tag1867,g58
tag1868,g58
tag1869,g58
tag1870,g58
tag1871,g58
tag1872,g58
tag1873,g58
tag1874,g58
tag1875,g58
tag1876,g58
tag1877,g58
tag1878,g58
tag1879,g58
tag1880,g58
tag1881,g58
tag1882,g58
tag1883,g58
tag1884,g58
tag1885,g58
tag1886,g58
tag1887,g58
tag1888,g59
tag1889,g59
tag1890,g59
tag1891,g59
tag1892,g59
tag1893,g59
tag1894,g59
tag1895,g59
tag1896,g59
tag1897,g59
tag1898,g59
tag1899,g59
tag1900,g59
tag1901,g59
tag1902,g59
tag1903,g59
tag1904,g59
tag1905,g59
tag1906,g59
tag1907,g59
tag1908,g59
tag1909,g59
tag1910,g59
tag1911,g59
tag1912,g59
tag1913,g59
tag1914,g59
tag1915,g59
tag1916,g59
tag1917,g59
tag1918,g59
tag1919,g59
tag1920,g60
tag1921,g60
tag1922,g60
tag1923,g60
tag1924,g60
tag1925,g60
tag1926,g60
tag1927,g60
tag1928,g60
tag1929,g60
tag1930,g60
tag1931,g60
tag1932,g60
tag1933,g60
tag1934,g60
tag1935,g60
tag1936,g60
tag1937,g60
tag1938,g60
tag1939,g60
tag1940,g60
tag1941,g60
tag1942,g60
tag1943,g60
tag1944,g60
tag1945,g60
tag1946,g60
tag1947,g60
tag1948,g60
tag1949,g60
tag1950,g60
tag1951,g60
tag1952,g61
tag1953,g61
tag1954,g61
tag1955,g61
tag1956,g61
tag1957,g61
tag1958,g61
tag1959,g61
tag1960,g61
tag1961,g61
tag1962,g61
tag1963,g61
tag1964,g61
tag1965,g61
tag1966,g61
tag1967,g61
tag1968,g61
tag1969,g61
tag1970,g61
tag1971,g61
tag1972,g61
tag1973,g61
tag1974,g61
tag1975,g61
tag1976,g61
tag1977,g61
tag1978,g61
tag1979,g61
tag1980,g61
tag1981,g61
tag1982,g61
tag1983,g61
tag1984,g62
tag1985,g62
tag1986,g62
tag1987,g62
tag1988,g62
tag1989,g62
tag1990,g62
tag1991,g62
tag1992,g62
tag1993,g62
tag1994,g62
tag1995,g62
tag1996,g62
tag1997,g62
tag1998,g62
tag1999,g62
tag2000,g62
tag2001,g62
tag2002,g62
tag2003,g62
tag2004,g62
tag2005,g62
tag2006,g62
tag2007,g62
tag2008,g62
tag2009,g62
tag2010,g62
tag2011,g62
tag2012,g62
tag2013,g62
tag2014,g62
tag2015,g62
tag2016,g63
tag2017,g63
tag2018,g63
tag2019,g63
tag2020,g63
tag2021,g63
tag2022,g63
tag2023,g63
tag2024,g63
tag2025,g63
tag2026,g63
tag2027,g63
tag2028,g63
tag2029,g63
tag2030,g63
tag2031,g63
tag2032,g63
tag2033,g63
tag2034,g63
tag2035,g63
tag2036,g63
tag2037,g63
tag2038,g63
tag2039,g63
tag2040,g63
tag2041,g63
tag2042,g63
tag2043,g63
tag2044,g63
tag2045,g63
tag2046,g63
tag2047,g63
tag2048,g64
tag2049,g64
tag2050,g64
tag2051,g64
tag2052,g64
tag2053,g64
tag2054,g64
tag2055,g64
tag2056,g64
tag2057,g64
tag2058,g64
tag2059,g64
tag2060,g64
tag2061,g64
tag2062,g64
tag2063,g64
tag2064,g64
tag2065,g64
tag2066,g64
tag2067,g64
tag2068,g64
tag2069,g64
tag2070,g64
tag2071,g64
tag2072,g64
tag2073,g64
tag2074,g64
tag2075,g64
tag2076,g64
tag2077,g64
tag2078,g64
tag2079,g64
tag2080,g65
tag2081,g65
tag2082,g65
tag2083,g65
tag2084,g65
tag2085,g65
tag2086,g65
tag2087,g65
tag2088,g65
tag2089,g65
tag2090,g65
tag2091,g65
tag2092,g65
tag2093,g65
tag2094,g65
tag2095,g65
tag2096,g65
tag2097,g65
tag2098,g65
tag2099,g65
tag2100,g65
tag2101,g65
tag2102,g65
tag2103,g65
tag2104,g65
tag2105,g65
tag2106,g65
tag2107,g65
tag2108,g65
tag2109,g65
tag2110,g65
tag2111,g65
tag2112,g66
tag2113,g66
tag2114,g66
tag2115,g66
tag2116,g66
tag2117,g66
tag2118,g66
tag2119,g66
tag2120,g66
tag2121,g66
tag2122,g66
tag2123,g66
tag2124,g66
tag2125,g66
tag2126,g66
tag2127,g66
tag2128,g66
tag2129,g66
tag2130,g66
tag2131,g66
tag2132,g66
tag2133,g66
tag2134,g66
tag2135,g66
tag2136,g66
tag2137,g66
tag2138,g66
tag2139,g66
tag2140,g66
tag2141,g66
tag2142,g66
tag2143,g66
tag2144,g67
tag2145,g67
tag2146,g67
tag2147,g67
tag2148,g67
tag2149,g67
tag2150,g67
tag2151,g67
tag2152,g67
tag2153,g67
tag2154,g67
tag2155,g67
tag2156,g67
tag2157,g67
tag2158,g67
tag2159,g67
tag2160,g67
tag2161,g67
tag2162,g67
tag2163,g67
tag2164,g67
tag2165,g67
tag2166,g67
tag2167,g67
tag2168,g67
tag2169,g67
tag2170,g67
tag2171,g67
tag2172,g67
tag2173,g67
tag2174,g67
tag2175,g67
tag2176,g68
tag2177,g68
tag2178,g68
tag2179,g68
tag2180,g68
tag2181,g68
tag2182,g68
tag2183,g68
tag2184,g68
tag2185,g68
tag2186,g68
tag2187,g68
tag2188,g68
tag2189,g68
tag2190,g68
tag2191,g68
tag2192,g68
tag2193,g68
tag2194,g68
tag2195,g68
tag2196,g68
tag2197,g68
tag2198,g68
tag2199,g68
tag2200,g68
tag2201,g68
tag2202,g68
tag2203,g68
tag2204,g68
tag2205,g68
tag2206,g68
tag2207,g68
tag2208,g69
tag2209,g69
tag2210,g69
tag2211,g69
tag2212,g69
tag2213,g69
tag2214,g69
tag2215,g69
tag2216,g69
tag2217,g69
tag2218,g69
tag2219,g69
tag2220,g69
tag2221,g69
tag2222,g69
tag2223,g69
tag2224,g69
tag2225,g69
tag2226,g69
tag2227,g69
tag2228,g69
tag2229,g69
tag2230,g69
tag2231,g69
tag2232,g69
tag2233,g69
tag2234,g69
tag2235,g69
tag2236,g69
tag2237,g69
tag2238,g69
tag2239,g69
tag2240,g70
tag2241,g70
tag2242,g70
tag2243,g70
tag2244,g70
tag2245,g70
tag2246,g70
tag2247,g70
tag2248,g70
tag2249,g70
tag2250,g70
tag2251,g70
tag2252,g70
tag2253,g70
tag2254,g70
tag2255,g70
tag2256,g70
tag2257,g70
tag2258,g70
tag2259,g70
tag2260,g70
tag2261,g70
tag2262,g70
tag2263,g70
tag2264,g70
tag2265,g70
tag2266,g70
tag2267,g70
tag2268,g70
tag2269,g70
tag2270,g70
tag2271,g70
tag2272,g71
tag2273,g71
tag2274,g71
tag2275,g71
tag2276,g71
tag2277,g71
tag2278,g71
tag2279,g71
tag2280,g71
tag2281,g71
tag2282,g71
tag2283,g71
tag2284,g71
tag2285,g71
tag2286,g71
tag2287,g71
tag2288,g71
tag2289,g71
tag2290,g71
tag2291,g71
tag2292,g71
tag2293,g71
tag2294,g71
tag2295,g71
tag2296,g71
tag2297,g71
tag2298,g71
tag2299,g71
tag2300,g71
tag2301,g71
tag2302,g71
tag2303,g71
tag2304,g72
tag2305,g72
tag2306,g72
tag2307,g72
tag2308,g72
tag2309,g72
tag2310,g72
tag2311,g72
tag2312,g72
tag2313,g72
tag2314,g72
tag2315,g72
tag2316,g72
tag2317,g72
tag2318,g72
tag2319,g72
tag2320,g72
tag2321,g72
tag2322,g72
tag2323,g72
tag2324,g72
tag2325,g72
tag2326,g72
tag2327,g72
tag2328,g72
tag2329,g72
tag2330,g72
tag2331,g72
tag2332,g72
tag2333,g72
tag2334,g72
tag2335,g72
tag2336,g73
tag2337,g73
tag2338,g73
tag2339,g73
tag2340,g73
tag2341,g73
tag2342,g73
tag2343,g73
tag2344,g73
tag2345,g73
tag2346,g73
tag2347,g73
tag2348,g73
tag2349,g73
tag2350,g73
tag2351,g73
tag2352,g73
tag2353,g73
tag2354,g73
tag2355,g73
tag2356,g73
tag2357,g73
tag2358,g73
tag2359,g73
tag2360,g73
tag2361,g73
tag2362,g73
tag2363,g73
tag2364,g73
tag2365,g73
tag2366,g73
tag2367,g73
tag2368,g74
tag2369,g74
tag2370,g74
tag2371,g74
tag2372,g74
tag2373,g74
tag2374,g74
tag2375,g74
tag2376,g74
tag2377,g74
tag2378,g74
tag2379,g74
tag2380,g74
tag2381,g74
tag2382,g74
tag2383,g74
tag2384,g74
tag2385,g74
tag2386,g74
tag2387,g74
tag2388,g74
tag2389,g74
tag2390,g74
tag2391,g74
tag2392,g74
tag2393,g74
tag2394,g74
tag2395,g74
tag2396,g74
tag2397,g74
tag2398,g74
tag2399,g74
tag2400,g75
tag2401,g75
tag2402,g75
tag2403,g75
tag2404,g75
tag2405,g75
tag2406,g75
tag2407,g75
tag2408,g75
tag2409,g75
tag2410,g75
tag2411,g75
tag2412,g75
tag2413,g75
tag2414,g75
tag2415,g75
tag2416,g75
tag2417,g75
tag2418,g75
tag2419,g75
tag2420,g75
tag2421,g75
tag2422,g75
tag2423,g75
tag2424,g75
tag2425,g75
tag2426,g75
tag2427,g75
tag2428,g75
tag2429,g75
tag2430,g75
tag2431,g75
tag2432,g76
tag2433,g76
tag2434,g76
tag2435,g76
tag2436,g76
tag2437,g76
tag2438,g76
tag2439,g76
tag2440,g76
tag2441,g76
tag2442,g76
tag2443,g76
tag2444,g76
tag2445,g76
tag2446,g76
tag2447,g76
tag2448,g76
tag2449,g76
tag2450,g76
tag2451,g76
tag2452,g76
tag2453,g76
tag2454,g76
tag2455,g76
tag2456,g76
tag2457,g76
tag2458,g76
tag2459,g76
tag2460,g76
tag2461,g76
tag2462,g76
tag2463,g76
tag2464,g77
tag2465,g77
tag2466,g77
tag2467,g77
tag2468,g77
tag2469,g77
tag2470,g77
tag2471,g77
tag2472,g77
tag2473,g77
tag2474,g77
tag2475,g77
tag2476,g77
tag2477,g77
tag2478,g77
tag2479,g77
tag2480,g77
tag2481,g77
tag2482,g77
tag2483,g77
tag2484,g77
tag2485,g77
tag2486,g77
tag2487,g77
tag2488,g77
tag2489,g77
tag2490,g77
tag2491,g77
tag2492,g77
tag2493,g77
tag2494,g77
tag2495,g77
tag2496,g78
tag2497,g78
tag2498,g78
tag2499,g78
tag2500,g78
tag2501,g78
tag2502,g78
tag2503,g78
tag2504,g78
tag2505,g78
tag2506,g78
tag2507,g78
tag2508,g78
tag2509,g78
tag2510,g78
tag2511,g78
tag2512,g78
tag2513,g78
tag2514,g78
tag2515,g78
tag2516,g78
tag2517,g78
tag2518,g78
tag2519,g78
tag2520,g78
tag2521,g78
tag2522,g78
tag2523,g78
tag2524,g78
tag2525,g78
tag2526,g78
tag2527,g78
tag2528,g79
tag2529,g79
tag2530,g79
tag2531,g79
tag2532,g79
tag2533,g79
tag2534,g79
tag2535,g79
tag2536,g79
tag2537,g79
tag2538,g79
tag2539,g79
tag2540,g79
tag2541,g79
tag2542,g79
tag2543,g79
tag2544,g79
tag2545,g79
tag2546,g79
tag2547,g79
tag2548,g79
tag2549,g79
tag2550,g79
tag2551,g79
tag2552,g79
tag2553,g79
tag2554,g79
tag2555,g79
tag2556,g79
tag2557,g79
tag2558,g79
tag2559,g79
tag2560,g80
tag2561,g80
tag2562,g80
tag2563,g80
tag2564,g80
tag2565,g80
tag2566,g80
tag2567,g80
tag2568,g80
tag2569,g80
tag2570,g80
tag2571,g80
tag2572,g80
tag2573,g80
tag2574,g80
tag2575,g80
tag2576,g80
tag2577,g80
tag2578,g80
tag2579,g80
tag2580,g80
tag2581,g80
tag2582,g80
tag2583,g80
tag2584,g80
tag2585,g80
tag2586,g80
tag2587,g80
tag2588,g80
tag2589,g80
tag2590,g80
tag2591,g80
tag2592,g81
tag2593,g81
tag2594,g81
tag2595,g81
tag2596,g81
tag2597,g81
tag2598,g81
tag2599,g81
tag2600,g81
tag2601,g81
tag2602,g81
tag2603,g81
tag2604,g81
tag2605,g81
tag2606,g81
tag2607,g81
tag2608,g81
tag2609,g81
tag2610,g81
tag2611,g81
tag2612,g81
tag2613,g81
tag2614,g81
tag2615,g81
tag2616,g81
tag2617,g81
tag2618,g81
tag2619,g81
tag2620,g81
tag2621,g81
tag2622,g81
tag2623,g81
tag2624,g82
tag2625,g82
tag2626,g82
tag2627,g82
tag2628,g82
tag2629,g82
tag2630,g82
tag2631,g82
tag2632,g82
tag2633,g82
tag2634,g82
tag2635,g82
tag2636,g82
tag2637,g82
tag2638,g82
tag2639,g82
tag2640,g82
tag2641,g82
tag2642,g82
tag2643,g82
tag2644,g82
tag2645,g82
tag2646,g82
tag2647,g82
tag2648,g82
tag2649,g82
tag2650,g82
tag2651,g82
tag2652,g82
tag2653,g82
tag2654,g82
tag2655,g82
tag2656,g83
tag2657,g83
tag2658,g83
tag2659,g83
tag2660,g83
tag2661,g83
tag2662,g83
tag2663,g83
tag2664,g83
tag2665,g83
tag2666,g83
tag2667,g83
tag2668,g83
tag2669,g83
tag2670,g83
tag2671,g83
tag2672,g83
tag2673,g83
tag2674,g83
tag2675,g83
tag2676,g83
tag2677,g83
tag2678,g83
tag2679,g83
tag2680,g83
tag2681,g83
tag2682,g83
tag2683,g83
tag2684,g83
tag2685,g83
tag2686,g83
tag2687,g83
tag2688,g84
tag2689,g84
tag2690,g84
tag2691,g84
tag2692,g84
tag2693,g84
tag2694,g84
tag2695,g84
tag2696,g84
tag2697,g84
tag2698,g84
tag2699,g84
tag2700,g84
tag2701,g84
tag2702,g84
tag2703,g84
tag2704,g84
tag2705,g84
tag2706,g84
tag2707,g84
tag2708,g84
tag2709,g84
tag2710,g84
tag2711,g84
tag2712,g84
tag2713,g84
tag2714,g84
tag2715,g84
tag2716,g84
tag2717,g84
tag2718,g84
tag2719,g84
tag2720,g85
tag2721,g85
tag2722,g85
tag2723,g85
tag2724,g85
tag2725,g85
tag2726,g85
tag2727,g85
tag2728,g85
tag2729,g85
tag2730,g85
tag2731,g85
tag2732,g85
tag2733,g85
tag2734,g85
tag2735,g85
tag2736,g85
tag2737,g85
tag2738,g85
tag2739,g85
tag2740,g85
tag2741,g85
tag2742,g85
tag2743,g85
tag2744,g85
tag2745,g85
tag2746,g85
tag2747,g85
tag2748,g85
tag2749,g85
tag2750,g85
tag2751,g85
tag2752,g86
tag2753,g86
tag2754,g86
tag2755,g86
tag2756,g86
tag2757,g86
tag2758,g86
tag2759,g86
tag2760,g86
tag2761,g86
tag2762,g86
tag2763,g86
tag2764,g86
tag2765,g86
tag2766,g86
tag2767,g86
tag2768,g86
tag2769,g86
tag2770,g86
tag2771,g86
tag2772,g86
tag2773,g86
tag2774,g86
tag2775,g86
tag2776,g86
tag2777,g86
tag2778,g86
tag2779,g86
tag2780,g86
tag2781,g86
tag2782,g86
tag2783,g86
tag2784,g87
tag2785,g87
tag2786,g87
tag2787,g87
tag2788,g87
tag2789,g87
tag2790,g87
tag2791,g87
tag2792,g87
tag2793,g87
tag2794,g87
tag2795,g87
tag2796,g87
tag2797,g87
tag2798,g87
tag2799,g87
tag2800,g87
tag2801,g87
tag2802,g87
tag2803,g87
tag2804,g87
tag2805,g87
tag2806,g87
tag2807,g87
tag2808,g87
tag2809,g87
tag2810,g87
tag2811,g87
tag2812,g87
tag2813,g87
tag2814,g87
tag2815,g87
tag2816,g88
tag2817,g88
tag2818,g88
tag2819,g88
tag2820,g88
tag2821,g88
tag2822,g88
tag2823,g88
tag2824,g88
tag2825,g88
tag2826,g88
tag2827,g88
tag2828,g88
tag2829,g88
tag2830,g88
tag2831,g88
tag2832,g88
tag2833,g88
tag2834,g88
tag2835,g88
tag2836,g88
tag2837,g88
tag2838,g88
tag2839,g88
tag2840,g88
tag2841,g88
tag2842,g88
tag2843,g88
tag2844,g88
tag2845,g88
tag2846,g88
tag2847,g88
tag2848,g89
tag2849,g89
tag2850,g89
tag2851,g89
tag2852,g89
tag2853,g89
tag2854,g89
tag2855,g89
tag2856,g89
tag2857,g89
tag2858,g89
tag2859,g89
tag2860,g89
tag2861,g89
tag2862,g89
tag2863,g89
tag2864,g89
tag2865,g89
tag2866,g89
tag2867,g89
tag2868,g89
tag2869,g89
tag2870,g89
tag2871,g89
tag2872,g89
tag2873,g89
tag2874,g89
tag2875,g89
tag2876,g89
tag2877,g89
tag2878,g89
tag2879,g89
tag2880,g90
tag2881,g90
tag2882,g90
tag2883,g90
tag2884,g90
tag2885,g90
tag2886,g90
tag2887,g90
tag2888,g90
tag2889,g90
tag2890,g90
tag2891,g90
tag2892,g90
tag2893,g90
tag2894,g90
tag2895,g90
tag2896,g90
tag2897,g90
tag2898,g90
tag2899,g90
tag2900,g90
tag2901,g90
tag2902,g90
tag2903,g90
tag2904,g90
tag2905,g90
tag2906,g90
tag2907,g90
tag2908,g90
tag2909,g90
tag2910,g90
tag2911,g90
tag2912,g91
tag2913,g91
tag2914,g91
tag2915,g91
tag2916,g91
tag2917,g91
tag2918,g91
tag2919,g91
tag2920,g91
tag2921,g91
tag2922,g91
tag2923,g91
tag2924,g91
tag2925,g91
tag2926,g91
tag2927,g91
tag2928,g91
tag2929,g91
tag2930,g91
tag2931,g91
tag2932,g91
tag2933,g91
tag2934,g91
tag2935,g91
tag2936,g91
tag2937,g91
tag2938,g91
tag2939,g91
tag2940,g91
tag2941,g91
tag2942,g91
tag2943,g91
tag2944,g92
tag2945,g92
tag2946,g92
tag2947,g92
tag2948,g92
tag2949,g92
tag2950,g92
tag2951,g92
tag2952,g92
tag2953,g92
tag2954,g92
tag2955,g92
tag2956,g92
tag2957,g92
tag2958,g92
tag2959,g92
tag2960,g92
tag2961,g92
tag2962,g92
tag2963,g92
tag2964,g92
tag2965,g92
tag2966,g92
tag2967,g92
tag2968,g92
tag2969,g92
tag2970,g92
tag2971,g92
tag2972,g92
tag2973,g92
tag2974,g92
tag2975,g92
tag2976,g93
tag2977,g93
tag2978,g93
tag2979,g93
tag2980,g93
tag2981,g93
tag2982,g93
tag2983,g93
tag2984,g93
tag2985,g93
tag2986,g93
tag2987,g93
tag2988,g93
tag2989,g93
tag2990,g93
tag2991,g93
tag2992,g93
tag2993,g93
tag2994,g93
tag2995,g93
tag2996,g93
tag2997,g93
tag2998,g93
tag2999,g93
tag3000,g93
tag3001,g93
tag3002,g93
tag3003,g93
tag3004,g93
tag3005,g93
tag3006,g93
tag3007,g93
tag3008,g94
tag3009,g94
tag3010,g94
tag3011,g94
tag3012,g94
tag3013,g94
tag3014,g94
tag3015,g94
tag3016,g94
tag3017,g94
tag3018,g94
tag3019,g94
tag3020,g94
tag3021,g94
tag3022,g94
tag3023,g94
tag3024,g94
tag3025,g94
tag3026,g94
tag3027,g94
tag3028,g94
tag3029,g94
tag3030,g94
tag3031,g94
tag3032,g94
tag3033,g94
tag3034,g94
tag3035,g94
tag3036,g94
tag3037,g94
tag3038,g94
tag3039,g94
tag3040,g95
tag3041,g95
tag3042,g95
tag3043,g95
tag3044,g95
tag3045,g95
tag3046,g95
tag3047,g95
tag3048,g95
tag3049,g95
tag3050,g95
tag3051,g95
tag3052,g95
tag3053,g95
tag3054,g95
tag3055,g95
tag3056,g95
tag3057,g95
tag3058,g95
tag3059,g95
tag3060,g95
tag3061,g95
tag3062,g95
tag3063,g95
tag3064,g95
tag3065,g95
tag3066,g95
tag3067,g95
tag3068,g95
tag3069,g95
tag3070,g95
tag3071,g95
tag3072,g96
tag3073,g96
tag3074,g96
tag3075,g96
tag3076,g96
tag3077,g96
tag3078,g96
tag3079,g96
tag3080,g96
tag3081,g96
tag3082,g96
tag3083,g96
tag3084,g96
tag3085,g96
tag3086,g96
tag3087,g96
tag3088,g96
tag3089,g96
tag3090,g96
tag3091,g96
tag3092,g96
tag3093,g96
tag3094,g96
tag3095,g96
tag3096,g96
tag3097,g96
tag3098,g96
tag3099,g96
tag3100,g96
tag3101,g96
tag3102,g96
tag3103,g96
tag3104,g97
tag3105,g97
tag3106,g97
tag3107,g97
tag3108,g97
tag3109,g97
tag3110,g97
tag3111,g97
tag3112,g97
tag3113,g97
tag3114,g97
tag3115,g97
tag3116,g97
tag3117,g97
tag3118,g97
tag3119,g97
tag3120,g97
tag3121,g97
tag3122,g97
tag3123,g97
tag3124,g97
tag3125,g97
tag3126,g97
tag3127,g97
tag3128,g97
tag3129,g97
tag3130,g97
tag3131,g97
tag3132,g97
tag3133,g97
tag3134,g97
tag3135,g97
tag3136,g98
tag3137,g98
tag3138,g98
tag3139,g98
tag3140,g98
tag3141,g98
tag3142,g98
tag3143,g98
tag3144,g98
tag3145,g98
tag3146,g98
tag3147,g98
tag3148,g98
tag3149,g98
tag3150,g98
tag3151,g98
tag3152,g98
tag3153,g98
tag3154,g98
tag3155,g98
tag3156,g98
tag3157,g98
tag3158,g98
tag3159,g98
tag3160,g98
tag3161,g98
tag3162,g98
tag3163,g98
tag3164,g98
tag3165,g98
tag3166,g98
tag3167,g98
tag3168,g99
tag3169,g99
tag3170,g99
tag3171,g99
tag3172,g99
tag3173,g99
tag3174,g99
tag3175,g99
tag3176,g99
tag3177,g99
tag3178,g99
tag3179,g99
tag3180,g99
tag3181,g99
tag3182,g99
tag3183,g99
tag3184,g99
tag3185,g99
tag3186,g99
tag3187,g99
tag3188,g99
tag3189,g99
tag3190,g99
tag3191,g99
tag3192,g99
tag3193,g99
tag3194,g99
tag3195,g99
tag3196,g99
tag3197,g99
tag3198,g99
tag3199,g99
tag3200,g100
tag3201,g100
tag3202,g100
tag3203,g100
tag3204,g100
tag3205,g100
tag3206,g100
tag3207,g100
tag3208,g100
tag3209,g100
tag3210,g100
tag3211,g100
tag3212,g100
tag3213,g100
tag3214,g100
tag3215,g100
tag3216,g100
tag3217,g100
tag3218,g100
tag3219,g100
tag3220,g100
tag3221,g100
tag3222,g100
tag3223,g100
tag3224,g100
tag3225,g100
tag3226,g100
tag3227,g100
tag3228,g100
tag3229,g100
tag3230,g100
tag3231,g100
tag3232,g101
tag3233,g101
tag3234,g101
tag3235,g101
tag3236,g101
tag3237,g101
tag3238,g101
tag3239,g101
tag3240,g101
tag3241,g101
tag3242,g101
tag3243,g101
tag3244,g101
tag3245,g101
tag3246,g101
tag3247,g101
tag3248,g101
tag3249,g101
tag3250,g101
tag3251,g101
tag3252,g101
tag3253,g101
tag3254,g101
tag3255,g101
tag3256,g101
tag3257,g101
tag3258,g101
tag3259,g101
tag3260,g101
tag3261,g101
tag3262,g101
tag3263,g101
tag3264,g102
tag3265,g102
tag3266,g102
tag3267,g102
tag3268,g102
tag3269,g102
tag3270,g102
tag3271,g102
tag3272,g102
tag3273,g102
tag3274,g102
tag3275,g102
tag3276,g102
tag3277,g102
tag3278,g102
tag3279,g102
tag3280,g102
tag3281,g102
tag3282,g102
tag3283,g102
tag3284,g102
tag3285,g102
tag3286,g102
tag3287,g102
tag3288,g102
tag3289,g102
tag3290,g102
tag3291,g102
tag3292,g102
tag3293,g102
tag3294,g102
tag3295,g102
tag3296,g103
tag3297,g103
tag3298,g103
tag3299,g103
tag3300,g103
tag3301,g103
tag3302,g103
tag3303,g103
tag3304,g103
tag3305,g103
tag3306,g103
tag3307,g103
tag3308,g103
tag3309,g103
tag3310,g103
tag3311,g103
tag3312,g103
tag3313,g103
tag3314,g103
tag3315,g103
tag3316,g103
tag3317,g103
tag3318,g103
tag3319,g103
tag3320,g103
tag3321,g103
tag3322,g103
tag3323,g103
tag3324,g103
tag3325,g103
tag3326,g103
tag3327,g103
tag3328,g104
tag3329,g104
tag3330,g104
tag3331,g104
tag3332,g104
tag3333,g104
tag3334,g104
tag3335,g104
tag3336,g104
tag3337,g104
tag3338,g104
tag3339,g104
tag3340,g104
tag3341,g104
tag3342,g104
tag3343,g104
tag3344,g104
tag3345,g104
tag3346,g104
tag3347,g104
tag3348,g104
tag3349,g104
tag3350,g104
tag3351,g104
tag3352,g104
tag3353,g104
tag3354,g104
tag3355,g104
tag3356,g104
tag3357,g104
tag3358,g104
tag3359,g104
tag3360,g105
tag3361,g105
tag3362,g105
tag3363,g105
tag3364,g105
tag3365,g105
tag3366,g105
tag3367,g105
tag3368,g105
tag3369,g105
tag3370,g105
tag3371,g105
tag3372,g105
tag3373,g105
tag3374,g105
tag3375,g105
tag3376,g105
tag3377,g105
tag3378,g105
tag3379,g105
tag3380,g105
tag3381,g105
tag3382,g105
tag3383,g105
tag3384,g105
tag3385,g105
tag3386,g105
tag3387,g105
tag3388,g105
tag3389,g105
tag3390,g105
tag3391,g105
tag3392,g106
tag3393,g106
tag3394,g106
tag3395,g106
tag3396,g106
tag3397,g106
tag3398,g106
tag3399,g106
tag3400,g106
tag3401,g106
tag3402,g106
tag3403,g106
tag3404,g106
tag3405,g106
tag3406,g106
tag3407,g106
tag3408,g106
tag3409,g106
tag3410,g106
tag3411,g106
tag3412,g106
tag3413,g106
tag3414,g106
tag3415,g106
tag3416,g106
tag3417,g106
tag3418,g106
tag3419,g106
tag3420,g106
tag3421,g106
tag3422,g106
tag3423,g106
tag3424,g107
tag3425,g107
tag3426,g107
tag3427,g107
tag3428,g107
tag3429,g107
tag3430,g107
tag3431,g107
tag3432,g107
tag3433,g107
tag3434,g107
tag3435,g107
tag3436,g107
tag3437,g107
tag3438,g107
tag3439,g107
tag3440,g107
tag3441,g107
tag3442,g107
tag3443,g107
tag3444,g107
tag3445,g107
tag3446,g107
tag3447,g107
tag3448,g107
tag3449,g107
tag3450,g107
tag3451,g107
tag3452,g107
tag3453,g107
tag3454,g107
tag3455,g107
tag3456,g108
tag3457,g108
tag3458,g108
tag3459,g108
tag3460,g108
tag3461,g108
tag3462,g108
tag3463,g108
tag3464,g108
tag3465,g108
tag3466,g108
tag3467,g108
tag3468,g108
tag3469,g108
tag3470,g108
tag3471,g108
tag3472,g108
tag3473,g108
tag3474,g108
tag3475,g108
tag3476,g108
tag3477,g108
tag3478,g108
tag3479,g108
tag3480,g108
tag3481,g108
tag3482,g108
tag3483,g108
tag3484,g108
tag3485,g108
tag3486,g108
tag3487,g108
tag3488,g109
tag3489,g109
tag3490,g109
tag3491,g109
tag3492,g109
tag3493,g109
tag3494,g109
tag3495,g109
tag3496,g109
tag3497,g109
tag3498,g109
tag3499,g109
tag3500,g109
tag3501,g109
tag3502,g109
tag3503,g109
tag3504,g109
tag3505,g109
tag3506,g109
tag3507,g109
tag3508,g109
tag3509,g109
tag3510,g109
tag3511,g109
tag3512,g109
tag3513,g109
tag3514,g109
tag3515,g109
tag3516,g109
tag3517,g109
tag3518,g109
tag3519,g109
tag3520,g110
tag3521,g110
tag3522,g110
tag3523,g110
tag3524,g110
tag3525,g110
tag3526,g110
tag3527,g110
tag3528,g110
tag3529,g110
tag3530,g110
tag3531,g110
tag3532,g110
tag3533,g110
tag3534,g110
tag3535,g110
tag3536,g110
tag3537,g110
tag3538,g110
tag3539,g110
tag3540,g110
tag3541,g110
tag3542,g110
tag3543,g110
tag3544,g110
tag3545,g110
tag3546,g110
tag3547,g110
tag3548,g110
tag3549,g110
tag3550,g110
tag3551,g110
tag3552,g111
tag3553,g111
tag3554,g111
tag3555,g111
tag3556,g111
tag3557,g111
tag3558,g111
tag3559,g111
tag3560,g111
tag3561,g111
tag3562,g111
tag3563,g111
tag3564,g111
tag3565,g111
tag3566,g111
tag3567,g111
tag3568,g111
tag3569,g111
tag3570,g111
tag3571,g111
tag3572,g111
tag3573,g111
tag3574,g111
tag3575,g111
tag3576,g111
tag3577,g111
tag3578,g111
tag3579,g111
tag3580,g111
tag3581,g111
tag3582,g111
tag3583,g111
tag3584,g112
tag3585,g112
tag3586,g112
tag3587,g112
tag3588,g112
tag3589,g112
tag3590,g112
tag3591,g112
tag3592,g112
tag3593,g112
tag3594,g112
tag3595,g112
tag3596,g112
tag3597,g112
tag3598,g112
tag3599,g112
tag3600,g112
tag3601,g112
tag3602,g112
tag3603,g112
tag3604,g112
tag3605,g112
tag3606,g112
tag3607,g112
tag3608,g112
tag3609,g112
tag3610,g112
tag3611,g112
tag3612,g112
tag3613,g112
tag3614,g112
tag3615,g112
tag3616,g113
tag3617,g113
tag3618,g113
tag3619,g113
tag3620,g113
tag3621,g113
tag3622,g113
tag3623,g113
tag3624,g113
tag3625,g113
tag3626,g113
tag3627,g113
tag3628,g113
tag3629,g113
tag3630,g113
tag3631,g113
tag3632,g113
tag3633,g113
tag3634,g113
tag3635,g113
tag3636,g113
tag3637,g113
tag3638,g113
tag3639,g113
tag3640,g113
tag3641,g113
tag3642,g113
tag3643,g113
tag3644,g113
tag3645,g113
tag3646,g113
tag3647,g113
tag3648,g114
tag3649,g114
tag3650,g114
tag3651,g114
tag3652,g114
tag3653,g114
tag3654,g114
tag3655,g114
tag3656,g114
tag3657,g114
tag3658,g114
tag3659,g114
tag3660,g114
tag3661,g114
tag3662,g114
tag3663,g114
tag3664,g114
tag3665,g114
tag3666,g114
tag3667,g114
tag3668,g114
tag3669,g114
tag3670,g114
tag3671,g114
tag3672,g114
tag3673,g114
tag3674,g114
tag3675,g114
tag3676,g114
tag3677,g114
tag3678,g114
tag3679,g114
tag3680,g115
tag3681,g115
tag3682,g115
tag3683,g115
tag3684,g115
tag3685,g115
tag3686,g115
tag3687,g115
tag3688,g115
tag3689,g115
tag3690,g115
tag3691,g115
tag3692,g115
tag3693,g115
tag3694,g115
tag3695,g115
tag3696,g115
tag3697,g115
tag3698,g115
tag3699,g115
tag3700,g115
tag3701,g115
tag3702,g115
tag3703,g115
tag3704,g115
tag3705,g115
tag3706,g115
tag3707,g115
tag3708,g115
tag3709,g115
tag3710,g115
tag3711,g115
tag3712,g116
tag3713,g116
tag3714,g116
tag3715,g116
tag3716,g116
tag3717,g116
tag3718,g116
tag3719,g116
tag3720,g116
tag3721,g116
tag3722,g116
tag3723,g116
tag3724,g116
tag3725,g116
tag3726,g116
tag3727,g116
tag3728,g116
tag3729,g116
tag3730,g116
tag3731,g116
tag3732,g116
tag3733,g116
tag3734,g116
tag3735,g116
tag3736,g116
tag3737,g116
tag3738,g116
tag3739,g116
tag3740,g116
tag3741,g116
tag3742,g116
tag3743,g116
tag3744,g117
tag3745,g117
tag3746,g117
tag3747,g117
tag3748,g117
tag3749,g117
tag3750,g117
tag3751,g117
tag3752,g117
tag3753,g117
tag3754,g117
tag3755,g117
tag3756,g117
tag3757,g117
tag3758,g117
tag3759,g117
tag3760,g117
tag3761,g117
tag3762,g117
tag3763,g117
tag3764,g117
tag3765,g117
tag3766,g117
tag3767,g117
tag3768,g117
tag3769,g117
tag3770,g117
tag3771,g117
tag3772,g117
tag3773,g117
tag3774,g117
tag3775,g117
tag3776,g118
tag3777,g118
tag3778,g118
tag3779,g118
tag3780,g118
tag3781,g118
tag3782,g118
tag3783,g118
tag3784,g118
tag3785,g118
tag3786,g118
tag3787,g118
tag3788,g118
tag3789,g118
tag3790,g118
tag3791,g118
tag3792,g118
tag3793,g118
tag3794,g118
tag3795,g118
tag3796,g118
tag3797,g118
tag3798,g118
tag3799,g118
tag3800,g118
tag3801,g118
tag3802,g118
tag3803,g118
tag3804,g118
tag3805,g118
tag3806,g118
tag3807,g118
tag3808,g119
tag3809,g119
tag3810,g119
tag3811,g119
tag3812,g119
tag3813,g119
tag3814,g119
tag3815,g119
tag3816,g119
tag3817,g119
tag3818,g119
tag3819,g119
tag3820,g119
tag3821,g119
tag3822,g119
tag3823,g119
tag3824,g119
tag3825,g119
tag3826,g119
tag3827,g119
tag3828,g119
tag3829,g119
tag3830,g119
tag3831,g119
tag3832,g119
tag3833,g119
tag3834,g119
tag3835,g119
tag3836,g119
tag3837,g119
tag3838,g119
tag3839,g119
tag3840,g120
tag3841,g120
tag3842,g120
tag3843,g120
tag3844,g120
tag3845,g120
tag3846,g120
tag3847,g120
tag3848,g120
tag3849,g120
tag3850,g120
tag3851,g120
tag3852,g120
tag3853,g120
tag3854,g120
tag3855,g120
tag3856,g120
tag3857,g120
tag3858,g120
tag3859,g120
tag3860,g120
tag3861,g120
tag3862,g120
tag3863,g120
tag3864,g120
tag3865,g120
tag3866,g120
tag3867,g120
tag3868,g120
tag3869,g120
tag3870,g120
tag3871,g120
tag3872,g121
tag3873,g121
tag3874,g121
tag3875,g121
tag3876,g121
tag3877,g121
tag3878,g121
tag3879,g121
tag3880,g121
tag3881,g121
tag3882,g121
tag3883,g121
tag3884,g121
tag3885,g121
tag3886,g121
tag3887,g121
tag3888,g121
tag3889,g121
tag3890,g121
tag3891,g121
tag3892,g121
tag3893,g121
tag3894,g121
tag3895,g121
tag3896,g121
tag3897,g121
tag3898,g121
tag3899,g121
tag3900,g121
tag3901,g121
tag3902,g121
tag3903,g121
tag3904,g122
tag3905,g122
tag3906,g122
tag3907,g122
tag3908,g122
tag3909,g122
tag3910,g122
tag3911,g122
tag3912,g122
tag3913,g122
tag3914,g122
tag3915,g122
tag3916,g122
tag3917,g122
tag3918,g122
tag3919,g122
tag3920,g122
tag3921,g122
tag3922,g122
tag3923,g122
tag3924,g122
tag3925,g122
tag3926,g122
tag3927,g122
tag3928,g122
tag3929,g122
tag3930,g122
tag3931,g122
tag3932,g122
tag3933,g122
tag3934,g122
tag3935,g122
tag3936,g123
tag3937,g123
tag3938,g123
tag3939,g123
tag3940,g123
tag3941,g123
tag3942,g123
tag3943,g123
tag3944,g123
tag3945,g123
tag3946,g123
tag3947,g123
tag3948,g123
tag3949,g123
tag3950,g123
tag3951,g123
tag3952,g123
tag3953,g123
tag3954,g123
tag3955,g123
tag3956,g123
tag3957,g123
tag3958,g123
tag3959,g123
tag3960,g123
tag3961,g123
tag3962,g123
tag3963,g123
tag3964,g123
tag3965,g123
tag3966,g123
tag3967,g123
tag3968,g124
tag3969,g124
tag3970,g124
tag3971,g124
tag3972,g124
tag3973,g124
tag3974,g124
tag3975,g124
tag3976,g124
tag3977,g124
tag3978,g124
tag3979,g124
tag3980,g124
tag3981,g124
tag3982,g124
tag3983,g124
tag3984,g124
tag3985,g124
tag3986,g124
tag3987,g124
tag3988,g124
tag3989,g124
tag3990,g124
tag3991,g124
tag3992,g124
tag3993,g124
tag3994,g124
tag3995,g124
tag3996,g124
tag3997,g124
tag3998,g124
tag3999,g124
tag4000,g125
tag4001,g125
tag4002,g125
tag4003,g125
tag4004,g125
tag4005,g125
tag4006,g125
tag4007,g125
tag4008,g125
tag4009,g125
tag4010,g125
tag4011,g125
tag4012,g125
tag4013,g125
tag4014,g125
tag4015,g125
tag4016,g125
tag4017,g125
tag4018,g125
tag4019,g125
tag4020,g125
tag4021,g125
tag4022,g125
tag4023,g125
tag4024,g125
tag4025,g125
tag4026,g125
tag4027,g125
tag4028,g125
tag4029,g125
tag4030,g125
tag4031,g125
tag4032,g126
tag4033,g126
tag4034,g126
tag4035,g126
tag4036,g126
tag4037,g126
tag4038,g126
tag4039,g126
tag4040,g126
tag4041,g126
tag4042,g126
tag4043,g126
tag4044,g126
tag4045,g126
tag4046,g126
tag4047,g126
tag4048,g126
tag4049,g126
tag4050,g126
tag4051,g126
tag4052,g126
tag4053,g126
tag4054,g126
tag4055,g126
tag4056,g126
tag4057,g126
tag4058,g126
tag4059,g126
tag4060,g126
tag4061,g126
tag4062,g126
tag4063,g126
tag4064,g127
tag4065,g127
tag4066,g127
tag4067,g127
tag4068,g127
tag4069,g127
tag4070,g127
tag4071,g127
tag4072,g127
tag4073,g127
tag4074,g127
tag4075,g127
tag4076,g127
tag4077,g127
tag4078,g127
tag4079,g127
tag4080,g127
tag4081,g127
tag4082,g127
tag4083,g127
tag4084,g127
tag4085,g127
tag4086,g127
tag4087,g127
tag4088,g127
tag4089,g127
tag4090,g127
tag4091,g127
tag4092,g127
tag4093,g127
tag4094,g127
tag4095,g127
tag4096,g128
tag4097,g128
tag4098,g128
tag4099,g128
tag4100,g128
tag4101,g128
tag4102,g128
tag4103,g128
tag4104,g128
tag4105,g128
tag4106,g128
tag4107,g128
tag4108,g128
tag4109,g128
tag4110,g128
tag4111,g128
tag4112,g128
tag4113,g128
tag4114,g128
tag4115,g128
tag4116,g128
tag4117,g128
tag4118,g128
tag4119,g128
tag4120,g128
tag4121,g128
tag4122,g128
tag4123,g128
tag4124,g128
tag4125,g128
tag4126,g128
tag4127,g128
tag4128,g129
tag4129,g129
tag4130,g129
tag4131,g129
tag4132,g129
tag4133,g129
tag4134,g129
tag4135,g129
tag4136,g129
tag4137,g129
tag4138,g129
tag4139,g129
tag4140,g129
tag4141,g129
tag4142,g129
tag4143,g129
tag4144,g129
tag4145,g129
tag4146,g129
tag4147,g129
tag4148,g129
tag4149,g129
tag4150,g129
tag4151,g129
tag4152,g129
tag4153,g129
tag4154,g129
tag4155,g129
tag4156,g129
tag4157,g129
tag4158,g129
tag4159,g129
tag4160,g130
tag4161,g130
tag4162,g130
tag4163,g130
tag4164,g130
tag4165,g130
tag4166,g130
tag4167,g130
tag4168,g130
tag4169,g130
tag4170,g130
tag4171,g130
tag4172,g130
tag4173,g130
tag4174,g130
tag4175,g130
tag4176,g130
tag4177,g130
tag4178,g130
tag4179,g130
tag4180,g130
tag4181,g130
tag4182,g130
tag4183,g130
tag4184,g130
tag4185,g130
tag4186,g130
tag4187,g130
tag4188,g130
tag4189,g130
tag4190,g130
tag4191,g130
tag4192,g131
tag4193,g131
tag4194,g131
tag4195,g131
tag4196,g131
tag4197,g131
tag4198,g131
tag4199,g131
tag4200,g131
tag4201,g131
tag4202,g131
tag4203,g131
tag4204,g131
tag4205,g131
tag4206,g131
tag4207,g131
tag4208,g131
tag4209,g131
tag4210,g131
tag4211,g131
tag4212,g131
tag4213,g131
tag4214,g131
tag4215,g131
tag4216,g131
tag4217,g131
tag4218,g131
tag4219,g131
tag4220,g131
tag4221,g131
tag4222,g131
tag4223,g131
tag4224,g132
tag4225,g132
tag4226,g132
tag4227,g132
tag4228,g132
tag4229,g132
tag4230,g132
tag4231,g132
tag4232,g132
tag4233,g132
tag4234,g132
tag4235,g132
tag4236,g132
tag4237,g132
tag4238,g132
tag4239,g132
tag4240,g132
tag4241,g132
tag4242,g132
tag4243,g132
tag4244,g132
tag4245,g132
tag4246,g132
tag4247,g132
tag4248,g132
tag4249,g132
tag4250,g132
tag4251,g132
tag4252,g132
tag4253,g132
tag4254,g132
tag4255,g132
tag4256,g133
tag4257,g133
tag4258,g133
tag4259,g133
tag4260,g133
tag4261,g133
tag4262,g133
tag4263,g133
tag4264,g133
tag4265,g133
tag4266,g133
tag4267,g133
tag4268,g133
tag4269,g133
tag4270,g133
tag4271,g133
tag4272,g133
tag4273,g133
tag4274,g133
tag4275,g133
tag4276,g133
tag4277,g133
tag4278,g133
tag4279,g133
tag4280,g133
tag4281,g133
tag4282,g133
tag4283,g133
tag4284,g133
tag4285,g133
tag4286,g133
tag4287,g133
tag4288,g134
tag4289,g134
tag4290,g134
tag4291,g134
tag4292,g134
tag4293,g134
tag4294,g134
tag4295,g134
tag4296,g134
tag4297,g134
tag4298,g134
tag4299,g134
tag4300,g134
tag4301,g134
tag4302,g134
tag4303,g134
tag4304,g134
tag4305,g134
tag4306,g134
tag4307,g134
tag4308,g134
tag4309,g134
tag4310,g134
tag4311,g134
tag4312,g134
tag4313,g134
tag4314,g134
tag4315,g134
tag4316,g134
tag4317,g134
tag4318,g134
tag4319,g134
tag4320,g135
tag4321,g135
tag4322,g135
tag4323,g135
tag4324,g135
tag4325,g135
tag4326,g135
tag4327,g135
tag4328,g135
tag4329,g135
tag4330,g135
tag4331,g135
tag4332,g135
tag4333,g135
tag4334,g135
tag4335,g135
tag4336,g135
tag4337,g135
tag4338,g135
tag4339,g135
tag4340,g135
tag4341,g135
tag4342,g135
tag4343,g135
tag4344,g135
tag4345,g135
tag4346,g135
tag4347,g135
tag4348,g135
tag4349,g135
tag4350,g135
tag4351,g135
tag4352,g136
tag4353,g136
tag4354,g136
tag4355,g136
tag4356,g136
tag4357,g136
tag4358,g136
tag4359,g136
tag4360,g136
tag4361,g136
tag4362,g136
tag4363,g136
tag4364,g136
tag4365,g136
tag4366,g136
tag4367,g136
tag4368,g136
tag4369,g136
tag4370,g136
tag4371,g136
tag4372,g136
tag4373,g136
tag4374,g136
tag4375,g136
tag4376,g136
tag4377,g136
tag4378,g136
tag4379,g136
tag4380,g136
tag4381,g136
tag4382,g136
tag4383,g136
tag4384,g137
tag4385,g137
tag4386,g137
tag4387,g137
tag4388,g137
tag4389,g137
tag4390,g137
tag4391,g137
tag4392,g137
tag4393,g137
tag4394,g137
tag4395,g137
tag4396,g137
tag4397,g137
tag4398,g137
tag4399,g137
tag4400,g137
tag4401,g137
tag4402,g137
tag4403,g137
tag4404,g137
tag4405,g137
tag4406,g137
tag4407,g137
tag4408,g137
tag4409,g137
tag4410,g137
tag4411,g137
tag4412,g137
tag4413,g137
tag4414,g137
tag4415,g137
tag4416,g138
tag4417,g138
tag4418,g138
tag4419,g138
tag4420,g138
tag4421,g138
tag4422,g138
tag4423,g138
tag4424,g138
tag4425,g138
tag4426,g138
tag4427,g138
tag4428,g138
tag4429,g138
tag4430,g138
tag4431,g138
tag4432,g138
tag4433,g138
tag4434,g138
tag4435,g138
tag4436,g138
tag4437,g138
tag4438,g138
tag4439,g138
tag4440,g138
tag4441,g138
tag4442,g138
tag4443,g138
tag4444,g138
tag4445,g138
tag4446,g138
tag4447,g138
tag4448,g139
tag4449,g139
tag4450,g139
tag4451,g139
tag4452,g139
tag4453,g139
tag4454,g139
tag4455,g139
tag4456,g139
tag4457,g139
tag4458,g139
tag4459,g139
tag4460,g139
tag4461,g139
tag4462,g139
tag4463,g139
tag4464,g139
tag4465,g139
tag4466,g139
tag4467,g139
tag4468,g139
tag4469,g139
tag4470,g139
tag4471,g139
tag4472,g139
tag4473,g139
tag4474,g139
tag4475,g139
tag4476,g139
tag4477,g139
tag4478,g139
tag4479,g139
tag4480,g140
tag4481,g140
tag4482,g140
tag4483,g140
tag4484,g140
tag4485,g140
tag4486,g140
tag4487,g140
tag4488,g140
tag4489,g140
tag4490,g140
tag4491,g140
tag4492,g140
tag4493,g140
tag4494,g140
tag4495,g140
tag4496,g140
tag4497,g140
tag4498,g140
tag4499,g140
tag4500,g140
tag4501,g140
tag4502,g140
tag4503,g140
tag4504,g140
tag4505,g140
tag4506,g140
tag4507,g140
tag4508,g140
tag4509,g140
tag4510,g140
tag4511,g140
tag4512,g141
tag4513,g141
tag4514,g141
tag4515,g141
tag4516,g141
tag4517,g141
tag4518,g141
tag4519,g141
tag4520,g141
tag4521,g141
tag4522,g141
tag4523,g141
tag4524,g141
tag4525,g141
tag4526,g141
tag4527,g141
tag4528,g141
tag4529,g141
tag4530,g141
tag4531,g141
tag4532,g141
tag4533,g141
tag4534,g141
tag4535,g141
tag4536,g141
tag4537,g141
tag4538,g141
tag4539,g141
tag4540,g141
tag4541,g141
tag4542,g141
tag4543,g141
tag4544,g142
tag4545,g142
tag4546,g142
tag4547,g142
tag4548,g142
tag4549,g142
tag4550,g142
tag4551,g142
tag4552,g142
tag4553,g142
tag4554,g142
tag4555,g142
tag4556,g142
tag4557,g142
tag4558,g142
tag4559,g142
tag4560,g142
tag4561,g142
tag4562,g142
tag4563,g142
tag4564,g142
tag4565,g142
tag4566,g142
tag4567,g142
tag4568,g142
tag4569,g142
tag4570,g142
tag4571,g142
tag4572,g142
tag4573,g142
tag4574,g142
tag4575,g142
tag4576,g143
tag4577,g143
tag4578,g143
tag4579,g143
tag4580,g143
tag4581,g143
tag4582,g143
tag4583,g143
tag4584,g143
tag4585,g143
tag4586,g143
tag4587,g143
tag4588,g143
tag4589,g143
tag4590,g143
tag4591,g143
tag4592,g143
tag4593,g143
tag4594,g143
tag4595,g143
tag4596,g143
tag4597,g143
tag4598,g143
tag4599,g143
tag4600,g143
tag4601,g143
tag4602,g143
tag4603,g143
tag4604,g143
tag4605,g143
tag4606,g143
tag4607,g143
tag4608,g144
tag4609,g144
tag4610,g144
tag4611,g144
tag4612,g144
tag4613,g144
tag4614,g144
tag4615,g144
tag4616,g144
tag4617,g144
tag4618,g144
tag4619,g144
tag4620,g144
tag4621,g144
tag4622,g144
tag4623,g144
tag4624,g144
tag4625,g144
tag4626,g144
tag4627,g144
tag4628,g144
tag4629,g144
tag4630,g144
tag4631,g144
tag4632,g144
tag4633,g144
tag4634,g144
tag4635,g144
tag4636,g144
tag4637,g144
tag4638,g144
tag4639,g144
tag4640,g145
tag4641,g145
tag4642,g145
tag4643,g145
tag4644,g145
tag4645,g145
tag4646,g145
tag4647,g145
tag4648,g145
tag4649,g145
tag4650,g145
tag4651,g145
tag4652,g145
tag4653,g145
tag4654,g145
tag4655,g145
tag4656,g145
tag4657,g145
tag4658,g145
tag4659,g145
tag4660,g145
tag4661,g145
tag4662,g145
tag4663,g145
tag4664,g145
tag4665,g145
tag4666,g145
tag4667,g145
tag4668,g145
tag4669,g145
tag4670,g145
tag4671,g145
tag4672,g146
tag4673,g146
tag4674,g146
tag4675,g146
tag4676,g146
tag4677,g146
tag4678,g146
tag4679,g146
tag4680,g146
tag4681,g146
tag4682,g146
tag4683,g146
tag4684,g146
tag4685,g146
tag4686,g146
tag4687,g146
tag4688,g146
tag4689,g146
tag4690,g146
tag4691,g146
tag4692,g146
tag4693,g146
tag4694,g146
tag4695,g146
tag4696,g146
tag4697,g146
tag4698,g146
tag4699,g146
tag4700,g146
tag4701,g146
tag4702,g146
tag4703,g146
tag4704,g147
tag4705,g147
tag4706,g147
tag4707,g147
tag4708,g147
tag4709,g147
tag4710,g147
tag4711,g147
tag4712,g147
tag4713,g147
tag4714,g147
tag4715,g147
tag4716,g147
tag4717,g147
tag4718,g147
tag4719,g147
tag4720,g147
tag4721,g147
tag4722,g147
tag4723,g147
tag4724,g147
tag4725,g147
tag4726,g147
tag4727,g147
tag4728,g147
tag4729,g147
tag4730,g147
tag4731,g147
tag4732,g147
tag4733,g147
tag4734,g147
tag4735,g147
tag4736,g148
tag4737,g148
tag4738,g148
tag4739,g148
tag4740,g148
tag4741,g148
tag4742,g148
tag4743,g148
tag4744,g148
tag4745,g148
tag4746,g148
tag4747,g148
tag4748,g148
tag4749,g148
tag4750,g148
tag4751,g148
tag4752,g148
tag4753,g148
tag4754,g148
tag4755,g148
tag4756,g148
tag4757,g148
tag4758,g148
tag4759,g148
tag4760,g148
tag4761,g148
tag4762,g148
tag4763,g148
tag4764,g148
tag4765,g148
tag4766,g148
tag4767,g148
tag4768,g149
tag4769,g149
tag4770,g149
tag4771,g149
tag4772,g149
tag4773,g149
tag4774,g149
tag4775,g149
tag4776,g149
tag4777,g149
tag4778,g149
tag4779,g149
tag4780,g149
tag4781,g149
tag4782,g149
tag4783,g149
tag4784,g149
tag4785,g149
tag4786,g149
tag4787,g149
tag4788,g149
tag4789,g149
tag4790,g149
tag4791,g149
tag4792,g149
tag4793,g149
tag4794,g149
tag4795,g149
tag4796,g149
tag4797,g149
tag4798,g149
tag4799,g149
tag4800,g150
tag4801,g150
tag4802,g150
tag4803,g150
tag4804,g150
tag4805,g150
tag4806,g150
tag4807,g150
tag4808,g150
tag4809,g150
tag4810,g150
tag4811,g150
tag4812,g150
tag4813,g150
tag4814,g150
tag4815,g150
tag4816,g150
tag4817,g150
tag4818,g150
tag4819,g150
tag4820,g150
tag4821,g150
tag4822,g150
tag4823,g150
tag4824,g150
tag4825,g150
tag4826,g150
tag4827,g150
tag4828,g150
tag4829,g150
tag4830,g150
tag4831,g150
tag4832,g151
tag4833,g151
tag4834,g151
tag4835,g151
tag4836,g151
tag4837,g151
tag4838,g151
tag4839,g151
tag4840,g151
tag4841,g151
tag4842,g151
tag4843,g151
tag4844,g151
tag4845,g151
tag4846,g151
tag4847,g151
tag4848,g151
tag4849,g151
tag4850,g151
tag4851,g151
tag4852,g151
tag4853,g151
tag4854,g151
tag4855,g151
tag4856,g151
tag4857,g151
tag4858,g151
tag4859,g151
tag4860,g151
tag4861,g151
tag4862,g151
tag4863,g151
tag4864,g152
tag4865,g152
tag4866,g152
tag4867,g152
tag4868,g152
tag4869,g152
tag4870,g152
tag4871,g152
tag4872,g152
tag4873,g152
tag4874,g152
tag4875,g152
tag4876,g152
tag4877,g152
tag4878,g152
tag4879,g152
tag4880,g152
tag4881,g152
tag4882,g152
tag4883,g152
tag4884,g152
tag4885,g152
tag4886,g152
tag4887,g152
tag4888,g152
tag4889,g152
tag4890,g152
tag4891,g152
tag4892,g152
tag4893,g152
tag4894,g152
tag4895,g152
tag4896,g153
tag4897,g153
tag4898,g153
tag4899,g153
tag4900,g153
tag4901,g153
tag4902,g153
tag4903,g153
tag4904,g153
tag4905,g153
tag4906,g153
tag4907,g153
tag4908,g153
tag4909,g153
tag4910,g153
tag4911,g153
tag4912,g153
tag4913,g153
tag4914,g153
tag4915,g153
tag4916,g153
tag4917,g153
tag4918,g153
tag4919,g153
tag4920,g153
tag4921,g153
tag4922,g153
tag4923,g153
tag4924,g153
tag4925,g153
tag4926,g153
tag4927,g153
tag4928,g154
tag4929,g154
tag4930,g154
tag4931,g154
tag4932,g154
tag4933,g154
tag4934,g154
tag4935,g154
tag4936,g154
tag4937,g154
tag4938,g154
tag4939,g154
tag4940,g154
tag4941,g154
tag4942,g154
tag4943,g154
tag4944,g154
tag4945,g154
tag4946,g154
tag4947,g154
tag4948,g154
tag4949,g154
tag4950,g154
tag4951,g154
tag4952,g154
tag4953,g154
tag4954,g154
tag4955,g154
tag4956,g154
tag4957,g154
tag4958,g154
tag4959,g154
tag4960,g155
tag4961,g155
tag4962,g155
tag4963,g155
tag4964,g155
tag4965,g155
tag4966,g155
tag4967,g155
tag4968,g155
tag4969,g155
tag4970,g155
tag4971,g155
tag4972,g155
tag4973,g155
tag4974,g155
tag4975,g155
tag4976,g155
tag4977,g155
tag4978,g155
tag4979,g155
tag4980,g155
tag4981,g155
tag4982,g155
tag4983,g155
tag4984,g155
tag4985,g155
tag4986,g155
tag4987,g155
tag4988,g155
tag4989,g155
tag4990,g155
tag4991,g155
tag4992,g156
tag4993,g156
tag4994,g156
tag4995,g156
tag4996,g156
tag4997,g156
tag4998,g156
tag4999,g156
tag5000,g156
tag5001,g156
tag5002,g156
tag5003,g156
tag5004,g156
tag5005,g156
tag5006,g156
tag5007,g156
tag5008,g156
tag5009,g156
tag5010,g156
tag5011,g156
tag5012,g156
tag5013,g156
tag5014,g156
tag5015,g156
tag5016,g156
tag5017,g156
tag5018,g156
tag5019,g156
tag5020,g156
tag5021,g156
tag5022,g156
tag5023,g156
tag5024,g157
tag5025,g157
tag5026,g157
tag5027,g157
tag5028,g157
tag5029,g157
tag5030,g157
tag5031,g157
tag5032,g157
tag5033,g157
tag5034,g157
tag5035,g157
tag5036,g157
tag5037,g157
tag5038,g157
tag5039,g157
tag5040,g157
tag5041,g157
tag5042,g157
tag5043,g157
tag5044,g157
tag5045,g157
tag5046,g157
tag5047,g157
tag5048,g157
tag5049,g157
tag5050,g157
tag5051,g157
tag5052,g157
tag5053,g157
tag5054,g157
tag5055,g157
tag5056,g158
tag5057,g158
tag5058,g158
tag5059,g158
tag5060,g158
tag5061,g158
tag5062,g158
tag5063,g158
tag5064,g158
tag5065,g158
tag5066,g158
tag5067,g158
tag5068,g158
tag5069,g158
tag5070,g158
tag5071,g158
tag5072,g158
tag5073,g158
tag5074,g158
tag5075,g158
tag5076,g158
tag5077,g158
tag5078,g158
tag5079,g158
tag5080,g158
tag5081,g158
tag5082,g158
tag5083,g158
tag5084,g158
tag5085,g158
tag5086,g158
tag5087,g158
tag5088,g159
tag5089,g159
tag5090,g159
tag5091,g159
tag5092,g159
tag5093,g159
tag5094,g159
tag5095,g159
tag5096,g159
tag5097,g159
tag5098,g159
tag5099,g159
tag5100,g159
tag5101,g159
tag5102,g159
tag5103,g159
tag5104,g159
tag5105,g159
tag5106,g159
tag5107,g159
tag5108,g159
tag5109,g159
tag5110,g159
tag5111,g159
tag5112,g159
tag5113,g159
tag5114,g159
tag5115,g159
tag5116,g159
tag5117,g159
tag5118,g159
tag5119,g159
tag5120,g160
tag5121,g160
tag5122,g160
tag5123,g160
tag5124,g160
tag5125,g160
tag5126,g160
tag5127,g160
tag5128,g160
tag5129,g160
tag5130,g160
tag5131,g160
tag5132,g160
tag5133,g160
tag5134,g160
tag5135,g160
tag5136,g160
tag5137,g160
tag5138,g160
tag5139,g160
tag5140,g160
tag5141,g160
tag5142,g160
tag5143,g160
tag5144,g160
tag5145,g160
tag5146,g160
tag5147,g160
tag5148,g160
tag5149,g160
tag5150,g160
tag5151,g160
tag5152,g161
tag5153,g161
tag5154,g161
tag5155,g161
tag5156,g161
tag5157,g161
tag5158,g161
tag5159,g161
tag5160,g161
tag5161,g161
tag5162,g161
tag5163,g161
tag5164,g161
tag5165,g161
tag5166,g161
tag5167,g161
tag5168,g161
tag5169,g161
tag5170,g161
tag5171,g161
tag5172,g161
tag5173,g161
tag5174,g161
tag5175,g161
tag5176,g161
tag5177,g161
tag5178,g161
tag5179,g161
tag5180,g161
tag5181,g161
tag5182,g161
tag5183,g161
tag5184,g162
tag5185,g162
tag5186,g162
tag5187,g162
tag5188,g162
tag5189,g162
tag5190,g162
tag5191,g162
tag5192,g162
tag5193,g162
tag5194,g162
tag5195,g162
tag5196,g162
tag5197,g162
tag5198,g162
tag5199,g162
tag5200,g162
tag5201,g162
tag5202,g162
tag5203,g162
tag5204,g162
tag5205,g162
tag5206,g162
tag5207,g162
tag5208,g162
tag5209,g162
tag5210,g162
tag5211,g162
tag5212,g162
tag5213,g162
tag5214,g162
tag5215,g162
tag5216,g163
tag5217,g163
tag5218,g163
tag5219,g163
tag5220,g163
tag5221,g163
tag5222,g163
tag5223,g163
tag5224,g163
tag5225,g163
tag5226,g163
tag5227,g163
tag5228,g163
tag5229,g163
tag5230,g163
tag5231,g163
tag5232,g163
tag5233,g163
tag5234,g163
tag5235,g163
tag5236,g163
tag5237,g163
tag5238,g163
tag5239,g163
tag5240,g163
tag5241,g163
tag5242,g163
tag5243,g163
tag5244,g163
tag5245,g163
tag5246,g163
tag5247,g163
tag5248,g164
tag5249,g164
tag5250,g164
tag5251,g164
tag5252,g164
tag5253,g164
tag5254,g164
tag5255,g164
tag5256,g164
tag5257,g164
tag5258,g164
tag5259,g164
tag5260,g164
tag5261,g164
tag5262,g164
tag5263,g164
tag5264,g164
tag5265,g164
tag5266,g164
tag5267,g164
tag5268,g164
tag5269,g164
tag5270,g164
tag5271,g164
tag5272,g164
tag5273,g164
tag5274,g164
tag5275,g164
tag5276,g164
tag5277,g164
tag5278,g164
tag5279,g164
tag5280,g165
tag5281,g165
tag5282,g165
tag5283,g165
tag5284,g165
tag5285,g165
tag5286,g165
tag5287,g165
tag5288,g165
tag5289,g165
tag5290,g165
tag5291,g165
tag5292,g165
tag5293,g165
tag5294,g165
tag5295,g165
tag5296,g165
tag5297,g165
tag5298,g165
tag5299,g165
tag5300,g165
tag5301,g165
tag5302,g165
tag5303,g165
tag5304,g165
tag5305,g165
tag5306,g165
tag5307,g165
tag5308,g165
tag5309,g165
tag5310,g165
tag5311,g165
tag5312,g166
tag5313,g166
tag5314,g166
tag5315,g166
tag5316,g166
tag5317,g166
tag5318,g166
tag5319,g166
tag5320,g166
tag5321,g166
tag5322,g166
tag5323,g166
tag5324,g166
tag5325,g166
tag5326,g166
tag5327,g166
tag5328,g166
tag5329,g166
tag5330,g166
tag5331,g166
tag5332,g166
tag5333,g166
tag5334,g166
tag5335,g166
tag5336,g166
tag5337,g166
tag5338,g166
tag5339,g166
tag5340,g166
tag5341,g166
tag5342,g166
tag5343,g166
tag5344,g167
tag5345,g167
tag5346,g167
tag5347,g167
tag5348,g167
tag5349,g167
tag5350,g167
tag5351,g167
tag5352,g167
tag5353,g167
tag5354,g167
tag5355,g167
tag5356,g167
tag5357,g167
tag5358,g167
tag5359,g167
tag5360,g167
tag5361,g167
tag5362,g167
tag5363,g167
tag5364,g167
tag5365,g167
tag5366,g167
tag5367,g167
tag5368,g167
tag5369,g167
tag5370,g167
tag5371,g167
tag5372,g167
tag5373,g167
tag5374,g167
tag5375,g167
tag5376,g168
tag5377,g168
tag5378,g168
tag5379,g168
tag5380,g168
tag5381,g168
tag5382,g168
tag5383,g168
tag5384,g168
tag5385,g168
tag5386,g168
tag5387,g168
tag5388,g168
tag5389,g168
tag5390,g168
tag5391,g168
tag5392,g168
tag5393,g168
tag5394,g168
tag5395,g168
tag5396,g168
tag5397,g168
tag5398,g168
tag5399,g168
tag5400,g168
tag5401,g168
tag5402,g168
tag5403,g168
tag5404,g168
tag5405,g168
tag5406,g168
tag5407,g168
tag5408,g169
tag5409,g169
tag5410,g169
tag5411,g169
tag5412,g169
tag5413,g169
tag5414,g169
tag5415,g169
tag5416,g169
tag5417,g169
tag5418,g169
tag5419,g169
tag5420,g169
tag5421,g169
tag5422,g169
tag5423,g169
tag5424,g169
tag5425,g169
tag5426,g169
tag5427,g169
tag5428,g169
tag5429,g169
tag5430,g169
tag5431,g169
tag5432,g169
tag5433,g169
tag5434,g169
tag5435,g169
tag5436,g169
tag5437,g169
tag5438,g169
tag5439,g169
tag5440,g170
tag5441,g170
tag5442,g170
tag5443,g170
tag5444,g170
tag5445,g170
tag5446,g170
tag5447,g170
tag5448,g170
tag5449,g170
tag5450,g170
tag5451,g170
tag5452,g170
tag5453,g170
tag5454,g170
tag5455,g170
tag5456,g170
tag5457,g170
tag5458,g170
tag5459,g170
tag5460,g170
tag5461,g170
tag5462,g170
tag5463,g170
tag5464,g170
tag5465,g170
tag5466,g170
tag5467,g170
tag5468,g170
tag5469,g170
tag5470,g170
tag5471,g170
tag5472,g171
tag5473,g171
tag5474,g171
tag5475,g171
tag5476,g171
tag5477,g171
tag5478,g171
tag5479,g171
tag5480,g171
tag5481,g171
tag5482,g171
tag5483,g171
tag5484,g171
tag5485,g171
tag5486,g171
tag5487,g171
tag5488,g171
tag5489,g171
tag5490,g171
tag5491,g171
tag5492,g171
tag5493,g171
tag5494,g171
tag5495,g171
tag5496,g171
tag5497,g171
tag5498,g171
tag5499,g171
tag5500,g171
tag5501,g171
tag5502,g171
tag5503,g171
tag5504,g172
tag5505,g172
tag5506,g172
tag5507,g172
tag5508,g172
tag5509,g172
tag5510,g172
tag5511,g172
tag5512,g172
tag5513,g172
tag5514,g172
tag5515,g172
tag5516,g172
tag5517,g172
tag5518,g172
tag5519,g172
tag5520,g172
tag5521,g172
tag5522,g172
tag5523,g172
tag5524,g172
tag5525,g172
tag5526,g172
tag5527,g172
tag5528,g172
tag5529,g172
tag5530,g172
tag5531,g172
tag5532,g172
tag5533,g172
tag5534,g172
tag5535,g172
tag5536,g173
tag5537,g173
tag5538,g173
tag5539,g173
tag5540,g173
tag5541,g173
tag5542,g173
tag5543,g173
tag5544,g173
tag5545,g173
tag5546,g173
tag5547,g173
tag5548,g173
tag5549,g173
tag5550,g173
tag5551,g173
tag5552,g173
tag5553,g173
tag5554,g173
tag5555,g173
tag5556,g173
tag5557,g173
tag5558,g173
tag5559,g173
tag5560,g173
tag5561,g173
tag5562,g173
tag5563,g173
tag5564,g173
tag5565,g173
tag5566,g173
tag5567,g173
tag5568,g174
tag5569,g174
tag5570,g174
tag5571,g174
tag5572,g174
tag5573,g174
tag5574,g174
tag5575,g174
tag5576,g174
tag5577,g174
tag5578,g174
tag5579,g174
tag5580,g174
tag5581,g174
tag5582,g174
tag5583,g174
tag5584,g174
tag5585,g174
tag5586,g174
tag5587,g174
tag5588,g174
tag5589,g174
tag5590,g174
tag5591,g174
tag5592,g174
tag5593,g174
tag5594,g174
tag5595,g174
tag5596,g174
tag5597,g174
tag5598,g174
tag5599,g174
tag5600,g175
tag5601,g175
tag5602,g175
tag5603,g175
tag5604,g175
tag5605,g175
tag5606,g175
tag5607,g175
tag5608,g175
tag5609,g175
tag5610,g175
tag5611,g175
tag5612,g175
tag5613,g175
tag5614,g175
tag5615,g175
tag5616,g175
tag5617,g175
tag5618,g175
tag5619,g175
tag5620,g175
tag5621,g175
tag5622,g175
tag5623,g175
tag5624,g175
tag5625,g175
tag5626,g175
tag5627,g175
tag5628,g175
tag5629,g175
tag5630,g175
tag5631,g175
tag5632,g176
tag5633,g176
tag5634,g176
tag5635,g176
tag5636,g176
tag5637,g176
tag5638,g176
tag5639,g176
tag5640,g176
tag5641,g176
tag5642,g176
tag5643,g176
tag5644,g176
tag5645,g176
tag5646,g176
tag5647,g176
tag5648,g176
tag5649,g176
tag5650,g176
tag5651,g176
tag5652,g176
tag5653,g176
tag5654,g176
tag5655,g176
tag5656,g176
tag5657,g176
tag5658,g176
tag5659,g176
tag5660,g176
tag5661,g176
tag5662,g176
tag5663,g176
tag5664,g177
tag5665,g177
tag5666,g177
tag5667,g177
tag5668,g177
tag5669,g177
tag5670,g177
tag5671,g177
tag5672,g177
tag5673,g177
tag5674,g177
tag5675,g177
tag5676,g177
tag5677,g177
tag5678,g177
tag5679,g177
tag5680,g177
tag5681,g177
tag5682,g177
tag5683,g177
tag5684,g177
tag5685,g177
tag5686,g177
tag5687,g177
tag5688,g177
tag5689,g177
tag5690,g177
tag5691,g177
tag5692,g177
tag5693,g177
tag5694,g177
tag5695,g177
tag5696,g178
tag5697,g178
tag5698,g178
tag5699,g178
tag5700,g178
tag5701,g178
tag5702,g178
tag5703,g178
tag5704,g178
tag5705,g178
tag5706,g178
tag5707,g178
tag5708,g178
tag5709,g178
tag5710,g178
tag5711,g178
tag5712,g178
tag5713,g178
tag5714,g178
tag5715,g178
tag5716,g178
tag5717,g178
tag5718,g178
tag5719,g178
tag5720,g178
tag5721,g178
tag5722,g178
tag5723,g178
tag5724,g178
tag5725,g178
tag5726,g178
tag5727,g178
tag5728,g179
tag5729,g179
tag5730,g179
tag5731,g179
tag5732,g179
tag5733,g179
tag5734,g179
tag5735,g179
tag5736,g179
tag5737,g179
tag5738,g179
tag5739,g179
tag5740,g179
tag5741,g179
tag5742,g179
tag5743,g179
tag5744,g179
tag5745,g179
tag5746,g179
tag5747,g179
tag5748,g179
tag5749,g179
tag5750,g179
tag5751,g179
tag5752,g179
tag5753,g179
tag5754,g179
tag5755,g179
tag5756,g179
tag5757,g179
tag5758,g179
tag5759,g179
tag5760,g180
tag5761,g180
tag5762,g180
tag5763,g180
tag5764,g180
tag5765,g180
tag5766,g180
tag5767,g180
tag5768,g180
tag5769,g180
tag5770,g180
tag5771,g180
tag5772,g180
tag5773,g180
tag5774,g180
tag5775,g180
tag5776,g180
tag5777,g180
tag5778,g180
tag5779,g180
tag5780,g180
tag5781,g180
tag5782,g180
tag5783,g180
tag5784,g180
tag5785,g180
tag5786,g180
tag5787,g180
tag5788,g180
tag5789,g180
tag5790,g180
tag5791,g180
tag5792,g181
tag5793,g181
tag5794,g181
tag5795,g181
tag5796,g181
tag5797,g181
tag5798,g181
tag5799,g181
tag5800,g181
tag5801,g181
tag5802,g181
tag5803,g181
tag5804,g181
tag5805,g181
tag5806,g181
tag5807,g181
tag5808,g181
tag5809,g181
tag5810,g181
tag5811,g181
tag5812,g181
tag5813,g181
tag5814,g181
tag5815,g181
tag5816,g181
tag5817,g181
tag5818,g181
tag5819,g181
tag5820,g181
tag5821,g181
tag5822,g181
tag5823,g181
tag5824,g182
tag5825,g182
tag5826,g182
tag5827,g182
tag5828,g182
tag5829,g182
tag5830,g182
tag5831,g182
tag5832,g182
tag5833,g182
tag5834,g182
tag5835,g182
tag5836,g182
tag5837,g182
tag5838,g182
tag5839,g182
tag5840,g182
tag5841,g182
tag5842,g182
tag5843,g182
tag5844,g182
tag5845,g182
tag5846,g182
tag5847,g182
tag5848,g182
tag5849,g182
tag5850,g182
tag5851,g182
tag5852,g182
tag5853,g182
tag5854,g182
tag5855,g182
tag5856,g183
tag5857,g183
tag5858,g183
tag5859,g183
tag5860,g183
tag5861,g183
tag5862,g183
tag5863,g183
tag5864,g183
tag5865,g183
tag5866,g183
tag5867,g183
tag5868,g183
tag5869,g183
tag5870,g183
tag5871,g183
tag5872,g183
tag5873,g183
tag5874,g183
tag5875,g183
tag5876,g183
tag5877,g183
tag5878,g183
tag5879,g183
tag5880,g183
tag5881,g183
tag5882,g183
tag5883,g183
tag5884,g183
tag5885,g183
tag5886,g183
tag5887,g183
tag5888,g184
tag5889,g184
tag5890,g184
tag5891,g184
tag5892,g184
tag5893,g184
tag5894,g184
tag5895,g184
tag5896,g184
tag5897,g184
tag5898,g184
tag5899,g184
tag5900,g184
tag5901,g184
tag5902,g184
tag5903,g184
tag5904,g184
tag5905,g184
tag5906,g184
tag5907,g184
tag5908,g184
tag5909,g184
tag5910,g184
tag5911,g184
tag5912,g184
tag5913,g184
tag5914,g184
tag5915,g184
tag5916,g184
tag5917,g184
tag5918,g184
tag5919,g184
tag5920,g185
tag5921,g185
tag5922,g185
tag5923,g185
tag5924,g185
tag5925,g185
tag5926,g185
tag5927,g185
tag5928,g185
tag5929,g185
tag5930,g185
tag5931,g185
tag5932,g185
tag5933,g185
tag5934,g185
tag5935,g185
tag5936,g185
tag5937,g185
tag5938,g185
tag5939,g185
tag5940,g185
tag5941,g185
tag5942,g185
tag5943,g185
tag5944,g185
tag5945,g185
tag5946,g185
tag5947,g185
tag5948,g185
tag5949,g185
tag5950,g185
tag5951,g185
tag5952,g186
tag5953,g186
tag5954,g186
tag5955,g186
tag5956,g186
tag5957,g186
tag5958,g186
tag5959,g186
tag5960,g186
tag5961,g186
tag5962,g186
tag5963,g186
tag5964,g186
tag5965,g186
tag5966,g186
tag5967,g186
tag5968,g186
tag5969,g186
tag5970,g186
tag5971,g186
tag5972,g186
tag5973,g186
tag5974,g186
tag5975,g186
tag5976,g186
tag5977,g186
tag5978,g186
tag5979,g186
tag5980,g186
tag5981,g186
tag5982,g186
tag5983,g186
tag5984,g187
tag5985,g187
tag5986,g187
tag5987,g187
tag5988,g187
tag5989,g187
tag5990,g187
tag5991,g187
tag5992,g187
tag5993,g187
tag5994,g187
tag5995,g187
tag5996,g187
tag5997,g187
tag5998,g187
tag5999,g187
tag6000,g187
tag6001,g187
tag6002,g187
tag6003,g187
tag6004,g187
tag6005,g187
tag6006,g187
tag6007,g187
tag6008,g187
tag6009,g187
tag6010,g187
tag6011,g187
tag6012,g187
tag6013,g187
tag6014,g187
tag6015,g187
tag6016,g188
tag6017,g188
tag6018,g188
tag6019,g188
tag6020,g188
tag6021,g188
tag6022,g188
tag6023,g188
tag6024,g188
tag6025,g188
tag6026,g188
tag6027,g188
tag6028,g188
tag6029,g188
tag6030,g188
tag6031,g188
tag6032,g188
tag6033,g188
tag6034,g188
tag6035,g188
tag6036,g188
tag6037,g188
tag6038,g188
tag6039,g188
tag6040,g188
tag6041,g188
tag6042,g188
tag6043,g188
tag6044,g188
tag6045,g188
tag6046,g188
tag6047,g188
tag6048,g189
tag6049,g189
tag6050,g189
tag6051,g189
tag6052,g189
tag6053,g189
tag6054,g189
tag6055,g189
tag6056,g189
tag6057,g189
tag6058,g189
tag6059,g189
tag6060,g189
tag6061,g189
tag6062,g189
tag6063,g189
tag6064,g189
tag6065,g189
tag6066,g189
tag6067,g189
tag6068,g189
tag6069,g189
tag6070,g189
tag6071,g189
tag6072,g189
tag6073,g189
tag6074,g189
tag6075,g189
tag6076,g189
tag6077,g189
tag6078,g189
tag6079,g189
tag6080,g190
tag6081,g190
tag6082,g190
tag6083,g190
tag6084,g190
tag6085,g190
tag6086,g190
tag6087,g190
tag6088,g190
tag6089,g190
tag6090,g190
tag6091,g190
tag6092,g190
tag6093,g190
tag6094,g190
tag6095,g190
tag6096,g190
tag6097,g190
tag6098,g190
tag6099,g190
tag6100,g190
tag6101,g190
tag6102,g190
tag6103,g190
tag6104,g190
tag6105,g190
tag6106,g190
tag6107,g190
tag6108,g190
tag6109,g190
tag6110,g190
tag6111,g190
tag6112,g191
tag6113,g191
tag6114,g191
tag6115,g191
tag6116,g191
tag6117,g191
tag6118,g191
tag6119,g191
tag6120,g191
tag6121,g191
tag6122,g191
tag6123,g191
tag6124,g191
tag6125,g191
tag6126,g191
tag6127,g191
tag6128,g191
tag6129,g191
tag6130,g191
tag6131,g191
tag6132,g191
tag6133,g191
tag6134,g191
tag6135,g191
tag6136,g191
tag6137,g191
tag6138,g191
tag6139,g191
tag6140,g191
tag6141,g191
tag6142,g191
tag6143,g191
tag6144,g192
tag6145,g192
tag6146,g192
tag6147,g192
tag6148,g192
tag6149,g192
tag6150,g192
tag6151,g192
tag6152,g192
tag6153,g192
tag6154,g192
tag6155,g192
tag6156,g192
tag6157,g192
tag6158,g192
tag6159,g192
tag6160,g192
tag6161,g192
tag6162,g192
tag6163,g192
tag6164,g192
tag6165,g192
tag6166,g192
tag6167,g192
tag6168,g192
tag6169,g192
tag6170,g192
tag6171,g192
tag6172,g192
tag6173,g192
tag6174,g192
tag6175,g192
tag6176,g193
tag6177,g193
tag6178,g193
tag6179,g193
tag6180,g193
tag6181,g193
tag6182,g193
tag6183,g193
tag6184,g193
tag6185,g193
tag6186,g193
tag6187,g193
tag6188,g193
tag6189,g193
tag6190,g193
tag6191,g193
tag6192,g193
tag6193,g193
tag6194,g193
tag6195,g193
tag6196,g193
tag6197,g193
tag6198,g193
tag6199,g193
tag6200,g193
tag6201,g193
tag6202,g193
tag6203,g193
tag6204,g193
tag6205,g193
tag6206,g193
tag6207,g193
tag6208,g194
tag6209,g194
tag6210,g194
tag6211,g194
tag6212,g194
tag6213,g194
tag6214,g194
tag6215,g194
tag6216,g194
tag6217,g194
tag6218,g194
tag6219,g194
tag6220,g194
tag6221,g194
tag6222,g194
tag6223,g194
tag6224,g194
tag6225,g194
tag6226,g194
tag6227,g194
tag6228,g194
tag6229,g194
tag6230,g194
tag6231,g194
tag6232,g194
tag6233,g194
tag6234,g194
tag6235,g194
tag6236,g194
tag6237,g194
tag6238,g194
tag6239,g194
tag6240,g195
tag6241,g195
tag6242,g195
tag6243,g195
tag6244,g195
tag6245,g195
tag6246,g195
tag6247,g195
tag6248,g195
tag6249,g195
tag6250,g195
tag6251,g195
tag6252,g195
tag6253,g195
tag6254,g195
tag6255,g195
tag6256,g195
tag6257,g195
tag6258,g195
tag6259,g195
tag6260,g195
tag6261,g195
tag6262,g195
tag6263,g195
tag6264,g195
tag6265,g195
tag6266,g195
tag6267,g195
tag6268,g195
tag6269,g195
tag6270,g195
tag6271,g195
tag6272,g196
tag6273,g196
tag6274,g196
tag6275,g196
tag6276,g196
tag6277,g196
tag6278,g196
tag6279,g196
tag6280,g196
tag6281,g196
tag6282,g196
tag6283,g196
tag6284,g196
tag6285,g196
tag6286,g196
tag6287,g196
tag6288,g196
tag6289,g196
tag6290,g196
tag6291,g196
tag6292,g196
tag6293,g196
tag6294,g196
tag6295,g196
tag6296,g196
tag6297,g196
tag6298,g196
tag6299,g196
tag6300,g196
tag6301,g196
tag6302,g196
tag6303,g196
tag6304,g197
tag6305,g197
tag6306,g197
tag6307,g197
tag6308,g197
tag6309,g197
tag6310,g197
tag6311,g197
tag6312,g197
tag6313,g197
tag6314,g197
tag6315,g197
tag6316,g197
tag6317,g197
tag6318,g197
tag6319,g197
tag6320,g197
tag6321,g197
tag6322,g197
tag6323,g197
tag6324,g197
tag6325,g197
tag6326,g197
tag6327,g197
tag6328,g197
tag6329,g197
tag6330,g197
tag6331,g197
tag6332,g197
tag6333,g197
tag6334,g197
tag6335,g197
tag6336,g198
tag6337,g198
tag6338,g198
tag6339,g198
tag6340,g198
tag6341,g198
tag6342,g198
tag6343,g198
tag6344,g198
tag6345,g198
tag6346,g198
tag6347,g198
tag6348,g198
tag6349,g198
tag6350,g198
tag6351,g198
tag6352,g198
tag6353,g198
tag6354,g198
tag6355,g198
tag6356,g198
tag6357,g198
tag6358,g198
tag6359,g198
tag6360,g198
tag6361,g198
tag6362,g198
tag6363,g198
tag6364,g198
tag6365,g198
tag6366,g198
tag6367,g198
tag6368,g199
tag6369,g199
tag6370,g199
tag6371,g199
tag6372,g199
tag6373,g199
tag6374,g199
tag6375,g199
tag6376,g199
tag6377,g199
tag6378,g199
tag6379,g199
tag6380,g199
tag6381,g199
tag6382,g199
tag6383,g199
tag6384,g199
tag6385,g199
tag6386,g199
tag6387,g199
tag6388,g199
tag6389,g199
tag6390,g199
tag6391,g199
tag6392,g199
tag6393,g199
tag6394,g199
tag6395,g199
tag6396,g199
tag6397,g199
tag6398,g199
tag6399,g199
tag6400,g200
tag6401,g200
tag6402,g200
tag6403,g200
tag6404,g200
tag6405,g200
tag6406,g200
tag6407,g200
tag6408,g200
tag6409,g200
tag6410,g200
tag6411,g200
tag6412,g200
tag6413,g200
tag6414,g200
tag6415,g200
tag6416,g200
tag6417,g200
tag6418,g200
tag6419,g200
tag6420,g200
tag6421,g200
tag6422,g200
tag6423,g200
tag6424,g200
tag6425,g200
tag6426,g200
tag6427,g200
tag6428,g200
tag6429,g200
tag6430,g200
tag6431,g200
tag6432,g201
tag6433,g201
tag6434,g201
tag6435,g201
tag6436,g201
tag6437,g201
tag6438,g201
tag6439,g201
tag6440,g201
tag6441,g201
tag6442,g201
tag6443,g201
tag6444,g201
tag6445,g201
tag6446,g201
tag6447,g201
tag6448,g201
tag6449,g201
tag6450,g201
tag6451,g201
tag6452,g201
tag6453,g201
tag6454,g201
tag6455,g201
tag6456,g201
tag6457,g201
tag6458,g201
tag6459,g201
tag6460,g201
tag6461,g201
tag6462,g201
tag6463,g201
tag6464,g202
tag6465,g202
tag6466,g202
tag6467,g202
tag6468,g202
tag6469,g202
tag6470,g202
tag6471,g202
tag6472,g202
tag6473,g202
tag6474,g202
tag6475,g202
tag6476,g202
tag6477,g202
tag6478,g202
tag6479,g202
tag6480,g202
tag6481,g202
tag6482,g202
tag6483,g202
tag6484,g202
tag6485,g202
tag6486,g202
tag6487,g202
tag6488,g202
tag6489,g202
tag6490,g202
tag6491,g202
tag6492,g202
tag6493,g202
tag6494,g202
tag6495,g202
tag6496,g203
tag6497,g203
tag6498,g203
tag6499,g203
tag6500,g203
tag6501,g203
tag6502,g203
tag6503,g203
tag6504,g203
tag6505,g203
tag6506,g203
tag6507,g203
tag6508,g203
tag6509,g203
tag6510,g203
tag6511,g203
tag6512,g203
tag6513,g203
tag6514,g203
tag6515,g203
tag6516,g203
tag6517,g203
tag6518,g203
tag6519,g203
tag6520,g203
tag6521,g203
tag6522,g203
tag6523,g203
tag6524,g203
tag6525,g203
tag6526,g203
tag6527,g203
tag6528,g204
tag6529,g204
tag6530,g204
tag6531,g204
tag6532,g204
tag6533,g204
tag6534,g204
tag6535,g204
tag6536,g204
tag6537,g204
tag6538,g204
tag6539,g204
tag6540,g204
tag6541,g204
tag6542,g204
tag6543,g204
tag6544,g204
tag6545,g204
tag6546,g204
tag6547,g204
tag6548,g204
tag6549,g204
tag6550,g204
tag6551,g204
tag6552,g204
tag6553,g204
tag6554,g204
tag6555,g204
tag6556,g204
tag6557,g204
tag6558,g204
tag6559,g204
tag6560,g205
tag6561,g205
tag6562,g205
tag6563,g205
tag6564,g205
tag6565,g205
tag6566,g205
tag6567,g205
tag6568,g205
tag6569,g205
tag6570,g205
tag6571,g205
tag6572,g205
tag6573,g205
tag6574,g205
tag6575,g205
tag6576,g205
tag6577,g205
tag6578,g205
tag6579,g205
tag6580,g205
tag6581,g205
tag6582,g205
tag6583,g205
tag6584,g205
tag6585,g205
tag6586,g205
tag6587,g205
tag6588,g205
tag6589,g205
tag6590,g205
tag6591,g205
tag6592,g206
tag6593,g206
tag6594,g206
tag6595,g206
tag6596,g206
tag6597,g206
tag6598,g206
tag6599,g206
tag6600,g206
tag6601,g206
tag6602,g206
tag6603,g206
tag6604,g206
tag6605,g206
tag6606,g206
tag6607,g206
tag6608,g206
tag6609,g206
tag6610,g206
tag6611,g206
tag6612,g206
tag6613,g206
tag6614,g206
tag6615,g206
tag6616,g206
tag6617,g206
tag6618,g206
tag6619,g206
tag6620,g206
tag6621,g206
tag6622,g206
tag6623,g206
tag6624,g207
tag6625,g207
tag6626,g207
tag6627,g207
tag6628,g207
tag6629,g207
tag6630,g207
tag6631,g207
tag6632,g207
tag6633,g207
tag6634,g207
tag6635,g207
tag6636,g207
tag6637,g207
tag6638,g207
tag6639,g207
tag6640,g207
tag6641,g207
tag6642,g207
tag6643,g207
tag6644,g207
tag6645,g207
tag6646,g207
tag6647,g207
tag6648,g207
tag6649,g207
tag6650,g207
tag6651,g207
tag6652,g207
tag6653,g207
tag6654,g207
tag6655,g207
tag6656,g208
tag6657,g208
tag6658,g208
tag6659,g208
tag6660,g208
tag6661,g208
tag6662,g208
tag6663,g208
tag6664,g208
tag6665,g208
tag6666,g208
tag6667,g208
tag6668,g208
tag6669,g208
tag6670,g208
tag6671,g208
tag6672,g208
tag6673,g208
tag6674,g208
tag6675,g208
tag6676,g208
tag6677,g208
tag6678,g208
tag6679,g208
tag6680,g208
tag6681,g208
tag6682,g208
tag6683,g208
tag6684,g208
tag6685,g208
tag6686,g208
tag6687,g208
tag6688,g209
tag6689,g209
tag6690,g209
tag6691,g209
tag6692,g209
tag6693,g209
tag6694,g209
tag6695,g209
tag6696,g209
tag6697,g209
tag6698,g209
tag6699,g209
tag6700,g209
tag6701,g209
tag6702,g209
tag6703,g209
tag6704,g209
tag6705,g209
tag6706,g209
tag6707,g209
tag6708,g209
tag6709,g209
tag6710,g209
tag6711,g209
tag6712,g209
tag6713,g209
tag6714,g209
tag6715,g209
tag6716,g209
tag6717,g209
tag6718,g209
tag6719,g209
tag6720,g210
tag6721,g210
tag6722,g210
tag6723,g210
tag6724,g210
tag6725,g210
tag6726,g210
tag6727,g210
tag6728,g210
tag6729,g210
tag6730,g210
tag6731,g210
tag6732,g210
tag6733,g210
tag6734,g210
tag6735,g210
tag6736,g210
tag6737,g210
tag6738,g210
tag6739,g210
tag6740,g210
tag6741,g210
tag6742,g210
tag6743,g210
tag6744,g210
tag6745,g210
tag6746,g210
tag6747,g210
tag6748,g210
tag6749,g210
tag6750,g210
tag6751,g210
tag6752,g211
tag6753,g211
tag6754,g211
tag6755,g211
tag6756,g211
tag6757,g211
tag6758,g211
tag6759,g211
tag6760,g211
tag6761,g211
tag6762,g211
tag6763,g211
tag6764,g211
tag6765,g211
tag6766,g211
tag6767,g211
tag6768,g211
tag6769,g211
tag6770,g211
tag6771,g211
tag6772,g211
tag6773,g211
tag6774,g211
tag6775,g211
tag6776,g211
tag6777,g211
tag6778,g211
tag6779,g211
tag6780,g211
tag6781,g211
tag6782,g211
tag6783,g211
tag6784,g212
tag6785,g212
tag6786,g212
tag6787,g212
tag6788,g212
tag6789,g212
tag6790,g212
tag6791,g212
tag6792,g212
tag6793,g212
tag6794,g212
tag6795,g212
tag6796,g212
tag6797,g212
tag6798,g212
tag6799,g212
tag6800,g212
tag6801,g212
tag6802,g212
tag6803,g212
tag6804,g212
tag6805,g212
tag6806,g212
tag6807,g212
tag6808,g212
tag6809,g212
tag6810,g212
tag6811,g212
tag6812,g212
tag6813,g212
tag6814,g212
tag6815,g212
tag6816,g213
tag6817,g213
tag6818,g213
tag6819,g213
tag6820,g213
tag6821,g213
tag6822,g213
tag6823,g213
tag6824,g213
tag6825,g213
tag6826,g213
tag6827,g213
tag6828,g213
tag6829,g213
tag6830,g213
tag6831,g213
tag6832,g213
tag6833,g213
tag6834,g213
tag6835,g213
tag6836,g213
tag6837,g213
tag6838,g213
tag6839,g213
tag6840,g213
tag6841,g213
tag6842,g213
tag6843,g213
tag6844,g213
tag6845,g213
tag6846,g213
tag6847,g213
tag6848,g214
tag6849,g214
tag6850,g214
tag6851,g214
tag6852,g214
tag6853,g214
tag6854,g214
tag6855,g214
tag6856,g214
tag6857,g214
tag6858,g214
tag6859,g214
tag6860,g214
tag6861,g214
tag6862,g214
tag6863,g214
tag6864,g214
tag6865,g214
tag6866,g214
tag6867,g214
tag6868,g214
tag6869,g214
tag6870,g214
tag6871,g214
tag6872,g214
tag6873,g214
tag6874,g214
tag6875,g214
tag6876,g214
tag6877,g214
tag6878,g214
tag6879,g214
tag6880,g215
tag6881,g215
tag6882,g215
tag6883,g215
tag6884,g215
tag6885,g215
tag6886,g215
tag6887,g215
tag6888,g215
tag6889,g215
tag6890,g215
tag6891,g215
tag6892,g215
tag6893,g215
tag6894,g215
tag6895,g215
tag6896,g215
tag6897,g215
tag6898,g215
tag6899,g215
tag6900,g215
tag6901,g215
tag6902,g215
tag6903,g215
tag6904,g215
tag6905,g215
tag6906,g215
tag6907,g215
tag6908,g215
tag6909,g215
tag6910,g215
tag6911,g215
tag6912,g216
tag6913,g216
tag6914,g216
tag6915,g216
tag6916,g216
tag6917,g216
tag6918,g216
tag6919,g216
tag6920,g216
tag6921,g216
tag6922,g216
tag6923,g216
tag6924,g216
tag6925,g216
tag6926,g216
tag6927,g216
tag6928,g216
tag6929,g216
tag6930,g216
tag6931,g216
tag6932,g216
tag6933,g216
tag6934,g216
tag6935,g216
tag6936,g216
tag6937,g216
tag6938,g216
tag6939,g216
tag6940,g216
tag6941,g216
tag6942,g216
tag6943,g216
tag6944,g217
tag6945,g217
tag6946,g217
tag6947,g217
tag6948,g217
tag6949,g217
tag6950,g217
tag6951,g217
tag6952,g217
tag6953,g217
tag6954,g217
tag6955,g217
tag6956,g217
tag6957,g217
tag6958,g217
tag6959,g217
tag6960,g217
tag6961,g217
tag6962,g217
tag6963,g217
tag6964,g217
tag6965,g217
tag6966,g217
tag6967,g217
tag6968,g217
tag6969,g217
tag6970,g217
tag6971,g217
tag6972,g217
tag6973,g217
tag6974,g217
tag6975,g217
tag6976,g218
tag6977,g218
tag6978,g218
tag6979,g218
tag6980,g218
tag6981,g218
tag6982,g218
tag6983,g218
tag6984,g218
tag6985,g218
tag6986,g218
tag6987,g218
tag6988,g218
tag6989,g218
tag6990,g218
tag6991,g218
tag6992,g218
tag6993,g218
tag6994,g218
tag6995,g218
tag6996,g218
tag6997,g218
tag6998,g218
tag6999,g218
tag7000,g218
tag7001,g218
tag7002,g218
tag7003,g218
tag7004,g218
tag7005,g218
tag7006,g218
tag7007,g218
tag7008,g219
tag7009,g219
tag7010,g219
tag7011,g219
tag7012,g219
tag7013,g219
tag7014,g219
tag7015,g219
tag7016,g219
tag7017,g219
tag7018,g219
tag7019,g219
tag7020,g219
tag7021,g219
tag7022,g219
tag7023,g219
tag7024,g219
tag7025,g219
tag7026,g219
tag7027,g219
tag7028,g219
tag7029,g219
tag7030,g219
tag7031,g219
tag7032,g219
tag7033,g219
tag7034,g219
tag7035,g219
tag7036,g219
tag7037,g219
tag7038,g219
tag7039,g219
tag7040,g220
tag7041,g220
tag7042,g220
tag7043,g220
tag7044,g220
tag7045,g220
tag7046,g220
tag7047,g220
tag7048,g220
tag7049,g220
tag7050,g220
tag7051,g220
tag7052,g220
tag7053,g220
tag7054,g220
tag7055,g220
tag7056,g220
tag7057,g220
tag7058,g220
tag7059,g220
tag7060,g220
tag7061,g220
tag7062,g220
tag7063,g220
tag7064,g220
tag7065,g220
tag7066,g220
tag7067,g220
tag7068,g220
tag7069,g220
tag7070,g220
tag7071,g220
tag7072,g221
tag7073,g221
tag7074,g221
tag7075,g221
tag7076,g221
tag7077,g221
tag7078,g221
tag7079,g221
tag7080,g221
tag7081,g221
tag7082,g221
tag7083,g221
tag7084,g221
tag7085,g221
tag7086,g221
tag7087,g221
tag7088,g221
tag7089,g221
tag7090,g221
tag7091,g221
tag7092,g221
tag7093,g221
tag7094,g221
tag7095,g221
tag7096,g221
tag7097,g221
tag7098,g221
tag7099,g221
tag7100,g221
tag7101,g221
tag7102,g221
tag7103,g221
tag7104,g222
tag7105,g222
tag7106,g222
tag7107,g222
tag7108,g222
tag7109,g222
tag7110,g222
tag7111,g222
tag7112,g222
tag7113,g222
tag7114,g222
tag7115,g222
tag7116,g222
tag7117,g222
tag7118,g222
tag7119,g222
tag7120,g222
tag7121,g222
tag7122,g222
tag7123,g222
tag7124,g222
tag7125,g222
tag7126,g222
tag7127,g222
tag7128,g222
tag7129,g222
tag7130,g222
tag7131,g222
tag7132,g222
tag7133,g222
tag7134,g222
tag7135,g222
tag7136,g223
tag7137,g223
tag7138,g223
tag7139,g223
tag7140,g223
tag7141,g223
tag7142,g223
tag7143,g223
tag7144,g223
tag7145,g223
tag7146,g223
tag7147,g223
tag7148,g223
tag7149,g223
tag7150,g223
tag7151,g223
tag7152,g223
tag7153,g223
tag7154,g223
tag7155,g223
tag7156,g223
tag7157,g223
tag7158,g223
tag7159,g223
tag7160,g223
tag7161,g223
tag7162,g223
tag7163,g223
tag7164,g223
tag7165,g223
tag7166,g223
tag7167,g223
tag7168,g224
tag7169,g224
tag7170,g224
tag7171,g224
tag7172,g224
tag7173,g224
tag7174,g224
tag7175,g224
tag7176,g224
tag7177,g224
tag7178,g224
tag7179,g224
tag7180,g224
tag7181,g224
tag7182,g224
tag7183,g224
tag7184,g224
tag7185,g224
tag7186,g224
tag7187,g224
tag7188,g224
tag7189,g224
tag7190,g224
tag7191,g224
tag7192,g224
tag7193,g224
tag7194,g224
tag7195,g224
tag7196,g224
tag7197,g224
tag7198,g224
tag7199,g224
tag7200,g225
tag7201,g225
tag7202,g225
tag7203,g225
tag7204,g225
tag7205,g225
tag7206,g225
tag7207,g225
tag7208,g225
tag7209,g225
tag7210,g225
tag7211,g225
tag7212,g225
tag7213,g225
tag7214,g225
tag7215,g225
tag7216,g225
tag7217,g225
tag7218,g225
tag7219,g225
tag7220,g225
tag7221,g225
tag7222,g225
tag7223,g225
tag7224,g225
tag7225,g225
tag7226,g225
tag7227,g225
tag7228,g225
tag7229,g225
tag7230,g225
tag7231,g225
tag7232,g226
tag7233,g226
tag7234,g226
tag7235,g226
tag7236,g226
tag7237,g226
tag7238,g226
tag7239,g226
tag7240,g226
tag7241,g226
tag7242,g226
tag7243,g226
tag7244,g226
tag7245,g226
tag7246,g226
tag7247,g226
tag7248,g226
tag7249,g226
tag7250,g226
tag7251,g226
tag7252,g226
tag7253,g226
tag7254,g226
tag7255,g226
tag7256,g226
tag7257,g226
tag7258,g226
tag7259,g226
tag7260,g226
tag7261,g226
tag7262,g226
tag7263,g226
tag7264,g227
tag7265,g227
tag7266,g227
tag7267,g227
tag7268,g227
tag7269,g227
tag7270,g227
tag7271,g227
tag7272,g227
tag7273,g227
tag7274,g227
tag7275,g227
tag7276,g227
tag7277,g227
tag7278,g227
tag7279,g227
tag7280,g227
tag7281,g227
tag7282,g227
tag7283,g227
tag7284,g227
tag7285,g227
tag7286,g227
tag7287,g227
tag7288,g227
tag7289,g227
tag7290,g227
tag7291,g227
tag7292,g227
tag7293,g227
tag7294,g227
tag7295,g227
tag7296,g228
tag7297,g228
tag7298,g228
tag7299,g228
tag7300,g228
tag7301,g228
tag7302,g228
tag7303,g228
tag7304,g228
tag7305,g228
tag7306,g228
tag7307,g228
tag7308,g228
tag7309,g228
tag7310,g228
tag7311,g228
tag7312,g228
tag7313,g228
tag7314,g228
tag7315,g228
tag7316,g228
tag7317,g228
tag7318,g228
tag7319,g228
tag7320,g228
tag7321,g228
tag7322,g228
tag7323,g228
tag7324,g228
tag7325,g228
tag7326,g228
tag7327,g228
tag7328,g229
tag7329,g229
tag7330,g229
tag7331,g229
tag7332,g229
tag7333,g229
tag7334,g229
tag7335,g229
tag7336,g229
tag7337,g229
tag7338,g229
tag7339,g229
tag7340,g229
tag7341,g229
tag7342,g229
tag7343,g229
tag7344,g229
tag7345,g229
tag7346,g229
tag7347,g229
tag7348,g229
tag7349,g229
tag7350,g229
tag7351,g229
tag7352,g229
tag7353,g229
tag7354,g229
tag7355,g229
tag7356,g229
tag7357,g229
tag7358,g229
tag7359,g229
tag7360,g230
tag7361,g230
tag7362,g230
tag7363,g230
tag7364,g230
tag7365,g230
tag7366,g230
tag7367,g230
tag7368,g230
tag7369,g230
tag7370,g230
tag7371,g230
tag7372,g230
tag7373,g230
tag7374,g230
tag7375,g230
tag7376,g230
tag7377,g230
tag7378,g230
tag7379,g230
tag7380,g230
tag7381,g230
tag7382,g230
tag7383,g230
tag7384,g230
tag7385,g230
tag7386,g230
tag7387,g230
tag7388,g230
tag7389,g230
tag7390,g230
tag7391,g230
tag7392,g231
tag7393,g231
tag7394,g231
tag7395,g231
tag7396,g231
tag7397,g231
tag7398,g231
tag7399,g231
tag7400,g231
tag7401,g231
tag7402,g231
tag7403,g231
tag7404,g231
tag7405,g231
tag7406,g231
tag7407,g231
tag7408,g231
tag7409,g231
tag7410,g231
tag7411,g231
tag7412,g231
tag7413,g231
tag7414,g231
tag7415,g231
tag7416,g231
tag7417,g231
tag7418,g231
tag7419,g231
tag7420,g231
tag7421,g231
tag7422,g231
tag7423,g231
tag7424,g232
tag7425,g232
tag7426,g232
tag7427,g232
tag7428,g232
tag7429,g232
tag7430,g232
tag7431,g232
tag7432,g232
tag7433,g232
tag7434,g232
tag7435,g232
tag7436,g232
tag7437,g232
tag7438,g232
tag7439,g232
tag7440,g232
tag7441,g232
tag7442,g232
tag7443,g232
tag7444,g232
tag7445,g232
tag7446,g232
tag7447,g232
tag7448,g232
tag7449,g232
tag7450,g232
tag7451,g232
tag7452,g232
tag7453,g232
tag7454,g232
tag7455,g232
tag7456,g233
tag7457,g233
tag7458,g233
tag7459,g233
tag7460,g233
tag7461,g233
tag7462,g233
tag7463,g233
tag7464,g233
tag7465,g233
tag7466,g233
tag7467,g233
tag7468,g233
tag7469,g233
tag7470,g233
tag7471,g233
tag7472,g233
tag7473,g233
tag7474,g233
tag7475,g233
tag7476,g233
tag7477,g233
tag7478,g233
tag7479,g233
tag7480,g233
tag7481,g233
tag7482,g233
tag7483,g233
tag7484,g233
tag7485,g233
tag7486,g233
tag7487,g233
tag7488,g234
tag7489,g234
tag7490,g234
tag7491,g234
tag7492,g234
tag7493,g234
tag7494,g234
tag7495,g234
tag7496,g234
tag7497,g234
tag7498,g234
tag7499,g234
tag7500,g234
tag7501,g234
tag7502,g234
tag7503,g234
tag7504,g234
tag7505,g234
tag7506,g234
tag7507,g234
tag7508,g234
tag7509,g234
tag7510,g234
tag7511,g234
tag7512,g234
tag7513,g234
tag7514,g234
tag7515,g234
tag7516,g234
tag7517,g234
tag7518,g234
tag7519,g234
tag7520,g235
tag7521,g235
tag7522,g235
tag7523,g235
tag7524,g235
tag7525,g235
tag7526,g235
tag7527,g235
tag7528,g235
tag7529,g235
tag7530,g235
tag7531,g235
tag7532,g235
tag7533,g235
tag7534,g235
tag7535,g235
tag7536,g235
tag7537,g235
tag7538,g235
tag7539,g235
tag7540,g235
tag7541,g235
tag7542,g235
tag7543,g235
tag7544,g235
tag7545,g235
tag7546,g235
tag7547,g235
tag7548,g235
tag7549,g235
tag7550,g235
tag7551,g235
tag7552,g236
tag7553,g236
tag7554,g236
tag7555,g236
tag7556,g236
tag7557,g236
tag7558,g236
tag7559,g236
tag7560,g236
tag7561,g236
tag7562,g236
tag7563,g236
tag7564,g236
tag7565,g236
tag7566,g236
tag7567,g236
tag7568,g236
tag7569,g236
tag7570,g236
tag7571,g236
tag7572,g236
tag7573,g236
tag7574,g236
tag7575,g236
tag7576,g236
tag7577,g236
tag7578,g236
tag7579,g236
tag7580,g236
tag7581,g236
tag7582,g236
tag7583,g236
tag7584,g237
tag7585,g237
tag7586,g237
tag7587,g237
tag7588,g237
tag7589,g237
tag7590,g237
tag7591,g237
tag7592,g237
tag7593,g237
tag7594,g237
tag7595,g237
tag7596,g237
tag7597,g237
tag7598,g237
tag7599,g237
tag7600,g237
tag7601,g237
tag7602,g237
tag7603,g237
tag7604,g237
tag7605,g237
tag7606,g237
tag7607,g237
tag7608,g237
tag7609,g237
tag7610,g237
tag7611,g237
tag7612,g237
tag7613,g237
tag7614,g237
tag7615,g237
tag7616,g238
tag7617,g238
tag7618,g238
tag7619,g238
tag7620,g238
tag7621,g238
tag7622,g238
tag7623,g238
tag7624,g238
tag7625,g238
tag7626,g238
tag7627,g238
tag7628,g238
tag7629,g238
tag7630,g238
tag7631,g238
tag7632,g238
tag7633,g238
tag7634,g238
tag7635,g238
tag7636,g238
tag7637,g238
tag7638,g238
tag7639,g238
tag7640,g238
tag7641,g238
tag7642,g238
tag7643,g238
tag7644,g238
tag7645,g238
tag7646,g238
tag7647,g238
tag7648,g239
tag7649,g239
tag7650,g239
tag7651,g239
tag7652,g239
tag7653,g239
tag7654,g239
tag7655,g239
tag7656,g239
tag7657,g239
tag7658,g239
tag7659,g239
tag7660,g239
tag7661,g239
tag7662,g239
tag7663,g239
tag7664,g239
tag7665,g239
tag7666,g239
tag7667,g239
tag7668,g239
tag7669,g239
tag7670,g239
tag7671,g239
tag7672,g239
tag7673,g239
tag7674,g239
tag7675,g239
tag7676,g239
tag7677,g239
tag7678,g239
tag7679,g239
tag7680,g240
tag7681,g240
tag7682,g240
tag7683,g240
tag7684,g240
tag7685,g240
tag7686,g240
tag7687,g240
tag7688,g240
tag7689,g240
tag7690,g240
tag7691,g240
tag7692,g240
tag7693,g240
tag7694,g240
tag7695,g240
tag7696,g240
tag7697,g240
tag7698,g240
tag7699,g240
tag7700,g240
tag7701,g240
tag7702,g240
tag7703,g240
tag7704,g240
tag7705,g240
tag7706,g240
tag7707,g240
tag7708,g240
tag7709,g240
tag7710,g240
tag7711,g240
tag7712,g241
tag7713,g241
tag7714,g241
tag7715,g241
tag7716,g241
tag7717,g241
tag7718,g241
tag7719,g241
tag7720,g241
tag7721,g241
tag7722,g241
tag7723,g241
tag7724,g241
tag7725,g241
tag7726,g241
tag7727,g241
tag7728,g241
tag7729,g241
tag7730,g241
tag7731,g241
tag7732,g241
tag7733,g241
tag7734,g241
tag7735,g241
tag7736,g241
tag7737,g241
tag7738,g241
tag7739,g241
tag7740,g241
tag7741,g241
tag7742,g241
tag7743,g241
tag7744,g242
tag7745,g242
tag7746,g242
tag7747,g242
tag7748,g242
tag7749,g242
tag7750,g242
tag7751,g242
tag7752,g242
tag7753,g242
tag7754,g242
tag7755,g242
tag7756,g242
tag7757,g242
tag7758,g242
tag7759,g242
tag7760,g242
tag7761,g242
tag7762,g242
tag7763,g242
tag7764,g242
tag7765,g242
tag7766,g242
tag7767,g242
tag7768,g242
tag7769,g242
tag7770,g242
tag7771,g242
tag7772,g242
tag7773,g242
tag7774,g242
tag7775,g242
tag7776,g243
tag7777,g243
tag7778,g243
tag7779,g243
tag7780,g243
tag7781,g243
tag7782,g243
tag7783,g243
tag7784,g243
tag7785,g243
tag7786,g243
tag7787,g243
tag7788,g243
tag7789,g243
tag7790,g243
tag7791,g243
tag7792,g243
tag7793,g243
tag7794,g243
tag7795,g243
tag7796,g243
tag7797,g243
tag7798,g243
tag7799,g243
tag7800,g243
tag7801,g243
tag7802,g243
tag7803,g243
tag7804,g243
tag7805,g243
tag7806,g243
tag7807,g243
tag7808,g244
tag7809,g244
tag7810,g244
tag7811,g244
tag7812,g244
tag7813,g244
tag7814,g244
tag7815,g244
tag7816,g244
tag7817,g244
tag7818,g244
tag7819,g244
tag7820,g244
tag7821,g244
tag7822,g244
tag7823,g244
tag7824,g244
tag7825,g244
tag7826,g244
tag7827,g244
tag7828,g244
tag7829,g244
tag7830,g244
tag7831,g244
tag7832,g244
tag7833,g244
tag7834,g244
tag7835,g244
tag7836,g244
tag7837,g244
tag7838,g244
tag7839,g244
tag7840,g245
tag7841,g245
tag7842,g245
tag7843,g245
tag7844,g245
tag7845,g245
tag7846,g245
tag7847,g245
tag7848,g245
tag7849,g245
tag7850,g245
tag7851,g245
tag7852,g245
tag7853,g245
tag7854,g245
tag7855,g245
tag7856,g245
tag7857,g245
tag7858,g245
tag7859,g245
tag7860,g245
tag7861,g245
tag7862,g245
tag7863,g245
tag7864,g245
tag7865,g245
tag7866,g245
tag7867,g245
tag7868,g245
tag7869,g245
tag7870,g245
tag7871,g245
tag7872,g246
tag7873,g246
tag7874,g246
tag7875,g246
tag7876,g246
tag7877,g246
tag7878,g246
tag7879,g246
tag7880,g246
tag7881,g246
tag7882,g246
tag7883,g246
tag7884,g246
tag7885,g246
tag7886,g246
tag7887,g246
tag7888,g246
tag7889,g246
tag7890,g246
tag7891,g246
tag7892,g246
tag7893,g246
tag7894,g246
tag7895,g246
tag7896,g246
tag7897,g246
tag7898,g246
tag7899,g246
tag7900,g246
tag7901,g246
tag7902,g246
tag7903,g246
tag7904,g247
tag7905,g247
tag7906,g247
tag7907,g247
tag7908,g247
tag7909,g247
tag7910,g247
tag7911,g247
tag7912,g247
tag7913,g247
tag7914,g247
tag7915,g247
tag7916,g247
tag7917,g247
tag7918,g247
tag7919,g247
tag7920,g247
tag7921,g247
tag7922,g247
tag7923,g247
tag7924,g247
tag7925,g247
tag7926,g247
tag7927,g247
tag7928,g247
tag7929,g247
tag7930,g247
tag7931,g247
tag7932,g247
tag7933,g247
tag7934,g247
tag7935,g247
tag7936,g248
tag7937,g248
tag7938,g248
tag7939,g248
tag7940,g248
tag7941,g248
tag7942,g248
tag7943,g248
tag7944,g248
tag7945,g248
tag7946,g248
tag7947,g248
tag7948,g248
tag7949,g248
tag7950,g248
tag7951,g248
tag7952,g248
tag7953,g248
tag7954,g248
tag7955,g248
tag7956,g248
tag7957,g248
tag7958,g248
tag7959,g248
tag7960,g248
tag7961,g248
tag7962,g248
tag7963,g248
tag7964,g248
tag7965,g248
tag7966,g248
tag7967,g248
tag7968,g249
tag7969,g249
tag7970,g249
tag7971,g249
tag7972,g249
tag7973,g249
tag7974,g249
tag7975,g249
tag7976,g249
tag7977,g249
tag7978,g249
tag7979,g249
tag7980,g249
tag7981,g249
tag7982,g249
tag7983,g249
tag7984,g249
tag7985,g249
tag7986,g249
tag7987,g249
tag7988,g249
tag7989,g249
tag7990,g249
tag7991,g249
tag7992,g249
tag7993,g249
tag7994,g249
tag7995,g249
tag7996,g249
tag7997,g249
tag7998,g249
tag7999,g249
tag8000,g250
tag8001,g250
tag8002,g250
tag8003,g250
tag8004,g250
tag8005,g250
tag8006,g250
tag8007,g250
tag8008,g250
tag8009,g250
tag8010,g250
tag8011,g250
tag8012,g250
tag8013,g250
tag8014,g250
tag8015,g250
tag8016,g250
tag8017,g250
tag8018,g250
tag8019,g250
tag8020,g250
tag8021,g250
tag8022,g250
tag8023,g250
tag8024,g250
tag8025,g250
tag8026,g250
tag8027,g250
tag8028,g250
tag8029,g250
tag8030,g250
tag8031,g250
tag8032,g251
tag8033,g251
tag8034,g251
tag8035,g251
tag8036,g251
tag8037,g251
tag8038,g251
tag8039,g251
tag8040,g251
tag8041,g251
tag8042,g251
tag8043,g251
tag8044,g251
tag8045,g251
tag8046,g251
tag8047,g251
tag8048,g251
tag8049,g251
tag8050,g251
tag8051,g251
tag8052,g251
tag8053,g251
tag8054,g251
tag8055,g251
tag8056,g251
tag8057,g251
tag8058,g251
tag8059,g251
tag8060,g251
tag8061,g251
tag8062,g251
tag8063,g251
tag8064,g252
tag8065,g252
tag8066,g252
tag8067,g252
tag8068,g252
tag8069,g252
tag8070,g252
tag8071,g252
tag8072,g252
tag8073,g252
tag8074,g252
tag8075,g252
tag8076,g252
tag8077,g252
tag8078,g252
tag8079,g252
tag8080,g252
tag8081,g252
tag8082,g252
tag8083,g252
tag8084,g252
tag8085,g252
tag8086,g252
tag8087,g252
tag8088,g252
tag8089,g252
tag8090,g252
tag8091,g252
tag8092,g252
tag8093,g252
tag8094,g252
tag8095,g252
tag8096,g253
tag8097,g253
tag8098,g253
tag8099,g253
tag8100,g253
tag8101,g253
tag8102,g253
tag8103,g253
tag8104,g253
tag8105,g253
tag8106,g253
tag8107,g253
tag8108,g253
tag8109,g253
tag8110,g253
tag8111,g253
tag8112,g253
tag8113,g253
tag8114,g253
tag8115,g253
tag8116,g253
tag8117,g253
tag8118,g253
tag8119,g253
tag8120,g253
tag8121,g253
tag8122,g253
tag8123,g253
tag8124,g253
tag8125,g253
tag8126,g253
tag8127,g253
tag8128,g254
tag8129,g254
tag8130,g254
tag8131,g254
tag8132,g254
tag8133,g254
tag8134,g254
tag8135,g254
tag8136,g254
tag8137,g254
tag8138,g254
tag8139,g254
tag8140,g254
tag8141,g254
tag8142,g254
tag8143,g254
tag8144,g254
tag8145,g254
tag8146,g254
tag8147,g254
tag8148,g254
tag8149,g254
tag8150,g254
tag8151,g254
tag8152,g254
tag8153,g254
tag8154,g254
tag8155,g254
tag8156,g254
tag8157,g254
tag8158,g254
tag8159,g254
tag8160,g255
tag8161,g255
tag8162,g255
tag8163,g255
tag8164,g255
tag8165,g255
tag8166,g255
tag8167,g255
tag8168,g255
tag8169,g255
tag8170,g255
tag8171,g255
tag8172,g255
tag8173,g255
tag8174,g255
tag8175,g255
tag8176,g255
tag8177,g255
tag8178,g255
tag8179,g255
tag8180,g255
tag8181,g255
tag8182,g255
tag8183,g255
tag8184,g255
tag8185,g255
tag8186,g255
tag8187,g255
tag8188,g255
tag8189,g255
tag8190,g255
tag8191,g255
tag8192,g256
tag8193,g256
tag8194,g256
tag8195,g256
tag8196,g256
tag8197,g256
tag8198,g256
tag8199,g256
tag8200,g256
tag8201,g256
tag8202,g256
tag8203,g256
tag8204,g256
tag8205,g256
tag8206,g256
tag8207,g256
tag8208,g256
tag8209,g256
tag8210,g256
tag8211,g256
tag8212,g256
tag8213,g256
tag8214,g256
tag8215,g256
tag8216,g256
tag8217,g256
tag8218,g256
tag8219,g256
tag8220,g256
tag8221,g256
tag8222,g256
tag8223,g256
tag8224,g257
tag8225,g257
tag8226,g257
tag8227,g257
tag8228,g257
tag8229,g257
tag8230,g257
tag8231,g257
tag8232,g257
tag8233,g257
tag8234,g257
tag8235,g257
tag8236,g257
tag8237,g257
tag8238,g257
tag8239,g257
tag8240,g257
tag8241,g257
tag8242,g257
tag8243,g257
tag8244,g257
tag8245,g257
tag8246,g257
tag8247,g257
tag8248,g257
tag8249,g257
tag8250,g257
tag8251,g257
tag8252,g257
tag8253,g257
tag8254,g257
tag8255,g257
tag8256,g258
tag8257,g258
tag8258,g258
tag8259,g258
tag8260,g258
tag8261,g258
tag8262,g258
tag8263,g258
tag8264,g258
tag8265,g258
tag8266,g258
tag8267,g258
tag8268,g258
tag8269,g258
tag8270,g258
tag8271,g258
tag8272,g258
tag8273,g258
tag8274,g258
tag8275,g258
tag8276,g258
tag8277,g258
tag8278,g258
tag8279,g258
tag8280,g258
tag8281,g258
tag8282,g258
tag8283,g258
tag8284,g258
tag8285,g258
tag8286,g258
tag8287,g258
tag8288,g259
tag8289,g259
tag8290,g259
tag8291,g259
tag8292,g259
tag8293,g259
tag8294,g259
tag8295,g259
tag8296,g259
tag8297,g259
tag8298,g259
tag8299,g259
tag8300,g259
tag8301,g259
tag8302,g259
tag8303,g259
tag8304,g259
tag8305,g259
tag8306,g259
tag8307,g259
tag8308,g259
tag8309,g259
tag8310,g259
tag8311,g259
tag8312,g259
tag8313,g259
tag8314,g259
tag8315,g259
tag8316,g259
tag8317,g259
tag8318,g259
tag8319,g259
tag8320,g260
tag8321,g260
tag8322,g260
tag8323,g260
tag8324,g260
tag8325,g260
tag8326,g260
tag8327,g260
tag8328,g260
tag8329,g260
tag8330,g260
tag8331,g260
tag8332,g260
tag8333,g260
tag8334,g260
tag8335,g260
tag8336,g260
tag8337,g260
tag8338,g260
tag8339,g260
tag8340,g260
tag8341,g260
tag8342,g260
tag8343,g260
tag8344,g260
tag8345,g260
tag8346,g260
tag8347,g260
tag8348,g260
tag8349,g260
tag8350,g260
tag8351,g260
tag8352,g261
tag8353,g261
tag8354,g261
tag8355,g261
tag8356,g261
tag8357,g261
tag8358,g261
tag8359,g261
tag8360,g261
tag8361,g261
tag8362,g261
tag8363,g261
tag8364,g261
tag8365,g261
tag8366,g261
tag8367,g261
tag8368,g261
tag8369,g261
tag8370,g261
tag8371,g261
tag8372,g261
tag8373,g261
tag8374,g261
tag8375,g261
tag8376,g261
tag8377,g261
tag8378,g261
tag8379,g261
tag8380,g261
tag8381,g261
tag8382,g261
tag8383,g261
tag8384,g262
tag8385,g262
tag8386,g262
tag8387,g262
tag8388,g262
tag8389,g262
tag8390,g262
tag8391,g262
tag8392,g262
tag8393,g262
tag8394,g262
tag8395,g262
tag8396,g262
tag8397,g262
tag8398,g262
tag8399,g262
tag8400,g262
tag8401,g262
tag8402,g262
tag8403,g262
tag8404,g262
tag8405,g262
tag8406,g262
tag8407,g262
tag8408,g262
tag8409,g262
tag8410,g262
tag8411,g262
tag8412,g262
tag8413,g262
tag8414,g262
tag8415,g262
tag8416,g263
tag8417,g263
tag8418,g263
tag8419,g263
tag8420,g263
tag8421,g263
tag8422,g263
tag8423,g263
tag8424,g263
tag8425,g263
tag8426,g263
tag8427,g263
tag8428,g263
tag8429,g263
tag8430,g263
tag8431,g263
tag8432,g263
tag8433,g263
tag8434,g263
tag8435,g263
tag8436,g263
tag8437,g263
tag8438,g263
tag8439,g263
tag8440,g263
tag8441,g263
tag8442,g263
tag8443,g263
tag8444,g263
tag8445,g263
tag8446,g263
tag8447,g263
tag8448,g264
tag8449,g264
tag8450,g264
tag8451,g264
tag8452,g264
tag8453,g264
tag8454,g264
tag8455,g264
tag8456,g264
tag8457,g264
tag8458,g264
tag8459,g264
tag8460,g264
tag8461,g264
tag8462,g264
tag8463,g264
tag8464,g264
tag8465,g264
tag8466,g264
tag8467,g264
tag8468,g264
tag8469,g264
tag8470,g264
tag8471,g264
tag8472,g264
tag8473,g264
tag8474,g264
tag8475,g264
tag8476,g264
tag8477,g264
tag8478,g264
tag8479,g264
tag8480,g265
tag8481,g265
tag8482,g265
tag8483,g265
tag8484,g265
tag8485,g265
tag8486,g265
tag8487,g265
tag8488,g265
tag8489,g265
tag8490,g265
tag8491,g265
tag8492,g265
tag8493,g265
tag8494,g265
tag8495,g265
tag8496,g265
tag8497,g265
tag8498,g265
tag8499,g265
tag8500,g265
tag8501,g265
tag8502,g265
tag8503,g265
tag8504,g265
tag8505,g265
tag8506,g265
tag8507,g265
tag8508,g265
tag8509,g265
tag8510,g265
tag8511,g265
tag8512,g266
tag8513,g266
tag8514,g266
tag8515,g266
tag8516,g266
tag8517,g266
tag8518,g266
tag8519,g266
tag8520,g266
tag8521,g266
tag8522,g266
tag8523,g266
tag8524,g266
tag8525,g266
tag8526,g266
tag8527,g266
tag8528,g266
tag8529,g266
tag8530,g266
tag8531,g266
tag8532,g266
tag8533,g266
tag8534,g266
tag8535,g266
tag8536,g266
tag8537,g266
tag8538,g266
tag8539,g266
tag8540,g266
tag8541,g266
tag8542,g266
tag8543,g266
tag8544,g267
tag8545,g267
tag8546,g267
tag8547,g267
tag8548,g267
tag8549,g267
tag8550,g267
tag8551,g267
tag8552,g267
tag8553,g267
tag8554,g267
tag8555,g267
tag8556,g267
tag8557,g267
tag8558,g267
tag8559,g267
tag8560,g267
tag8561,g267
tag8562,g267
tag8563,g267
tag8564,g267
tag8565,g267
tag8566,g267
tag8567,g267
tag8568,g267
tag8569,g267
tag8570,g267
tag8571,g267
tag8572,g267
tag8573,g267
tag8574,g267
tag8575,g267
tag8576,g268
tag8577,g268
tag8578,g268
tag8579,g268
tag8580,g268
tag8581,g268
tag8582,g268
tag8583,g268
tag8584,g268
tag8585,g268
tag8586,g268
tag8587,g268
tag8588,g268
tag8589,g268
tag8590,g268
tag8591,g268
tag8592,g268
tag8593,g268
tag8594,g268
tag8595,g268
tag8596,g268
tag8597,g268
tag8598,g268
tag8599,g268
tag8600,g268
tag8601,g268
tag8602,g268
tag8603,g268
tag8604,g268
tag8605,g268
tag8606,g268
tag8607,g268
tag8608,g269
tag8609,g269
tag8610,g269
tag8611,g269
tag8612,g269
tag8613,g269
tag8614,g269
tag8615,g269
tag8616,g269
tag8617,g269
tag8618,g269
tag8619,g269
tag8620,g269
tag8621,g269
tag8622,g269
tag8623,g269
tag8624,g269
tag8625,g269
tag8626,g269
tag8627,g269
tag8628,g269
tag8629,g269
tag8630,g269
tag8631,g269
tag8632,g269
tag8633,g269
tag8634,g269
tag8635,g269
tag8636,g269
tag8637,g269
tag8638,g269
tag8639,g269
tag8640,g270
tag8641,g270
tag8642,g270
tag8643,g270
tag8644,g270
tag8645,g270
tag8646,g270
tag8647,g270
tag8648,g270
tag8649,g270
tag8650,g270
tag8651,g270
tag8652,g270
tag8653,g270
tag8654,g270
tag8655,g270
tag8656,g270
tag8657,g270
tag8658,g270
tag8659,g270
tag8660,g270
tag8661,g270
tag8662,g270
tag8663,g270
tag8664,g270
tag8665,g270
tag8666,g270
tag8667,g270
tag8668,g270
tag8669,g270
tag8670,g270
tag8671,g270
tag8672,g271
tag8673,g271
tag8674,g271
tag8675,g271
tag8676,g271
tag8677,g271
tag8678,g271
tag8679,g271
tag8680,g271
tag8681,g271
tag8682,g271
tag8683,g271
tag8684,g271
tag8685,g271
tag8686,g271
tag8687,g271
tag8688,g271
tag8689,g271
tag8690,g271
tag8691,g271
tag8692,g271
tag8693,g271
tag8694,g271
tag8695,g271
tag8696,g271
tag8697,g271
tag8698,g271
tag8699,g271
tag8700,g271
tag8701,g271
tag8702,g271
tag8703,g271
tag8704,g272
tag8705,g272
tag8706,g272
tag8707,g272
tag8708,g272
tag8709,g272
tag8710,g272
tag8711,g272
tag8712,g272
tag8713,g272
tag8714,g272
tag8715,g272
tag8716,g272
tag8717,g272
tag8718,g272
tag8719,g272
tag8720,g272
tag8721,g272
tag8722,g272
tag8723,g272
tag8724,g272
tag8725,g272
tag8726,g272
tag8727,g272
tag8728,g272
tag8729,g272
tag8730,g272
tag8731,g272
tag8732,g272
tag8733,g272
tag8734,g272
tag8735,g272
tag8736,g273
tag8737,g273
tag8738,g273
tag8739,g273
tag8740,g273
tag8741,g273
tag8742,g273
tag8743,g273
tag8744,g273
tag8745,g273
tag8746,g273
tag8747,g273
tag8748,g273
tag8749,g273
tag8750,g273
tag8751,g273
tag8752,g273
tag8753,g273
tag8754,g273
tag8755,g273
tag8756,g273
tag8757,g273
tag8758,g273
tag8759,g273
tag8760,g273
tag8761,g273
tag8762,g273
tag8763,g273
tag8764,g273
tag8765,g273
tag8766,g273
tag8767,g273
tag8768,g274
tag8769,g274
tag8770,g274
tag8771,g274
tag8772,g274
tag8773,g274
tag8774,g274
tag8775,g274
tag8776,g274
tag8777,g274
tag8778,g274
tag8779,g274
tag8780,g274
tag8781,g274
tag8782,g274
tag8783,g274
tag8784,g274
tag8785,g274
tag8786,g274
tag8787,g274
tag8788,g274
tag8789,g274
tag8790,g274
tag8791,g274
tag8792,g274
tag8793,g274
tag8794,g274
tag8795,g274
tag8796,g274
tag8797,g274
tag8798,g274
tag8799,g274
tag8800,g275
tag8801,g275
tag8802,g275
tag8803,g275
tag8804,g275
tag8805,g275
tag8806,g275
tag8807,g275
tag8808,g275
tag8809,g275
tag8810,g275
tag8811,g275
tag8812,g275
tag8813,g275
tag8814,g275
tag8815,g275
tag8816,g275
tag8817,g275
tag8818,g275
tag8819,g275
tag8820,g275
tag8821,g275
tag8822,g275
tag8823,g275
tag8824,g275
tag8825,g275
tag8826,g275
tag8827,g275
tag8828,g275
tag8829,g275
tag8830,g275
tag8831,g275
tag8832,g276
tag8833,g276
tag8834,g276
tag8835,g276
tag8836,g276
tag8837,g276
tag8838,g276
tag8839,g276
tag8840,g276
tag8841,g276
tag8842,g276
tag8843,g276
tag8844,g276
tag8845,g276
tag8846,g276
tag8847,g276
tag8848,g276
tag8849,g276
tag8850,g276
tag8851,g276
tag8852,g276
tag8853,g276
tag8854,g276
tag8855,g276
tag8856,g276
tag8857,g276
tag8858,g276
tag8859,g276
tag8860,g276
tag8861,g276
tag8862,g276
tag8863,g276
tag8864,g277
tag8865,g277
tag8866,g277
tag8867,g277
tag8868,g277
tag8869,g277
tag8870,g277
tag8871,g277
tag8872,g277
tag8873,g277
tag8874,g277
tag8875,g277
tag8876,g277
tag8877,g277
tag8878,g277
tag8879,g277
tag8880,g277
tag8881,g277
tag8882,g277
tag8883,g277
tag8884,g277
tag8885,g277
tag8886,g277
tag8887,g277
tag8888,g277
tag8889,g277
tag8890,g277
tag8891,g277
tag8892,g277
tag8893,g277
tag8894,g277
tag8895,g277
tag8896,g278
tag8897,g278
tag8898,g278
tag8899,g278
tag8900,g278
tag8901,g278
tag8902,g278
tag8903,g278
tag8904,g278
tag8905,g278
tag8906,g278
tag8907,g278
tag8908,g278
tag8909,g278
tag8910,g278
tag8911,g278
tag8912,g278
tag8913,g278
tag8914,g278
tag8915,g278
tag8916,g278
tag8917,g278
tag8918,g278
tag8919,g278
tag8920,g278
tag8921,g278
tag8922,g278
tag8923,g278
tag8924,g278
tag8925,g278
tag8926,g278
tag8927,g278
tag8928,g279
tag8929,g279
tag8930,g279
tag8931,g279
tag8932,g279
tag8933,g279
tag8934,g279
tag8935,g279
tag8936,g279
tag8937,g279
tag8938,g279
tag8939,g279
tag8940,g279
tag8941,g279
tag8942,g279
tag8943,g279
tag8944,g279
tag8945,g279
tag8946,g279
tag8947,g279
tag8948,g279
tag8949,g279
tag8950,g279
tag8951,g279
tag8952,g279
tag8953,g279
tag8954,g279
tag8955,g279
tag8956,g279
tag8957,g279
tag8958,g279
tag8959,g279
tag8960,g280
tag8961,g280
tag8962,g280
tag8963,g280
tag8964,g280
tag8965,g280
tag8966,g280
tag8967,g280
tag8968,g280
tag8969,g280
tag8970,g280
tag8971,g280
tag8972,g280
tag8973,g280
tag8974,g280
tag8975,g280
tag8976,g280
tag8977,g280
tag8978,g280
tag8979,g280
tag8980,g280
tag8981,g280
tag8982,g280
tag8983,g280
tag8984,g280
tag8985,g280
tag8986,g280
tag8987,g280
tag8988,g280
tag8989,g280
tag8990,g280
tag8991,g280
tag8992,g281
tag8993,g281
tag8994,g281
tag8995,g281
tag8996,g281
tag8997,g281
tag8998,g281
tag8999,g281
tag9000,g281
tag9001,g281
tag9002,g281
tag9003,g281
tag9004,g281
tag9005,g281
tag9006,g281
tag9007,g281
tag9008,g281
tag9009,g281
tag9010,g281
tag9011,g281
tag9012,g281
tag9013,g281
tag9014,g281
tag9015,g281
tag9016,g281
tag9017,g281
tag9018,g281
tag9019,g281
tag9020,g281
tag9021,g281
tag9022,g281
tag9023,g281
tag9024,g282
tag9025,g282
tag9026,g282
tag9027,g282
tag9028,g282
tag9029,g282
tag9030,g282
tag9031,g282
tag9032,g282
tag9033,g282
tag9034,g282
tag9035,g282
tag9036,g282
tag9037,g282
tag9038,g282
tag9039,g282
tag9040,g282
tag9041,g282
tag9042,g282
tag9043,g282
tag9044,g282
tag9045,g282
tag9046,g282
tag9047,g282
tag9048,g282
tag9049,g282
tag9050,g282
tag9051,g282
tag9052,g282
tag9053,g282
tag9054,g282
tag9055,g282
tag9056,g283
tag9057,g283
tag9058,g283
tag9059,g283
tag9060,g283
tag9061,g283
tag9062,g283
tag9063,g283
tag9064,g283
tag9065,g283
tag9066,g283
tag9067,g283
tag9068,g283
tag9069,g283
tag9070,g283
tag9071,g283
tag9072,g283
tag9073,g283
tag9074,g283
tag9075,g283
tag9076,g283
tag9077,g283
tag9078,g283
tag9079,g283
tag9080,g283
tag9081,g283
tag9082,g283
tag9083,g283
tag9084,g283
tag9085,g283
tag9086,g283
tag9087,g283
tag9088,g284
tag9089,g284
tag9090,g284
tag9091,g284
tag9092,g284
tag9093,g284
tag9094,g284
tag9095,g284
tag9096,g284
tag9097,g284
tag9098,g284
tag9099,g284
tag9100,g284
tag9101,g284
tag9102,g284
tag9103,g284
tag9104,g284
tag9105,g284
tag9106,g284
tag9107,g284
tag9108,g284
tag9109,g284
tag9110,g284
tag9111,g284
tag9112,g284
tag9113,g284
tag9114,g284
tag9115,g284
tag9116,g284
tag9117,g284
tag9118,g284
tag9119,g284
tag9120,g285
tag9121,g285
tag9122,g285
tag9123,g285
tag9124,g285
tag9125,g285
tag9126,g285
tag9127,g285
tag9128,g285
tag9129,g285
tag9130,g285
tag9131,g285
tag9132,g285
tag9133,g285
tag9134,g285
tag9135,g285
tag9136,g285
tag9137,g285
tag9138,g285
tag9139,g285
tag9140,g285
tag9141,g285
tag9142,g285
tag9143,g285
tag9144,g285
tag9145,g285
tag9146,g285
tag9147,g285
tag9148,g285
tag9149,g285
tag9150,g285
tag9151,g285
tag9152,g286
tag9153,g286
tag9154,g286
tag9155,g286
tag9156,g286
tag9157,g286
tag9158,g286
tag9159,g286
tag9160,g286
tag9161,g286
tag9162,g286
tag9163,g286
tag9164,g286
tag9165,g286
tag9166,g286
tag9167,g286
tag9168,g286
tag9169,g286
tag9170,g286
tag9171,g286
tag9172,g286
tag9173,g286
tag9174,g286
tag9175,g286
tag9176,g286
tag9177,g286
tag9178,g286
tag9179,g286
tag9180,g286
tag9181,g286
tag9182,g286
tag9183,g286
tag9184,g287
tag9185,g287
tag9186,g287
tag9187,g287
tag9188,g287
tag9189,g287
tag9190,g287
tag9191,g287
tag9192,g287
tag9193,g287
tag9194,g287
tag9195,g287
tag9196,g287
tag9197,g287
tag9198,g287
tag9199,g287
tag9200,g287
tag9201,g287
tag9202,g287
tag9203,g287
tag9204,g287
tag9205,g287
tag9206,g287
tag9207,g287
tag9208,g287
tag9209,g287
tag9210,g287
tag9211,g287
tag9212,g287
tag9213,g287
tag9214,g287
tag9215,g287
tag9216,g288
tag9217,g288
tag9218,g288
tag9219,g288
tag9220,g288
tag9221,g288
tag9222,g288
tag9223,g288
tag9224,g288
tag9225,g288
tag9226,g288
tag9227,g288
tag9228,g288
tag9229,g288
tag9230,g288
tag9231,g288
tag9232,g288
tag9233,g288
tag9234,g288
tag9235,g288
tag9236,g288
tag9237,g288
tag9238,g288
tag9239,g288
tag9240,g288
tag9241,g288
tag9242,g288
tag9243,g288
tag9244,g288
tag9245,g288
tag9246,g288
tag9247,g288
tag9248,g289
tag9249,g289
tag9250,g289
tag9251,g289
tag9252,g289
tag9253,g289
tag9254,g289
tag9255,g289
tag9256,g289
tag9257,g289
tag9258,g289
tag9259,g289
tag9260,g289
tag9261,g289
tag9262,g289
tag9263,g289
tag9264,g289
tag9265,g289
tag9266,g289
tag9267,g289
tag9268,g289
tag9269,g289
tag9270,g289
tag9271,g289
tag9272,g289
tag9273,g289
tag9274,g289
tag9275,g289
tag9276,g289
tag9277,g289
tag9278,g289
tag9279,g289
tag9280,g290
tag9281,g290
tag9282,g290
tag9283,g290
tag9284,g290
tag9285,g290
tag9286,g290
tag9287,g290
tag9288,g290
tag9289,g290
tag9290,g290
tag9291,g290
tag9292,g290
tag9293,g290
tag9294,g290
tag9295,g290
tag9296,g290
tag9297,g290
tag9298,g290
tag9299,g290
tag9300,g290
tag9301,g290
tag9302,g290
tag9303,g290
tag9304,g290
tag9305,g290
tag9306,g290
tag9307,g290
tag9308,g290
tag9309,g290
tag9310,g290
tag9311,g290
tag9312,g291
tag9313,g291
tag9314,g291
tag9315,g291
tag9316,g291
tag9317,g291
tag9318,g291
tag9319,g291
tag9320,g291
tag9321,g291
tag9322,g291
tag9323,g291
tag9324,g291
tag9325,g291
tag9326,g291
tag9327,g291
tag9328,g291
tag9329,g291
tag9330,g291
tag9331,g291
tag9332,g291
tag9333,g291
tag9334,g291
tag9335,g291
tag9336,g291
tag9337,g291
tag9338,g291
tag9339,g291
tag9340,g291
tag9341,g291
tag9342,g291
tag9343,g291
tag9344,g292
tag9345,g292
tag9346,g292
tag9347,g292
tag9348,g292
tag9349,g292
tag9350,g292
tag9351,g292
tag9352,g292
tag9353,g292
tag9354,g292
tag9355,g292
tag9356,g292
tag9357,g292
tag9358,g292
tag9359,g292
tag9360,g292
tag9361,g292
tag9362,g292
tag9363,g292
tag9364,g292
tag9365,g292
tag9366,g292
tag9367,g292
tag9368,g292
tag9369,g292
tag9370,g292
tag9371,g292
tag9372,g292
tag9373,g292
tag9374,g292
tag9375,g292
tag9376,g293
tag9377,g293
tag9378,g293
tag9379,g293
tag9380,g293
tag9381,g293
tag9382,g293
tag9383,g293
tag9384,g293
tag9385,g293
tag9386,g293
tag9387,g293
tag9388,g293
tag9389,g293
tag9390,g293
tag9391,g293
tag9392,g293
tag9393,g293
tag9394,g293
tag9395,g293
tag9396,g293
tag9397,g293
tag9398,g293
tag9399,g293
tag9400,g293
tag9401,g293
tag9402,g293
tag9403,g293
tag9404,g293
tag9405,g293
tag9406,g293
tag9407,g293
tag9408,g294
tag9409,g294
tag9410,g294
tag9411,g294
tag9412,g294
tag9413,g294
tag9414,g294
tag9415,g294
tag9416,g294
tag9417,g294
tag9418,g294
tag9419,g294
tag9420,g294
tag9421,g294
tag9422,g294
tag9423,g294
tag9424,g294
tag9425,g294
tag9426,g294
tag9427,g294
tag9428,g294
tag9429,g294
tag9430,g294
tag9431,g294
tag9432,g294
tag9433,g294
tag9434,g294
tag9435,g294
tag9436,g294
tag9437,g294
tag9438,g294
tag9439,g294
tag9440,g295
tag9441,g295
tag9442,g295
tag9443,g295
tag9444,g295
tag9445,g295
tag9446,g295
tag9447,g295
tag9448,g295
tag9449,g295
tag9450,g295
tag9451,g295
tag9452,g295
tag9453,g295
tag9454,g295
tag9455,g295
tag9456,g295
tag9457,g295
tag9458,g295
tag9459,g295
tag9460,g295
tag9461,g295
tag9462,g295
tag9463,g295
tag9464,g295
tag9465,g295
tag9466,g295
tag9467,g295
tag9468,g295
tag9469,g295
tag9470,g295
tag9471,g295
tag9472,g296
tag9473,g296
tag9474,g296
tag9475,g296
tag9476,g296
tag9477,g296
tag9478,g296
tag9479,g296
tag9480,g296
tag9481,g296
tag9482,g296
tag9483,g296
tag9484,g296
tag9485,g296
tag9486,g296
tag9487,g296
tag9488,g296
tag9489,g296
tag9490,g296
tag9491,g296
tag9492,g296
tag9493,g296
tag9494,g296
tag9495,g296
tag9496,g296
tag9497,g296
tag9498,g296
tag9499,g296
tag9500,g296
tag9501,g296
tag9502,g296
tag9503,g296
tag9504,g297
tag9505,g297
tag9506,g297
tag9507,g297
tag9508,g297
tag9509,g297
tag9510,g297
tag9511,g297
tag9512,g297
tag9513,g297
tag9514,g297
tag9515,g297
tag9516,g297
tag9517,g297
tag9518,g297
tag9519,g297
tag9520,g297
tag9521,g297
tag9522,g297
tag9523,g297
tag9524,g297
tag9525,g297
tag9526,g297
tag9527,g297
tag9528,g297
tag9529,g297
tag9530,g297
tag9531,g297
tag9532,g297
tag9533,g297
tag9534,g297
tag9535,g297
tag9536,g298
tag9537,g298
tag9538,g298
tag9539,g298
tag9540,g298
tag9541,g298
tag9542,g298
tag9543,g298
tag9544,g298
tag9545,g298
tag9546,g298
tag9547,g298
tag9548,g298
tag9549,g298
tag9550,g298
tag9551,g298
tag9552,g298
tag9553,g298
tag9554,g298
tag9555,g298
tag9556,g298
tag9557,g298
tag9558,g298
tag9559,g298
tag9560,g298
tag9561,g298
tag9562,g298
tag9563,g298
tag9564,g298
tag9565,g298
tag9566,g298
tag9567,g298
tag9568,g299
tag9569,g299
tag9570,g299
tag9571,g299
tag9572,g299
tag9573,g299
tag9574,g299
tag9575,g299
tag9576,g299
tag9577,g299
tag9578,g299
tag9579,g299
tag9580,g299
tag9581,g299
tag9582,g299
tag9583,g299
tag9584,g299
tag9585,g299
tag9586,g299
tag9587,g299
tag9588,g299
tag9589,g299
tag9590,g299
tag9591,g299
tag9592,g299
tag9593,g299
tag9594,g299
tag9595,g299
tag9596,g299
tag9597,g299
tag9598,g299
tag9599,g299
tag9600,g300
tag9601,g300
tag9602,g300
tag9603,g300
tag9604,g300
tag9605,g300
tag9606,g300
tag9607,g300
tag9608,g300
tag9609,g300
tag9610,g300
tag9611,g300
tag9612,g300
tag9613,g300
tag9614,g300
tag9615,g300
tag9616,g300
tag9617,g300
tag9618,g300
tag9619,g300
tag9620,g300
tag9621,g300
tag9622,g300
tag9623,g300
tag9624,g300
tag9625,g300
tag9626,g300
tag9627,g300
tag9628,g300
tag9629,g300
tag9630,g300
tag9631,g300
tag9632,g301
tag9633,g301
tag9634,g301
tag9635,g301
tag9636,g301
tag9637,g301
tag9638,g301
tag9639,g301
tag9640,g301
tag9641,g301
tag9642,g301
tag9643,g301
tag9644,g301
tag9645,g301
tag9646,g301
tag9647,g301
tag9648,g301
tag9649,g301
tag9650,g301
tag9651,g301
tag9652,g301
tag9653,g301
tag9654,g301
tag9655,g301
tag9656,g301
tag9657,g301
tag9658,g301
tag9659,g301
tag9660,g301
tag9661,g301
tag9662,g301
tag9663,g301
tag9664,g302
tag9665,g302
tag9666,g302
tag9667,g302
tag9668,g302
tag9669,g302
tag9670,g302
tag9671,g302
tag9672,g302
tag9673,g302
tag9674,g302
tag9675,g302
tag9676,g302
tag9677,g302
tag9678,g302
tag9679,g302
tag9680,g302
tag9681,g302
tag9682,g302
tag9683,g302
tag9684,g302
tag9685,g302
tag9686,g302
tag9687,g302
tag9688,g302
tag9689,g302
tag9690,g302
tag9691,g302
tag9692,g302
tag9693,g302
tag9694,g302
tag9695,g302
tag9696,g303
tag9697,g303
tag9698,g303
tag9699,g303
tag9700,g303
tag9701,g303
tag9702,g303
tag9703,g303
tag9704,g303
tag9705,g303
tag9706,g303
tag9707,g303
tag9708,g303
tag9709,g303
tag9710,g303
tag9711,g303
tag9712,g303
tag9713,g303
tag9714,g303
tag9715,g303
tag9716,g303
tag9717,g303
tag9718,g303
tag9719,g303
tag9720,g303
tag9721,g303
tag9722,g303
tag9723,g303
tag9724,g303
tag9725,g303
tag9726,g303
tag9727,g303
tag9728,g304
tag9729,g304
tag9730,g304
tag9731,g304
tag9732,g304
tag9733,g304
tag9734,g304
tag9735,g304
tag9736,g304
tag9737,g304
tag9738,g304
tag9739,g304
tag9740,g304
tag9741,g304
tag9742,g304
tag9743,g304
tag9744,g304
tag9745,g304
tag9746,g304
tag9747,g304
tag9748,g304
tag9749,g304
tag9750,g304
tag9751,g304
tag9752,g304
tag9753,g304
tag9754,g304
tag9755,g304
tag9756,g304
tag9757,g304
tag9758,g304
tag9759,g304
tag9760,g305
tag9761,g305
tag9762,g305
tag9763,g305
tag9764,g305
tag9765,g305
tag9766,g305
tag9767,g305
tag9768,g305
tag9769,g305
tag9770,g305
tag9771,g305
tag9772,g305
tag9773,g305
tag9774,g305
tag9775,g305
tag9776,g305
tag9777,g305
tag9778,g305
tag9779,g305
tag9780,g305
tag9781,g305
tag9782,g305
tag9783,g305
tag9784,g305
tag9785,g305
tag9786,g305
tag9787,g305
tag9788,g305
tag9789,g305
tag9790,g305
tag9791,g305
tag9792,g306
tag9793,g306
tag9794,g306
tag9795,g306
tag9796,g306
tag9797,g306
tag9798,g306
tag9799,g306
tag9800,g306
tag9801,g306
tag9802,g306
tag9803,g306
tag9804,g306
tag9805,g306
tag9806,g306
tag9807,g306
tag9808,g306
tag9809,g306
tag9810,g306
tag9811,g306
tag9812,g306
tag9813,g306
tag9814,g306
tag9815,g306
tag9816,g306
tag9817,g306
tag9818,g306
tag9819,g306
tag9820,g306
tag9821,g306
tag9822,g306
tag9823,g306
tag9824,g307
tag9825,g307
tag9826,g307
tag9827,g307
tag9828,g307
tag9829,g307
tag9830,g307
tag9831,g307
tag9832,g307
tag9833,g307
tag9834,g307
tag9835,g307
tag9836,g307
tag9837,g307
tag9838,g307
tag9839,g307
tag9840,g307
tag9841,g307
tag9842,g307
tag9843,g307
tag9844,g307
tag9845,g307
tag9846,g307
tag9847,g307
tag9848,g307
tag9849,g307
tag9850,g307
tag9851,g307
tag9852,g307
tag9853,g307
tag9854,g307
tag9855,g307
tag9856,g308
tag9857,g308
tag9858,g308
tag9859,g308
tag9860,g308
tag9861,g308
tag9862,g308
tag9863,g308
tag9864,g308
tag9865,g308
tag9866,g308
tag9867,g308
tag9868,g308
tag9869,g308
tag9870,g308
tag9871,g308
tag9872,g308
tag9873,g308
tag9874,g308
tag9875,g308
tag9876,g308
tag9877,g308
tag9878,g308
tag9879,g308
tag9880,g308
tag9881,g308
tag9882,g308
tag9883,g308
tag9884,g308
tag9885,g308
tag9886,g308
tag9887,g308
tag9888,g309
tag9889,g309
tag9890,g309
tag9891,g309
tag9892,g309
tag9893,g309
tag9894,g309
tag9895,g309
tag9896,g309
tag9897,g309
tag9898,g309
tag9899,g309
tag9900,g309
tag9901,g309
tag9902,g309
tag9903,g309
tag9904,g309
tag9905,g309
tag9906,g309
tag9907,g309
tag9908,g309
tag9909,g309
tag9910,g309
tag9911,g309
tag9912,g309
tag9913,g309
tag9914,g309
tag9915,g309
tag9916,g309
tag9917,g309
tag9918,g309
tag9919,g309
tag9920,g310
tag9921,g310
tag9922,g310
tag9923,g310
tag9924,g310
tag9925,g310
tag9926,g310
tag9927,g310
tag9928,g310
tag9929,g310
tag9930,g310
tag9931,g310
tag9932,g310
tag9933,g310
tag9934,g310
tag9935,g310
tag9936,g310
tag9937,g310
tag9938,g310
tag9939,g310
tag9940,g310
tag9941,g310
tag9942,g310
tag9943,g310
tag9944,g310
tag9945,g310
tag9946,g310
tag9947,g310
tag9948,g310
tag9949,g310
tag9950,g310
tag9951,g310
tag9952,g311
tag9953,g311
tag9954,g311
tag9955,g311
tag9956,g311
tag9957,g311
tag9958,g311
tag9959,g311
tag9960,g311
tag9961,g311
tag9962,g311
tag9963,g311
tag9964,g311
tag9965,g311
tag9966,g311
tag9967,g311
tag9968,g311
tag9969,g311
tag9970,g311
tag9971,g311
tag9972,g311
tag9973,g311
tag9974,g311
tag9975,g311
tag9976,g311
tag9977,g311
tag9978,g311
tag9979,g311
tag9980,g311
tag9981,g311
tag9982,g311
tag9983,g311
tag9984,g312
tag9985,g312
tag9986,g312
tag9987,g312
tag9988,g312
tag9989,g312
tag9990,g312
tag9991,g312
tag9992,g312
tag9993,g312
tag9994,g312
tag9995,g312
tag9996,g312
tag9997,g312
tag9998,g312
tag9999,g312
tag10000,g312
tag10001,g312
tag10002,g312
tag10003,g312
tag10004,g312
tag10005,g312
tag10006,g312
tag10007,g312
tag10008,g312
tag10009,g312
tag10010,g312
tag10011,g312
tag10012,g312
tag10013,g312
tag10014,g312
tag10015,g312
tag10016,g313
tag10017,g313
tag10018,g313
tag10019,g313
tag10020,g313
tag10021,g313
tag10022,g313
tag10023,g313
tag10024,g313
tag10025,g313
tag10026,g313
tag10027,g313
tag10028,g313
tag10029,g313
tag10030,g313
tag10031,g313
tag10032,g313
tag10033,g313
tag10034,g313
tag10035,g313
tag10036,g313
tag10037,g313
tag10038,g313
tag10039,g313
tag10040,g313
tag10041,g313
tag10042,g313
tag10043,g313
tag10044,g313
tag10045,g313
tag10046,g313
tag10047,g313
tag10048,g314
tag10049,g314
tag10050,g314
tag10051,g314
tag10052,g314
tag10053,g314
tag10054,g314
tag10055,g314
tag10056,g314
tag10057,g314
tag10058,g314
tag10059,g314
tag10060,g314
tag10061,g314
tag10062,g314
tag10063,g314
tag10064,g314
tag10065,g314
tag10066,g314
tag10067,g314
tag10068,g314
tag10069,g314
tag10070,g314
tag10071,g314
tag10072,g314
tag10073,g314
tag10074,g314
tag10075,g314
tag10076,g314
tag10077,g314
tag10078,g314
tag10079,g314
tag10080,g315
tag10081,g315
tag10082,g315
tag10083,g315
tag10084,g315
tag10085,g315
tag10086,g315
tag10087,g315
tag10088,g315
tag10089,g315
tag10090,g315
tag10091,g315
tag10092,g315
tag10093,g315
tag10094,g315
tag10095,g315
tag10096,g315
tag10097,g315
tag10098,g315
tag10099,g315
tag10100,g315
tag10101,g315
tag10102,g315
tag10103,g315
tag10104,g315
tag10105,g315
tag10106,g315
tag10107,g315
tag10108,g315
tag10109,g315
tag10110,g315
tag10111,g315
tag10112,g316
tag10113,g316
tag10114,g316
tag10115,g316
tag10116,g316
tag10117,g316
tag10118,g316
tag10119,g316
tag10120,g316
tag10121,g316
tag10122,g316
tag10123,g316
tag10124,g316
tag10125,g316
tag10126,g316
tag10127,g316
tag10128,g316
tag10129,g316
tag10130,g316
tag10131,g316
tag10132,g316
tag10133,g316
tag10134,g316
tag10135,g316
tag10136,g316
tag10137,g316
tag10138,g316
tag10139,g316
tag10140,g316
tag10141,g316
tag10142,g316
tag10143,g316
tag10144,g317
tag10145,g317
tag10146,g317
tag10147,g317
tag10148,g317
tag10149,g317
tag10150,g317
tag10151,g317
tag10152,g317
tag10153,g317
tag10154,g317
tag10155,g317
tag10156,g317
tag10157,g317
tag10158,g317
tag10159,g317
tag10160,g317
tag10161,g317
tag10162,g317
tag10163,g317
tag10164,g317
tag10165,g317
tag10166,g317
tag10167,g317
tag10168,g317
tag10169,g317
tag10170,g317
tag10171,g317
tag10172,g317
tag10173,g317
tag10174,g317
tag10175,g317
tag10176,g318
tag10177,g318
tag10178,g318
tag10179,g318
tag10180,g318
tag10181,g318
tag10182,g318
tag10183,g318
tag10184,g318
tag10185,g318
tag10186,g318
tag10187,g318
tag10188,g318
tag10189,g318
tag10190,g318
tag10191,g318
tag10192,g318
tag10193,g318
tag10194,g318
tag10195,g318
tag10196,g318
tag10197,g318
tag10198,g318
tag10199,g318
tag10200,g318
tag10201,g318
tag10202,g318
tag10203,g318
tag10204,g318
tag10205,g318
tag10206,g318
tag10207,g318
tag10208,g319
tag10209,g319
tag10210,g319
tag10211,g319
tag10212,g319
tag10213,g319
tag10214,g319
tag10215,g319
tag10216,g319
tag10217,g319
tag10218,g319
tag10219,g319
tag10220,g319
tag10221,g319
tag10222,g319
tag10223,g319
tag10224,g319
tag10225,g319
tag10226,g319
tag10227,g319
tag10228,g319
tag10229,g319
tag10230,g319
tag10231,g319
tag10232,g319
tag10233,g319
tag10234,g319
tag10235,g319
tag10236,g319
tag10237,g319
tag10238,g319
tag10239,g319
tag10240,g320
tag10241,g320
tag10242,g320
tag10243,g320
tag10244,g320
tag10245,g320
tag10246,g320
tag10247,g320
tag10248,g320
tag10249,g320
tag10250,g320
tag10251,g320
tag10252,g320
tag10253,g320
tag10254,g320
tag10255,g320
tag10256,g320
tag10257,g320
tag10258,g320
tag10259,g320
tag10260,g320
tag10261,g320
tag10262,g320
tag10263,g320
tag10264,g320
tag10265,g320
tag10266,g320
tag10267,g320
tag10268,g320
tag10269,g320
tag10270,g320
tag10271,g320
tag10272,g321
tag10273,g321
tag10274,g321
tag10275,g321
tag10276,g321
tag10277,g321
tag10278,g321
tag10279,g321
tag10280,g321
tag10281,g321
tag10282,g321
tag10283,g321
tag10284,g321
tag10285,g321
tag10286,g321
tag10287,g321
tag10288,g321
tag10289,g321
tag10290,g321
tag10291,g321
tag10292,g321
tag10293,g321
tag10294,g321
tag10295,g321
tag10296,g321
tag10297,g321
tag10298,g321
tag10299,g321
tag10300,g321
tag10301,g321
tag10302,g321
tag10303,g321
tag10304,g322
tag10305,g322
tag10306,g322
tag10307,g322
tag10308,g322
tag10309,g322
tag10310,g322
tag10311,g322
tag10312,g322
tag10313,g322
tag10314,g322
tag10315,g322
tag10316,g322
tag10317,g322
tag10318,g322
tag10319,g322
tag10320,g322
tag10321,g322
tag10322,g322
tag10323,g322
tag10324,g322
tag10325,g322
tag10326,g322
tag10327,g322
tag10328,g322
tag10329,g322
tag10330,g322
tag10331,g322
tag10332,g322
tag10333,g322
tag10334,g322
tag10335,g322
tag10336,g323
tag10337,g323
tag10338,g323
tag10339,g323
tag10340,g323
tag10341,g323
tag10342,g323
tag10343,g323
tag10344,g323
tag10345,g323
tag10346,g323
tag10347,g323
tag10348,g323
tag10349,g323
tag10350,g323
tag10351,g323
tag10352,g323
tag10353,g323
tag10354,g323
tag10355,g323
tag10356,g323
tag10357,g323
tag10358,g323
tag10359,g323
tag10360,g323
tag10361,g323
tag10362,g323
tag10363,g323
tag10364,g323
tag10365,g323
tag10366,g323
tag10367,g323
tag10368,g324
tag10369,g324
tag10370,g324
tag10371,g324
tag10372,g324
tag10373,g324
tag10374,g324
tag10375,g324
tag10376,g324
tag10377,g324
tag10378,g324
tag10379,g324
tag10380,g324
tag10381,g324
tag10382,g324
tag10383,g324
tag10384,g324
tag10385,g324
tag10386,g324
tag10387,g324
tag10388,g324
tag10389,g324
tag10390,g324
tag10391,g324
tag10392,g324
tag10393,g324
tag10394,g324
tag10395,g324
tag10396,g324
tag10397,g324
tag10398,g324
tag10399,g324
tag10400,g325
tag10401,g325
tag10402,g325
tag10403,g325
tag10404,g325
tag10405,g325
tag10406,g325
tag10407,g325
tag10408,g325
tag10409,g325
tag10410,g325
tag10411,g325
tag10412,g325
tag10413,g325
tag10414,g325
tag10415,g325
tag10416,g325
tag10417,g325
tag10418,g325
tag10419,g325
tag10420,g325
tag10421,g325
tag10422,g325
tag10423,g325
tag10424,g325
tag10425,g325
tag10426,g325
tag10427,g325
tag10428,g325
tag10429,g325
tag10430,g325
tag10431,g325
tag10432,g326
tag10433,g326
tag10434,g326
tag10435,g326
tag10436,g326
tag10437,g326
tag10438,g326
tag10439,g326
tag10440,g326
tag10441,g326
tag10442,g326
tag10443,g326
tag10444,g326
tag10445,g326
tag10446,g326
tag10447,g326
tag10448,g326
tag10449,g326
tag10450,g326
tag10451,g326
tag10452,g326
tag10453,g326
tag10454,g326
tag10455,g326
tag10456,g326
tag10457,g326
tag10458,g326
tag10459,g326
tag10460,g326
tag10461,g326
tag10462,g326
tag10463,g326
tag10464,g327
tag10465,g327
tag10466,g327
tag10467,g327
tag10468,g327
tag10469,g327
tag10470,g327
tag10471,g327
tag10472,g327
tag10473,g327
tag10474,g327
tag10475,g327
tag10476,g327
tag10477,g327
tag10478,g327
tag10479,g327
tag10480,g327
tag10481,g327
tag10482,g327
tag10483,g327
tag10484,g327
tag10485,g327
tag10486,g327
tag10487,g327
tag10488,g327
tag10489,g327
tag10490,g327
tag10491,g327
tag10492,g327
tag10493,g327
tag10494,g327
tag10495,g327
tag10496,g328
tag10497,g328
tag10498,g328
tag10499,g328
tag10500,g328
tag10501,g328
tag10502,g328
tag10503,g328
tag10504,g328
tag10505,g328
tag10506,g328
tag10507,g328
tag10508,g328
tag10509,g328
tag10510,g328
tag10511,g328
tag10512,g328
tag10513,g328
tag10514,g328
tag10515,g328
tag10516,g328
tag10517,g328
tag10518,g328
tag10519,g328
tag10520,g328
tag10521,g328
tag10522,g328
tag10523,g328
tag10524,g328
tag10525,g328
tag10526,g328
tag10527,g328
tag10528,g329
tag10529,g329
tag10530,g329
tag10531,g329
tag10532,g329
tag10533,g329
tag10534,g329
tag10535,g329
tag10536,g329
tag10537,g329
tag10538,g329
tag10539,g329
tag10540,g329
tag10541,g329
tag10542,g329
tag10543,g329
tag10544,g329
tag10545,g329
tag10546,g329
tag10547,g329
tag10548,g329
tag10549,g329
tag10550,g329
tag10551,g329
tag10552,g329
tag10553,g329
tag10554,g329
tag10555,g329
tag10556,g329
tag10557,g329
tag10558,g329
tag10559,g329
tag10560,g330
tag10561,g330
tag10562,g330
tag10563,g330
tag10564,g330
tag10565,g330
tag10566,g330
tag10567,g330
tag10568,g330
tag10569,g330
tag10570,g330
tag10571,g330
tag10572,g330
tag10573,g330
tag10574,g330
tag10575,g330
tag10576,g330
tag10577,g330
tag10578,g330
tag10579,g330
tag10580,g330
tag10581,g330
tag10582,g330
tag10583,g330
tag10584,g330
tag10585,g330
tag10586,g330
tag10587,g330
tag10588,g330
tag10589,g330
tag10590,g330
tag10591,g330
tag10592,g331
tag10593,g331
tag10594,g331
tag10595,g331
tag10596,g331
tag10597,g331
tag10598,g331
tag10599,g331
tag10600,g331
tag10601,g331
tag10602,g331
tag10603,g331
tag10604,g331
tag10605,g331
tag10606,g331
tag10607,g331
tag10608,g331
tag10609,g331
tag10610,g331
tag10611,g331
tag10612,g331
tag10613,g331
tag10614,g331
tag10615,g331
tag10616,g331
tag10617,g331
tag10618,g331
tag10619,g331
tag10620,g331
tag10621,g331
tag10622,g331
tag10623,g331
tag10624,g332
tag10625,g332
tag10626,g332
tag10627,g332
tag10628,g332
tag10629,g332
tag10630,g332
tag10631,g332
tag10632,g332
tag10633,g332
tag10634,g332
tag10635,g332
tag10636,g332
tag10637,g332
tag10638,g332
tag10639,g332
tag10640,g332
tag10641,g332
tag10642,g332
tag10643,g332
tag10644,g332
tag10645,g332
tag10646,g332
tag10647,g332
tag10648,g332
tag10649,g332
tag10650,g332
tag10651,g332
tag10652,g332
tag10653,g332
tag10654,g332
tag10655,g332
tag10656,g333
tag10657,g333
tag10658,g333
tag10659,g333
tag10660,g333
tag10661,g333
tag10662,g333
tag10663,g333
tag10664,g333
tag10665,g333
tag10666,g333
tag10667,g333
tag10668,g333
tag10669,g333
tag10670,g333
tag10671,g333
tag10672,g333
tag10673,g333
tag10674,g333
tag10675,g333
tag10676,g333
tag10677,g333
tag10678,g333
tag10679,g333
tag10680,g333
tag10681,g333
tag10682,g333
tag10683,g333
tag10684,g333
tag10685,g333
tag10686,g333
tag10687,g333
tag10688,g334
tag10689,g334
tag10690,g334
tag10691,g334
tag10692,g334
tag10693,g334
tag10694,g334
tag10695,g334
tag10696,g334
tag10697,g334
tag10698,g334
tag10699,g334
tag10700,g334
tag10701,g334
tag10702,g334
tag10703,g334
tag10704,g334
tag10705,g334
tag10706,g334
tag10707,g334
tag10708,g334
tag10709,g334
tag10710,g334
tag10711,g334
tag10712,g334
tag10713,g334
tag10714,g334
tag10715,g334
tag10716,g334
tag10717,g334
tag10718,g334
tag10719,g334
tag10720,g335
tag10721,g335
tag10722,g335
tag10723,g335
tag10724,g335
tag10725,g335
tag10726,g335
tag10727,g335
tag10728,g335
tag10729,g335
tag10730,g335
tag10731,g335
tag10732,g335
tag10733,g335
tag10734,g335
tag10735,g335
tag10736,g335
tag10737,g335
tag10738,g335
tag10739,g335
tag10740,g335
tag10741,g335
tag10742,g335
tag10743,g335
tag10744,g335
tag10745,g335
tag10746,g335
tag10747,g335
tag10748,g335
tag10749,g335
tag10750,g335
tag10751,g335
tag10752,g336
tag10753,g336
tag10754,g336
tag10755,g336
tag10756,g336
tag10757,g336
tag10758,g336
tag10759,g336
tag10760,g336
tag10761,g336
tag10762,g336
tag10763,g336
tag10764,g336
tag10765,g336
tag10766,g336
tag10767,g336
tag10768,g336
tag10769,g336
tag10770,g336
tag10771,g336
tag10772,g336
tag10773,g336
tag10774,g336
tag10775,g336
tag10776,g336
tag10777,g336
tag10778,g336
tag10779,g336
tag10780,g336
tag10781,g336
tag10782,g336
tag10783,g336
tag10784,g337
tag10785,g337
tag10786,g337
tag10787,g337
tag10788,g337
tag10789,g337
tag10790,g337
tag10791,g337
tag10792,g337
tag10793,g337
tag10794,g337
tag10795,g337
tag10796,g337
tag10797,g337
tag10798,g337
tag10799,g337
tag10800,g337
tag10801,g337
tag10802,g337
tag10803,g337
tag10804,g337
tag10805,g337
tag10806,g337
tag10807,g337
tag10808,g337
tag10809,g337
tag10810,g337
tag10811,g337
tag10812,g337
tag10813,g337
tag10814,g337
tag10815,g337
tag10816,g338
tag10817,g338
tag10818,g338
tag10819,g338
tag10820,g338
tag10821,g338
tag10822,g338
tag10823,g338
tag10824,g338
tag10825,g338
tag10826,g338
tag10827,g338
tag10828,g338
tag10829,g338
tag10830,g338
tag10831,g338
tag10832,g338
tag10833,g338
tag10834,g338
tag10835,g338
tag10836,g338
tag10837,g338
tag10838,g338
tag10839,g338
tag10840,g338
tag10841,g338
tag10842,g338
tag10843,g338
tag10844,g338
tag10845,g338
tag10846,g338
tag10847,g338
tag10848,g339
tag10849,g339
tag10850,g339
tag10851,g339
tag10852,g339
tag10853,g339
tag10854,g339
tag10855,g339
tag10856,g339
tag10857,g339
tag10858,g339
tag10859,g339
tag10860,g339
tag10861,g339
tag10862,g339
tag10863,g339
tag10864,g339
tag10865,g339
tag10866,g339
tag10867,g339
tag10868,g339
tag10869,g339
tag10870,g339
tag10871,g339
tag10872,g339
tag10873,g339
tag10874,g339
tag10875,g339
tag10876,g339
tag10877,g339
tag10878,g339
tag10879,g339
tag10880,g340
tag10881,g340
tag10882,g340
tag10883,g340
tag10884,g340
tag10885,g340
tag10886,g340
tag10887,g340
tag10888,g340
tag10889,g340
tag10890,g340
tag10891,g340
tag10892,g340
tag10893,g340
tag10894,g340
tag10895,g340
tag10896,g340
tag10897,g340
tag10898,g340
tag10899,g340
tag10900,g340
tag10901,g340
tag10902,g340
tag10903,g340
tag10904,g340
tag10905,g340
tag10906,g340
tag10907,g340
tag10908,g340
tag10909,g340
tag10910,g340
tag10911,g340
tag10912,g341
tag10913,g341
tag10914,g341
tag10915,g341
tag10916,g341
tag10917,g341
tag10918,g341
tag10919,g341
tag10920,g341
tag10921,g341
tag10922,g341
tag10923,g341
tag10924,g341
tag10925,g341
tag10926,g341
tag10927,g341
tag10928,g341
tag10929,g341
tag10930,g341
tag10931,g341
tag10932,g341
tag10933,g341
tag10934,g341
tag10935,g341
tag10936,g341
tag10937,g341
tag10938,g341
tag10939,g341
tag10940,g341
tag10941,g341
tag10942,g341
tag10943,g341
tag10944,g342
tag10945,g342
tag10946,g342
tag10947,g342
tag10948,g342
tag10949,g342
tag10950,g342
tag10951,g342
tag10952,g342
tag10953,g342
tag10954,g342
tag10955,g342
tag10956,g342
tag10957,g342
tag10958,g342
tag10959,g342
tag10960,g342
tag10961,g342
tag10962,g342
tag10963,g342
tag10964,g342
tag10965,g342
tag10966,g342
tag10967,g342
tag10968,g342
tag10969,g342
tag10970,g342
tag10971,g342
tag10972,g342
tag10973,g342
tag10974,g342
tag10975,g342
tag10976,g343
tag10977,g343
tag10978,g343
tag10979,g343
tag10980,g343
tag10981,g343
tag10982,g343
tag10983,g343
tag10984,g343
tag10985,g343
tag10986,g343
tag10987,g343
tag10988,g343
tag10989,g343
tag10990,g343
tag10991,g343
tag10992,g343
tag10993,g343
tag10994,g343
tag10995,g343
tag10996,g343
tag10997,g343
tag10998,g343
tag10999,g343
tag11000,g343
tag11001,g343
tag11002,g343
tag11003,g343
tag11004,g343
tag11005,g343
tag11006,g343
tag11007,g343
tag11008,g344
tag11009,g344
tag11010,g344
tag11011,g344
tag11012,g344
tag11013,g344
tag11014,g344
tag11015,g344
tag11016,g344
tag11017,g344
tag11018,g344
tag11019,g344
tag11020,g344
tag11021,g344
tag11022,g344
tag11023,g344
tag11024,g344
tag11025,g344
tag11026,g344
tag11027,g344
tag11028,g344
tag11029,g344
tag11030,g344
tag11031,g344
tag11032,g344
tag11033,g344
tag11034,g344
tag11035,g344
tag11036,g344
tag11037,g344
tag11038,g344
tag11039,g344
tag11040,g345
tag11041,g345
tag11042,g345
tag11043,g345
tag11044,g345
tag11045,g345
tag11046,g345
tag11047,g345
tag11048,g345
tag11049,g345
tag11050,g345
tag11051,g345
tag11052,g345
tag11053,g345
tag11054,g345
tag11055,g345
tag11056,g345
tag11057,g345
tag11058,g345
tag11059,g345
tag11060,g345
tag11061,g345
tag11062,g345
tag11063,g345
tag11064,g345
tag11065,g345
tag11066,g345
tag11067,g345
tag11068,g345
tag11069,g345
tag11070,g345
tag11071,g345
tag11072,g346
tag11073,g346
tag11074,g346
tag11075,g346
tag11076,g346
tag11077,g346
tag11078,g346
tag11079,g346
tag11080,g346
tag11081,g346
tag11082,g346
tag11083,g346
tag11084,g346
tag11085,g346
tag11086,g346
tag11087,g346
tag11088,g346
tag11089,g346
tag11090,g346
tag11091,g346
tag11092,g346
tag11093,g346
tag11094,g346
tag11095,g346
tag11096,g346
tag11097,g346
tag11098,g346
tag11099,g346
tag11100,g346
tag11101,g346
tag11102,g346
tag11103,g346
tag11104,g347
tag11105,g347
tag11106,g347
tag11107,g347
tag11108,g347
tag11109,g347
tag11110,g347
tag11111,g347
tag11112,g347
tag11113,g347
tag11114,g347
tag11115,g347
tag11116,g347
tag11117,g347
tag11118,g347
tag11119,g347
tag11120,g347
tag11121,g347
tag11122,g347
tag11123,g347
tag11124,g347
tag11125,g347
tag11126,g347
tag11127,g347
tag11128,g347
tag11129,g347
tag11130,g347
tag11131,g347
tag11132,g347
tag11133,g347
tag11134,g347
tag11135,g347
tag11136,g348
tag11137,g348
tag11138,g348
tag11139,g348
tag11140,g348
tag11141,g348
tag11142,g348
tag11143,g348
tag11144,g348
tag11145,g348
tag11146,g348
tag11147,g348
tag11148,g348
tag11149,g348
tag11150,g348
tag11151,g348
tag11152,g348
tag11153,g348
tag11154,g348
tag11155,g348
tag11156,g348
tag11157,g348
tag11158,g348
tag11159,g348
tag11160,g348
tag11161,g348
tag11162,g348
tag11163,g348
tag11164,g348
tag11165,g348
tag11166,g348
tag11167,g348
tag11168,g349
tag11169,g349
tag11170,g349
tag11171,g349
tag11172,g349
tag11173,g349
tag11174,g349
tag11175,g349
tag11176,g349
tag11177,g349
tag11178,g349
tag11179,g349
tag11180,g349
tag11181,g349
tag11182,g349
tag11183,g349
tag11184,g349
tag11185,g349
tag11186,g349
tag11187,g349
tag11188,g349
tag11189,g349
tag11190,g349
tag11191,g349
tag11192,g349
tag11193,g349
tag11194,g349
tag11195,g349
tag11196,g349
tag11197,g349
tag11198,g349
tag11199,g349
tag11200,g350
tag11201,g350
tag11202,g350
tag11203,g350
tag11204,g350
tag11205,g350
tag11206,g350
tag11207,g350
tag11208,g350
tag11209,g350
tag11210,g350
tag11211,g350
tag11212,g350
tag11213,g350
tag11214,g350
tag11215,g350
tag11216,g350
tag11217,g350
tag11218,g350
tag11219,g350
tag11220,g350
tag11221,g350
tag11222,g350
tag11223,g350
tag11224,g350
tag11225,g350
tag11226,g350
tag11227,g350
tag11228,g350
tag11229,g350
tag11230,g350
tag11231,g350
tag11232,g351
tag11233,g351
tag11234,g351
tag11235,g351
tag11236,g351
tag11237,g351
tag11238,g351
tag11239,g351
tag11240,g351
tag11241,g351
tag11242,g351
tag11243,g351
tag11244,g351
tag11245,g351
tag11246,g351
tag11247,g351
tag11248,g351
tag11249,g351
tag11250,g351
tag11251,g351
tag11252,g351
tag11253,g351
tag11254,g351
tag11255,g351
tag11256,g351
tag11257,g351
tag11258,g351
tag11259,g351
tag11260,g351
tag11261,g351
tag11262,g351
tag11263,g351
tag11264,g352
tag11265,g352
tag11266,g352
tag11267,g352
tag11268,g352
tag11269,g352
tag11270,g352
tag11271,g352
tag11272,g352
tag11273,g352
tag11274,g352
tag11275,g352
tag11276,g352
tag11277,g352
tag11278,g352
tag11279,g352
tag11280,g352
tag11281,g352
tag11282,g352
tag11283,g352
tag11284,g352
tag11285,g352
tag11286,g352
tag11287,g352
tag11288,g352
tag11289,g352
tag11290,g352
tag11291,g352
tag11292,g352
tag11293,g352
tag11294,g352
tag11295,g352
tag11296,g353
tag11297,g353
tag11298,g353
tag11299,g353
tag11300,g353
tag11301,g353
tag11302,g353
tag11303,g353
tag11304,g353
tag11305,g353
tag11306,g353
tag11307,g353
tag11308,g353
tag11309,g353
tag11310,g353
tag11311,g353
tag11312,g353
tag11313,g353
tag11314,g353
tag11315,g353
tag11316,g353
tag11317,g353
tag11318,g353
tag11319,g353
tag11320,g353
tag11321,g353
tag11322,g353
tag11323,g353
tag11324,g353
tag11325,g353
tag11326,g353
tag11327,g353
tag11328,g354
tag11329,g354
tag11330,g354
tag11331,g354
tag11332,g354
tag11333,g354
tag11334,g354
tag11335,g354
tag11336,g354
tag11337,g354
tag11338,g354
tag11339,g354
tag11340,g354
tag11341,g354
tag11342,g354
tag11343,g354
tag11344,g354
tag11345,g354
tag11346,g354
tag11347,g354
tag11348,g354
tag11349,g354
tag11350,g354
tag11351,g354
tag11352,g354
tag11353,g354
tag11354,g354
tag11355,g354
tag11356,g354
tag11357,g354
tag11358,g354
tag11359,g354
tag11360,g355
tag11361,g355
tag11362,g355
tag11363,g355
tag11364,g355
tag11365,g355
tag11366,g355
tag11367,g355
tag11368,g355
tag11369,g355
tag11370,g355
tag11371,g355
tag11372,g355
tag11373,g355
tag11374,g355
tag11375,g355
tag11376,g355
tag11377,g355
tag11378,g355
tag11379,g355
tag11380,g355
tag11381,g355
tag11382,g355
tag11383,g355
tag11384,g355
tag11385,g355
tag11386,g355
tag11387,g355
tag11388,g355
tag11389,g355
tag11390,g355
tag11391,g355
tag11392,g356
tag11393,g356
tag11394,g356
tag11395,g356
tag11396,g356
tag11397,g356
tag11398,g356
tag11399,g356
tag11400,g356
tag11401,g356
tag11402,g356
tag11403,g356
tag11404,g356
tag11405,g356
tag11406,g356
tag11407,g356
tag11408,g356
tag11409,g356
tag11410,g356
tag11411,g356
tag11412,g356
tag11413,g356
tag11414,g356
tag11415,g356
tag11416,g356
tag11417,g356
tag11418,g356
tag11419,g356
tag11420,g356
tag11421,g356
tag11422,g356
tag11423,g356
tag11424,g357
tag11425,g357
tag11426,g357
tag11427,g357
tag11428,g357
tag11429,g357
tag11430,g357
tag11431,g357
tag11432,g357
tag11433,g357
tag11434,g357
tag11435,g357
tag11436,g357
tag11437,g357
tag11438,g357
tag11439,g357
tag11440,g357
tag11441,g357
tag11442,g357
tag11443,g357
tag11444,g357
tag11445,g357
tag11446,g357
tag11447,g357
tag11448,g357
tag11449,g357
tag11450,g357
tag11451,g357
tag11452,g357
tag11453,g357
tag11454,g357
tag11455,g357
tag11456,g358
tag11457,g358
tag11458,g358
tag11459,g358
tag11460,g358
tag11461,g358
tag11462,g358
tag11463,g358
tag11464,g358
tag11465,g358
tag11466,g358
tag11467,g358
tag11468,g358
tag11469,g358
tag11470,g358
tag11471,g358
tag11472,g358
tag11473,g358
tag11474,g358
tag11475,g358
tag11476,g358
tag11477,g358
tag11478,g358
tag11479,g358
tag11480,g358
tag11481,g358
tag11482,g358
tag11483,g358
tag11484,g358
tag11485,g358
tag11486,g358
tag11487,g358
tag11488,g359
tag11489,g359
tag11490,g359
tag11491,g359
tag11492,g359
tag11493,g359
tag11494,g359
tag11495,g359
tag11496,g359
tag11497,g359
tag11498,g359
tag11499,g359
tag11500,g359
tag11501,g359
tag11502,g359
tag11503,g359
tag11504,g359
tag11505,g359
tag11506,g359
tag11507,g359
tag11508,g359
tag11509,g359
tag11510,g359
tag11511,g359
tag11512,g359
tag11513,g359
tag11514,g359
tag11515,g359
tag11516,g359
tag11517,g359
tag11518,g359
tag11519,g359
tag11520,g360
tag11521,g360
tag11522,g360
tag11523,g360
tag11524,g360
tag11525,g360
tag11526,g360
tag11527,g360
tag11528,g360
tag11529,g360
tag11530,g360
tag11531,g360
tag11532,g360
tag11533,g360
tag11534,g360
tag11535,g360
tag11536,g360
tag11537,g360
tag11538,g360
tag11539,g360
tag11540,g360
tag11541,g360
tag11542,g360
tag11543,g360
tag11544,g360
tag11545,g360
tag11546,g360
tag11547,g360
tag11548,g360
tag11549,g360
tag11550,g360
tag11551,g360
tag11552,g361
tag11553,g361
tag11554,g361
tag11555,g361
tag11556,g361
tag11557,g361
tag11558,g361
tag11559,g361
tag11560,g361
tag11561,g361
tag11562,g361
tag11563,g361
tag11564,g361
tag11565,g361
tag11566,g361
tag11567,g361
tag11568,g361
tag11569,g361
tag11570,g361
tag11571,g361
tag11572,g361
tag11573,g361
tag11574,g361
tag11575,g361
tag11576,g361
tag11577,g361
tag11578,g361
tag11579,g361
tag11580,g361
tag11581,g361
tag11582,g361
tag11583,g361
tag11584,g362
tag11585,g362
tag11586,g362
tag11587,g362
tag11588,g362
tag11589,g362
tag11590,g362
tag11591,g362
tag11592,g362
tag11593,g362
tag11594,g362
tag11595,g362
tag11596,g362
tag11597,g362
tag11598,g362
tag11599,g362
tag11600,g362
tag11601,g362
tag11602,g362
tag11603,g362
tag11604,g362
tag11605,g362
tag11606,g362
tag11607,g362
tag11608,g362
tag11609,g362
tag11610,g362
tag11611,g362
tag11612,g362
tag11613,g362
tag11614,g362
tag11615,g362
tag11616,g363
tag11617,g363
tag11618,g363
tag11619,g363
tag11620,g363
tag11621,g363
tag11622,g363
tag11623,g363
tag11624,g363
tag11625,g363
tag11626,g363
tag11627,g363
tag11628,g363
tag11629,g363
tag11630,g363
tag11631,g363
tag11632,g363
tag11633,g363
tag11634,g363
tag11635,g363
tag11636,g363
tag11637,g363
tag11638,g363
tag11639,g363
tag11640,g363
tag11641,g363
tag11642,g363
tag11643,g363
tag11644,g363
tag11645,g363
tag11646,g363
tag11647,g363
tag11648,g364
tag11649,g364
tag11650,g364
tag11651,g364
tag11652,g364
tag11653,g364
tag11654,g364
tag11655,g364
tag11656,g364
tag11657,g364
tag11658,g364
tag11659,g364
tag11660,g364
tag11661,g364
tag11662,g364
tag11663,g364
tag11664,g364
tag11665,g364
tag11666,g364
tag11667,g364
tag11668,g364
tag11669,g364
tag11670,g364
tag11671,g364
tag11672,g364
tag11673,g364
tag11674,g364
tag11675,g364
tag11676,g364
tag11677,g364
tag11678,g364
tag11679,g364
tag11680,g365
tag11681,g365
tag11682,g365
tag11683,g365
tag11684,g365
tag11685,g365
tag11686,g365
tag11687,g365
tag11688,g365
tag11689,g365
tag11690,g365
tag11691,g365
tag11692,g365
tag11693,g365
tag11694,g365
tag11695,g365
tag11696,g365
tag11697,g365
tag11698,g365
tag11699,g365
tag11700,g365
tag11701,g365
tag11702,g365
tag11703,g365
tag11704,g365
tag11705,g365
tag11706,g365
tag11707,g365
tag11708,g365
tag11709,g365
tag11710,g365
tag11711,g365
tag11712,g366
tag11713,g366
tag11714,g366
tag11715,g366
tag11716,g366
tag11717,g366
tag11718,g366
tag11719,g366
tag11720,g366
tag11721,g366
tag11722,g366
tag11723,g366
tag11724,g366
tag11725,g366
tag11726,g366
tag11727,g366
tag11728,g366
tag11729,g366
tag11730,g366
tag11731,g366
tag11732,g366
tag11733,g366
tag11734,g366
tag11735,g366
tag11736,g366
tag11737,g366
tag11738,g366
tag11739,g366
tag11740,g366
tag11741,g366
tag11742,g366
tag11743,g366
tag11744,g367
tag11745,g367
tag11746,g367
tag11747,g367
tag11748,g367
tag11749,g367
tag11750,g367
tag11751,g367
tag11752,g367
tag11753,g367
tag11754,g367
tag11755,g367
tag11756,g367
tag11757,g367
tag11758,g367
tag11759,g367
tag11760,g367
tag11761,g367
tag11762,g367
tag11763,g367
tag11764,g367
tag11765,g367
tag11766,g367
tag11767,g367
tag11768,g367
tag11769,g367
tag11770,g367
tag11771,g367
tag11772,g367
tag11773,g367
tag11774,g367
tag11775,g367
tag11776,g368
tag11777,g368
tag11778,g368
tag11779,g368
tag11780,g368
tag11781,g368
tag11782,g368
tag11783,g368
tag11784,g368
tag11785,g368
tag11786,g368
tag11787,g368
tag11788,g368
tag11789,g368
tag11790,g368
tag11791,g368
tag11792,g368
tag11793,g368
tag11794,g368
tag11795,g368
tag11796,g368
tag11797,g368
tag11798,g368
tag11799,g368
tag11800,g368
tag11801,g368
tag11802,g368
tag11803,g368
tag11804,g368
tag11805,g368
tag11806,g368
tag11807,g368
tag11808,g369
tag11809,g369
tag11810,g369
tag11811,g369
tag11812,g369
tag11813,g369
tag11814,g369
tag11815,g369
tag11816,g369
tag11817,g369
tag11818,g369
tag11819,g369
tag11820,g369
tag11821,g369
tag11822,g369
tag11823,g369
tag11824,g369
tag11825,g369
tag11826,g369
tag11827,g369
tag11828,g369
tag11829,g369
tag11830,g369
tag11831,g369
tag11832,g369
tag11833,g369
tag11834,g369
tag11835,g369
tag11836,g369
tag11837,g369
tag11838,g369
tag11839,g369
tag11840,g370
tag11841,g370
tag11842,g370
tag11843,g370
tag11844,g370
tag11845,g370
tag11846,g370
tag11847,g370
tag11848,g370
tag11849,g370
tag11850,g370
tag11851,g370
tag11852,g370
tag11853,g370
tag11854,g370
tag11855,g370
tag11856,g370
tag11857,g370
tag11858,g370
tag11859,g370
tag11860,g370
tag11861,g370
tag11862,g370
tag11863,g370
tag11864,g370
tag11865,g370
tag11866,g370
tag11867,g370
tag11868,g370
tag11869,g370
tag11870,g370
tag11871,g370
tag11872,g371
tag11873,g371
tag11874,g371
tag11875,g371
tag11876,g371
tag11877,g371
tag11878,g371
tag11879,g371
tag11880,g371
tag11881,g371
tag11882,g371
tag11883,g371
tag11884,g371
tag11885,g371
tag11886,g371
tag11887,g371
tag11888,g371
tag11889,g371
tag11890,g371
tag11891,g371
tag11892,g371
tag11893,g371
tag11894,g371
tag11895,g371
tag11896,g371
tag11897,g371
tag11898,g371
tag11899,g371
tag11900,g371
tag11901,g371
tag11902,g371
tag11903,g371
tag11904,g372
tag11905,g372
tag11906,g372
tag11907,g372
tag11908,g372
tag11909,g372
tag11910,g372
tag11911,g372
tag11912,g372
tag11913,g372
tag11914,g372
tag11915,g372
tag11916,g372
tag11917,g372
tag11918,g372
tag11919,g372
tag11920,g372
tag11921,g372
tag11922,g372
tag11923,g372
tag11924,g372
tag11925,g372
tag11926,g372
tag11927,g372
tag11928,g372
tag11929,g372
tag11930,g372
tag11931,g372
tag11932,g372
tag11933,g372
tag11934,g372
tag11935,g372
tag11936,g373
tag11937,g373
tag11938,g373
tag11939,g373
tag11940,g373
tag11941,g373
tag11942,g373
tag11943,g373
tag11944,g373
tag11945,g373
tag11946,g373
tag11947,g373
tag11948,g373
tag11949,g373
tag11950,g373
tag11951,g373
tag11952,g373
tag11953,g373
tag11954,g373
tag11955,g373
tag11956,g373
tag11957,g373
tag11958,g373
tag11959,g373
tag11960,g373
tag11961,g373
tag11962,g373
tag11963,g373
tag11964,g373
tag11965,g373
tag11966,g373
tag11967,g373
tag11968,g374
tag11969,g374
tag11970,g374
tag11971,g374
tag11972,g374
tag11973,g374
tag11974,g374
tag11975,g374
tag11976,g374
tag11977,g374
tag11978,g374
tag11979,g374
tag11980,g374
tag11981,g374
tag11982,g374
tag11983,g374
tag11984,g374
tag11985,g374
tag11986,g374
tag11987,g374
tag11988,g374
tag11989,g374
tag11990,g374
tag11991,g374
tag11992,g374
tag11993,g374
tag11994,g374
tag11995,g374
tag11996,g374
tag11997,g374
tag11998,g374
tag11999,g374
