timestamp,tag_id
0.305,tag8921
0.481,tag9725
0.995,tag7036
0.240,tag11158
0.012,tag48
0.078,tag639
0.025,tag3122
0.655,tag3991
0.130,tag7572
0.388,tag5288
0.727,tag8245
0.904,tag5191
0.618,tag10988
0.614,tag6383
0.966,tag6604
0.212,tag11047
0.044,tag7939
0.279,tag7235
0.807,tag8922
0.456,tag5377
0.684,tag7025
0.475,tag10418
0.132,tag2829
0.906,tag2423
0.652,tag4707
0.924,tag2116
0.933,tag1331
0.664,tag3362
0.652,tag10510
0.051,tag4614
0.996,tag6525
0.378,tag6218
0.238,tag4165
0.727,tag5859
0.662,tag9170
0.888,tag4982
0.497,tag4696
0.220,tag1063
0.296,tag1070
0.724,tag8583
1.842,tag6353
1.556,tag5511
1.488,tag11963
1.587,tag2384
1.255,tag2407
1.659,tag5592
1.967,tag6426
1.417,tag10851
1.715,tag7509
1.104,tag4348
1.953,tag11300
1.860,tag3090
1.866,tag10256
1.021,tag1528
1.329,tag5857
1.679,tag6264
1.785,tag11349
1.114,tag848
1.641,tag10659
1.908,tag5969
1.817,tag1163
1.067,tag501
1.670,tag10001
1.773,tag293
1.135,tag8910
1.608,tag6398
1.622,tag1512
1.290,tag1183
1.700,tag5633
1.472,tag11957
1.239,tag2286
1.733,tag1213
1.189,tag3997
1.753,tag6342
1.968,tag6714
1.902,tag2921
1.117,tag6870
1.716,tag4337
1.964,tag11739
1.177,tag10969
2.930,tag947
2.733,tag10094
2.044,tag11228
2.381,tag1473
2.028,tag11108
2.237,tag7561
2.656,tag10120
2.934,tag7331
2.024,tag6282
2.857,tag1512
2.127,tag3484
2.065,tag2691
2.395,tag7082
2.783,tag6853
2.653,tag680
2.746,tag4296
2.271,tag2006
2.466,tag8614
2.007,tag1136
2.804,tag6877
2.418,tag9515
2.283,tag7538
2.467,tag5946
2.395,tag9168
2.796,tag588
2.479,tag7932
2.790,tag6385
2.664,tag10090
2.086,tag10484
2.992,tag4626
2.800,tag9590
2.453,tag850
2.146,tag4617
2.068,tag8759
2.203,tag283
2.471,tag1572
2.002,tag11632
2.523,tag5389
2.837,tag4890
2.847,tag5693
3.169,tag10563
3.013,tag5153
3.793,tag4524
3.694,tag8770
3.250,tag10185
3.350,tag11925
3.283,tag7308
3.071,tag9086
3.581,tag287
3.132,tag9046
3.578,tag7589
3.032,tag531
3.175,tag4867
3.636,tag7153
3.170,tag10485
3.205,tag11844
3.211,tag5440
3.829,tag4524
3.702,tag6696
3.019,tag6778
3.523,tag725
3.665,tag9333
3.979,tag1554
3.305,tag7600
3.736,tag3106
3.857,tag4179
3.439,tag3992
3.198,tag5922
3.955,tag8557
3.138,tag9935
3.550,tag8970
3.948,tag11066
3.204,tag2185
3.843,tag1677
3.214,tag2529
3.826,tag1763
3.707,tag5995
3.287,tag2536
3.152,tag3281
3.965,tag11331
4.277,tag545
4.096,tag902
4.894,tag3773
4.307,tag5098
4.154,tag5031
4.477,tag6640
4.111,tag7903
4.933,tag11531
4.665,tag1729
4.024,tag3337
4.640,tag11083
4.047,tag3230
4.805,tag11250
4.262,tag4819
4.455,tag9141
4.940,tag7376
4.968,tag3588
4.087,tag7134
4.555,tag10077
4.030,tag6915
4.381,tag1824
4.577,tag6153
4.843,tag6740
4.855,tag1079
4.262,tag10465
4.794,tag7531
4.451,tag214
4.710,tag5887
4.913,tag4748
4.162,tag8386
4.407,tag6709
4.743,tag7676
4.685,tag8969
4.129,tag10119
4.971,tag3953
4.289,tag7853
4.103,tag7349
4.787,tag8789
4.480,tag313
4.814,tag6126
5.962,tag7234
5.622,tag6044
5.520,tag2313
5.582,tag9609
5.921,tag6597
5.454,tag11388
5.860,tag1629
5.732,tag8788
5.960,tag3186
5.379,tag8904
5.808,tag4399
5.565,tag4773
5.779,tag8602
5.020,tag953
5.885,tag8502
5.999,tag8273
5.759,tag4267
5.711,tag10125
5.157,tag4607
5.070,tag35
5.038,tag484
5.129,tag5401
5.792,tag9503
5.817,tag505
5.996,tag11560
5.553,tag7311
5.942,tag5676
5.599,tag7008
5.178,tag2242
5.267,tag9584
5.055,tag6336
5.221,tag429
5.844,tag9354
5.497,tag5428
5.786,tag1351
5.038,tag3777
5.208,tag6462
5.245,tag4180
5.093,tag592
5.849,tag1682
6.207,tag9310
6.717,tag5337
6.955,tag8259
6.347,tag3484
6.170,tag1103
6.008,tag3291
6.657,tag8218
6.400,tag37
6.324,tag238
6.823,tag4545
6.110,tag7551
6.282,tag10833
6.912,tag3070
6.677,tag2468
6.362,tag11535
6.915,tag4596
6.199,tag11984
6.550,tag6062
6.690,tag6009
6.496,tag3504
6.908,tag2388
6.230,tag4593
6.244,tag8294
6.240,tag11225
6.421,tag9996
6.687,tag1794
6.868,tag6458
6.379,tag8198
6.245,tag2810
6.134,tag6125
6.738,tag6230
6.636,tag616
6.768,tag7461
6.235,tag1929
6.356,tag5382
6.364,tag5671
6.712,tag9494
6.148,tag9083
6.291,tag915
6.421,tag10925
7.294,tag3382
7.645,tag8501
7.861,tag5748
7.942,tag11926
7.513,tag11909
7.944,tag5782
7.707,tag1194
7.268,tag2748
7.734,tag939
7.677,tag4905
7.107,tag1861
7.719,tag6229
7.290,tag1536
7.625,tag9703
7.580,tag5924
7.592,tag11610
7.692,tag9003
7.812,tag2449
7.846,tag308
7.046,tag6851
7.823,tag9213
7.979,tag10287
7.498,tag1940
7.086,tag2623
7.269,tag1920
7.380,tag10645
7.985,tag3569
7.497,tag1588
7.714,tag74
7.412,tag4655
7.643,tag11223
7.336,tag10817
7.279,tag7827
7.324,tag4367
7.819,tag4260
7.777,tag7606
7.714,tag444
7.756,tag10358
7.849,tag3454
7.867,tag11012
8.309,tag9982
8.034,tag3612
8.062,tag10833
8.346,tag11696
8.674,tag7654
8.004,tag7463
8.065,tag5847
8.630,tag617
8.278,tag8084
8.402,tag4133
8.451,tag955
8.081,tag7826
8.704,tag1938
8.739,tag4672
8.345,tag1930
8.030,tag6020
8.258,tag896
8.602,tag1581
8.200,tag10059
8.308,tag5653
8.447,tag3296
8.761,tag9646
8.455,tag2913
8.958,tag7900
8.950,tag10897
8.367,tag9509
8.164,tag8908
8.404,tag5546
8.872,tag63
8.284,tag747
8.095,tag3128
8.402,tag4641
8.822,tag2918
8.740,tag9914
8.502,tag3987
8.586,tag10583
8.897,tag9643
8.140,tag8673
8.997,tag493
8.948,tag4949
9.601,tag2057
9.371,tag11831
9.964,tag10429
9.437,tag1177
9.338,tag4375
9.389,tag6683
9.951,tag5060
9.028,tag686
9.648,tag6364
9.408,tag8642
9.543,tag157
9.592,tag6518
9.069,tag4711
9.315,tag593
9.871,tag4543
9.549,tag6548
9.972,tag6341
9.306,tag10291
9.066,tag11204
9.988,tag7552
9.222,tag10594
9.349,tag2644
9.318,tag8326
9.203,tag6562
9.732,tag1315
9.380,tag1614
9.912,tag2334
9.504,tag5798
9.484,tag8818
9.463,tag6255
9.160,tag8425
9.592,tag9764
9.704,tag7131
9.114,tag8218
9.140,tag11759
9.509,tag751
9.750,tag3650
9.595,tag8844
9.296,tag1684
9.015,tag6491
10.207,tag1389
10.213,tag10071
10.891,tag10945
10.310,tag6592
10.656,tag2993
10.655,tag10550
10.713,tag11308
10.591,tag4867
10.663,tag7846
10.077,tag3414
10.928,tag10039
10.316,tag5624
10.311,tag8643
10.302,tag492
10.661,tag5987
10.823,tag9024
10.576,tag2793
10.103,tag11735
10.783,tag11943
10.183,tag10522
10.177,tag2519
10.232,tag8477
10.047,tag1983
10.240,tag1920
10.913,tag4439
10.784,tag9754
10.136,tag1836
10.473,tag11830
10.277,tag1522
10.908,tag6877
10.022,tag10205
10.454,tag5382
10.906,tag2303
10.308,tag5736
10.025,tag1138
10.247,tag5216
10.258,tag8561
10.300,tag6762
10.004,tag9254
10.288,tag6381
11.908,tag11944
11.783,tag594
11.112,tag1748
11.295,tag10342
11.447,tag7814
11.534,tag6254
11.791,tag2340
11.113,tag223
11.581,tag8654
11.432,tag49
11.261,tag7945
11.502,tag8544
11.147,tag3455
11.645,tag5013
11.340,tag5791
11.739,tag11702
11.079,tag4714
11.878,tag2486
11.526,tag2280
11.426,tag9662
11.363,tag8248
11.635,tag6162
11.656,tag9433
11.735,tag871
11.688,tag6449
11.020,tag11870
11.464,tag511
11.991,tag11759
11.565,tag6738
11.594,tag7090
11.720,tag5264
11.759,tag4406
11.557,tag11694
11.397,tag10829
11.115,tag587
11.798,tag7465
11.430,tag6622
11.344,tag8946
11.571,tag1383
11.782,tag5920
12.591,tag5032
12.278,tag6364
12.983,tag4622
12.554,tag1917
12.158,tag2849
12.254,tag2234
12.660,tag1750
12.418,tag10957
12.930,tag10689
12.988,tag3169
12.260,tag3019
12.787,tag16
12.849,tag7139
12.217,tag2639
12.815,tag1571
12.910,tag1519
12.242,tag8877
12.441,tag6780
12.972,tag9710
12.219,tag7259
12.194,tag4307
12.346,tag5015
12.136,tag8951
12.416,tag10086
12.679,tag9856
12.541,tag3134
12.990,tag6
12.442,tag7023
12.235,tag11313
12.441,tag2176
12.356,tag7620
12.032,tag1146
12.643,tag3655
12.067,tag7899
12.559,tag9764
12.374,tag2880
12.212,tag11104
12.395,tag4904
12.572,tag2701
12.144,tag4235
13.525,tag6393
13.368,tag3815
13.717,tag3457
13.813,tag1759
13.285,tag9742
13.148,tag4734
13.302,tag11114
13.358,tag796
13.214,tag10072
13.259,tag2468
13.498,tag4021
13.642,tag10065
13.672,tag7319
13.713,tag6217
13.541,tag3069
13.765,tag9478
13.918,tag3781
13.550,tag178
13.755,tag10139
13.673,tag9414
13.564,tag4322
13.184,tag6764
13.656,tag10591
13.175,tag66
13.662,tag368
13.199,tag10373
13.944,tag6023
13.976,tag11350
13.095,tag11739
13.631,tag7241
13.861,tag3429
13.019,tag9909
13.416,tag5985
13.601,tag10837
13.324,tag2244
13.977,tag9072
13.516,tag6504
13.248,tag11444
13.144,tag3119
13.045,tag10035
14.378,tag1433
14.554,tag5580
14.278,tag7123
14.701,tag9760
14.560,tag7896
14.072,tag9180
14.147,tag11295
14.781,tag5471
14.457,tag10657
14.645,tag8483
14.060,tag11396
14.778,tag8482
14.389,tag3248
14.966,tag515
14.833,tag3557
14.398,tag6653
14.212,tag11124
14.189,tag11563
14.301,tag5508
14.135,tag4903
14.006,tag3244
14.515,tag6483
14.250,tag1486
14.055,tag9496
14.497,tag3968
14.683,tag9884
14.458,tag90
14.748,tag9369
14.144,tag4087
14.896,tag5587
14.245,tag8548
14.888,tag10463
14.649,tag7579
14.219,tag11802
14.085,tag6986
14.232,tag996
14.634,tag3207
14.187,tag10081
14.910,tag7065
14.799,tag622
15.628,tag5320
15.968,tag9480
15.205,tag764
15.266,tag11893
15.161,tag2507
15.332,tag5258
15.382,tag10284
15.752,tag8551
15.995,tag8445
15.217,tag9202
15.194,tag7995
15.422,tag4055
15.389,tag7232
15.998,tag11648
15.429,tag10756
15.957,tag1638
15.290,tag9744
15.717,tag1604
15.431,tag10776
15.849,tag8911
15.645,tag10545
15.386,tag6593
15.158,tag3028
15.732,tag7170
15.502,tag5142
15.416,tag4176
15.121,tag7677
15.128,tag4910
15.905,tag6120
15.440,tag6508
15.836,tag3539
15.889,tag1086
15.950,tag9644
15.515,tag10563
15.160,tag2819
15.889,tag11052
15.195,tag10611
15.023,tag1358
15.910,tag3795
15.466,tag10631
16.262,tag10637
16.307,tag1557
16.984,tag2568
16.010,tag5012
16.743,tag3357
16.516,tag6736
16.950,tag5622
16.260,tag1709
16.381,tag7288
16.795,tag8136
16.579,tag9078
16.737,tag211
16.628,tag5823
16.505,tag2874
16.999,tag4376
16.169,tag7968
16.055,tag2367
16.330,tag11005
16.560,tag11587
16.901,tag7823
16.886,tag7002
16.799,tag886
16.469,tag3041
16.837,tag1634
16.779,tag9016
16.355,tag1008
16.969,tag5135
16.431,tag4492
16.465,tag1964
16.991,tag6054
16.848,tag11537
16.981,tag5983
16.849,tag6625
16.048,tag11493
16.872,tag3366
16.698,tag2086
16.321,tag1205
16.086,tag3983
16.974,tag8246
16.361,tag2788
17.180,tag4440
17.883,tag7066
17.613,tag10344
17.597,tag3767
17.103,tag6921
17.915,tag11021
17.582,tag5954
17.080,tag4387
17.552,tag5410
17.397,tag1778
17.994,tag10148
17.468,tag5538
17.619,tag3423
17.974,tag5214
17.694,tag106
17.874,tag5781
17.387,tag6584
17.941,tag3327
17.777,tag7730
17.546,tag10411
17.311,tag964
17.351,tag9962
17.321,tag7153
17.284,tag4832
17.898,tag3616
17.474,tag668
17.094,tag1071
17.533,tag3295
17.728,tag5955
17.485,tag4516
17.252,tag11891
17.558,tag1830
17.299,tag7870
17.215,tag9204
17.479,tag4581
17.501,tag10731
17.530,tag10021
17.846,tag2811
17.771,tag4851
17.616,tag3175
18.175,tag10313
18.653,tag9211
18.901,tag1353
18.346,tag4955
18.830,tag1319
18.426,tag9012
18.455,tag11622
18.664,tag9628
18.714,tag11250
18.046,tag10004
18.718,tag10806
18.439,tag9455
18.072,tag2711
18.492,tag10053
18.122,tag8886
18.018,tag1587
18.382,tag9180
18.539,tag4574
18.920,tag728
18.745,tag3880
18.994,tag8798
18.904,tag11511
18.410,tag8940
18.939,tag8839
18.361,tag5299
18.786,tag6454
18.784,tag2405
18.292,tag6642
18.086,tag4356
18.185,tag10089
18.099,tag8566
18.012,tag3897
18.564,tag1619
18.783,tag2252
18.782,tag1659
18.418,tag8956
18.297,tag5457
18.708,tag11606
18.458,tag8809
18.555,tag8780
19.451,tag7894
19.708,tag8172
19.294,tag5623
19.012,tag9629
19.219,tag1750
19.293,tag8318
19.058,tag3254
19.289,tag11893
19.572,tag3119
19.168,tag7179
19.088,tag6926
19.931,tag11590
19.964,tag6086
19.718,tag11249
19.936,tag761
19.082,tag4644
19.847,tag422
19.238,tag4002
19.244,tag5356
19.816,tag7274
19.866,tag6332
19.509,tag9929
19.910,tag11763
19.193,tag11773
19.272,tag8401
19.514,tag2196
19.081,tag10837
19.081,tag11819
19.865,tag6868
19.977,tag6855
19.923,tag1429
19.340,tag5633
19.365,tag10063
19.561,tag8531
19.034,tag182
19.309,tag7624
19.544,tag5428
19.320,tag10119
19.982,tag4754
19.888,tag229
20.440,tag7040
20.923,tag585
20.394,tag6086
20.782,tag7298
20.001,tag7960
20.355,tag8881
20.614,tag2320
20.495,tag3311
20.367,tag5012
20.927,tag9749
20.032,tag1475
20.091,tag8010
20.048,tag5516
20.502,tag7356
20.663,tag7268
20.179,tag468
20.647,tag10207
20.934,tag11472
20.643,tag6947
20.252,tag11470
20.236,tag2756
20.502,tag736
20.510,tag914
20.976,tag5670
20.497,tag7620
20.250,tag1904
20.674,tag7972
20.936,tag10240
20.934,tag11786
20.223,tag7332
20.670,tag551
20.578,tag11569
20.843,tag3539
20.413,tag236
20.495,tag5863
20.755,tag11128
20.721,tag10262
20.439,tag753
20.980,tag2662
20.444,tag11288
21.139,tag7568
21.760,tag4232
21.300,tag1156
21.151,tag9095
21.143,tag10919
21.354,tag1803
21.207,tag5
21.204,tag7990
21.827,tag4741
21.404,tag11793
21.756,tag9353
21.278,tag1550
21.450,tag6787
21.366,tag11597
21.147,tag2602
21.598,tag7917
21.258,tag3962
21.498,tag2823
21.669,tag9163
21.041,tag834
21.199,tag8909
21.672,tag505
21.976,tag1381
21.234,tag8827
21.541,tag1344
21.839,tag2717
21.413,tag2765
21.038,tag5080
21.904,tag6524
21.363,tag10282
21.326,tag6146
21.511,tag11397
21.987,tag10422
21.584,tag10404
21.081,tag10627
21.128,tag9723
21.911,tag9697
21.885,tag1773
21.197,tag4568
21.811,tag3721
22.130,tag9706
22.832,tag10554
22.642,tag69
22.718,tag1320
22.279,tag11055
22.431,tag2746
22.086,tag11610
22.391,tag1463
22.058,tag8970
22.689,tag6178
22.037,tag2175
22.271,tag7807
22.330,tag2221
22.276,tag873
22.582,tag8829
22.757,tag8082
22.153,tag8012
22.700,tag5915
22.323,tag11332
22.646,tag10415
22.142,tag7398
22.368,tag5484
22.488,tag958
22.447,tag373
22.969,tag546
22.245,tag5783
22.015,tag9954
22.713,tag755
22.351,tag9122
22.045,tag5649
22.397,tag8344
22.977,tag5166
22.361,tag8322
22.846,tag10752
22.585,tag9524
22.397,tag7564
22.052,tag10766
22.567,tag7258
22.189,tag10623
22.141,tag5437
23.074,tag8031
23.072,tag3014
23.773,tag588
23.677,tag8848
23.190,tag10004
23.126,tag9004
23.677,tag1730
23.629,tag441
23.215,tag11461
23.408,tag490
23.062,tag6026
23.682,tag3672
23.018,tag8430
23.566,tag8691
23.595,tag3600
23.647,tag720
23.710,tag8235
23.255,tag5935
23.224,tag4358
23.806,tag3706
23.896,tag10589
23.511,tag3948
23.281,tag10590
23.061,tag11358
23.921,tag7806
23.214,tag11660
23.847,tag4844
23.851,tag11887
23.392,tag9405
23.951,tag1363
23.239,tag2600
23.901,tag9774
23.052,tag360
23.038,tag545
23.562,tag3871
23.278,tag7330
23.418,tag2279
23.782,tag11719
23.488,tag4534
23.006,tag9703
24.002,tag208
24.168,tag9562
24.872,tag5912
24.484,tag9585
24.144,tag3625
24.122,tag6338
24.712,tag1416
24.269,tag11233
24.249,tag4080
24.396,tag6618
24.733,tag9511
24.525,tag6990
24.942,tag9574
24.085,tag2973
24.635,tag3361
24.430,tag11215
24.911,tag11406
24.990,tag6347
24.683,tag3076
24.887,tag9933
24.019,tag7697
24.798,tag9310
24.052,tag1114
24.700,tag11559
24.711,tag8805
24.765,tag7637
24.462,tag7693
24.635,tag2833
24.624,tag5829
24.646,tag11352
24.993,tag11281
24.418,tag8245
24.133,tag1088
24.636,tag1716
24.884,tag8930
24.820,tag6968
24.409,tag9832
24.721,tag8780
24.799,tag8101
24.802,tag11777
25.388,tag8647
25.689,tag6932
25.985,tag1224
25.030,tag9703
25.211,tag3493
25.707,tag3833
25.236,tag7909
25.830,tag3521
25.873,tag6923
25.534,tag3329
25.519,tag6475
25.509,tag6807
25.951,tag4341
25.149,tag806
25.806,tag584
25.644,tag5572
25.305,tag6097
25.697,tag10064
25.088,tag306
25.994,tag957
25.526,tag8865
25.871,tag4109
25.359,tag7095
25.187,tag11804
25.228,tag3793
25.559,tag367
25.390,tag8075
25.053,tag3456
25.238,tag6065
25.010,tag1489
25.313,tag2048
25.126,tag10890
25.828,tag3027
25.572,tag4262
25.367,tag1846
25.885,tag7473
25.842,tag2776
25.395,tag6547
25.162,tag2397
25.332,tag5065
26.082,tag1643
26.917,tag4719
26.716,tag5715
26.372,tag9596
26.201,tag5977
26.388,tag1666
26.698,tag1723
26.731,tag4277
26.619,tag5758
26.638,tag7036
26.677,tag2926
26.720,tag6299
26.904,tag2968
26.488,tag4747
26.743,tag5116
26.287,tag1843
26.853,tag3803
26.802,tag11868
26.686,tag423
26.977,tag4834
26.253,tag10295
26.152,tag7247
26.275,tag9864
26.038,tag2708
26.884,tag10687
26.588,tag10336
26.505,tag2115
26.754,tag844
26.549,tag9787
26.987,tag3053
26.307,tag6021
26.792,tag1292
26.963,tag11411
26.576,tag10182
26.869,tag7797
26.111,tag3914
26.262,tag4005
26.248,tag3148
26.325,tag918
26.860,tag4280
27.406,tag6352
27.637,tag6579
27.232,tag2820
27.208,tag7322
27.556,tag4703
27.784,tag597
27.351,tag2651
27.558,tag11593
27.636,tag4536
27.186,tag11916
27.603,tag5809
27.736,tag3665
27.932,tag5357
27.260,tag4252
27.172,tag6537
27.462,tag1179
27.925,tag3218
27.432,tag1908
27.164,tag11276
27.894,tag1592
27.195,tag9999
27.624,tag7807
27.957,tag11037
27.501,tag7016
27.732,tag7381
27.929,tag6316
27.157,tag3109
27.584,tag69
27.124,tag4991
27.670,tag3415
27.193,tag10227
27.368,tag8638
27.992,tag142
27.527,tag154
27.555,tag2457
27.951,tag4720
27.414,tag10051
27.072,tag7575
27.566,tag5593
27.103,tag6330
28.993,tag5061
28.265,tag7368
28.168,tag10832
28.230,tag7851
28.593,tag10298
28.373,tag1021
28.477,tag4855
28.840,tag595
28.746,tag11983
28.899,tag6192
28.161,tag2255
28.096,tag78
28.024,tag7398
28.648,tag4659
28.146,tag6946
28.578,tag6221
28.515,tag1404
28.725,tag9913
28.043,tag2880
28.038,tag5011
28.011,tag2515
28.845,tag7802
28.037,tag6311
28.590,tag2693
28.854,tag3059
28.050,tag9093
28.677,tag5162
28.869,tag8761
28.948,tag4389
28.465,tag6579
28.094,tag9071
28.588,tag7563
28.827,tag3231
28.447,tag10012
28.086,tag1694
28.789,tag5961
28.058,tag4906
28.464,tag5716
28.748,tag4430
28.217,tag801
29.574,tag11955
29.652,tag7599
29.314,tag14
29.855,tag9351
29.616,tag8093
29.488,tag11679
29.841,tag7510
29.687,tag10280
29.754,tag8033
29.437,tag3001
29.669,tag10412
29.525,tag8814
29.333,tag3467
29.356,tag3785
29.594,tag10440
29.370,tag2887
29.861,tag3707
29.116,tag9819
29.730,tag6953
29.835,tag5435
29.598,tag5875
29.529,tag2237
29.816,tag8549
29.223,tag1793
29.948,tag1952
29.594,tag10646
29.158,tag11910
29.414,tag417
29.347,tag3107
29.109,tag10068
29.472,tag11690
29.331,tag3337
29.017,tag11797
29.834,tag11269
29.123,tag8702
29.639,tag7346
29.723,tag9430
29.421,tag82
29.066,tag1721
29.049,tag11498
30.373,tag8992
30.928,tag2638
30.291,tag4685
30.563,tag10509
30.077,tag10412
30.024,tag11105
30.783,tag5196
30.893,tag10078
30.292,tag8095
30.017,tag7418
30.385,tag7092
30.854,tag10582
30.456,tag5882
30.126,tag520
30.618,tag6484
30.533,tag10627
30.631,tag5924
30.572,tag3111
30.544,tag202
30.393,tag2688
30.683,tag8953
30.404,tag7350
30.054,tag5395
30.890,tag9256
30.292,tag8894
30.519,tag8583
30.382,tag7713
30.591,tag10138
30.709,tag3837
30.152,tag552
30.844,tag7935
30.858,tag4573
30.372,tag2798
30.184,tag2132
30.321,tag4944
30.774,tag5608
30.475,tag4788
30.494,tag6370
30.422,tag1631
30.770,tag3438
31.094,tag8073
31.115,tag1086
31.530,tag9508
31.843,tag5926
31.359,tag985
31.288,tag10426
31.832,tag958
31.909,tag4929
31.680,tag11926
31.248,tag1554
31.980,tag8562
31.111,tag2161
31.372,tag531
31.154,tag2404
31.183,tag767
31.257,tag10185
31.759,tag7141
31.682,tag5082
31.472,tag9718
31.507,tag7169
31.026,tag9534
31.691,tag11100
31.783,tag10094
31.659,tag1111
31.904,tag221
31.125,tag4441
31.012,tag6276
31.351,tag2932
31.266,tag1259
31.540,tag6347
31.487,tag4109
31.964,tag7445
31.823,tag7877
31.719,tag4996
31.273,tag10264
31.704,tag5924
31.073,tag4170
31.072,tag6224
31.571,tag4561
31.276,tag1335
32.537,tag8626
32.787,tag7366
32.258,tag2230
32.744,tag1788
32.482,tag7975
32.614,tag692
32.151,tag3813
32.178,tag3166
32.247,tag10625
32.077,tag1231
32.143,tag9552
32.392,tag4591
32.338,tag897
32.583,tag1078
32.684,tag2878
32.123,tag1168
32.842,tag10858
32.180,tag8219
32.096,tag3952
32.070,tag11612
32.464,tag4282
32.149,tag11634
32.872,tag1907
32.118,tag11217
32.674,tag3150
32.165,tag1051
32.664,tag4764
32.424,tag2767
32.777,tag8201
32.397,tag7516
32.273,tag5160
32.280,tag9795
32.257,tag2456
32.026,tag8697
32.927,tag7135
32.174,tag10166
32.919,tag1322
32.185,tag1450
32.506,tag3956
32.161,tag6458
33.875,tag2180
33.492,tag10825
33.429,tag1613
33.657,tag5242
33.525,tag2094
33.166,tag3662
33.461,tag7728
33.559,tag6705
33.250,tag10129
33.029,tag4138
33.697,tag3565
33.148,tag621
33.082,tag257
33.211,tag10800
33.382,tag8820
33.011,tag7178
33.464,tag11261
33.344,tag11288
33.305,tag4043
33.197,tag11841
33.873,tag6917
33.441,tag1144
33.339,tag5776
33.038,tag6151
33.784,tag962
33.128,tag1144
33.869,tag5330
33.743,tag3871
33.173,tag1401
33.543,tag10096
33.462,tag3272
33.523,tag6987
33.412,tag6493
33.105,tag10031
33.503,tag4619
33.339,tag5829
33.771,tag10197
33.357,tag2511
33.096,tag7705
33.002,tag1410
34.813,tag6472
34.663,tag7400
34.086,tag11420
34.494,tag11681
34.076,tag8902
34.810,tag61
34.146,tag3259
34.199,tag8882
34.397,tag226
34.054,tag7053
34.694,tag4904
34.076,tag10804
34.761,tag7042
34.855,tag4402
34.576,tag9698
34.540,tag6862
34.108,tag2511
34.991,tag2000
34.505,tag1085
34.398,tag1070
34.116,tag9347
34.414,tag9986
34.547,tag6554
34.654,tag6275
34.338,tag8330
34.772,tag6014
34.480,tag448
34.094,tag7258
34.472,tag3514
34.924,tag10015
34.023,tag2792
34.475,tag8689
34.531,tag4829
34.342,tag3404
34.674,tag4949
34.528,tag2934
34.494,tag4204
34.973,tag10766
34.112,tag3796
34.057,tag10411
35.987,tag8800
35.269,tag11557
35.609,tag8695
35.941,tag5891
35.666,tag10430
35.672,tag9249
35.448,tag10161
35.173,tag3569
35.872,tag5998
35.333,tag10210
35.129,tag1385
35.228,tag1097
35.889,tag10540
35.658,tag6565
35.567,tag8643
35.871,tag10265
35.099,tag7666
35.214,tag1841
35.182,tag4460
35.049,tag10318
35.335,tag8822
35.571,tag8415
35.678,tag10543
35.654,tag974
35.674,tag9768
35.765,tag2829
35.898,tag3473
35.007,tag1975
35.530,tag4830
35.270,tag3289
35.291,tag2828
35.110,tag7969
35.346,tag3622
35.392,tag6704
35.850,tag11788
35.514,tag1016
35.523,tag4716
35.739,tag10242
35.338,tag10088
35.421,tag6120
36.174,tag9481
36.879,tag574
36.836,tag8370
36.599,tag9167
36.505,tag9469
36.281,tag9133
36.438,tag10300
36.798,tag7894
36.343,tag1093
36.500,tag8587
36.607,tag9714
36.631,tag1703
36.437,tag6107
36.761,tag6565
36.186,tag8851
36.411,tag11714
36.042,tag1497
36.405,tag2854
36.643,tag841
36.599,tag1469
36.458,tag2020
36.722,tag11859
36.832,tag1187
36.030,tag5510
36.431,tag1649
36.057,tag8648
36.714,tag6211
36.179,tag7432
36.051,tag6093
36.730,tag8136
36.840,tag10970
36.840,tag4529
36.099,tag4194
36.840,tag5372
36.197,tag9588
36.939,tag1024
36.564,tag7421
36.368,tag4721
36.590,tag1835
36.632,tag4144
37.843,tag8810
37.473,tag11800
37.105,tag713
37.846,tag11258
37.568,tag8787
37.288,tag9324
37.744,tag10834
37.855,tag5881
37.057,tag7884
37.043,tag6309
37.895,tag8050
37.450,tag4916
37.490,tag1813
37.682,tag7767
37.628,tag6880
37.888,tag4790
37.436,tag4495
37.846,tag6712
37.802,tag2981
37.789,tag3117
37.444,tag11983
37.789,tag3514
37.276,tag10920
37.536,tag9172
37.280,tag3032
37.998,tag11697
37.045,tag8620
37.184,tag8058
37.229,tag2621
37.633,tag2817
37.666,tag6556
37.876,tag2000
37.944,tag7217
37.806,tag4166
37.656,tag7913
37.383,tag11862
37.612,tag4717
37.011,tag9283
37.043,tag4340
37.738,tag2949
38.247,tag11697
38.012,tag10721
38.869,tag10413
38.145,tag4143
38.857,tag5158
38.574,tag9693
38.139,tag8114
38.951,tag6581
38.340,tag5373
38.226,tag5266
38.688,tag6716
38.249,tag4994
38.731,tag10015
38.299,tag425
38.237,tag1
38.433,tag3016
38.637,tag8447
38.967,tag2268
38.312,tag2872
38.538,tag5
38.583,tag6300
38.761,tag411
38.554,tag10613
38.716,tag6633
38.035,tag9682
38.734,tag2598
38.440,tag4410
38.613,tag3888
38.560,tag6629
38.971,tag9360
38.549,tag8123
38.970,tag1278
38.579,tag1955
38.556,tag8199
38.539,tag1398
38.090,tag6993
38.706,tag9347
38.420,tag8008
38.758,tag4687
38.583,tag7970
39.210,tag3573
39.958,tag5491
39.892,tag9014
39.628,tag380
39.187,tag348
39.874,tag1825
39.917,tag8059
39.585,tag7424
39.774,tag3094
39.404,tag10270
39.650,tag6442
39.283,tag4630
39.396,tag7584
39.864,tag967
39.784,tag6091
39.727,tag4856
39.283,tag9001
39.325,tag7775
39.774,tag11055
39.538,tag9442
39.782,tag8174
39.759,tag8251
39.958,tag7752
39.625,tag3290
39.741,tag6860
39.390,tag11758
39.473,tag4173
39.111,tag7092
39.199,tag11654
39.318,tag7689
39.379,tag11408
39.595,tag8331
39.431,tag5935
39.204,tag84
39.683,tag10462
39.559,tag801
39.553,tag649
39.415,tag8088
39.359,tag10404
39.991,tag8661
40.360,tag458
40.375,tag11255
40.439,tag6792
40.030,tag395
40.643,tag3312
40.287,tag1885
40.312,tag5454
40.031,tag8976
40.795,tag5954
40.055,tag8252
40.355,tag4775
40.640,tag8795
40.049,tag5419
40.562,tag4325
40.429,tag11722
40.592,tag6355
40.718,tag259
40.821,tag8731
40.030,tag11837
40.071,tag9602
40.122,tag1908
40.447,tag5514
40.683,tag3234
40.042,tag11339
40.373,tag2194
40.632,tag10613
40.765,tag10146
40.693,tag10525
40.291,tag6171
40.132,tag8912
40.619,tag8914
40.327,tag2022
40.531,tag1021
40.177,tag11805
40.965,tag728
40.430,tag3282
40.816,tag2429
40.516,tag4861
40.568,tag10252
40.857,tag6475
41.022,tag4655
41.822,tag2368
41.392,tag3691
41.548,tag1880
41.657,tag7882
41.816,tag3307
41.911,tag1336
41.163,tag10715
41.420,tag2979
41.419,tag497
41.360,tag6420
41.061,tag5358
41.712,tag10392
41.238,tag8617
41.399,tag11099
41.621,tag1186
41.559,tag7147
41.682,tag9657
41.108,tag4737
41.647,tag10922
41.403,tag9287
41.474,tag394
41.847,tag5830
41.545,tag133
41.718,tag6676
41.616,tag6816
41.555,tag8540
41.182,tag3423
41.685,tag11596
41.200,tag10325
41.867,tag8957
41.364,tag3835
41.392,tag6112
41.651,tag11891
41.337,tag1357
41.746,tag4129
41.652,tag7204
41.758,tag11586
41.492,tag10062
41.573,tag5094
42.346,tag2347
42.759,tag7198
42.281,tag482
42.314,tag4101
42.565,tag989
42.979,tag7975
42.232,tag4849
42.632,tag10987
42.507,tag498
42.471,tag8019
42.193,tag3117
42.203,tag739
42.909,tag6353
42.755,tag868
42.008,tag3162
42.632,tag4707
42.366,tag5125
42.858,tag7962
42.836,tag6143
42.536,tag6350
42.974,tag11598
42.192,tag3454
42.973,tag2540
42.213,tag1596
42.074,tag5889
42.127,tag6263
42.294,tag3512
42.405,tag8985
42.851,tag11784
42.644,tag2578
42.105,tag3452
42.266,tag9584
42.431,tag5702
42.451,tag3338
42.911,tag2279
42.175,tag11773
42.688,tag9374
42.610,tag6591
42.795,tag8791
42.613,tag4178
43.481,tag6926
43.792,tag5773
43.952,tag5918
43.971,tag2890
43.687,tag2232
43.220,tag7882
43.732,tag3923
43.748,tag3746
43.481,tag8253
43.499,tag1401
43.736,tag2990
43.369,tag10623
43.979,tag9497
43.123,tag1571
43.598,tag2331
43.808,tag5960
43.497,tag9231
43.299,tag9253
43.760,tag1296
43.725,tag11980
43.409,tag2295
43.287,tag3209
43.863,tag533
43.112,tag7971
43.753,tag4955
43.069,tag5542
43.053,tag5851
43.750,tag448
43.625,tag8939
43.819,tag1594
43.303,tag6339
43.751,tag4152
43.594,tag4172
43.479,tag8200
43.029,tag8458
43.369,tag2945
43.827,tag5864
43.811,tag8155
43.956,tag8039
43.636,tag4479
44.725,tag7053
44.159,tag5123
44.203,tag7316
44.024,tag5648
44.373,tag3681
44.771,tag2640
44.664,tag9252
44.136,tag7921
44.213,tag2286
44.043,tag5490
44.121,tag5971
44.017,tag868
44.751,tag7544
44.268,tag367
44.427,tag2671
44.971,tag2078
44.868,tag10557
44.472,tag10371
44.529,tag11554
44.148,tag2065
44.922,tag5047
44.754,tag400
44.263,tag10075
44.295,tag994
44.062,tag6140
44.096,tag2380
44.978,tag3067
44.260,tag7264
44.121,tag5684
44.854,tag9776
44.197,tag9140
44.127,tag6710
44.345,tag10239
44.541,tag6683
44.472,tag11352
44.074,tag1964
44.789,tag2464
44.547,tag3948
44.896,tag6789
44.212,tag9586
45.100,tag1270
45.748,tag2186
45.728,tag5938
45.472,tag10388
45.359,tag4275
45.234,tag6596
45.993,tag11302
45.366,tag10050
45.133,tag8889
45.624,tag2980
45.994,tag5346
45.663,tag1874
45.505,tag5714
45.474,tag1691
45.658,tag10082
45.493,tag8623
45.651,tag2752
45.454,tag4752
45.458,tag2212
45.881,tag3614
45.856,tag4825
45.501,tag4372
45.258,tag10790
45.765,tag6008
45.873,tag5706
45.455,tag4205
45.629,tag4045
45.431,tag4218
45.041,tag8138
45.351,tag5843
45.202,tag1899
45.176,tag10084
45.122,tag3569
45.833,tag8718
45.993,tag1436
45.314,tag11689
45.117,tag11818
45.620,tag3180
45.538,tag2437
45.393,tag2821
46.477,tag8526
46.689,tag11114
46.390,tag4189
46.999,tag784
46.964,tag3300
46.195,tag3291
46.328,tag5930
46.633,tag4416
46.551,tag7799
46.033,tag7320
46.631,tag5812
46.527,tag3878
46.055,tag2073
46.751,tag9662
46.885,tag824
46.835,tag1035
46.352,tag3413
46.355,tag3999
46.357,tag10734
46.821,tag4577
46.908,tag3720
46.243,tag935
46.350,tag7330
46.409,tag978
46.294,tag8619
46.132,tag10901
46.203,tag3467
46.564,tag6011
46.419,tag3720
46.894,tag2401
46.966,tag702
46.686,tag3875
46.409,tag152
46.413,tag7627
46.003,tag9233
46.075,tag8045
46.488,tag3410
46.898,tag8540
46.736,tag11092
46.711,tag401
47.585,tag8777
47.567,tag8682
47.209,tag3713
47.954,tag9633
47.998,tag9445
47.811,tag10013
47.164,tag10443
47.331,tag11563
47.175,tag3441
47.282,tag3324
47.780,tag194
47.095,tag907
47.847,tag9976
47.068,tag11520
47.876,tag4745
47.885,tag681
47.056,tag8763
47.948,tag8946
47.933,tag3037
47.804,tag7264
47.655,tag11632
47.060,tag7821
47.183,tag6086
47.342,tag3211
47.831,tag595
47.523,tag7421
47.986,tag2527
47.297,tag10528
47.093,tag3580
47.724,tag1381
47.503,tag215
47.555,tag8868
47.276,tag4606
47.086,tag3684
47.466,tag8810
47.516,tag6455
47.532,tag3456
47.222,tag4281
47.251,tag11184
47.779,tag2828
48.710,tag5680
48.418,tag11095
48.396,tag9026
48.566,tag1273
48.241,tag9416
48.397,tag10736
48.047,tag9090
48.013,tag11155
48.848,tag10419
48.207,tag6176
48.855,tag2485
48.506,tag4131
48.097,tag2472
48.479,tag838
48.335,tag4409
48.226,tag2384
48.161,tag7642
48.856,tag2843
48.529,tag2317
48.130,tag3960
48.244,tag11082
48.613,tag2318
48.800,tag1058
48.551,tag3469
48.071,tag10964
48.008,tag7879
48.585,tag5677
48.240,tag1796
48.671,tag4153
48.712,tag5185
48.381,tag2518
48.463,tag9943
48.455,tag7775
48.156,tag8510
48.735,tag1069
48.862,tag5109
48.445,tag3364
48.772,tag266
48.414,tag11387
48.117,tag10276
49.115,tag7339
49.452,tag2429
49.170,tag9141
49.812,tag4794
49.675,tag5791
49.964,tag10737
49.160,tag3970
49.846,tag11161
49.301,tag6821
49.910,tag1370
49.758,tag10018
49.119,tag1953
49.443,tag9900
49.036,tag4918
49.985,tag7162
49.821,tag3898
49.902,tag8418
49.694,tag6406
49.507,tag2874
49.218,tag8461
49.588,tag11737
49.281,tag9535
49.084,tag9070
49.715,tag4063
49.529,tag10401
49.864,tag3219
49.166,tag5099
49.153,tag9569
49.215,tag9124
49.693,tag7802
49.544,tag238
49.751,tag3002
49.637,tag9474
49.670,tag98
49.212,tag8604
49.297,tag2183
49.400,tag1814
49.847,tag2838
49.509,tag99
49.495,tag6949
50.104,tag3985
50.131,tag4493
50.406,tag11350
50.303,tag7403
50.800,tag5812
50.937,tag9145
50.205,tag7733
50.799,tag6850
50.897,tag6363
50.807,tag4384
50.251,tag2701
50.545,tag379
50.722,tag4430
50.584,tag6195
50.492,tag7388
50.062,tag6849
50.888,tag9092
50.527,tag904
50.242,tag4233
50.209,tag11928
50.503,tag6300
50.082,tag9809
50.393,tag6451
50.359,tag11280
50.701,tag7734
50.442,tag8786
50.388,tag4668
50.961,tag5218
50.379,tag3775
50.843,tag11632
50.434,tag5768
50.824,tag1267
50.859,tag4316
50.862,tag3518
50.799,tag344
50.327,tag3535
50.831,tag4129
50.464,tag975
50.533,tag1712
50.227,tag7316
51.188,tag5653
51.863,tag1523
51.418,tag8767
51.112,tag1743
51.674,tag9946
51.023,tag11838
51.331,tag2475
51.740,tag1158
51.876,tag9631
51.408,tag2878
51.368,tag4589
51.311,tag8711
51.907,tag1757
51.971,tag4071
51.835,tag9853
51.084,tag9744
51.510,tag11897
51.260,tag8010
51.755,tag380
51.513,tag4993
51.555,tag4298
51.359,tag11032
51.591,tag1055
51.462,tag6405
51.116,tag9033
51.519,tag8215
51.307,tag7402
51.611,tag4517
51.301,tag6369
51.357,tag7915
51.457,tag2923
51.330,tag5401
51.508,tag2445
51.786,tag6000
51.488,tag11315
51.532,tag10638
51.485,tag2543
51.088,tag700
51.512,tag7132
51.434,tag3359
52.781,tag5547
52.524,tag7181
52.266,tag9161
52.333,tag86
52.225,tag9350
52.397,tag10212
52.062,tag2471
52.109,tag6432
52.179,tag102
52.023,tag5527
52.365,tag686
52.916,tag7262
52.024,tag7187
52.444,tag7286
52.996,tag908
52.942,tag10448
52.420,tag5498
52.812,tag5393
52.975,tag62
52.677,tag8277
52.536,tag4385
52.880,tag9480
52.198,tag7724
52.143,tag4423
52.993,tag7073
52.076,tag3282
52.016,tag8687
52.959,tag1315
52.978,tag7407
52.177,tag8030
52.447,tag198
52.790,tag7458
52.955,tag9532
52.555,tag356
52.515,tag4866
52.206,tag8589
52.860,tag11704
52.482,tag5601
52.087,tag5648
52.357,tag1087
53.039,tag748
53.603,tag7767
53.548,tag5242
53.286,tag4434
53.595,tag4810
53.067,tag9019
53.593,tag10513
53.246,tag1933
53.529,tag8373
53.447,tag10211
53.373,tag4855
53.323,tag409
53.720,tag5037
53.270,tag10880
53.070,tag9552
53.452,tag8546
53.230,tag575
53.828,tag1261
53.697,tag6410
53.061,tag1106
53.266,tag2344
53.083,tag2293
53.968,tag383
53.073,tag9065
53.086,tag11092
53.301,tag3525
53.278,tag3950
53.455,tag8018
53.314,tag11782
53.975,tag3837
53.831,tag4191
53.645,tag4187
53.718,tag2011
53.002,tag9616
53.942,tag10832
53.062,tag3857
53.376,tag10599
53.885,tag9582
53.624,tag2712
53.890,tag7959
54.558,tag2728
54.741,tag4142
54.742,tag3699
54.327,tag7592
54.851,tag6301
54.010,tag2642
54.315,tag11194
54.605,tag7222
54.910,tag2386
54.658,tag2103
54.134,tag9215
54.542,tag5756
54.500,tag6494
54.253,tag5898
54.182,tag4952
54.839,tag2097
54.734,tag5299
54.693,tag2704
54.398,tag10856
54.904,tag243
54.044,tag10994
54.129,tag29
54.894,tag7610
54.471,tag3778
54.111,tag7126
54.662,tag7237
54.869,tag4310
54.539,tag5038
54.621,tag9750
54.198,tag11258
54.077,tag21
54.800,tag7318
54.319,tag10373
54.850,tag89
54.927,tag6443
54.458,tag7753
54.755,tag4144
54.937,tag3965
54.451,tag6889
54.982,tag4447
55.429,tag1708
55.028,tag3604
55.611,tag3132
55.683,tag5325
55.195,tag3648
55.021,tag2437
55.028,tag2459
55.029,tag7826
55.720,tag10710
55.682,tag910
55.100,tag10820
55.562,tag5621
55.690,tag8385
55.307,tag2609
55.506,tag6773
55.182,tag3836
55.793,tag11472
55.220,tag4517
55.873,tag377
55.344,tag2226
55.700,tag10970
55.764,tag8834
55.537,tag8805
55.445,tag1531
55.644,tag4704
55.969,tag6574
55.307,tag1568
55.049,tag1109
55.212,tag8816
55.908,tag3217
55.899,tag6939
55.645,tag8689
55.076,tag8915
55.392,tag5802
55.650,tag4395
55.361,tag211
55.762,tag7764
55.661,tag4442
55.583,tag11468
55.679,tag8365
56.668,tag8062
56.594,tag8443
56.790,tag10411
56.201,tag11572
56.604,tag11614
56.850,tag4113
56.031,tag5001
56.325,tag5042
56.290,tag9849
56.970,tag50
56.573,tag6900
56.886,tag10203
56.948,tag7045
56.592,tag5034
56.438,tag5970
56.937,tag2934
56.014,tag9246
56.316,tag8655
56.110,tag7891
56.620,tag8333
56.738,tag8841
56.426,tag10709
56.121,tag9786
56.819,tag10501
56.170,tag10899
56.833,tag4780
56.874,tag8740
56.873,tag6969
56.759,tag6638
56.023,tag4413
56.077,tag9960
56.087,tag1352
56.662,tag7324
56.796,tag11551
56.895,tag2519
56.226,tag10210
56.230,tag10674
56.337,tag3814
56.058,tag3193
56.004,tag4684
57.964,tag9075
57.676,tag7557
57.983,tag6028
57.663,tag8232
57.719,tag5016
57.089,tag4729
57.079,tag4239
57.844,tag6753
57.566,tag7623
57.586,tag2283
57.748,tag3618
57.385,tag2320
57.278,tag5606
57.704,tag1276
57.407,tag5473
57.611,tag2767
57.942,tag5488
57.879,tag8466
57.458,tag6331
57.844,tag3373
57.662,tag8124
57.139,tag11127
57.803,tag2055
57.334,tag2525
57.197,tag4938
57.840,tag5410
57.818,tag11332
57.924,tag4543
57.027,tag5165
57.974,tag4860
57.681,tag11445
57.823,tag10876
57.658,tag9548
57.032,tag2916
57.948,tag11886
57.188,tag10086
57.515,tag9443
57.738,tag11528
57.635,tag7376
57.104,tag11275
58.468,tag2182
58.566,tag8072
58.810,tag9853
58.294,tag7111
58.732,tag11523
58.259,tag3752
58.305,tag5772
58.429,tag10974
58.645,tag5106
58.634,tag7382
58.012,tag4618
58.605,tag3355
58.940,tag4229
58.375,tag5525
58.067,tag5268
58.684,tag11033
58.032,tag11988
58.127,tag4468
58.520,tag8680
58.877,tag11712
58.801,tag10859
58.910,tag6791
58.589,tag125
58.715,tag5365
58.647,tag3946
58.840,tag292
58.870,tag3060
58.406,tag11525
58.137,tag8962
58.336,tag3178
58.080,tag11292
58.927,tag672
58.141,tag4191
58.810,tag7836
58.472,tag5070
58.176,tag2178
58.215,tag3717
58.567,tag322
58.637,tag11230
58.537,tag3175
59.805,tag7023
59.980,tag2044
59.688,tag10922
59.732,tag5669
59.660,tag10084
59.746,tag11433
59.093,tag10723
59.429,tag10929
59.510,tag7883
59.076,tag8300
59.516,tag1303
59.028,tag9149
59.569,tag1158
59.314,tag5560
59.554,tag6280
59.342,tag7165
59.657,tag5431
59.505,tag5867
59.314,tag10376
59.519,tag5828
59.198,tag971
59.030,tag1443
59.783,tag9826
59.493,tag1896
59.839,tag2052
59.877,tag4416
59.586,tag11423
59.107,tag5256
59.249,tag3442
59.135,tag1015
59.620,tag11432
59.990,tag3628
59.999,tag871
59.507,tag5518
59.833,tag4353
59.919,tag396
59.211,tag6795
59.991,tag5564
59.520,tag8030
59.157,tag7246
60.972,tag427
60.820,tag11899
60.129,tag10321
60.668,tag4846
60.755,tag210
60.369,tag4711
60.842,tag3277
60.398,tag8231
60.794,tag2438
60.032,tag11801
60.575,tag10967
60.759,tag2518
60.365,tag3232
60.379,tag8123
60.220,tag10873
60.844,tag4678
60.113,tag2676
60.082,tag9089
60.930,tag10700
60.844,tag5467
60.150,tag9604
60.856,tag32
60.816,tag676
60.124,tag1995
60.812,tag673
60.168,tag2863
60.572,tag11639
60.800,tag11410
60.519,tag221
60.947,tag2648
60.240,tag5622
60.996,tag1717
60.936,tag5782
60.055,tag2843
60.918,tag6043
60.620,tag1785
60.554,tag1148
60.575,tag11137
60.402,tag5169
60.473,tag7098
61.304,tag8346
61.181,tag7793
61.507,tag9334
61.069,tag1288
61.961,tag2177
61.951,tag6055
61.983,tag3924
61.348,tag6918
61.098,tag3305
61.108,tag9013
61.397,tag1720
61.305,tag8210
61.718,tag8307
61.871,tag9709
61.612,tag8611
61.519,tag8108
61.856,tag3033
61.324,tag312
61.483,tag11109
61.076,tag4685
61.809,tag6213
61.808,tag3249
61.016,tag9806
61.226,tag6009
61.114,tag8814
61.590,tag11348
61.097,tag10774
61.255,tag1840
61.253,tag1043
61.733,tag8287
61.772,tag0
61.672,tag2168
61.957,tag3200
61.307,tag2758
61.150,tag10579
61.403,tag2206
61.187,tag3209
61.136,tag7040
61.966,tag10167
61.325,tag11867
62.117,tag2083
62.864,tag6120
62.141,tag2254
62.399,tag2133
62.946,tag8542
62.757,tag3640
62.111,tag8319
62.842,tag4690
62.823,tag10232
62.449,tag7260
62.587,tag4102
62.189,tag3699
62.117,tag9397
62.685,tag10100
62.555,tag8345
62.231,tag5716
62.282,tag8494
62.912,tag9139
62.496,tag1060
62.271,tag11936
62.573,tag10114
62.197,tag10290
62.117,tag479
62.520,tag8528
62.416,tag1564
62.198,tag7569
62.521,tag4272
62.422,tag8424
62.980,tag3638
62.204,tag9680
62.383,tag11915
62.838,tag11191
62.268,tag6199
62.850,tag5967
62.327,tag6575
62.153,tag3117
62.361,tag10827
62.566,tag6818
62.247,tag10835
62.586,tag4810
63.465,tag6965
63.261,tag11244
63.977,tag1043
63.050,tag87
63.893,tag8646
63.491,tag10683
63.187,tag5486
63.580,tag6170
63.200,tag8198
63.572,tag11539
63.084,tag10702
63.980,tag8610
63.103,tag6551
63.837,tag7240
63.302,tag951
63.033,tag10282
63.441,tag3214
63.252,tag5637
63.917,tag6995
63.707,tag10935
63.499,tag10339
63.134,tag11959
63.820,tag2892
63.006,tag4681
63.001,tag3332
63.297,tag10897
63.850,tag3192
63.523,tag3817
63.114,tag4843
63.767,tag2949
63.649,tag11286
63.066,tag10316
63.539,tag340
63.437,tag2980
63.312,tag6317
63.006,tag87
63.369,tag3028
63.440,tag11759
63.667,tag1589
63.723,tag3072
64.182,tag6839
64.076,tag4520
64.353,tag6829
64.227,tag4547
64.625,tag6351
64.140,tag835
64.959,tag1444
64.132,tag2757
64.797,tag6064
64.418,tag1383
64.268,tag7405
64.879,tag11700
64.285,tag4418
64.354,tag4824
64.967,tag6387
64.676,tag4948
64.923,tag3528
64.324,tag11890
64.411,tag5160
64.301,tag1591
64.624,tag4256
64.129,tag9135
64.138,tag7735
64.528,tag1226
64.550,tag2093
64.572,tag7518
64.339,tag6503
64.167,tag6909
64.041,tag5073
64.310,tag3558
64.884,tag1417
64.722,tag3965
64.538,tag10142
64.400,tag11437
64.627,tag8190
64.956,tag4308
64.896,tag11944
64.660,tag6439
64.911,tag1057
64.984,tag3726
65.450,tag704
65.530,tag319
65.794,tag8146
65.334,tag900
65.920,tag10179
65.505,tag7173
65.996,tag9527
65.797,tag2513
65.485,tag191
65.021,tag3559
65.183,tag3530
65.392,tag7637
65.113,tag10117
65.847,tag8099
65.917,tag10719
65.045,tag401
65.157,tag2366
65.696,tag11014
65.634,tag11887
65.406,tag4127
65.687,tag945
65.406,tag10115
65.141,tag6919
65.593,tag198
65.393,tag2867
65.992,tag11181
65.312,tag3380
65.934,tag10060
65.239,tag10069
65.903,tag7570
65.490,tag8782
65.903,tag10273
65.098,tag1518
65.256,tag1957
65.921,tag6608
65.082,tag2445
65.179,tag7663
65.370,tag6347
65.431,tag773
65.220,tag3155
66.112,tag4855
66.991,tag11080
66.296,tag5083
66.244,tag10370
66.825,tag6717
66.999,tag3114
66.321,tag1953
66.636,tag11990
66.338,tag5086
66.218,tag9155
66.322,tag5273
66.297,tag9372
66.612,tag3270
66.140,tag3300
66.030,tag8405
66.135,tag3450
66.784,tag8200
66.585,tag11150
66.141,tag7187
66.382,tag7959
66.743,tag225
66.539,tag10352
66.631,tag9764
66.165,tag9621
66.581,tag2986
66.405,tag3382
66.280,tag915
66.771,tag7963
66.260,tag966
66.405,tag8397
66.559,tag3872
66.904,tag4199
66.308,tag11403
66.312,tag6823
66.469,tag5500
66.153,tag11866
66.496,tag4697
66.623,tag8638
66.776,tag11291
66.935,tag2546
67.645,tag6799
67.777,tag2590
67.789,tag10506
67.903,tag11782
67.782,tag6406
67.302,tag11572
67.262,tag4527
67.537,tag7689
67.786,tag825
67.493,tag51
67.651,tag8111
67.604,tag10967
67.019,tag11419
67.086,tag8439
67.574,tag11236
67.534,tag8400
67.703,tag6004
67.551,tag10665
67.084,tag9968
67.172,tag2384
67.209,tag10629
67.199,tag9985
67.421,tag5235
67.533,tag10705
67.425,tag10404
67.735,tag7244
67.542,tag415
67.373,tag7761
67.049,tag6441
67.781,tag7027
67.606,tag6458
67.633,tag4598
67.702,tag2894
67.507,tag5819
67.317,tag10632
67.131,tag4826
67.331,tag5030
67.781,tag4414
67.269,tag7397
67.873,tag83
68.445,tag10265
68.922,tag6619
68.827,tag9777
68.568,tag4084
68.457,tag9505
68.354,tag8115
68.343,tag10492
68.099,tag2538
68.332,tag5859
68.321,tag1362
68.424,tag11933
68.297,tag10456
68.937,tag5645
68.332,tag9307
68.961,tag8354
68.728,tag4134
68.813,tag5581
68.501,tag11320
68.734,tag3391
68.531,tag10618
68.660,tag11749
68.596,tag4921
68.325,tag9764
68.972,tag2097
68.844,tag1156
68.640,tag3901
68.209,tag7051
68.454,tag11329
68.305,tag159
68.949,tag729
68.027,tag10679
68.732,tag1591
68.352,tag1136
68.681,tag8916
68.098,tag7580
68.537,tag9109
68.017,tag11483
68.090,tag8245
68.373,tag8735
68.633,tag8099
69.673,tag3043
69.618,tag3554
69.495,tag1203
69.497,tag319
69.882,tag8527
69.894,tag8869
69.325,tag6590
69.232,tag4504
69.495,tag2397
69.171,tag2218
69.081,tag4542
69.833,tag6927
69.433,tag11912
69.482,tag10156
69.068,tag9603
69.512,tag3116
69.824,tag3233
69.597,tag6781
69.392,tag11898
69.383,tag6032
69.780,tag5025
69.500,tag3783
69.916,tag5611
69.814,tag500
69.651,tag3805
69.045,tag11170
69.908,tag2051
69.919,tag4620
69.804,tag4277
69.222,tag7808
69.578,tag4780
69.365,tag1133
69.509,tag9106
69.450,tag150
69.853,tag2709
69.076,tag11498
69.298,tag4011
69.731,tag4723
69.011,tag3098
69.639,tag10527
70.139,tag6912
70.275,tag5224
70.507,tag9021
70.239,tag3308
70.428,tag10514
70.160,tag6734
70.914,tag1132
70.284,tag3051
70.964,tag2671
70.279,tag7419
70.521,tag2295
70.890,tag361
70.369,tag11462
70.726,tag9794
70.522,tag10028
70.031,tag8084
70.505,tag2510
70.697,tag2516
70.688,tag8362
70.076,tag62
70.607,tag6799
70.253,tag9814
70.713,tag9843
70.301,tag9111
70.684,tag8017
70.186,tag6784
70.901,tag2870
70.916,tag7704
70.010,tag4815
70.443,tag3298
70.089,tag3681
70.140,tag1103
70.997,tag4758
70.749,tag6640
70.454,tag4376
70.384,tag2672
70.236,tag10435
70.920,tag10063
70.472,tag248
70.504,tag7708
71.911,tag6382
71.475,tag8378
71.545,tag4400
71.209,tag6706
71.106,tag7991
71.006,tag8995
71.916,tag605
71.742,tag591
71.030,tag5062
71.729,tag5020
71.157,tag9034
71.336,tag10720
71.158,tag1100
71.670,tag11075
71.808,tag340
71.414,tag2834
71.371,tag2840
71.526,tag1867
71.351,tag8424
71.958,tag6488
71.319,tag3853
71.636,tag11252
71.978,tag816
71.828,tag5317
71.478,tag7949
71.752,tag45
71.005,tag10525
71.797,tag3284
71.527,tag4444
71.643,tag5464
71.807,tag718
71.103,tag10241
71.945,tag10132
71.470,tag5704
71.958,tag8022
71.335,tag4708
71.527,tag4047
71.033,tag10124
71.282,tag5422
71.373,tag2061
72.421,tag11297
72.377,tag10923
72.512,tag6306
72.814,tag5121
72.195,tag7998
72.657,tag9819
72.204,tag5993
72.191,tag2074
72.974,tag10633
72.754,tag9976
72.356,tag7413
72.733,tag8060
72.573,tag215
72.890,tag7713
72.107,tag8145
72.058,tag5716
72.234,tag11491
72.798,tag11391
72.724,tag7019
72.467,tag6944
72.153,tag2036
72.848,tag1676
72.064,tag10474
72.659,tag1427
72.552,tag9180
72.988,tag3804
72.494,tag1837
72.744,tag10545
72.407,tag10682
72.468,tag432
72.929,tag8654
72.843,tag3108
72.852,tag8324
72.374,tag10690
72.113,tag8543
72.319,tag3530
72.950,tag5620
72.367,tag1305
72.918,tag11568
72.826,tag1514
73.989,tag3572
73.193,tag8947
73.370,tag2121
73.221,tag9465
73.426,tag6309
73.004,tag5436
73.369,tag10608
73.434,tag8324
73.141,tag1599
73.942,tag7982
73.186,tag88
73.577,tag1732
73.233,tag946
73.727,tag11308
73.042,tag9418
73.078,tag3985
73.694,tag11616
73.524,tag6322
73.066,tag8608
73.348,tag1493
73.347,tag7361
73.911,tag8817
73.685,tag2995
73.107,tag8290
73.275,tag2046
73.308,tag8050
73.979,tag4264
73.579,tag11509
73.275,tag3074
73.070,tag3984
73.513,tag7384
73.721,tag6598
73.898,tag10585
73.340,tag11514
73.691,tag9625
73.797,tag3327
73.824,tag5045
73.846,tag1852
73.782,tag10323
73.682,tag1112
74.334,tag10929
74.538,tag10557
74.544,tag10433
74.791,tag4852
74.780,tag4443
74.655,tag944
74.551,tag337
74.760,tag1616
74.763,tag6139
74.177,tag5767
74.749,tag2678
74.905,tag1443
74.702,tag10822
74.419,tag6634
74.142,tag1939
74.607,tag5612
74.203,tag9849
74.057,tag8074
74.306,tag2538
74.122,tag802
74.109,tag6539
74.454,tag2610
74.676,tag7173
74.799,tag11707
74.879,tag5181
74.418,tag7128
74.010,tag608
74.093,tag2208
74.087,tag7980
74.820,tag7463
74.583,tag683
74.057,tag7512
74.733,tag11948
74.552,tag2214
74.000,tag9734
74.915,tag7604
74.695,tag1963
74.047,tag5186
74.435,tag9055
74.942,tag3186
75.502,tag10724
75.466,tag10428
75.322,tag6714
75.822,tag525
75.395,tag4167
75.717,tag9985
75.688,tag903
75.541,tag2223
75.673,tag4180
75.334,tag4688
75.599,tag5445
75.024,tag7314
75.258,tag8523
75.081,tag248
75.222,tag8953
75.877,tag2808
75.184,tag8131
75.621,tag6428
75.399,tag1190
75.848,tag3845
75.951,tag72
75.881,tag5243
75.831,tag3523
75.416,tag8453
75.113,tag2872
75.169,tag1888
75.470,tag4739
75.831,tag607
75.531,tag3876
75.334,tag1996
75.042,tag1411
75.244,tag2953
75.388,tag5524
75.845,tag4511
75.204,tag3504
75.181,tag1712
75.681,tag3241
75.407,tag1537
75.606,tag10643
75.584,tag122
76.807,tag305
76.631,tag10727
76.794,tag4049
76.190,tag2456
76.890,tag3877
76.632,tag6836
76.994,tag2932
76.106,tag7976
76.690,tag2313
76.472,tag5712
76.929,tag166
76.546,tag9156
76.188,tag5214
76.424,tag5909
76.355,tag7827
76.627,tag1054
76.696,tag7047
76.773,tag9489
76.176,tag7815
76.622,tag7103
76.919,tag2714
76.818,tag189
76.456,tag6145
76.684,tag3363
76.532,tag7322
76.196,tag676
76.886,tag3313
76.947,tag3515
76.074,tag2774
76.497,tag6597
76.092,tag7320
76.535,tag4558
76.750,tag8900
76.551,tag8264
76.647,tag3662
76.643,tag5259
76.769,tag9445
76.844,tag3839
76.401,tag2417
76.734,tag9482
77.939,tag6374
77.985,tag1731
77.455,tag1762
77.011,tag6344
77.349,tag231
77.037,tag7826
77.601,tag2294
77.743,tag11023
77.693,tag7712
77.724,tag5410
77.891,tag8617
77.180,tag9188
77.658,tag8732
77.510,tag5030
77.726,tag6968
77.395,tag10063
77.814,tag2892
77.499,tag3013
77.407,tag9706
77.179,tag1883
77.916,tag10392
77.102,tag4623
77.035,tag10845
77.950,tag9888
77.609,tag6561
77.496,tag8241
77.940,tag2007
77.687,tag7260
77.255,tag1649
77.773,tag2479
77.788,tag106
77.773,tag9753
77.970,tag4752
77.282,tag3670
77.077,tag10487
77.377,tag8827
77.034,tag988
77.319,tag2902
77.822,tag1493
77.989,tag9606
78.491,tag11718
78.820,tag11078
78.252,tag2618
78.324,tag755
78.367,tag7548
78.633,tag7278
78.728,tag4911
78.520,tag4158
78.579,tag7176
78.347,tag3873
78.512,tag1372
78.316,tag8535
78.537,tag10422
78.072,tag11385
78.787,tag5768
78.830,tag10536
78.540,tag8681
78.897,tag3173
78.445,tag5639
78.978,tag10988
78.347,tag8026
78.171,tag3215
78.601,tag5441
78.498,tag5649
78.705,tag9257
78.557,tag3876
78.319,tag1210
78.661,tag11968
78.140,tag9838
78.411,tag1183
78.579,tag2041
78.180,tag2043
78.885,tag1396
78.145,tag9355
78.975,tag11168
78.201,tag7163
78.636,tag7519
78.082,tag5121
78.535,tag5109
78.548,tag3705
79.958,tag11785
79.727,tag30
79.714,tag1768
79.981,tag1638
79.974,tag10595
79.287,tag7444
79.649,tag5836
79.290,tag10070
79.482,tag8319
79.584,tag9423
79.521,tag11879
79.536,tag2224
79.383,tag6657
79.022,tag2897
79.673,tag6896
79.371,tag9446
79.994,tag5144
79.614,tag9448
79.514,tag6469
79.281,tag9108
79.214,tag8417
79.535,tag5533
79.988,tag7928
79.998,tag6240
79.706,tag6493
79.186,tag535
79.153,tag1320
79.581,tag6857
79.177,tag4248
79.320,tag5010
79.308,tag9969
79.769,tag3885
79.032,tag11076
79.063,tag10970
79.263,tag10233
79.142,tag11307
79.799,tag2328
79.315,tag4315
79.012,tag10759
79.555,tag4079
80.616,tag7038
80.743,tag8654
80.985,tag327
80.857,tag9290
80.314,tag6609
80.151,tag2056
80.790,tag740
80.753,tag1971
80.537,tag10493
80.812,tag4760
80.178,tag7903
80.821,tag2168
80.490,tag9637
80.656,tag2110
80.053,tag4343
80.860,tag4342
80.362,tag220
80.375,tag3890
80.313,tag7025
80.256,tag10398
80.357,tag4877
80.459,tag3998
80.617,tag11375
80.735,tag785
80.746,tag6607
80.213,tag39
80.999,tag3285
80.456,tag9440
80.557,tag2129
80.102,tag11171
80.838,tag143
80.062,tag1300
80.725,tag2074
80.073,tag6476
80.832,tag2877
80.710,tag8289
80.474,tag4492
80.276,tag2826
80.461,tag2516
80.111,tag3380
81.125,tag4646
81.863,tag1973
81.067,tag741
81.135,tag5491
81.542,tag6877
81.064,tag11902
81.573,tag4475
81.501,tag6157
81.190,tag7377
81.293,tag2592
81.588,tag117
81.364,tag9074
81.184,tag9193
81.177,tag4173
81.388,tag3526
81.141,tag578
81.362,tag5635
81.623,tag8997
81.208,tag789
81.766,tag6980
81.348,tag8846
81.885,tag5760
81.408,tag11068
81.556,tag1655
81.512,tag2991
81.536,tag3441
81.581,tag4992
81.573,tag6426
81.173,tag3888
81.865,tag3509
81.950,tag2479
81.198,tag2479
81.200,tag5421
81.103,tag5151
81.504,tag7879
81.814,tag10429
81.008,tag335
81.384,tag6684
81.696,tag3598
81.899,tag7986
82.489,tag11740
82.654,tag3994
82.567,tag8107
82.367,tag11279
82.029,tag10292
82.619,tag2804
82.936,tag7517
82.210,tag8042
82.156,tag4118
82.696,tag3157
82.598,tag11928
82.011,tag7149
82.389,tag2549
82.135,tag3878
82.987,tag467
82.872,tag5626
82.561,tag1988
82.304,tag3242
82.137,tag4858
82.151,tag2568
82.769,tag4077
82.441,tag9934
82.898,tag8979
82.715,tag5555
82.833,tag10276
82.028,tag9039
82.779,tag11966
82.644,tag6971
82.688,tag8564
82.063,tag1530
82.047,tag8261
82.482,tag5491
82.709,tag3478
82.859,tag9724
82.420,tag4216
82.814,tag39
82.983,tag4178
82.778,tag4359
82.688,tag9629
82.949,tag4890
83.541,tag3195
83.521,tag4528
83.235,tag124
83.646,tag9753
83.199,tag5994
83.355,tag4051
83.514,tag7778
83.073,tag7553
83.556,tag7574
83.468,tag1287
83.154,tag8682
83.644,tag4216
83.047,tag4695
83.190,tag6405
83.691,tag9364
83.890,tag8752
83.198,tag4236
83.446,tag10407
83.960,tag11030
83.007,tag8014
83.963,tag3313
83.314,tag6762
83.624,tag1418
83.622,tag1994
83.973,tag11245
83.163,tag1507
83.391,tag6306
83.470,tag7849
83.478,tag10867
83.201,tag3811
83.631,tag10373
83.727,tag870
83.871,tag11305
83.760,tag7616
83.527,tag1682
83.717,tag80
83.841,tag4462
83.225,tag26
83.123,tag9376
83.518,tag5727
84.182,tag2924
84.400,tag6933
84.882,tag11518
84.382,tag3695
84.824,tag9003
84.441,tag10290
84.320,tag1513
84.681,tag8203
84.411,tag10536
84.650,tag2507
84.770,tag6472
84.409,tag6423
84.294,tag2250
84.994,tag10315
84.125,tag7769
84.103,tag9483
84.445,tag2057
84.817,tag3790
84.242,tag2158
84.195,tag2116
84.957,tag4083
84.466,tag7892
84.204,tag2598
84.763,tag835
84.556,tag3324
84.228,tag66
84.372,tag10302
84.768,tag148
84.464,tag6708
84.363,tag5010
84.130,tag7039
84.707,tag7625
84.469,tag2777
84.049,tag142
84.141,tag9869
84.970,tag4127
84.925,tag7863
84.473,tag9167
84.701,tag8294
84.115,tag9942
85.928,tag1482
85.077,tag4319
85.379,tag4424
85.621,tag9303
85.969,tag6273
85.349,tag4359
85.484,tag11902
85.121,tag3880
85.274,tag165
85.683,tag3517
85.353,tag1064
85.991,tag7967
85.417,tag4761
85.961,tag10515
85.444,tag6393
85.867,tag7365
85.182,tag3631
85.111,tag11672
85.500,tag7421
85.153,tag8623
85.781,tag10705
85.474,tag10256
85.951,tag9041
85.893,tag3063
85.512,tag9748
85.728,tag3339
85.727,tag2187
85.218,tag2057
85.420,tag11999
85.830,tag11700
85.176,tag9072
85.633,tag536
85.093,tag4264
85.529,tag4318
85.882,tag10969
85.315,tag9486
85.718,tag4514
85.370,tag11574
85.949,tag9293
85.822,tag0
86.664,tag7753
86.621,tag9265
86.299,tag5584
86.236,tag9833
86.645,tag6921
86.271,tag3373
86.928,tag191
86.709,tag2166
86.648,tag8014
86.537,tag1492
86.422,tag7080
86.226,tag10245
86.045,tag9089
86.544,tag10603
86.408,tag9189
86.808,tag2867
86.501,tag1074
86.112,tag10757
86.217,tag6359
86.623,tag7353
86.965,tag4501
86.893,tag9522
86.500,tag8751
86.534,tag6750
86.183,tag11080
86.854,tag7197
86.448,tag3269
86.875,tag5697
86.550,tag898
86.889,tag10747
86.750,tag4346
86.595,tag1354
86.594,tag8001
86.833,tag1629
86.435,tag4332
86.019,tag6054
86.109,tag8251
86.242,tag9978
86.381,tag10249
86.078,tag1093
87.948,tag7601
87.957,tag10022
87.838,tag3170
87.761,tag2822
87.161,tag5499
87.436,tag3708
87.821,tag1581
87.156,tag8356
87.057,tag3966
87.154,tag2972
87.384,tag524
87.652,tag9495
87.166,tag10057
87.443,tag10984
87.389,tag6330
87.705,tag5690
87.310,tag11709
87.929,tag4251
87.260,tag10405
87.214,tag8817
87.078,tag8797
87.591,tag5797
87.006,tag2509
87.104,tag1781
87.539,tag2167
87.661,tag6235
87.274,tag6797
87.750,tag7631
87.190,tag7866
87.583,tag3366
87.930,tag11064
87.451,tag9313
87.653,tag7029
87.606,tag1253
87.803,tag874
87.617,tag5887
87.664,tag9299
87.335,tag3797
87.558,tag3479
87.994,tag7984
88.965,tag6020
88.584,tag4236
88.578,tag850
88.156,tag7345
88.441,tag10093
88.538,tag4744
88.379,tag10054
88.064,tag1986
88.019,tag11246
88.657,tag8425
88.552,tag412
88.979,tag244
88.477,tag2302
88.611,tag11683
88.646,tag5435
88.308,tag3202
88.749,tag9766
88.329,tag4581
88.421,tag625
88.724,tag1463
88.165,tag4775
88.477,tag1827
88.175,tag3797
88.949,tag4056
88.320,tag2816
88.388,tag7363
88.915,tag9548
88.419,tag6160
88.607,tag8280
88.715,tag6956
88.908,tag6560
88.431,tag1140
88.612,tag3628
88.861,tag8624
88.158,tag4477
88.518,tag3252
88.609,tag10099
88.790,tag8541
88.823,tag4015
88.615,tag11184
89.712,tag9605
89.630,tag11017
89.005,tag11001
89.798,tag11481
89.262,tag2231
89.003,tag3268
89.886,tag9252
89.365,tag3975
89.776,tag5526
89.690,tag4293
89.396,tag6015
89.422,tag7847
89.864,tag2937
89.811,tag6774
89.109,tag9612
89.339,tag5643
89.376,tag5916
89.841,tag6945
89.188,tag10693
89.751,tag441
89.478,tag1617
89.134,tag10516
89.172,tag7557
89.251,tag3035
89.707,tag9126
89.722,tag10994
89.929,tag1568
89.895,tag9589
89.328,tag7462
89.355,tag4523
89.228,tag10410
89.847,tag8575
89.455,tag10598
89.919,tag7955
89.173,tag5015
89.652,tag633
89.467,tag3259
89.486,tag11260
89.849,tag5768
89.425,tag370
90.441,tag5902
90.278,tag6032
90.825,tag1073
90.608,tag11894
90.876,tag9572
90.383,tag4703
90.569,tag11344
90.479,tag7838
90.618,tag11975
90.491,tag9125
90.512,tag1446
90.829,tag1066
90.857,tag4256
90.403,tag5985
90.082,tag5241
90.948,tag5873
90.751,tag6200
90.770,tag2408
90.567,tag10648
90.168,tag2645
90.756,tag5005
90.813,tag623
90.519,tag7830
90.874,tag7821
90.031,tag4658
90.302,tag10733
90.930,tag11684
90.200,tag7037
90.260,tag3239
90.755,tag2501
90.609,tag293
90.491,tag8284
90.582,tag6112
90.095,tag6448
90.311,tag5969
90.115,tag10049
90.039,tag11444
90.812,tag7608
90.408,tag10579
90.628,tag10514
91.681,tag10193
91.611,tag6243
91.185,tag2528
91.079,tag8308
91.581,tag1122
91.100,tag5862
91.275,tag5439
91.954,tag291
91.501,tag2202
91.908,tag3401
91.640,tag2567
91.980,tag2231
91.348,tag6427
91.263,tag11791
91.866,tag4699
91.882,tag4365
91.951,tag1414
91.553,tag182
91.569,tag4077
91.459,tag6574
91.272,tag8011
91.452,tag6474
91.191,tag7701
91.159,tag1767
91.428,tag9483
91.239,tag4505
91.408,tag10660
91.130,tag9702
91.296,tag7716
91.379,tag8429
91.125,tag11305
91.367,tag8782
91.667,tag4877
91.369,tag5211
91.908,tag6433
91.243,tag1547
91.342,tag6256
91.612,tag9429
91.607,tag5280
91.471,tag10252
92.570,tag9356
92.063,tag7317
92.198,tag2326
92.702,tag11711
92.948,tag3734
92.412,tag981
92.787,tag3251
92.970,tag8284
92.491,tag620
92.333,tag2549
92.284,tag6542
92.315,tag9802
92.033,tag2547
92.935,tag1136
92.277,tag1990
92.105,tag8681
92.637,tag11140
92.257,tag1973
92.709,tag5242
92.354,tag6315
92.430,tag5391
92.857,tag4074
92.494,tag8602
92.333,tag5137
92.670,tag4354
92.470,tag1739
92.882,tag5567
92.517,tag3194
92.911,tag11475
92.406,tag11752
92.488,tag4339
92.983,tag2533
92.974,tag4681
92.773,tag11287
92.218,tag4103
92.190,tag7853
92.724,tag11913
92.575,tag8670
92.246,tag7219
92.628,tag1126
93.677,tag10293
93.424,tag10697
93.267,tag2030
93.263,tag3949
93.425,tag4934
93.327,tag2344
93.066,tag9588
93.954,tag182
93.970,tag8006
93.221,tag904
93.639,tag4830
93.898,tag9223
93.216,tag5037
93.402,tag10369
93.726,tag2365
93.937,tag3401
93.598,tag1006
93.749,tag2829
93.142,tag2740
93.783,tag5011
93.362,tag5870
93.769,tag2842
93.067,tag9370
93.286,tag6506
93.947,tag2940
93.118,tag4644
93.875,tag8621
93.851,tag3411
93.258,tag6829
93.614,tag1310
93.844,tag509
93.351,tag11258
93.728,tag4971
93.139,tag5742
93.862,tag8974
93.135,tag3599
93.626,tag7384
93.986,tag979
93.699,tag4353
93.665,tag1046
94.327,tag11177
94.457,tag5386
94.564,tag4102
94.786,tag6236
94.331,tag2308
94.307,tag417
94.358,tag3440
94.061,tag6317
94.871,tag7405
94.082,tag1829
94.212,tag10548
94.087,tag10813
94.369,tag6287
94.344,tag2312
94.363,tag5765
94.876,tag11225
94.276,tag4627
94.529,tag6879
94.629,tag11335
94.428,tag5537
94.629,tag1220
94.780,tag1826
94.738,tag3614
94.019,tag2571
94.822,tag6948
94.700,tag5256
94.921,tag8488
94.567,tag7909
94.342,tag9184
94.629,tag4531
94.676,tag1003
94.295,tag1370
94.802,tag4625
94.202,tag1393
94.826,tag5834
94.910,tag11929
94.132,tag4125
94.173,tag502
94.823,tag251
94.626,tag9530
95.501,tag491
95.364,tag6786
95.995,tag8480
95.590,tag9229
95.821,tag6851
95.291,tag7217
95.478,tag6803
95.666,tag646
95.444,tag9383
95.811,tag4607
95.861,tag7205
95.222,tag8480
95.726,tag3892
95.257,tag11702
95.452,tag8424
95.585,tag11809
95.402,tag9967
95.331,tag7784
95.639,tag5926
95.595,tag5137
95.334,tag11061
95.162,tag9209
95.019,tag3281
95.687,tag11552
95.297,tag4653
95.529,tag11206
95.760,tag9437
95.414,tag6011
95.720,tag5220
95.600,tag8727
95.494,tag5829
95.238,tag7624
95.246,tag11814
95.627,tag8803
95.767,tag707
95.664,tag2654
95.471,tag5872
95.903,tag7395
95.755,tag8302
95.634,tag4829
96.210,tag1681
96.497,tag3977
96.306,tag6717
96.737,tag8481
96.455,tag4384
96.633,tag167
96.053,tag4576
96.299,tag8446
96.508,tag7530
96.591,tag10148
96.101,tag11611
96.392,tag6316
96.469,tag1087
96.022,tag8050
96.431,tag2673
96.181,tag9696
96.911,tag4921
96.857,tag1649
96.042,tag3732
96.664,tag5225
96.357,tag4625
96.538,tag7330
96.368,tag1361
96.278,tag2806
96.717,tag7120
96.034,tag13
96.773,tag1802
96.349,tag8565
96.600,tag11618
96.452,tag8181
96.495,tag723
96.442,tag6789
96.569,tag589
96.645,tag3143
96.183,tag6218
96.673,tag3805
96.094,tag8250
96.506,tag8383
96.688,tag3505
96.830,tag4320
97.273,tag9728
97.582,tag4122
97.639,tag314
97.758,tag8223
97.205,tag11938
97.162,tag4318
97.912,tag8303
97.184,tag4222
97.879,tag2930
97.491,tag8379
97.982,tag8554
97.844,tag2217
97.225,tag4530
97.640,tag7943
97.839,tag3431
97.212,tag6298
97.060,tag9214
97.924,tag10276
97.781,tag1006
97.849,tag5563
97.478,tag10488
97.772,tag1779
97.365,tag2139
97.737,tag2618
97.014,tag9316
97.455,tag8311
97.844,tag5694
97.257,tag6323
97.754,tag11476
97.300,tag4543
97.221,tag10343
97.311,tag576
97.728,tag7764
97.652,tag7616
97.629,tag10539
97.076,tag3404
97.178,tag9671
97.929,tag3506
97.024,tag4461
97.474,tag1791
98.113,tag4604
98.889,tag3554
98.001,tag251
98.886,tag3171
98.985,tag6495
98.663,tag3604
98.023,tag6540
98.752,tag5471
98.265,tag3782
98.931,tag10293
98.329,tag2088
98.966,tag11280
98.933,tag2718
98.669,tag1102
98.520,tag6628
98.291,tag4653
98.995,tag6088
98.142,tag10083
98.638,tag11217
98.981,tag7926
98.710,tag8949
98.921,tag10770
98.730,tag4427
98.661,tag672
98.741,tag9198
98.369,tag5937
98.223,tag11426
98.650,tag10333
98.978,tag8634
98.895,tag1242
98.573,tag11405
98.158,tag4805
98.150,tag1807
98.645,tag3770
98.985,tag4765
98.982,tag2946
98.100,tag3109
98.834,tag3002
98.656,tag5804
98.485,tag9443
99.634,tag11131
99.008,tag10097
99.441,tag6894
99.141,tag3263
99.050,tag1120
99.893,tag1562
99.731,tag11708
99.166,tag11691
99.352,tag2393
99.082,tag2085
99.213,tag5062
99.767,tag10205
99.254,tag7771
99.473,tag9494
99.919,tag4327
99.135,tag7511
99.277,tag10289
99.520,tag3997
99.904,tag4002
99.742,tag11231
99.221,tag9928
99.807,tag3207
99.402,tag7135
99.240,tag2431
99.908,tag11129
99.860,tag268
99.569,tag1828
99.201,tag2740
99.419,tag8813
99.650,tag7886
99.502,tag825
99.899,tag7357
99.024,tag6706
99.252,tag8682
99.352,tag9716
99.298,tag4123
99.943,tag7284
99.949,tag3552
99.012,tag11209
99.215,tag8053
100.001,tag229
100.308,tag11504
100.034,tag364
100.075,tag4671
100.495,tag6430
100.934,tag5601
100.181,tag7203
100.569,tag2504
100.442,tag3663
100.315,tag7209
100.313,tag9425
100.458,tag45
100.937,tag5883
100.786,tag6780
100.743,tag6953
100.369,tag9969
100.192,tag654
100.322,tag9860
100.557,tag3736
100.016,tag386
100.787,tag11792
100.617,tag2325
100.480,tag1738
100.871,tag5365
100.459,tag10668
100.655,tag4417
100.256,tag6790
100.362,tag1369
100.695,tag3695
100.664,tag2381
100.776,tag1434
100.145,tag4923
100.782,tag5016
100.245,tag1544
100.352,tag3074
100.625,tag3791
100.638,tag6281
100.976,tag11998
100.872,tag4484
100.742,tag1062
101.109,tag1365
101.714,tag9196
101.541,tag11204
101.484,tag3221
101.546,tag8529
101.396,tag11216
101.194,tag1679
101.239,tag3730
101.634,tag11757
101.137,tag3225
101.831,tag1765
101.496,tag1708
101.493,tag7255
101.128,tag3571
101.728,tag7593
101.858,tag10661
101.678,tag4113
101.961,tag6338
101.860,tag7130
101.604,tag5799
101.218,tag3999
101.915,tag6404
101.586,tag10384
101.338,tag4454
101.152,tag8420
101.654,tag7875
101.469,tag4734
101.755,tag6356
101.819,tag8435
101.811,tag1624
101.399,tag1835
101.972,tag8431
101.497,tag716
101.141,tag4117
101.192,tag3728
101.391,tag2933
101.415,tag345
101.432,tag5534
101.457,tag6298
101.741,tag7163
102.014,tag10796
102.720,tag982
102.446,tag9156
102.613,tag11321
102.377,tag3473
102.898,tag4665
102.601,tag6566
102.202,tag9115
102.188,tag1231
102.025,tag7802
102.308,tag3439
102.774,tag3667
102.792,tag7889
102.322,tag732
102.944,tag2535
102.201,tag8512
102.287,tag704
102.006,tag8510
102.151,tag2751
102.699,tag11967
102.792,tag5097
102.788,tag11901
102.728,tag7603
102.805,tag11261
102.459,tag7945
102.725,tag4942
102.941,tag432
102.251,tag10650
102.131,tag6123
102.415,tag11838
102.098,tag10284
102.276,tag11672
102.283,tag9826
102.297,tag8007
102.563,tag10736
102.971,tag3482
102.122,tag10050
102.106,tag10879
102.351,tag2286
102.834,tag8607
103.894,tag6967
103.267,tag8926
103.325,tag8127
103.115,tag5833
103.545,tag7433
103.756,tag6034
103.236,tag834
103.783,tag6993
103.094,tag8954
103.087,tag7525
103.006,tag11233
103.615,tag7593
103.841,tag9855
103.020,tag11920
103.362,tag1779
103.721,tag11796
103.195,tag1813
103.044,tag3100
103.890,tag2425
103.639,tag6036
103.013,tag4324
103.790,tag4505
103.604,tag5174
103.546,tag6407
103.192,tag3970
103.154,tag6539
103.434,tag6683
103.982,tag4047
103.146,tag8607
103.757,tag2763
103.259,tag9902
103.997,tag1233
103.612,tag167
103.061,tag7745
103.330,tag7363
103.413,tag6704
103.052,tag1964
103.056,tag2061
103.382,tag11011
103.395,tag1929
104.873,tag5844
104.379,tag3602
104.784,tag1328
104.657,tag9954
104.673,tag3583
104.854,tag1973
104.850,tag7540
104.385,tag7738
104.340,tag8711
104.164,tag7286
104.955,tag10493
104.708,tag2536
104.238,tag6231
104.366,tag5330
104.760,tag3462
104.344,tag3369
104.150,tag9417
104.177,tag10638
104.044,tag4125
104.931,tag2890
104.499,tag7709
104.067,tag6004
104.867,tag2562
104.626,tag9417
104.475,tag1217
104.315,tag10088
104.943,tag4648
104.030,tag9080
104.297,tag11951
104.764,tag5608
104.421,tag8073
104.714,tag3945
104.693,tag9580
104.886,tag7573
104.073,tag7830
104.409,tag660
104.108,tag2044
104.816,tag6861
104.015,tag6712
104.500,tag5616
105.316,tag2032
105.002,tag3395
105.233,tag10200
105.008,tag116
105.618,tag10356
105.229,tag7610
105.105,tag3317
105.342,tag2488
105.657,tag299
105.462,tag1643
105.120,tag9991
105.656,tag1938
105.040,tag9568
105.727,tag8431
105.817,tag7202
105.509,tag8850
105.058,tag8731
105.638,tag7465
105.632,tag11435
105.137,tag5199
105.891,tag1335
105.772,tag6970
105.850,tag7427
105.269,tag4912
105.700,tag971
105.878,tag6224
105.889,tag8174
105.962,tag11978
105.769,tag5701
105.518,tag1221
105.407,tag1337
105.506,tag7476
105.771,tag8517
105.844,tag1055
105.929,tag7565
105.851,tag11245
105.254,tag3557
105.534,tag5061
105.860,tag11617
105.251,tag2786
106.487,tag757
106.103,tag1291
106.353,tag9662
106.653,tag3782
106.249,tag7483
106.991,tag7189
106.187,tag8723
106.071,tag9179
106.398,tag6075
106.575,tag11874
106.989,tag11560
106.122,tag6575
106.683,tag11405
106.638,tag917
106.819,tag9318
106.711,tag960
106.045,tag9763
106.503,tag9546
106.997,tag4647
106.212,tag358
106.487,tag4916
106.858,tag2683
106.926,tag4833
106.186,tag2568
106.391,tag265
106.267,tag9041
106.344,tag2002
106.749,tag5779
106.978,tag5024
106.777,tag7713
106.127,tag10172
106.354,tag8585
106.237,tag6091
106.910,tag1369
106.915,tag7752
106.652,tag75
106.235,tag4158
106.912,tag4727
106.510,tag11961
106.892,tag7751
107.873,tag5711
107.090,tag6211
107.036,tag1502
107.017,tag4087
107.199,tag7037
107.007,tag2979
107.930,tag7391
107.557,tag3845
107.367,tag734
107.510,tag11167
107.981,tag8876
107.650,tag2822
107.910,tag9228
107.839,tag11072
107.036,tag8046
107.163,tag4586
107.303,tag2658
107.873,tag2681
107.049,tag5394
107.973,tag10670
107.202,tag365
107.559,tag1261
107.117,tag9805
107.359,tag7205
107.853,tag2835
107.600,tag4423
107.700,tag10927
107.345,tag4416
107.340,tag5285
107.009,tag4959
107.041,tag7820
107.640,tag7850
107.830,tag9324
107.225,tag4125
107.948,tag5558
107.170,tag9519
107.259,tag5479
107.224,tag2386
107.369,tag11051
107.534,tag7826
108.485,tag8294
108.587,tag6886
108.171,tag3094
108.844,tag2118
108.388,tag2254
108.611,tag10502
108.704,tag9224
108.073,tag5591
108.752,tag7884
108.925,tag4556
108.642,tag4213
108.173,tag9342
108.531,tag7109
108.308,tag5990
108.305,tag7181
108.882,tag5922
108.498,tag1622
108.343,tag828
108.601,tag6247
108.828,tag4168
108.405,tag6524
108.595,tag1229
108.142,tag3689
108.401,tag3656
108.242,tag626
108.121,tag834
108.278,tag5711
108.082,tag2480
108.406,tag6097
108.858,tag9951
108.562,tag5145
108.707,tag6265
108.459,tag5669
108.676,tag3126
108.371,tag5201
108.035,tag2951
108.012,tag6610
108.015,tag3172
108.961,tag831
108.309,tag3683
109.692,tag8876
109.184,tag11845
109.816,tag5892
109.027,tag11659
109.590,tag4742
109.186,tag2600
109.964,tag3168
109.063,tag1896
109.187,tag2948
109.996,tag7534
109.201,tag8301
109.874,tag10403
109.920,tag10399
109.969,tag8480
109.336,tag5553
109.819,tag10974
109.763,tag10704
109.019,tag6844
109.573,tag8826
109.546,tag5245
109.637,tag10674
109.523,tag11041
109.625,tag7359
109.073,tag677
109.987,tag9347
109.150,tag8388
109.210,tag3246
109.916,tag3424
109.047,tag9643
109.732,tag8535
109.654,tag3353
109.210,tag5964
109.751,tag748
109.272,tag1757
109.452,tag2510
109.520,tag3593
109.145,tag11196
109.383,tag4849
109.122,tag8220
109.762,tag2429
110.205,tag7167
110.406,tag9179
110.704,tag4361
110.188,tag9113
110.490,tag7738
110.703,tag2694
110.553,tag6767
110.028,tag3078
110.911,tag7346
110.836,tag10524
110.547,tag10801
110.668,tag1620
110.114,tag5794
110.358,tag3696
110.751,tag10978
110.563,tag2222
110.630,tag11006
110.878,tag4350
110.402,tag3154
110.009,tag6035
110.822,tag6927
110.003,tag5833
110.386,tag7300
110.772,tag3661
110.683,tag11248
110.778,tag5213
110.760,tag8900
110.007,tag9410
110.047,tag4780
110.463,tag11640
110.532,tag333
110.835,tag3398
110.557,tag5958
110.625,tag8433
110.842,tag6421
110.417,tag3972
110.807,tag4696
110.079,tag8844
110.302,tag10559
110.037,tag7696
111.657,tag9700
111.001,tag4408
111.324,tag10136
111.860,tag9612
111.555,tag9115
111.837,tag7185
111.327,tag5618
111.752,tag4186
111.544,tag5692
111.944,tag2239
111.722,tag8706
111.919,tag2558
111.882,tag4448
111.635,tag2832
111.269,tag5193
111.174,tag4473
111.443,tag4599
111.959,tag9819
111.888,tag1818
111.397,tag10552
111.085,tag5382
111.592,tag6030
111.705,tag11594
111.214,tag8399
111.250,tag5746
111.796,tag5194
111.766,tag365
111.389,tag2254
111.148,tag6151
111.327,tag9035
111.039,tag9534
111.916,tag6257
111.604,tag9860
111.735,tag9411
111.992,tag5035
111.888,tag10665
111.870,tag4521
111.554,tag3113
111.532,tag6630
111.522,tag2438
112.478,tag10149
112.604,tag525
112.643,tag10560
112.701,tag8580
112.176,tag5648
112.511,tag5995
112.426,tag3847
112.134,tag3177
112.670,tag5804
112.616,tag4200
112.985,tag585
112.860,tag7554
112.837,tag11060
112.115,tag3527
112.677,tag1482
112.707,tag801
112.596,tag4434
112.004,tag5282
112.161,tag6919
112.955,tag6693
112.375,tag5996
112.716,tag3538
112.169,tag9715
112.204,tag1917
112.179,tag5110
112.654,tag10756
112.049,tag8943
112.177,tag6228
112.342,tag1529
112.898,tag10757
112.559,tag3359
112.832,tag4013
112.643,tag2064
112.016,tag8331
112.824,tag131
112.937,tag7912
112.484,tag514
112.147,tag3198
112.847,tag5077
112.723,tag8697
113.718,tag730
113.566,tag2536
113.043,tag9232
113.288,tag1766
113.397,tag7912
113.889,tag6275
113.240,tag10414
113.729,tag2831
113.064,tag2160
113.009,tag6446
113.141,tag1017
113.998,tag7591
113.285,tag6117
113.728,tag7497
113.299,tag11319
113.253,tag1931
113.459,tag9052
113.272,tag4579
113.183,tag504
113.765,tag705
113.070,tag11382
113.158,tag9017
113.440,tag819
113.871,tag6815
113.660,tag2924
113.714,tag8628
113.292,tag4537
113.931,tag645
113.161,tag9410
113.185,tag10216
113.907,tag8108
113.323,tag4717
113.189,tag10992
113.285,tag11238
113.291,tag1514
113.820,tag8549
113.182,tag11153
113.854,tag10270
113.446,tag11998
113.808,tag8305
114.167,tag10451
114.428,tag8841
114.936,tag7456
114.910,tag6746
114.561,tag8916
114.614,tag4102
114.251,tag11787
114.044,tag11415
114.085,tag8834
114.593,tag3596
114.885,tag2384
114.284,tag8024
114.350,tag7195
114.458,tag4640
114.269,tag7253
114.585,tag603
114.944,tag5757
114.507,tag3896
114.905,tag11140
114.569,tag9212
114.614,tag1076
114.310,tag7065
114.474,tag355
114.033,tag7269
114.404,tag2565
114.794,tag96
114.001,tag10611
114.163,tag8062
114.892,tag6393
114.358,tag10909
114.456,tag3439
114.734,tag7788
114.443,tag8010
114.213,tag1565
114.590,tag11829
114.958,tag6389
114.144,tag3495
114.199,tag7578
114.052,tag11783
114.377,tag9620
115.688,tag8001
115.419,tag2703
115.800,tag0
115.701,tag2702
115.183,tag7997
115.646,tag3644
115.081,tag3271
115.107,tag5443
115.706,tag348
115.470,tag179
115.183,tag5174
115.519,tag7963
115.292,tag2047
115.568,tag9594
115.295,tag286
115.360,tag11542
115.255,tag1462
115.321,tag9480
115.452,tag1981
115.830,tag11648
115.558,tag8536
115.610,tag5327
115.664,tag10178
115.964,tag8629
115.611,tag2826
115.914,tag11140
115.241,tag267
115.508,tag1517
115.216,tag8588
115.946,tag2670
115.519,tag11655
115.698,tag6693
115.413,tag4614
115.820,tag5398
115.868,tag3360
115.274,tag5858
115.872,tag3896
115.659,tag9271
115.960,tag9700
115.209,tag4946
116.505,tag194
116.579,tag11370
116.398,tag7512
116.576,tag5547
116.754,tag6979
116.201,tag4530
116.288,tag4698
116.005,tag11801
116.759,tag5494
116.528,tag10611
116.616,tag2206
116.204,tag5078
116.971,tag8830
116.151,tag5856
116.543,tag9019
116.469,tag177
116.733,tag448
116.387,tag5908
116.013,tag11574
116.837,tag7063
116.963,tag8768
116.778,tag9156
116.964,tag9771
116.195,tag2685
116.068,tag3961
116.732,tag7138
116.338,tag1933
116.754,tag7977
116.375,tag9909
116.037,tag1549
116.121,tag9990
116.188,tag7398
116.333,tag10745
116.165,tag10426
116.162,tag4159
116.109,tag7620
116.931,tag6470
116.045,tag681
116.284,tag11466
116.741,tag8196
117.064,tag6692
117.773,tag2483
117.630,tag5138
117.553,tag9576
117.217,tag4899
117.421,tag4166
117.379,tag9843
117.967,tag7607
117.327,tag10418
117.569,tag7630
117.654,tag5702
117.893,tag6423
117.181,tag5649
117.374,tag11770
117.853,tag6498
117.746,tag7361
117.549,tag6512
117.095,tag1809
117.461,tag439
117.335,tag11740
117.771,tag5546
117.099,tag9264
117.524,tag716
117.231,tag2959
117.073,tag4868
117.909,tag6786
117.856,tag1364
117.244,tag4010
117.358,tag7414
117.199,tag6302
117.494,tag5341
117.421,tag7972
117.067,tag7163
117.338,tag10138
117.741,tag10279
117.419,tag5943
117.535,tag10705
117.664,tag757
117.236,tag2270
117.628,tag9361
118.725,tag2700
118.149,tag7590
118.519,tag6010
118.803,tag8884
118.230,tag4556
118.668,tag3052
118.164,tag5132
118.180,tag10317
118.403,tag7380
118.371,tag9630
118.918,tag122
118.438,tag5684
118.218,tag4172
118.433,tag10784
118.369,tag7282
118.692,tag5920
118.686,tag4183
118.884,tag3080
118.570,tag5281
118.250,tag2408
118.892,tag981
118.354,tag4631
118.001,tag832
118.049,tag4373
118.391,tag3067
118.093,tag5528
118.793,tag5232
118.076,tag7138
118.618,tag7162
118.087,tag3473
118.185,tag10554
118.185,tag2378
118.253,tag2896
118.642,tag4671
118.293,tag3787
118.794,tag4104
118.616,tag5240
118.303,tag8404
118.295,tag715
118.824,tag5710
119.476,tag1831
119.945,tag8107
119.617,tag8541
119.774,tag3253
119.698,tag5899
119.375,tag7148
119.423,tag4181
119.357,tag8814
119.081,tag11904
119.409,tag4137
119.585,tag4854
119.012,tag4005
119.400,tag1658
119.745,tag6077
119.871,tag9481
119.495,tag1411
119.676,tag3290
119.309,tag9597
119.824,tag6464
119.028,tag11228
119.348,tag406
119.436,tag2681
119.227,tag11691
119.746,tag5809
119.245,tag5479
119.777,tag1089
119.883,tag3057
119.784,tag5263
119.700,tag1933
119.127,tag4718
119.520,tag3309
119.310,tag4343
119.899,tag7519
119.885,tag6633
119.299,tag11820
119.419,tag9718
119.603,tag4310
119.598,tag3378
119.614,tag5852
119.205,tag11898
120.281,tag760
120.574,tag7287
120.456,tag9999
120.516,tag9513
120.251,tag8172
120.765,tag9142
120.437,tag10240
120.439,tag458
120.475,tag7324
120.441,tag8174
120.272,tag11131
120.519,tag9058
120.383,tag9242
120.502,tag9598
120.125,tag2163
120.438,tag5382
120.906,tag11699
120.266,tag7497
120.469,tag105
120.286,tag7871
120.336,tag10045
120.603,tag10654
120.959,tag5801
120.797,tag3722
120.228,tag4960
120.485,tag231
120.748,tag46
120.966,tag11805
120.216,tag7755
120.032,tag5000
120.565,tag2398
120.995,tag4899
120.203,tag11222
120.323,tag3185
120.844,tag8164
120.827,tag8802
120.886,tag11095
120.828,tag8332
120.242,tag8
120.954,tag1476
121.399,tag1812
121.077,tag11561
121.763,tag1277
121.674,tag3684
121.126,tag5587
121.121,tag11932
121.413,tag2045
121.259,tag2161
121.991,tag1499
121.358,tag5551
121.853,tag9987
121.165,tag573
121.478,tag7462
121.833,tag1834
121.431,tag9275
121.138,tag6369
121.174,tag1281
121.831,tag7061
121.374,tag6113
121.301,tag2148
121.920,tag8185
121.549,tag8365
121.217,tag882
121.805,tag2580
121.536,tag3741
121.025,tag8749
121.586,tag10773
121.487,tag1575
121.380,tag7878
121.140,tag8695
121.622,tag10488
121.777,tag5301
121.505,tag5176
121.196,tag171
121.558,tag5728
121.616,tag5272
121.985,tag1582
121.998,tag6819
121.499,tag3441
121.713,tag3115
122.284,tag10585
122.182,tag8972
122.163,tag9630
122.842,tag1240
122.744,tag2988
122.045,tag2287
122.837,tag8071
122.975,tag11377
122.797,tag2685
122.079,tag347
122.842,tag10312
122.433,tag2492
122.173,tag1496
122.703,tag4075
122.441,tag6457
122.822,tag8239
122.424,tag2076
122.427,tag87
122.347,tag3252
122.409,tag1261
122.599,tag5797
122.839,tag9409
122.264,tag9233
122.154,tag934
122.726,tag6691
122.083,tag4294
122.834,tag10970
122.873,tag5115
122.154,tag5002
122.857,tag6846
122.695,tag945
122.428,tag5518
122.773,tag9902
122.630,tag9645
122.360,tag5972
122.549,tag5493
122.283,tag10656
122.180,tag5609
122.648,tag10151
122.552,tag8523
123.542,tag6554
123.806,tag5021
123.410,tag8328
123.886,tag1325
123.943,tag6957
123.381,tag2025
123.055,tag5605
123.190,tag11799
123.313,tag8869
123.018,tag6242
123.542,tag11157
123.886,tag8374
123.455,tag8416
123.722,tag2302
123.273,tag550
123.438,tag10901
123.371,tag721
123.804,tag329
123.780,tag10198
123.993,tag7634
123.137,tag6676
123.964,tag4930
123.361,tag7997
123.079,tag597
123.789,tag1038
123.232,tag2104
123.449,tag6581
123.396,tag5897
123.602,tag3710
123.654,tag8877
123.779,tag8092
123.564,tag4292
123.705,tag5751
123.245,tag344
123.425,tag9216
123.129,tag8206
123.972,tag8115
123.798,tag8291
123.177,tag9272
123.930,tag9365
124.258,tag11022
124.787,tag3327
124.620,tag8334
124.679,tag3017
124.659,tag3808
124.407,tag5708
124.129,tag560
124.713,tag7088
124.133,tag4130
124.978,tag4465
124.493,tag5635
124.080,tag6282
124.274,tag1973
124.656,tag8997
124.171,tag6134
124.444,tag710
124.095,tag438
124.773,tag2480
124.540,tag8645
124.138,tag7953
124.245,tag2519
124.417,tag3491
124.953,tag4601
124.115,tag1068
124.706,tag9960
124.717,tag6470
124.945,tag5725
124.948,tag5827
124.768,tag3725
124.046,tag10816
124.655,tag11093
124.487,tag5281
124.208,tag7950
124.828,tag10947
124.860,tag3095
124.983,tag7853
124.164,tag2370
124.840,tag10408
124.491,tag510
124.080,tag8917
125.175,tag957
125.011,tag2518
125.734,tag10756
125.796,tag1339
125.861,tag9524
125.713,tag11816
125.861,tag5140
125.716,tag10918
125.509,tag5431
125.599,tag10965
125.729,tag5851
125.681,tag1776
125.352,tag7960
125.531,tag9600
125.571,tag6375
125.353,tag6602
125.816,tag8283
125.132,tag4654
125.723,tag2116
125.731,tag2137
125.657,tag4670
125.536,tag9784
125.509,tag3215
125.475,tag10956
125.270,tag5537
125.553,tag2540
125.269,tag3655
125.046,tag312
125.972,tag8177
125.117,tag5442
125.847,tag7350
125.484,tag7578
125.455,tag774
125.241,tag8830
125.508,tag3533
125.036,tag2064
125.506,tag9726
125.852,tag6113
125.051,tag3064
125.991,tag6050
126.870,tag8470
126.206,tag9354
126.666,tag8119
126.075,tag3577
126.857,tag4864
126.465,tag9366
126.106,tag2538
126.090,tag1073
126.439,tag139
126.930,tag6308
126.520,tag7416
126.671,tag7853
126.570,tag7317
126.252,tag3896
126.261,tag10350
126.933,tag10967
126.934,tag1770
126.110,tag4799
126.097,tag2152
126.585,tag2674
126.428,tag7820
126.575,tag11739
126.459,tag1928
126.779,tag3183
126.439,tag3682
126.707,tag1465
126.294,tag2201
126.202,tag7682
126.452,tag8102
126.626,tag3473
126.783,tag2080
126.888,tag3160
126.658,tag2473
126.055,tag7277
126.003,tag5563
126.261,tag8482
126.117,tag2767
126.156,tag2157
126.479,tag8149
126.587,tag3824
127.550,tag2771
127.158,tag2337
127.858,tag11694
127.410,tag2010
127.137,tag11728
127.901,tag10396
127.520,tag8469
127.516,tag9797
127.757,tag167
127.954,tag11779
127.761,tag471
127.219,tag5813
127.034,tag8013
127.686,tag6915
127.005,tag2587
127.769,tag3990
127.475,tag680
127.731,tag4421
127.976,tag3925
127.713,tag3394
127.825,tag3822
127.291,tag9776
127.712,tag10381
127.747,tag11599
127.036,tag1918
127.087,tag8751
127.247,tag6188
127.069,tag7269
127.727,tag7793
127.387,tag7987
127.073,tag3339
127.742,tag3590
127.321,tag2019
127.086,tag9515
127.819,tag10495
127.901,tag5634
127.189,tag2791
127.537,tag5185
127.807,tag7771
127.339,tag6604
128.992,tag2572
128.100,tag5285
128.545,tag4963
128.496,tag9373
128.028,tag11795
128.664,tag3633
128.698,tag1910
128.044,tag4878
128.016,tag3871
128.689,tag3318
128.716,tag5554
128.509,tag10330
128.684,tag4131
128.419,tag10248
128.654,tag11691
128.094,tag1866
128.047,tag5529
128.989,tag10387
128.968,tag5766
128.179,tag7172
128.909,tag6022
128.072,tag7148
128.293,tag3754
128.313,tag1484
128.593,tag10992
128.919,tag8356
128.874,tag11822
128.316,tag6831
128.127,tag5460
128.776,tag2934
128.440,tag5745
128.030,tag7329
128.216,tag7050
128.424,tag7919
128.803,tag1681
128.833,tag7807
128.536,tag364
128.761,tag10501
128.352,tag4377
128.538,tag5265
129.070,tag1843
129.229,tag317
129.846,tag9874
129.568,tag2310
129.791,tag2894
129.821,tag10886
129.096,tag7831
129.492,tag1708
129.438,tag5606
129.116,tag11785
129.744,tag2149
129.655,tag8449
129.480,tag5413
129.483,tag11010
129.491,tag2423
129.572,tag843
129.397,tag4338
129.073,tag9778
129.349,tag3487
129.514,tag2136
129.461,tag2905
129.960,tag11820
129.637,tag1434
129.644,tag4222
129.486,tag4193
129.102,tag9598
129.762,tag4888
129.661,tag6684
129.413,tag3108
129.679,tag5735
129.878,tag1363
129.196,tag2133
129.328,tag5879
129.033,tag7228
129.266,tag7129
129.644,tag4332
129.478,tag3397
129.774,tag5594
129.880,tag7773
129.666,tag2109
130.661,tag3298
130.289,tag1787
130.980,tag1365
130.129,tag1779
130.407,tag5416
130.420,tag8554
130.571,tag7334
130.143,tag813
130.812,tag1355
130.173,tag11497
130.934,tag7443
130.697,tag2522
130.363,tag10220
130.277,tag6834
130.570,tag10858
130.614,tag2699
130.593,tag5221
130.308,tag9888
130.135,tag2437
130.838,tag4824
130.989,tag2240
130.571,tag6037
130.244,tag3011
130.109,tag4440
130.860,tag5674
130.310,tag11712
130.300,tag6329
130.086,tag6222
130.252,tag11800
130.451,tag8238
130.487,tag7272
130.605,tag1298
130.652,tag5907
130.634,tag11638
130.569,tag9771
130.840,tag11779
130.070,tag6390
130.517,tag10111
130.217,tag11915
130.889,tag5939
131.553,tag2297
131.146,tag8540
131.255,tag8278
131.911,tag1143
131.392,tag6169
131.797,tag11790
131.975,tag3995
131.184,tag9011
131.710,tag10502
131.191,tag597
131.603,tag760
131.915,tag4954
131.996,tag2584
131.155,tag1023
131.127,tag3472
131.083,tag6143
131.932,tag9315
131.133,tag6546
131.941,tag10515
131.130,tag2829
131.007,tag10904
131.175,tag9807
131.386,tag7396
131.969,tag10193
131.144,tag9064
131.484,tag6285
131.477,tag8195
131.091,tag9161
131.178,tag11555
131.415,tag1105
131.078,tag2981
131.948,tag60
131.439,tag7477
131.829,tag11138
131.233,tag2291
131.776,tag11305
131.362,tag2001
131.319,tag4612
131.752,tag3351
131.712,tag8056
132.382,tag678
132.776,tag6005
132.412,tag1587
132.144,tag5856
132.163,tag7905
132.537,tag2967
132.390,tag5633
132.618,tag6619
132.730,tag8357
132.763,tag71
132.698,tag1027
132.745,tag3129
132.926,tag8407
132.650,tag5136
132.584,tag9626
132.035,tag3104
132.279,tag439
132.499,tag251
132.472,tag10853
132.585,tag3860
132.186,tag7513
132.086,tag2582
132.382,tag9917
132.424,tag4853
132.797,tag1664
132.215,tag10890
132.365,tag379
132.160,tag2827
132.163,tag10064
132.767,tag5701
132.278,tag822
132.115,tag4800
132.001,tag6850
132.603,tag5522
132.157,tag10515
132.104,tag5358
132.077,tag11804
132.454,tag5085
132.730,tag2196
132.059,tag3046
133.667,tag10905
133.237,tag581
133.327,tag3464
133.020,tag8818
133.646,tag609
133.694,tag5588
133.242,tag9993
133.054,tag360
133.669,tag10061
133.292,tag9926
133.279,tag3236
133.945,tag6018
133.109,tag417
133.176,tag4657
133.284,tag111
133.553,tag1361
133.593,tag11396
133.052,tag11627
133.012,tag4252
133.404,tag5317
133.223,tag3867
133.075,tag8968
133.728,tag1366
133.057,tag9826
133.419,tag5077
133.725,tag1366
133.400,tag9596
133.874,tag7737
133.474,tag10367
133.052,tag7024
133.169,tag11962
133.098,tag9520
133.091,tag4329
133.309,tag4918
133.924,tag9116
133.951,tag2125
133.899,tag4781
133.610,tag7421
133.474,tag7844
133.064,tag10178
134.310,tag10791
134.456,tag2830
134.551,tag7365
134.357,tag5733
134.417,tag4368
134.738,tag7027
134.676,tag1362
134.950,tag3838
134.130,tag8118
134.674,tag4027
134.204,tag8390
134.668,tag8642
134.892,tag5146
134.564,tag4391
134.745,tag6361
134.305,tag8893
134.428,tag1523
134.010,tag11715
134.455,tag1651
134.099,tag3180
134.558,tag11691
134.737,tag7476
134.524,tag6532
134.227,tag7520
134.453,tag3698
134.592,tag1256
134.675,tag2639
134.344,tag2612
134.762,tag10051
134.029,tag7906
134.862,tag5506
134.173,tag10734
134.625,tag8525
134.665,tag7775
134.456,tag987
134.447,tag2175
134.989,tag11722
134.766,tag625
134.121,tag9573
134.622,tag7735
135.956,tag11199
135.343,tag6211
135.818,tag4151
135.489,tag10363
135.994,tag9503
135.785,tag277
135.336,tag1913
135.467,tag2766
135.596,tag1325
135.008,tag11958
135.308,tag6226
135.314,tag1363
135.524,tag11322
135.834,tag6042
135.655,tag7091
135.252,tag10209
135.248,tag7674
135.075,tag784
135.704,tag8193
135.424,tag2012
135.944,tag10700
135.870,tag8607
135.436,tag457
135.166,tag7530
135.179,tag8751
135.340,tag251
135.165,tag11136
135.143,tag2962
135.636,tag2447
135.889,tag122
135.034,tag5111
135.140,tag7451
135.699,tag7121
135.527,tag8818
135.154,tag6420
135.065,tag5260
135.598,tag277
135.817,tag8662
135.139,tag5844
135.818,tag3597
136.171,tag6660
136.904,tag10311
136.307,tag1477
136.576,tag4416
136.861,tag2532
136.811,tag10
136.891,tag4141
136.005,tag2969
136.327,tag10772
136.904,tag10005
136.067,tag8839
136.939,tag11107
136.997,tag9358
136.278,tag9781
136.996,tag7401
136.653,tag5851
136.488,tag4955
136.278,tag5777
136.125,tag5046
136.868,tag365
136.355,tag8748
136.290,tag8850
136.442,tag8993
136.383,tag5690
136.491,tag2450
136.488,tag4524
136.020,tag2563
136.278,tag3327
136.621,tag8779
136.420,tag11598
136.763,tag4281
136.549,tag9874
136.412,tag4639
136.857,tag2351
136.112,tag7899
136.082,tag6479
136.027,tag8746
136.407,tag6342
136.749,tag6775
136.530,tag5463
137.098,tag1377
137.342,tag5852
137.742,tag8764
137.954,tag5558
137.761,tag3801
137.953,tag1653
137.429,tag8787
137.612,tag11058
137.843,tag4632
137.165,tag9102
137.500,tag10709
137.136,tag1195
137.454,tag4253
137.175,tag8854
137.694,tag8770
137.827,tag10588
137.600,tag7578
137.795,tag1568
137.226,tag9852
137.009,tag7898
137.703,tag10897
137.590,tag698
137.229,tag9790
137.944,tag9274
137.680,tag8162
137.155,tag8958
137.782,tag7505
137.719,tag4273
137.069,tag197
137.441,tag11761
137.651,tag5428
137.866,tag2562
137.923,tag6550
137.895,tag6201
137.425,tag5986
137.257,tag11480
137.515,tag4081
137.134,tag8219
137.836,tag1213
137.767,tag9878
138.960,tag3217
138.581,tag4509
138.525,tag39
138.848,tag11958
138.908,tag1986
138.021,tag11905
138.906,tag70
138.796,tag3051
138.639,tag2157
138.972,tag1143
138.254,tag4120
138.139,tag9865
138.805,tag7486
138.312,tag6904
138.785,tag608
138.844,tag6521
138.309,tag1290
138.595,tag1770
138.788,tag2997
138.924,tag4168
138.836,tag4429
138.523,tag11413
138.924,tag11673
138.310,tag9686
138.097,tag970
138.385,tag7009
138.047,tag1036
138.367,tag10834
138.182,tag4163
138.084,tag5752
138.673,tag9099
138.840,tag8337
138.908,tag2528
138.664,tag11004
138.279,tag10701
138.722,tag1509
138.698,tag3045
138.598,tag7800
138.459,tag8335
138.760,tag9665
139.867,tag8046
139.089,tag1922
139.074,tag5742
139.791,tag6316
139.264,tag1823
139.201,tag932
139.833,tag11862
139.599,tag11330
139.720,tag2376
139.949,tag5830
139.730,tag3884
139.766,tag2934
139.071,tag2028
139.863,tag11752
139.139,tag8249
139.981,tag11426
139.476,tag6305
139.582,tag1899
139.867,tag4761
139.902,tag8398
139.692,tag4269
139.230,tag10277
139.061,tag9811
139.978,tag9616
139.855,tag11159
139.294,tag5306
139.636,tag9948
139.995,tag5425
139.965,tag8691
139.589,tag8880
139.750,tag2044
139.628,tag10942
139.651,tag11213
139.481,tag7168
139.283,tag9857
139.523,tag8372
139.812,tag10273
139.160,tag11405
139.010,tag9178
139.647,tag10764
140.968,tag481
140.953,tag896
140.793,tag2
140.320,tag4212
140.457,tag2667
140.342,tag367
140.718,tag2725
140.108,tag8347
140.335,tag8453
140.654,tag3237
140.494,tag6999
140.634,tag2920
140.827,tag7921
140.688,tag8636
140.375,tag3950
140.793,tag740
140.208,tag545
140.562,tag9537
140.250,tag3943
140.492,tag104
140.052,tag8227
140.118,tag11871
140.592,tag8253
140.532,tag9136
140.740,tag7501
140.202,tag893
140.524,tag10359
140.679,tag7489
140.069,tag1262
140.265,tag7321
140.209,tag3753
140.902,tag6387
140.869,tag3089
140.709,tag1085
140.376,tag10531
140.744,tag8765
140.341,tag838
140.658,tag2192
140.299,tag8755
140.474,tag5471
141.968,tag1839
141.493,tag11528
141.112,tag1785
141.469,tag956
141.707,tag8855
141.553,tag6530
141.512,tag4442
141.876,tag4004
141.659,tag8243
141.194,tag5185
141.513,tag11630
141.003,tag7649
141.851,tag11519
141.053,tag11346
141.621,tag11412
141.543,tag726
141.623,tag2840
141.098,tag6176
141.122,tag3464
141.284,tag2927
141.241,tag11777
141.940,tag9328
141.820,tag4575
141.090,tag4677
141.378,tag4846
141.117,tag8486
141.736,tag8587
141.096,tag1812
141.321,tag9469
141.622,tag1319
141.488,tag9094
141.590,tag6588
141.781,tag9777
141.219,tag6574
141.624,tag3788
141.375,tag2034
141.405,tag6431
141.901,tag151
141.266,tag1905
141.678,tag1818
142.414,tag10550
142.360,tag7656
142.342,tag11657
142.535,tag8138
142.741,tag1976
142.437,tag215
142.626,tag9159
142.923,tag8151
142.002,tag2218
142.619,tag2539
142.188,tag6695
142.284,tag11353
142.531,tag7223
142.132,tag3584
142.209,tag9274
142.085,tag11840
142.788,tag4893
142.251,tag6134
142.761,tag5842
142.226,tag9874
142.310,tag5597
142.907,tag5545
142.710,tag2926
142.628,tag5267
142.091,tag9005
142.601,tag6651
142.043,tag10551
142.386,tag7634
142.985,tag11730
142.757,tag1668
142.500,tag4836
142.792,tag5402
142.488,tag3308
142.432,tag4552
142.130,tag6241
142.416,tag1469
142.499,tag7666
142.972,tag8758
142.605,tag11220
142.438,tag7947
143.616,tag3885
143.382,tag5042
143.474,tag6778
143.681,tag61
143.040,tag667
143.408,tag6884
143.907,tag3580
143.210,tag523
143.246,tag9932
143.102,tag3309
143.162,tag11613
143.127,tag6845
143.578,tag6972
143.418,tag7005
143.992,tag3163
143.174,tag2834
143.261,tag8156
143.655,tag2703
143.347,tag9566
143.134,tag6569
143.558,tag11238
143.192,tag9094
143.028,tag1461
143.249,tag11789
143.057,tag10861
143.138,tag7340
143.772,tag1383
143.365,tag3718
143.291,tag2613
143.192,tag8081
143.115,tag3527
143.445,tag7466
143.236,tag7264
143.953,tag9045
143.749,tag824
143.682,tag5678
143.784,tag1585
143.025,tag8104
143.269,tag4022
143.478,tag6141
144.085,tag11710
144.583,tag5086
144.379,tag4071
144.688,tag3707
144.633,tag10659
144.882,tag8344
144.116,tag3379
144.615,tag1296
144.286,tag4921
144.838,tag4014
144.454,tag4989
144.716,tag11793
144.534,tag7142
144.647,tag2376
144.094,tag11712
144.705,tag1628
144.590,tag4263
144.896,tag9676
144.343,tag4253
144.079,tag6362
144.169,tag11349
144.432,tag4929
144.463,tag9712
144.628,tag3228
144.037,tag6301
144.774,tag6411
144.029,tag3490
144.117,tag1546
144.010,tag4824
144.916,tag9868
144.954,tag11556
144.697,tag140
144.283,tag5994
144.360,tag11459
144.166,tag2371
144.956,tag4272
144.755,tag9125
144.821,tag7858
144.107,tag3142
144.159,tag3358
145.880,tag5363
145.295,tag5030
145.969,tag10530
145.997,tag9923
145.226,tag1644
145.885,tag2239
145.126,tag851
145.211,tag11589
145.103,tag882
145.363,tag9765
145.385,tag8559
145.571,tag3560
145.944,tag3422
145.968,tag7385
145.674,tag1172
145.763,tag1598
145.077,tag2359
145.309,tag7344
145.400,tag9008
145.244,tag1363
145.177,tag11425
145.197,tag10419
145.707,tag8904
145.305,tag2054
145.560,tag2183
145.121,tag88
145.932,tag8525
145.961,tag7901
145.493,tag9222
145.347,tag336
145.499,tag10261
145.098,tag7735
145.199,tag343
145.825,tag2279
145.068,tag3630
145.972,tag6455
145.830,tag10909
145.186,tag6356
145.144,tag3921
145.637,tag9892
146.803,tag1405
146.581,tag10856
146.565,tag7559
146.520,tag9807
146.208,tag7557
146.867,tag1866
146.297,tag5697
146.563,tag4105
146.037,tag3837
146.822,tag2664
146.153,tag10019
146.050,tag1658
146.058,tag7326
146.088,tag6330
146.025,tag9362
146.502,tag9730
146.470,tag7028
146.057,tag6034
146.879,tag1266
146.902,tag4343
146.580,tag630
146.619,tag174
146.189,tag10658
146.351,tag7671
146.440,tag8383
146.505,tag776
146.669,tag1703
146.297,tag10763
146.842,tag10264
146.227,tag11812
146.083,tag2318
146.437,tag7940
146.591,tag6001
146.453,tag67
146.305,tag5841
146.158,tag8472
146.508,tag6619
146.124,tag7058
146.966,tag837
146.574,tag2398
147.816,tag6181
147.158,tag9751
147.309,tag9053
147.798,tag11251
147.440,tag10832
147.851,tag520
147.817,tag3397
147.099,tag10706
147.091,tag1987
147.935,tag8106
147.795,tag10802
147.950,tag1659
147.455,tag11414
147.256,tag4925
147.145,tag2616
147.417,tag900
147.588,tag8453
147.898,tag4086
147.467,tag6971
147.699,tag5543
147.183,tag7903
147.108,tag525
147.875,tag4582
147.577,tag67
147.874,tag3047
147.571,tag70
147.740,tag6146
147.869,tag10162
147.394,tag2150
147.019,tag8321
147.340,tag7843
147.443,tag5413
147.055,tag7051
147.073,tag3484
147.519,tag10105
147.975,tag9219
147.878,tag8731
147.726,tag62
147.176,tag10787
147.679,tag3184
148.663,tag10030
148.769,tag7298
148.799,tag2897
148.411,tag7606
148.091,tag4912
148.991,tag6296
148.970,tag4974
148.244,tag9236
148.411,tag1264
148.989,tag1524
148.778,tag6023
148.597,tag9887
148.387,tag11332
148.609,tag59
148.016,tag4656
148.440,tag6483
148.717,tag7300
148.998,tag10539
148.973,tag10719
148.847,tag1414
148.117,tag7772
148.656,tag1709
148.664,tag2632
148.328,tag9197
148.592,tag9863
148.569,tag3555
148.043,tag249
148.561,tag1075
148.510,tag6613
148.780,tag1278
148.014,tag8184
148.522,tag5855
148.748,tag11177
148.830,tag6641
148.924,tag11107
148.773,tag1475
148.409,tag9210
148.776,tag3528
148.453,tag10989
148.632,tag9801
149.744,tag7137
149.241,tag2857
149.102,tag1230
149.728,tag3947
149.390,tag1368
149.406,tag7529
149.322,tag3697
149.141,tag5327
149.131,tag5154
149.562,tag2302
149.225,tag4261
149.655,tag9021
149.267,tag9162
149.599,tag5959
149.618,tag7162
149.350,tag8747
149.283,tag418
149.507,tag8346
149.503,tag129
149.562,tag7506
149.258,tag2487
149.463,tag8612
149.833,tag10135
149.870,tag6618
149.852,tag8321
149.157,tag3796
149.472,tag6492
149.046,tag852
149.923,tag2724
149.825,tag1732
149.809,tag2440
149.459,tag7778
149.446,tag8405
149.766,tag11042
149.402,tag6511
149.993,tag7428
149.855,tag4663
149.970,tag4056
149.520,tag7681
149.446,tag6086
150.908,tag1877
150.560,tag5366
150.815,tag7160
150.258,tag1463
150.682,tag4185
150.763,tag7263
150.462,tag1714
150.793,tag357
150.964,tag47
150.901,tag4393
150.628,tag1884
150.210,tag2064
150.782,tag7927
150.663,tag10663
150.409,tag3738
150.098,tag3609
150.609,tag2894
150.493,tag1475
150.268,tag8309
150.685,tag700
150.243,tag7488
150.944,tag3756
150.722,tag482
150.022,tag11431
150.255,tag299
150.269,tag5474
150.162,tag5415
150.630,tag1793
150.733,tag2021
150.653,tag5346
150.937,tag10160
150.879,tag9877
150.905,tag6838
150.571,tag11455
150.128,tag1430
150.668,tag10876
150.018,tag11229
150.524,tag10819
150.455,tag8898
150.018,tag1289
151.489,tag2961
151.860,tag4465
151.951,tag11078
151.168,tag11096
151.386,tag8879
151.279,tag9354
151.060,tag11672
151.016,tag3585
151.420,tag4248
151.173,tag3247
151.664,tag6483
151.773,tag6852
151.869,tag3862
151.468,tag5741
151.282,tag1615
151.165,tag1652
151.086,tag2241
151.576,tag9444
151.616,tag3804
151.001,tag4763
151.518,tag3743
151.724,tag6653
151.631,tag5412
151.815,tag355
151.987,tag9750
151.127,tag2744
151.794,tag10473
151.246,tag5924
151.854,tag137
151.945,tag11854
151.010,tag3777
151.494,tag3131
151.838,tag242
151.087,tag113
151.969,tag11134
151.565,tag11648
151.610,tag4563
151.819,tag8581
151.838,tag5208
151.713,tag10608
152.010,tag5530
152.267,tag6264
152.364,tag872
152.866,tag3961
152.393,tag7014
152.846,tag11083
152.826,tag11153
152.191,tag10384
152.673,tag1079
152.593,tag10842
152.814,tag7997
152.162,tag8402
152.694,tag11851
152.366,tag3907
152.255,tag6324
152.230,tag1970
152.382,tag2420
152.464,tag4071
152.157,tag3843
152.593,tag2213
152.790,tag11302
152.519,tag11445
152.205,tag8983
152.458,tag10917
152.989,tag3782
152.664,tag859
152.034,tag989
152.510,tag885
152.344,tag10089
152.097,tag10520
152.850,tag3374
152.403,tag8246
152.726,tag2397
152.775,tag10333
152.129,tag4511
152.135,tag1489
152.431,tag731
152.436,tag10788
152.414,tag2850
152.344,tag4211
153.083,tag2765
153.651,tag8903
153.636,tag3043
153.835,tag9187
153.820,tag9190
153.344,tag10068
153.793,tag1949
153.553,tag8857
153.958,tag9077
153.048,tag10369
153.539,tag6635
153.898,tag11035
153.342,tag11724
153.897,tag11239
153.732,tag3914
153.082,tag6492
153.638,tag9898
153.394,tag10129
153.587,tag11978
153.480,tag7454
153.437,tag9303
153.444,tag2588
153.358,tag8952
153.071,tag3781
153.913,tag11849
153.514,tag10408
153.056,tag9892
153.930,tag11490
153.134,tag9904
153.498,tag1217
153.271,tag6669
153.984,tag10052
153.723,tag10072
153.823,tag10390
153.435,tag11883
153.114,tag8683
153.869,tag730
153.076,tag2517
153.809,tag10413
153.041,tag9511
154.757,tag167
154.666,tag9254
154.967,tag2558
154.798,tag1307
154.701,tag7259
154.652,tag3651
154.142,tag3188
154.253,tag11521
154.292,tag6707
154.899,tag337
154.605,tag3742
154.235,tag5313
154.033,tag9465
154.325,tag1160
154.920,tag3454
154.230,tag4281
154.256,tag43
154.312,tag8972
154.360,tag948
154.177,tag10378
154.133,tag8786
154.417,tag6068
154.987,tag1832
154.860,tag687
154.136,tag5258
154.201,tag8763
154.306,tag2078
154.475,tag8011
154.897,tag9394
154.837,tag7923
154.268,tag3794
154.693,tag798
154.410,tag3080
154.698,tag2063
154.171,tag7405
154.873,tag109
154.226,tag1726
154.934,tag8155
154.920,tag4944
154.719,tag11844
155.346,tag10528
155.880,tag2478
155.075,tag8634
155.497,tag2556
155.839,tag355
155.319,tag1062
155.664,tag9412
155.353,tag2340
155.748,tag4452
155.910,tag9227
155.328,tag5384
155.799,tag3490
155.844,tag4077
155.336,tag8273
155.565,tag1399
155.948,tag1977
155.363,tag7376
155.371,tag3009
155.266,tag9720
155.573,tag7299
155.654,tag8076
155.141,tag2685
155.816,tag9567
155.876,tag10235
155.677,tag33
155.558,tag3230
155.826,tag4535
155.908,tag101
155.425,tag1399
155.928,tag10992
155.665,tag11673
155.302,tag124
155.972,tag11198
155.455,tag6817
155.594,tag2394
155.658,tag10841
155.629,tag1408
155.720,tag8875
155.139,tag10092
155.875,tag10097
156.232,tag8242
156.488,tag6940
156.699,tag2859
156.251,tag2219
156.449,tag2536
156.130,tag5695
156.070,tag4945
156.540,tag152
156.389,tag5031
156.132,tag6238
156.046,tag6062
156.287,tag8986
156.633,tag8625
156.443,tag6401
156.208,tag6351
156.055,tag6525
156.650,tag6366
156.723,tag11809
156.694,tag6742
156.769,tag11392
156.133,tag1213
156.872,tag3354
156.962,tag1869
156.441,tag1945
156.196,tag2551
156.348,tag10479
156.713,tag9491
156.275,tag6893
156.231,tag2290
156.003,tag3625
156.535,tag3355
156.098,tag8078
156.449,tag8124
156.915,tag10633
156.195,tag887
156.275,tag10336
156.797,tag1820
156.613,tag5634
156.039,tag9343
156.046,tag8959
157.657,tag7589
157.651,tag10386
157.499,tag9491
157.287,tag1904
157.470,tag948
157.206,tag9390
157.533,tag6226
157.869,tag4607
157.229,tag9721
157.471,tag10255
157.032,tag4501
157.420,tag8058
157.820,tag8976
157.487,tag3413
157.558,tag8958
157.990,tag7117
157.629,tag7468
157.105,tag9418
157.763,tag5524
157.846,tag7693
157.470,tag5243
157.170,tag9906
157.070,tag433
157.671,tag7298
157.933,tag859
157.961,tag11522
157.596,tag4953
157.866,tag5365
157.312,tag11818
157.349,tag7707
157.091,tag9553
157.128,tag946
157.379,tag4158
157.614,tag6705
157.174,tag224
157.009,tag2357
157.370,tag11264
157.347,tag3579
157.182,tag9833
157.755,tag8163
158.440,tag752
158.740,tag585
158.018,tag6186
158.588,tag3474
158.584,tag5885
158.768,tag5039
158.604,tag8166
158.741,tag6573
158.262,tag11199
158.227,tag10360
158.817,tag3438
158.210,tag2427
158.516,tag2992
158.306,tag10595
158.447,tag8279
158.140,tag8942
158.947,tag1578
158.655,tag10850
158.126,tag8411
158.986,tag202
158.325,tag11017
158.251,tag10334
158.312,tag10982
158.424,tag4657
158.004,tag2768
158.166,tag6936
158.017,tag2828
158.068,tag1727
158.763,tag1138
158.990,tag3450
158.802,tag9121
158.171,tag3122
158.828,tag11035
158.232,tag4528
158.586,tag9524
158.018,tag8962
158.313,tag6535
158.397,tag7842
158.201,tag5162
158.788,tag9831
159.476,tag5659
159.335,tag582
159.719,tag7716
159.776,tag2037
159.401,tag37
159.897,tag9000
159.927,tag9581
159.853,tag4461
159.732,tag11800
159.975,tag4492
159.658,tag6074
159.472,tag2126
159.506,tag3627
159.214,tag3776
159.641,tag9926
159.420,tag10346
159.742,tag1561
159.311,tag11894
159.870,tag97
159.943,tag6272
159.800,tag9839
159.103,tag842
159.442,tag6082
159.153,tag4483
159.216,tag6036
159.455,tag9629
159.929,tag2624
159.807,tag7555
159.424,tag6741
159.092,tag10743
159.703,tag7761
159.818,tag4467
159.193,tag8782
159.995,tag8306
159.560,tag7386
159.898,tag5732
159.223,tag2154
159.071,tag131
159.501,tag2241
159.698,tag817
160.370,tag5945
160.432,tag5650
160.491,tag3986
160.640,tag1157
160.734,tag132
160.828,tag9969
160.712,tag7959
160.645,tag5429
160.097,tag11456
160.875,tag10311
160.051,tag344
160.541,tag10451
160.602,tag482
160.778,tag708
160.121,tag4866
160.953,tag9095
160.373,tag4062
160.310,tag6018
160.346,tag9216
160.381,tag11609
160.316,tag936
160.184,tag10648
160.253,tag651
160.615,tag7957
160.484,tag8965
160.972,tag10379
160.645,tag6629
160.688,tag622
160.570,tag1808
160.733,tag11375
160.952,tag4289
160.083,tag11352
160.564,tag471
160.497,tag2967
160.911,tag3677
160.507,tag4306
160.837,tag1826
160.086,tag1264
160.691,tag11701
160.930,tag1116
161.481,tag2147
161.791,tag1439
161.255,tag5674
161.589,tag2437
161.768,tag1115
161.199,tag5249
161.946,tag1798
161.629,tag11851
161.792,tag9093
161.731,tag4329
161.445,tag11045
161.850,tag2272
161.534,tag815
161.887,tag1044
161.773,tag8858
161.563,tag927
161.118,tag4529
161.032,tag10979
161.986,tag4643
161.337,tag5851
161.577,tag10481
161.412,tag496
161.406,tag5390
161.711,tag1775
161.237,tag3672
161.743,tag2235
161.270,tag4929
161.782,tag5171
161.150,tag306
161.557,tag1620
161.905,tag4168
161.767,tag8931
161.168,tag1637
161.064,tag1987
161.998,tag2969
161.851,tag3067
161.218,tag9785
161.289,tag8728
161.588,tag9349
161.705,tag5605
162.851,tag5716
162.174,tag10942
162.408,tag1232
162.569,tag3696
162.328,tag4195
162.446,tag5588
162.815,tag5277
162.690,tag874
162.178,tag11174
162.702,tag283
162.642,tag9338
162.938,tag8400
162.731,tag49
162.663,tag7103
162.774,tag3961
162.660,tag8068
162.360,tag928
162.617,tag2417
162.640,tag3607
162.191,tag10165
162.798,tag8069
162.933,tag6517
162.226,tag11132
162.779,tag2594
162.815,tag9492
162.211,tag11227
162.205,tag5498
162.791,tag4747
162.553,tag2880
162.166,tag7398
162.900,tag6984
162.562,tag1797
162.668,tag10481
162.209,tag10101
162.741,tag8531
162.150,tag1330
162.976,tag8899
162.585,tag8900
162.525,tag136
162.373,tag5176
163.212,tag11123
163.783,tag6957
163.537,tag7652
163.198,tag454
163.709,tag7715
163.427,tag3790
163.848,tag3469
163.750,tag7538
163.336,tag8296
163.429,tag11415
163.280,tag256
163.239,tag4242
163.337,tag1785
163.936,tag7260
163.301,tag11054
163.043,tag10850
163.118,tag7689
163.804,tag7888
163.678,tag7389
163.321,tag8819
163.462,tag4769
163.951,tag9719
163.489,tag3557
163.880,tag10866
163.955,tag17
163.389,tag5933
163.544,tag6504
163.004,tag5495
163.626,tag6556
163.282,tag5188
163.241,tag2814
163.152,tag7629
163.325,tag3708
163.961,tag2173
163.490,tag3887
163.084,tag9437
163.441,tag2905
163.930,tag8414
163.132,tag7762
163.760,tag9278
164.746,tag8338
164.159,tag4509
164.505,tag5153
164.028,tag3839
164.153,tag4693
164.005,tag4328
164.224,tag6174
164.745,tag3495
164.100,tag6690
164.632,tag9238
164.452,tag400
164.991,tag7726
164.954,tag2999
164.434,tag66
164.126,tag1951
164.527,tag2547
164.504,tag11039
164.745,tag592
164.377,tag9519
164.342,tag872
164.749,tag28
164.898,tag10278
164.409,tag10924
164.967,tag6538
164.835,tag6159
164.811,tag8863
164.378,tag7237
164.222,tag299
164.573,tag9040
164.203,tag8039
164.488,tag2234
164.849,tag2993
164.482,tag2263
164.005,tag4748
164.733,tag2824
164.419,tag9309
164.497,tag10040
164.107,tag80
164.204,tag4906
164.005,tag7779
165.362,tag4510
165.755,tag4933
165.510,tag7366
165.694,tag4764
165.078,tag10856
165.757,tag369
165.686,tag5374
165.261,tag2495
165.591,tag748
165.286,tag7260
165.107,tag461
165.043,tag1406
165.754,tag10245
165.204,tag648
165.696,tag1716
165.569,tag3503
165.146,tag9295
165.428,tag6632
165.194,tag9729
165.269,tag6056
165.068,tag11598
165.296,tag10836
165.388,tag7950
165.326,tag12
165.536,tag10412
165.484,tag3986
165.667,tag6871
165.251,tag1292
165.812,tag1798
165.797,tag9181
165.171,tag9323
165.606,tag2975
165.487,tag6234
165.529,tag6208
165.630,tag4808
165.121,tag4556
165.014,tag8061
165.352,tag10453
165.606,tag10688
165.627,tag2292
166.896,tag4118
166.940,tag5420
166.142,tag8214
166.157,tag5998
166.754,tag1821
166.914,tag5040
166.758,tag3638
166.968,tag3578
166.006,tag7983
166.284,tag2019
166.475,tag2493
166.901,tag9885
166.444,tag8370
166.278,tag10122
166.992,tag3752
166.274,tag3657
166.226,tag4177
166.312,tag10286
166.445,tag4615
166.439,tag3285
166.894,tag9810
166.253,tag1677
166.761,tag7328
166.191,tag4123
166.580,tag339
166.149,tag10249
166.065,tag6766
166.729,tag5852
166.065,tag9921
166.635,tag6195
166.861,tag9123
166.122,tag3544
166.057,tag7405
166.312,tag11303
166.530,tag7542
166.318,tag5388
166.693,tag7535
166.438,tag1530
166.250,tag5616
166.341,tag8026
167.867,tag1438
167.210,tag5278
167.187,tag7339
167.846,tag9301
167.756,tag5177
167.194,tag5497
167.535,tag7974
167.545,tag1945
167.723,tag188
167.700,tag10694
167.816,tag8269
167.646,tag9004
167.496,tag4984
167.127,tag10677
167.674,tag913
167.858,tag2571
167.628,tag824
167.580,tag3848
167.697,tag9718
167.943,tag11541
167.895,tag1000
167.336,tag5336
167.421,tag8324
167.044,tag9096
167.661,tag195
167.952,tag5017
167.342,tag6208
167.723,tag32
167.545,tag10760
167.600,tag7078
167.336,tag1423
167.754,tag5553
167.603,tag1603
167.111,tag6663
167.968,tag9024
167.444,tag5722
167.697,tag2561
167.888,tag1553
167.079,tag3674
167.448,tag4689
168.281,tag8445
168.134,tag11190
168.358,tag9373
168.578,tag7963
168.865,tag7057
168.388,tag5743
168.378,tag8558
168.200,tag6124
168.495,tag7690
168.930,tag7069
168.149,tag8606
168.113,tag11830
168.505,tag11274
168.670,tag2108
168.107,tag5681
168.314,tag8538
168.946,tag2104
168.314,tag2992
168.280,tag4053
168.382,tag3849
168.279,tag10815
168.257,tag7690
168.127,tag5263
168.896,tag8449
168.711,tag593
168.872,tag6732
168.135,tag6884
168.222,tag6598
168.966,tag3201
168.767,tag9839
168.530,tag10617
168.509,tag11852
168.748,tag4537
168.357,tag4881
168.385,tag8462
168.734,tag8041
168.779,tag1168
168.865,tag10331
168.713,tag3286
168.760,tag8092
169.036,tag8695
169.898,tag7818
169.203,tag10956
169.408,tag11905
169.604,tag7352
169.180,tag11224
169.918,tag11800
169.549,tag3081
169.244,tag10698
169.325,tag7834
169.726,tag2613
169.731,tag4161
169.375,tag7142
169.763,tag748
169.946,tag5587
169.633,tag7137
169.942,tag11042
169.031,tag8855
169.830,tag11496
169.455,tag11464
169.270,tag2427
169.853,tag10512
169.855,tag6405
169.625,tag2525
169.809,tag4006
169.458,tag2511
169.656,tag6982
169.515,tag1966
169.205,tag11200
169.593,tag561
169.940,tag2578
169.437,tag3383
169.608,tag11872
169.469,tag6520
169.759,tag2640
169.526,tag2512
169.502,tag3297
169.850,tag1307
169.989,tag6340
169.575,tag1728
170.847,tag7768
170.872,tag3896
170.956,tag11712
170.179,tag8954
170.567,tag8829
170.580,tag10817
170.369,tag2500
170.314,tag1874
170.286,tag1811
170.207,tag4705
170.538,tag438
170.253,tag1827
170.762,tag4212
170.899,tag4551
170.224,tag735
170.896,tag11346
170.607,tag5070
170.196,tag8332
170.694,tag374
170.753,tag1922
170.218,tag11611
170.373,tag4409
170.963,tag11352
170.088,tag7263
170.917,tag9242
170.083,tag5044
170.642,tag4943
170.828,tag808
170.345,tag1697
170.324,tag8110
170.379,tag11347
170.121,tag10742
170.049,tag5008
170.535,tag1242
170.201,tag9932
170.009,tag5197
170.020,tag1250
170.432,tag1765
170.251,tag6389
170.317,tag2353
171.858,tag1507
171.039,tag2696
171.863,tag6384
171.494,tag10237
171.085,tag2393
171.539,tag1546
171.482,tag8444
171.618,tag5648
171.738,tag1437
171.622,tag1074
171.672,tag8155
171.648,tag8584
171.626,tag4736
171.052,tag2352
171.555,tag2382
171.352,tag7673
171.661,tag904
171.571,tag1850
171.739,tag11361
171.857,tag11021
171.416,tag5846
171.612,tag10329
171.081,tag1869
171.386,tag2526
171.786,tag8175
171.452,tag2902
171.907,tag4461
171.133,tag605
171.374,tag7741
171.712,tag7155
171.535,tag5946
171.095,tag7789
171.892,tag7567
171.837,tag1501
171.764,tag8127
171.589,tag7334
171.213,tag8722
171.375,tag10494
171.325,tag11154
171.645,tag9022
172.438,tag9947
172.076,tag6673
172.894,tag4928
172.555,tag10259
172.037,tag10438
172.533,tag10217
172.971,tag9397
172.523,tag610
172.408,tag10440
172.847,tag4878
172.172,tag6059
172.937,tag1830
172.786,tag4442
172.058,tag8901
172.871,tag1782
172.267,tag2996
172.030,tag8358
172.364,tag4420
172.814,tag11419
172.811,tag4299
172.042,tag4991
172.948,tag10592
172.560,tag2018
172.497,tag8782
172.268,tag8770
172.484,tag9050
172.866,tag8103
172.364,tag6509
172.614,tag9002
172.833,tag1076
172.438,tag7709
172.811,tag3149
172.921,tag3829
172.344,tag1110
172.269,tag4791
172.226,tag3613
172.481,tag2943
172.834,tag5723
172.512,tag7525
172.780,tag9021
173.521,tag2462
173.603,tag1718
173.827,tag9506
173.854,tag11347
173.500,tag1553
173.359,tag3215
173.292,tag7802
173.241,tag3823
173.873,tag2464
173.161,tag3390
173.390,tag11586
173.101,tag4048
173.405,tag11874
173.995,tag7367
173.458,tag10112
173.384,tag4647
173.015,tag11558
173.453,tag720
173.452,tag3431
173.277,tag5463
173.866,tag9798
173.144,tag4274
173.858,tag10612
173.080,tag11077
173.723,tag3772
173.386,tag3515
173.996,tag1604
173.643,tag9476
173.099,tag3638
173.893,tag7468
173.053,tag6667
173.072,tag11321
173.999,tag8118
173.167,tag2431
173.822,tag10777
173.475,tag2795
173.892,tag2967
173.894,tag422
173.886,tag762
173.054,tag5054
174.052,tag8703
174.097,tag7895
174.313,tag8028
174.274,tag319
174.362,tag8148
174.080,tag4149
174.524,tag5815
174.175,tag11827
174.127,tag395
174.172,tag9119
174.750,tag3629
174.427,tag8102
174.656,tag3244
174.588,tag2823
174.761,tag5012
174.481,tag6314
174.185,tag8601
174.351,tag2687
174.359,tag11214
174.375,tag1296
174.596,tag1746
174.211,tag4423
174.932,tag7907
174.719,tag9262
174.213,tag4534
174.703,tag10715
174.165,tag3887
174.748,tag4136
174.267,tag3838
174.474,tag1716
174.587,tag5675
174.243,tag11671
174.958,tag1183
174.057,tag8512
174.274,tag11371
174.171,tag844
174.986,tag5759
174.447,tag228
174.843,tag4021
174.701,tag6945
175.297,tag11952
175.112,tag8806
175.579,tag10954
175.618,tag5949
175.835,tag6667
175.412,tag2404
175.602,tag2326
175.911,tag10907
175.085,tag8515
175.889,tag2922
175.681,tag20
175.579,tag6365
175.222,tag4165
175.281,tag11857
175.074,tag6458
175.781,tag4115
175.494,tag7877
175.329,tag722
175.620,tag2178
175.914,tag1246
175.447,tag6061
175.538,tag2621
175.052,tag1895
175.989,tag7065
175.410,tag7571
175.856,tag9166
175.993,tag6671
175.847,tag2555
175.002,tag11317
175.248,tag10986
175.099,tag7122
175.381,tag5504
175.626,tag1717
175.358,tag5971
175.317,tag3464
175.879,tag9954
175.436,tag9745
175.388,tag7684
175.367,tag3550
175.881,tag10997
176.690,tag2758
176.164,tag11569
176.739,tag8963
176.565,tag5522
176.770,tag6931
176.640,tag1232
176.526,tag6681
176.989,tag8917
176.339,tag1726
176.272,tag11066
176.437,tag2668
176.388,tag4967
176.237,tag9935
176.506,tag2689
176.362,tag4082
176.869,tag613
176.497,tag849
176.877,tag3671
176.627,tag4486
176.822,tag11732
176.636,tag9649
176.204,tag6095
176.438,tag11740
176.456,tag11240
176.680,tag6271
176.285,tag5890
176.587,tag10232
176.274,tag2267
176.770,tag6510
176.642,tag3854
176.047,tag372
176.990,tag606
176.766,tag11715
176.010,tag3715
176.704,tag3670
176.524,tag8073
176.226,tag6377
176.290,tag6369
176.202,tag11782
176.623,tag2412
177.796,tag10252
177.201,tag10624
177.083,tag2823
177.889,tag613
177.989,tag3043
177.927,tag4077
177.640,tag6407
177.407,tag6629
177.722,tag1158
177.853,tag11542
177.068,tag11756
177.044,tag11809
177.043,tag9513
177.446,tag5175
177.083,tag4709
177.260,tag6089
177.364,tag11042
177.914,tag1322
177.308,tag2211
177.892,tag3887
177.331,tag8381
177.472,tag6806
177.590,tag7529
177.255,tag5390
177.907,tag8473
177.898,tag6735
177.268,tag5274
177.950,tag4787
177.210,tag4878
177.761,tag3820
177.854,tag5387
177.948,tag7336
177.468,tag2255
177.772,tag4547
177.795,tag8511
177.680,tag10072
177.835,tag4556
177.170,tag4448
177.948,tag11087
177.376,tag10575
178.659,tag9205
178.343,tag8974
178.108,tag2482
178.522,tag1608
178.894,tag3629
178.071,tag8995
178.443,tag9183
178.491,tag6591
178.382,tag6740
178.326,tag4212
178.686,tag2583
178.287,tag1516
178.560,tag5682
178.616,tag3281
178.229,tag4509
178.405,tag10499
178.236,tag3989
178.451,tag2651
178.109,tag2403
178.898,tag5899
178.991,tag11428
178.152,tag3184
178.932,tag4981
178.302,tag1742
178.755,tag6622
178.518,tag4363
178.470,tag5964
178.153,tag1719
178.936,tag3997
178.877,tag3894
178.047,tag9649
178.546,tag6373
178.845,tag1804
178.417,tag1502
178.735,tag10991
178.708,tag4393
178.328,tag7749
178.367,tag11314
178.622,tag9355
178.983,tag10730
179.500,tag858
179.299,tag847
179.091,tag1441
179.111,tag1591
179.760,tag5373
179.577,tag7927
179.190,tag7306
179.024,tag9988
179.788,tag7894
179.787,tag2578
179.019,tag7015
179.043,tag4801
179.725,tag8466
179.353,tag11349
179.964,tag6413
179.484,tag6698
179.426,tag6924
179.320,tag3353
179.775,tag985
179.254,tag8791
179.711,tag5737
179.635,tag10847
179.845,tag1465
179.405,tag4153
179.075,tag7784
179.806,tag2836
179.931,tag11178
179.438,tag10703
179.240,tag6513
179.457,tag1998
179.971,tag11224
179.372,tag964
179.434,tag4283
179.772,tag7973
179.632,tag4620
179.952,tag1137
179.239,tag5663
179.069,tag10343
179.753,tag9723
179.884,tag23
180.478,tag1243
180.281,tag1424
180.524,tag2074
180.563,tag11514
180.799,tag1778
180.893,tag2748
180.527,tag6337
180.916,tag6131
180.203,tag3776
180.081,tag5680
180.666,tag10209
180.673,tag5429
180.289,tag3600
180.650,tag82
180.033,tag11027
180.817,tag2493
180.472,tag8041
180.468,tag1742
180.889,tag9006
180.089,tag10293
180.975,tag5012
180.707,tag2681
180.213,tag6255
180.975,tag1531
180.883,tag2621
180.452,tag5540
180.697,tag639
180.558,tag10433
180.980,tag350
180.772,tag7148
180.415,tag9588
180.757,tag7599
180.768,tag6726
180.292,tag570
180.607,tag1147
180.068,tag5501
180.197,tag9631
180.524,tag1623
180.980,tag3632
180.234,tag2217
181.117,tag3110
181.022,tag11286
181.258,tag9264
181.803,tag5390
181.269,tag2632
181.009,tag11726
181.513,tag6896
181.903,tag7299
181.493,tag5255
181.827,tag9154
181.238,tag616
181.483,tag9316
181.267,tag7935
181.527,tag474
181.007,tag4794
181.024,tag4632
181.562,tag9418
181.755,tag3358
181.972,tag3608
181.887,tag4958
181.209,tag3618
181.145,tag1565
181.185,tag5599
181.671,tag5970
181.917,tag2397
181.327,tag5347
181.233,tag5766
181.041,tag1688
181.372,tag417
181.855,tag2070
181.896,tag8515
181.678,tag10225
181.625,tag2120
181.136,tag1963
181.158,tag1307
181.799,tag5338
181.292,tag7695
181.407,tag10663
181.860,tag7610
181.877,tag2176
182.082,tag7345
182.777,tag10994
182.165,tag7178
182.626,tag5204
182.253,tag3055
182.694,tag6774
182.064,tag5970
182.477,tag9952
182.389,tag984
182.344,tag7000
182.663,tag8590
182.946,tag9414
182.453,tag3491
182.490,tag6365
182.320,tag11579
182.943,tag7728
182.483,tag9192
182.842,tag8341
182.210,tag9831
182.843,tag3760
182.981,tag9745
182.327,tag1934
182.223,tag6342
182.047,tag1853
182.936,tag3604
182.637,tag2270
182.056,tag6341
182.056,tag11539
182.419,tag6840
182.910,tag9499
182.786,tag399
182.822,tag7648
182.760,tag64
182.265,tag11298
182.433,tag7996
182.311,tag10235
182.761,tag6072
182.621,tag3314
182.242,tag2029
182.677,tag8536
183.986,tag11430
183.400,tag6999
183.887,tag9538
183.496,tag10099
183.857,tag5261
183.439,tag6980
183.167,tag2689
183.383,tag826
183.948,tag7025
183.488,tag5739
183.686,tag271
183.620,tag5740
183.760,tag10737
183.166,tag9715
183.286,tag7450
183.895,tag8505
183.518,tag3550
183.142,tag9115
183.019,tag7243
183.898,tag7466
183.085,tag9010
183.322,tag10
183.730,tag6081
183.924,tag494
183.549,tag10133
183.333,tag8432
183.339,tag3767
183.393,tag9892
183.167,tag4118
183.678,tag4231
183.893,tag10138
183.693,tag7645
183.779,tag8409
183.771,tag8965
183.470,tag1112
183.185,tag5455
183.609,tag7569
183.191,tag6546
183.955,tag8459
183.848,tag6366
184.589,tag2214
184.991,tag7017
184.605,tag5499
184.150,tag2868
184.253,tag10593
184.977,tag1444
184.270,tag11709
184.605,tag511
184.765,tag9091
184.918,tag8961
184.713,tag6857
184.039,tag7608
184.559,tag1889
184.813,tag1549
184.227,tag3884
184.951,tag11389
184.813,tag4664
184.587,tag829
184.327,tag7121
184.786,tag3129
184.618,tag8274
184.776,tag3249
184.476,tag5794
184.932,tag4059
184.888,tag5825
184.580,tag920
184.245,tag3820
184.184,tag10809
184.190,tag4913
184.127,tag7847
184.501,tag7188
184.991,tag6073
184.517,tag10942
184.545,tag9181
184.283,tag3447
184.818,tag3574
184.438,tag9052
184.905,tag408
184.510,tag286
184.347,tag6211
185.459,tag4631
185.319,tag2303
185.082,tag11029
185.086,tag8388
185.393,tag4095
185.024,tag1925
185.359,tag9754
185.896,tag4659
185.176,tag1613
185.665,tag9345
185.621,tag883
185.455,tag11419
185.329,tag246
185.254,tag6888
185.579,tag9938
185.464,tag5539
185.641,tag7960
185.442,tag11878
185.117,tag1408
185.274,tag10495
185.791,tag11324
185.275,tag4120
185.868,tag9394
185.150,tag9143
185.597,tag7144
185.467,tag6309
185.358,tag7791
185.388,tag1712
185.948,tag5478
185.784,tag588
185.442,tag7882
185.591,tag4695
185.480,tag6876
185.235,tag7322
185.143,tag7957
185.329,tag2919
185.373,tag11459
185.782,tag9912
185.379,tag10561
185.339,tag8065
186.671,tag8815
186.704,tag4094
186.143,tag11067
186.082,tag2739
186.880,tag9198
186.874,tag1715
186.168,tag820
186.875,tag11787
186.059,tag717
186.934,tag7852
186.623,tag8511
186.558,tag10129
186.545,tag998
186.626,tag1127
186.061,tag9425
186.326,tag6841
186.395,tag11205
186.432,tag3565
186.342,tag11187
186.917,tag6063
186.175,tag1084
186.963,tag3327
186.895,tag6942
186.687,tag3481
186.955,tag10831
186.733,tag3040
186.596,tag6480
186.992,tag6213
186.404,tag9944
186.400,tag8700
186.197,tag7911
186.320,tag4892
186.602,tag3398
186.657,tag2597
186.892,tag1423
186.220,tag3545
186.353,tag7026
186.641,tag10218
186.314,tag4218
186.379,tag2877
187.109,tag3822
187.915,tag9651
187.237,tag5419
187.780,tag8392
187.784,tag11878
187.428,tag1570
187.891,tag239
187.701,tag1729
187.586,tag11572
187.350,tag5786
187.718,tag11785
187.551,tag7006
187.182,tag5194
187.639,tag3830
187.874,tag4472
187.795,tag3918
187.077,tag4090
187.300,tag6255
187.230,tag10254
187.529,tag1981
187.207,tag9176
187.982,tag9094
187.103,tag6142
187.790,tag10189
187.384,tag6058
187.289,tag3396
187.515,tag4873
187.784,tag44
187.183,tag2169
187.308,tag8665
187.442,tag969
187.193,tag2819
187.880,tag6178
187.709,tag3632
187.768,tag1892
187.330,tag6148
187.249,tag10146
187.151,tag8702
187.223,tag7448
187.906,tag3902
188.966,tag9626
188.906,tag9395
188.849,tag9989
188.222,tag2398
188.521,tag4445
188.595,tag6187
188.600,tag9170
188.307,tag8552
188.321,tag11657
188.212,tag7655
188.621,tag10451
188.873,tag7466
188.370,tag7016
188.373,tag456
188.867,tag9403
188.124,tag5353
188.114,tag3213
188.626,tag1776
188.089,tag11838
188.436,tag11884
188.074,tag8947
188.733,tag9538
188.143,tag11982
188.528,tag11370
188.839,tag8541
188.288,tag837
188.481,tag488
188.619,tag2584
188.484,tag374
188.616,tag7104
188.482,tag4913
188.271,tag11503
188.488,tag9768
188.238,tag451
188.423,tag7643
188.184,tag1064
188.835,tag2316
188.801,tag5703
188.335,tag7961
188.556,tag3450
189.437,tag4363
189.925,tag5515
189.559,tag4699
189.390,tag11352
189.389,tag3214
189.783,tag185
189.383,tag4870
189.703,tag1838
189.602,tag6705
189.050,tag5096
189.629,tag7624
189.909,tag3542
189.996,tag11511
189.208,tag4776
189.390,tag1398
189.731,tag5362
189.931,tag4645
189.030,tag5460
189.835,tag2196
189.834,tag10362
189.913,tag11809
189.312,tag2870
189.665,tag7740
189.497,tag7687
189.522,tag7
189.303,tag11640
189.430,tag6113
189.824,tag3042
189.007,tag79
189.788,tag4128
189.144,tag907
189.223,tag2225
189.072,tag4500
189.055,tag11302
189.329,tag6527
189.822,tag10208
189.051,tag7081
189.178,tag1522
189.696,tag8691
189.479,tag11866
190.458,tag5335
190.160,tag10751
190.349,tag8340
190.497,tag9735
190.111,tag6557
190.010,tag4199
190.187,tag69
190.285,tag8341
190.053,tag9632
190.787,tag996
190.057,tag4560
190.188,tag5221
190.377,tag11225
190.423,tag7727
190.060,tag928
190.360,tag5606
190.722,tag9065
190.739,tag11478
190.301,tag1599
190.663,tag1011
190.747,tag9607
190.621,tag10204
190.939,tag8782
190.193,tag9015
190.327,tag9136
190.485,tag11837
190.312,tag243
190.400,tag3551
190.927,tag8410
190.730,tag7956
190.493,tag11037
190.993,tag4632
190.457,tag7097
190.662,tag5259
190.554,tag2683
190.446,tag861
190.997,tag10954
190.491,tag8706
190.799,tag10050
190.348,tag7569
191.504,tag9043
191.341,tag11219
191.491,tag4008
191.645,tag8904
191.578,tag10430
191.995,tag2706
191.370,tag6234
191.987,tag1965
191.835,tag5361
191.303,tag4756
191.506,tag8184
191.062,tag975
191.241,tag3126
191.558,tag583
191.802,tag1213
191.374,tag2044
191.635,tag2747
191.486,tag1370
191.254,tag6779
191.773,tag10103
191.630,tag1081
191.185,tag6908
191.372,tag6385
191.642,tag11203
191.435,tag11442
191.865,tag4938
191.762,tag1308
191.056,tag8428
191.179,tag2418
191.646,tag2033
191.059,tag3635
191.715,tag8334
191.930,tag777
191.109,tag801
191.697,tag8013
191.987,tag5101
191.723,tag7423
191.307,tag3652
191.079,tag6209
191.409,tag6532
192.414,tag11721
192.202,tag4985
192.713,tag692
192.670,tag4704
192.439,tag11763
192.454,tag10659
192.726,tag335
192.071,tag3676
192.869,tag11149
192.947,tag5730
192.894,tag6871
192.105,tag7248
192.295,tag5167
192.439,tag7992
192.517,tag7653
192.275,tag6755
192.092,tag9211
192.317,tag809
192.938,tag5291
192.719,tag5611
192.280,tag4277
192.495,tag9212
192.610,tag1929
192.561,tag2043
192.533,tag6179
192.505,tag7787
192.115,tag10528
192.667,tag1911
192.229,tag5365
192.920,tag2091
192.830,tag7073
192.350,tag8784
192.766,tag1473
192.684,tag2102
192.818,tag9948
192.495,tag6080
192.025,tag7780
192.526,tag1712
192.814,tag10648
192.233,tag713
193.980,tag2974
193.015,tag4765
193.292,tag6441
193.275,tag9156
193.013,tag1461
193.722,tag4155
193.837,tag8441
193.997,tag6804
193.245,tag3895
193.255,tag6603
193.619,tag11787
193.965,tag9327
193.030,tag5472
193.365,tag3866
193.537,tag9889
193.750,tag11372
193.648,tag11604
193.229,tag9408
193.525,tag11793
193.052,tag9624
193.853,tag3002
193.041,tag7921
193.409,tag5846
193.118,tag509
193.431,tag8862
193.867,tag4523
193.292,tag8071
193.225,tag1724
193.311,tag4544
193.625,tag2624
193.604,tag9735
193.298,tag2093
193.162,tag561
193.411,tag2039
193.814,tag6143
193.513,tag10552
193.406,tag8365
193.389,tag11792
193.135,tag6775
193.090,tag2786
194.581,tag707
194.463,tag5420
194.158,tag7589
194.359,tag1338
194.108,tag7770
194.290,tag4645
194.065,tag8211
194.844,tag5145
194.929,tag1863
194.622,tag8418
194.401,tag538
194.634,tag6038
194.398,tag9537
194.653,tag6547
194.924,tag2848
194.049,tag5455
194.467,tag8191
194.009,tag5972
194.797,tag9217
194.867,tag3715
194.976,tag10317
194.390,tag762
194.532,tag2660
194.363,tag3521
194.460,tag10537
194.215,tag9244
194.773,tag11844
194.239,tag4317
194.768,tag9790
194.832,tag2868
194.299,tag3294
194.909,tag2702
194.016,tag366
194.327,tag5371
194.583,tag2467
194.730,tag5672
194.398,tag5691
194.882,tag8962
194.714,tag5672
194.289,tag6513
195.239,tag2582
195.598,tag11867
195.263,tag5925
195.119,tag8276
195.846,tag2690
195.860,tag3261
195.794,tag4703
195.185,tag6498
195.692,tag7920
195.339,tag7358
195.652,tag6722
195.072,tag5748
195.325,tag1157
195.945,tag4422
195.669,tag6862
195.924,tag5986
195.781,tag5364
195.247,tag1204
195.960,tag491
195.026,tag8892
195.773,tag331
195.604,tag7465
195.201,tag8265
195.736,tag9754
195.660,tag1078
195.518,tag7086
195.740,tag5823
195.189,tag6673
195.040,tag8892
195.312,tag1121
195.833,tag4661
195.701,tag2474
195.419,tag2412
195.057,tag255
195.665,tag11104
195.629,tag4196
195.974,tag5394
195.960,tag4543
195.697,tag8449
195.850,tag10654
196.510,tag3370
196.131,tag10835
196.754,tag2047
196.288,tag8110
196.680,tag6169
196.870,tag2705
196.534,tag7077
196.773,tag10935
196.455,tag10050
196.384,tag6936
196.087,tag1486
196.470,tag5472
196.577,tag8324
196.203,tag1201
196.180,tag11378
196.319,tag10189
196.397,tag8580
196.256,tag5348
196.055,tag8072
196.305,tag9710
196.384,tag10207
196.696,tag3870
196.952,tag3728
196.942,tag7363
196.291,tag7270
196.712,tag4990
196.864,tag5655
196.288,tag10104
196.456,tag1601
196.371,tag5963
196.835,tag1438
196.736,tag942
196.265,tag1493
196.912,tag5329
196.069,tag10935
196.010,tag9185
196.611,tag3120
196.029,tag5778
196.822,tag3728
196.154,tag9782
197.640,tag3649
197.958,tag5676
197.244,tag643
197.613,tag3345
197.149,tag1485
197.933,tag1397
197.954,tag4752
197.308,tag2370
197.228,tag610
197.265,tag8078
197.007,tag480
197.694,tag8684
197.440,tag704
197.413,tag4494
197.987,tag9823
197.886,tag3114
197.912,tag163
197.556,tag9266
197.924,tag3689
197.037,tag3829
197.346,tag4893
197.651,tag10644
197.011,tag1290
197.343,tag1508
197.683,tag11677
197.987,tag5867
197.192,tag7965
197.756,tag7405
197.902,tag11787
197.767,tag7603
197.628,tag11264
197.008,tag1235
197.150,tag2727
197.295,tag9576
197.316,tag10495
197.776,tag2933
197.774,tag6806
197.578,tag3907
197.354,tag4260
197.532,tag5795
198.847,tag9019
198.114,tag7007
198.798,tag4392
198.874,tag8604
198.172,tag6729
198.648,tag9172
198.827,tag5575
198.341,tag1565
198.055,tag4976
198.882,tag1785
198.912,tag7281
198.234,tag1587
198.314,tag1186
198.975,tag3116
198.165,tag5363
198.811,tag10709
198.517,tag748
198.746,tag2288
198.931,tag11396
198.227,tag9334
198.963,tag10773
198.462,tag6027
198.189,tag3066
198.960,tag5719
198.076,tag379
198.606,tag11594
198.075,tag6518
198.512,tag11325
198.493,tag11330
198.903,tag10037
198.589,tag4820
198.270,tag1142
198.053,tag6544
198.719,tag5777
198.343,tag7754
198.030,tag2218
198.673,tag11371
198.645,tag11081
198.533,tag1804
198.237,tag2895
199.952,tag2697
199.510,tag5030
199.858,tag796
199.246,tag338
199.170,tag8688
199.845,tag5338
199.682,tag461
199.170,tag1307
199.114,tag6641
199.223,tag7022
199.421,tag4508
199.421,tag4462
199.947,tag913
199.961,tag7278
199.213,tag3208
199.194,tag11337
199.847,tag11185
199.804,tag3797
199.899,tag11834
199.388,tag4976
199.209,tag1186
199.102,tag8268
199.090,tag11276
199.865,tag7170
199.087,tag1092
199.488,tag1984
199.303,tag8824
199.249,tag385
199.201,tag11958
199.790,tag2517
199.981,tag8171
199.186,tag4469
199.105,tag537
199.115,tag8150
199.090,tag10384
199.734,tag9474
199.439,tag5131
199.513,tag2695
199.783,tag6322
199.684,tag8436
200.834,tag1384
200.856,tag5529
200.528,tag11915
200.680,tag10222
200.446,tag6844
200.603,tag8999
200.902,tag5494
200.027,tag1520
200.633,tag10098
200.644,tag4280
200.127,tag9755
200.972,tag839
200.948,tag3728
200.432,tag11643
200.104,tag2772
200.719,tag6372
200.988,tag492
200.942,tag7064
200.302,tag7905
200.630,tag5021
200.918,tag1433
200.274,tag10509
200.383,tag5588
200.176,tag8031
200.005,tag10824
200.102,tag7016
200.051,tag6750
200.099,tag6714
200.180,tag1536
200.829,tag9992
200.332,tag8867
200.566,tag3173
200.874,tag9860
200.511,tag7828
200.887,tag370
200.049,tag10412
200.209,tag9280
200.164,tag7389
200.816,tag6388
200.544,tag2786
201.924,tag2377
201.775,tag7430
201.923,tag5737
201.576,tag686
201.892,tag7667
201.608,tag10498
201.606,tag669
201.281,tag4013
201.201,tag8805
201.206,tag10918
201.346,tag8811
201.126,tag9322
201.928,tag4216
201.468,tag1214
201.747,tag11738
201.956,tag5279
201.333,tag1184
201.225,tag3207
201.856,tag10565
201.342,tag8249
201.273,tag6757
201.365,tag3412
201.368,tag10121
201.178,tag2382
201.894,tag7254
201.074,tag6817
201.667,tag2123
201.005,tag8257
201.677,tag1086
201.436,tag8876
201.535,tag10352
201.966,tag1670
201.695,tag9828
201.766,tag34
201.344,tag6801
201.870,tag1985
201.261,tag6885
201.486,tag741
201.324,tag3618
201.865,tag1656
202.248,tag7086
202.172,tag7107
202.581,tag9261
202.473,tag8695
202.601,tag5280
202.759,tag5980
202.205,tag9484
202.375,tag5368
202.114,tag4483
202.767,tag8570
202.094,tag4808
202.219,tag3383
202.030,tag873
202.944,tag9299
202.133,tag739
202.349,tag2536
202.325,tag2190
202.349,tag8894
202.265,tag9297
202.120,tag11084
202.743,tag3750
202.565,tag11304
202.474,tag3892
202.705,tag2169
202.308,tag10765
202.235,tag4295
202.737,tag10590
202.156,tag520
202.666,tag4482
202.022,tag1441
202.063,tag4671
202.045,tag8456
202.968,tag7362
202.133,tag6651
202.551,tag3948
202.475,tag2049
202.461,tag9557
202.454,tag1540
202.335,tag10367
202.581,tag4311
203.151,tag6732
203.497,tag6888
203.903,tag6838
203.864,tag7363
203.987,tag453
203.472,tag2575
203.008,tag4519
203.820,tag2205
203.990,tag7925
203.232,tag2474
203.323,tag1679
203.934,tag1467
203.657,tag11968
203.367,tag6602
203.149,tag11334
203.138,tag11723
203.477,tag424
203.762,tag5979
203.215,tag3587
203.278,tag6055
203.057,tag3982
203.712,tag3255
203.672,tag11974
203.313,tag10438
203.583,tag2853
203.983,tag10262
203.452,tag6451
203.959,tag7817
203.929,tag8683
203.781,tag1890
203.276,tag4033
203.648,tag766
203.891,tag2981
203.626,tag2478
203.793,tag472
203.263,tag5179
203.422,tag4882
203.676,tag2200
203.341,tag1014
203.427,tag2410
204.589,tag9336
204.611,tag6292
204.906,tag10147
204.484,tag8607
204.979,tag2223
204.208,tag8516
204.115,tag10519
204.090,tag11932
204.969,tag3593
204.893,tag4005
204.595,tag6611
204.766,tag6363
204.586,tag11248
204.581,tag11000
204.918,tag273
204.512,tag10187
204.275,tag4720
204.582,tag6392
204.730,tag5534
204.301,tag359
204.831,tag4173
204.137,tag11936
204.100,tag1635
204.383,tag11037
204.391,tag7004
204.084,tag8614
204.452,tag10111
204.416,tag5450
204.007,tag8322
204.908,tag10911
204.613,tag1658
204.177,tag26
204.070,tag7682
204.305,tag7505
204.165,tag7500
204.292,tag6911
204.044,tag7375
204.082,tag9242
204.842,tag3015
204.082,tag4011
205.030,tag11809
205.607,tag6556
205.378,tag11370
205.873,tag8173
205.067,tag8299
205.390,tag1645
205.414,tag10907
205.182,tag9387
205.921,tag7178
205.740,tag3637
205.385,tag5376
205.476,tag1786
205.954,tag1793
205.302,tag10090
205.609,tag1611
205.434,tag8171
205.787,tag11632
205.491,tag4340
205.536,tag7390
205.360,tag7620
205.482,tag11159
205.780,tag1949
205.938,tag10195
205.595,tag3097
205.835,tag4702
205.296,tag8007
205.327,tag5417
205.523,tag7783
205.600,tag1790
205.273,tag11747
205.696,tag2353
205.159,tag8016
205.553,tag2114
205.865,tag776
205.409,tag6342
205.303,tag4632
205.979,tag354
205.657,tag11987
205.728,tag7274
205.450,tag1520
206.253,tag7343
206.606,tag1219
206.342,tag216
206.903,tag6272
206.977,tag11464
206.779,tag7579
206.467,tag9103
206.494,tag1119
206.278,tag10795
206.597,tag8722
206.653,tag435
206.382,tag9270
206.065,tag9751
206.683,tag11787
206.992,tag2416
206.564,tag11496
206.693,tag11612
206.732,tag2627
206.746,tag8788
206.305,tag11911
206.126,tag6957
206.061,tag5723
206.915,tag5863
206.086,tag7116
206.095,tag6132
206.508,tag10041
206.825,tag3113
206.285,tag816
206.926,tag11616
206.769,tag5295
206.720,tag7995
206.209,tag11994
206.848,tag597
206.880,tag10909
206.453,tag5476
206.582,tag1264
206.693,tag2486
206.190,tag8218
206.932,tag4969
206.631,tag11587
207.741,tag4771
207.306,tag6233
207.493,tag2958
207.631,tag3360
207.353,tag3077
207.607,tag7370
207.132,tag1990
207.861,tag10719
207.975,tag7260
207.014,tag1443
207.392,tag4547
207.907,tag3750
207.681,tag11710
207.669,tag3093
207.794,tag11162
207.672,tag10835
207.193,tag2029
207.678,tag11724
207.883,tag547
207.921,tag319
207.751,tag5284
207.110,tag6530
207.189,tag4868
207.906,tag3758
207.626,tag7499
207.484,tag11910
207.300,tag3498
207.546,tag9504
207.633,tag2321
207.133,tag7012
207.233,tag8913
207.521,tag8808
207.565,tag10028
207.032,tag3651
207.461,tag9848
207.179,tag11165
207.456,tag9885
207.634,tag9582
207.138,tag2309
207.378,tag1912
208.238,tag3290
208.004,tag9974
208.858,tag3909
208.493,tag1315
208.595,tag6636
208.614,tag3622
208.563,tag6979
208.639,tag4941
208.047,tag6862
208.326,tag10658
208.410,tag1194
208.491,tag7311
208.189,tag2603
208.211,tag289
208.487,tag10034
208.323,tag11460
208.836,tag658
208.879,tag7094
208.219,tag3580
208.880,tag8508
208.894,tag7060
208.967,tag4031
208.558,tag4865
208.404,tag1759
208.024,tag2943
208.239,tag6791
208.231,tag10367
208.884,tag1089
208.478,tag10444
208.041,tag5138
208.626,tag788
208.483,tag1227
208.236,tag1644
208.360,tag2375
208.915,tag11870
208.277,tag1282
208.341,tag10079
208.473,tag5805
208.948,tag11568
208.397,tag11276
209.715,tag3217
209.935,tag4249
209.895,tag11111
209.490,tag2468
209.791,tag7454
209.336,tag6849
209.511,tag11652
209.379,tag11591
209.606,tag4291
209.887,tag7049
209.688,tag9984
209.948,tag1406
209.153,tag8089
209.851,tag4348
209.767,tag7733
209.561,tag6931
209.976,tag3918
209.196,tag10141
209.562,tag9339
209.678,tag10072
209.221,tag4762
209.771,tag7100
209.994,tag4086
209.518,tag5450
209.239,tag108
209.522,tag6598
209.643,tag777
209.504,tag8919
209.893,tag307
209.476,tag6427
209.878,tag3535
209.497,tag4885
209.821,tag9710
209.820,tag9273
209.018,tag8687
209.212,tag5858
209.336,tag4753
209.369,tag3810
209.456,tag11938
209.493,tag11496
210.024,tag11992
210.530,tag750
210.478,tag11729
210.332,tag10583
210.144,tag306
210.638,tag729
210.962,tag8979
210.333,tag11877
210.915,tag10582
210.804,tag5513
210.975,tag501
210.994,tag4190
210.756,tag2112
210.811,tag1949
210.658,tag5179
210.045,tag8065
210.821,tag6139
210.496,tag5304
210.173,tag74
210.002,tag4275
210.842,tag748
210.871,tag9315
210.976,tag9787
210.757,tag7582
210.401,tag5021
210.140,tag8434
210.614,tag8611
210.817,tag9067
210.011,tag7674
210.858,tag5386
210.834,tag9997
210.923,tag9859
210.984,tag3007
210.304,tag8176
210.216,tag10361
210.509,tag10888
210.727,tag5047
210.092,tag11243
210.196,tag3907
210.786,tag2188
211.394,tag1249
211.910,tag5814
211.616,tag2030
211.483,tag871
211.494,tag1313
211.477,tag5305
211.431,tag369
211.253,tag8608
211.356,tag2727
211.504,tag7515
211.692,tag5957
211.684,tag10541
211.471,tag6296
211.475,tag8535
211.647,tag4875
211.008,tag10609
211.202,tag4287
211.751,tag2969
211.791,tag4182
211.595,tag1159
211.630,tag1434
211.008,tag1029
211.883,tag5365
211.329,tag1516
211.616,tag10251
211.085,tag10493
211.949,tag3181
211.655,tag1279
211.746,tag291
211.740,tag1723
211.753,tag11412
211.139,tag10308
211.351,tag10507
211.545,tag132
211.467,tag2899
211.139,tag8838
211.547,tag7010
211.052,tag7699
211.782,tag5210
211.574,tag10125
212.447,tag4987
212.938,tag7236
212.406,tag7920
212.504,tag11518
212.113,tag7031
212.217,tag6415
212.046,tag8784
212.461,tag195
212.199,tag11672
212.591,tag11211
212.541,tag4545
212.125,tag9544
212.458,tag9058
212.589,tag1095
212.389,tag7797
212.384,tag5594
212.552,tag7095
212.934,tag7452
212.196,tag5192
212.245,tag3602
212.833,tag1657
212.632,tag10473
212.096,tag4135
212.995,tag4144
212.368,tag9195
212.279,tag10276
212.979,tag5136
212.859,tag202
212.469,tag5760
212.942,tag5888
212.997,tag10868
212.385,tag8046
212.462,tag9211
212.233,tag8397
212.300,tag6530
212.926,tag7834
212.280,tag3737
212.545,tag1235
212.324,tag8143
212.093,tag3225
213.166,tag4018
213.418,tag2009
213.479,tag10778
213.298,tag3633
213.304,tag7990
213.276,tag900
213.195,tag8726
213.875,tag8763
213.922,tag11859
213.661,tag168
213.598,tag11611
213.429,tag4771
213.532,tag11271
213.444,tag9071
213.018,tag10016
213.294,tag9783
213.174,tag9989
213.715,tag6003
213.799,tag8760
213.490,tag11127
213.420,tag2369
213.012,tag5922
213.937,tag6498
213.152,tag7599
213.817,tag8619
213.300,tag3002
213.397,tag11828
213.624,tag5594
213.927,tag4687
213.403,tag10989
213.707,tag199
213.503,tag9806
213.364,tag2231
213.537,tag8911
213.383,tag5847
213.254,tag9334
213.267,tag5209
213.126,tag604
213.745,tag11313
213.625,tag1040
214.380,tag5532
214.722,tag10941
214.952,tag6770
214.198,tag5281
214.224,tag5298
214.117,tag9540
214.974,tag6352
214.880,tag10495
214.359,tag2408
214.394,tag9296
214.516,tag4434
214.551,tag96
214.866,tag4191
214.917,tag9481
214.548,tag11377
214.157,tag2567
214.108,tag11786
214.048,tag4769
214.095,tag10508
214.570,tag5309
214.297,tag3508
214.295,tag8832
214.870,tag3064
214.750,tag11705
214.163,tag8912
214.607,tag2106
214.454,tag1119
214.011,tag4005
214.236,tag2359
214.078,tag6749
214.607,tag11996
214.626,tag10978
214.334,tag8167
214.105,tag8193
214.952,tag1475
214.889,tag6198
214.076,tag7075
214.505,tag11128
214.295,tag5245
214.646,tag11470
215.028,tag518
215.057,tag2361
215.298,tag4540
215.374,tag9620
215.702,tag2662
215.389,tag9712
215.113,tag10045
215.675,tag4337
215.200,tag5844
215.278,tag5876
215.148,tag10041
215.864,tag8566
215.846,tag10257
215.749,tag639
215.864,tag5241
215.461,tag2718
215.912,tag104
215.287,tag5012
215.090,tag11342
215.939,tag7035
215.999,tag5967
215.600,tag8060
215.486,tag5490
215.238,tag891
215.865,tag5880
215.544,tag2110
215.076,tag5241
215.929,tag3095
215.175,tag10040
215.318,tag1936
215.189,tag6643
215.508,tag7484
215.849,tag7617
215.015,tag10107
215.817,tag6476
215.649,tag3591
215.183,tag5667
215.410,tag429
215.399,tag11385
215.187,tag3155
216.541,tag5150
216.899,tag9631
216.502,tag8180
216.195,tag6503
216.822,tag7895
216.510,tag407
216.832,tag768
216.349,tag8997
216.707,tag7044
216.817,tag9145
216.933,tag4114
216.049,tag7283
216.656,tag10145
216.771,tag3737
216.067,tag4512
216.428,tag7198
216.888,tag11578
216.892,tag11606
216.218,tag8869
216.827,tag7696
216.751,tag4123
216.382,tag5397
216.247,tag323
216.302,tag9580
216.437,tag2688
216.612,tag715
216.132,tag3232
216.614,tag11895
216.232,tag6205
216.462,tag5731
216.710,tag2233
216.289,tag5391
216.657,tag997
216.880,tag6148
216.305,tag6308
216.945,tag4777
216.623,tag11368
216.237,tag927
216.607,tag2619
216.840,tag11763
217.525,tag446
217.901,tag4915
217.499,tag8333
217.213,tag7254
217.891,tag8135
217.775,tag11383
217.088,tag9141
217.734,tag1812
217.934,tag1051
217.931,tag3482
217.904,tag742
217.634,tag6523
217.627,tag2604
217.479,tag7154
217.264,tag7244
217.876,tag7485
217.981,tag2460
217.146,tag5098
217.833,tag1359
217.234,tag11336
217.999,tag4001
217.105,tag1229
217.001,tag3514
217.303,tag9398
217.295,tag8848
217.235,tag9754
217.108,tag6716
217.727,tag2290
217.505,tag6217
217.450,tag11331
217.151,tag425
217.213,tag5150
217.932,tag11430
217.777,tag10499
217.612,tag1053
217.542,tag3172
217.567,tag10612
217.944,tag5681
217.155,tag5942
217.307,tag2604
218.437,tag9890
218.343,tag9631
218.050,tag6545
218.284,tag11624
218.399,tag1474
218.368,tag1818
218.801,tag2829
218.761,tag9432
218.286,tag11261
218.442,tag6207
218.258,tag10773
218.705,tag8356
218.243,tag7113
218.969,tag11799
218.689,tag3907
218.796,tag6304
218.984,tag4950
218.760,tag4290
218.186,tag10906
218.703,tag5852
218.656,tag1516
218.695,tag1826
218.454,tag11449
218.289,tag475
218.975,tag7685
218.388,tag11269
218.077,tag10850
218.118,tag8599
218.880,tag6265
218.945,tag6683
218.039,tag5971
218.877,tag6714
218.331,tag4320
218.037,tag6385
218.089,tag995
218.464,tag8539
218.398,tag1438
218.784,tag9645
218.619,tag5128
218.057,tag7197
219.630,tag11425
219.105,tag1537
219.721,tag1789
219.883,tag10694
219.946,tag5395
219.219,tag9808
219.236,tag5078
219.936,tag2341
219.150,tag4825
219.602,tag10055
219.434,tag6369
219.107,tag210
219.659,tag4745
219.228,tag4431
219.911,tag6062
219.436,tag6504
219.620,tag6694
219.517,tag2952
219.552,tag3876
219.528,tag754
219.148,tag2352
219.650,tag3228
219.674,tag4311
219.390,tag4573
219.861,tag11097
219.655,tag6687
219.856,tag6467
219.186,tag2156
219.158,tag1888
219.092,tag1100
219.570,tag5997
219.778,tag2507
219.769,tag11063
219.803,tag6541
219.706,tag449
219.052,tag9179
219.902,tag109
219.083,tag936
219.036,tag2398
219.186,tag1244
220.961,tag3844
220.617,tag8201
220.863,tag11105
220.263,tag423
220.439,tag8571
220.447,tag3770
220.844,tag2160
220.750,tag11501
220.819,tag2812
220.624,tag987
220.641,tag1270
220.708,tag8435
220.651,tag9841
220.266,tag614
220.500,tag9284
220.057,tag1809
220.416,tag1897
220.097,tag3278
220.846,tag11222
220.836,tag10492
220.824,tag1272
220.709,tag8875
220.454,tag422
220.857,tag11919
220.095,tag9968
220.477,tag3032
220.834,tag8839
220.967,tag916
220.444,tag3722
220.381,tag6489
220.217,tag2050
220.419,tag2358
220.986,tag10558
220.596,tag7559
220.753,tag9009
220.282,tag5759
220.533,tag7096
220.862,tag6610
220.385,tag11753
220.274,tag7717
221.265,tag2988
221.874,tag5795
221.031,tag2685
221.732,tag9627
221.136,tag9990
221.440,tag1272
221.047,tag11062
221.351,tag9879
221.542,tag7018
221.241,tag6714
221.947,tag10439
221.872,tag1778
221.602,tag2313
221.473,tag11064
221.944,tag1312
221.509,tag4143
221.006,tag1436
221.761,tag1986
221.621,tag7452
221.760,tag9540
221.215,tag10634
221.341,tag4786
221.480,tag8325
221.097,tag4671
221.171,tag11596
221.130,tag11902
221.468,tag5088
221.050,tag6667
221.577,tag5770
221.967,tag7948
221.822,tag10145
221.799,tag1516
221.864,tag6056
221.336,tag1387
221.533,tag5267
221.149,tag4790
221.112,tag4358
221.086,tag4038
221.484,tag5474
221.362,tag4409
222.655,tag2712
222.523,tag11870
222.617,tag2345
222.439,tag869
222.674,tag8497
222.554,tag5056
222.464,tag8943
222.021,tag4423
222.095,tag9382
222.449,tag4253
222.301,tag450
222.858,tag1566
222.860,tag10834
222.957,tag5178
222.796,tag7940
222.522,tag11063
222.870,tag3268
222.206,tag1011
222.217,tag7072
222.008,tag3710
222.192,tag4565
222.116,tag7719
222.846,tag364
222.659,tag2227
222.248,tag10296
222.807,tag305
222.072,tag11657
222.723,tag4541
222.703,tag9053
222.357,tag2001
222.423,tag8646
222.038,tag6442
222.628,tag3073
222.665,tag11175
222.769,tag6175
222.716,tag1011
222.102,tag2576
222.238,tag1692
222.699,tag9508
222.585,tag5128
223.039,tag720
223.651,tag1790
223.603,tag10749
223.838,tag4736
223.484,tag1548
223.375,tag3597
223.528,tag10858
223.456,tag11094
223.062,tag7527
223.746,tag9353
223.198,tag3605
223.845,tag1104
223.136,tag6146
223.587,tag9581
223.210,tag8390
223.921,tag4486
223.481,tag10694
223.300,tag8266
223.830,tag5282
223.987,tag3424
223.761,tag5432
223.291,tag2893
223.042,tag3414
223.858,tag9526
223.499,tag2016
223.376,tag8354
223.839,tag340
223.937,tag2873
223.662,tag54
223.363,tag4472
223.050,tag1787
223.281,tag2080
223.111,tag8282
223.254,tag11793
223.206,tag7277
223.938,tag7743
223.913,tag4782
223.750,tag959
223.145,tag9228
223.059,tag296
224.194,tag1010
224.855,tag1903
224.046,tag11380
224.220,tag10304
224.700,tag5177
224.631,tag1507
224.775,tag8600
224.139,tag9348
224.973,tag6931
224.156,tag1611
224.311,tag4577
224.925,tag9164
224.473,tag5439
224.964,tag5557
224.989,tag5948
224.624,tag8982
224.252,tag1853
224.814,tag4819
224.431,tag7946
224.078,tag7075
224.271,tag8036
224.288,tag11983
224.018,tag8263
224.138,tag8577
224.112,tag8259
224.620,tag11304
224.454,tag9609
224.006,tag448
224.328,tag6388
224.450,tag4769
224.988,tag10321
224.257,tag11525
224.244,tag10860
224.890,tag10050
224.880,tag11717
224.896,tag4827
224.135,tag5409
224.380,tag6930
224.826,tag759
224.594,tag1976
225.061,tag4735
225.398,tag9857
225.492,tag6855
225.598,tag9643
225.104,tag8151
225.821,tag8713
225.846,tag2812
225.505,tag4153
225.909,tag5767
225.096,tag10569
225.031,tag11953
225.815,tag9302
225.921,tag4216
225.324,tag1039
225.919,tag10794
225.576,tag5824
225.501,tag3166
225.132,tag10254
225.563,tag7981
225.031,tag7417
225.227,tag2308
225.808,tag6022
225.722,tag6569
225.565,tag53
225.980,tag9756
225.704,tag10152
225.071,tag11778
225.913,tag8561
225.010,tag2388
225.202,tag8599
225.362,tag281
225.721,tag9246
225.891,tag10947
225.374,tag5144
225.188,tag1150
225.859,tag7866
225.223,tag1408
225.200,tag11501
225.119,tag9377
225.520,tag5008
226.971,tag7659
226.372,tag11377
226.390,tag811
226.374,tag9389
226.644,tag11656
226.775,tag11219
226.073,tag10183
226.005,tag2412
226.393,tag5915
226.118,tag10580
226.026,tag8233
226.406,tag10389
226.733,tag5443
226.533,tag9537
226.907,tag5058
226.279,tag10172
226.348,tag7370
226.303,tag888
226.101,tag7765
226.688,tag11837
226.319,tag6968
226.924,tag7326
226.040,tag6053
226.396,tag6270
226.257,tag9583
226.327,tag2599
226.242,tag10311
226.550,tag10632
226.222,tag10177
226.640,tag1038
226.663,tag1133
226.194,tag4201
226.147,tag10132
226.556,tag3140
226.894,tag7795
226.892,tag11821
226.858,tag8519
226.663,tag4543
226.712,tag4684
226.885,tag786
227.480,tag6822
227.035,tag4448
227.042,tag6722
227.464,tag1317
227.339,tag5966
227.571,tag11658
227.244,tag10149
227.187,tag4630
227.380,tag2186
227.265,tag9505
227.576,tag4263
227.219,tag4445
227.422,tag11580
227.376,tag2637
227.856,tag449
227.747,tag3467
227.041,tag2948
227.788,tag1457
227.821,tag2574
227.865,tag46
227.973,tag10802
227.487,tag3253
227.566,tag7390
227.940,tag2579
227.230,tag478
227.503,tag6544
227.265,tag9059
227.143,tag8458
227.821,tag419
227.228,tag2063
227.949,tag683
227.940,tag4352
227.619,tag6409
227.018,tag8052
227.542,tag1227
227.299,tag833
227.050,tag6499
227.697,tag3306
227.327,tag10471
227.894,tag5997
228.896,tag6462
228.035,tag8145
228.149,tag10028
228.227,tag2591
228.689,tag6717
228.053,tag10264
228.079,tag7190
228.424,tag11277
228.571,tag3619
228.476,tag7099
228.972,tag1405
228.231,tag9355
228.779,tag5375
228.617,tag10316
228.761,tag5014
228.760,tag1404
228.270,tag1909
228.010,tag11477
228.258,tag7942
228.947,tag1652
228.340,tag8822
228.391,tag1978
228.998,tag1443
228.051,tag7530
228.004,tag5125
228.747,tag7202
228.103,tag9318
228.267,tag2890
228.908,tag11374
228.730,tag6318
228.744,tag3001
228.480,tag2702
228.152,tag11662
228.513,tag5135
228.612,tag3122
228.749,tag587
228.343,tag5910
228.926,tag555
228.942,tag2277
228.357,tag8971
229.345,tag8587
229.187,tag4799
229.732,tag7065
229.573,tag3836
229.737,tag6231
229.902,tag7425
229.244,tag9419
229.693,tag5671
229.303,tag3019
229.453,tag521
229.670,tag6724
229.385,tag2867
229.035,tag10477
229.032,tag3480
229.222,tag10491
229.321,tag3008
229.232,tag9904
229.927,tag10518
229.980,tag8597
229.084,tag935
229.496,tag640
229.244,tag605
229.184,tag2773
229.532,tag3677
229.515,tag4469
229.786,tag2886
229.920,tag310
229.763,tag10454
229.084,tag9167
229.871,tag122
229.138,tag9781
229.657,tag10311
229.236,tag3562
229.449,tag10688
229.410,tag1350
229.166,tag77
229.594,tag1149
229.995,tag7931
229.315,tag9767
229.511,tag1263
230.347,tag298
230.435,tag9273
230.049,tag5157
230.145,tag2461
230.723,tag4159
230.580,tag4777
230.354,tag2351
230.215,tag993
230.820,tag5659
230.978,tag8203
230.717,tag2972
230.820,tag7813
230.458,tag526
230.466,tag2925
230.087,tag7777
230.915,tag10864
230.419,tag537
230.705,tag5419
230.755,tag6963
230.601,tag6615
230.203,tag6933
230.078,tag5782
230.434,tag11193
230.149,tag3687
230.003,tag980
230.645,tag10678
230.329,tag8679
230.686,tag113
230.615,tag982
230.970,tag6142
230.872,tag9734
230.068,tag11005
230.318,tag7855
230.327,tag6323
230.944,tag10675
230.870,tag3125
230.845,tag7394
230.246,tag3892
230.201,tag8708
230.659,tag3740
231.645,tag10400
231.002,tag3273
231.643,tag1375
231.500,tag2342
231.017,tag7586
231.895,tag4976
231.878,tag7496
231.514,tag5856
231.709,tag4150
231.843,tag10511
231.277,tag6157
231.846,tag1563
231.037,tag2563
231.467,tag5992
231.926,tag3151
231.191,tag1907
231.476,tag3624
231.096,tag2582
231.345,tag465
231.698,tag10234
231.359,tag6210
231.175,tag8445
231.378,tag3275
231.417,tag5791
231.661,tag3126
231.423,tag8172
231.364,tag7933
231.312,tag5369
231.608,tag6026
231.726,tag2826
231.517,tag6454
231.020,tag7502
231.297,tag6017
231.768,tag4962
231.038,tag5472
231.540,tag1135
231.734,tag1987
231.390,tag10114
231.508,tag5196
231.759,tag4476
232.917,tag3877
232.576,tag4606
232.098,tag8627
232.189,tag5298
232.556,tag11886
232.403,tag524
232.378,tag9515
232.760,tag1276
232.366,tag3826
232.990,tag3779
232.849,tag8291
232.275,tag7873
232.325,tag854
232.969,tag4676
232.710,tag2915
232.284,tag1066
232.164,tag11790
232.656,tag6782
232.157,tag9338
232.189,tag9524
232.861,tag11327
232.012,tag7279
232.191,tag4337
232.402,tag152
232.763,tag9209
232.680,tag7798
232.903,tag8486
232.511,tag7840
232.839,tag1369
232.713,tag2678
232.815,tag1302
232.340,tag5023
232.534,tag5328
232.556,tag10795
232.731,tag8132
232.628,tag4808
232.351,tag8947
232.424,tag8847
232.931,tag3421
232.178,tag9230
233.546,tag5187
233.164,tag1087
233.310,tag8001
233.411,tag3077
233.622,tag4928
233.206,tag759
233.372,tag1396
233.445,tag1403
233.292,tag7131
233.194,tag2902
233.743,tag4453
233.325,tag11694
233.949,tag11721
233.365,tag1572
233.249,tag9066
233.354,tag5832
233.076,tag10933
233.134,tag5266
233.459,tag5954
233.745,tag6012
233.441,tag8232
233.743,tag3781
233.852,tag4276
233.715,tag6605
233.307,tag11311
233.290,tag10119
233.760,tag2365
233.243,tag3959
233.834,tag6604
233.822,tag11492
233.437,tag3354
233.560,tag11217
233.043,tag5780
233.104,tag3213
233.540,tag9961
233.387,tag11320
233.132,tag5681
233.452,tag3424
233.780,tag2498
233.622,tag3520
234.948,tag11775
234.323,tag11648
234.261,tag262
234.390,tag3436
234.200,tag9759
234.176,tag2126
234.993,tag2058
234.670,tag2192
234.986,tag3591
234.733,tag6975
234.773,tag6429
234.846,tag8534
234.680,tag9093
234.576,tag2528
234.627,tag10807
234.412,tag7455
234.970,tag9008
234.692,tag11515
234.622,tag11301
234.793,tag8891
234.336,tag49
234.268,tag2166
234.928,tag4604
234.772,tag9597
234.918,tag8854
234.689,tag6007
234.830,tag4595
234.741,tag3060
234.613,tag3385
234.360,tag5510
234.657,tag3511
234.391,tag6472
234.864,tag1981
234.919,tag7031
234.605,tag10053
234.448,tag2269
234.228,tag2714
234.119,tag11156
234.711,tag10096
234.076,tag1074
235.661,tag5151
235.261,tag4034
235.016,tag6757
235.896,tag555
235.341,tag7351
235.524,tag9581
235.196,tag6549
235.825,tag3752
235.937,tag7968
235.323,tag2952
235.894,tag1201
235.537,tag3899
235.612,tag1869
235.005,tag1550
235.169,tag10810
235.502,tag4530
235.855,tag10284
235.399,tag8232
235.051,tag7747
235.686,tag8404
235.775,tag1995
235.677,tag830
235.949,tag813
235.807,tag7082
235.615,tag10050
235.028,tag723
235.963,tag178
235.079,tag11785
235.256,tag4630
235.072,tag130
235.760,tag4365
235.581,tag2951
235.892,tag90
235.492,tag11930
235.518,tag10859
235.574,tag11552
235.540,tag6432
235.245,tag8112
235.224,tag3196
235.129,tag3692
236.037,tag1432
236.212,tag10270
236.910,tag10755
236.233,tag1423
236.962,tag5081
236.494,tag1986
236.674,tag4843
236.281,tag10133
236.081,tag3805
236.174,tag4856
236.495,tag6896
236.702,tag5263
236.606,tag11856
236.801,tag8601
236.182,tag5774
236.746,tag6617
236.251,tag1915
236.078,tag1719
236.361,tag2893
236.085,tag3728
236.693,tag10363
236.967,tag1885
236.859,tag6857
236.776,tag5297
236.465,tag7108
236.671,tag6305
236.834,tag392
236.181,tag5693
236.537,tag9312
236.008,tag1703
236.187,tag7688
236.125,tag9044
236.231,tag10878
236.784,tag11423
236.905,tag74
236.223,tag1447
236.062,tag11450
236.251,tag2558
236.336,tag587
236.349,tag1008
237.356,tag10848
237.604,tag344
237.140,tag3378
237.034,tag11612
237.046,tag5415
237.354,tag6000
237.975,tag1876
237.917,tag9881
237.400,tag4439
237.035,tag8501
237.074,tag2706
237.042,tag7560
237.541,tag2339
237.538,tag5021
237.730,tag9284
237.139,tag6590
237.316,tag11375
237.012,tag2722
237.273,tag3780
237.023,tag6317
237.346,tag247
237.199,tag9455
237.610,tag10768
237.402,tag1539
237.602,tag11954
237.579,tag10265
237.791,tag5743
237.550,tag3973
237.538,tag8827
237.234,tag9565
237.751,tag1325
237.124,tag7377
237.392,tag4198
237.769,tag10275
237.398,tag7416
237.002,tag10804
237.299,tag10842
237.025,tag3188
237.718,tag10711
237.914,tag3390
238.485,tag456
238.081,tag9682
238.969,tag5399
238.712,tag8209
238.138,tag11460
238.068,tag9592
238.510,tag482
238.268,tag10338
238.925,tag1925
238.056,tag7173
238.212,tag7703
238.615,tag6812
238.515,tag7278
238.826,tag8991
238.449,tag1957
238.187,tag9430
238.425,tag5279
238.708,tag3015
238.343,tag889
238.267,tag10137
238.389,tag10128
238.659,tag852
238.634,tag10092
238.621,tag7417
238.855,tag8752
238.816,tag10334
238.420,tag4177
238.484,tag9787
238.682,tag3089
238.892,tag7966
238.139,tag7473
238.747,tag7231
238.959,tag10192
238.488,tag10936
238.079,tag10673
238.064,tag7978
238.816,tag5413
238.334,tag908
238.953,tag11237
238.550,tag9843
239.075,tag1008
239.349,tag6186
239.384,tag3190
239.983,tag1243
239.331,tag6767
239.682,tag4034
239.296,tag4529
239.518,tag4653
239.266,tag6523
239.266,tag6421
239.074,tag5108
239.349,tag9594
239.571,tag5884
239.244,tag4159
239.159,tag7534
239.405,tag1870
239.448,tag4519
239.916,tag8705
239.142,tag1064
239.655,tag3426
239.736,tag2560
239.622,tag3195
239.445,tag10356
239.767,tag1067
239.262,tag10406
239.724,tag6372
239.597,tag3164
239.729,tag5590
239.538,tag75
239.582,tag10101
239.176,tag228
239.425,tag448
239.704,tag3060
239.641,tag10005
239.603,tag5240
239.422,tag6021
239.235,tag6771
239.180,tag9391
239.542,tag5589
239.939,tag1584
240.199,tag4697
240.973,tag172
240.533,tag3468
240.168,tag436
240.215,tag9916
240.438,tag4772
240.992,tag4402
240.791,tag7550
240.096,tag9173
240.258,tag176
240.808,tag2871
240.679,tag609
240.494,tag5049
240.551,tag11297
240.226,tag5510
240.715,tag10232
240.430,tag6791
240.153,tag9466
240.278,tag4026
240.872,tag7589
240.767,tag9897
240.333,tag11388
240.263,tag11102
240.581,tag4290
240.560,tag9796
240.402,tag7333
240.061,tag2124
240.825,tag8934
240.132,tag5632
240.616,tag10929
240.585,tag1438
240.707,tag4201
240.936,tag11525
240.205,tag6381
240.930,tag9967
240.032,tag5934
240.119,tag10338
240.604,tag2830
240.741,tag1137
240.395,tag1862
241.095,tag11279
241.957,tag5207
241.817,tag9978
241.132,tag2926
241.511,tag3407
241.425,tag1896
241.184,tag9761
241.397,tag9071
241.094,tag1867
241.919,tag8957
241.287,tag665
241.409,tag2713
241.363,tag736
241.890,tag134
241.345,tag269
241.825,tag618
241.553,tag2470
241.599,tag10685
241.881,tag10861
241.242,tag3299
241.361,tag9246
241.402,tag11250
241.909,tag9438
241.391,tag7022
241.422,tag11490
241.565,tag6297
241.166,tag10821
241.263,tag8801
241.868,tag11314
241.201,tag2590
241.273,tag10769
241.235,tag10549
241.252,tag6001
241.459,tag9584
241.517,tag8841
241.708,tag5131
241.119,tag10933
241.140,tag10212
241.975,tag10617
241.739,tag1532
242.261,tag8797
242.951,tag4870
242.712,tag9179
242.442,tag10405
242.773,tag6991
242.672,tag4664
242.690,tag2915
242.519,tag9716
242.469,tag3279
242.131,tag4986
242.977,tag7318
242.023,tag1010
242.936,tag2245
242.970,tag2931
242.122,tag7492
242.496,tag2348
242.423,tag915
242.124,tag389
242.041,tag195
242.342,tag3719
242.925,tag9732
242.312,tag5788
242.049,tag73
242.094,tag7659
242.452,tag9199
242.985,tag6993
242.108,tag6667
242.356,tag10062
242.430,tag730
242.828,tag9658
242.846,tag1311
242.467,tag4768
242.363,tag9376
242.571,tag9263
242.790,tag3690
242.450,tag4265
242.320,tag4588
242.092,tag2485
242.468,tag9746
242.307,tag1053
243.676,tag1623
243.191,tag230
243.110,tag5650
243.461,tag4646
243.925,tag11095
243.742,tag7277
243.788,tag7553
243.509,tag4245
243.910,tag9679
243.352,tag4184
243.219,tag8657
243.301,tag10792
243.107,tag10474
243.195,tag9509
243.343,tag2127
243.645,tag140
243.000,tag4612
243.494,tag5135
243.057,tag11198
243.968,tag223
243.096,tag4230
243.040,tag4862
243.576,tag10120
243.455,tag5654
243.552,tag6606
243.191,tag8507
243.540,tag3138
243.300,tag1031
243.016,tag6121
243.332,tag1087
243.905,tag1127
243.314,tag9001
243.435,tag4991
243.007,tag2890
243.161,tag6813
243.393,tag3685
243.396,tag102
243.901,tag6143
243.055,tag8372
243.947,tag11074
244.420,tag9218
244.668,tag11915
244.321,tag11816
244.201,tag9642
244.198,tag1662
244.958,tag11281
244.511,tag4813
244.318,tag5476
244.031,tag5127
244.927,tag372
244.703,tag10300
244.086,tag1505
244.550,tag7973
244.959,tag6541
244.404,tag7363
244.364,tag9091
244.469,tag5475
244.767,tag2248
244.458,tag1413
244.632,tag1744
244.292,tag6639
244.711,tag1628
244.740,tag7107
244.408,tag10642
244.734,tag4448
244.191,tag3152
244.093,tag3446
244.648,tag4207
244.213,tag8821
244.486,tag6985
244.906,tag7691
244.829,tag1134
244.898,tag1784
244.386,tag8308
244.485,tag11779
244.953,tag4946
244.815,tag6758
244.912,tag2938
244.496,tag11761
244.026,tag11145
245.195,tag638
245.094,tag9951
245.040,tag6861
245.584,tag7363
245.105,tag1273
245.864,tag6834
245.002,tag6714
245.625,tag4815
245.524,tag4496
245.140,tag8138
245.786,tag6266
245.153,tag7784
245.229,tag9198
245.679,tag2959
245.951,tag2053
245.925,tag5386
245.946,tag5474
245.994,tag10988
245.991,tag3982
245.659,tag4753
245.201,tag5309
245.428,tag1179
245.361,tag3993
245.531,tag5094
245.026,tag10554
245.606,tag6194
245.323,tag3161
245.028,tag6221
245.717,tag101
245.007,tag4182
245.939,tag7224
245.858,tag551
245.486,tag4907
245.930,tag3899
245.213,tag10828
245.373,tag10321
245.026,tag103
245.571,tag2217
245.427,tag2553
245.702,tag10506
246.109,tag2300
246.465,tag1497
246.970,tag9033
246.880,tag9378
246.473,tag791
246.925,tag5670
246.599,tag7092
246.949,tag5327
246.213,tag9677
246.872,tag2546
246.571,tag3201
246.833,tag9738
246.433,tag10024
246.401,tag1747
246.440,tag10257
246.752,tag175
246.596,tag9635
246.542,tag11677
246.580,tag6286
246.835,tag11658
246.002,tag727
246.619,tag10971
246.957,tag8355
246.913,tag926
246.159,tag6636
246.309,tag2981
246.650,tag11305
246.158,tag4122
246.515,tag2156
246.042,tag353
246.166,tag46
246.682,tag8236
246.533,tag4251
246.856,tag9260
246.878,tag9573
246.388,tag11541
246.851,tag2194
246.124,tag8967
246.265,tag9758
246.600,tag8731
247.793,tag8315
247.103,tag10366
247.491,tag7277
247.474,tag11596
247.034,tag9649
247.068,tag1843
247.053,tag2883
247.009,tag9939
247.801,tag9877
247.049,tag5490
247.168,tag20
247.705,tag2194
247.903,tag4526
247.238,tag4410
247.133,tag5775
247.778,tag8758
247.068,tag11722
247.155,tag10696
247.944,tag6201
247.408,tag11523
247.909,tag8967
247.401,tag2579
247.560,tag5926
247.652,tag8059
247.695,tag3770
248.000,tag7039
247.277,tag9337
247.485,tag9008
247.327,tag373
247.520,tag5013
247.876,tag5553
247.943,tag4663
247.028,tag8323
247.607,tag4638
247.800,tag326
247.699,tag6460
247.569,tag11880
247.108,tag11848
247.270,tag9988
247.358,tag2508
248.035,tag11690
248.053,tag755
248.018,tag1384
248.239,tag71
248.599,tag2210
248.777,tag3557
248.803,tag7487
248.393,tag6799
248.781,tag1643
248.083,tag3796
248.705,tag151
248.528,tag8968
248.028,tag8989
248.529,tag3155
248.675,tag5914
248.419,tag2699
248.695,tag3463
248.726,tag11071
248.284,tag11477
248.351,tag9841
248.619,tag6905
248.598,tag1543
248.767,tag7453
248.436,tag6480
248.222,tag2477
248.488,tag8449
248.593,tag11531
248.538,tag3079
248.996,tag7998
248.700,tag783
248.736,tag2497
248.379,tag1549
248.820,tag4053
248.594,tag3887
248.832,tag89
248.679,tag8544
248.229,tag6567
248.923,tag4719
248.847,tag4706
248.559,tag11428
249.366,tag888
249.909,tag4095
249.894,tag8804
249.051,tag11048
249.211,tag3022
249.246,tag4609
249.039,tag112
249.687,tag582
249.323,tag261
249.468,tag11570
249.897,tag166
249.037,tag7022
249.163,tag6636
249.245,tag9439
249.703,tag9370
249.929,tag11127
249.472,tag1548
249.536,tag4664
249.433,tag7193
249.660,tag9697
249.747,tag4552
249.395,tag8489
249.893,tag1957
249.908,tag10279
249.373,tag9755
249.515,tag6812
249.403,tag1626
249.757,tag5237
249.906,tag2774
249.048,tag8904
249.135,tag7148
249.543,tag5897
249.883,tag9733
249.293,tag4577
249.707,tag5910
249.594,tag10400
249.601,tag7764
249.488,tag911
249.382,tag1945
249.038,tag3092
250.484,tag8213
250.180,tag1067
250.744,tag6470
250.455,tag6870
250.465,tag6158
250.600,tag5151
250.708,tag632
250.784,tag2075
250.345,tag7026
250.406,tag5747
250.228,tag5749
250.964,tag1787
250.075,tag5794
250.299,tag8756
250.873,tag9743
250.403,tag9813
250.366,tag2901
250.754,tag9576
250.166,tag4467
250.539,tag8251
250.689,tag5987
250.476,tag3806
250.518,tag5114
250.803,tag8799
250.370,tag6333
250.236,tag11119
250.148,tag7586
250.450,tag2204
250.766,tag5785
250.165,tag908
250.354,tag11820
250.376,tag5895
250.126,tag11895
250.725,tag3328
250.453,tag1057
250.096,tag4690
250.970,tag9498
250.126,tag2471
250.329,tag7388
250.247,tag1854
251.445,tag2436
251.585,tag10344
251.320,tag3057
251.934,tag5569
251.007,tag4333
251.817,tag6311
251.616,tag5888
251.384,tag4271
251.653,tag3202
251.732,tag902
251.790,tag1205
251.033,tag951
251.516,tag10992
251.341,tag6113
251.935,tag1305
251.684,tag1934
251.260,tag10551
251.499,tag4876
251.444,tag83
251.586,tag3272
251.447,tag8106
251.829,tag9064
251.327,tag2692
251.201,tag5894
251.855,tag8766
251.951,tag2536
251.358,tag1607
251.959,tag11001
251.949,tag9653
251.576,tag1470
251.251,tag5184
251.694,tag6063
251.074,tag1033
251.015,tag10966
251.371,tag11528
251.438,tag4044
251.472,tag7027
251.870,tag7685
251.868,tag11182
251.031,tag8435
252.315,tag765
252.065,tag8979
252.100,tag5957
252.933,tag1570
252.305,tag11952
252.727,tag5753
252.844,tag5668
252.075,tag11526
252.414,tag164
252.102,tag9400
252.846,tag5260
252.717,tag1514
252.100,tag7013
252.840,tag4891
252.246,tag4476
252.052,tag5106
252.671,tag4724
252.279,tag11119
252.323,tag8615
252.426,tag9250
252.278,tag1618
252.922,tag8280
252.525,tag5748
252.873,tag5434
252.467,tag2559
252.260,tag7317
252.895,tag9715
252.720,tag10233
252.495,tag6331
252.457,tag1745
252.362,tag6202
252.500,tag3262
252.465,tag177
252.325,tag420
252.787,tag6060
252.213,tag4270
252.403,tag258
252.400,tag7037
252.007,tag4983
252.384,tag8606
253.218,tag4628
253.020,tag2115
253.929,tag11629
253.201,tag8968
253.287,tag6209
253.492,tag11011
253.394,tag8581
253.302,tag591
253.113,tag3215
253.532,tag10735
253.268,tag6518
253.349,tag2207
253.475,tag5811
253.466,tag1221
253.699,tag3312
253.292,tag8188
253.727,tag11060
253.824,tag11107
253.890,tag2518
253.950,tag1660
253.623,tag6529
253.698,tag11620
253.121,tag6147
253.966,tag115
253.432,tag7950
253.745,tag7533
253.501,tag3984
253.166,tag1907
253.960,tag4973
253.138,tag7636
253.729,tag6362
253.433,tag5857
253.956,tag6628
253.819,tag3802
253.787,tag10838
253.281,tag6117
253.697,tag5177
253.106,tag5
253.913,tag8852
253.136,tag6303
254.904,tag11912
254.413,tag10064
254.882,tag5954
254.978,tag6339
254.610,tag3786
254.417,tag1706
254.930,tag4029
254.146,tag9713
254.350,tag10238
254.883,tag3756
254.664,tag4440
254.006,tag10009
254.896,tag4053
254.720,tag1771
254.623,tag6141
254.195,tag8058
254.813,tag1452
254.550,tag6270
254.437,tag8970
254.287,tag3064
254.295,tag9254
254.823,tag11550
254.484,tag11055
254.863,tag6846
254.604,tag10561
254.637,tag7176
254.458,tag357
254.729,tag599
254.695,tag451
254.381,tag6763
254.558,tag7805
254.596,tag6760
254.612,tag1944
254.248,tag5516
254.012,tag6303
254.754,tag6849
254.393,tag5841
254.918,tag9580
254.222,tag3822
254.632,tag6659
255.547,tag792
255.901,tag7434
255.300,tag11133
255.553,tag9010
255.958,tag7297
255.406,tag1670
255.635,tag11796
255.757,tag10023
255.739,tag11801
255.658,tag2687
255.402,tag6038
255.120,tag1039
255.534,tag7788
255.240,tag154
255.903,tag4299
255.968,tag5302
255.696,tag4039
255.105,tag6327
255.358,tag6822
255.451,tag9117
255.676,tag6843
255.386,tag3887
255.345,tag158
255.046,tag6904
255.439,tag4466
255.503,tag9835
255.689,tag11280
255.780,tag3990
255.001,tag608
255.403,tag7287
255.857,tag8853
255.542,tag5651
255.165,tag7166
255.410,tag4027
255.200,tag3289
255.642,tag96
255.177,tag2699
255.279,tag1420
255.132,tag3393
255.460,tag1364
256.922,tag11936
256.951,tag9409
256.193,tag102
256.405,tag5015
256.062,tag6840
256.122,tag4803
256.375,tag6217
256.651,tag8636
256.512,tag9584
256.513,tag5604
256.710,tag7087
256.731,tag11721
256.845,tag561
256.715,tag5403
256.741,tag9651
256.791,tag259
256.441,tag10297
256.167,tag9676
256.357,tag4301
256.853,tag3385
256.167,tag9438
256.487,tag1349
256.115,tag6285
256.379,tag9742
256.615,tag6899
256.488,tag6990
256.993,tag5801
256.789,tag3138
256.385,tag6030
256.893,tag9332
256.486,tag2672
256.538,tag20
256.293,tag7039
256.858,tag7975
256.658,tag2426
256.443,tag7630
256.647,tag6199
256.325,tag8344
256.559,tag7555
256.747,tag6872
257.698,tag3649
257.787,tag6623
257.431,tag5535
257.479,tag1423
257.784,tag6996
257.843,tag11826
257.797,tag10899
257.187,tag1306
257.739,tag9766
257.848,tag1500
257.481,tag7551
257.695,tag9960
257.754,tag9742
257.754,tag8052
257.472,tag6874
257.556,tag521
257.064,tag226
257.120,tag698
257.342,tag5904
257.723,tag922
257.790,tag10987
257.774,tag10012
257.373,tag878
257.612,tag10752
257.791,tag6512
257.101,tag9613
257.929,tag5383
257.606,tag8960
257.114,tag7809
257.071,tag9946
257.516,tag5337
257.835,tag1538
257.555,tag11181
257.821,tag11691
257.254,tag1095
257.997,tag2630
257.615,tag7799
257.592,tag8051
257.566,tag8768
257.264,tag8753
258.773,tag5232
258.240,tag752
258.085,tag7627
258.050,tag6236
258.188,tag995
258.859,tag3893
258.230,tag4278
258.317,tag3994
258.972,tag7569
258.478,tag7245
258.918,tag5639
258.037,tag6730
258.817,tag11750
258.807,tag11411
258.130,tag11305
258.228,tag5923
258.576,tag5093
258.387,tag2369
258.708,tag11946
258.209,tag10398
258.906,tag1391
258.481,tag3750
258.549,tag1926
258.218,tag4921
258.766,tag9989
258.923,tag6785
258.416,tag2680
258.881,tag5705
258.223,tag8212
258.203,tag9245
258.848,tag4092
258.224,tag243
258.281,tag6510
258.387,tag5967
258.980,tag3201
258.493,tag455
258.243,tag9555
258.126,tag10879
258.201,tag8167
258.616,tag8562
259.797,tag4428
259.685,tag11599
259.001,tag413
259.836,tag3209
259.105,tag167
259.160,tag511
259.894,tag7281
259.132,tag6371
259.701,tag1712
259.121,tag7663
259.673,tag5779
259.778,tag4338
259.563,tag8600
259.906,tag2844
259.544,tag5865
259.631,tag9071
259.139,tag11406
259.918,tag8669
259.092,tag2868
259.833,tag5894
259.865,tag1619
259.891,tag11118
259.370,tag11163
259.994,tag7198
259.604,tag6046
259.487,tag2462
259.281,tag8435
259.529,tag6554
259.348,tag8808
259.345,tag8964
259.432,tag1994
259.197,tag474
259.265,tag7379
259.468,tag6729
259.736,tag10144
259.013,tag1607
259.159,tag3604
259.296,tag3634
259.759,tag3028
259.143,tag937
260.640,tag4226
260.774,tag7244
260.338,tag11126
260.462,tag3527
260.899,tag2119
260.130,tag8642
260.742,tag9130
260.373,tag11561
260.232,tag7289
260.267,tag4685
260.207,tag10422
260.462,tag8790
260.811,tag1339
260.896,tag1397
260.020,tag10234
260.823,tag11131
260.632,tag6426
260.184,tag4027
260.703,tag8341
260.800,tag10719
260.311,tag1971
260.213,tag5289
260.817,tag232
260.381,tag320
260.790,tag5519
260.199,tag6346
260.810,tag2204
260.278,tag4176
260.042,tag6570
260.854,tag136
260.617,tag5596
260.280,tag11362
260.585,tag1788
260.149,tag4613
260.961,tag9719
260.242,tag9075
260.189,tag3215
260.655,tag6294
260.478,tag7236
260.210,tag9414
261.156,tag2390
261.855,tag174
261.204,tag5040
261.228,tag5261
261.923,tag9087
261.298,tag11471
261.734,tag6650
261.092,tag7196
261.531,tag1963
261.574,tag9720
261.943,tag7003
261.957,tag4172
261.752,tag230
261.265,tag5697
261.753,tag5902
261.802,tag7343
261.789,tag7004
261.123,tag377
261.450,tag1883
261.391,tag11790
261.434,tag6680
261.064,tag6459
261.767,tag7650
261.354,tag1451
261.079,tag7210
261.886,tag11695
261.678,tag1873
261.557,tag11905
261.149,tag11699
261.368,tag6575
261.830,tag7011
261.886,tag2531
261.686,tag11231
261.409,tag9207
261.804,tag834
261.220,tag4677
261.672,tag4924
261.144,tag11081
261.881,tag4891
261.005,tag11398
262.223,tag11657
262.381,tag1056
262.271,tag8357
262.863,tag11743
262.021,tag2004
262.722,tag4179
262.635,tag3964
262.486,tag1539
262.187,tag6457
262.393,tag7518
262.207,tag7175
262.407,tag9501
262.892,tag5762
262.373,tag11334
262.678,tag6658
262.471,tag7781
262.194,tag9140
262.780,tag2145
262.669,tag4820
262.027,tag2945
262.515,tag1222
262.929,tag2547
262.749,tag2577
262.854,tag6028
262.266,tag9165
262.345,tag11330
262.344,tag2267
262.004,tag6155
262.338,tag9595
262.793,tag9162
262.698,tag10266
262.849,tag265
262.549,tag8759
262.740,tag2337
262.102,tag1631
262.451,tag6211
262.389,tag7735
262.499,tag1339
262.616,tag3266
262.528,tag11386
263.618,tag11720
263.920,tag7269
263.363,tag6511
263.200,tag10831
263.103,tag2216
263.510,tag7344
263.705,tag5063
263.959,tag6923
263.428,tag3041
263.838,tag5856
263.790,tag3620
263.629,tag9508
263.247,tag5041
263.065,tag7729
263.388,tag3693
263.408,tag2766
263.620,tag4368
263.337,tag805
263.853,tag3621
263.405,tag4125
263.360,tag9090
263.035,tag1499
263.698,tag558
263.209,tag8725
263.590,tag6122
263.245,tag555
263.085,tag3195
263.212,tag6381
263.263,tag4501
263.201,tag10577
263.120,tag10738
263.103,tag10782
263.109,tag6803
263.259,tag966
263.515,tag6191
263.384,tag5187
263.341,tag2079
263.974,tag4334
263.773,tag5218
263.300,tag2815
264.717,tag511
264.523,tag2647
264.116,tag4817
264.006,tag9587
264.382,tag8900
264.771,tag9809
264.055,tag10842
264.144,tag2313
264.034,tag10562
264.399,tag3160
264.696,tag2078
264.405,tag342
264.583,tag2827
264.437,tag3363
264.449,tag8683
264.550,tag5512
264.871,tag11121
264.663,tag5407
264.187,tag3113
264.957,tag1124
264.895,tag444
264.499,tag2820
264.462,tag6991
264.319,tag1705
264.303,tag11835
264.359,tag4113
264.273,tag5576
264.857,tag8196
264.320,tag2808
264.377,tag7859
264.342,tag622
264.951,tag532
264.385,tag6500
264.768,tag3101
264.842,tag5810
264.415,tag690
264.235,tag1449
264.616,tag4000
264.357,tag21
264.386,tag4262
265.636,tag10247
265.236,tag5086
265.404,tag9336
265.153,tag2343
265.953,tag10156
265.068,tag8247
265.524,tag9578
265.590,tag341
265.180,tag11445
265.758,tag8186
265.454,tag2688
265.756,tag6477
265.783,tag6958
265.346,tag2008
265.301,tag5059
265.835,tag4199
265.516,tag2292
265.742,tag5554
265.379,tag8577
265.913,tag9203
265.123,tag794
265.367,tag6162
265.276,tag1788
265.991,tag8723
265.704,tag8003
265.489,tag11061
265.435,tag1392
265.093,tag8966
265.204,tag8933
265.426,tag2382
265.759,tag2780
265.603,tag2479
265.435,tag11026
265.822,tag7325
265.769,tag10820
265.838,tag6344
265.891,tag4583
265.033,tag1819
265.811,tag4869
265.381,tag1428
266.729,tag2233
266.265,tag10254
266.833,tag11331
266.517,tag5959
266.500,tag534
266.658,tag4775
266.600,tag236
266.794,tag5312
266.783,tag3734
266.551,tag4453
266.689,tag10741
266.122,tag11117
266.508,tag1208
266.233,tag6580
266.564,tag6255
266.639,tag7202
266.158,tag8589
266.600,tag4780
266.915,tag7806
266.219,tag608
266.402,tag7365
266.908,tag6243
266.693,tag7254
266.333,tag2199
266.142,tag10539
266.057,tag10533
266.032,tag5383
266.625,tag11860
266.103,tag6177
266.207,tag1119
266.420,tag260
266.187,tag10527
266.277,tag11977
266.312,tag8574
266.743,tag8714
266.087,tag9198
266.508,tag8753
266.786,tag8084
266.888,tag5096
266.773,tag9117
267.223,tag1562
267.866,tag10785
267.061,tag10231
267.914,tag1839
267.793,tag842
267.845,tag6951
267.170,tag4160
267.419,tag10258
267.815,tag173
267.891,tag11223
267.603,tag7567
267.692,tag3106
267.169,tag9543
267.235,tag3465
267.277,tag6114
267.203,tag10553
267.868,tag3279
267.366,tag9827
267.403,tag11871
267.608,tag7786
267.787,tag5599
267.488,tag10334
267.005,tag6846
267.740,tag8111
267.508,tag6478
267.067,tag10816
267.106,tag4108
267.766,tag9944
267.626,tag3797
267.963,tag6346
267.254,tag4720
267.641,tag4215
267.165,tag11609
267.632,tag10745
267.100,tag254
267.963,tag32
267.219,tag10944
267.343,tag2427
267.116,tag6262
267.159,tag11502
268.085,tag4958
268.973,tag2392
268.554,tag6892
268.107,tag8939
268.131,tag3420
268.634,tag5892
268.742,tag8802
268.871,tag787
268.284,tag7313
268.915,tag4023
268.788,tag5831
268.171,tag8266
268.218,tag8920
268.331,tag585
268.206,tag5114
268.612,tag1888
268.473,tag10303
268.789,tag8450
268.305,tag7109
268.725,tag9246
268.605,tag11373
268.629,tag9896
268.141,tag7514
268.810,tag6244
268.146,tag7460
268.972,tag3554
268.773,tag2159
268.277,tag6395
268.308,tag10311
268.283,tag7885
268.392,tag1037
268.233,tag3386
268.360,tag11675
268.007,tag1308
268.777,tag9973
268.004,tag7394
268.257,tag11209
268.960,tag6358
268.017,tag856
268.539,tag3506
269.224,tag7312
269.828,tag4624
269.303,tag2684
269.158,tag9306
269.748,tag7371
269.642,tag2986
269.275,tag1863
269.792,tag164
269.038,tag2372
269.289,tag2456
269.675,tag1093
269.613,tag6992
269.866,tag6845
269.592,tag8433
269.486,tag6730
269.333,tag1740
269.446,tag2949
269.266,tag7590
269.997,tag7754
269.337,tag5652
269.464,tag5158
269.131,tag8371
269.224,tag10618
269.750,tag3737
269.248,tag10015
269.113,tag7659
269.756,tag6901
269.562,tag4162
269.895,tag8748
269.594,tag9069
269.334,tag10265
269.964,tag11996
269.014,tag4290
269.299,tag4868
269.531,tag5374
269.194,tag7500
269.974,tag10223
269.021,tag3061
269.403,tag6533
269.923,tag5850
270.934,tag4161
270.582,tag10050
270.656,tag9196
270.320,tag8096
270.880,tag5030
270.934,tag1036
270.244,tag10507
270.399,tag7246
270.868,tag6420
270.514,tag4738
270.511,tag11709
270.825,tag2277
270.589,tag6903
270.886,tag6325
270.919,tag11807
270.429,tag1068
270.905,tag7640
270.452,tag10128
270.296,tag5171
270.723,tag8873
270.374,tag6775
270.446,tag6750
270.662,tag9416
270.180,tag3463
270.871,tag5930
270.408,tag11419
270.203,tag8412
270.077,tag3118
270.760,tag3416
270.147,tag3932
270.119,tag8719
270.086,tag1106
270.620,tag9390
270.821,tag5652
270.036,tag4114
270.482,tag8842
270.155,tag4321
270.964,tag11173
270.083,tag7514
270.473,tag1711
271.378,tag1969
271.685,tag8212
271.826,tag9988
271.270,tag7211
271.433,tag1461
271.454,tag3189
271.388,tag10856
271.665,tag513
271.915,tag9985
271.412,tag2498
271.746,tag9344
271.774,tag6512
271.778,tag9128
271.640,tag7131
271.449,tag7388
271.703,tag11453
271.353,tag2943
271.987,tag702
271.491,tag5581
271.543,tag2152
271.489,tag8152
271.587,tag5288
271.297,tag4671
271.116,tag7388
271.008,tag8305
271.635,tag3370
271.935,tag1884
271.360,tag7112
271.163,tag11980
271.098,tag4607
271.421,tag8982
271.708,tag2505
271.605,tag8577
271.606,tag3216
271.123,tag11643
271.851,tag3000
271.066,tag7789
271.814,tag5832
271.438,tag9129
271.155,tag6606
272.725,tag3715
272.645,tag10495
272.792,tag702
272.810,tag4506
272.348,tag2560
272.871,tag3018
272.170,tag11325
272.477,tag11912
272.250,tag856
272.312,tag10367
272.850,tag10349
272.285,tag8202
272.025,tag10853
272.163,tag4883
272.149,tag5580
272.318,tag81
272.692,tag8102
272.445,tag7162
272.190,tag6412
272.507,tag563
272.433,tag1722
272.346,tag7959
272.369,tag5932
272.972,tag6173
272.070,tag11057
272.438,tag3402
272.731,tag310
272.422,tag10052
272.754,tag1957
272.578,tag10658
272.909,tag6920
272.426,tag639
272.768,tag10339
272.472,tag4671
272.338,tag9896
272.429,tag4573
272.215,tag11796
272.640,tag5698
272.885,tag11406
272.168,tag11689
273.130,tag8545
273.764,tag960
273.583,tag8231
273.431,tag10389
273.048,tag9076
273.616,tag9145
273.918,tag196
273.498,tag7029
273.993,tag2751
273.683,tag2436
273.251,tag7703
273.361,tag1480
273.776,tag6367
273.615,tag353
273.574,tag8523
273.464,tag3136
273.954,tag11282
273.840,tag2145
273.449,tag1701
273.593,tag2678
273.410,tag1538
273.504,tag4967
273.609,tag4472
273.085,tag6786
273.451,tag1201
273.382,tag735
273.187,tag4922
273.385,tag3792
273.941,tag3998
273.172,tag10763
273.370,tag7290
273.607,tag4431
273.819,tag11107
273.543,tag1216
273.487,tag7503
273.260,tag2648
273.731,tag4940
273.617,tag622
273.833,tag8317
273.818,tag5820
274.522,tag9497
274.670,tag6128
274.858,tag4555
274.905,tag1505
274.306,tag5940
274.444,tag4989
274.109,tag6425
274.500,tag6267
274.340,tag6093
274.047,tag8197
274.831,tag3824
274.526,tag8673
274.730,tag3342
274.588,tag992
274.221,tag2904
274.546,tag6352
274.064,tag6569
274.850,tag4262
274.336,tag3001
274.358,tag5555
274.587,tag8144
274.256,tag64
274.514,tag11952
274.629,tag1672
274.028,tag4586
274.835,tag558
274.204,tag7678
274.465,tag5423
274.681,tag10865
274.437,tag2359
274.223,tag863
274.894,tag1957
274.587,tag594
274.802,tag1060
274.796,tag328
274.648,tag11509
274.416,tag224
274.956,tag5606
274.113,tag3647
274.541,tag7161
275.305,tag7507
275.850,tag4467
275.885,tag4517
275.021,tag4308
275.968,tag797
275.334,tag5699
275.812,tag7006
275.440,tag6351
275.638,tag6157
275.143,tag705
275.464,tag370
275.192,tag2440
275.143,tag6063
275.746,tag2290
275.197,tag10382
275.034,tag5973
275.229,tag904
275.146,tag7823
275.616,tag11088
275.829,tag2700
275.908,tag1270
275.080,tag5285
275.017,tag4888
275.395,tag1750
275.615,tag2795
275.320,tag2767
275.270,tag3397
275.780,tag8221
275.149,tag7717
275.179,tag9110
275.461,tag3622
275.761,tag2472
275.478,tag11312
275.279,tag10045
275.696,tag3298
275.958,tag3867
275.659,tag7356
275.732,tag7014
275.163,tag2629
275.424,tag8903
276.101,tag10451
276.780,tag575
276.644,tag2454
276.536,tag1759
276.126,tag5325
276.493,tag9526
276.169,tag8124
276.514,tag4391
276.863,tag9527
276.569,tag6411
276.167,tag8055
276.503,tag9929
276.129,tag857
276.013,tag8697
276.554,tag896
276.915,tag804
276.350,tag9801
276.323,tag10197
276.974,tag10683
276.023,tag7931
276.243,tag437
276.212,tag8303
276.376,tag11332
276.184,tag11823
276.950,tag10487
276.798,tag11874
276.124,tag2417
276.995,tag2891
276.740,tag6370
276.494,tag11793
276.491,tag1712
276.159,tag3031
276.303,tag8159
276.230,tag1621
276.897,tag5914
276.317,tag7164
276.951,tag2689
276.187,tag5951
276.270,tag8958
276.355,tag7168
277.560,tag5941
277.181,tag4084
277.289,tag6175
277.676,tag10848
277.597,tag8768
277.288,tag158
277.179,tag7783
277.659,tag7258
277.127,tag11272
277.827,tag1902
277.271,tag1373
277.603,tag6284
277.418,tag237
277.207,tag8593
277.269,tag442
277.932,tag9509
277.246,tag11805
277.216,tag1909
277.974,tag8669
277.952,tag11331
277.528,tag3767
277.244,tag6873
277.692,tag8240
277.742,tag1471
277.730,tag9108
277.857,tag5153
277.394,tag9736
277.706,tag6819
277.114,tag8246
277.868,tag5805
277.465,tag11826
277.938,tag6304
277.321,tag3562
277.200,tag11560
277.596,tag1414
277.079,tag4753
277.812,tag449
277.874,tag11584
277.822,tag4604
277.444,tag5468
278.317,tag4372
278.428,tag5384
278.571,tag7926
278.661,tag3986
278.826,tag3033
278.083,tag10618
278.235,tag4860
278.217,tag11681
278.272,tag6686
278.367,tag7001
278.715,tag1943
278.408,tag3526
278.234,tag3905
278.066,tag5
278.541,tag8936
278.457,tag5882
278.853,tag10023
278.918,tag5316
278.118,tag11813
278.238,tag8247
278.265,tag8537
278.887,tag11305
278.471,tag4049
278.755,tag221
278.858,tag1375
278.721,tag4619
278.400,tag3756
278.028,tag6744
278.949,tag9953
278.836,tag996
278.615,tag447
278.048,tag8687
278.948,tag3503
278.011,tag8447
278.630,tag6463
278.932,tag9668
278.036,tag324
278.157,tag11650
278.271,tag4717
278.473,tag2152
279.221,tag9958
279.128,tag8738
279.143,tag6431
279.507,tag8867
279.811,tag11101
279.026,tag9984
279.487,tag10772
279.165,tag1181
279.821,tag7483
279.583,tag1665
279.096,tag7250
279.013,tag3408
279.511,tag3450
279.237,tag6300
279.197,tag10441
279.061,tag4588
279.416,tag6456
279.371,tag8664
279.307,tag11124
279.603,tag1471
279.737,tag9637
279.968,tag8745
279.689,tag631
279.314,tag2255
279.917,tag6790
279.056,tag10978
279.877,tag2800
279.088,tag4051
279.273,tag2230
279.667,tag10248
279.994,tag5714
279.338,tag4096
279.054,tag149
279.134,tag10740
279.720,tag9820
279.433,tag5095
279.215,tag1902
279.547,tag1372
279.405,tag6998
279.928,tag3624
280.760,tag2640
280.975,tag10397
280.190,tag2014
280.517,tag9537
280.931,tag1628
280.334,tag578
280.167,tag10994
280.630,tag2858
280.742,tag2008
280.726,tag1031
280.992,tag9514
280.779,tag5517
280.109,tag7746
280.721,tag2785
280.684,tag4109
280.834,tag6342
280.606,tag8733
280.741,tag4349
280.929,tag6433
280.826,tag6354
280.863,tag3697
280.489,tag10804
280.603,tag10520
280.301,tag902
280.913,tag3361
280.552,tag9822
280.253,tag7126
280.231,tag307
280.705,tag7908
280.952,tag7024
280.244,tag1159
280.478,tag3014
280.776,tag11219
280.018,tag5487
280.608,tag4552
280.890,tag7630
280.586,tag1030
280.794,tag4875
280.501,tag5334
280.537,tag7940
281.208,tag11819
281.633,tag7184
281.781,tag2064
281.285,tag2787
281.809,tag11871
281.844,tag6411
281.874,tag2878
281.925,tag4838
281.803,tag6881
281.891,tag4540
281.787,tag508
281.832,tag11220
281.811,tag6200
281.096,tag5932
281.364,tag7362
281.500,tag5888
281.515,tag10185
281.007,tag6413
281.917,tag1881
281.893,tag5380
281.824,tag8362
281.942,tag3030
281.250,tag835
281.083,tag2794
281.829,tag9723
281.783,tag4159
281.382,tag8744
281.479,tag8261
281.814,tag180
281.568,tag8239
281.866,tag5151
281.283,tag11410
281.345,tag11248
281.425,tag7257
281.481,tag8029
281.489,tag152
281.930,tag4089
281.108,tag4279
281.379,tag11314
281.350,tag422
282.757,tag7629
282.635,tag4409
282.637,tag1485
282.567,tag5107
282.365,tag11938
282.959,tag9768
282.655,tag4182
282.596,tag5996
282.109,tag5970
282.158,tag2553
282.155,tag1169
282.466,tag9128
282.208,tag9778
282.109,tag5750
282.095,tag3870
282.387,tag7276
282.895,tag10063
282.422,tag785
282.340,tag10967
282.604,tag5531
282.530,tag9692
282.817,tag2688
282.365,tag4070
282.501,tag8925
282.883,tag982
282.076,tag11829
282.979,tag8609
282.589,tag10028
282.612,tag9321
282.380,tag3707
282.384,tag11899
282.787,tag4874
282.792,tag11270
282.938,tag11238
282.136,tag11502
282.079,tag7104
282.648,tag10327
282.607,tag7799
282.845,tag10975
282.789,tag5674
283.822,tag5377
283.171,tag11244
283.869,tag1789
283.767,tag11486
283.767,tag2855
283.842,tag10344
283.802,tag11544
283.062,tag9831
283.979,tag3669
283.724,tag4251
283.891,tag8477
283.521,tag2426
283.298,tag1005
283.032,tag11014
283.315,tag11556
283.111,tag8959
283.576,tag8991
283.734,tag3088
283.749,tag5648
283.058,tag29
283.322,tag2911
283.307,tag8124
283.768,tag8477
283.563,tag7725
283.110,tag11320
283.129,tag10982
283.341,tag4076
283.932,tag3054
283.575,tag32
283.128,tag3649
283.137,tag532
283.871,tag308
283.510,tag4283
283.520,tag5316
283.267,tag6778
283.326,tag2635
283.447,tag8779
283.387,tag10926
283.856,tag9773
283.699,tag8951
284.087,tag2788
284.016,tag8663
284.769,tag8232
284.678,tag3127
284.244,tag326
284.750,tag3542
284.880,tag2809
284.380,tag10638
284.216,tag10192
284.363,tag1614
284.670,tag10774
284.581,tag787
284.658,tag980
284.805,tag9557
284.719,tag11728
284.065,tag5859
284.269,tag10807
284.394,tag3604
284.671,tag9752
284.137,tag3292
284.957,tag1221
284.199,tag9747
284.906,tag36
284.272,tag7814
284.363,tag7905
284.384,tag4211
284.394,tag10782
284.715,tag2621
284.445,tag2987
284.108,tag1161
284.928,tag132
284.777,tag5005
284.859,tag8116
284.868,tag1370
284.384,tag1065
284.255,tag6723
284.852,tag3809
284.525,tag7385
284.838,tag1701
284.693,tag3638
285.120,tag9398
285.770,tag6335
285.990,tag7006
285.715,tag11608
285.110,tag5081
285.883,tag11233
285.268,tag9835
285.133,tag5257
285.964,tag7599
285.053,tag10535
285.017,tag5882
285.629,tag10834
285.988,tag2369
285.678,tag10113
285.429,tag9975
285.316,tag7726
285.899,tag7330
285.330,tag3347
285.431,tag5957
285.557,tag8570
285.165,tag820
285.141,tag2328
285.601,tag2223
285.849,tag7227
285.985,tag11494
285.631,tag4141
285.496,tag2668
285.752,tag1613
285.359,tag1846
285.467,tag8832
285.763,tag3751
285.744,tag10093
285.050,tag1843
285.100,tag10302
285.540,tag7026
285.552,tag100
285.352,tag2833
285.511,tag8680
285.987,tag11754
285.810,tag4852
286.516,tag1854
286.103,tag4522
286.135,tag4159
286.921,tag3614
286.185,tag2020
286.599,tag5249
286.951,tag8099
286.639,tag1678
286.459,tag9092
286.672,tag2377
286.568,tag4343
286.457,tag11040
286.397,tag11217
286.006,tag11373
286.994,tag1530
286.994,tag4019
286.826,tag7665
286.185,tag3270
286.748,tag3938
286.658,tag7180
286.832,tag3331
286.311,tag10206
286.134,tag11400
286.344,tag367
286.037,tag5247
286.728,tag5008
286.098,tag5638
286.144,tag9499
286.617,tag4391
286.775,tag4448
286.667,tag1146
286.361,tag10386
286.969,tag10892
286.841,tag7314
286.475,tag7490
286.039,tag10201
286.917,tag2370
286.162,tag6555
286.473,tag225
286.972,tag4013
287.918,tag1875
287.644,tag7645
287.236,tag3105
287.222,tag10984
287.886,tag11387
287.276,tag607
287.419,tag5821
287.969,tag11345
287.221,tag8924
287.715,tag2059
287.507,tag9960
287.907,tag8168
287.469,tag11898
287.753,tag10777
287.093,tag8629
287.367,tag9187
287.459,tag11296
287.639,tag3085
287.719,tag4691
287.214,tag6322
287.080,tag10872
287.100,tag10029
287.996,tag9588
287.341,tag10287
287.020,tag10681
287.694,tag2103
287.187,tag7436
287.879,tag397
287.326,tag6620
287.503,tag6403
287.132,tag621
287.832,tag11065
287.103,tag3198
287.891,tag8378
287.118,tag10590
287.553,tag7453
287.178,tag2159
287.110,tag7958
287.530,tag940
287.374,tag8564
288.629,tag3389
288.212,tag1778
288.713,tag10986
288.008,tag4616
288.656,tag7461
288.248,tag7919
288.018,tag11386
288.279,tag5806
288.834,tag676
288.849,tag3056
288.497,tag11330
288.757,tag292
288.601,tag4527
288.569,tag8136
288.672,tag675
288.196,tag673
288.519,tag7376
288.429,tag8294
288.999,tag7688
288.012,tag4074
288.592,tag11148
288.269,tag9901
288.168,tag7578
288.068,tag5043
288.418,tag10476
288.481,tag1464
288.301,tag9545
288.090,tag11364
288.692,tag2594
288.243,tag5671
288.739,tag6507
288.816,tag9263
288.860,tag4090
288.416,tag5035
288.568,tag11220
288.912,tag1345
288.312,tag11867
288.751,tag1718
288.611,tag7088
288.337,tag6437
289.680,tag8984
289.036,tag5201
289.648,tag161
289.044,tag792
289.003,tag609
289.322,tag11199
289.882,tag9130
289.919,tag8278
289.322,tag8760
289.511,tag6090
289.438,tag9301
289.010,tag3728
289.684,tag6929
289.541,tag11219
289.520,tag3290
289.938,tag8077
289.688,tag3542
289.793,tag11506
289.540,tag14
289.377,tag5614
289.022,tag4066
289.733,tag11724
289.409,tag3586
289.032,tag10927
289.092,tag710
289.840,tag3807
289.947,tag7286
289.131,tag6004
289.006,tag3244
289.366,tag10947
289.888,tag150
289.051,tag8529
289.088,tag10075
289.560,tag3994
289.774,tag11203
289.158,tag758
289.998,tag7464
289.565,tag2686
289.092,tag3053
289.674,tag198
290.583,tag10370
290.737,tag204
290.123,tag2880
290.336,tag2532
290.757,tag9760
290.236,tag231
290.647,tag4356
290.045,tag3608
290.922,tag1394
290.269,tag682
290.213,tag3442
290.592,tag9697
290.125,tag11408
290.585,tag5774
290.156,tag4768
290.560,tag3566
290.706,tag6446
290.879,tag3076
290.125,tag9226
290.159,tag2392
290.134,tag8354
290.761,tag2329
290.878,tag2852
290.288,tag7922
290.077,tag539
290.196,tag5649
290.853,tag3648
290.603,tag4493
290.075,tag3668
290.156,tag3460
290.445,tag4061
290.671,tag4782
290.691,tag2327
290.772,tag2700
290.324,tag1286
290.853,tag6460
290.704,tag1631
290.084,tag10737
290.058,tag1706
290.712,tag5128
291.270,tag6737
291.520,tag7712
291.572,tag6003
291.490,tag5259
291.182,tag7484
291.424,tag1384
291.327,tag5325
291.726,tag6155
291.914,tag11564
291.004,tag3957
291.699,tag1035
291.510,tag4316
291.469,tag10688
291.259,tag4972
291.339,tag5584
291.747,tag10287
291.284,tag9816
291.185,tag7531
291.308,tag8744
291.956,tag9568
291.655,tag2819
291.188,tag7206
291.670,tag11799
291.249,tag8539
291.813,tag9507
291.209,tag7734
291.507,tag9848
291.536,tag4983
291.093,tag5305
291.103,tag10376
291.112,tag7827
291.437,tag10692
291.568,tag4784
291.807,tag11741
291.156,tag2800
291.048,tag9551
291.380,tag5838
291.337,tag3719
291.018,tag5937
291.368,tag8045
292.148,tag5291
292.542,tag671
292.320,tag9891
292.955,tag5433
292.802,tag966
292.952,tag4945
292.975,tag9437
292.123,tag3274
292.578,tag1859
292.608,tag11694
292.623,tag8817
292.375,tag6699
292.040,tag1175
292.741,tag2189
292.406,tag8320
292.266,tag10820
292.889,tag7107
292.542,tag2479
292.548,tag8265
292.606,tag3016
292.710,tag11862
292.429,tag3568
292.311,tag4117
292.405,tag4917
292.762,tag8841
292.186,tag7038
292.473,tag3698
292.042,tag7677
292.253,tag898
292.433,tag11872
292.450,tag8486
292.952,tag10524
292.165,tag1777
292.369,tag2704
292.768,tag9289
292.024,tag10924
292.664,tag8799
292.397,tag11976
292.451,tag8387
292.437,tag10013
293.138,tag7352
293.186,tag849
293.989,tag3142
293.394,tag9981
293.594,tag6196
293.754,tag7508
293.165,tag2545
293.361,tag7591
293.721,tag5794
293.635,tag10233
293.284,tag647
293.716,tag8142
293.219,tag10385
293.927,tag2370
293.312,tag2397
293.993,tag3179
293.376,tag6269
293.047,tag4818
293.947,tag11468
293.096,tag9313
293.206,tag3064
293.717,tag3589
293.922,tag8179
293.787,tag4411
293.328,tag3150
293.353,tag3023
293.158,tag6092
293.734,tag2283
293.627,tag11434
293.756,tag6930
293.357,tag9467
293.802,tag2634
293.011,tag8746
293.522,tag9482
293.165,tag5634
293.865,tag1505
293.130,tag9822
293.516,tag7183
293.329,tag6032
293.026,tag11321
294.765,tag8639
294.033,tag11841
294.780,tag8416
294.206,tag2690
294.613,tag5027
294.205,tag4739
294.330,tag2567
294.942,tag9204
294.964,tag364
294.228,tag3863
294.249,tag2110
294.086,tag6636
294.929,tag238
294.607,tag5583
294.329,tag3036
294.860,tag11052
294.669,tag2026
294.887,tag6425
294.920,tag3911
294.008,tag7061
294.004,tag5272
294.584,tag3938
294.322,tag4907
294.788,tag10570
294.579,tag888
294.210,tag11440
294.558,tag1291
294.130,tag6598
294.651,tag10184
294.458,tag6450
294.134,tag3420
294.357,tag7385
294.653,tag10310
294.621,tag1330
294.474,tag898
294.587,tag304
294.893,tag6415
294.202,tag11620
294.445,tag327
294.239,tag5377
295.487,tag3353
296.000,tag1023
295.930,tag4631
295.918,tag11170
295.546,tag2697
295.301,tag11217
295.348,tag9696
295.894,tag10950
295.951,tag839
295.278,tag7524
295.292,tag11735
295.344,tag10324
295.944,tag5291
295.111,tag6938
295.427,tag6239
295.161,tag9829
295.517,tag7828
295.601,tag2246
295.624,tag8860
295.312,tag105
295.144,tag11503
295.013,tag10915
295.344,tag10479
295.309,tag1616
295.029,tag1329
295.103,tag4410
295.754,tag3155
295.655,tag3767
295.304,tag1501
295.467,tag11948
295.654,tag10777
295.939,tag6639
295.222,tag1783
295.994,tag7243
295.460,tag6987
295.359,tag767
295.756,tag3135
295.393,tag9998
295.728,tag10986
295.615,tag4373
296.838,tag8847
296.613,tag5781
296.118,tag10783
296.514,tag9494
296.178,tag5433
296.677,tag10998
296.389,tag8979
296.233,tag2204
296.228,tag3556
296.084,tag2191
296.290,tag2169
296.523,tag9000
296.456,tag1156
296.375,tag5274
296.616,tag4195
296.389,tag9737
296.079,tag2266
296.144,tag2245
296.083,tag8911
296.045,tag11701
296.696,tag8357
296.499,tag11517
296.635,tag5667
296.872,tag10924
296.645,tag10829
296.919,tag4606
296.565,tag3941
296.826,tag6231
296.075,tag9294
296.610,tag2328
296.440,tag1130
296.732,tag10206
296.780,tag6362
296.912,tag7343
296.676,tag1578
296.321,tag11526
296.546,tag5066
296.560,tag1087
296.711,tag6873
296.869,tag8568
297.246,tag929
297.567,tag5107
297.167,tag3578
297.823,tag706
297.850,tag11844
297.943,tag4837
297.620,tag1439
297.644,tag8988
297.765,tag4324
297.638,tag3557
297.401,tag7263
297.118,tag11737
297.023,tag258
297.321,tag9482
297.504,tag1093
297.385,tag10423
297.307,tag3599
297.039,tag10808
297.622,tag1977
297.021,tag10039
297.445,tag10308
297.255,tag10954
297.857,tag5744
297.638,tag7782
297.619,tag8824
297.697,tag4492
297.385,tag10566
297.929,tag10630
297.523,tag4546
297.639,tag7169
297.621,tag1430
297.306,tag8478
297.984,tag3861
297.737,tag5582
297.125,tag3123
297.679,tag1191
297.202,tag10915
297.465,tag1704
297.103,tag1322
297.980,tag2448
298.433,tag10713
298.178,tag7218
298.856,tag5205
298.413,tag9038
298.983,tag2865
298.068,tag8377
298.071,tag10760
298.054,tag4682
298.882,tag5255
298.254,tag2033
298.114,tag6615
298.031,tag2364
298.347,tag7330
298.818,tag3142
298.379,tag961
298.802,tag1688
298.462,tag3871
298.353,tag6285
298.461,tag11375
298.364,tag4625
298.138,tag2104
298.057,tag7081
298.092,tag8810
298.629,tag8890
298.515,tag5725
298.082,tag639
298.736,tag3900
298.086,tag982
298.613,tag9487
298.925,tag7511
298.732,tag1322
298.393,tag6937
298.749,tag9876
298.964,tag6729
298.352,tag8602
298.872,tag5994
298.548,tag2180
298.756,tag7865
298.064,tag9126
298.525,tag6569
299.971,tag11972
299.100,tag1055
299.769,tag4490
299.923,tag2171
299.446,tag3342
299.997,tag5694
299.565,tag80
299.311,tag610
299.277,tag8157
299.140,tag8307
299.778,tag5902
299.876,tag3595
299.930,tag9540
299.404,tag2660
299.392,tag5725
299.149,tag2544
299.462,tag6696
299.112,tag1953
299.363,tag9078
299.432,tag7860
299.328,tag5441
299.647,tag2345
299.100,tag2611
299.294,tag5749
299.783,tag6933
299.254,tag4767
299.575,tag7003
299.013,tag11687
299.924,tag10291
299.379,tag10612
299.772,tag8002
299.529,tag11358
299.661,tag8533
299.895,tag7710
299.596,tag277
299.556,tag4501
299.626,tag10851
299.759,tag9290
299.768,tag203
299.581,tag5453
300.629,tag10668
300.779,tag8914
300.104,tag9826
300.849,tag3696
300.262,tag5981
300.153,tag3190
300.438,tag10150
300.739,tag3929
300.963,tag6305
300.436,tag8068
300.126,tag5039
300.816,tag3251
300.016,tag7930
300.212,tag1262
300.852,tag5630
300.129,tag2879
300.933,tag6129
300.113,tag4033
300.237,tag3900
300.614,tag5081
300.157,tag7044
300.659,tag4793
300.987,tag8026
300.776,tag200
300.673,tag814
300.884,tag1148
300.618,tag8516
300.554,tag5767
300.592,tag2560
300.880,tag11486
300.242,tag7647
300.290,tag630
300.011,tag737
300.565,tag10312
300.077,tag2703
300.663,tag2719
300.012,tag5685
300.618,tag2674
300.222,tag3983
300.343,tag1002
301.077,tag5698
301.752,tag1862
301.372,tag5205
301.438,tag5138
301.187,tag4750
301.179,tag9353
301.902,tag3211
301.823,tag10989
301.576,tag11947
301.439,tag5306
301.054,tag8330
301.773,tag10952
301.533,tag768
301.865,tag4642
301.514,tag6832
301.622,tag2111
301.012,tag3382
301.221,tag1026
301.871,tag7663
301.361,tag7488
301.735,tag3305
301.886,tag7535
301.138,tag7814
301.753,tag9906
301.472,tag2098
301.085,tag1127
301.976,tag4123
301.275,tag6678
301.079,tag8982
301.819,tag3965
301.346,tag1947
301.540,tag3718
301.981,tag10222
301.984,tag10357
301.149,tag9189
301.909,tag5600
301.904,tag6942
301.929,tag10497
301.039,tag1457
301.775,tag8245
302.453,tag3527
302.346,tag2384
302.408,tag11638
302.488,tag11706
302.530,tag817
302.485,tag577
302.248,tag2619
302.670,tag9158
302.397,tag11898
302.438,tag7371
302.937,tag10950
302.005,tag4895
302.995,tag2706
302.638,tag10701
302.029,tag10534
302.534,tag9907
302.958,tag7110
302.175,tag7598
302.532,tag9064
302.907,tag2941
302.381,tag601
302.623,tag2150
302.397,tag1100
302.944,tag8029
302.807,tag6417
302.827,tag4578
302.590,tag5768
302.044,tag7274
302.322,tag11009
302.029,tag6925
302.860,tag5515
302.857,tag9142
302.961,tag8624
302.467,tag9019
302.967,tag2624
302.916,tag5264
302.917,tag3702
302.909,tag7588
302.493,tag532
302.418,tag11516
303.228,tag10344
303.740,tag11893
303.744,tag6941
303.487,tag7947
303.141,tag1882
303.507,tag11348
303.142,tag403
303.738,tag9358
303.021,tag9568
303.464,tag8903
303.381,tag9643
303.453,tag9571
303.813,tag3930
303.906,tag4378
303.264,tag5136
303.969,tag180
303.425,tag7659
303.846,tag1744
303.200,tag11512
303.787,tag5795
303.960,tag4824
303.105,tag398
303.481,tag9264
303.001,tag940
303.136,tag10974
303.752,tag2566
303.540,tag1267
303.497,tag10195
303.793,tag8052
303.910,tag8754
303.063,tag2978
303.315,tag0
303.049,tag3897
303.642,tag4632
303.839,tag1564
303.115,tag10408
303.574,tag10537
303.709,tag10652
303.738,tag4059
303.532,tag11308
304.491,tag3573
304.832,tag6266
304.097,tag5421
304.345,tag5023
304.098,tag6777
304.079,tag9446
304.820,tag11357
304.679,tag7958
304.913,tag4365
304.081,tag11347
304.297,tag7900
304.892,tag5735
304.715,tag10020
304.432,tag4274
304.493,tag2637
304.920,tag7765
304.860,tag1925
304.355,tag4812
304.201,tag6821
304.765,tag9769
304.605,tag9837
304.583,tag6569
304.852,tag10969
304.846,tag4058
304.232,tag7978
304.903,tag9162
304.313,tag2338
304.822,tag11681
304.085,tag3133
304.533,tag11798
304.058,tag6773
304.583,tag2047
304.409,tag3157
304.936,tag4570
304.837,tag6044
304.191,tag8457
304.176,tag8602
304.748,tag8159
304.470,tag10748
304.331,tag2875
305.847,tag9088
305.897,tag7970
305.991,tag9834
305.035,tag3338
305.590,tag6464
305.558,tag2060
305.892,tag2621
305.425,tag8879
305.815,tag8858
305.371,tag948
305.544,tag1268
305.172,tag4065
305.682,tag3771
305.795,tag3399
305.188,tag11372
305.583,tag4512
305.644,tag9407
305.219,tag4163
305.475,tag8348
305.388,tag1615
305.235,tag6573
305.376,tag4719
305.441,tag1621
305.451,tag5261
305.253,tag1852
305.112,tag9713
305.546,tag11430
305.131,tag11583
305.260,tag1418
305.971,tag1748
305.897,tag3290
305.190,tag8440
305.814,tag4831
305.935,tag107
305.266,tag11619
305.555,tag9713
305.016,tag6990
305.260,tag7008
305.656,tag6978
305.259,tag1885
306.238,tag3759
306.835,tag1450
306.110,tag10979
306.244,tag5256
306.234,tag9168
306.302,tag5481
306.007,tag1041
306.775,tag3156
306.814,tag1383
306.321,tag6772
306.173,tag2818
306.459,tag4340
306.714,tag11849
306.134,tag10829
306.195,tag8672
306.790,tag10555
306.604,tag10868
306.265,tag9594
306.925,tag2865
306.506,tag11959
306.185,tag4515
306.348,tag4505
306.660,tag10664
306.544,tag2715
306.571,tag8385
306.479,tag11095
306.115,tag8445
306.415,tag1158
306.663,tag9558
306.924,tag2024
306.626,tag11432
306.905,tag4441
306.245,tag10163
306.349,tag6049
306.394,tag4077
306.312,tag10319
306.030,tag10060
306.560,tag1901
306.997,tag7957
306.672,tag8471
307.142,tag14
307.336,tag3410
307.312,tag8103
307.964,tag6638
307.945,tag6176
307.963,tag1008
307.715,tag9481
307.574,tag3910
307.148,tag4582
307.819,tag11748
307.980,tag838
307.001,tag5049
307.111,tag9443
307.525,tag11103
307.919,tag3251
307.271,tag2532
307.150,tag9207
307.701,tag7680
307.768,tag10558
307.614,tag713
307.010,tag2933
307.171,tag1696
307.836,tag4130
307.366,tag1734
307.347,tag4868
307.054,tag9072
307.161,tag11819
307.299,tag2033
307.035,tag7672
307.746,tag1207
307.196,tag4246
307.844,tag974
307.454,tag6573
307.420,tag1979
307.768,tag536
307.332,tag6136
307.338,tag4476
307.197,tag2794
307.318,tag8612
307.626,tag777
308.955,tag2055
308.470,tag2384
308.723,tag5331
308.697,tag2060
308.564,tag11374
308.672,tag6179
308.412,tag5937
308.822,tag517
308.875,tag10831
308.920,tag490
308.037,tag11319
308.178,tag1312
308.703,tag8180
308.052,tag1475
308.640,tag3133
308.551,tag6700
308.894,tag5379
308.837,tag5498
308.387,tag53
308.326,tag6835
308.671,tag10016
308.447,tag8241
308.879,tag1785
308.435,tag6060
308.990,tag6097
308.225,tag3790
308.022,tag3876
308.645,tag2565
308.224,tag7874
308.186,tag4692
308.524,tag9288
308.408,tag5442
308.468,tag8397
308.883,tag1241
308.450,tag1842
308.786,tag8192
308.936,tag4424
308.807,tag6894
308.760,tag9138
308.483,tag5780
309.264,tag4893
309.821,tag10600
309.145,tag11732
309.721,tag10289
309.444,tag1881
309.806,tag10329
309.978,tag1234
309.311,tag8452
309.706,tag9696
309.158,tag8339
309.193,tag1223
309.267,tag10039
309.130,tag10037
309.348,tag2285
309.519,tag7805
309.731,tag10787
309.575,tag8468
309.923,tag410
309.007,tag4400
309.492,tag6885
309.260,tag2556
309.456,tag8968
309.353,tag5744
309.750,tag1724
309.704,tag3063
309.646,tag9662
309.221,tag11575
309.648,tag432
309.241,tag2952
309.598,tag8173
309.294,tag10295
309.374,tag11699
309.686,tag5586
309.018,tag1221
309.455,tag3903
309.079,tag10203
309.841,tag7522
309.528,tag7047
309.915,tag11203
309.371,tag6218
310.196,tag7359
310.247,tag5460
310.783,tag3752
310.062,tag2016
310.004,tag9183
310.087,tag845
310.679,tag8611
310.310,tag9770
310.758,tag4780
310.564,tag5582
310.412,tag3079
310.485,tag3077
310.548,tag4929
310.578,tag8759
310.825,tag9976
310.588,tag10455
310.529,tag2779
310.372,tag9825
310.794,tag9938
310.932,tag10147
310.589,tag11215
310.379,tag1649
310.573,tag2743
310.241,tag849
310.579,tag5613
310.901,tag6596
310.632,tag1220
310.770,tag840
310.640,tag11235
310.409,tag8019
310.249,tag3102
310.816,tag11454
310.232,tag606
310.478,tag11941
310.384,tag3426
310.892,tag4540
310.151,tag11518
310.453,tag3832
310.718,tag1175
310.615,tag7184
311.342,tag3367
311.842,tag3914
311.747,tag2745
311.622,tag16
311.447,tag5741
311.872,tag5306
311.837,tag1251
311.594,tag7758
311.469,tag8908
311.806,tag7682
311.844,tag529
311.353,tag4953
311.252,tag7941
311.858,tag2902
311.258,tag6315
311.887,tag3748
311.353,tag3950
311.797,tag11076
311.034,tag9596
311.929,tag8872
311.626,tag10917
311.834,tag3496
311.945,tag969
311.677,tag9026
311.423,tag1314
311.363,tag10927
311.113,tag926
311.066,tag3746
311.683,tag3800
311.831,tag8893
311.944,tag2407
311.252,tag2338
311.312,tag1020
311.387,tag543
311.748,tag5629
311.729,tag4333
311.056,tag8307
311.229,tag11733
311.253,tag9791
311.049,tag2696
312.851,tag4522
312.611,tag3933
312.284,tag5277
312.062,tag3695
312.236,tag9553
312.318,tag1559
312.048,tag8930
312.184,tag1576
312.305,tag4277
312.644,tag5570
312.467,tag11686
312.180,tag10118
312.481,tag10324
312.406,tag6997
312.602,tag2568
312.525,tag4337
312.318,tag6500
312.439,tag9239
312.122,tag6662
312.822,tag3186
312.767,tag7794
312.603,tag11967
312.316,tag6178
312.242,tag422
312.971,tag9937
312.014,tag271
312.352,tag4810
312.296,tag7773
312.879,tag9165
312.213,tag7892
312.332,tag9142
312.369,tag3069
312.896,tag8111
312.562,tag9514
312.060,tag8773
312.417,tag3978
312.530,tag4119
312.914,tag3989
312.173,tag9902
312.549,tag3702
313.516,tag5713
313.201,tag9194
313.246,tag9269
313.312,tag1654
313.416,tag5975
313.509,tag3550
313.438,tag8765
313.343,tag2064
313.649,tag11815
313.527,tag2731
313.483,tag2065
313.377,tag11165
313.224,tag3248
313.071,tag11556
313.059,tag3045
313.120,tag9024
313.258,tag2483
313.408,tag7201
313.208,tag8843
313.290,tag10438
313.156,tag9922
313.917,tag7162
313.906,tag2522
313.246,tag3902
313.766,tag745
313.148,tag8048
313.660,tag8293
313.133,tag9484
313.602,tag8600
313.643,tag1379
313.495,tag8609
313.714,tag8808
313.860,tag738
313.659,tag8755
313.926,tag3444
313.329,tag6047
313.813,tag638
313.983,tag10294
313.827,tag288
313.897,tag9043
314.941,tag8333
314.378,tag11574
314.538,tag5371
314.178,tag11668
314.147,tag3400
314.074,tag1657
314.589,tag11850
314.485,tag3259
314.727,tag635
314.364,tag9096
314.183,tag114
314.171,tag5394
314.043,tag7567
314.060,tag4249
314.862,tag10863
314.864,tag259
314.651,tag7765
314.215,tag11019
314.234,tag4472
314.058,tag4530
314.074,tag901
314.087,tag10112
314.489,tag2024
314.613,tag2669
314.774,tag5868
314.555,tag9799
314.059,tag3564
314.829,tag2558
314.650,tag7065
314.593,tag3256
314.144,tag8894
314.620,tag8516
314.853,tag1334
314.644,tag7444
314.579,tag5805
314.261,tag6443
314.342,tag10644
314.313,tag334
314.222,tag4299
314.372,tag6273
315.163,tag11474
315.500,tag10745
315.202,tag1621
315.515,tag5897
315.452,tag6787
315.666,tag3254
315.604,tag1596
315.116,tag10536
315.542,tag5523
315.506,tag1373
315.866,tag9681
315.057,tag3227
315.361,tag2302
315.699,tag6789
315.946,tag7571
315.080,tag7785
315.260,tag4878
315.300,tag9267
315.710,tag2008
315.291,tag9906
315.961,tag541
315.092,tag11002
315.679,tag1659
315.136,tag8453
315.871,tag8233
315.670,tag989
315.333,tag1567
315.388,tag8964
315.705,tag4532
315.518,tag8432
315.661,tag262
315.264,tag3316
315.414,tag3563
315.756,tag7068
315.441,tag7787
315.393,tag9047
315.780,tag11369
315.064,tag4701
315.474,tag6151
315.887,tag5670
316.156,tag8481
316.029,tag503
316.934,tag7836
316.278,tag9403
316.610,tag7302
316.882,tag9620
316.416,tag4020
316.029,tag11901
316.795,tag6907
316.327,tag143
316.601,tag3935
316.333,tag7653
316.703,tag9668
316.993,tag2205
316.031,tag7574
316.765,tag8037
316.898,tag5039
316.619,tag5963
316.155,tag1234
316.442,tag1708
316.319,tag11661
316.510,tag10563
316.339,tag11734
316.287,tag5630
316.927,tag4670
316.791,tag1884
316.575,tag2082
316.202,tag10841
316.649,tag10769
316.060,tag5800
316.868,tag10438
316.399,tag7126
316.883,tag9281
316.775,tag10914
316.258,tag2936
316.898,tag1897
316.083,tag7682
316.851,tag1821
316.576,tag1347
316.117,tag2874
317.644,tag497
317.466,tag10961
317.474,tag7196
317.502,tag7443
317.338,tag8934
317.925,tag9621
317.775,tag573
317.193,tag2331
317.525,tag6626
317.527,tag11676
317.520,tag1916
317.748,tag4012
317.090,tag8741
317.602,tag3842
317.855,tag8890
317.005,tag11486
317.987,tag5339
317.959,tag7736
317.629,tag5417
317.807,tag3648
317.125,tag869
317.247,tag2303
317.701,tag6828
317.740,tag6653
317.429,tag5401
317.025,tag7640
317.711,tag11701
317.488,tag5064
317.764,tag584
317.386,tag669
317.451,tag661
317.403,tag3735
317.879,tag4633
317.587,tag5066
317.614,tag3225
317.167,tag721
317.937,tag1732
317.990,tag4883
317.397,tag6988
317.459,tag2132
318.361,tag2396
318.824,tag1712
318.005,tag993
318.760,tag5264
318.197,tag2445
318.551,tag9805
318.648,tag10511
318.908,tag8814
318.671,tag2394
318.026,tag11434
318.113,tag7097
318.588,tag8099
318.922,tag1941
318.413,tag7648
318.132,tag1514
318.044,tag8663
318.499,tag10320
318.183,tag6921
318.739,tag10332
318.709,tag4133
318.668,tag2796
318.224,tag1474
318.877,tag1832
318.094,tag1495
318.249,tag7957
318.228,tag3483
318.526,tag11957
318.710,tag2468
318.954,tag10827
318.940,tag7088
318.241,tag6473
318.436,tag4142
318.062,tag1661
318.815,tag9475
318.595,tag4094
318.941,tag1438
318.481,tag62
318.510,tag9980
318.322,tag1562
318.088,tag7188
319.727,tag10053
319.804,tag7910
319.815,tag5126
319.478,tag10540
319.316,tag3863
319.997,tag8288
319.984,tag2910
319.646,tag1720
319.619,tag2089
319.587,tag8675
319.658,tag7559
319.782,tag7607
319.394,tag10287
319.350,tag6020
319.306,tag387
319.660,tag8429
319.127,tag3879
319.408,tag2059
319.035,tag11681
319.032,tag11536
319.837,tag9684
319.968,tag5012
319.907,tag577
319.479,tag3131
319.299,tag2086
319.089,tag8132
319.701,tag7377
319.576,tag8856
319.581,tag6377
319.177,tag11504
319.480,tag3470
319.205,tag5382
319.518,tag1535
319.179,tag784
319.229,tag11214
319.115,tag5211
319.220,tag11
319.959,tag5654
319.670,tag1058
319.393,tag11171
320.500,tag7522
320.141,tag3072
320.604,tag3073
320.422,tag4703
320.714,tag6447
320.963,tag8591
320.026,tag8154
320.244,tag2681
320.481,tag2766
320.665,tag5332
320.733,tag11195
320.030,tag11588
320.047,tag84
320.318,tag7959
320.432,tag9693
320.891,tag4243
320.156,tag4551
320.306,tag3849
320.113,tag7116
320.650,tag10212
320.581,tag5603
320.652,tag9419
320.055,tag435
320.161,tag3943
320.057,tag8706
320.084,tag7400
320.129,tag6870
320.148,tag9571
320.588,tag10837
320.744,tag3169
320.162,tag6777
320.741,tag1114
320.053,tag11687
320.406,tag62
320.486,tag468
320.484,tag8440
320.723,tag3116
320.461,tag5394
320.044,tag486
320.291,tag4773
321.256,tag1665
321.741,tag2230
321.763,tag5068
321.853,tag1075
321.604,tag3629
321.835,tag8269
321.537,tag11186
321.218,tag5680
321.882,tag6946
321.993,tag2326
321.276,tag6341
321.895,tag8450
321.212,tag7822
321.389,tag7914
321.118,tag11543
321.303,tag5608
321.163,tag3829
321.411,tag4764
321.769,tag10157
321.290,tag1483
321.279,tag8136
321.572,tag11526
321.093,tag8686
321.647,tag2088
321.608,tag9036
321.964,tag9560
321.124,tag7184
321.440,tag8650
321.127,tag7602
321.508,tag9407
321.956,tag2957
321.305,tag11249
321.528,tag5327
321.640,tag7592
321.686,tag5523
321.400,tag3385
321.586,tag4723
321.520,tag3360
321.052,tag11467
321.130,tag9769
322.732,tag6727
322.344,tag1430
322.611,tag5732
322.226,tag4239
322.656,tag10701
322.221,tag10249
322.343,tag4542
322.069,tag7190
322.578,tag2709
322.342,tag7533
322.997,tag7119
322.824,tag4930
322.351,tag2279
322.281,tag5710
322.756,tag6669
322.225,tag9168
322.627,tag3658
322.699,tag4346
322.351,tag6010
322.900,tag10987
322.070,tag418
322.348,tag5576
322.929,tag7979
322.984,tag2833
322.000,tag2354
322.340,tag11077
322.122,tag3412
322.719,tag657
322.838,tag4012
322.558,tag9899
322.575,tag6883
322.650,tag5714
322.370,tag6259
322.259,tag22
322.910,tag558
322.267,tag8605
322.782,tag6673
322.838,tag2012
322.906,tag2141
322.512,tag8561
323.430,tag2804
323.872,tag1733
323.239,tag11840
323.994,tag7212
323.516,tag6963
323.022,tag1930
323.921,tag1859
323.521,tag6928
323.994,tag4024
323.811,tag9970
323.763,tag1618
323.827,tag11274
323.318,tag9935
323.595,tag10428
323.426,tag2464
323.387,tag8894
323.764,tag850
323.329,tag2234
323.651,tag1919
323.194,tag1890
323.164,tag5245
323.182,tag1496
323.685,tag1488
323.892,tag601
323.225,tag6974
323.974,tag5671
323.418,tag2725
323.686,tag2450
323.362,tag7369
323.866,tag7124
323.569,tag163
323.480,tag7127
323.324,tag8114
323.676,tag9212
323.069,tag517
323.575,tag8498
323.776,tag9691
323.956,tag1605
323.379,tag2606
323.660,tag5045
324.355,tag6657
324.335,tag6811
324.024,tag3220
324.298,tag2161
324.222,tag5836
324.311,tag9679
324.647,tag4543
324.207,tag6311
324.029,tag9613
324.304,tag4135
324.360,tag6516
324.692,tag4927
324.548,tag2539
324.386,tag3269
324.687,tag2556
324.647,tag253
324.782,tag868
324.973,tag4177
324.363,tag2507
324.390,tag4677
324.548,tag5315
324.280,tag11469
324.947,tag6141
324.095,tag2054
324.166,tag3845
324.551,tag2225
324.843,tag6342
324.375,tag8800
324.085,tag5985
324.958,tag7429
324.416,tag10367
324.678,tag1218
324.501,tag3829
324.057,tag2345
324.918,tag5329
324.493,tag8295
324.320,tag10658
324.666,tag4242
324.759,tag2545
324.444,tag11556
325.277,tag11572
325.604,tag9153
325.109,tag3561
325.753,tag1197
325.187,tag10331
325.070,tag11748
325.385,tag6058
325.954,tag4097
325.456,tag11523
325.163,tag5766
325.658,tag9865
325.060,tag5611
325.681,tag6550
325.450,tag6585
325.903,tag4556
325.914,tag5687
325.549,tag8066
325.708,tag717
325.511,tag4356
325.736,tag2296
325.956,tag9092
325.686,tag11699
325.564,tag2255
325.855,tag8581
325.990,tag10654
325.677,tag4129
325.840,tag2912
325.026,tag11606
325.347,tag142
325.488,tag9586
325.038,tag11002
325.652,tag10952
325.577,tag9730
325.812,tag8230
325.554,tag1536
325.738,tag1247
325.790,tag9200
325.321,tag10390
325.987,tag5750
325.809,tag3850
326.227,tag5284
326.942,tag7758
326.640,tag2787
326.885,tag7391
326.993,tag7931
326.502,tag3668
326.020,tag2200
326.435,tag7102
326.722,tag11856
326.847,tag1713
326.067,tag7607
326.022,tag9190
326.913,tag1795
326.966,tag9363
326.687,tag4581
326.796,tag1630
326.180,tag5764
326.404,tag6442
326.163,tag7227
326.985,tag5803
326.213,tag9261
326.545,tag3293
326.893,tag8400
326.982,tag8897
326.282,tag10394
326.727,tag10328
326.484,tag1022
326.893,tag8789
326.126,tag5561
326.523,tag4225
326.058,tag4435
326.663,tag11995
326.337,tag10163
326.874,tag8190
326.270,tag9298
326.510,tag9847
326.268,tag11892
326.979,tag9371
326.189,tag6085
326.241,tag466
327.723,tag99
327.108,tag4496
327.134,tag10371
327.033,tag381
327.695,tag1902
327.038,tag9936
327.129,tag4772
327.630,tag10623
327.411,tag9965
327.140,tag2394
327.867,tag3553
327.899,tag10106
327.690,tag6467
327.783,tag8007
327.809,tag8748
327.415,tag11390
327.187,tag877
327.478,tag3000
327.928,tag8301
327.805,tag8821
327.796,tag5890
327.212,tag11717
327.278,tag5468
327.592,tag7046
327.680,tag9929
327.949,tag11445
327.916,tag381
327.224,tag5586
327.754,tag5959
327.295,tag11046
327.722,tag11303
327.847,tag2726
327.908,tag7595
327.979,tag2720
327.819,tag5821
327.361,tag3230
327.561,tag4880
327.754,tag4244
327.136,tag4624
327.835,tag8917
328.303,tag2523
328.952,tag5408
328.627,tag8976
328.941,tag1042
328.955,tag3224
328.957,tag8188
328.355,tag4999
328.346,tag10878
328.482,tag6182
328.136,tag1749
328.546,tag10966
328.718,tag9932
328.459,tag798
328.368,tag11724
328.513,tag5633
328.259,tag1753
328.487,tag10340
328.126,tag8322
328.439,tag713
328.044,tag8721
328.942,tag8931
328.350,tag3558
328.027,tag175
328.529,tag6982
328.854,tag10143
328.125,tag5746
328.169,tag1792
328.127,tag7877
328.788,tag9350
328.233,tag9997
328.551,tag11565
328.398,tag1925
328.769,tag1533
328.250,tag607
328.095,tag9181
328.463,tag10143
328.084,tag716
328.650,tag8840
328.354,tag1229
328.175,tag6025
329.071,tag877
329.610,tag4683
329.956,tag85
329.857,tag4942
329.659,tag8640
329.625,tag9681
329.217,tag3275
329.448,tag2244
329.187,tag7985
329.816,tag2598
329.244,tag1597
329.116,tag8035
329.374,tag1356
329.369,tag10437
329.332,tag666
329.994,tag6263
329.649,tag323
329.336,tag5921
329.620,tag2290
329.896,tag4343
329.180,tag10458
329.970,tag3901
329.192,tag8289
329.007,tag10076
329.636,tag3113
329.571,tag9621
329.343,tag2506
329.377,tag13
329.582,tag9201
329.111,tag4684
329.455,tag9172
329.086,tag1800
329.423,tag9039
329.143,tag5946
329.021,tag1152
329.417,tag9593
329.350,tag6567
329.677,tag850
329.001,tag8723
329.850,tag1147
330.916,tag368
330.549,tag5044
330.390,tag11204
330.642,tag1549
330.563,tag9609
330.079,tag748
330.921,tag4189
330.736,tag7675
330.180,tag224
330.121,tag9327
330.211,tag8205
330.754,tag1775
330.906,tag3256
330.343,tag1476
330.191,tag11341
330.443,tag3484
330.057,tag1267
330.441,tag8494
330.114,tag9126
330.390,tag4992
330.902,tag8614
330.090,tag3507
330.437,tag4534
330.123,tag5989
330.993,tag5650
330.308,tag1384
330.027,tag4450
330.377,tag11766
330.392,tag10175
330.267,tag9361
330.642,tag7636
330.262,tag3534
330.011,tag3355
330.191,tag689
330.565,tag2915
330.220,tag2981
330.239,tag11774
330.827,tag1877
330.327,tag9381
330.547,tag10871
331.639,tag879
331.971,tag10875
331.263,tag6329
331.826,tag10585
331.573,tag11834
331.831,tag40
331.434,tag413
331.714,tag10386
331.654,tag2271
331.539,tag801
331.274,tag7812
331.719,tag5191
331.565,tag1066
331.705,tag3250
331.976,tag10778
331.228,tag2560
331.207,tag1952
331.213,tag8527
331.346,tag9644
331.794,tag7883
331.224,tag4657
331.308,tag1167
331.550,tag5615
331.424,tag7624
331.764,tag2471
331.856,tag8113
331.678,tag10576
331.733,tag5171
331.251,tag6476
331.303,tag7938
331.253,tag11455
331.998,tag11430
331.930,tag914
331.308,tag8965
331.703,tag8998
331.658,tag11549
331.460,tag616
331.058,tag10205
331.047,tag8545
331.481,tag7971
332.245,tag4406
332.365,tag747
332.359,tag8040
332.842,tag2660
332.404,tag4276
332.311,tag8300
332.772,tag9546
332.221,tag11383
332.390,tag2164
332.204,tag231
332.391,tag11392
332.909,tag4292
332.036,tag9407
332.454,tag6543
332.320,tag10324
332.443,tag318
332.937,tag10990
332.337,tag10741
332.654,tag10658
332.150,tag7440
332.682,tag216
332.356,tag9481
332.356,tag7520
332.311,tag11554
332.435,tag7512
332.902,tag4649
332.558,tag1144
332.499,tag7795
332.587,tag8136
332.001,tag3841
332.438,tag3060
332.272,tag4639
332.083,tag3960
332.617,tag6205
332.794,tag6669
332.220,tag8977
332.273,tag3767
332.751,tag10736
332.168,tag5227
332.146,tag9709
333.225,tag7373
333.143,tag6950
333.754,tag2447
333.899,tag3063
333.412,tag3787
333.422,tag6027
333.844,tag4884
333.513,tag11992
333.658,tag2616
333.561,tag1540
333.818,tag5159
333.456,tag7055
333.332,tag2846
333.623,tag7135
333.639,tag3845
333.951,tag5669
333.539,tag6939
333.736,tag7549
333.760,tag5078
333.288,tag620
333.612,tag7306
333.776,tag8413
333.777,tag3616
333.402,tag4146
333.232,tag7784
333.753,tag1536
333.859,tag9113
333.958,tag1542
333.286,tag10326
333.635,tag19
333.469,tag10092
333.154,tag2467
333.646,tag2946
333.647,tag8962
333.367,tag3321
333.842,tag3102
333.311,tag7842
333.349,tag8097
333.622,tag7773
333.741,tag6690
334.455,tag9673
334.227,tag6123
334.892,tag10801
334.583,tag8589
334.704,tag9359
334.860,tag9952
334.103,tag7827
334.693,tag2534
334.363,tag11855
334.936,tag1398
334.009,tag103
334.392,tag4518
334.093,tag5875
334.305,tag8371
334.153,tag1319
334.392,tag6078
334.359,tag11920
334.552,tag11102
334.464,tag2061
334.417,tag2406
334.661,tag2833
334.194,tag7550
334.314,tag11112
334.792,tag6639
334.782,tag2930
334.582,tag11825
334.234,tag4034
334.108,tag9956
334.393,tag4878
334.148,tag10267
334.407,tag10255
334.910,tag2940
334.566,tag4048
334.606,tag1480
334.480,tag2084
334.958,tag5641
334.027,tag4763
334.655,tag9758
334.071,tag9503
334.971,tag6286
335.755,tag8246
335.911,tag6292
335.677,tag10235
335.806,tag3734
335.539,tag5370
335.171,tag2048
335.662,tag5883
335.080,tag8035
335.139,tag9835
335.431,tag10157
335.286,tag11704
335.866,tag1442
335.086,tag4549
335.977,tag10366
335.783,tag8265
335.430,tag11161
335.186,tag4091
335.242,tag2455
335.547,tag2796
335.743,tag4179
335.885,tag11027
335.991,tag4452
335.059,tag10134
335.187,tag4607
335.761,tag5243
335.808,tag10848
335.047,tag10741
335.422,tag3126
335.164,tag11113
335.028,tag586
335.827,tag11265
335.724,tag8309
335.864,tag5378
335.520,tag2979
335.908,tag3617
335.383,tag10056
335.166,tag284
335.168,tag917
335.873,tag2994
335.239,tag7871
336.647,tag8153
336.823,tag9205
336.228,tag11632
336.315,tag11611
336.732,tag9573
336.226,tag8941
336.684,tag9400
336.715,tag3384
336.444,tag6053
336.212,tag301
336.553,tag10979
336.693,tag9155
336.073,tag11356
336.722,tag3844
336.264,tag1638
336.395,tag6616
336.583,tag11260
336.265,tag4233
336.284,tag8201
336.521,tag7285
336.380,tag2363
336.960,tag2438
336.125,tag10677
336.977,tag1
336.667,tag1511
336.039,tag650
336.647,tag10607
336.669,tag10528
336.213,tag10607
336.670,tag11966
336.606,tag11531
336.128,tag6444
336.229,tag5151
336.522,tag3406
336.899,tag10807
336.393,tag2148
336.128,tag174
336.168,tag9944
336.190,tag541
336.070,tag2043
337.108,tag1275
337.273,tag10046
337.038,tag7574
337.620,tag11943
337.901,tag9731
337.621,tag10533
337.584,tag231
337.675,tag11439
337.343,tag10178
337.093,tag287
337.315,tag6563
337.629,tag1164
337.851,tag11981
337.513,tag11696
337.218,tag7690
337.645,tag8613
337.949,tag1443
337.347,tag577
337.999,tag4587
337.151,tag2108
337.052,tag187
337.637,tag5712
337.280,tag9655
337.470,tag9839
337.752,tag3273
337.253,tag785
337.102,tag7141
337.572,tag3934
337.791,tag7556
337.980,tag11981
337.774,tag1801
337.333,tag6023
337.173,tag1269
337.562,tag11675
337.463,tag4681
337.781,tag62
337.432,tag7372
337.608,tag11817
337.737,tag2168
337.445,tag2537
338.224,tag1599
338.074,tag6876
338.085,tag7079
338.872,tag3335
338.075,tag5092
338.121,tag2706
338.492,tag3223
338.430,tag5731
338.943,tag11707
338.403,tag10548
338.782,tag7964
338.071,tag2528
338.526,tag1459
338.321,tag7333
338.129,tag7795
338.273,tag8226
338.538,tag6758
338.998,tag6154
338.200,tag6321
338.727,tag6960
338.252,tag9615
338.252,tag5282
338.250,tag5717
338.248,tag2657
338.530,tag6848
338.297,tag7698
338.846,tag2480
338.624,tag5635
338.196,tag11467
338.986,tag8050
338.392,tag3235
338.486,tag9421
338.131,tag10230
338.339,tag1934
338.455,tag10507
338.511,tag306
338.801,tag1027
338.388,tag2942
338.222,tag4966
338.306,tag2795
339.035,tag8486
339.258,tag10632
339.883,tag980
339.133,tag9806
339.263,tag9502
339.516,tag10931
339.025,tag5719
339.389,tag7676
339.037,tag2607
339.928,tag8964
339.237,tag10260
339.317,tag4560
339.103,tag1140
339.256,tag10429
339.109,tag10262
339.676,tag7020
339.918,tag10627
339.058,tag6213
339.627,tag2678
339.160,tag10050
339.645,tag3831
339.936,tag10773
339.796,tag10178
339.462,tag9372
339.002,tag660
339.448,tag4037
339.350,tag7443
339.884,tag3358
339.649,tag11375
339.593,tag110
339.005,tag8002
339.591,tag5851
339.674,tag1890
339.416,tag4586
339.319,tag751
339.137,tag7829
339.974,tag2326
339.811,tag6748
339.013,tag6943
339.567,tag7885
340.326,tag2793
340.778,tag3166
340.355,tag9272
340.098,tag778
340.427,tag6691
340.442,tag2443
340.620,tag6232
340.033,tag2276
340.985,tag6720
340.108,tag2997
340.887,tag10564
340.398,tag509
340.661,tag11017
340.965,tag8000
340.930,tag8340
340.445,tag1710
340.869,tag1696
340.201,tag4320
340.521,tag8554
340.924,tag11255
340.402,tag10715
340.340,tag10840
340.975,tag6829
340.177,tag7043
340.533,tag533
340.957,tag8792
340.501,tag4642
340.198,tag1746
340.220,tag9351
340.109,tag8613
340.829,tag616
340.906,tag9775
340.892,tag6446
340.847,tag5840
340.549,tag2941
340.810,tag10688
340.904,tag7012
340.022,tag6977
340.513,tag1652
340.119,tag4081
341.243,tag9522
341.088,tag11445
341.250,tag3062
341.639,tag4963
341.889,tag1625
341.427,tag1282
341.800,tag6868
341.002,tag5159
341.647,tag6186
341.417,tag3211
341.321,tag7447
341.546,tag7892
341.079,tag10862
341.754,tag3196
341.340,tag4398
341.522,tag6989
341.080,tag11382
341.181,tag1360
341.373,tag836
341.469,tag6621
341.670,tag8921
341.742,tag6285
341.228,tag1225
341.437,tag3047
341.241,tag7186
341.237,tag5292
341.423,tag5455
341.969,tag4763
341.825,tag4234
341.765,tag11363
341.206,tag10787
341.040,tag6797
341.731,tag2895
341.118,tag6105
341.279,tag3816
341.733,tag6555
341.787,tag4075
341.318,tag6746
341.233,tag8515
341.887,tag10077
342.076,tag4144
342.222,tag4220
342.771,tag6705
342.094,tag7401
342.303,tag2352
342.754,tag2396
342.891,tag3490
342.501,tag4386
342.523,tag4365
342.327,tag4143
342.018,tag10986
342.512,tag6374
342.257,tag10155
342.674,tag9310
342.037,tag4031
342.818,tag1362
342.314,tag5051
342.124,tag4602
342.162,tag3187
342.092,tag2554
342.590,tag4740
342.848,tag6993
342.187,tag10777
342.947,tag5897
342.998,tag5254
342.791,tag9240
342.679,tag9625
342.004,tag5507
342.458,tag6224
342.609,tag9400
342.696,tag7284
342.574,tag11582
342.044,tag3483
342.632,tag1135
342.677,tag8746
342.281,tag11640
342.305,tag8639
342.438,tag8157
342.350,tag3610
342.530,tag6220
343.203,tag11539
343.030,tag11897
343.446,tag3543
343.154,tag984
343.536,tag3937
343.041,tag6463
343.399,tag11164
343.819,tag10300
343.395,tag9658
343.209,tag10094
343.810,tag5319
343.445,tag11232
343.568,tag2088
343.538,tag1729
343.281,tag1409
343.986,tag896
343.026,tag798
343.100,tag3588
343.695,tag7748
343.462,tag94
343.346,tag3302
343.887,tag6380
343.336,tag3428
343.471,tag6853
343.133,tag479
343.247,tag7183
343.272,tag2408
343.580,tag11988
343.509,tag2798
343.082,tag8197
343.543,tag10412
343.971,tag1036
343.162,tag4133
343.499,tag1718
343.527,tag10145
343.302,tag7223
343.396,tag927
343.912,tag3429
343.435,tag8011
343.042,tag5117
344.645,tag10871
344.114,tag88
344.226,tag4371
344.414,tag6269
344.091,tag986
344.385,tag6403
344.621,tag6510
344.138,tag6656
344.380,tag2633
344.525,tag1911
344.233,tag8638
344.133,tag8748
344.937,tag5584
344.753,tag7252
344.876,tag141
344.720,tag11601
344.662,tag9412
344.462,tag5926
344.211,tag374
344.490,tag8221
344.281,tag2809
344.233,tag3851
344.014,tag8234
344.435,tag9106
344.680,tag1121
344.895,tag4755
344.505,tag9683
344.801,tag9804
344.584,tag6249
344.784,tag4349
344.726,tag7886
344.806,tag9751
344.929,tag3213
344.054,tag11104
344.931,tag2945
344.578,tag1070
344.634,tag5452
344.134,tag7026
344.044,tag10002
344.763,tag11555
345.894,tag1203
345.575,tag998
345.309,tag5436
345.034,tag4591
345.249,tag7466
345.136,tag1423
345.860,tag2371
345.792,tag10954
345.864,tag8748
345.168,tag2662
345.193,tag2928
345.901,tag7916
345.356,tag1949
345.160,tag10474
345.300,tag3602
345.578,tag786
345.704,tag3469
345.057,tag230
345.818,tag2164
345.485,tag7042
345.918,tag5036
345.892,tag11073
345.639,tag425
345.833,tag10658
345.167,tag10141
345.774,tag4280
345.738,tag7704
345.005,tag10505
345.977,tag9093
345.616,tag7427
345.689,tag5969
345.617,tag2391
345.068,tag2509
345.119,tag10838
345.821,tag5621
345.156,tag11790
345.295,tag10603
345.144,tag4336
345.137,tag174
345.806,tag11157
346.221,tag6847
346.094,tag6129
346.487,tag9406
346.763,tag10987
346.782,tag11967
346.227,tag11796
346.880,tag9667
346.855,tag5284
346.510,tag7374
346.660,tag236
346.069,tag6340
346.736,tag11906
346.056,tag6235
346.278,tag5022
346.795,tag1508
346.340,tag8983
346.308,tag1269
346.380,tag2910
346.712,tag10836
346.113,tag11241
346.525,tag1429
346.015,tag787
346.097,tag10210
346.733,tag6794
346.344,tag6552
346.444,tag11724
346.855,tag4946
346.306,tag3400
346.165,tag9579
346.781,tag4137
346.099,tag8799
346.070,tag1542
346.527,tag7354
346.228,tag3181
346.323,tag9194
346.196,tag3042
346.402,tag7650
346.610,tag5954
346.710,tag2825
346.437,tag8790
347.869,tag6752
347.011,tag2006
347.399,tag3117
347.018,tag3692
347.261,tag7404
347.852,tag11701
347.986,tag2895
347.641,tag75
347.740,tag11291
347.596,tag3356
347.030,tag4874
347.046,tag8569
347.598,tag5656
347.845,tag6205
347.423,tag8159
347.199,tag7986
347.455,tag3107
347.576,tag7507
347.798,tag11651
347.582,tag6387
347.638,tag9083
347.855,tag8439
347.832,tag9049
347.864,tag6507
347.459,tag2416
347.536,tag8899
347.062,tag10505
347.139,tag7263
347.022,tag4922
347.163,tag8781
347.894,tag2052
347.513,tag9745
347.307,tag7511
347.568,tag5527
347.361,tag3717
347.636,tag10882
347.260,tag7193
347.856,tag5435
347.792,tag9140
347.165,tag6146
348.560,tag3125
348.569,tag3818
348.491,tag1835
348.314,tag4807
348.447,tag4111
348.939,tag11250
348.786,tag10407
348.032,tag602
348.149,tag7862
348.052,tag2846
348.563,tag8125
348.834,tag5146
348.252,tag2059
348.676,tag1506
348.674,tag3025
348.871,tag7620
348.528,tag7024
348.240,tag5544
348.827,tag10179
348.186,tag490
348.453,tag6235
348.895,tag9766
348.568,tag3248
348.154,tag1526
348.159,tag7881
348.370,tag3422
348.700,tag9294
348.092,tag1006
348.551,tag546
348.549,tag8969
348.305,tag1020
348.253,tag7236
348.583,tag3868
348.543,tag7928
348.558,tag227
348.201,tag11411
348.822,tag1058
348.821,tag8114
348.324,tag2885
348.613,tag1428
349.897,tag11055
349.224,tag4703
349.295,tag11420
349.026,tag3878
349.055,tag2635
349.018,tag1053
349.143,tag9128
349.949,tag1034
349.507,tag9381
349.028,tag9320
349.822,tag6292
349.150,tag4429
349.052,tag3258
349.243,tag2873
349.343,tag2135
349.514,tag4445
349.630,tag6912
349.063,tag4819
349.114,tag1559
349.633,tag6469
349.488,tag8243
349.642,tag3954
349.376,tag4766
349.443,tag1413
349.470,tag75
349.257,tag5312
349.526,tag9400
349.012,tag11269
349.659,tag5975
349.973,tag3655
349.766,tag9346
349.631,tag10208
349.260,tag10863
349.144,tag3284
349.576,tag11307
349.489,tag2170
349.490,tag2797
349.622,tag6779
349.153,tag6634
349.249,tag52
350.136,tag6246
350.698,tag3442
350.101,tag10992
350.672,tag5186
350.575,tag9940
350.941,tag8791
350.502,tag7881
350.266,tag10848
350.378,tag8565
350.892,tag2910
350.935,tag4575
350.516,tag8154
350.184,tag7127
350.002,tag6312
350.646,tag7362
350.615,tag3432
350.898,tag4573
350.850,tag4379
350.923,tag3158
350.737,tag6799
350.076,tag9535
350.550,tag8068
350.514,tag11293
350.797,tag6350
350.914,tag1535
350.825,tag10352
350.890,tag10698
350.317,tag6720
350.092,tag8474
350.164,tag11855
350.817,tag7430
350.069,tag11816
350.294,tag3293
350.310,tag7925
350.063,tag1978
350.690,tag4388
350.516,tag4739
350.550,tag5423
350.580,tag1418
350.124,tag1257
351.920,tag5972
351.243,tag6796
351.167,tag11198
351.919,tag2518
351.441,tag8063
351.823,tag8710
351.326,tag9965
351.817,tag7262
351.408,tag1173
351.836,tag11008
351.958,tag7884
351.263,tag2307
351.602,tag1950
351.630,tag7048
351.886,tag10158
351.037,tag4457
351.756,tag5284
351.681,tag10707
351.646,tag9326
351.566,tag620
351.055,tag6494
351.578,tag3505
351.576,tag1265
351.875,tag3394
351.759,tag865
351.567,tag8392
351.543,tag8811
351.407,tag11249
351.669,tag3126
351.925,tag1792
351.921,tag5279
351.354,tag7005
351.263,tag9577
351.497,tag1479
351.787,tag7875
351.444,tag2307
351.166,tag4863
351.959,tag8682
351.620,tag2932
351.538,tag439
352.624,tag146
352.294,tag6447
352.962,tag6235
352.010,tag3515
352.324,tag9396
352.989,tag999
352.352,tag11444
352.675,tag8224
352.046,tag2578
352.666,tag1848
352.152,tag113
352.996,tag10640
352.704,tag9778
352.032,tag5839
352.759,tag5381
352.058,tag8437
352.905,tag10030
352.251,tag9744
352.406,tag9358
352.899,tag4179
352.173,tag745
352.196,tag9985
352.167,tag7239
352.679,tag7234
352.313,tag3458
352.222,tag6842
352.782,tag6206
352.473,tag1380
352.345,tag3602
352.140,tag9136
352.815,tag7591
352.983,tag5148
352.877,tag11961
352.201,tag11045
352.545,tag3990
352.755,tag10626
352.726,tag3497
352.576,tag11835
352.311,tag5649
352.472,tag5426
353.894,tag10586
353.661,tag11067
353.958,tag6950
353.730,tag2386
353.571,tag515
353.871,tag3579
353.860,tag11350
353.393,tag9724
353.738,tag8822
353.208,tag7465
353.932,tag1052
353.450,tag2812
353.030,tag3086
353.675,tag6700
353.986,tag3889
353.526,tag8042
353.489,tag7622
353.725,tag9535
353.361,tag8713
353.505,tag9914
353.755,tag6925
353.879,tag10309
353.503,tag11709
353.677,tag3619
353.069,tag10950
353.888,tag568
353.207,tag447
353.719,tag3190
353.610,tag7076
353.319,tag8477
353.078,tag4886
353.668,tag58
353.488,tag2778
353.923,tag8793
353.504,tag673
353.766,tag7230
353.065,tag11392
353.702,tag10334
353.550,tag9149
353.138,tag5651
354.784,tag3199
354.467,tag7270
354.627,tag11517
354.132,tag7864
354.533,tag3064
354.947,tag5921
354.730,tag7989
354.434,tag3478
354.491,tag5327
354.711,tag9499
354.575,tag2599
354.646,tag10483
354.085,tag11701
354.814,tag6643
354.730,tag10519
354.509,tag6255
354.274,tag4085
354.793,tag11101
354.634,tag9332
354.396,tag4280
354.900,tag1586
354.371,tag6809
354.157,tag9156
354.978,tag8977
354.601,tag7797
354.611,tag50
354.847,tag8644
354.573,tag7294
354.177,tag5351
354.904,tag4811
354.330,tag5428
354.366,tag61
354.873,tag9898
354.787,tag11386
354.622,tag767
354.580,tag8078
354.647,tag3762
354.025,tag2548
354.423,tag10554
354.380,tag10433
355.734,tag868
355.338,tag7545
355.996,tag3389
355.154,tag8629
355.415,tag9138
355.067,tag8031
355.932,tag2048
355.802,tag9350
355.894,tag9672
355.944,tag10901
355.004,tag1996
355.229,tag11413
355.018,tag8552
355.371,tag4087
355.193,tag8087
355.817,tag7686
355.864,tag2313
355.892,tag3349
355.748,tag6363
355.684,tag8674
355.097,tag470
355.576,tag3928
355.295,tag10358
355.823,tag8880
355.904,tag10373
355.923,tag6224
355.630,tag8239
355.733,tag7849
355.184,tag2403
355.614,tag4288
355.733,tag6865
355.389,tag3608
355.220,tag9236
355.807,tag470
355.775,tag956
355.316,tag4517
355.735,tag10803
355.822,tag9516
355.020,tag8040
355.125,tag4904
356.888,tag11641
356.270,tag10298
356.266,tag8393
356.290,tag7077
356.265,tag9059
356.900,tag11519
356.851,tag2372
356.666,tag11539
356.231,tag741
356.568,tag2621
356.046,tag7321
356.176,tag4670
356.721,tag7825
356.016,tag7200
356.221,tag4318
356.314,tag9497
356.500,tag380
356.337,tag11599
356.617,tag5129
356.121,tag5269
356.220,tag8923
356.721,tag7454
356.551,tag2584
356.929,tag3879
356.904,tag6502
356.669,tag5211
356.417,tag10746
356.026,tag2265
356.217,tag10325
356.254,tag5738
356.809,tag10339
356.283,tag9625
356.776,tag1526
356.602,tag10448
356.028,tag2292
356.557,tag4147
356.402,tag10510
356.978,tag152
356.904,tag3258
356.695,tag8993
357.236,tag1905
357.551,tag7226
357.386,tag2720
357.342,tag8046
357.207,tag1640
357.168,tag9084
357.844,tag5025
357.734,tag9304
357.978,tag7694
357.863,tag3947
357.903,tag4366
357.695,tag9271
357.706,tag6515
357.449,tag5127
357.873,tag6853
357.407,tag481
357.038,tag4766
357.511,tag7663
357.629,tag5638
357.634,tag1871
357.713,tag6827
357.572,tag5979
357.841,tag2794
357.769,tag5793
357.442,tag5090
357.173,tag6131
357.030,tag6160
357.985,tag2986
357.629,tag10480
357.113,tag7235
357.327,tag9193
357.846,tag2382
357.179,tag1208
357.263,tag3880
357.581,tag3231
357.059,tag2125
357.082,tag512
357.090,tag4384
357.240,tag10547
357.151,tag6900
358.016,tag7948
358.368,tag4807
358.073,tag1596
358.605,tag9445
358.887,tag3038
358.066,tag1813
358.357,tag1603
358.237,tag8352
358.374,tag9652
358.228,tag4053
358.245,tag10263
358.605,tag4223
358.435,tag8557
358.116,tag7223
358.757,tag7589
358.662,tag11710
358.321,tag9743
358.891,tag6776
358.185,tag11207
358.359,tag4472
358.054,tag935
358.318,tag7337
358.947,tag3966
358.907,tag142
358.246,tag407
358.024,tag3808
358.031,tag994
358.927,tag10255
358.182,tag8387
358.818,tag9166
358.022,tag3162
358.095,tag11262
358.076,tag4435
358.258,tag5260
358.913,tag7573
358.018,tag11468
358.533,tag2161
358.671,tag4634
358.619,tag11607
358.134,tag4776
359.016,tag6188
359.027,tag2085
359.444,tag9213
359.109,tag1522
359.636,tag5905
359.016,tag7943
359.292,tag6024
359.384,tag11112
359.172,tag5327
359.271,tag6969
359.781,tag9217
359.076,tag1441
359.522,tag6711
359.468,tag786
359.320,tag8445
359.946,tag9295
359.386,tag10147
359.532,tag925
359.157,tag475
359.330,tag9028
359.265,tag8939
359.416,tag3436
359.933,tag5917
359.151,tag7442
359.080,tag10357
359.108,tag578
359.997,tag1147
359.336,tag5873
359.057,tag3542
359.717,tag5556
359.802,tag2436
359.609,tag278
359.267,tag9175
359.654,tag8760
359.874,tag8503
359.664,tag7742
359.190,tag4309
359.067,tag11027
359.561,tag7180
359.310,tag2821
360.732,tag4106
360.949,tag2723
360.450,tag1661
360.244,tag4847
360.173,tag216
360.816,tag8160
360.992,tag6784
360.797,tag7408
360.748,tag2248
360.858,tag932
360.049,tag7343
360.451,tag3671
360.039,tag9050
360.825,tag11932
360.320,tag5844
360.689,tag3000
360.151,tag943
360.844,tag9429
360.067,tag5826
360.962,tag6503
360.802,tag10296
360.676,tag306
360.510,tag4736
360.762,tag9212
360.047,tag8561
360.462,tag5910
360.731,tag8670
360.072,tag6059
360.281,tag5423
360.478,tag4741
360.732,tag8327
360.645,tag10793
360.221,tag9858
360.078,tag4949
360.182,tag6437
360.226,tag8071
360.791,tag8732
360.453,tag96
360.313,tag6075
360.586,tag9495
361.468,tag6051
361.511,tag5732
361.022,tag8543
361.738,tag2006
361.570,tag5872
361.011,tag9562
361.758,tag3497
361.127,tag6268
361.580,tag5929
361.249,tag8125
361.465,tag2549
361.451,tag4787
361.297,tag2328
361.784,tag6095
361.716,tag546
361.047,tag3937
361.264,tag4062
361.905,tag5816
361.960,tag11023
361.574,tag6061
361.329,tag1693
361.693,tag10977
361.140,tag9281
361.830,tag6903
361.411,tag5509
361.409,tag867
361.757,tag2689
361.900,tag11963
361.518,tag704
361.054,tag2794
361.652,tag1807
361.035,tag1905
361.768,tag2724
361.728,tag6142
361.898,tag10922
361.587,tag9617
361.976,tag7969
361.435,tag3290
361.066,tag5383
361.222,tag10712
362.517,tag5734
362.799,tag9232
362.247,tag675
362.428,tag10179
362.119,tag5854
362.553,tag10754
362.383,tag6891
362.445,tag9684
362.663,tag6780
362.102,tag652
362.970,tag6438
362.245,tag9689
362.183,tag4701
362.839,tag10918
362.541,tag6633
362.611,tag9505
362.030,tag7146
362.403,tag637
362.149,tag1673
362.271,tag9488
362.243,tag9427
362.791,tag5587
362.849,tag2103
362.080,tag9841
362.969,tag10587
362.604,tag11085
362.187,tag1609
362.512,tag702
362.966,tag9331
362.446,tag10075
362.733,tag7710
362.382,tag2994
362.412,tag4000
362.605,tag2140
362.040,tag3535
362.782,tag3754
362.788,tag4220
362.242,tag3211
362.072,tag180
362.019,tag11055
363.158,tag577
363.101,tag11835
363.431,tag285
363.891,tag234
363.850,tag4361
363.897,tag3454
363.528,tag5411
363.354,tag10043
363.546,tag6755
363.594,tag6654
363.872,tag3602
363.220,tag5698
363.541,tag4113
363.007,tag11751
363.523,tag285
363.918,tag9018
363.722,tag9887
363.924,tag111
363.697,tag5443
363.797,tag4946
363.359,tag9556
363.380,tag2878
363.347,tag7248
363.121,tag7663
363.305,tag4468
363.784,tag8181
363.294,tag7671
363.804,tag1828
363.827,tag8047
363.548,tag10348
363.404,tag9387
363.389,tag2395
363.902,tag9577
363.690,tag1930
363.581,tag8110
363.308,tag9108
363.345,tag6949
363.894,tag6214
363.279,tag5238
363.994,tag8955
364.354,tag2005
364.534,tag7780
364.278,tag6523
364.514,tag6739
364.144,tag6271
364.127,tag4355
364.583,tag9127
364.641,tag1873
364.577,tag1504
364.841,tag2982
364.019,tag6144
364.965,tag10282
364.787,tag989
364.169,tag4538
364.892,tag3402
364.237,tag10898
364.002,tag1319
364.764,tag3027
364.758,tag11078
364.599,tag5817
364.781,tag10715
364.611,tag11491
364.267,tag6090
364.209,tag4378
364.243,tag436
364.182,tag1661
364.227,tag11448
364.685,tag6678
364.020,tag10456
364.441,tag2268
364.969,tag4916
364.323,tag830
364.685,tag9418
364.798,tag1801
364.334,tag3837
364.303,tag6326
364.781,tag3638
364.266,tag11713
364.606,tag8782
364.655,tag6483
365.345,tag7854
365.528,tag4776
365.925,tag11317
365.997,tag6798
365.110,tag4308
365.833,tag2500
365.613,tag3638
365.601,tag3926
365.968,tag11140
365.971,tag6819
365.467,tag6059
365.026,tag11109
365.579,tag8282
365.512,tag3743
365.481,tag8031
365.418,tag167
365.746,tag5325
365.714,tag543
365.261,tag1025
365.579,tag8276
365.278,tag253
365.204,tag6333
365.180,tag8826
365.055,tag6966
365.460,tag10192
365.192,tag9515
365.732,tag10964
365.952,tag1294
365.077,tag1306
365.140,tag65
365.501,tag11078
365.873,tag631
365.387,tag1945
365.296,tag8791
365.635,tag9842
365.068,tag10311
365.404,tag11683
365.989,tag9077
365.129,tag6364
365.904,tag4574
366.562,tag9383
366.162,tag8998
366.058,tag4553
366.881,tag2263
366.962,tag11182
366.890,tag5902
366.057,tag3279
366.866,tag473
366.445,tag2432
366.312,tag11764
366.955,tag6950
366.102,tag3703
366.967,tag2827
366.546,tag9412
366.053,tag2670
366.347,tag7413
366.714,tag111
366.419,tag47
366.112,tag7612
366.994,tag9420
366.295,tag2030
366.581,tag77
366.952,tag7481
366.230,tag1796
366.901,tag3924
366.204,tag8504
366.217,tag5852
366.024,tag1766
366.550,tag9993
366.061,tag3093
366.763,tag441
366.661,tag10275
366.102,tag124
366.476,tag3957
366.581,tag8107
366.714,tag11199
366.491,tag4157
366.550,tag11699
366.341,tag3667
366.307,tag2470
367.508,tag10359
367.003,tag475
367.690,tag11921
367.945,tag3617
367.211,tag2175
367.425,tag211
367.402,tag2119
367.848,tag6196
367.417,tag3764
367.572,tag8350
367.878,tag5594
367.130,tag5170
367.273,tag11464
367.942,tag5612
367.555,tag9084
367.031,tag6213
367.571,tag297
367.887,tag11572
367.483,tag8358
367.123,tag2407
367.886,tag1944
367.095,tag813
367.650,tag11153
367.293,tag9682
367.391,tag9011
367.214,tag10708
367.740,tag4480
367.505,tag9630
367.765,tag11407
367.001,tag707
367.394,tag10296
367.842,tag3296
367.058,tag1024
367.302,tag7951
367.876,tag10714
367.319,tag2005
367.304,tag693
367.658,tag2225
367.103,tag10198
367.128,tag814
368.235,tag5893
368.853,tag7330
368.208,tag8512
368.069,tag2886
368.951,tag6857
368.152,tag5266
368.909,tag531
368.482,tag5422
368.957,tag10250
368.201,tag9841
368.600,tag7591
368.314,tag5564
368.509,tag3217
368.873,tag8503
368.629,tag5392
368.694,tag9281
368.037,tag5232
368.712,tag5788
368.909,tag9974
368.261,tag4241
368.513,tag3236
368.099,tag5624
368.300,tag5453
368.415,tag3179
368.126,tag6144
368.274,tag7261
368.673,tag4768
368.635,tag6114
368.592,tag7515
368.197,tag3186
368.080,tag4129
368.490,tag207
368.114,tag4779
368.650,tag4235
368.370,tag2654
368.482,tag7529
368.137,tag4696
368.237,tag6767
368.983,tag9851
368.997,tag5177
369.659,tag5614
369.232,tag458
369.582,tag5478
369.723,tag6872
369.147,tag8176
369.793,tag10511
369.682,tag56
369.861,tag586
369.287,tag3954
369.333,tag3560
369.495,tag6308
369.980,tag1368
369.021,tag6105
369.309,tag6445
369.066,tag4286
369.062,tag5131
369.743,tag7642
369.394,tag11671
369.504,tag393
369.500,tag294
369.593,tag9617
369.907,tag4000
369.033,tag6668
369.850,tag9878
369.506,tag9822
369.999,tag11248
369.190,tag6094
369.550,tag5497
369.536,tag1975
369.798,tag11922
369.902,tag7222
369.091,tag7916
369.620,tag11762
369.232,tag5591
369.817,tag10486
369.801,tag10105
369.615,tag3860
369.872,tag11226
369.904,tag4454
369.796,tag10754
370.658,tag7745
370.950,tag11015
370.851,tag1989
370.800,tag4389
370.732,tag7585
370.088,tag9777
370.685,tag11290
370.580,tag2751
370.682,tag9026
370.838,tag3166
370.865,tag4069
370.006,tag7714
370.610,tag11212
370.609,tag2192
370.588,tag10865
370.864,tag9513
370.451,tag9623
370.132,tag6456
370.431,tag1029
370.427,tag8935
370.602,tag10721
370.107,tag11326
370.930,tag5278
370.590,tag6480
370.562,tag5707
370.078,tag1179
370.819,tag4608
370.742,tag5108
370.547,tag546
370.983,tag3273
370.262,tag9852
370.850,tag9050
370.449,tag2413
370.128,tag5913
370.923,tag5115
370.448,tag9690
370.198,tag9110
370.317,tag1343
370.535,tag9733
370.394,tag8980
371.728,tag9805
371.623,tag3318
371.499,tag1726
371.311,tag6289
371.018,tag2388
371.149,tag11423
371.509,tag9647
371.013,tag6353
371.145,tag101
371.009,tag5362
371.218,tag10131
371.069,tag1844
371.126,tag7129
371.730,tag5624
371.480,tag5409
371.573,tag3358
371.478,tag8609
371.155,tag3201
371.418,tag402
371.137,tag9386
371.935,tag7857
371.232,tag5383
371.392,tag309
371.176,tag10166
371.405,tag4579
371.611,tag384
371.393,tag1578
371.575,tag10083
371.509,tag3756
371.079,tag10395
371.708,tag6004
371.102,tag1531
371.073,tag9283
371.821,tag8886
371.175,tag25
371.950,tag5482
371.936,tag8566
371.620,tag6637
371.110,tag8266
371.377,tag1425
372.459,tag9470
372.484,tag8930
372.183,tag3797
372.936,tag1316
372.230,tag2600
372.530,tag10329
372.403,tag6942
372.958,tag9593
372.171,tag7238
372.923,tag7236
372.141,tag4372
372.123,tag8222
372.670,tag3405
372.337,tag6139
372.474,tag7964
372.700,tag7387
372.922,tag9882
372.740,tag881
372.266,tag8523
372.404,tag372
372.404,tag74
372.662,tag11413
372.915,tag5119
372.873,tag7366
372.794,tag6411
372.609,tag10229
372.255,tag6050
372.609,tag9659
372.546,tag8662
372.643,tag8201
372.674,tag10980
372.199,tag3201
372.004,tag10723
372.365,tag2296
372.719,tag10852
372.239,tag11147
372.400,tag746
372.898,tag7123
372.882,tag11641
372.570,tag8834
373.156,tag1900
373.632,tag2818
373.703,tag1580
373.712,tag2570
373.288,tag10812
373.349,tag9903
373.930,tag3162
373.362,tag1575
373.395,tag6974
373.052,tag8972
373.978,tag348
373.152,tag3902
373.022,tag2389
373.464,tag3050
373.512,tag1207
373.886,tag4561
373.965,tag4245
373.414,tag1899
373.347,tag10406
373.482,tag7614
373.528,tag4348
373.060,tag5317
373.521,tag7885
373.681,tag5873
373.906,tag11441
373.737,tag6429
373.375,tag9163
373.833,tag4295
373.526,tag6576
373.567,tag1283
373.457,tag6769
373.451,tag1383
373.217,tag4532
373.132,tag9210
373.304,tag5589
373.235,tag7988
373.114,tag5179
373.341,tag7438
373.386,tag6204
373.034,tag6928
374.949,tag9498
374.675,tag258
374.794,tag7395
374.241,tag2134
374.268,tag902
374.007,tag133
374.085,tag6526
374.239,tag11867
374.505,tag8767
374.168,tag11561
374.982,tag11740
374.951,tag7894
374.905,tag9667
374.288,tag1370
374.235,tag4506
374.661,tag4168
374.019,tag10702
374.456,tag2594
374.648,tag9740
374.932,tag4476
374.210,tag10471
374.093,tag1707
374.955,tag10495
374.306,tag2957
374.750,tag7434
374.418,tag7455
374.467,tag1726
374.011,tag10018
374.221,tag10193
374.895,tag2391
374.307,tag5039
374.935,tag2624
374.569,tag7052
374.838,tag3727
374.887,tag7817
374.633,tag5421
374.500,tag10425
374.945,tag1291
374.973,tag10662
374.614,tag5149
375.368,tag8376
375.749,tag10035
375.542,tag10175
375.123,tag3087
375.882,tag7541
375.146,tag3362
375.707,tag3375
375.391,tag7414
375.809,tag8042
375.727,tag3450
375.138,tag1591
375.740,tag11483
375.128,tag5105
375.537,tag11776
375.646,tag9250
375.186,tag11801
375.311,tag6149
375.274,tag6402
375.190,tag3014
375.260,tag1284
375.301,tag8168
375.196,tag7532
375.440,tag1456
375.004,tag2265
375.983,tag1884
375.140,tag8426
375.385,tag1537
375.805,tag183
375.782,tag2745
375.765,tag8454
375.971,tag7309
375.338,tag7
375.337,tag9869
375.184,tag1102
375.169,tag8299
375.712,tag8552
375.833,tag198
375.535,tag10846
375.978,tag11374
375.416,tag4727
376.975,tag1280
376.469,tag2977
376.383,tag5076
376.290,tag7790
376.941,tag9968
376.298,tag5229
376.853,tag8132
376.136,tag1080
376.541,tag3244
376.509,tag10818
376.194,tag9324
376.102,tag8011
376.747,tag5324
376.670,tag3565
376.441,tag10107
376.307,tag2411
376.080,tag2957
376.639,tag11491
376.311,tag2357
376.467,tag10280
376.570,tag1075
376.234,tag10038
376.597,tag4589
376.564,tag6921
376.855,tag4836
376.333,tag1835
376.321,tag6242
376.733,tag2216
376.949,tag6134
376.935,tag4077
376.492,tag3527
376.172,tag10916
376.413,tag10872
376.210,tag11172
376.916,tag9477
376.744,tag175
376.106,tag6153
376.492,tag2741
376.090,tag1093
376.161,tag8031
377.562,tag1095
377.276,tag6067
377.490,tag8385
377.755,tag7238
377.331,tag4589
377.989,tag9339
377.860,tag11485
377.346,tag882
377.139,tag533
377.635,tag1907
377.438,tag8368
377.426,tag10411
377.374,tag6191
377.145,tag10891
377.223,tag3297
377.875,tag6871
377.369,tag5328
377.247,tag2696
377.767,tag5220
377.181,tag1635
377.102,tag2039
377.293,tag9417
377.972,tag668
377.230,tag11976
377.428,tag6967
377.554,tag8488
377.807,tag3521
377.629,tag11115
377.392,tag1422
377.544,tag1752
377.492,tag4347
377.904,tag8871
377.142,tag10119
377.556,tag1299
377.898,tag7108
377.399,tag7986
377.334,tag9602
377.812,tag11555
377.885,tag7130
377.732,tag5160
378.850,tag7414
378.471,tag6784
378.317,tag7083
378.845,tag3636
378.879,tag6965
378.447,tag11562
378.543,tag805
378.744,tag88
378.688,tag6920
378.943,tag2788
378.838,tag10729
378.112,tag3627
378.051,tag11411
378.948,tag6092
378.862,tag7473
378.435,tag8400
378.891,tag6735
378.513,tag8736
378.718,tag7534
378.411,tag8172
378.391,tag2049
378.322,tag1704
378.281,tag4442
378.535,tag8050
378.955,tag1850
378.524,tag9953
378.990,tag265
378.108,tag8107
378.746,tag4347
378.997,tag5924
378.988,tag10592
378.854,tag7704
378.311,tag8461
378.966,tag7435
378.890,tag11817
378.841,tag10589
378.028,tag1398
378.906,tag5628
378.078,tag8228
378.621,tag9267
379.405,tag11448
379.715,tag4862
379.741,tag1739
379.595,tag3501
379.950,tag3994
379.663,tag8229
379.219,tag812
379.085,tag8393
379.257,tag3814
379.693,tag5939
379.421,tag5806
379.027,tag2924
379.422,tag8273
379.042,tag7812
379.723,tag11925
379.400,tag2174
379.611,tag5277
379.756,tag7913
379.374,tag1933
379.064,tag4637
379.484,tag6230
379.165,tag9014
379.844,tag5773
379.085,tag9918
379.794,tag5374
379.372,tag1748
379.803,tag5923
379.731,tag5516
379.196,tag6895
379.712,tag3124
379.059,tag1452
379.106,tag11336
379.502,tag10934
379.512,tag1988
379.488,tag10083
379.719,tag2863
379.917,tag8638
379.684,tag268
379.475,tag6479
379.714,tag5815
380.749,tag378
380.607,tag6740
380.088,tag11157
380.608,tag6384
380.731,tag954
380.601,tag7336
380.057,tag7175
380.053,tag3212
380.766,tag9567
380.247,tag3352
380.726,tag4334
380.723,tag2989
380.973,tag5224
380.543,tag10005
380.565,tag259
380.381,tag10466
380.821,tag7450
380.210,tag5461
380.677,tag6511
380.027,tag8752
380.589,tag7832
380.115,tag5416
380.871,tag1111
380.039,tag9002
380.026,tag137
380.824,tag4975
380.971,tag9246
380.298,tag11789
380.332,tag10305
380.737,tag5496
380.753,tag6390
380.753,tag4717
380.527,tag11094
380.877,tag2047
380.299,tag658
380.785,tag1411
380.100,tag581
380.739,tag451
380.261,tag4666
380.358,tag6763
381.111,tag8597
381.896,tag2373
381.051,tag3895
381.516,tag192
381.107,tag10367
381.084,tag2922
381.434,tag878
381.855,tag1771
381.464,tag11025
381.257,tag946
381.833,tag11607
381.230,tag4636
381.323,tag10159
381.905,tag6833
381.921,tag8542
381.221,tag9311
381.760,tag7198
381.664,tag6844
381.289,tag9936
381.860,tag8313
381.942,tag11911
381.710,tag11575
382.000,tag9842
381.926,tag7048
381.476,tag610
381.629,tag4784
381.975,tag7576
381.435,tag10710
381.872,tag7365
381.538,tag5167
381.405,tag7067
381.951,tag1019
381.862,tag8686
381.418,tag3381
381.284,tag2279
381.299,tag3238
381.775,tag2559
381.360,tag10405
381.546,tag10786
381.836,tag5158
382.708,tag9008
382.422,tag9211
382.871,tag6158
382.542,tag3865
382.323,tag7548
382.619,tag3351
382.006,tag4245
382.381,tag2146
382.706,tag8740
382.953,tag571
382.280,tag10132
382.572,tag5248
382.425,tag9159
382.586,tag2771
382.350,tag10107
382.903,tag685
382.977,tag7796
382.324,tag1790
382.529,tag6723
382.650,tag2923
382.884,tag5707
382.899,tag5822
382.664,tag6269
382.224,tag5439
382.838,tag3625
382.799,tag11627
382.114,tag6165
382.991,tag2012
382.063,tag10999
382.575,tag11764
382.754,tag5567
382.603,tag4811
382.568,tag2873
382.621,tag11360
382.482,tag7682
382.103,tag9535
382.238,tag10297
382.755,tag4029
382.748,tag2911
382.162,tag10723
383.605,tag8117
383.973,tag198
383.427,tag8689
383.934,tag4443
383.729,tag2375
383.376,tag8096
383.639,tag1710
383.648,tag1296
383.532,tag406
383.042,tag6003
383.119,tag3075
383.017,tag967
383.558,tag8463
383.257,tag8716
383.157,tag5252
383.226,tag7
383.030,tag6320
383.429,tag5556
383.542,tag6228
383.153,tag6899
383.828,tag962
383.776,tag6001
383.897,tag11800
383.942,tag3795
383.586,tag2033
383.773,tag11209
383.080,tag6944
383.731,tag865
383.834,tag7737
383.552,tag11708
383.312,tag6050
383.572,tag9916
383.441,tag5349
383.889,tag5997
383.048,tag2369
383.359,tag546
383.685,tag3209
383.341,tag6788
383.336,tag2044
383.872,tag6051
384.715,tag4328
384.347,tag6629
384.772,tag2772
384.350,tag8624
384.207,tag7481
384.513,tag487
384.651,tag6643
384.429,tag3789
384.316,tag11460
384.356,tag156
384.706,tag1193
384.348,tag7347
384.393,tag3546
384.229,tag6685
384.884,tag6134
384.804,tag1393
384.046,tag6303
384.896,tag3303
384.667,tag1629
384.138,tag8653
384.928,tag2861
384.562,tag3111
384.017,tag2907
384.108,tag10623
384.962,tag10773
384.478,tag7591
384.605,tag8382
384.963,tag4027
384.242,tag3401
384.008,tag6500
384.528,tag4664
384.417,tag8422
384.879,tag10991
384.208,tag8076
384.875,tag10112
384.851,tag8425
384.281,tag1986
384.787,tag5452
384.708,tag247
384.788,tag8647
385.567,tag5068
385.351,tag4091
385.695,tag9809
385.172,tag7819
385.716,tag5716
385.032,tag3740
385.426,tag3598
385.635,tag1258
385.406,tag3783
385.692,tag5273
385.582,tag8042
385.538,tag10524
385.668,tag9001
385.502,tag7835
385.046,tag1745
385.875,tag4473
385.837,tag4830
385.689,tag3925
385.250,tag6518
385.661,tag179
385.234,tag5352
385.722,tag8550
385.424,tag3460
385.533,tag5970
385.841,tag11107
385.130,tag8521
385.146,tag894
385.464,tag10558
385.115,tag671
385.758,tag2114
385.235,tag4912
385.069,tag5326
385.903,tag8860
385.243,tag11320
385.445,tag7661
385.097,tag44
385.873,tag7243
385.368,tag3468
385.997,tag4294
385.332,tag10406
386.360,tag4619
386.793,tag3307
386.433,tag7547
386.280,tag3302
386.321,tag4087
386.989,tag6202
386.283,tag2394
386.718,tag9354
386.546,tag4839
386.493,tag11295
386.016,tag7034
386.663,tag6295
386.577,tag8147
386.785,tag2263
386.712,tag7057
386.662,tag2630
386.737,tag582
386.167,tag3291
386.347,tag10032
386.153,tag1389
386.136,tag11311
386.654,tag4086
386.328,tag9179
386.322,tag8917
386.891,tag1078
386.568,tag6272
386.019,tag10548
386.633,tag1829
386.928,tag3839
386.291,tag4265
386.092,tag6651
386.747,tag7819
386.215,tag11476
386.697,tag2993
386.884,tag672
386.698,tag9906
386.438,tag6784
386.810,tag3708
386.558,tag2726
386.578,tag557
387.464,tag2245
387.749,tag8869
387.543,tag10110
387.558,tag7476
387.101,tag10443
387.169,tag6418
387.013,tag8360
387.556,tag9639
387.479,tag8612
387.658,tag10626
387.206,tag11940
387.626,tag1068
387.883,tag5853
387.783,tag1771
387.339,tag8142
387.048,tag2599
387.987,tag6191
387.163,tag5788
387.016,tag6769
387.223,tag2811
387.280,tag4391
387.889,tag369
387.579,tag11927
387.872,tag488
387.236,tag7877
387.992,tag10706
387.354,tag9517
387.423,tag5404
387.274,tag4421
387.995,tag2154
387.211,tag10721
387.132,tag9418
387.950,tag8187
387.871,tag4821
387.790,tag11511
387.676,tag6173
387.639,tag5541
387.862,tag11353
387.956,tag2510
387.859,tag8524
388.285,tag6733
388.565,tag5375
388.337,tag4674
388.905,tag9314
388.738,tag9438
388.959,tag11580
388.466,tag1975
388.014,tag3758
388.975,tag10649
388.496,tag8545
388.981,tag11386
388.839,tag7257
388.390,tag4375
388.363,tag11400
388.511,tag9151
388.527,tag11986
388.003,tag11311
388.534,tag6661
388.544,tag2785
388.857,tag5276
388.638,tag11452
388.928,tag3782
388.376,tag11780
388.378,tag3009
388.054,tag4928
388.115,tag3219
388.598,tag4059
388.285,tag7824
388.066,tag6225
388.339,tag7764
388.242,tag5277
388.561,tag8229
388.939,tag129
388.937,tag171
388.363,tag8437
388.738,tag4622
388.003,tag6807
388.564,tag11284
388.260,tag9923
388.134,tag10224
389.457,tag2023
389.815,tag4859
389.793,tag4818
389.558,tag2205
389.957,tag4640
389.180,tag6852
389.561,tag2914
389.881,tag1479
389.753,tag3863
389.555,tag6998
389.080,tag1561
389.186,tag8885
389.198,tag8397
389.751,tag4411
389.968,tag10987
389.822,tag5793
389.629,tag10390
389.442,tag4036
389.645,tag9523
389.407,tag7696
389.614,tag678
389.210,tag2929
389.985,tag7170
389.320,tag11497
389.510,tag1278
389.768,tag2958
389.114,tag9747
389.338,tag10641
389.707,tag4391
389.350,tag9344
389.128,tag2016
389.130,tag436
389.170,tag2432
389.128,tag5680
389.244,tag3370
389.155,tag5757
389.965,tag10488
389.027,tag7948
389.892,tag2618
389.923,tag4288
390.565,tag7118
390.842,tag10515
390.440,tag10428
390.342,tag2889
390.973,tag1817
390.329,tag5193
390.842,tag7926
390.949,tag7661
390.353,tag4108
390.312,tag8704
390.965,tag7074
390.644,tag5900
390.547,tag6383
390.030,tag8743
390.207,tag3766
390.275,tag11752
390.079,tag11376
390.553,tag2188
390.047,tag8288
390.086,tag5306
390.963,tag11772
390.036,tag7668
390.605,tag7270
390.993,tag8613
390.042,tag11538
390.381,tag3043
390.232,tag1806
390.073,tag2483
390.451,tag298
390.843,tag5280
390.124,tag10623
390.930,tag2238
390.490,tag729
390.800,tag3387
390.157,tag758
390.403,tag1334
390.277,tag8395
390.802,tag6377
390.294,tag8453
390.348,tag3781
391.516,tag3316
391.396,tag5473
391.293,tag7136
391.753,tag3818
391.590,tag4590
391.743,tag5851
391.329,tag8239
391.650,tag7723
391.371,tag4481
391.656,tag7085
391.714,tag3728
391.882,tag11711
391.803,tag632
391.418,tag6880
391.427,tag3956
391.830,tag10757
391.894,tag10885
391.056,tag5399
391.896,tag5550
391.307,tag744
391.026,tag11726
391.928,tag10975
391.938,tag10221
391.629,tag10153
391.141,tag10033
391.887,tag7470
391.699,tag8226
391.864,tag7584
391.792,tag10378
391.023,tag4908
391.330,tag10018
391.643,tag3296
391.107,tag10338
391.270,tag8497
391.781,tag5975
391.479,tag8492
391.249,tag9460
391.242,tag9909
391.858,tag8732
391.967,tag7439
392.551,tag9157
392.386,tag945
392.068,tag4808
392.530,tag8538
392.202,tag10948
392.234,tag7125
392.790,tag6156
392.667,tag7139
392.483,tag8404
392.174,tag10793
392.393,tag5285
392.725,tag11995
392.143,tag8184
392.211,tag11664
392.794,tag3132
392.943,tag3472
392.947,tag1789
392.770,tag7253
392.692,tag794
392.993,tag10795
392.482,tag11238
392.988,tag182
392.099,tag6603
392.591,tag8432
392.746,tag10288
392.328,tag5136
392.347,tag8041
392.794,tag4935
392.161,tag8512
392.044,tag177
392.966,tag1470
392.392,tag10122
392.751,tag9015
392.327,tag958
392.360,tag6523
392.806,tag7975
392.518,tag9873
392.588,tag8546
392.947,tag9643
392.470,tag9380
393.564,tag9449
393.371,tag4719
393.299,tag6141
393.076,tag7273
393.257,tag8149
393.090,tag3297
393.701,tag8671
393.611,tag1139
393.359,tag10702
393.298,tag4792
393.310,tag3422
393.939,tag9527
393.180,tag5088
393.845,tag6681
393.098,tag871
393.803,tag9079
393.855,tag2339
393.416,tag528
393.879,tag565
393.030,tag2632
393.558,tag3676
393.100,tag980
393.054,tag4549
393.414,tag4360
393.301,tag5137
393.163,tag9233
393.295,tag3938
393.428,tag511
393.218,tag2684
393.801,tag10195
393.582,tag4085
393.688,tag9638
393.078,tag3797
393.880,tag7220
393.523,tag7894
393.696,tag589
393.241,tag7509
393.126,tag1087
393.738,tag1989
393.114,tag3114
394.221,tag6808
394.737,tag11905
394.182,tag6753
394.963,tag11935
394.160,tag5635
394.178,tag2055
394.994,tag9459
394.807,tag674
394.992,tag10416
394.181,tag2027
394.889,tag9940
394.820,tag831
394.031,tag885
394.327,tag8397
394.859,tag6218
394.652,tag10664
394.500,tag5708
394.720,tag7385
394.318,tag3253
394.711,tag3752
394.250,tag8146
394.108,tag11387
394.346,tag3581
394.098,tag9650
394.623,tag8000
394.491,tag6320
394.264,tag8663
394.803,tag8033
394.667,tag11101
394.442,tag11842
394.547,tag10830
394.594,tag11095
394.442,tag10393
394.927,tag3397
394.502,tag582
394.028,tag1976
394.300,tag9644
394.540,tag6373
394.082,tag698
394.456,tag10718
395.497,tag11843
395.054,tag1292
395.779,tag5571
395.828,tag8259
395.787,tag9872
395.173,tag8666
395.345,tag3236
395.394,tag2662
395.254,tag2925
395.243,tag651
395.725,tag7068
395.246,tag6756
395.997,tag2986
395.579,tag5120
395.746,tag11230
395.292,tag5692
395.724,tag304
395.653,tag4291
395.185,tag4195
395.619,tag2862
395.468,tag8333
395.724,tag8334
395.658,tag10134
395.618,tag7009
395.183,tag8950
395.733,tag6660
395.791,tag10294
395.147,tag10856
395.067,tag8550
395.848,tag10184
395.073,tag306
395.196,tag9865
395.648,tag1859
395.179,tag7641
395.386,tag1611
395.332,tag11112
395.917,tag1345
395.990,tag9184
395.992,tag2322
395.199,tag3513
396.316,tag2880
396.535,tag11184
396.293,tag941
396.427,tag1307
396.498,tag11264
396.870,tag1761
396.090,tag5409
396.953,tag104
396.212,tag11251
396.844,tag9962
396.574,tag4156
396.710,tag11102
396.610,tag722
396.429,tag4229
396.736,tag2555
396.492,tag11880
396.774,tag7561
396.914,tag1705
396.920,tag4530
396.414,tag4829
396.316,tag6066
396.587,tag3812
396.068,tag8085
396.499,tag793
396.323,tag335
396.349,tag10380
396.134,tag11069
396.221,tag6084
396.311,tag3247
396.336,tag3167
396.013,tag1879
396.964,tag4755
396.220,tag311
396.691,tag4264
396.027,tag3691
396.482,tag2926
396.151,tag5595
396.359,tag3161
396.423,tag11157
396.694,tag4388
397.467,tag1410
397.805,tag7423
397.009,tag10860
397.803,tag926
397.912,tag1073
397.426,tag4230
397.362,tag3440
397.364,tag1847
397.182,tag2855
397.922,tag1112
397.321,tag4468
397.738,tag2679
397.868,tag7165
397.858,tag9254
397.968,tag4374
397.228,tag6379
397.400,tag10894
397.752,tag10178
397.175,tag1483
397.842,tag7247
397.948,tag4968
397.255,tag4744
397.490,tag2564
397.125,tag2644
397.677,tag7393
397.925,tag11257
397.026,tag627
397.708,tag9272
397.626,tag967
397.324,tag10277
397.808,tag268
397.075,tag3186
397.770,tag11042
397.041,tag13
397.712,tag8905
397.683,tag9981
397.969,tag3562
397.773,tag3387
397.146,tag3907
397.394,tag4379
398.350,tag1492
398.724,tag5670
398.482,tag11568
398.611,tag8092
398.595,tag3571
398.212,tag11430
398.058,tag4897
398.794,tag8719
398.932,tag1187
398.902,tag6682
398.628,tag9677
398.107,tag4864
398.221,tag11746
398.984,tag6993
398.966,tag10309
398.710,tag9904
398.212,tag2527
398.578,tag5331
398.288,tag2344
398.167,tag799
398.579,tag3892
398.539,tag11009
398.176,tag8797
398.168,tag11920
398.678,tag609
398.823,tag7231
398.770,tag10545
398.233,tag2423
398.135,tag10603
398.281,tag9171
398.070,tag8740
398.818,tag5924
398.265,tag6841
398.309,tag2389
398.380,tag2463
398.749,tag8104
398.822,tag8201
398.677,tag7332
398.651,tag445
398.379,tag10315
399.628,tag8454
399.806,tag1884
399.617,tag8635
399.363,tag11853
399.277,tag4469
399.298,tag10195
399.249,tag6052
399.826,tag11606
399.299,tag4958
399.763,tag11007
399.622,tag10121
399.699,tag3576
399.674,tag2448
399.523,tag2711
399.804,tag8533
399.242,tag7976
399.370,tag4890
399.856,tag9237
399.563,tag11658
399.354,tag1120
399.978,tag11335
399.580,tag7651
399.738,tag7462
399.690,tag5062
399.898,tag5541
399.038,tag7238
399.860,tag8857
399.734,tag3753
399.283,tag2460
399.810,tag6669
399.416,tag6940
399.004,tag9968
399.658,tag5967
399.281,tag4964
399.835,tag9082
399.412,tag9602
399.070,tag5679
399.026,tag3663
399.704,tag2566
399.077,tag1013
400.939,tag5523
400.380,tag10203
400.374,tag11980
400.253,tag2751
400.211,tag8267
400.225,tag118
400.626,tag6365
400.793,tag3299
400.399,tag8178
400.036,tag8770
400.553,tag2817
400.075,tag78
400.181,tag11741
400.523,tag10439
400.769,tag2166
400.893,tag8989
400.323,tag11110
400.210,tag1843
400.884,tag471
400.174,tag4185
400.319,tag8747
400.010,tag5009
400.685,tag7218
400.659,tag3061
400.372,tag4348
400.902,tag10751
400.597,tag3543
400.375,tag5660
400.810,tag8841
400.819,tag6246
400.930,tag2254
400.779,tag2363
400.746,tag7341
400.200,tag6261
400.670,tag6
400.835,tag8930
400.998,tag4628
400.984,tag3565
400.586,tag1394
400.149,tag286
401.632,tag7821
401.682,tag4390
401.629,tag8985
401.668,tag8254
401.351,tag9410
401.893,tag1171
401.368,tag7383
401.523,tag10747
401.779,tag3284
401.652,tag2593
401.217,tag844
401.069,tag749
401.230,tag7334
401.612,tag6953
401.389,tag8020
401.195,tag5661
401.850,tag4953
401.607,tag6144
401.749,tag65
401.978,tag5583
401.484,tag11749
401.312,tag11141
401.716,tag7981
401.129,tag10259
401.608,tag9194
401.984,tag4611
401.290,tag3793
401.826,tag8847
401.092,tag397
401.686,tag11178
401.566,tag6218
401.275,tag4751
401.801,tag11596
401.177,tag5123
401.518,tag6863
401.923,tag2711
401.633,tag5265
401.807,tag4759
401.055,tag8853
401.354,tag3631
402.023,tag6524
402.686,tag2947
402.347,tag1345
402.864,tag6626
402.411,tag5193
402.551,tag11433
402.830,tag8013
402.438,tag2645
402.782,tag4894
402.084,tag1708
402.272,tag2357
402.732,tag760
402.185,tag5747
402.593,tag1997
402.547,tag2997
402.155,tag7619
402.361,tag3876
402.306,tag11209
402.735,tag11742
402.272,tag7999
402.683,tag6233
402.520,tag8483
402.171,tag11198
402.530,tag1610
402.134,tag1149
402.100,tag11015
402.424,tag2209
402.329,tag1532
402.811,tag6666
402.667,tag10125
402.235,tag11120
402.355,tag1226
402.242,tag722
402.690,tag4196
402.820,tag9052
402.455,tag1756
402.754,tag7453
402.009,tag9032
402.648,tag5752
402.607,tag2026
403.194,tag1931
403.355,tag11773
403.082,tag10684
403.147,tag2597
403.344,tag7580
403.965,tag3205
403.774,tag9752
403.061,tag8551
403.875,tag10615
403.753,tag2233
403.317,tag7680
403.259,tag9536
403.192,tag9918
403.796,tag4751
403.513,tag9754
403.212,tag1952
403.797,tag1519
403.421,tag6598
403.426,tag5290
403.295,tag8383
403.678,tag7761
403.538,tag2196
403.137,tag5643
403.373,tag3611
403.272,tag6026
403.710,tag2931
403.075,tag1022
403.365,tag4828
403.464,tag3839
403.345,tag3373
403.078,tag9440
403.445,tag478
403.231,tag2256
403.116,tag11112
403.036,tag4486
403.803,tag5879
403.274,tag7259
403.596,tag11612
403.943,tag9778
403.998,tag1027
404.834,tag7086
404.299,tag6409
404.587,tag9001
404.134,tag5529
404.062,tag6006
404.454,tag11773
404.809,tag3187
404.761,tag542
404.256,tag1608
404.701,tag11914
404.939,tag2171
404.607,tag7118
404.394,tag2485
404.404,tag5907
404.811,tag5661
404.811,tag2045
404.576,tag1858
404.449,tag4208
404.581,tag4393
404.834,tag11903
404.830,tag2493
404.644,tag11158
404.002,tag3072
404.698,tag1777
404.827,tag3442
404.856,tag1234
404.188,tag8284
404.006,tag2037
404.864,tag3884
404.470,tag5673
404.734,tag6601
404.070,tag5416
404.675,tag669
404.198,tag7265
404.350,tag3349
404.744,tag6140
404.845,tag4196
404.690,tag9
404.571,tag6083
404.513,tag59
405.627,tag7004
405.493,tag588
405.284,tag7019
405.600,tag2870
405.351,tag7738
405.937,tag7825
405.690,tag187
405.480,tag10668
405.759,tag11925
405.342,tag9495
405.608,tag11481
405.434,tag9320
405.601,tag1900
405.493,tag8948
405.343,tag8566
405.520,tag1969
405.008,tag6151
405.593,tag5901
405.523,tag6659
405.983,tag5573
405.187,tag3483
405.236,tag5682
405.121,tag11595
405.450,tag3256
405.734,tag2669
405.144,tag3979
405.849,tag4437
405.909,tag2636
405.045,tag5326
405.070,tag8309
405.128,tag6532
405.235,tag3190
405.456,tag3697
405.261,tag3959
405.978,tag10142
405.753,tag7484
405.690,tag751
405.565,tag9943
405.727,tag2929
405.307,tag5129
406.052,tag9255
406.617,tag4407
406.201,tag7267
406.077,tag11656
406.804,tag2858
406.182,tag8990
406.605,tag8696
406.675,tag4047
406.903,tag4109
406.846,tag8553
406.125,tag8545
406.171,tag7522
406.582,tag770
406.124,tag5782
406.409,tag11344
406.702,tag10558
406.509,tag11663
406.862,tag8660
406.536,tag10069
406.737,tag9896
406.300,tag11315
406.098,tag7947
406.482,tag10874
406.905,tag8707
406.008,tag7631
406.934,tag161
406.795,tag5195
406.260,tag5684
406.196,tag8042
406.526,tag6329
406.150,tag10472
406.256,tag5749
406.418,tag2559
406.082,tag3261
406.388,tag11722
406.771,tag7060
406.447,tag7375
406.536,tag5619
406.354,tag10350
406.411,tag8304
407.263,tag7508
407.281,tag3521
407.120,tag11109
407.016,tag5643
407.803,tag7092
407.328,tag8973
407.316,tag2823
407.843,tag4989
407.851,tag3112
407.769,tag4891
407.518,tag10755
407.586,tag8124
407.854,tag1843
407.389,tag8495
407.354,tag9205
407.828,tag11631
407.905,tag11562
407.551,tag8377
407.021,tag5232
407.911,tag11134
407.383,tag5419
407.624,tag9001
407.490,tag7243
407.437,tag5213
407.757,tag8372
407.105,tag3549
407.643,tag8488
407.191,tag4901
407.800,tag7927
407.883,tag997
407.298,tag3623
407.139,tag7641
407.878,tag11032
407.247,tag8825
407.500,tag2356
407.190,tag8596
407.343,tag9793
407.783,tag4372
407.533,tag744
407.786,tag9312
408.574,tag11684
408.760,tag10015
408.504,tag7665
408.947,tag334
408.606,tag4850
408.242,tag8875
408.045,tag4196
408.837,tag9684
408.336,tag148
408.479,tag5038
408.309,tag5123
408.892,tag8355
408.350,tag8393
408.899,tag10949
408.705,tag8697
408.409,tag9646
408.458,tag5947
408.156,tag3691
408.355,tag1086
408.984,tag3386
408.298,tag11511
408.676,tag3540
408.809,tag10911
408.297,tag11770
408.848,tag6683
408.029,tag9421
408.753,tag1982
408.713,tag5151
408.283,tag765
408.311,tag2154
408.528,tag7995
408.101,tag6974
408.553,tag1161
408.868,tag6747
408.113,tag6922
408.238,tag5365
408.607,tag6916
408.881,tag2305
408.551,tag9167
408.941,tag7549
409.417,tag7551
409.590,tag8992
409.844,tag7220
409.031,tag6600
409.569,tag609
409.088,tag8791
409.874,tag9486
409.850,tag2402
409.330,tag7375
409.935,tag1823
409.161,tag1751
409.785,tag1268
409.344,tag11246
409.149,tag7908
409.434,tag4896
409.892,tag5634
409.878,tag3681
409.911,tag5671
409.135,tag11822
409.638,tag9727
409.854,tag2357
409.749,tag5382
409.574,tag2257
409.191,tag817
409.413,tag2957
409.714,tag409
409.340,tag3913
409.953,tag6681
409.992,tag4033
409.835,tag10553
409.993,tag630
409.088,tag10242
409.894,tag7401
409.377,tag7254
409.492,tag11320
409.163,tag10820
409.285,tag10131
409.207,tag7675
409.283,tag10659
409.013,tag4652
410.614,tag7551
410.246,tag3673
410.174,tag9573
410.669,tag2771
410.957,tag5548
410.718,tag10558
410.345,tag11403
410.444,tag2035
410.119,tag6764
410.358,tag7273
410.082,tag8523
410.833,tag3879
410.872,tag3060
410.784,tag6337
410.123,tag4359
410.374,tag8055
410.162,tag2075
410.623,tag4984
410.515,tag1516
410.654,tag6850
410.538,tag183
410.783,tag7237
410.934,tag3302
410.763,tag4442
410.694,tag8600
410.935,tag2284
410.964,tag9002
410.488,tag8889
410.320,tag10124
410.876,tag4058
410.699,tag7541
410.113,tag2232
410.163,tag4970
410.314,tag3629
410.841,tag4799
410.533,tag10524
410.399,tag3938
410.789,tag7032
410.817,tag10329
410.845,tag2106
411.351,tag7229
411.734,tag1244
411.731,tag11126
411.459,tag5182
411.555,tag10277
411.947,tag3882
411.685,tag5133
411.815,tag6757
411.693,tag8235
411.801,tag7752
411.419,tag11719
411.868,tag2970
411.599,tag7153
411.201,tag2278
411.317,tag840
411.484,tag5491
411.782,tag8358
411.045,tag10560
411.483,tag7990
411.718,tag6744
411.318,tag3444
411.234,tag5743
411.788,tag4952
411.529,tag8207
411.108,tag10715
411.350,tag11079
411.173,tag6357
411.758,tag10796
411.585,tag6731
411.624,tag1853
411.484,tag8089
411.929,tag20
411.613,tag4320
411.489,tag9506
411.463,tag2072
411.440,tag6048
411.705,tag6231
411.623,tag9118
411.822,tag8738
411.595,tag1517
412.537,tag4486
412.290,tag34
412.706,tag10335
412.366,tag7680
412.616,tag555
412.855,tag6731
412.346,tag8337
412.661,tag9037
412.650,tag733
412.116,tag10102
412.103,tag10777
412.729,tag11564
412.840,tag9781
412.669,tag5129
412.062,tag11614
412.239,tag11137
412.029,tag3100
412.161,tag5358
412.943,tag2591
412.361,tag10329
412.811,tag5938
412.714,tag6540
412.853,tag11636
412.712,tag8100
412.244,tag10861
412.033,tag1951
412.314,tag11605
412.530,tag9488
412.126,tag9729
412.150,tag1756
412.284,tag10694
412.853,tag4180
412.205,tag748
412.095,tag6558
412.029,tag7938
412.739,tag5741
412.737,tag8967
412.822,tag1640
412.991,tag3208
412.454,tag9591
413.344,tag3946
413.710,tag2974
413.422,tag2103
413.307,tag11989
413.675,tag1557
413.552,tag2080
413.182,tag7525
413.336,tag11579
413.666,tag4947
413.050,tag1492
413.626,tag415
413.962,tag5978
413.134,tag6071
413.594,tag1660
413.231,tag8326
413.762,tag3110
413.849,tag1567
413.592,tag1511
413.900,tag9096
413.974,tag8669
413.799,tag9888
413.560,tag545
413.039,tag1087
413.087,tag9968
413.824,tag6536
413.675,tag2417
413.956,tag8115
413.001,tag4185
413.706,tag4929
413.761,tag9455
413.266,tag6345
413.054,tag4530
413.636,tag858
413.336,tag9072
413.592,tag2439
413.880,tag253
413.750,tag11259
413.430,tag2665
413.927,tag5417
413.687,tag634
414.726,tag9316
414.763,tag290
414.564,tag7742
414.482,tag8150
414.204,tag3660
414.958,tag11121
414.156,tag9018
414.784,tag7845
414.488,tag2352
414.971,tag2031
414.108,tag540
414.533,tag10178
414.130,tag6435
414.094,tag9541
414.730,tag9755
414.385,tag3294
414.792,tag3198
414.457,tag811
414.229,tag9565
414.851,tag8728
414.303,tag10749
414.750,tag1118
414.888,tag123
414.621,tag8271
414.815,tag2064
414.844,tag10271
414.273,tag5555
414.175,tag5634
414.675,tag10187
414.452,tag8696
414.603,tag9804
414.361,tag11317
414.874,tag7706
414.007,tag7477
414.142,tag10447
414.472,tag6708
414.778,tag5199
414.074,tag8337
414.134,tag5561
414.236,tag9117
415.868,tag11687
415.597,tag8245
415.270,tag5325
415.121,tag1884
415.685,tag5036
415.979,tag11062
415.050,tag5824
415.861,tag10406
415.673,tag4289
415.372,tag1221
415.637,tag7639
415.003,tag1242
415.594,tag8229
415.029,tag10155
415.268,tag1226
415.602,tag6038
415.181,tag8485
415.909,tag5583
415.700,tag10002
415.073,tag11231
415.664,tag2817
415.668,tag1150
415.229,tag7119
415.534,tag5732
415.985,tag7096
415.383,tag1789
415.237,tag2910
415.839,tag1491
415.613,tag2126
415.960,tag7670
415.359,tag7472
415.117,tag8281
415.647,tag2010
415.649,tag11206
415.657,tag8254
415.363,tag4575
415.035,tag7764
415.173,tag7854
415.932,tag6699
415.672,tag3829
416.624,tag2933
416.058,tag1033
416.385,tag2552
416.357,tag3317
416.210,tag2517
416.176,tag1712
416.648,tag9226
416.922,tag4039
416.089,tag5632
416.351,tag7171
416.325,tag2664
416.913,tag2894
416.712,tag518
416.525,tag10749
416.636,tag7347
416.136,tag60
416.494,tag8454
416.568,tag141
416.572,tag2392
416.542,tag9421
416.382,tag2634
416.951,tag293
416.853,tag6688
416.734,tag8454
416.539,tag10079
416.838,tag7664
416.145,tag2931
416.222,tag9840
416.845,tag2279
416.067,tag5324
416.525,tag5043
416.764,tag6706
416.141,tag2943
416.981,tag7212
416.995,tag11763
416.952,tag9440
416.068,tag6026
416.868,tag10026
416.656,tag4685
416.216,tag6097
417.609,tag5247
417.646,tag5716
417.205,tag1437
417.311,tag141
417.157,tag1961
417.777,tag4980
417.310,tag616
417.024,tag11733
417.055,tag1430
417.904,tag6948
417.218,tag11681
417.566,tag10056
417.084,tag10654
417.623,tag6629
417.944,tag6014
417.712,tag9186
417.489,tag7060
417.808,tag966
417.824,tag8697
417.756,tag4689
417.999,tag7339
417.369,tag8165
417.127,tag9345
417.808,tag6018
417.217,tag3292
417.815,tag11450
417.915,tag5484
417.959,tag3886
417.941,tag2690
417.383,tag9512
417.678,tag5951
417.550,tag7309
417.622,tag2376
417.600,tag9825
417.308,tag4538
417.523,tag3760
417.321,tag6628
417.624,tag210
417.120,tag9989
417.762,tag20
418.291,tag49
418.021,tag9812
418.302,tag2177
418.124,tag3073
418.038,tag5512
418.205,tag7794
418.411,tag8769
418.947,tag2561
418.678,tag7990
418.273,tag2868
418.854,tag412
418.416,tag3778
418.499,tag11870
418.635,tag1780
418.087,tag7793
418.939,tag11373
418.568,tag11253
418.647,tag3696
418.331,tag9509
418.524,tag9264
418.945,tag683
418.274,tag9235
418.298,tag1771
418.140,tag8468
418.706,tag258
418.049,tag8844
418.191,tag6950
418.980,tag1555
418.548,tag9103
418.638,tag6575
418.606,tag128
418.647,tag4849
418.260,tag10392
418.854,tag1651
418.697,tag7391
418.108,tag6621
418.773,tag3078
418.703,tag5814
418.712,tag9340
418.403,tag9992
419.607,tag1279
419.400,tag4260
419.805,tag1681
419.055,tag4186
419.891,tag9456
419.887,tag1787
419.468,tag6737
419.430,tag11334
419.454,tag8371
419.880,tag2135
419.106,tag8874
419.478,tag4078
419.978,tag3327
419.797,tag2680
419.521,tag210
419.251,tag11027
419.758,tag1093
419.847,tag712
419.038,tag740
419.994,tag11585
419.760,tag9815
419.878,tag10474
419.404,tag8693
419.005,tag2969
419.430,tag7190
419.224,tag3959
419.263,tag10419
419.338,tag8228
419.195,tag8201
419.682,tag11061
419.492,tag7023
419.059,tag9955
419.292,tag2135
419.511,tag2519
419.278,tag9217
419.171,tag3395
419.766,tag1242
419.254,tag8070
419.911,tag7530
419.410,tag9598
420.638,tag10838
420.546,tag87
420.948,tag11551
420.845,tag2243
420.800,tag1109
420.832,tag4302
420.658,tag11
420.801,tag1651
420.297,tag7886
420.400,tag8196
420.625,tag9176
420.106,tag9314
420.350,tag7757
420.600,tag1164
420.711,tag10283
420.184,tag3860
420.750,tag10103
420.134,tag7920
420.619,tag2921
420.932,tag294
420.731,tag2325
420.936,tag553
420.577,tag7781
420.873,tag3874
420.317,tag287
420.032,tag7847
420.949,tag7331
420.798,tag3962
420.741,tag7345
420.671,tag11020
420.791,tag9491
420.798,tag6246
420.355,tag8217
420.314,tag9201
420.267,tag9822
420.524,tag11383
420.925,tag6354
420.957,tag1767
420.774,tag8592
420.658,tag5728
421.892,tag9996
421.617,tag9603
421.693,tag11688
421.390,tag9481
421.617,tag7621
421.634,tag11605
421.384,tag7187
421.107,tag8604
421.584,tag3872
421.378,tag7359
421.572,tag10313
421.468,tag4893
421.348,tag3572
421.201,tag8034
421.398,tag5807
421.114,tag9369
421.841,tag5246
421.777,tag315
421.062,tag11918
421.952,tag4039
421.383,tag8630
421.573,tag2977
421.437,tag4492
421.869,tag3096
421.133,tag5668
421.760,tag2944
421.363,tag62
421.736,tag4063
421.673,tag11566
421.059,tag4360
421.440,tag6916
421.409,tag10024
421.883,tag796
421.587,tag9339
421.022,tag5450
421.756,tag8688
421.902,tag4066
421.659,tag1534
421.763,tag4981
421.323,tag5009
422.361,tag4764
422.216,tag465
422.343,tag5907
422.890,tag492
422.686,tag4153
422.997,tag11580
422.645,tag9404
422.625,tag1172
422.590,tag9253
422.442,tag3250
422.329,tag1750
422.064,tag2701
422.843,tag8939
422.044,tag6730
422.816,tag2688
422.377,tag4698
422.089,tag1218
422.684,tag2863
422.794,tag8863
422.847,tag9228
422.853,tag7649
422.405,tag4226
422.193,tag8774
422.465,tag7598
422.489,tag10339
422.771,tag5722
422.568,tag7857
422.784,tag6968
422.611,tag10757
422.300,tag9164
422.584,tag6086
422.446,tag8982
422.160,tag1699
422.874,tag9985
422.182,tag11595
422.316,tag6202
422.588,tag3256
422.383,tag1412
422.525,tag8365
422.557,tag2669
423.256,tag9777
423.352,tag6139
423.231,tag4481
423.219,tag4864
423.880,tag4605
423.880,tag1507
423.028,tag2472
423.281,tag11732
423.954,tag3083
423.659,tag5329
423.197,tag11616
423.546,tag7265
423.964,tag5810
423.059,tag1359
423.165,tag30
423.598,tag3886
423.114,tag4385
423.794,tag7990
423.192,tag4197
423.906,tag4712
423.215,tag7688
423.390,tag2030
423.901,tag3222
423.289,tag2624
423.271,tag7667
423.224,tag5799
423.575,tag11364
423.389,tag6970
423.957,tag6182
423.678,tag2938
423.747,tag7450
423.508,tag4643
423.244,tag8448
423.551,tag5335
423.680,tag11087
423.445,tag97
423.451,tag3928
423.455,tag2542
423.497,tag6373
423.894,tag4510
424.253,tag3324
424.654,tag3826
424.538,tag1934
424.510,tag9918
424.647,tag2065
424.055,tag3761
424.982,tag684
424.031,tag1438
424.058,tag5720
424.690,tag5459
424.838,tag7543
424.246,tag10488
424.564,tag8468
424.730,tag1066
424.969,tag535
424.416,tag6975
424.789,tag5497
424.914,tag8634
424.574,tag5477
424.944,tag3901
424.253,tag9406
424.542,tag4670
424.502,tag11064
424.763,tag7402
424.094,tag1530
424.773,tag4473
424.238,tag6414
424.423,tag5623
424.663,tag5697
424.178,tag8546
424.922,tag4801
424.549,tag5108
424.647,tag11216
424.258,tag1899
424.281,tag8177
424.820,tag689
424.594,tag5384
424.834,tag624
424.053,tag6701
424.414,tag1621
425.061,tag3864
425.522,tag6679
425.295,tag1457
425.422,tag9550
425.507,tag5389
425.219,tag1110
425.533,tag2015
425.473,tag5952
425.139,tag9817
425.211,tag10641
425.386,tag5974
425.804,tag8194
425.398,tag4109
425.466,tag4953
425.741,tag4990
425.226,tag7610
425.618,tag9605
425.349,tag5694
425.402,tag11395
425.247,tag5385
425.906,tag11254
425.151,tag4192
425.757,tag2958
425.969,tag1443
425.510,tag8560
425.906,tag2672
425.497,tag11649
425.574,tag7192
425.884,tag9483
425.892,tag7116
425.103,tag10351
425.413,tag9829
425.603,tag3012
425.970,tag8965
426.000,tag5321
425.257,tag10657
425.444,tag8299
425.322,tag10171
425.922,tag2085
425.334,tag3687
426.874,tag8986
426.637,tag6883
426.510,tag3767
426.766,tag2684
426.367,tag3373
426.744,tag7290
426.514,tag9782
426.990,tag4304
426.379,tag6429
426.986,tag2433
426.158,tag5901
426.861,tag3154
426.831,tag2842
426.236,tag10510
426.702,tag5875
426.852,tag8854
426.875,tag7896
426.279,tag4342
426.286,tag2712
426.375,tag11198
426.026,tag7703
426.432,tag3224
426.090,tag10305
426.067,tag1445
426.340,tag316
426.207,tag1666
426.535,tag964
426.831,tag4356
426.089,tag2409
426.621,tag6238
426.122,tag5608
426.606,tag4560
426.587,tag10289
426.398,tag3401
426.610,tag1884
426.539,tag6840
426.425,tag2830
426.924,tag567
426.914,tag35
426.394,tag387
427.556,tag8043
427.647,tag2792
427.896,tag6318
427.248,tag3903
427.459,tag10601
427.879,tag3538
427.878,tag4306
427.369,tag1032
427.470,tag5348
427.890,tag9433
427.807,tag4683
427.105,tag6333
427.570,tag11203
427.342,tag8591
427.127,tag2577
427.596,tag11063
427.841,tag11132
427.762,tag8831
427.636,tag9108
427.178,tag4859
427.547,tag9320
427.213,tag9442
427.698,tag4446
427.073,tag2866
427.410,tag4377
427.283,tag141
427.767,tag11414
427.204,tag10380
427.894,tag2763
427.821,tag4938
427.718,tag6233
427.060,tag6783
427.113,tag3831
427.554,tag7641
427.435,tag4037
427.615,tag8904
427.476,tag9525
427.976,tag8615
427.735,tag7370
427.101,tag4945
428.043,tag4982
428.124,tag9303
428.813,tag6899
428.550,tag8987
428.045,tag7671
428.625,tag265
428.698,tag3072
428.229,tag1903
428.642,tag7887
428.967,tag11762
428.681,tag2404
428.444,tag970
428.886,tag3248
428.523,tag6712
428.589,tag408
428.091,tag10281
428.349,tag8937
428.046,tag9152
428.800,tag6691
428.890,tag9176
428.472,tag11772
428.214,tag4179
428.695,tag5036
428.781,tag5975
428.255,tag4872
428.267,tag10078
428.158,tag11335
428.525,tag904
428.517,tag6927
428.729,tag2228
428.982,tag10467
428.591,tag8027
428.179,tag9740
428.531,tag6152
428.358,tag4184
428.122,tag11374
428.636,tag9741
428.764,tag1509
428.368,tag6461
428.219,tag10331
429.750,tag913
429.581,tag4314
429.251,tag6407
429.145,tag10300
429.734,tag705
429.625,tag5716
429.255,tag2335
429.686,tag8182
429.654,tag3512
429.056,tag5936
429.031,tag6044
429.780,tag10798
429.972,tag6316
429.668,tag8495
429.781,tag6916
429.290,tag5118
429.124,tag4181
429.287,tag3869
429.603,tag11665
429.006,tag5809
429.748,tag9165
429.672,tag3582
429.300,tag7743
429.234,tag8051
429.663,tag4754
429.121,tag1866
429.043,tag3141
429.268,tag9146
429.447,tag9286
429.672,tag6640
429.127,tag5719
429.127,tag4125
429.497,tag3782
429.577,tag11591
429.748,tag4214
429.984,tag6222
429.557,tag6958
429.598,tag6183
429.163,tag9601
429.345,tag4401
430.425,tag5980
430.179,tag7543
430.893,tag4663
430.823,tag11538
430.331,tag11059
430.358,tag5887
430.130,tag5045
430.926,tag4221
430.545,tag9709
430.046,tag11881
430.514,tag4470
430.668,tag4627
430.258,tag2746
430.441,tag201
430.835,tag5252
430.213,tag3625
430.642,tag3595
430.849,tag7697
430.062,tag3608
430.181,tag5154
430.656,tag5900
430.977,tag2924
430.796,tag5624
430.069,tag4141
430.810,tag6568
430.272,tag11842
430.580,tag6555
430.111,tag10966
430.114,tag6564
430.266,tag9740
430.564,tag7109
430.145,tag7221
430.404,tag9128
430.780,tag4448
430.046,tag11528
430.280,tag8512
430.347,tag9742
430.744,tag9315
430.027,tag3864
430.804,tag1436
431.166,tag2781
431.024,tag6725
431.869,tag5148
431.242,tag7346
431.561,tag2962
431.663,tag7689
431.906,tag9875
431.710,tag9798
431.539,tag5011
431.791,tag4737
431.642,tag11279
431.997,tag9029
431.342,tag2826
431.472,tag7473
431.914,tag3424
431.022,tag1092
431.952,tag10634
431.741,tag3927
431.768,tag3057
431.215,tag2175
431.830,tag3576
431.098,tag4174
431.042,tag8095
431.398,tag138
431.959,tag5095
431.308,tag5106
431.597,tag10259
431.189,tag7257
431.448,tag338
431.733,tag7636
431.212,tag10914
431.393,tag9040
431.412,tag2334
431.331,tag9654
431.270,tag993
431.565,tag11321
431.771,tag5054
431.566,tag1456
431.545,tag7297
431.190,tag11225
432.855,tag4106
432.510,tag2061
432.444,tag178
432.316,tag320
432.509,tag1427
432.422,tag9013
432.497,tag5942
432.304,tag5070
432.208,tag5864
432.526,tag3917
432.329,tag4906
432.343,tag7777
432.497,tag2896
432.287,tag5275
432.769,tag7634
432.884,tag10752
432.961,tag10056
432.149,tag3442
432.092,tag1100
432.424,tag11196
432.822,tag1932
432.066,tag660
432.007,tag10907
432.573,tag11222
432.945,tag5871
432.499,tag11982
432.344,tag7183
432.254,tag9880
432.573,tag8120
432.008,tag7905
432.359,tag7059
432.487,tag2250
432.590,tag25
432.953,tag3644
432.771,tag5260
432.324,tag4380
432.711,tag10789
432.675,tag8969
432.406,tag6934
432.248,tag2691
433.275,tag2951
433.071,tag3794
433.030,tag2068
433.015,tag88
433.370,tag1372
433.602,tag7120
433.058,tag5440
433.147,tag5284
433.015,tag11436
433.173,tag3995
433.069,tag10453
433.814,tag1815
433.676,tag5141
433.644,tag11258
433.480,tag10026
433.659,tag11922
433.102,tag11279
433.099,tag6433
433.781,tag160
433.230,tag5244
433.437,tag6155
433.049,tag2219
433.879,tag5589
433.843,tag11120
433.825,tag5888
433.173,tag11974
433.499,tag353
433.960,tag5150
433.087,tag7610
433.041,tag1031
433.682,tag2548
433.511,tag7971
433.333,tag7035
433.381,tag4936
433.208,tag7414
433.228,tag3766
433.521,tag6081
433.814,tag4232
433.842,tag344
433.192,tag4413
434.432,tag8573
434.625,tag3437
434.859,tag953
434.580,tag3862
434.843,tag6062
434.352,tag3575
434.188,tag540
434.017,tag9525
434.650,tag810
434.230,tag11637
434.286,tag5090
434.798,tag754
434.560,tag4863
434.580,tag9645
434.109,tag4972
434.753,tag10799
434.353,tag3961
434.911,tag4882
434.761,tag4225
434.007,tag5953
434.967,tag11672
434.884,tag1235
434.243,tag5689
434.515,tag6738
434.441,tag11335
434.588,tag7425
434.619,tag10940
434.162,tag4192
434.894,tag9992
434.866,tag4377
434.388,tag7050
434.936,tag9310
434.445,tag2177
434.042,tag4836
434.471,tag1966
434.807,tag5886
434.455,tag11591
434.715,tag9026
434.962,tag9712
434.049,tag9693
435.536,tag671
435.744,tag4754
435.968,tag11290
435.341,tag10635
435.285,tag2302
435.043,tag11295
435.177,tag2920
435.025,tag5022
435.598,tag9714
435.874,tag8432
435.149,tag11216
435.671,tag10863
435.310,tag2367
435.186,tag10843
435.635,tag8951
435.289,tag3654
435.134,tag10427
435.698,tag5779
435.403,tag5787
435.835,tag4997
435.433,tag2193
435.061,tag9701
435.636,tag10792
435.517,tag9661
435.338,tag261
435.016,tag11678
435.429,tag7174
435.201,tag2230
435.780,tag6685
435.544,tag5391
435.130,tag3616
435.560,tag5460
435.997,tag9919
435.492,tag6650
435.363,tag1734
435.904,tag4916
435.697,tag10646
435.086,tag1341
435.157,tag2376
435.481,tag10090
436.163,tag7077
436.466,tag372
436.354,tag11073
436.214,tag3421
436.970,tag11204
436.327,tag1146
436.982,tag6372
436.433,tag11122
436.430,tag881
436.907,tag10306
436.806,tag268
436.475,tag11456
436.642,tag6057
436.165,tag8649
436.821,tag8692
436.784,tag8204
436.302,tag2506
436.796,tag10382
436.837,tag1316
436.868,tag11000
436.114,tag4060
436.326,tag10821
436.815,tag3493
436.012,tag2331
436.564,tag2496
436.181,tag4277
436.192,tag11714
436.864,tag7169
436.029,tag8291
436.349,tag2855
436.707,tag6
436.866,tag4306
436.064,tag964
436.034,tag2601
436.679,tag10172
436.984,tag5215
436.229,tag1289
436.466,tag9040
436.180,tag5036
436.021,tag10759
437.197,tag9108
437.376,tag8550
437.585,tag8065
437.694,tag5002
437.253,tag2959
437.493,tag687
437.132,tag8831
437.597,tag808
437.332,tag11462
437.241,tag10826
438.000,tag11727
437.500,tag3610
437.711,tag1783
437.583,tag10059
437.807,tag5847
437.135,tag5168
437.407,tag6723
437.240,tag6638
437.372,tag6829
437.115,tag5115
437.455,tag7827
437.760,tag116
437.718,tag6370
437.322,tag3864
437.894,tag11457
437.619,tag3766
437.667,tag1284
437.058,tag7191
437.181,tag3761
437.919,tag10272
437.158,tag2706
437.438,tag7617
437.378,tag9945
437.043,tag2477
437.734,tag5005
437.640,tag8409
437.332,tag2674
437.642,tag7001
437.520,tag2461
437.199,tag1374
438.588,tag9615
438.083,tag5678
438.287,tag5169
438.218,tag4083
438.572,tag5266
438.443,tag10579
438.998,tag3416
438.967,tag4519
438.638,tag10311
438.481,tag11638
438.217,tag4740
438.401,tag7263
438.643,tag4296
438.412,tag4102
438.190,tag2924
438.810,tag10657
438.183,tag6344
438.610,tag1113
438.077,tag6503
438.569,tag4087
438.449,tag5092
438.043,tag7174
438.029,tag930
438.672,tag10514
438.582,tag10265
438.465,tag473
438.713,tag11448
438.828,tag6379
438.713,tag2890
438.107,tag4737
438.310,tag8924
438.977,tag11920
438.698,tag6189
438.197,tag1240
438.238,tag1171
438.352,tag9872
438.149,tag500
438.821,tag9461
438.328,tag682
438.315,tag875
439.901,tag5656
439.629,tag466
439.100,tag9198
439.837,tag3401
439.585,tag3475
439.366,tag11796
439.925,tag7079
439.384,tag7576
439.804,tag3819
439.229,tag8096
439.665,tag10342
439.310,tag2661
439.542,tag4277
439.730,tag10690
439.404,tag2286
439.907,tag2788
439.527,tag558
439.354,tag3328
439.677,tag3894
439.604,tag11582
439.284,tag10651
439.408,tag104
439.467,tag11670
439.861,tag6114
439.798,tag5433
439.799,tag4780
439.232,tag4798
439.845,tag11994
439.318,tag5964
439.887,tag9532
439.249,tag2353
439.012,tag3815
439.733,tag7824
439.743,tag3496
439.242,tag8319
439.640,tag8817
439.433,tag6587
439.121,tag322
439.309,tag11284
439.914,tag8540
440.687,tag8318
440.130,tag8088
440.708,tag5632
440.935,tag3536
440.424,tag7380
440.890,tag10765
440.057,tag9725
440.143,tag6853
440.916,tag5021
440.734,tag7949
440.634,tag6545
440.643,tag6732
440.269,tag11058
440.783,tag8700
440.335,tag4070
440.990,tag8186
440.843,tag10734
440.946,tag8306
440.984,tag1594
440.227,tag1397
440.261,tag2207
440.848,tag458
440.747,tag7748
440.766,tag5314
440.363,tag7773
440.015,tag5780
440.986,tag1718
440.178,tag3933
440.437,tag8752
440.520,tag11078
440.740,tag2047
440.226,tag5795
440.554,tag2810
440.273,tag4443
440.761,tag7926
440.748,tag1829
440.202,tag6466
440.972,tag8698
440.357,tag7514
440.375,tag2776
441.136,tag2518
441.510,tag10959
441.862,tag6575
441.253,tag5880
441.334,tag7579
441.208,tag8328
441.881,tag7206
441.053,tag3551
441.109,tag2668
441.002,tag11820
441.638,tag3510
441.856,tag2067
441.763,tag5240
441.228,tag2182
441.907,tag8799
441.143,tag8977
441.202,tag8482
441.775,tag9064
441.460,tag9297
441.576,tag2214
441.160,tag6288
441.871,tag3691
441.585,tag2593
441.229,tag7075
441.195,tag9835
441.795,tag8699
441.345,tag2001
441.768,tag1622
441.596,tag2761
441.944,tag2976
441.900,tag2677
441.176,tag10024
441.477,tag11425
441.713,tag6688
441.843,tag9039
441.512,tag7642
441.439,tag9668
441.754,tag800
441.329,tag11877
441.701,tag6931
442.021,tag1666
442.957,tag5379
442.144,tag1944
442.724,tag9455
442.596,tag1324
442.635,tag3122
442.960,tag7142
442.532,tag497
442.935,tag746
442.516,tag10020
442.569,tag5640
442.180,tag4704
442.516,tag6495
442.685,tag6489
442.464,tag10316
442.363,tag4860
442.516,tag6779
442.606,tag10562
442.730,tag10346
442.256,tag27
442.265,tag2969
442.699,tag10350
442.587,tag93
442.578,tag3136
442.133,tag3144
442.491,tag2662
442.135,tag9387
442.789,tag2582
442.308,tag2198
442.466,tag5389
442.406,tag2755
442.560,tag10586
442.513,tag5542
442.519,tag11636
442.767,tag10551
442.305,tag7970
442.347,tag2267
442.165,tag8200
442.280,tag3562
442.384,tag101
443.110,tag4488
443.073,tag3157
443.279,tag3919
443.427,tag7190
443.331,tag4293
443.058,tag11228
443.926,tag8229
443.306,tag10030
443.502,tag11724
443.725,tag264
443.422,tag1009
443.924,tag546
443.778,tag6490
443.241,tag4694
443.591,tag9762
443.781,tag163
443.217,tag4527
443.648,tag6989
443.747,tag4020
443.189,tag2267
443.745,tag2934
443.906,tag10373
443.420,tag10108
443.090,tag8916
443.211,tag4257
443.577,tag10384
443.561,tag7111
443.955,tag6418
443.433,tag10210
443.210,tag9893
443.886,tag6140
443.554,tag4116
443.565,tag8549
443.207,tag5457
443.262,tag912
443.939,tag5497
443.953,tag11951
443.701,tag6858
443.192,tag2363
443.143,tag10566
444.037,tag468
444.300,tag1340
444.171,tag5538
444.963,tag986
444.030,tag9568
444.851,tag9780
444.385,tag4509
444.615,tag3318
444.539,tag7660
444.074,tag8614
444.971,tag4415
444.440,tag5314
444.631,tag3327
444.237,tag1117
444.971,tag11848
444.349,tag5128
444.264,tag5491
444.780,tag2005
444.228,tag11777
444.453,tag2339
444.856,tag7626
444.229,tag9485
444.979,tag9858
444.888,tag2316
444.712,tag4326
444.688,tag4365
444.868,tag6234
444.958,tag6322
444.941,tag9952
444.907,tag24
444.525,tag7327
444.840,tag5994
444.649,tag5411
444.781,tag11230
444.967,tag2335
444.781,tag10936
444.647,tag3029
444.375,tag11668
444.215,tag7427
444.920,tag11279
445.426,tag432
445.740,tag8098
445.378,tag11680
445.672,tag5265
445.940,tag6485
445.189,tag7715
445.358,tag2523
445.355,tag11905
445.170,tag10596
445.504,tag3505
445.175,tag5070
445.493,tag4978
445.052,tag2821
445.160,tag1362
445.875,tag2632
445.795,tag9109
445.506,tag682
445.615,tag8760
445.355,tag3499
445.601,tag1847
445.746,tag2406
445.310,tag8509
445.417,tag11481
445.622,tag4689
445.615,tag10493
445.471,tag7372
445.481,tag9082
445.651,tag4553
445.978,tag233
445.320,tag9767
445.458,tag9102
445.903,tag6405
445.114,tag5295
445.976,tag9028
445.235,tag7117
445.169,tag6044
445.080,tag5739
445.036,tag9955
445.892,tag3612
445.409,tag9264
446.479,tag2418
446.008,tag3288
446.187,tag9006
446.249,tag3297
446.330,tag3821
446.909,tag7970
446.534,tag4156
446.969,tag7682
446.053,tag11313
446.375,tag4315
446.228,tag2124
446.952,tag11658
446.342,tag11877
446.095,tag4401
446.643,tag5482
446.183,tag11162
446.231,tag10342
446.282,tag1046
446.914,tag4589
446.203,tag9555
446.451,tag2914
446.376,tag440
446.496,tag3606
446.038,tag11493
446.961,tag7128
446.548,tag7396
446.858,tag578
446.654,tag8484
446.920,tag10187
446.507,tag7887
446.168,tag4062
446.283,tag10210
446.555,tag2634
446.023,tag949
446.131,tag4699
446.205,tag166
446.090,tag7683
446.558,tag5518
446.153,tag2665
446.309,tag8062
447.586,tag8784
447.318,tag8719
447.065,tag8789
447.473,tag2355
447.852,tag2054
447.894,tag11039
447.033,tag4811
447.552,tag4769
447.153,tag3244
447.115,tag1010
447.817,tag4808
447.036,tag10613
447.027,tag10662
447.497,tag3169
447.439,tag7571
447.903,tag9443
447.982,tag126
447.906,tag6571
447.566,tag7415
447.827,tag11097
447.679,tag3723
447.937,tag7697
447.902,tag7155
447.494,tag6586
447.524,tag2878
447.502,tag10699
447.649,tag2071
447.586,tag8975
447.051,tag596
447.830,tag7586
447.484,tag4421
447.162,tag11898
447.103,tag9348
447.904,tag8835
447.817,tag6182
447.332,tag10799
447.122,tag5106
447.926,tag7949
447.563,tag6285
447.077,tag946
448.160,tag11634
448.999,tag3065
448.984,tag3481
448.993,tag2774
448.487,tag4559
448.103,tag10564
448.630,tag7096
448.799,tag3837
448.899,tag5265
448.399,tag7153
448.070,tag6722
448.879,tag8454
448.744,tag418
448.368,tag3591
448.564,tag6247
448.366,tag10076
448.142,tag4631
448.247,tag3633
448.482,tag5996
448.226,tag2512
448.610,tag10827
448.382,tag11723
448.502,tag8278
448.494,tag4972
448.156,tag4516
448.110,tag3230
448.676,tag1026
448.233,tag4603
448.094,tag3704
448.202,tag1983
448.681,tag3248
448.222,tag7090
448.450,tag5913
448.848,tag7718
448.245,tag2552
448.515,tag2927
448.369,tag4645
448.484,tag775
448.578,tag435
448.474,tag650
449.433,tag9596
449.965,tag9294
449.184,tag5789
449.283,tag8741
449.127,tag9374
449.711,tag10921
449.894,tag5464
449.668,tag8971
449.405,tag2794
449.730,tag9142
449.398,tag7724
449.503,tag11139
449.367,tag10970
449.881,tag9243
449.477,tag3720
449.057,tag2516
449.093,tag983
449.387,tag4144
449.944,tag4171
449.949,tag2118
449.956,tag7055
449.202,tag8374
449.635,tag3230
449.969,tag4744
449.374,tag10176
449.587,tag2437
449.531,tag8675
449.178,tag6446
449.581,tag2757
449.767,tag8262
449.874,tag8728
449.532,tag139
449.217,tag5677
449.957,tag6987
449.397,tag5703
449.849,tag2283
449.432,tag7665
449.316,tag3597
449.730,tag3876
449.321,tag11436
450.114,tag10873
450.586,tag2554
450.956,tag1624
450.349,tag7407
450.112,tag10268
450.894,tag876
450.628,tag3083
450.362,tag10628
450.706,tag6787
450.637,tag10116
450.282,tag6924
450.945,tag8667
450.608,tag7002
450.650,tag3574
450.144,tag4099
450.032,tag7574
450.259,tag11389
450.705,tag6361
450.040,tag6559
450.273,tag11604
450.900,tag10830
450.700,tag7409
450.790,tag1320
450.295,tag2564
450.029,tag7728
450.190,tag2952
450.437,tag4973
450.160,tag2796
450.014,tag5525
450.588,tag1788
450.428,tag5540
450.142,tag10146
450.401,tag7985
450.622,tag776
450.252,tag5237
450.325,tag2282
450.802,tag1591
450.998,tag3926
450.821,tag6953
450.320,tag1616
451.146,tag296
451.388,tag1346
451.931,tag6357
451.235,tag651
451.954,tag11967
451.221,tag6623
451.024,tag6018
451.879,tag11302
451.851,tag4510
451.428,tag5368
451.113,tag9562
451.191,tag146
451.975,tag5170
451.179,tag10769
451.471,tag1887
451.287,tag3441
451.722,tag3401
451.634,tag3768
451.177,tag3815
451.080,tag249
451.340,tag1297
451.400,tag9120
451.710,tag4516
451.224,tag10357
451.609,tag5393
451.238,tag1915
451.529,tag7729
451.359,tag5903
451.786,tag7725
451.108,tag6193
451.954,tag7117
451.093,tag4352
451.036,tag9367
451.055,tag7301
451.174,tag8777
451.155,tag6877
451.197,tag4468
451.019,tag3057
451.009,tag7018
451.742,tag7407
452.081,tag8651
452.047,tag9446
452.524,tag1138
452.440,tag359
452.659,tag4519
452.090,tag5071
452.713,tag351
452.052,tag11076
452.900,tag6608
452.509,tag8901
452.549,tag7070
452.434,tag1402
452.627,tag2027
452.677,tag6240
452.657,tag739
452.967,tag941
452.793,tag9856
452.417,tag9428
452.206,tag5338
452.081,tag1232
452.030,tag106
452.540,tag6200
452.994,tag11994
452.847,tag2410
452.944,tag9075
452.648,tag6682
452.106,tag11636
452.317,tag4503
452.794,tag6228
452.119,tag1515
452.807,tag10093
452.053,tag1618
452.424,tag9874
452.740,tag4830
452.017,tag6585
452.867,tag971
452.415,tag9132
452.644,tag115
452.562,tag6984
452.196,tag9474
453.463,tag8024
453.281,tag3931
453.632,tag1684
453.317,tag11208
453.504,tag10854
453.756,tag5681
453.196,tag8179
453.066,tag1622
453.349,tag2326
453.708,tag3300
453.636,tag6737
453.383,tag2682
453.079,tag8008
453.585,tag3382
453.793,tag4162
453.963,tag1968
453.481,tag1975
453.008,tag4436
453.770,tag9944
453.181,tag8539
453.400,tag8142
453.976,tag5714
453.893,tag11962
453.217,tag10355
453.597,tag10881
453.312,tag11829
453.021,tag671
453.386,tag7253
453.893,tag4075
453.075,tag8206
453.687,tag6262
453.391,tag1528
453.678,tag9047
453.257,tag10939
453.220,tag6118
453.403,tag5001
453.076,tag9053
453.980,tag7464
453.577,tag1502
453.739,tag1905
454.360,tag5866
454.449,tag189
454.035,tag3918
454.187,tag5849
454.376,tag10208
454.627,tag2358
454.153,tag7164
454.741,tag9760
454.455,tag4895
454.426,tag8932
454.634,tag4217
454.434,tag6921
454.542,tag8755
454.143,tag9244
454.355,tag3661
454.083,tag3662
454.552,tag6764
454.270,tag3209
454.375,tag7526
454.065,tag9039
454.258,tag7850
454.961,tag6263
454.659,tag4480
454.743,tag2042
454.651,tag11890
454.275,tag8009
454.654,tag5129
454.335,tag4030
454.303,tag2999
454.933,tag8653
454.153,tag11561
454.464,tag3622
454.291,tag3698
454.676,tag2413
454.896,tag6554
454.883,tag6604
454.816,tag4485
454.968,tag8011
454.545,tag11946
454.372,tag1129
455.098,tag5720
455.028,tag7152
455.851,tag2844
455.175,tag9380
455.678,tag4305
455.579,tag10734
455.715,tag9564
455.107,tag3164
455.811,tag6830
455.755,tag8231
455.291,tag7302
455.139,tag4977
455.044,tag6728
455.608,tag4914
455.730,tag2541
455.178,tag6351
455.620,tag5441
455.174,tag2196
455.925,tag1513
455.729,tag8792
455.571,tag7497
455.618,tag1493
455.819,tag1041
455.148,tag7425
455.354,tag9898
455.066,tag9130
455.244,tag1285
455.098,tag4911
455.613,tag2073
455.072,tag6603
455.495,tag5705
455.138,tag280
455.892,tag7858
455.641,tag3694
455.522,tag5973
455.994,tag6395
455.387,tag7077
455.009,tag1951
455.596,tag497
455.853,tag607
456.247,tag6360
456.930,tag5818
456.562,tag6927
456.391,tag5739
456.093,tag10777
456.022,tag2326
456.158,tag6396
456.924,tag8838
456.119,tag700
456.284,tag3606
456.278,tag7737
456.199,tag4546
456.096,tag2323
456.562,tag5853
456.780,tag8460
456.653,tag3425
456.201,tag6546
456.569,tag2169
456.922,tag521
456.291,tag8691
456.421,tag9284
456.431,tag11199
456.257,tag2111
456.799,tag8638
456.740,tag10949
456.007,tag1722
456.893,tag10027
456.603,tag3623
456.886,tag8442
456.395,tag6890
456.833,tag5095
456.259,tag4386
456.092,tag18
456.766,tag4285
456.391,tag2109
456.743,tag3461
456.396,tag6232
456.114,tag12
456.924,tag9279
456.885,tag10083
457.454,tag10324
457.800,tag8906
457.166,tag4311
457.602,tag5668
457.643,tag10513
457.274,tag5864
457.808,tag8100
457.727,tag593
457.677,tag885
457.970,tag7399
457.478,tag10998
457.349,tag11224
457.858,tag6209
457.161,tag4486
457.870,tag5765
457.961,tag7777
457.646,tag2470
457.315,tag6538
457.240,tag6731
457.111,tag189
457.307,tag10598
457.247,tag644
457.136,tag7029
457.368,tag10147
457.664,tag3756
457.922,tag2786
457.080,tag8081
457.140,tag7063
457.191,tag10049
457.450,tag1795
457.170,tag1684
457.624,tag4635
457.510,tag9605
457.327,tag2191
457.413,tag7993
457.552,tag9575
457.075,tag10489
457.103,tag10535
457.658,tag1653
457.890,tag5869
458.994,tag721
458.104,tag4686
458.156,tag9085
458.062,tag10303
458.543,tag4677
458.882,tag2765
458.570,tag2055
458.265,tag11110
458.654,tag6907
458.037,tag411
458.889,tag1678
458.893,tag4188
458.244,tag5414
458.243,tag8899
458.119,tag3730
458.984,tag7618
458.836,tag5160
458.952,tag463
458.762,tag10809
458.619,tag108
458.414,tag2048
458.549,tag1010
458.952,tag2029
458.853,tag6355
458.645,tag10338
458.750,tag5144
458.784,tag8215
458.004,tag6986
458.957,tag10436
458.641,tag6728
458.611,tag10764
458.881,tag3100
458.757,tag532
458.214,tag3629
458.098,tag4817
458.558,tag1730
458.101,tag11031
458.219,tag4653
458.530,tag1177
458.174,tag1771
459.839,tag6625
459.587,tag9939
459.439,tag4458
459.318,tag3612
459.596,tag9527
459.167,tag8160
459.213,tag3625
459.260,tag9531
459.625,tag8764
459.664,tag2930
459.284,tag6037
459.695,tag3211
459.610,tag11084
459.102,tag11078
459.263,tag456
459.364,tag471
459.793,tag6389
459.351,tag6477
459.047,tag2344
459.270,tag4458
459.522,tag1065
459.236,tag9981
459.357,tag5139
459.691,tag11454
459.449,tag4800
459.169,tag10867
459.048,tag1285
459.883,tag3543
459.820,tag8771
459.545,tag9712
459.719,tag5107
459.655,tag10679
459.600,tag6799
459.922,tag11605
459.414,tag2753
459.104,tag11917
459.396,tag11191
459.119,tag10500
459.676,tag8460
459.964,tag8532
460.879,tag1794
460.285,tag10978
460.805,tag3140
460.623,tag3873
460.773,tag2482
460.803,tag6014
460.658,tag8419
460.703,tag2043
460.323,tag1547
460.411,tag8856
460.735,tag6148
460.308,tag1009
460.367,tag1354
460.630,tag1683
460.309,tag6015
460.182,tag9235
460.511,tag11910
460.734,tag410
460.178,tag5534
460.553,tag119
460.157,tag4683
460.958,tag3214
460.702,tag10952
460.300,tag8903
460.093,tag1758
460.075,tag4738
460.682,tag232
460.322,tag11777
460.257,tag6592
460.271,tag5563
460.141,tag999
460.435,tag7235
460.651,tag107
460.790,tag2716
460.167,tag327
460.936,tag432
460.800,tag11978
460.124,tag10365
460.969,tag4658
460.025,tag3131
461.837,tag4718
461.796,tag8635
461.549,tag7258
461.514,tag2586
461.369,tag4895
461.894,tag1299
461.555,tag7639
461.396,tag1821
461.431,tag4
461.811,tag5923
461.210,tag9453
461.386,tag2535
461.240,tag5789
461.549,tag7446
461.978,tag8705
461.578,tag1474
461.169,tag1739
461.561,tag10597
461.369,tag7998
461.120,tag11585
461.552,tag11932
461.961,tag11076
461.356,tag5411
461.878,tag2919
461.504,tag10266
461.077,tag1668
461.217,tag1854
461.267,tag2829
461.626,tag4335
461.996,tag5671
461.175,tag791
461.308,tag447
461.083,tag4453
461.046,tag380
461.512,tag7495
461.872,tag2595
461.721,tag11131
461.050,tag11966
461.854,tag11885
461.074,tag5457
462.955,tag9012
462.686,tag6619
462.655,tag4003
462.629,tag10779
462.226,tag711
462.449,tag10943
462.882,tag3825
462.189,tag5489
462.014,tag1657
462.600,tag8148
462.825,tag11362
462.769,tag4630
462.576,tag6423
462.444,tag4603
462.349,tag7632
462.652,tag811
462.045,tag1812
462.979,tag3816
462.044,tag696
462.709,tag524
462.002,tag241
462.824,tag5462
462.898,tag8607
462.080,tag8814
462.212,tag11071
462.091,tag11245
462.954,tag5036
462.236,tag8303
462.170,tag3830
462.825,tag9779
462.335,tag9346
462.339,tag3205
462.089,tag9854
462.144,tag526
462.478,tag5042
462.772,tag4019
462.022,tag921
462.443,tag6395
462.660,tag11444
462.445,tag4984
463.100,tag11949
463.152,tag3904
463.986,tag7325
463.443,tag10211
463.215,tag651
463.173,tag8783
463.181,tag4885
463.953,tag1785
463.477,tag692
463.278,tag1881
463.519,tag5999
463.761,tag11734
463.288,tag2426
463.682,tag6895
463.309,tag1267
463.590,tag7509
463.036,tag7852
463.087,tag4660
463.030,tag1875
463.212,tag1504
463.061,tag3794
463.028,tag5893
463.415,tag7541
463.277,tag4134
463.697,tag8156
463.404,tag2510
463.193,tag7332
463.652,tag8488
463.900,tag7052
463.158,tag6082
463.709,tag11638
463.413,tag5900
463.096,tag4985
463.042,tag14
463.323,tag8665
463.717,tag5706
463.934,tag2973
463.435,tag8906
463.330,tag2175
463.580,tag4515
464.320,tag36
464.179,tag1904
464.541,tag10594
464.163,tag7208
464.200,tag1440
464.845,tag7889
464.430,tag4888
464.070,tag6729
464.722,tag5035
464.343,tag5098
464.059,tag9456
464.451,tag6758
464.153,tag7773
464.354,tag3239
464.615,tag11364
464.508,tag1070
464.843,tag10694
464.501,tag7605
464.613,tag2916
464.414,tag9252
464.239,tag8047
464.650,tag4424
464.530,tag2927
464.882,tag6201
464.720,tag2585
464.972,tag6557
464.810,tag10313
464.517,tag10454
464.868,tag8656
464.921,tag5594
464.336,tag3441
464.634,tag10259
464.694,tag4991
464.641,tag10031
464.727,tag5279
464.882,tag4994
464.701,tag11535
464.059,tag1200
464.035,tag10421
464.040,tag11970
465.443,tag2354
465.273,tag2390
465.924,tag156
465.708,tag3453
465.348,tag686
465.914,tag1940
465.229,tag7530
465.756,tag9071
465.678,tag11940
465.230,tag8374
465.539,tag8610
465.379,tag4065
465.257,tag2032
465.060,tag3964
465.088,tag3169
465.961,tag2719
465.652,tag6189
465.651,tag2509
465.469,tag10086
465.824,tag2198
465.520,tag9744
465.219,tag4678
465.585,tag7432
465.831,tag3699
465.844,tag4228
465.696,tag6190
465.159,tag8913
465.219,tag9878
465.397,tag8435
465.409,tag114
465.310,tag536
465.529,tag11460
465.437,tag3199
465.292,tag1323
465.452,tag6923
465.702,tag3450
465.425,tag5616
465.348,tag3810
465.250,tag2446
465.177,tag4255
466.500,tag2576
466.165,tag4023
466.153,tag11980
466.085,tag7306
466.358,tag11972
466.328,tag9074
466.938,tag7533
466.788,tag9838
466.364,tag6767
466.445,tag7350
466.115,tag6286
466.235,tag6578
466.704,tag347
466.612,tag6614
466.057,tag4300
466.173,tag9543
466.439,tag8801
466.096,tag6648
466.136,tag10928
466.529,tag5697
466.034,tag624
466.586,tag411
466.941,tag1979
466.056,tag5927
466.359,tag7322
466.511,tag2809
466.430,tag4873
466.128,tag5237
466.718,tag10640
466.341,tag48
466.052,tag7556
466.222,tag8821
466.231,tag305
466.326,tag5574
466.864,tag316
466.451,tag8044
466.575,tag857
466.213,tag3431
466.507,tag428
466.715,tag4361
467.533,tag11484
467.773,tag9748
467.645,tag9113
467.438,tag3805
467.780,tag8410
467.618,tag8548
467.972,tag11580
467.721,tag4957
467.790,tag8928
467.666,tag10452
467.729,tag7108
467.830,tag2158
467.302,tag4317
467.355,tag8400
467.146,tag1995
467.931,tag7947
467.633,tag6835
467.902,tag3454
467.359,tag8315
467.330,tag4427
467.890,tag6875
467.933,tag374
467.678,tag10890
467.956,tag10820
467.500,tag9588
467.281,tag11222
467.188,tag7548
467.774,tag5887
467.821,tag6533
467.708,tag5869
467.633,tag7464
467.072,tag4999
467.590,tag8342
467.349,tag5397
467.314,tag5722
467.370,tag9288
467.784,tag1289
467.805,tag4216
467.628,tag7142
467.822,tag4899
468.965,tag9701
468.123,tag9787
468.259,tag5980
468.269,tag11622
468.239,tag9290
468.642,tag6649
468.814,tag5509
468.235,tag11335
468.124,tag1528
468.478,tag10971
468.435,tag10104
468.304,tag11906
468.436,tag1458
468.282,tag10108
468.822,tag9222
468.817,tag7072
468.005,tag1159
468.191,tag7184
468.932,tag10877
468.136,tag5670
468.488,tag3503
468.748,tag2079
468.416,tag11988
468.988,tag1095
468.850,tag3082
468.269,tag9966
468.630,tag8995
468.284,tag10164
468.904,tag223
468.611,tag4992
468.566,tag11064
468.976,tag3637
468.761,tag7145
468.879,tag3511
468.500,tag8754
468.846,tag753
468.787,tag1265
468.893,tag8087
468.074,tag4246
468.364,tag1179
469.306,tag5335
469.820,tag2320
469.885,tag3311
469.731,tag3170
469.833,tag5433
469.412,tag3280
469.520,tag8173
469.282,tag4881
469.811,tag7181
469.921,tag5178
469.405,tag1479
469.755,tag478
469.657,tag7186
469.868,tag1924
469.516,tag5183
469.208,tag4808
469.582,tag6643
469.694,tag6939
469.260,tag2858
469.311,tag1847
469.328,tag4683
469.929,tag9377
469.847,tag8231
469.158,tag658
469.814,tag2905
469.246,tag3906
469.699,tag1286
469.211,tag6205
469.259,tag4613
469.899,tag6833
469.937,tag1324
469.274,tag1505
469.085,tag469
469.826,tag3778
469.538,tag3999
469.112,tag8356
469.780,tag1352
469.034,tag4549
469.123,tag6910
469.300,tag4069
470.355,tag7261
470.815,tag1451
470.331,tag11382
470.214,tag402
470.307,tag11192
470.687,tag8522
470.832,tag2858
470.626,tag3489
470.746,tag4214
470.336,tag4605
470.890,tag9788
470.364,tag2346
470.566,tag844
470.026,tag10860
470.229,tag7100
470.995,tag10465
470.285,tag11550
470.960,tag7825
470.452,tag7496
470.884,tag9657
470.925,tag1050
470.180,tag646
470.017,tag4692
470.842,tag1414
470.021,tag5326
470.900,tag4689
470.207,tag4477
470.365,tag4783
470.829,tag5550
470.380,tag7341
470.435,tag10750
470.903,tag10536
470.969,tag8357
470.525,tag7898
470.494,tag10380
470.866,tag2147
470.164,tag6033
470.462,tag5139
470.257,tag6208
470.526,tag6685
471.382,tag8300
471.008,tag4289
471.647,tag4474
471.344,tag5350
471.617,tag5855
471.355,tag631
471.796,tag9816
471.101,tag1154
471.098,tag781
471.968,tag8352
471.274,tag6139
471.841,tag1247
471.569,tag9152
471.517,tag10725
471.918,tag7032
471.138,tag494
471.721,tag8230
471.203,tag6986
471.352,tag7134
471.641,tag10887
471.877,tag9581
471.788,tag638
471.530,tag11431
471.873,tag10446
471.968,tag7906
471.383,tag6697
471.732,tag6169
471.501,tag3544
471.013,tag2481
471.014,tag5848
471.039,tag7596
471.377,tag8021
471.766,tag291
471.578,tag5853
471.055,tag9226
471.393,tag4474
471.268,tag7205
471.024,tag6002
471.088,tag8372
471.712,tag3566
472.464,tag4199
472.156,tag1793
472.934,tag762
472.821,tag4222
472.007,tag2139
472.091,tag4352
472.645,tag8316
472.073,tag4941
472.560,tag7332
472.198,tag8009
472.269,tag6181
472.589,tag5184
472.133,tag7432
472.832,tag11264
472.669,tag9901
472.050,tag5057
472.141,tag10293
472.564,tag4100
472.836,tag9900
472.196,tag4693
472.308,tag2034
472.382,tag11551
472.271,tag2986
472.972,tag11563
472.392,tag6594
472.854,tag4736
472.712,tag4356
472.657,tag3828
472.944,tag8901
472.693,tag2874
472.336,tag5245
472.908,tag1458
472.010,tag4394
472.952,tag4141
472.682,tag11253
472.806,tag7824
472.648,tag3629
472.474,tag2519
472.237,tag7619
472.609,tag5238
473.436,tag7681
473.023,tag11129
473.341,tag5953
473.004,tag3276
473.004,tag4212
473.663,tag11764
473.401,tag6905
473.044,tag4554
473.778,tag7595
473.594,tag1315
473.797,tag4014
473.387,tag7051
473.264,tag8741
473.053,tag1737
473.154,tag5011
473.026,tag5902
473.825,tag9529
473.057,tag11501
473.070,tag10246
473.392,tag9700
473.093,tag980
473.372,tag8101
473.163,tag7308
473.758,tag10258
473.218,tag10071
473.584,tag8364
473.365,tag6055
473.561,tag7079
473.596,tag8405
473.079,tag7105
473.944,tag10832
473.455,tag8817
473.445,tag4313
473.545,tag10004
473.031,tag3154
473.525,tag959
473.966,tag4131
473.268,tag3232
473.184,tag747
473.252,tag2614
474.295,tag11706
474.307,tag5796
474.843,tag8148
474.612,tag11759
474.561,tag5206
474.472,tag1876
474.590,tag8945
474.402,tag1386
474.638,tag8673
474.314,tag10848
474.077,tag2036
474.838,tag6271
474.006,tag6643
474.499,tag11869
474.963,tag8966
474.784,tag7157
474.254,tag1219
474.744,tag985
474.235,tag4200
474.466,tag5937
474.125,tag1737
474.470,tag1639
474.648,tag7869
474.476,tag4421
474.318,tag1164
474.565,tag6234
474.482,tag9771
474.378,tag10816
474.953,tag2990
474.250,tag9860
474.132,tag3816
474.596,tag2932
474.778,tag3469
474.579,tag3583
474.947,tag2602
474.597,tag11519
474.268,tag9176
474.273,tag1625
474.674,tag9702
474.608,tag7132
475.173,tag4195
475.925,tag809
475.980,tag5927
475.752,tag9266
475.579,tag9411
475.707,tag5589
475.784,tag1414
475.131,tag11683
475.272,tag6173
475.949,tag6083
475.344,tag8711
475.435,tag11010
475.929,tag2924
475.699,tag5983
475.489,tag9250
475.380,tag2392
475.100,tag3266
475.229,tag111
475.808,tag4372
475.379,tag4382
475.867,tag5088
475.529,tag5329
475.864,tag5992
475.504,tag6511
475.740,tag3151
475.764,tag4323
475.442,tag6559
475.877,tag6156
475.179,tag10066
475.482,tag5511
475.643,tag11680
475.843,tag455
475.313,tag4215
475.028,tag8759
475.855,tag11782
475.374,tag5715
475.590,tag10216
475.460,tag853
475.637,tag5318
475.544,tag4844
476.537,tag6381
476.323,tag9960
476.011,tag2250
476.406,tag7792
476.948,tag6946
476.474,tag1806
476.462,tag4153
476.097,tag3971
476.762,tag11179
476.776,tag2940
476.371,tag6691
476.259,tag4022
476.920,tag6358
476.456,tag3216
476.455,tag9718
476.799,tag4770
476.303,tag11195
476.827,tag4316
476.042,tag8072
476.817,tag8181
476.550,tag5609
476.415,tag10040
476.686,tag11266
476.468,tag303
476.644,tag2277
476.566,tag11740
476.177,tag9223
476.360,tag95
476.847,tag7757
476.875,tag11889
476.994,tag3898
476.574,tag598
476.452,tag4831
476.594,tag1179
476.286,tag7139
476.431,tag10240
476.468,tag5544
476.142,tag10726
476.437,tag5270
476.054,tag10017
477.453,tag3849
477.737,tag2137
477.396,tag6484
477.780,tag4693
477.041,tag8741
477.059,tag3610
477.949,tag9993
477.143,tag9118
477.221,tag8683
477.561,tag119
477.404,tag4882
477.448,tag4631
477.332,tag2033
477.998,tag683
477.233,tag3685
477.547,tag2356
477.559,tag5454
477.147,tag7778
477.280,tag9723
477.306,tag4624
477.337,tag3604
477.056,tag5940
477.304,tag889
477.889,tag975
477.179,tag857
477.017,tag9615
477.262,tag1906
477.123,tag9245
477.591,tag6121
477.376,tag10206
477.886,tag1389
477.239,tag5627
477.313,tag4399
477.096,tag11534
477.753,tag643
477.750,tag9907
477.211,tag9343
477.177,tag7080
477.476,tag993
477.412,tag10267
478.464,tag1385
478.365,tag8984
478.853,tag5672
478.339,tag10905
478.270,tag11495
478.532,tag9435
478.770,tag9251
478.835,tag10813
478.442,tag8402
478.173,tag6469
478.899,tag2513
478.887,tag3942
478.364,tag9407
478.728,tag863
478.027,tag2083
478.232,tag3706
478.891,tag5684
478.848,tag1145
478.532,tag338
478.879,tag7047
478.619,tag11289
478.016,tag10354
478.171,tag3345
478.231,tag1278
478.129,tag6540
478.694,tag6658
478.497,tag5530
478.279,tag7385
478.169,tag3984
478.286,tag8824
478.059,tag3632
478.434,tag9607
478.230,tag2073
478.970,tag1896
478.123,tag4470
478.294,tag1125
478.032,tag9008
478.173,tag11971
478.702,tag6421
478.259,tag2367
479.990,tag54
479.387,tag9888
479.758,tag3853
479.631,tag6100
479.403,tag11181
479.050,tag1597
479.401,tag427
479.034,tag8424
479.646,tag5139
479.065,tag8776
479.901,tag4996
479.140,tag2200
479.790,tag9112
479.146,tag928
479.714,tag6468
480.000,tag5578
479.213,tag4795
479.861,tag8695
479.795,tag5733
479.517,tag11678
479.401,tag10541
479.397,tag10196
479.150,tag4391
479.099,tag190
479.990,tag10662
479.191,tag3056
479.975,tag2518
479.659,tag7915
479.792,tag6107
479.552,tag7498
479.078,tag10217
479.711,tag1539
479.719,tag3382
479.014,tag4835
479.944,tag8918
479.611,tag2715
479.924,tag9496
479.910,tag9185
479.974,tag177
479.616,tag10314
480.633,tag1923
480.076,tag509
480.371,tag5552
480.416,tag921
480.096,tag9297
480.021,tag3602
480.331,tag8094
480.690,tag1220
480.179,tag9943
480.434,tag7602
480.998,tag7023
480.862,tag5637
480.369,tag2825
480.477,tag8580
480.837,tag324
480.238,tag11671
480.989,tag5888
480.628,tag4970
480.117,tag5908
480.326,tag5363
480.067,tag11671
480.345,tag4345
480.710,tag8813
480.684,tag11063
480.156,tag5981
480.592,tag6311
480.084,tag4739
480.862,tag8433
480.611,tag2160
480.320,tag6735
480.650,tag1794
480.236,tag9171
480.970,tag7632
480.364,tag11262
480.415,tag2312
480.872,tag7351
480.325,tag4829
480.400,tag4719
480.316,tag10351
480.153,tag4352
481.041,tag7045
481.618,tag7983
481.604,tag2741
481.289,tag3073
481.151,tag390
481.317,tag3772
481.734,tag5635
481.075,tag1159
481.574,tag6576
481.538,tag6577
481.896,tag4703
481.882,tag9344
481.149,tag3574
481.114,tag2214
481.543,tag8482
481.292,tag510
481.998,tag1868
481.562,tag5003
481.138,tag9657
481.458,tag6993
481.809,tag6531
481.528,tag11081
481.533,tag5270
481.535,tag11264
481.758,tag8717
481.410,tag7922
481.145,tag10428
481.714,tag5494
481.181,tag232
481.170,tag1766
481.198,tag5298
481.939,tag8588
481.168,tag8301
481.106,tag10544
481.171,tag10561
481.212,tag4352
481.234,tag6160
481.929,tag695
481.766,tag10176
481.523,tag11000
482.738,tag11904
482.740,tag3609
482.885,tag6933
482.940,tag9737
482.193,tag10064
482.639,tag7844
482.861,tag10380
482.458,tag249
482.177,tag7400
482.005,tag6861
482.109,tag3134
482.616,tag4129
482.596,tag7616
482.985,tag2130
482.157,tag7441
482.668,tag1556
482.885,tag4384
482.087,tag11591
482.719,tag6740
482.446,tag2908
482.381,tag1192
482.016,tag4291
482.405,tag6954
482.036,tag4313
482.222,tag11322
482.108,tag9052
482.420,tag4080
482.677,tag7311
482.186,tag3578
482.986,tag7808
482.458,tag10838
482.063,tag8564
482.988,tag6863
482.832,tag309
482.367,tag314
482.844,tag655
482.028,tag4002
482.888,tag1517
482.048,tag25
482.900,tag5776
483.345,tag358
483.583,tag2470
483.133,tag3118
483.171,tag5073
483.546,tag1891
483.273,tag8181
483.783,tag5634
483.615,tag3245
483.345,tag2527
483.745,tag11248
483.141,tag107
483.604,tag1921
483.966,tag8303
483.419,tag7229
483.879,tag8816
483.201,tag10617
483.107,tag4593
483.338,tag1481
483.121,tag5578
483.444,tag3654
483.839,tag10980
483.740,tag8698
483.890,tag11855
483.450,tag11423
483.125,tag5918
483.916,tag11509
483.654,tag3064
483.182,tag7030
483.205,tag2128
483.163,tag11291
483.519,tag3918
483.157,tag9501
483.659,tag11789
483.426,tag1017
483.372,tag6007
483.545,tag3599
483.619,tag8082
483.472,tag2356
483.991,tag4530
483.502,tag6406
484.468,tag11702
484.146,tag3857
484.736,tag6514
484.568,tag11861
484.183,tag5280
484.265,tag10821
484.051,tag1715
484.924,tag3896
484.538,tag2256
484.660,tag7674
484.458,tag5087
484.337,tag2561
484.300,tag1374
484.811,tag6757
484.587,tag9864
484.167,tag3169
484.519,tag3521
484.518,tag8496
484.657,tag6591
484.527,tag69
484.018,tag6585
484.245,tag2084
484.207,tag10624
484.141,tag8172
484.719,tag6579
484.146,tag1992
484.130,tag3423
484.524,tag3633
484.514,tag5115
484.608,tag6108
484.063,tag4101
484.884,tag3931
484.306,tag1860
484.706,tag4569
484.912,tag7786
484.529,tag9054
484.557,tag5153
484.508,tag10306
484.294,tag9362
484.615,tag1060
485.241,tag4070
485.123,tag8788
485.330,tag1644
485.581,tag9159
485.871,tag11949
485.704,tag1810
485.708,tag649
485.521,tag9276
485.322,tag5783
485.798,tag1787
485.635,tag8724
485.982,tag5325
485.061,tag6312
485.976,tag854
485.535,tag3305
485.664,tag5112
485.428,tag828
485.136,tag1700
485.354,tag10421
485.114,tag2151
485.028,tag1818
485.257,tag184
485.576,tag7899
485.803,tag221
485.061,tag1065
485.124,tag6155
485.486,tag6422
485.767,tag5542
485.529,tag7721
485.596,tag8669
485.969,tag3468
485.886,tag4582
485.859,tag6331
485.029,tag4289
485.685,tag8477
485.593,tag7967
485.112,tag10000
485.608,tag6082
485.542,tag8066
485.616,tag3495
486.220,tag9477
486.892,tag647
486.562,tag9109
486.495,tag8537
486.103,tag1993
486.073,tag7381
486.133,tag9633
486.987,tag1265
486.474,tag10338
486.214,tag387
486.907,tag837
486.571,tag9313
486.381,tag10804
486.363,tag6191
486.647,tag4295
486.746,tag10376
486.518,tag7949
486.564,tag10740
486.077,tag1110
486.721,tag1262
486.490,tag1785
486.286,tag11570
486.052,tag3926
486.656,tag11476
486.913,tag11509
486.694,tag2829
486.403,tag11745
486.704,tag9846
486.282,tag7254
486.180,tag8068
486.065,tag11162
486.783,tag11147
486.926,tag11327
486.387,tag4179
486.998,tag5967
486.271,tag7308
486.415,tag11533
486.797,tag8064
486.364,tag11166
486.933,tag11401
487.569,tag11805
487.564,tag7663
487.094,tag9910
487.975,tag2125
487.322,tag10338
487.395,tag7916
487.653,tag773
487.902,tag88
487.187,tag3220
487.462,tag5554
487.924,tag2029
487.474,tag3170
487.414,tag11344
487.005,tag4973
487.506,tag3841
487.348,tag4496
487.764,tag11004
487.389,tag6311
487.683,tag2452
487.155,tag1559
487.847,tag10285
487.112,tag7867
487.471,tag9230
487.209,tag1548
487.095,tag4880
487.450,tag8405
487.897,tag1271
487.631,tag2961
487.814,tag9889
487.171,tag496
487.703,tag1109
487.980,tag8843
487.886,tag11231
487.235,tag8201
487.433,tag6886
487.561,tag6567
487.799,tag453
487.109,tag10621
487.545,tag6465
487.348,tag5221
488.034,tag551
488.790,tag4069
488.806,tag8656
488.391,tag3330
488.711,tag9931
488.488,tag9543
488.477,tag1112
488.741,tag6492
488.182,tag11136
488.582,tag2291
488.265,tag7044
488.787,tag4139
488.313,tag2914
488.036,tag6535
488.863,tag8529
488.816,tag11529
488.703,tag6574
488.032,tag6289
488.084,tag11910
488.667,tag7202
488.716,tag2721
488.481,tag4064
488.895,tag25
488.424,tag5345
488.428,tag3942
488.772,tag5568
488.798,tag5447
488.368,tag6342
488.700,tag9108
488.977,tag6363
488.558,tag7657
488.518,tag1371
488.709,tag8310
488.211,tag10848
488.102,tag2765
488.048,tag6283
488.488,tag7222
488.953,tag4242
488.019,tag872
488.492,tag7929
489.226,tag71
489.756,tag5458
489.784,tag7072
489.561,tag11188
489.123,tag79
489.730,tag10239
489.517,tag11907
489.773,tag257
489.509,tag8006
489.828,tag7923
489.241,tag8415
489.097,tag10697
489.529,tag9804
489.966,tag1827
489.636,tag3202
489.744,tag3763
489.167,tag4191
489.451,tag2660
489.473,tag225
489.289,tag8995
489.073,tag8656
489.217,tag7965
489.918,tag11229
489.566,tag8101
489.827,tag8076
489.948,tag6584
489.963,tag1110
489.099,tag5870
489.618,tag3708
489.471,tag5988
489.576,tag1954
489.883,tag8460
489.563,tag2799
489.606,tag5604
489.746,tag6196
489.888,tag446
489.807,tag11480
489.043,tag6309
489.387,tag9919
489.109,tag1934
490.453,tag5094
490.930,tag6693
490.065,tag5242
490.480,tag5392
490.375,tag4928
490.783,tag3575
490.351,tag579
490.066,tag8352
490.013,tag6647
490.889,tag2518
490.881,tag7982
490.841,tag7146
490.109,tag10859
490.880,tag7257
490.050,tag3709
490.780,tag9677
490.702,tag1240
490.661,tag5863
490.889,tag7289
490.629,tag9489
490.124,tag2778
490.288,tag9798
490.531,tag2284
490.727,tag5308
490.788,tag9605
490.373,tag8440
490.193,tag7581
490.780,tag5825
490.869,tag2602
490.262,tag10386
490.752,tag4551
490.171,tag3838
490.516,tag10708
490.379,tag10530
490.575,tag1182
490.899,tag3034
490.538,tag9648
490.406,tag3324
490.934,tag4722
490.184,tag10595
491.453,tag6611
491.380,tag1213
491.845,tag2361
491.873,tag2767
491.516,tag935
491.049,tag7497
491.506,tag11222
491.329,tag3728
491.114,tag907
491.120,tag7995
491.931,tag6470
491.529,tag10547
491.019,tag1636
491.808,tag11574
491.269,tag3938
491.233,tag7028
491.218,tag4674
491.997,tag10617
491.522,tag9378
491.034,tag5925
491.133,tag9929
491.715,tag1132
491.917,tag316
491.210,tag9278
491.561,tag2231
491.704,tag3190
491.855,tag10789
491.404,tag9907
491.716,tag5359
491.655,tag4486
491.516,tag8846
491.520,tag4140
491.912,tag10074
491.779,tag7263
491.116,tag6095
491.995,tag10176
491.917,tag649
491.438,tag1715
491.712,tag1581
491.369,tag2362
492.873,tag3397
492.640,tag11257
492.564,tag11865
492.737,tag11961
492.856,tag244
492.492,tag10529
492.469,tag3919
492.399,tag11969
492.296,tag10782
492.988,tag1932
492.003,tag2289
492.248,tag3708
492.923,tag5506
492.128,tag9108
492.137,tag10158
492.905,tag14
492.515,tag11171
492.031,tag250
492.920,tag5859
492.502,tag1909
492.020,tag499
492.495,tag4172
492.456,tag6230
492.366,tag3476
492.705,tag11676
492.158,tag11946
492.410,tag4647
492.090,tag4178
492.507,tag10949
492.743,tag6188
492.552,tag6121
492.798,tag11357
492.565,tag10567
492.517,tag11211
492.300,tag6961
492.142,tag1723
492.504,tag622
492.342,tag6174
492.875,tag10778
492.763,tag350
493.978,tag7072
493.466,tag9827
493.270,tag5121
493.194,tag11826
493.056,tag10455
493.996,tag7196
493.602,tag10775
493.052,tag4009
493.674,tag7326
493.431,tag1225
493.111,tag10081
493.467,tag7750
493.622,tag9869
493.413,tag9019
493.844,tag1498
493.435,tag5934
493.516,tag2180
493.304,tag3807
493.498,tag7511
493.955,tag920
493.170,tag8234
493.594,tag4410
493.866,tag1135
493.313,tag4271
493.203,tag3154
493.803,tag10912
493.646,tag2355
493.751,tag2719
493.771,tag6683
493.980,tag5816
493.181,tag7931
493.292,tag1888
493.372,tag3646
493.190,tag6440
493.513,tag11864
493.531,tag10865
493.301,tag5706
493.992,tag2823
493.208,tag7337
493.797,tag3372
494.366,tag3743
494.087,tag4392
494.398,tag10840
494.512,tag8086
494.826,tag1461
494.305,tag10217
494.547,tag287
494.655,tag7926
494.708,tag8511
494.063,tag10457
494.560,tag5330
494.695,tag5405
494.332,tag8784
494.423,tag9977
494.494,tag4303
494.453,tag4431
494.181,tag859
494.151,tag8247
494.709,tag3075
494.163,tag95
494.346,tag4806
494.845,tag11016
494.370,tag5969
494.686,tag6708
494.255,tag11855
494.184,tag5404
494.293,tag7621
494.502,tag4152
494.517,tag611
494.449,tag8707
494.110,tag1633
494.576,tag8085
494.725,tag6047
494.448,tag5688
494.714,tag5326
494.147,tag6958
494.959,tag10949
494.434,tag11015
494.932,tag10179
494.519,tag296
495.488,tag8507
495.951,tag11709
495.688,tag7215
495.903,tag8079
495.032,tag900
495.466,tag8345
495.835,tag3229
495.941,tag5635
495.744,tag6786
495.973,tag4897
495.418,tag6716
495.904,tag10826
495.709,tag2170
495.613,tag9235
495.647,tag6920
495.898,tag6567
495.095,tag5725
495.889,tag4113
495.955,tag6219
495.999,tag10401
495.903,tag8251
495.561,tag7273
495.113,tag1474
495.359,tag5910
495.834,tag119
495.744,tag3144
495.906,tag4000
495.188,tag9214
495.207,tag5003
495.027,tag3669
495.803,tag1598
495.385,tag5576
495.167,tag1625
495.366,tag10539
495.852,tag7409
495.585,tag2116
495.083,tag1111
495.316,tag596
495.677,tag11336
495.239,tag3604
496.131,tag2321
496.942,tag6333
496.013,tag9143
496.255,tag6079
496.248,tag9462
496.884,tag6770
496.209,tag2157
496.206,tag2521
496.672,tag4023
496.456,tag11510
496.159,tag1940
496.369,tag1463
496.334,tag2223
496.583,tag3332
496.152,tag11669
496.745,tag7670
496.929,tag8703
496.483,tag9315
496.071,tag7597
496.797,tag867
496.883,tag3874
496.640,tag349
496.531,tag3036
496.716,tag6912
496.209,tag8492
496.830,tag1063
496.475,tag2463
496.400,tag6758
496.033,tag9966
496.009,tag9069
496.190,tag7742
496.656,tag10139
496.119,tag9652
496.469,tag9629
496.859,tag7433
496.716,tag7557
496.166,tag9660
496.809,tag2618
496.154,tag5805
496.912,tag448
497.239,tag7413
497.181,tag8022
497.560,tag9832
497.731,tag1940
497.338,tag3298
497.719,tag821
497.615,tag2210
497.927,tag4248
497.627,tag1833
497.053,tag1497
497.908,tag5460
497.279,tag4948
497.598,tag10946
497.175,tag5529
497.781,tag10217
497.363,tag10778
497.199,tag7906
497.813,tag9331
497.731,tag7884
497.474,tag1916
497.481,tag94
497.617,tag10253
497.821,tag4295
497.942,tag8426
497.167,tag3875
497.337,tag11857
497.129,tag11712
497.658,tag2112
497.146,tag4072
497.657,tag11808
497.700,tag3313
497.330,tag7541
497.136,tag5202
497.677,tag7421
497.758,tag5458
497.479,tag7767
497.850,tag7819
497.820,tag4229
497.484,tag3157
497.576,tag10495
498.962,tag6327
498.759,tag4548
498.538,tag6511
498.871,tag3625
498.120,tag2989
498.283,tag5078
498.424,tag8162
498.850,tag761
498.512,tag2451
498.378,tag833
498.096,tag1632
498.151,tag1101
498.144,tag6937
498.344,tag6721
498.768,tag411
498.443,tag3297
498.615,tag5690
498.375,tag10493
498.159,tag11475
498.870,tag1397
498.686,tag8031
498.795,tag10913
498.390,tag5622
498.632,tag811
498.490,tag4206
498.461,tag6843
498.636,tag268
498.195,tag2481
498.608,tag11198
498.860,tag2540
498.366,tag8010
498.143,tag4631
498.523,tag2857
498.179,tag359
498.150,tag8727
498.082,tag2941
498.419,tag6697
498.577,tag687
498.453,tag4130
498.664,tag7115
499.351,tag845
499.225,tag6536
499.828,tag4017
499.700,tag8289
499.739,tag1887
499.026,tag1387
499.404,tag6112
499.239,tag5546
499.956,tag7072
499.478,tag9170
499.097,tag1538
499.741,tag11737
499.292,tag9220
499.453,tag3473
499.905,tag9683
499.763,tag110
499.486,tag190
499.951,tag5115
499.298,tag7513
499.476,tag984
499.474,tag9813
499.540,tag9951
499.264,tag7805
499.272,tag5684
499.807,tag5514
499.604,tag482
499.334,tag3967
499.275,tag2320
499.155,tag5236
499.714,tag1350
499.074,tag1264
499.409,tag8409
499.598,tag1821
499.745,tag5665
499.484,tag8678
499.044,tag3137
499.458,tag8701
499.714,tag2341
499.178,tag9004
499.820,tag4744
500.152,tag9350
500.386,tag876
500.180,tag2119
500.634,tag11762
500.650,tag8798
500.429,tag8863
500.899,tag6813
500.684,tag2387
500.914,tag9343
500.789,tag10656
500.458,tag11909
500.490,tag7371
500.986,tag1687
500.609,tag11120
500.668,tag9148
500.594,tag3738
500.819,tag11483
500.268,tag10727
500.628,tag6066
500.239,tag4404
500.271,tag5529
500.859,tag3032
500.363,tag11662
500.653,tag4743
500.060,tag9211
500.869,tag10224
500.270,tag11844
500.467,tag3646
500.867,tag9591
500.714,tag10761
500.124,tag5419
500.857,tag287
500.724,tag6905
500.195,tag2999
500.377,tag3232
500.264,tag8789
500.447,tag11283
500.828,tag113
500.690,tag5434
500.033,tag3452
501.311,tag11402
501.509,tag11626
501.258,tag862
501.562,tag7159
501.966,tag1248
501.815,tag5531
501.347,tag1971
501.863,tag923
501.891,tag5644
501.698,tag8070
501.693,tag1901
501.023,tag4036
501.165,tag11075
501.094,tag10832
501.300,tag8074
501.555,tag7378
501.236,tag6221
501.172,tag649
501.226,tag5148
501.678,tag8007
501.555,tag7197
501.752,tag7830
501.220,tag4578
501.608,tag6944
501.250,tag10762
501.910,tag695
501.268,tag7068
501.370,tag9837
501.272,tag10925
501.892,tag44
501.971,tag2857
501.630,tag1538
501.589,tag7842
501.658,tag7609
501.514,tag903
501.178,tag7518
501.019,tag2075
501.904,tag3873
501.746,tag10569
501.795,tag10983
502.288,tag10572
502.821,tag1166
502.002,tag6282
502.294,tag5395
502.952,tag214
502.094,tag1184
502.612,tag9399
502.637,tag8909
502.963,tag9701
502.055,tag5847
502.954,tag8302
502.607,tag4661
502.714,tag1262
502.142,tag11978
502.845,tag10858
502.650,tag8772
502.459,tag6522
502.359,tag6808
502.858,tag9325
502.461,tag3367
502.862,tag9803
502.960,tag3485
502.301,tag4494
502.467,tag241
502.035,tag5266
502.922,tag5687
502.965,tag11428
502.045,tag7991
502.823,tag4052
502.518,tag3414
502.756,tag6785
502.869,tag11016
502.677,tag7407
502.599,tag7727
502.719,tag6403
502.118,tag3786
502.927,tag4823
502.349,tag8767
502.323,tag2938
502.359,tag9062
503.238,tag5856
503.317,tag6128
503.507,tag9016
503.667,tag9141
503.182,tag4291
503.236,tag2669
503.970,tag11516
504.000,tag2190
503.336,tag4633
503.668,tag2381
503.956,tag2052
503.325,tag11409
503.982,tag10412
503.525,tag10092
503.475,tag1479
503.595,tag11649
503.570,tag10628
503.377,tag3763
503.079,tag5646
503.526,tag1157
503.415,tag15
503.345,tag2915
503.980,tag11669
503.810,tag10586
503.389,tag2933
503.122,tag3752
503.521,tag9333
503.886,tag11083
503.530,tag4666
503.836,tag9635
503.968,tag8177
503.458,tag8371
503.590,tag5656
503.161,tag6015
503.813,tag661
503.782,tag4091
503.828,tag8266
503.687,tag322
503.639,tag1549
503.790,tag11949
504.799,tag4022
504.692,tag5747
504.277,tag5075
504.125,tag9335
504.711,tag11434
504.531,tag4975
504.835,tag10341
504.118,tag11843
504.204,tag9122
504.223,tag9131
504.693,tag7255
504.023,tag456
504.157,tag1727
504.801,tag5092
504.460,tag9824
504.642,tag7630
504.359,tag2885
504.089,tag11699
504.901,tag10373
504.246,tag8704
504.237,tag10742
504.352,tag10286
504.722,tag3068
504.106,tag9926
504.154,tag3090
504.730,tag707
504.786,tag10360
504.901,tag9697
504.013,tag4352
504.587,tag11248
504.235,tag1663
504.794,tag9087
504.654,tag960
504.312,tag7209
504.188,tag8015
504.058,tag8663
504.351,tag2214
504.887,tag3707
504.612,tag4624
504.839,tag629
505.844,tag558
505.845,tag1570
505.949,tag8877
505.986,tag8414
505.987,tag106
505.161,tag8692
505.193,tag1153
505.520,tag502
505.922,tag7951
505.745,tag10402
505.463,tag7805
505.466,tag10233
505.288,tag4364
505.750,tag6259
505.489,tag435
505.325,tag6423
505.510,tag1715
505.722,tag879
505.676,tag11170
505.238,tag2811
505.926,tag7877
505.148,tag10280
505.771,tag10856
505.620,tag3468
505.177,tag8092
505.669,tag11268
505.994,tag9865
505.814,tag7313
505.777,tag3402
505.297,tag7809
505.837,tag10028
505.557,tag281
505.951,tag2825
505.609,tag5679
505.779,tag1168
505.351,tag10805
505.352,tag4783
505.198,tag1804
505.874,tag7787
505.186,tag7565
506.018,tag1228
506.127,tag939
506.997,tag3039
506.586,tag4019
506.405,tag7393
506.370,tag9578
506.135,tag5695
506.919,tag6184
506.668,tag479
506.765,tag6183
506.495,tag2661
506.852,tag430
506.111,tag7079
506.182,tag6136
506.145,tag7026
506.336,tag1110
506.660,tag7158
506.866,tag2053
506.790,tag7453
506.090,tag9727
506.235,tag11894
506.600,tag5389
506.781,tag10309
506.357,tag4945
506.707,tag6316
506.781,tag878
506.266,tag619
506.830,tag8732
506.695,tag7773
506.714,tag9722
506.946,tag1207
506.962,tag5668
506.220,tag481
506.146,tag8051
506.865,tag7290
506.784,tag1351
506.594,tag1504
506.155,tag4173
506.252,tag4487
506.285,tag9957
507.617,tag7337
507.642,tag3471
507.994,tag4987
507.641,tag10502
507.931,tag10007
507.176,tag3178
507.171,tag3779
507.857,tag5538
507.543,tag11127
507.023,tag2810
507.758,tag10748
507.464,tag6053
507.292,tag10109
507.660,tag1628
507.941,tag283
507.902,tag2553
507.906,tag5869
507.804,tag7064
507.819,tag655
507.700,tag7580
507.565,tag11491
507.764,tag11736
507.681,tag3884
507.092,tag816
507.411,tag8251
507.484,tag8065
507.562,tag8076
507.921,tag6453
507.998,tag1840
507.688,tag8229
507.928,tag4422
507.859,tag4712
507.763,tag361
507.646,tag2441
507.368,tag7294
507.758,tag5552
507.131,tag3159
507.863,tag4590
507.907,tag3748
507.196,tag7860
508.914,tag5238
508.340,tag3903
508.795,tag5321
508.933,tag10449
508.548,tag4982
508.373,tag8120
508.420,tag11502
508.660,tag8142
508.390,tag812
508.316,tag3983
508.545,tag805
508.314,tag3768
508.965,tag7078
508.568,tag6794
508.759,tag906
508.796,tag3276
508.559,tag11799
508.161,tag4289
508.358,tag5542
508.210,tag10650
508.551,tag2161
508.069,tag7824
508.054,tag7389
508.946,tag4213
508.728,tag4191
508.382,tag1908
508.929,tag3809
508.546,tag1849
508.931,tag11335
508.831,tag2449
508.214,tag6460
508.891,tag9019
508.220,tag11561
508.806,tag529
508.351,tag5261
508.738,tag10890
508.073,tag498
508.239,tag9582
508.302,tag6928
508.525,tag2354
509.919,tag6521
509.720,tag7722
509.722,tag5991
509.681,tag4659
509.224,tag784
509.713,tag11924
509.512,tag7873
509.988,tag11855
509.177,tag10856
509.831,tag3738
509.081,tag3664
509.526,tag1189
509.526,tag2510
509.055,tag11290
509.124,tag4091
509.915,tag7583
509.905,tag2164
509.540,tag2498
509.074,tag8809
509.912,tag6808
509.373,tag6731
509.844,tag3315
509.880,tag10405
509.205,tag5069
509.592,tag2515
509.870,tag5441
509.035,tag3767
509.184,tag1168
509.445,tag3483
509.601,tag2685
509.705,tag6011
509.204,tag3563
509.221,tag6291
509.542,tag2484
509.283,tag5014
509.455,tag6256
509.122,tag4655
509.187,tag658
509.906,tag5723
509.620,tag4795
510.797,tag7101
510.786,tag9003
510.424,tag10387
510.762,tag9215
510.601,tag4072
510.596,tag6987
510.923,tag5893
510.911,tag11507
510.179,tag198
510.965,tag2720
510.034,tag8495
510.429,tag3473
510.929,tag11252
510.328,tag9617
510.641,tag11398
510.213,tag10910
510.807,tag44
510.930,tag1468
510.038,tag11900
510.061,tag4850
510.031,tag6102
510.615,tag8533
510.857,tag6394
510.294,tag785
510.052,tag5733
510.460,tag5154
510.791,tag5728
510.734,tag3294
510.889,tag4394
510.921,tag1151
510.659,tag3933
510.248,tag8242
510.912,tag11120
510.674,tag2092
510.780,tag2690
510.679,tag7792
510.209,tag1735
510.353,tag9637
510.041,tag8681
510.754,tag7292
511.963,tag9943
511.883,tag6953
511.930,tag4044
511.368,tag7420
511.610,tag1661
511.832,tag8157
511.986,tag4964
511.211,tag1517
511.011,tag9245
511.446,tag5654
511.974,tag1367
511.684,tag3660
511.786,tag8703
511.489,tag7438
511.446,tag5379
511.467,tag10685
511.577,tag7627
511.485,tag1142
511.492,tag8921
511.054,tag2554
511.028,tag299
511.391,tag11552
511.849,tag6687
511.068,tag6578
511.313,tag9273
511.486,tag4864
511.944,tag9170
511.154,tag11679
511.546,tag10188
511.829,tag376
511.863,tag8194
511.593,tag5053
511.347,tag11707
511.367,tag5117
511.916,tag7770
511.336,tag10686
511.754,tag9854
511.639,tag9758
511.669,tag9529
511.524,tag2190
512.310,tag9014
512.944,tag4473
512.129,tag482
512.680,tag2905
512.503,tag4346
512.747,tag2979
512.982,tag10823
512.884,tag7173
512.473,tag1019
512.357,tag1795
512.297,tag9516
512.490,tag8237
512.787,tag6599
512.985,tag4194
512.041,tag11864
512.961,tag7221
512.060,tag9542
512.771,tag9407
512.676,tag822
512.930,tag11752
512.142,tag3516
512.521,tag1414
512.537,tag2231
512.877,tag6080
512.272,tag4583
512.797,tag10411
512.691,tag4727
512.806,tag4551
512.790,tag265
512.205,tag11329
512.857,tag4515
512.650,tag11864
512.765,tag2966
512.495,tag7070
512.973,tag5854
512.396,tag8251
512.501,tag1111
512.502,tag3749
512.466,tag7283
512.780,tag249
513.249,tag6355
513.856,tag8937
513.314,tag2615
513.843,tag6112
513.188,tag11560
513.718,tag4183
513.072,tag7853
513.002,tag3331
513.714,tag7917
513.901,tag5922
513.244,tag4384
513.094,tag2076
513.145,tag9745
513.781,tag9685
513.714,tag11507
513.231,tag9042
513.283,tag6029
513.345,tag2248
513.774,tag614
513.553,tag4165
513.660,tag7644
513.686,tag8982
513.811,tag9879
513.726,tag7899
513.633,tag6834
513.700,tag10642
513.453,tag4026
513.340,tag6063
513.254,tag9999
513.953,tag9509
513.998,tag5204
513.618,tag6855
513.548,tag3717
513.944,tag10614
513.032,tag3444
513.929,tag5734
513.610,tag5138
513.560,tag8172
513.767,tag11513
513.066,tag11596
514.177,tag788
514.501,tag1595
514.179,tag3582
514.627,tag11064
514.873,tag5014
514.954,tag5477
514.948,tag10437
514.161,tag2410
514.466,tag11428
514.164,tag4132
514.927,tag10098
514.022,tag1025
514.834,tag6624
514.846,tag10464
514.653,tag2401
514.973,tag10019
514.186,tag9240
514.552,tag8168
514.024,tag5302
514.753,tag3582
514.588,tag4053
514.612,tag5213
514.646,tag2945
514.676,tag6790
514.657,tag3710
514.722,tag7588
514.510,tag5683
514.931,tag168
514.159,tag1209
514.907,tag4768
514.370,tag1240
514.601,tag5124
514.100,tag4898
514.760,tag7578
514.816,tag2858
514.819,tag9260
514.924,tag10366
514.787,tag8875
514.990,tag9725
514.307,tag9618
515.850,tag9828
515.815,tag859
515.901,tag4295
515.136,tag11243
515.766,tag3751
515.430,tag8133
515.070,tag2209
515.263,tag120
515.664,tag2751
515.121,tag8493
515.979,tag3039
515.645,tag10026
515.124,tag11438
515.862,tag11856
515.445,tag4116
515.017,tag605
515.944,tag5530
515.225,tag7798
515.236,tag3665
515.807,tag3537
515.450,tag9528
515.868,tag571
515.336,tag10877
515.195,tag3206
515.640,tag3956
515.342,tag9285
515.131,tag8309
515.942,tag2641
515.368,tag9377
515.026,tag1503
515.396,tag7058
515.741,tag6955
515.214,tag6417
515.127,tag1041
515.961,tag10501
515.928,tag3410
515.849,tag3012
515.916,tag9715
515.640,tag6698
515.881,tag3167
516.896,tag4669
516.860,tag9093
516.666,tag9769
516.114,tag10192
516.489,tag4498
516.573,tag3638
516.176,tag3920
516.941,tag4818
516.490,tag6601
516.313,tag9076
516.397,tag7627
516.386,tag11988
516.076,tag4405
516.326,tag8339
516.910,tag11748
516.291,tag4542
516.876,tag5938
516.536,tag9705
516.565,tag2902
516.486,tag1586
516.468,tag5694
516.690,tag1107
516.244,tag6010
516.697,tag5861
516.987,tag7730
516.348,tag7647
516.107,tag2895
516.275,tag6406
516.755,tag11928
516.278,tag11353
516.213,tag428
516.572,tag5502
516.714,tag10891
516.994,tag10374
516.320,tag9016
516.070,tag6565
516.938,tag11989
516.119,tag4794
516.574,tag10392
516.422,tag8907
517.378,tag10062
517.805,tag10418
517.142,tag10376
517.996,tag237
517.379,tag7183
517.098,tag7310
517.035,tag9660
517.169,tag4062
517.881,tag5575
517.277,tag1807
517.918,tag2413
517.171,tag4365
517.208,tag440
517.146,tag2503
517.624,tag2696
517.250,tag7060
517.302,tag931
517.816,tag8965
517.136,tag8417
517.822,tag9219
517.446,tag11047
517.546,tag1217
517.449,tag7149
517.232,tag392
517.063,tag11455
517.147,tag132
517.234,tag6235
517.821,tag9423
517.842,tag2755
517.483,tag6591
517.468,tag6518
517.049,tag4163
517.314,tag9258
517.156,tag44
517.777,tag3020
517.492,tag5821
517.705,tag3256
517.436,tag5169
517.927,tag1136
517.607,tag407
518.501,tag1028
518.750,tag7892
518.115,tag5526
518.964,tag1417
518.830,tag8870
518.689,tag6318
518.874,tag7808
518.398,tag7419
518.787,tag6494
518.021,tag6917
518.981,tag7194
518.106,tag10243
518.601,tag7011
518.897,tag6142
518.332,tag5444
518.402,tag3793
518.306,tag6233
518.814,tag38
518.831,tag9503
518.811,tag2914
518.635,tag3949
518.626,tag1412
518.419,tag11448
518.458,tag68
518.872,tag1440
518.149,tag539
518.717,tag9908
518.751,tag452
518.803,tag10463
518.399,tag30
518.259,tag7800
518.944,tag2481
518.603,tag923
518.577,tag5476
518.111,tag5095
518.634,tag3106
518.811,tag6455
518.959,tag963
518.707,tag2088
518.893,tag225
519.276,tag7654
519.234,tag4191
519.268,tag4884
519.484,tag6927
519.746,tag11200
519.839,tag7879
519.832,tag3602
519.353,tag8244
519.448,tag3414
519.560,tag10001
519.574,tag8677
519.073,tag7155
519.539,tag4811
519.322,tag3292
519.004,tag92
519.028,tag6066
519.920,tag4335
519.495,tag9265
519.008,tag6239
519.062,tag10070
519.295,tag10635
519.776,tag1256
519.864,tag1240
519.772,tag7797
519.649,tag9642
519.235,tag3201
519.428,tag4888
519.602,tag2855
519.722,tag11589
519.445,tag8532
519.949,tag4805
519.076,tag4381
519.284,tag4271
519.768,tag8882
519.782,tag280
519.282,tag3776
519.169,tag11317
519.929,tag4479
519.517,tag1036
519.368,tag10772
520.380,tag10333
520.583,tag3244
520.350,tag11177
520.630,tag11134
520.674,tag5192
520.873,tag9031
520.203,tag10216
520.820,tag3103
520.636,tag1889
520.142,tag857
520.565,tag6773
520.951,tag11682
520.587,tag10211
520.686,tag11759
520.920,tag3478
520.998,tag4678
520.390,tag6543
520.776,tag3557
520.861,tag9914
520.010,tag3942
520.774,tag7974
520.818,tag3501
520.023,tag1648
520.158,tag6738
520.710,tag11697
520.087,tag8818
520.108,tag5079
520.991,tag7521
520.235,tag3539
520.286,tag9815
520.187,tag2425
520.013,tag5950
520.133,tag10595
520.929,tag9634
520.218,tag7695
520.708,tag3797
520.670,tag10422
520.785,tag8223
520.839,tag10761
520.897,tag1757
521.674,tag8624
521.133,tag351
521.281,tag4222
521.213,tag4775
521.319,tag6685
521.971,tag11641
521.473,tag3226
521.172,tag9187
521.608,tag1850
521.491,tag713
521.931,tag11761
521.896,tag7791
521.344,tag9041
521.699,tag963
521.697,tag2803
521.377,tag5209
521.558,tag1351
521.463,tag7600
521.905,tag7009
521.502,tag411
521.653,tag1779
521.636,tag2721
521.203,tag5432
521.392,tag9957
521.902,tag6360
521.890,tag7650
521.544,tag1691
521.191,tag9041
521.676,tag9492
521.532,tag1952
521.651,tag2091
521.435,tag7897
521.231,tag8328
521.684,tag5575
521.609,tag9920
521.025,tag1383
521.653,tag8454
521.349,tag9619
521.692,tag10118
521.440,tag5102
522.888,tag1164
522.687,tag368
522.452,tag979
522.018,tag11811
522.288,tag2335
522.604,tag10206
522.508,tag11137
522.862,tag4548
522.670,tag6179
522.843,tag11600
522.804,tag1725
522.385,tag9366
522.813,tag1997
522.816,tag8241
522.736,tag11291
522.933,tag3333
522.851,tag2374
522.226,tag11420
522.882,tag11990
522.084,tag5304
522.995,tag9342
522.036,tag3281
522.175,tag11064
522.283,tag8755
522.499,tag128
522.454,tag375
522.679,tag468
522.597,tag5371
522.650,tag6614
522.685,tag7548
522.638,tag3711
522.333,tag1263
522.081,tag1327
522.403,tag1213
522.748,tag6022
522.326,tag3189
522.389,tag181
522.602,tag6990
522.597,tag7446
522.711,tag9231
523.381,tag2407
523.104,tag10479
523.055,tag2217
523.300,tag6440
523.541,tag6227
523.221,tag9637
523.857,tag11721
523.036,tag10887
523.064,tag5735
523.374,tag10750
523.051,tag10289
523.740,tag11308
523.072,tag6953
523.756,tag11287
523.937,tag254
523.397,tag5479
523.663,tag2329
523.445,tag2521
523.734,tag2627
523.974,tag5069
523.786,tag5403
523.332,tag5116
523.170,tag7658
523.070,tag9535
523.005,tag841
523.932,tag7544
523.470,tag7020
523.553,tag7079
523.960,tag6825
523.982,tag8728
523.675,tag6238
523.993,tag1704
523.883,tag3748
523.339,tag9392
523.797,tag11644
523.338,tag8190
523.911,tag11953
523.446,tag3269
523.178,tag5796
523.826,tag30
524.579,tag4919
524.886,tag11092
524.955,tag8860
524.524,tag4444
524.174,tag2316
524.104,tag806
524.665,tag6602
524.190,tag2034
524.121,tag4231
524.316,tag3837
524.637,tag4744
524.638,tag11764
524.121,tag4163
524.862,tag9637
524.886,tag2780
524.713,tag2087
524.798,tag7141
524.633,tag6440
524.351,tag9134
524.099,tag2914
524.501,tag6043
524.082,tag56
524.023,tag77
524.798,tag2358
524.655,tag9579
524.551,tag4737
524.166,tag8431
524.406,tag10617
524.814,tag2310
524.637,tag2968
524.764,tag401
524.242,tag5780
524.320,tag6585
524.891,tag6943
524.698,tag10760
524.553,tag6203
524.393,tag9591
524.426,tag2279
524.929,tag7425
524.962,tag4831
525.494,tag8253
525.409,tag7356
525.802,tag5834
525.171,tag7149
525.169,tag2061
525.515,tag11758
525.068,tag3056
525.139,tag7271
525.393,tag2539
525.692,tag134
525.988,tag4514
525.712,tag9403
525.638,tag5059
525.417,tag7944
525.441,tag10929
525.852,tag2492
525.034,tag730
525.642,tag10880
525.332,tag1201
525.533,tag7543
525.317,tag10354
525.692,tag155
525.871,tag7541
525.833,tag5427
525.238,tag7523
525.256,tag8464
525.966,tag8616
525.048,tag8496
525.308,tag5215
525.107,tag9779
525.316,tag7724
525.587,tag7687
525.392,tag3183
525.766,tag9892
525.349,tag5733
525.603,tag2325
525.293,tag9663
525.330,tag6091
525.867,tag9761
525.864,tag688
526.079,tag3797
526.294,tag2619
526.422,tag9009
526.415,tag1820
526.857,tag2615
526.653,tag5154
526.109,tag11621
526.078,tag736
526.625,tag5551
526.426,tag6538
526.049,tag3151
526.460,tag11632
526.845,tag1959
526.643,tag2775
526.991,tag4590
526.368,tag8988
526.327,tag11120
526.990,tag5693
526.200,tag87
526.100,tag8007
526.588,tag2796
526.298,tag5830
526.632,tag11877
526.198,tag7027
526.750,tag8113
526.121,tag5997
526.761,tag11313
526.916,tag851
526.911,tag7557
526.073,tag8382
526.443,tag1428
526.496,tag6714
526.726,tag5715
526.260,tag5665
526.132,tag3515
526.957,tag5442
526.237,tag9325
526.483,tag1617
526.930,tag7042
526.717,tag2506
527.930,tag1544
527.951,tag11410
527.766,tag560
527.013,tag10574
527.780,tag3938
527.777,tag6154
527.510,tag4644
527.828,tag4677
527.127,tag10010
527.801,tag10264
527.024,tag8690
527.951,tag8336
527.468,tag5978
527.045,tag546
527.924,tag8930
527.725,tag10857
527.168,tag5746
527.829,tag3825
527.299,tag4600
527.179,tag7041
527.972,tag500
527.499,tag6681
527.461,tag1059
527.398,tag772
527.234,tag3621
527.608,tag5146
527.473,tag11441
527.998,tag3211
527.910,tag3768
527.138,tag7174
527.474,tag5772
527.185,tag9297
527.803,tag7727
527.875,tag5806
527.360,tag7423
527.889,tag6754
527.477,tag11624
527.278,tag4850
527.957,tag1218
527.927,tag822
528.089,tag9295
528.699,tag5744
528.205,tag9411
528.201,tag10352
528.843,tag7686
528.214,tag361
528.043,tag10847
528.419,tag9385
528.879,tag2888
528.841,tag9693
528.782,tag8481
528.923,tag10278
528.930,tag8735
528.952,tag3535
528.135,tag1080
528.018,tag1075
528.306,tag11383
528.367,tag10634
528.843,tag10393
528.154,tag10953
528.895,tag9362
528.295,tag10566
528.069,tag9283
528.935,tag6064
528.366,tag6941
528.683,tag7854
528.067,tag6151
528.689,tag9170
528.039,tag6107
528.656,tag11168
528.789,tag11004
528.882,tag10385
528.518,tag633
528.466,tag10794
528.406,tag2204
528.641,tag2264
528.679,tag1258
528.280,tag3353
528.592,tag10348
528.074,tag521
529.037,tag5727
529.690,tag5937
529.848,tag8870
529.159,tag4493
529.967,tag4066
529.137,tag1519
529.135,tag2984
529.955,tag8210
529.926,tag5384
529.678,tag5212
529.507,tag10692
529.921,tag8919
529.849,tag6170
529.066,tag634
529.639,tag6335
529.443,tag1169
529.088,tag2019
529.374,tag5464
529.460,tag11350
529.857,tag7841
529.992,tag5022
529.889,tag3662
529.786,tag11421
529.282,tag668
529.524,tag6512
529.466,tag5518
529.618,tag8317
529.153,tag2574
529.096,tag7013
529.916,tag3217
529.109,tag1030
529.321,tag8814
529.133,tag3989
529.136,tag11642
529.604,tag11047
529.495,tag3970
529.103,tag3390
529.640,tag4588
529.314,tag4338
529.918,tag1346
530.549,tag4759
530.828,tag10325
530.494,tag11369
530.636,tag7633
530.728,tag6262
530.418,tag2828
530.867,tag8598
530.093,tag10384
530.999,tag4815
530.448,tag3273
530.565,tag4750
530.189,tag11222
530.980,tag2612
530.868,tag5614
530.493,tag10840
530.966,tag1292
530.308,tag5124
530.901,tag11746
530.796,tag5976
530.986,tag8056
530.781,tag1287
530.168,tag432
530.366,tag10682
530.551,tag11897
530.317,tag10001
530.293,tag948
530.104,tag10017
530.544,tag9464
530.217,tag8952
530.261,tag2158
530.846,tag5465
530.036,tag7436
530.121,tag11051
530.121,tag7635
530.897,tag11983
530.626,tag7953
530.486,tag4618
530.082,tag6170
530.258,tag6581
530.478,tag5530
531.927,tag11151
531.079,tag11844
531.261,tag11420
531.794,tag8271
531.265,tag9659
531.795,tag7084
531.090,tag2485
531.848,tag459
531.583,tag6821
531.564,tag7640
531.214,tag6644
531.836,tag9961
531.321,tag10825
531.265,tag2028
531.110,tag377
531.123,tag7199
531.392,tag4480
531.559,tag7314
531.022,tag5168
531.049,tag6295
531.630,tag9628
531.794,tag3116
531.071,tag1094
531.771,tag2170
531.248,tag11848
531.453,tag8058
531.704,tag5745
531.953,tag10153
531.386,tag10191
531.893,tag2547
531.928,tag924
531.748,tag7697
531.102,tag6412
531.430,tag5926
531.712,tag8046
531.855,tag3984
531.296,tag1032
531.671,tag11265
531.707,tag2259
531.380,tag7874
532.937,tag4600
532.927,tag1620
532.612,tag4904
532.271,tag3906
532.054,tag5117
532.967,tag7970
532.780,tag3800
532.054,tag7385
532.271,tag4850
532.907,tag10473
532.287,tag3627
532.575,tag3299
532.161,tag2058
532.024,tag11460
532.201,tag841
532.665,tag11829
532.302,tag2680
532.526,tag10627
532.873,tag9935
532.780,tag4233
532.260,tag10604
532.860,tag9513
532.017,tag4482
532.446,tag1900
532.994,tag6411
532.103,tag7278
532.224,tag2586
532.466,tag8826
532.465,tag6407
532.759,tag8467
532.403,tag6640
532.104,tag508
532.714,tag11896
532.383,tag1376
532.963,tag8511
532.113,tag5536
532.724,tag4423
532.656,tag9540
532.148,tag3974
532.406,tag5920
533.292,tag25
533.315,tag2749
533.675,tag4527
533.648,tag5918
533.960,tag2056
533.118,tag11047
533.962,tag9177
533.893,tag10319
533.519,tag2800
533.633,tag2873
533.350,tag7702
533.687,tag10481
533.423,tag10363
533.877,tag10025
533.174,tag10474
533.160,tag8863
533.577,tag4775
533.118,tag5501
533.520,tag3505
533.038,tag11429
533.789,tag4033
533.287,tag9850
533.095,tag3827
533.862,tag11257
533.328,tag7606
533.368,tag463
533.699,tag9840
533.618,tag9954
533.914,tag8384
533.876,tag4171
533.906,tag693
533.394,tag3202
533.720,tag1911
533.818,tag9165
533.698,tag4541
533.173,tag4733
533.751,tag5202
533.970,tag3883
533.666,tag600
533.442,tag11136
534.660,tag3502
534.525,tag5083
534.549,tag5212
534.457,tag10947
534.931,tag6015
534.988,tag5225
534.472,tag2818
534.982,tag9902
534.125,tag5717
534.605,tag8050
534.376,tag4498
534.162,tag5909
534.296,tag8103
534.257,tag11086
534.587,tag9098
534.793,tag10318
534.337,tag1259
534.926,tag1133
534.738,tag4925
534.844,tag11332
534.576,tag11808
534.472,tag6194
534.652,tag4257
534.779,tag5489
534.979,tag7602
534.619,tag11580
534.279,tag11240
534.918,tag8150
534.327,tag10548
534.491,tag8296
534.397,tag836
534.098,tag9474
534.406,tag1093
534.785,tag11559
534.930,tag5869
534.735,tag8255
534.588,tag8087
534.090,tag9760
534.207,tag11820
534.243,tag6449
535.536,tag3493
535.600,tag9743
535.451,tag11648
535.547,tag8971
535.623,tag5990
535.072,tag9866
535.148,tag2072
535.007,tag8925
535.059,tag6931
535.066,tag11061
535.533,tag753
535.642,tag2484
535.091,tag10263
535.542,tag10942
535.459,tag5839
535.362,tag10022
535.761,tag2928
535.242,tag3670
535.249,tag11100
535.394,tag11918
535.808,tag8744
535.010,tag1152
535.003,tag11279
535.819,tag640
535.447,tag11834
535.699,tag2851
535.024,tag3214
535.270,tag2094
535.690,tag2155
535.147,tag1847
535.752,tag3453
535.608,tag1468
535.437,tag9555
535.584,tag8471
535.292,tag1848
535.033,tag7951
535.727,tag8667
535.681,tag10938
535.039,tag1249
535.291,tag10318
536.265,tag6559
536.350,tag7988
536.804,tag3078
536.739,tag7877
536.345,tag9256
536.486,tag3581
536.367,tag9762
536.275,tag4239
536.213,tag2147
536.395,tag11813
536.363,tag5445
536.513,tag6465
536.004,tag10133
536.877,tag10220
536.058,tag5611
536.586,tag254
536.886,tag58
536.528,tag5642
536.375,tag10271
536.099,tag9700
536.829,tag6020
536.931,tag8250
536.701,tag5296
536.471,tag8129
536.922,tag1561
536.820,tag9675
536.935,tag3446
536.581,tag1282
536.300,tag2487
536.195,tag5496
536.482,tag6370
536.264,tag11029
536.549,tag4915
536.733,tag11066
536.918,tag9615
536.252,tag2124
536.131,tag6015
536.701,tag2773
536.116,tag9343
536.588,tag1441
537.050,tag2083
537.318,tag11365
537.036,tag9577
537.016,tag5867
537.617,tag2617
537.780,tag10875
537.338,tag11601
537.866,tag3838
537.006,tag1193
537.413,tag6956
537.590,tag6709
537.891,tag10471
537.224,tag270
537.003,tag11160
537.874,tag11916
537.499,tag5172
537.300,tag11642
537.735,tag9978
537.544,tag3938
537.231,tag6535
537.780,tag6187
537.994,tag914
537.525,tag10527
537.680,tag827
537.808,tag10546
537.357,tag1349
537.086,tag7706
537.400,tag5294
537.501,tag4760
537.733,tag8997
537.297,tag8298
537.044,tag10578
537.524,tag10596
537.252,tag10576
537.548,tag3739
537.075,tag3659
537.111,tag643
537.126,tag2559
537.328,tag583
537.610,tag9016
538.216,tag8019
538.448,tag2636
538.894,tag536
538.455,tag3348
538.113,tag6538
538.644,tag10031
538.273,tag7630
538.034,tag6435
538.422,tag3004
538.786,tag1668
538.045,tag7285
538.881,tag4723
538.466,tag466
538.448,tag7029
538.573,tag6638
538.248,tag11297
538.160,tag7847
538.777,tag6941
538.248,tag8502
538.284,tag11709
538.622,tag6570
538.663,tag6860
538.419,tag8760
538.222,tag6159
538.987,tag6758
538.555,tag9242
538.125,tag1044
538.110,tag1856
538.153,tag10508
538.069,tag10186
538.852,tag3497
538.912,tag10997
538.244,tag2486
538.697,tag8638
538.584,tag8536
538.968,tag5120
538.121,tag11784
538.793,tag9174
538.261,tag3248
538.326,tag8587
539.407,tag7192
539.687,tag2429
539.920,tag9284
539.796,tag6130
539.931,tag5326
539.816,tag4447
539.320,tag10108
539.295,tag3558
539.044,tag6278
539.412,tag10641
539.467,tag10494
539.889,tag6364
539.950,tag2108
539.280,tag1879
539.503,tag521
539.590,tag1663
539.554,tag2927
539.105,tag7876
539.130,tag2952
539.008,tag5394
539.734,tag5344
539.768,tag10484
539.157,tag2886
539.217,tag7863
539.090,tag2422
539.450,tag5550
539.109,tag11267
539.116,tag1032
539.334,tag5958
539.614,tag4601
539.666,tag8647
539.030,tag1095
539.500,tag8956
539.495,tag11190
539.933,tag2454
539.894,tag4168
539.524,tag2864
539.990,tag949
539.872,tag3516
539.485,tag787
540.607,tag825
540.726,tag5710
540.446,tag2259
540.563,tag5916
540.689,tag7638
540.978,tag417
540.795,tag4619
540.211,tag9461
540.044,tag8823
540.061,tag5552
540.695,tag452
540.061,tag7915
540.422,tag9332
540.007,tag9047
540.014,tag4774
540.596,tag7641
540.033,tag11565
540.213,tag10128
540.860,tag36
540.403,tag6313
540.322,tag7987
540.458,tag5172
540.891,tag2764
540.874,tag6179
540.203,tag1543
540.591,tag9265
540.409,tag999
540.449,tag765
540.361,tag3529
540.722,tag6844
540.375,tag2047
540.169,tag1543
540.614,tag10904
540.339,tag7720
540.746,tag5467
540.985,tag9012
540.277,tag538
540.971,tag11573
540.163,tag11695
540.566,tag5276
541.926,tag7946
541.870,tag1944
541.940,tag5082
541.797,tag6517
541.404,tag5841
541.550,tag7535
541.362,tag7675
541.666,tag2965
541.509,tag6921
541.396,tag10893
541.447,tag8983
541.135,tag3531
541.065,tag10789
541.045,tag9118
541.741,tag4434
541.559,tag1786
541.544,tag1633
541.071,tag2186
541.372,tag403
541.985,tag2879
541.034,tag3457
541.954,tag2409
541.637,tag671
541.694,tag5729
541.385,tag8196
541.731,tag3465
541.711,tag8900
541.893,tag4757
541.413,tag6199
541.342,tag2808
541.160,tag390
541.135,tag5817
541.642,tag11132
541.269,tag10611
541.684,tag6374
541.051,tag2142
541.808,tag777
541.045,tag3723
541.795,tag9452
541.704,tag3763
542.388,tag2035
542.570,tag4737
542.632,tag5746
542.594,tag8841
542.257,tag10029
542.997,tag656
542.927,tag10941
542.072,tag5980
542.181,tag2578
542.114,tag2995
542.719,tag5130
542.367,tag815
542.228,tag10489
542.206,tag3809
542.622,tag11636
542.478,tag5652
542.437,tag8878
542.328,tag4106
542.615,tag10408
542.920,tag5264
542.052,tag959
542.066,tag5528
542.010,tag9481
542.541,tag3817
542.944,tag11004
542.995,tag11375
542.243,tag1183
542.363,tag5654
542.259,tag3934
542.965,tag10240
542.450,tag11159
542.223,tag1314
542.382,tag7241
542.831,tag4763
542.415,tag303
542.476,tag8458
542.763,tag6393
542.221,tag3304
542.336,tag2649
542.079,tag3856
543.021,tag8501
543.990,tag10027
543.154,tag6336
543.490,tag3542
543.360,tag9236
543.257,tag8812
543.464,tag7998
543.261,tag5200
543.622,tag10580
543.494,tag6885
543.611,tag10456
543.337,tag740
543.044,tag4810
543.051,tag2407
543.163,tag5646
543.353,tag2032
543.027,tag7421
543.663,tag6551
543.695,tag10866
543.749,tag6266
543.022,tag11635
543.294,tag7169
543.499,tag8678
543.677,tag1469
543.968,tag7876
543.614,tag3216
543.461,tag10297
543.508,tag7723
543.747,tag3570
543.633,tag7375
543.112,tag3441
543.647,tag441
543.920,tag3550
543.499,tag10888
543.365,tag3249
543.116,tag10734
543.538,tag5113
543.537,tag10698
543.785,tag2957
543.893,tag10464
544.732,tag2532
544.671,tag7911
544.835,tag967
544.746,tag10567
544.608,tag9402
544.376,tag10303
544.081,tag4424
544.087,tag4085
544.302,tag1539
544.977,tag4836
544.067,tag4303
544.731,tag135
544.639,tag8498
544.564,tag39
544.016,tag1932
544.517,tag2011
544.822,tag8943
544.201,tag939
544.795,tag2646
544.529,tag9805
544.493,tag504
544.894,tag2586
544.727,tag4569
544.653,tag3847
544.786,tag5285
544.798,tag11555
544.908,tag3237
544.744,tag5380
544.272,tag5228
544.265,tag3982
544.754,tag4750
544.842,tag4273
544.274,tag164
544.675,tag11096
544.718,tag4010
544.951,tag5372
544.280,tag3270
544.041,tag5224
544.338,tag9394
544.355,tag11456
545.816,tag2716
545.284,tag4090
545.496,tag10714
545.730,tag3325
545.647,tag5843
545.583,tag5356
545.810,tag10641
545.372,tag1843
545.662,tag1074
545.299,tag1611
545.690,tag1589
545.156,tag8137
545.966,tag1293
545.798,tag539
545.925,tag11606
545.737,tag2459
545.880,tag4295
545.078,tag1146
545.558,tag5071
545.187,tag5740
545.997,tag4238
545.399,tag4981
545.883,tag3942
545.273,tag1625
545.416,tag526
545.143,tag8985
545.961,tag6706
545.368,tag718
545.258,tag10989
545.299,tag3311
545.366,tag5651
545.785,tag5234
545.286,tag2075
545.848,tag4026
545.051,tag4224
545.423,tag8575
545.390,tag9087
545.638,tag8814
545.085,tag4251
545.574,tag3274
546.731,tag1990
546.514,tag3513
546.420,tag9110
546.919,tag10307
546.054,tag5282
546.571,tag1221
546.936,tag2138
546.042,tag6825
546.584,tag5756
546.611,tag3123
546.038,tag11873
546.543,tag4393
546.916,tag6489
546.057,tag9756
546.784,tag10654
546.454,tag1908
546.240,tag2658
546.046,tag3309
546.850,tag1309
546.163,tag7436
546.434,tag4055
546.325,tag4802
546.790,tag10624
546.238,tag2313
546.333,tag4312
546.724,tag5538
546.905,tag4970
546.911,tag8636
546.236,tag2386
546.044,tag9306
546.793,tag4288
546.776,tag500
546.033,tag5084
546.089,tag635
546.001,tag9100
546.943,tag3265
546.923,tag10505
546.952,tag3901
546.279,tag3270
546.824,tag7912
547.397,tag1764
547.548,tag9432
547.113,tag2987
547.868,tag11681
547.835,tag9619
547.281,tag3114
547.490,tag11226
547.796,tag6809
547.316,tag2165
547.661,tag2782
547.255,tag8308
547.169,tag7929
547.172,tag11900
547.837,tag6551
547.832,tag8783
547.835,tag3161
547.523,tag1217
547.354,tag312
547.805,tag4209
547.964,tag2133
547.949,tag8529
547.479,tag1525
547.167,tag9641
547.613,tag71
547.291,tag10356
547.377,tag3528
547.373,tag272
547.979,tag5222
547.697,tag3572
547.662,tag2196
547.517,tag9880
547.997,tag4893
547.098,tag9907
547.976,tag8495
547.410,tag1244
547.245,tag10900
547.915,tag8384
547.680,tag4533
547.658,tag1401
547.944,tag5750
548.159,tag10039
548.102,tag5066
548.664,tag10367
548.213,tag8572
548.704,tag7172
548.247,tag7759
548.239,tag11833
548.799,tag7664
548.640,tag820
548.846,tag2133
548.699,tag8132
548.717,tag11947
548.208,tag5695
548.465,tag11180
548.400,tag6731
548.438,tag1791
548.730,tag4997
548.115,tag5270
548.829,tag10214
548.969,tag4174
548.448,tag3446
548.631,tag8447
548.352,tag6787
548.133,tag3228
548.519,tag1904
548.631,tag11066
548.804,tag3319
548.910,tag5939
548.489,tag1514
548.766,tag3713
548.686,tag4382
548.625,tag6110
548.068,tag11977
548.334,tag5049
548.951,tag10098
548.100,tag3163
548.513,tag2875
548.524,tag11562
548.549,tag1731
548.141,tag2422
549.548,tag548
549.245,tag279
549.121,tag10221
549.377,tag1251
549.713,tag2141
549.914,tag7528
549.398,tag5357
549.035,tag3485
549.940,tag4057
549.195,tag10736
549.069,tag7110
549.919,tag6440
549.755,tag11447
549.390,tag7422
549.229,tag7500
549.720,tag645
549.015,tag5688
549.925,tag4490
549.531,tag11135
549.119,tag636
549.082,tag6685
549.827,tag327
549.185,tag10857
549.385,tag2446
549.535,tag11961
549.120,tag10433
549.878,tag10651
549.461,tag8050
549.535,tag5581
549.945,tag4228
549.684,tag2670
549.650,tag5807
549.358,tag2494
549.156,tag8497
549.554,tag2990
549.735,tag5788
549.611,tag9199
549.693,tag7894
549.208,tag9334
549.426,tag2474
550.348,tag209
550.485,tag2116
550.639,tag3002
550.392,tag8240
550.714,tag5651
550.046,tag3739
550.990,tag7124
550.274,tag11376
550.533,tag4191
550.274,tag9676
550.979,tag7851
550.584,tag7911
550.440,tag4226
550.168,tag5500
550.816,tag365
550.699,tag4080
550.005,tag9860
550.893,tag561
550.525,tag3135
550.436,tag6386
550.330,tag8028
550.362,tag2441
550.463,tag2461
550.154,tag3226
550.987,tag11818
550.649,tag11536
550.663,tag5878
550.755,tag2845
550.911,tag3583
550.955,tag921
550.613,tag6778
550.610,tag1574
550.791,tag3585
550.671,tag2101
550.272,tag956
550.145,tag2732
550.504,tag8685
550.671,tag8807
550.224,tag87
550.068,tag7582
551.357,tag5869
551.226,tag5013
551.074,tag4902
551.571,tag11570
551.631,tag3503
551.258,tag7325
551.117,tag153
551.450,tag5054
551.847,tag392
551.898,tag2172
551.255,tag3481
551.544,tag5017
551.262,tag10026
551.449,tag8676
551.427,tag2261
551.677,tag3254
551.465,tag4409
551.334,tag555
551.404,tag8788
551.931,tag3325
551.651,tag5
551.122,tag2858
551.109,tag10185
551.535,tag7285
551.391,tag7759
551.630,tag263
551.190,tag10117
551.852,tag7248
551.871,tag5122
551.415,tag7340
551.707,tag9400
551.293,tag5184
551.930,tag1526
551.745,tag3248
551.285,tag8171
551.404,tag5405
551.134,tag9984
551.184,tag4980
551.673,tag335
551.805,tag11566
552.450,tag8415
552.833,tag189
552.258,tag2510
552.678,tag1497
552.971,tag7003
552.318,tag10536
552.386,tag684
552.560,tag3499
552.533,tag1093
552.397,tag7365
552.420,tag10521
552.870,tag1882
552.506,tag5724
552.592,tag4610
552.984,tag10484
552.212,tag8261
552.967,tag2510
552.851,tag3533
552.578,tag2267
552.151,tag6574
552.868,tag10795
552.456,tag523
552.838,tag7044
552.995,tag10710
552.261,tag1916
552.618,tag9549
552.907,tag11866
552.856,tag261
552.154,tag8795
552.281,tag2187
552.590,tag4698
552.560,tag8051
552.350,tag11407
552.146,tag10266
552.715,tag6434
552.139,tag6227
552.719,tag1824
552.794,tag456
552.759,tag3044
552.606,tag1610
553.810,tag11133
553.322,tag10710
553.690,tag7358
553.758,tag9872
553.295,tag8153
553.317,tag7961
553.079,tag4017
553.791,tag8213
553.062,tag11835
553.412,tag300
553.986,tag7813
553.736,tag11254
553.072,tag3585
553.645,tag1348
553.220,tag5841
553.155,tag11000
553.759,tag5357
553.941,tag2760
553.540,tag6124
553.591,tag11486
553.890,tag3732
553.462,tag8122
553.665,tag3243
553.851,tag4211
553.043,tag3468
553.043,tag10580
553.801,tag9140
553.128,tag5088
553.075,tag1053
553.476,tag1831
553.854,tag351
553.789,tag58
553.266,tag5373
553.801,tag6538
553.388,tag2256
553.404,tag7187
553.692,tag9498
553.332,tag8046
553.849,tag3607
553.021,tag8113
554.104,tag410
554.362,tag3608
554.517,tag8647
554.879,tag9639
554.265,tag8194
554.739,tag9377
554.476,tag1662
554.752,tag3082
554.730,tag2704
554.009,tag11750
554.566,tag9164
554.941,tag11031
554.148,tag5934
554.556,tag8658
554.128,tag9992
554.118,tag10201
554.122,tag1244
554.372,tag1152
554.516,tag884
554.143,tag2277
554.267,tag9770
554.217,tag9684
554.380,tag4500
554.775,tag2312
554.719,tag2309
554.645,tag7737
554.518,tag7552
554.288,tag32
554.890,tag671
554.352,tag7644
554.172,tag6697
554.360,tag1705
554.026,tag5237
554.499,tag4156
554.946,tag11587
554.350,tag3755
554.645,tag11108
554.155,tag5590
554.152,tag4580
554.073,tag2729
555.225,tag1963
555.203,tag1999
555.549,tag6487
555.843,tag10061
555.095,tag10884
555.481,tag6406
555.254,tag3243
555.921,tag4701
555.195,tag9141
555.291,tag2015
555.009,tag1215
555.601,tag5539
555.704,tag7408
555.789,tag1
555.706,tag5519
555.245,tag2026
555.760,tag11996
555.744,tag2447
555.436,tag2074
555.906,tag5765
555.753,tag9797
555.411,tag5276
555.641,tag2930
555.163,tag6538
555.966,tag3640
555.845,tag9725
555.681,tag7529
555.623,tag11633
555.037,tag8150
555.331,tag4700
555.109,tag684
555.831,tag10063
555.446,tag11654
555.908,tag11938
555.748,tag2227
555.372,tag3868
555.147,tag5341
555.959,tag3641
555.061,tag11225
555.857,tag4030
556.382,tag3079
556.864,tag4259
556.015,tag972
556.393,tag6197
556.184,tag1340
556.239,tag10072
556.182,tag7931
556.245,tag9207
556.934,tag4009
556.040,tag10125
556.445,tag6100
556.508,tag2849
556.277,tag7099
556.099,tag10984
556.596,tag953
556.577,tag7739
556.420,tag2144
556.060,tag9607
556.674,tag10446
556.930,tag2740
556.262,tag11757
556.129,tag11177
556.303,tag9694
556.091,tag252
556.883,tag1994
556.926,tag1308
556.435,tag6722
556.073,tag6755
556.703,tag5940
556.146,tag10270
556.989,tag10187
556.111,tag11798
556.719,tag6318
556.362,tag972
556.217,tag5769
556.196,tag11879
556.403,tag10209
556.381,tag9121
556.413,tag4102
556.700,tag9674
557.774,tag5068
557.838,tag4889
557.729,tag8874
557.600,tag6775
557.972,tag9022
557.568,tag1845
557.932,tag1589
557.064,tag5633
557.771,tag10545
557.223,tag9437
557.371,tag6275
557.944,tag11073
557.109,tag7666
557.679,tag7341
557.260,tag10231
557.113,tag8578
557.087,tag2460
557.194,tag1413
557.120,tag1381
557.293,tag7041
557.710,tag11873
557.305,tag1611
557.238,tag1239
557.180,tag4082
557.424,tag9662
557.700,tag9916
557.568,tag11431
557.437,tag2186
557.545,tag2255
557.271,tag6465
557.042,tag6109
557.207,tag10247
557.053,tag6296
557.692,tag949
557.369,tag10489
557.997,tag9030
557.182,tag3383
557.912,tag2728
557.318,tag9342
557.812,tag1028
558.803,tag7686
558.629,tag1518
558.351,tag9630
558.343,tag4318
558.800,tag7070
558.287,tag2252
558.756,tag6348
558.331,tag10
558.026,tag8848
558.539,tag8243
558.200,tag6400
558.072,tag7832
558.390,tag8946
558.081,tag10302
558.447,tag3762
558.694,tag10351
558.150,tag3237
558.796,tag6261
558.922,tag267
558.778,tag5895
558.858,tag4786
558.190,tag979
558.860,tag79
558.930,tag4444
558.690,tag10673
558.238,tag6
558.081,tag1163
558.668,tag11399
558.944,tag10452
558.731,tag8913
558.332,tag9876
558.096,tag1247
558.809,tag9006
558.238,tag10202
558.870,tag6001
558.121,tag4374
558.442,tag6449
558.785,tag9838
558.011,tag1633
558.842,tag3029
559.823,tag10087
559.550,tag1204
559.525,tag9612
559.763,tag6704
559.709,tag6464
559.728,tag10160
559.107,tag9649
559.978,tag8998
559.706,tag8271
559.384,tag5379
559.927,tag3978
559.543,tag11712
559.148,tag7845
559.405,tag3476
559.535,tag2793
559.094,tag310
559.658,tag11450
559.079,tag4536
559.077,tag4287
559.649,tag4978
559.723,tag5781
559.549,tag10268
559.584,tag4888
559.533,tag1341
559.886,tag9653
559.932,tag1719
559.401,tag5302
559.277,tag10355
559.120,tag4452
559.050,tag564
559.041,tag4055
559.790,tag10387
559.503,tag8091
559.478,tag761
559.103,tag11520
559.089,tag4094
559.448,tag1352
559.924,tag5757
559.238,tag6010
559.676,tag4590
560.147,tag1285
560.981,tag4110
560.816,tag11820
560.685,tag5177
560.431,tag3507
560.539,tag8330
560.261,tag1255
560.298,tag7851
560.340,tag9942
560.099,tag6161
560.170,tag3792
560.243,tag8265
560.183,tag3190
560.350,tag8162
560.839,tag4704
560.838,tag6938
560.308,tag10223
560.822,tag4912
560.721,tag6788
560.502,tag10058
560.735,tag10129
560.991,tag2545
560.512,tag2981
560.875,tag6595
560.370,tag3528
560.072,tag9426
560.875,tag8914
560.837,tag1511
560.940,tag1697
560.491,tag4109
560.677,tag7173
560.074,tag3150
560.375,tag9059
560.227,tag10443
560.197,tag2340
560.000,tag2061
560.916,tag3466
560.903,tag2548
560.617,tag4582
560.564,tag1222
561.696,tag4688
561.620,tag11362
561.580,tag7453
561.156,tag7232
561.003,tag5298
561.494,tag10850
561.087,tag3417
561.708,tag7815
561.893,tag7040
561.688,tag803
561.395,tag813
561.364,tag9282
561.175,tag417
561.340,tag3027
561.951,tag7775
561.730,tag752
561.842,tag3482
561.822,tag10565
561.589,tag2077
561.391,tag3480
561.930,tag935
561.667,tag9015
561.611,tag6713
561.935,tag8268
561.986,tag181
561.300,tag10642
561.784,tag8137
561.826,tag4319
561.356,tag10828
561.021,tag8830
561.798,tag9042
561.585,tag2958
561.153,tag11343
561.731,tag7909
561.309,tag667
561.012,tag8519
561.691,tag9229
561.251,tag4091
561.864,tag9750
561.516,tag470
562.697,tag5212
562.883,tag791
562.853,tag7701
562.564,tag1839
562.644,tag11600
562.386,tag8166
562.889,tag1085
562.940,tag15
562.155,tag41
562.077,tag8927
562.622,tag7110
562.616,tag9909
562.258,tag222
562.702,tag2001
562.455,tag4017
562.807,tag7115
562.239,tag2096
562.530,tag1282
562.931,tag3163
562.981,tag7899
562.285,tag1266
562.163,tag4589
562.969,tag7752
562.068,tag7381
562.999,tag7375
562.618,tag311
562.277,tag7444
562.302,tag9816
562.300,tag2966
562.635,tag1424
562.275,tag3922
562.871,tag155
562.888,tag19
562.097,tag1776
562.074,tag7066
562.043,tag8139
562.739,tag9506
562.452,tag8999
562.170,tag6873
562.420,tag8839
563.439,tag2248
563.102,tag8260
563.672,tag11374
563.313,tag10490
563.084,tag5938
563.638,tag8256
563.174,tag4201
563.425,tag2991
563.796,tag9254
563.265,tag398
563.507,tag6389
563.347,tag7691
563.697,tag8064
563.470,tag10879
563.135,tag3381
563.458,tag8565
563.475,tag2710
563.881,tag1634
563.182,tag8235
563.684,tag319
563.954,tag5876
563.647,tag5263
563.885,tag6882
563.164,tag3875
563.504,tag6875
563.204,tag10686
563.999,tag6938
563.402,tag7530
563.130,tag3321
563.839,tag8056
563.052,tag5051
563.051,tag7075
563.419,tag4500
563.667,tag5490
563.081,tag11040
563.185,tag470
563.757,tag573
563.045,tag6692
563.638,tag8949
563.954,tag5081
564.956,tag5562
564.029,tag8179
564.111,tag1018
564.074,tag749
564.929,tag4061
564.461,tag742
564.799,tag7437
564.715,tag4909
564.763,tag10074
564.695,tag403
564.839,tag5825
564.026,tag11227
564.304,tag656
564.991,tag8575
564.719,tag4132
564.802,tag8698
564.233,tag8603
564.678,tag9089
564.985,tag10075
564.093,tag8614
564.712,tag1880
564.324,tag8582
564.017,tag3454
564.203,tag2719
564.411,tag7117
564.132,tag3980
564.463,tag3808
564.475,tag9499
564.289,tag8099
564.042,tag2386
564.978,tag4414
564.911,tag2205
564.586,tag9695
564.444,tag5714
564.828,tag2000
564.420,tag6549
564.815,tag8853
564.567,tag7260
564.582,tag10548
564.391,tag7110
565.877,tag10122
565.117,tag8545
565.744,tag5782
565.768,tag3318
565.905,tag4968
565.414,tag1753
565.075,tag2355
565.339,tag7434
565.858,tag4713
565.238,tag8815
565.044,tag8248
565.817,tag7768
565.568,tag6652
565.560,tag10239
565.620,tag3204
565.702,tag4086
565.567,tag6815
565.825,tag11756
565.740,tag1494
565.332,tag3676
565.931,tag9631
565.937,tag10375
565.588,tag10882
565.756,tag10808
565.261,tag11219
565.835,tag4620
565.096,tag4252
565.703,tag4868
565.018,tag1405
565.415,tag5072
565.539,tag9551
565.106,tag2691
565.202,tag11515
565.031,tag7794
565.538,tag2134
565.483,tag82
565.887,tag6938
565.498,tag3616
565.545,tag7676
565.253,tag9628
566.238,tag8555
566.140,tag1122
566.313,tag4223
566.508,tag1095
566.529,tag3177
566.575,tag4028
566.798,tag2129
566.008,tag7900
566.148,tag7018
566.828,tag7411
566.080,tag11017
566.909,tag11953
566.240,tag9813
566.792,tag10044
566.740,tag10168
566.662,tag10000
566.030,tag7596
566.788,tag10529
566.542,tag11956
566.658,tag3934
566.658,tag7476
566.168,tag8248
566.287,tag10946
566.610,tag8545
566.501,tag11807
566.470,tag1288
566.982,tag11896
566.343,tag6275
566.387,tag5737
566.256,tag11890
566.868,tag10878
566.381,tag9370
566.941,tag6626
566.473,tag8405
566.620,tag1307
566.072,tag7318
566.766,tag5881
566.974,tag10395
566.795,tag2586
566.742,tag9078
567.494,tag2849
567.601,tag10948
567.562,tag8113
567.550,tag4928
567.748,tag3947
567.725,tag5057
567.448,tag2840
567.498,tag4995
567.653,tag7633
567.142,tag6869
567.005,tag7463
567.192,tag1576
567.548,tag7833
567.425,tag5712
567.839,tag3403
567.456,tag5522
567.654,tag4826
567.072,tag2140
567.653,tag10765
567.714,tag8142
567.736,tag2190
567.437,tag8814
567.537,tag6882
567.905,tag10814
567.911,tag3044
567.356,tag4961
567.071,tag2760
567.828,tag8744
567.655,tag2231
567.677,tag2728
567.465,tag5418
567.960,tag8307
567.481,tag8915
567.940,tag3889
567.996,tag7014
567.292,tag11366
567.994,tag8694
567.360,tag11318
567.475,tag6896
567.519,tag3618
568.881,tag7429
568.949,tag1389
568.945,tag6392
568.513,tag5897
568.961,tag720
568.828,tag6633
568.489,tag11297
568.451,tag6054
568.641,tag8129
568.388,tag489
568.987,tag4158
568.071,tag8706
568.019,tag8321
568.842,tag1162
568.646,tag5707
568.493,tag7891
568.783,tag9221
568.512,tag756
568.169,tag7443
568.398,tag7244
568.840,tag7213
568.913,tag7849
568.246,tag6316
568.682,tag4591
568.874,tag8634
568.348,tag5870
568.744,tag11447
568.634,tag8649
568.220,tag4321
568.481,tag10738
568.414,tag7819
568.952,tag1926
568.500,tag3627
568.097,tag7020
568.413,tag6795
568.048,tag6559
568.732,tag3115
568.914,tag1542
568.536,tag9634
568.927,tag11396
569.936,tag10338
569.721,tag5819
569.992,tag5439
569.019,tag1193
569.658,tag6228
569.324,tag8122
569.909,tag5888
569.529,tag11953
569.521,tag6667
569.080,tag4610
569.658,tag10029
569.478,tag4048
569.585,tag9779
569.220,tag9535
569.538,tag2106
569.171,tag11504
569.890,tag388
569.964,tag791
569.656,tag3705
569.294,tag11201
569.086,tag3446
569.742,tag4762
569.824,tag1332
569.356,tag10283
569.004,tag5020
569.139,tag5490
569.385,tag9196
569.749,tag7970
569.713,tag6163
569.373,tag2842
569.246,tag889
569.955,tag10077
569.478,tag11644
569.837,tag3495
569.936,tag2689
569.537,tag14
569.532,tag468
569.468,tag7194
569.649,tag7142
569.168,tag7639
570.329,tag7053
570.070,tag7339
570.379,tag4459
570.282,tag4092
570.112,tag1417
570.778,tag9372
570.730,tag8738
570.807,tag3254
570.321,tag4993
570.855,tag8906
570.132,tag1378
570.627,tag3017
570.301,tag6514
570.803,tag6815
570.546,tag9083
570.798,tag7634
570.716,tag1652
570.339,tag10618
570.637,tag3405
570.836,tag3252
570.396,tag4116
570.820,tag9753
570.256,tag7925
570.539,tag4624
570.868,tag9073
570.860,tag11118
570.444,tag9059
570.312,tag3655
570.196,tag206
570.821,tag10850
570.219,tag1291
570.771,tag8946
570.303,tag3989
570.941,tag10558
570.817,tag3624
570.270,tag3569
570.412,tag7960
570.950,tag11941
570.727,tag5682
570.172,tag6070
571.006,tag3949
571.847,tag8917
571.176,tag11646
571.634,tag2426
571.421,tag11171
571.713,tag8690
571.495,tag5644
571.715,tag7038
571.417,tag11695
571.880,tag1613
571.955,tag8116
571.535,tag9047
571.896,tag9011
571.634,tag4180
571.846,tag5415
571.294,tag10606
571.789,tag6156
571.904,tag3389
571.850,tag6513
571.060,tag1723
571.590,tag11836
571.830,tag10202
571.802,tag9336
571.363,tag6710
571.709,tag1908
571.378,tag8714
571.971,tag8425
571.593,tag2862
571.105,tag440
571.874,tag11004
571.628,tag7979
571.680,tag1772
571.372,tag11233
571.807,tag2124
571.475,tag440
571.206,tag6591
571.537,tag3823
571.052,tag493
571.579,tag760
571.891,tag7949
572.382,tag4949
572.074,tag11070
572.360,tag498
572.839,tag7330
572.626,tag4701
572.156,tag3497
572.294,tag1692
572.617,tag4273
572.891,tag2569
572.041,tag3143
572.046,tag6049
572.168,tag8193
572.609,tag5389
572.767,tag11362
572.746,tag4929
572.761,tag11671
572.056,tag460
572.127,tag6198
572.264,tag971
572.623,tag6355
572.775,tag8179
572.050,tag9739
572.637,tag11169
572.055,tag10116
572.583,tag7360
572.774,tag1570
572.862,tag5751
572.717,tag1178
572.311,tag886
572.335,tag5190
572.980,tag11654
572.135,tag3671
572.584,tag1983
572.890,tag5254
572.075,tag3945
572.108,tag1442
572.574,tag6631
572.124,tag5574
572.615,tag2207
572.821,tag11141
573.497,tag2554
573.343,tag7014
573.492,tag2578
573.758,tag840
573.864,tag6174
573.083,tag10564
573.655,tag5667
573.981,tag4582
573.326,tag3804
573.258,tag5001
573.018,tag4026
573.963,tag9698
573.090,tag5521
573.667,tag7103
573.618,tag11401
573.837,tag6385
573.142,tag4998
573.044,tag7103
573.758,tag10798
573.985,tag3782
573.643,tag3534
573.239,tag7010
573.805,tag2319
573.105,tag7624
573.125,tag4322
573.111,tag6529
573.901,tag7109
573.246,tag8773
573.797,tag6219
573.628,tag2539
573.056,tag5338
573.917,tag7816
573.120,tag3755
573.098,tag1338
573.215,tag4145
573.521,tag11703
573.324,tag1028
573.152,tag5710
573.632,tag10816
573.300,tag2137
574.275,tag5754
574.883,tag1582
574.276,tag10194
574.202,tag2320
574.303,tag3486
574.828,tag10942
574.276,tag1878
574.028,tag10953
574.268,tag11177
574.118,tag2113
574.584,tag4287
574.910,tag6289
574.471,tag10243
574.110,tag11221
574.064,tag9325
574.230,tag9630
574.590,tag9904
574.265,tag7819
574.637,tag10682
574.220,tag5870
574.266,tag8471
574.460,tag1806
574.398,tag899
574.430,tag6499
574.522,tag1531
574.096,tag4787
574.119,tag1943
574.045,tag11434
574.153,tag6196
574.403,tag11413
574.093,tag1852
574.450,tag8872
574.854,tag8965
574.114,tag9824
574.360,tag10507
574.626,tag10934
574.795,tag8297
574.916,tag7075
574.105,tag10989
574.455,tag2479
575.300,tag7867
575.971,tag7066
575.236,tag7391
575.500,tag6844
575.860,tag7199
575.658,tag601
575.488,tag4346
575.732,tag10865
575.152,tag5330
575.912,tag11794
575.779,tag3918
575.953,tag3238
575.734,tag11779
575.904,tag4626
575.809,tag798
575.608,tag10521
575.598,tag9548
575.003,tag5121
575.304,tag8645
575.108,tag6121
575.083,tag4616
575.414,tag8499
575.508,tag4839
575.515,tag4267
575.684,tag2676
575.341,tag2003
575.031,tag4890
575.001,tag109
575.989,tag1225
575.510,tag8871
575.816,tag1987
575.396,tag7654
575.512,tag11405
575.705,tag1215
575.564,tag6320
575.617,tag6658
575.205,tag1689
575.205,tag6544
575.584,tag3838
575.560,tag4636
576.448,tag5571
576.057,tag9261
576.132,tag9199
576.907,tag3055
576.105,tag5813
576.288,tag8068
576.873,tag5379
576.673,tag968
576.995,tag6348
576.589,tag11588
576.386,tag283
576.340,tag4107
576.394,tag5578
576.606,tag3502
576.979,tag4103
576.938,tag6074
576.879,tag8128
576.676,tag8793
576.926,tag7073
576.554,tag2962
576.446,tag3549
576.340,tag2178
576.680,tag274
576.983,tag8250
576.054,tag10870
576.675,tag9674
576.795,tag5738
576.687,tag6922
576.201,tag1805
576.908,tag11727
576.197,tag11692
576.469,tag7565
576.730,tag7507
576.573,tag2489
576.863,tag2330
576.487,tag5440
576.597,tag5206
576.535,tag4305
576.203,tag5663
576.850,tag1301
577.749,tag724
577.580,tag8048
577.661,tag10641
577.145,tag10431
577.611,tag8695
577.863,tag11979
577.141,tag357
577.498,tag8949
577.008,tag3208
577.775,tag4754
577.125,tag1882
577.077,tag2172
577.030,tag7092
577.791,tag8503
577.480,tag4930
577.189,tag703
577.298,tag2275
577.927,tag7590
577.510,tag1091
577.887,tag5795
577.379,tag10177
577.907,tag176
577.393,tag8101
577.764,tag8334
577.723,tag7183
577.478,tag8009
577.378,tag10443
577.015,tag9512
577.577,tag6771
577.113,tag9536
577.890,tag6249
577.276,tag11747
577.928,tag10092
577.188,tag8671
577.712,tag7117
577.741,tag8074
577.792,tag5271
577.058,tag9335
577.648,tag4891
577.304,tag1271
578.800,tag7844
578.946,tag10873
578.720,tag10222
578.807,tag139
578.176,tag8641
578.870,tag10818
578.338,tag10621
578.700,tag1095
578.233,tag11668
578.226,tag8608
578.345,tag6551
578.456,tag1161
578.598,tag10942
578.953,tag6311
578.433,tag2225
578.711,tag4917
578.752,tag7414
578.906,tag10721
578.597,tag10884
578.927,tag7953
578.038,tag11092
578.773,tag2844
578.527,tag946
578.065,tag10876
578.596,tag6271
578.102,tag8256
578.769,tag10798
578.330,tag1566
578.566,tag5964
578.835,tag6804
578.067,tag8135
578.399,tag9998
578.368,tag1533
578.801,tag7146
578.386,tag9901
578.611,tag1363
578.579,tag1427
578.230,tag10438
578.672,tag6842
578.179,tag3010
579.046,tag1588
579.814,tag10042
579.190,tag4463
579.330,tag2965
579.371,tag4139
579.403,tag11738
579.272,tag2606
579.996,tag3685
579.926,tag3191
579.729,tag4924
579.522,tag5468
579.781,tag4305
579.422,tag6583
579.508,tag3663
579.597,tag10197
579.381,tag9896
579.890,tag10930
579.116,tag9992
579.888,tag8620
579.979,tag4513
579.245,tag10797
579.903,tag8409
579.752,tag631
579.584,tag10303
579.035,tag8231
579.799,tag9934
579.845,tag3987
579.002,tag11210
579.867,tag6407
579.511,tag2041
579.296,tag6140
579.123,tag9340
579.264,tag11094
579.383,tag9794
579.455,tag426
579.153,tag776
579.292,tag9040
579.327,tag5333
579.678,tag9449
579.805,tag7484
580.228,tag1320
580.776,tag1654
580.753,tag7996
580.247,tag6125
580.498,tag6542
580.384,tag8470
580.708,tag1170
580.669,tag2850
580.695,tag5222
580.514,tag4581
580.399,tag5535
580.353,tag4530
580.337,tag8911
580.466,tag2261
580.496,tag4062
580.729,tag11902
580.818,tag11525
580.582,tag3446
580.976,tag10403
580.206,tag7318
580.917,tag34
580.362,tag7013
580.445,tag1833
580.877,tag1213
580.859,tag600
580.621,tag10359
580.101,tag8493
580.905,tag2314
580.608,tag8903
580.325,tag11764
580.901,tag248
580.887,tag3742
580.959,tag1142
580.237,tag9769
580.738,tag3157
580.180,tag11255
580.003,tag1647
580.461,tag11201
580.147,tag6290
580.937,tag7158
581.415,tag1334
581.037,tag8606
581.060,tag4387
581.765,tag3701
581.529,tag6789
581.324,tag7550
581.476,tag7895
581.303,tag41
581.795,tag9681
581.451,tag6612
581.903,tag10963
581.970,tag9518
581.459,tag7136
581.213,tag3596
581.197,tag5499
581.033,tag2405
581.328,tag7907
581.732,tag8661
581.988,tag1979
581.083,tag10925
581.990,tag5481
581.193,tag6714
581.123,tag7279
581.631,tag9802
581.422,tag6280
581.306,tag8361
581.427,tag8896
581.118,tag9373
581.292,tag8915
581.758,tag8648
581.869,tag8719
581.892,tag11038
581.912,tag2860
581.274,tag10070
581.374,tag5145
581.941,tag4628
581.317,tag3643
581.110,tag24
581.703,tag9027
581.268,tag10533
582.383,tag8932
582.633,tag1109
582.308,tag6802
582.248,tag6556
582.009,tag2733
582.374,tag10217
582.766,tag1964
582.353,tag4626
582.090,tag4338
582.477,tag6840
582.734,tag7553
582.711,tag4242
582.863,tag8736
582.455,tag11665
582.077,tag9604
582.810,tag7101
582.800,tag291
582.624,tag11350
582.073,tag9641
582.967,tag5831
582.345,tag10584
582.299,tag3
582.955,tag458
582.055,tag7760
582.359,tag1785
582.339,tag2121
582.206,tag2429
582.087,tag7495
582.998,tag8232
582.305,tag11030
582.533,tag10230
582.047,tag7181
582.781,tag8442
582.370,tag9958
582.021,tag11402
582.897,tag4972
582.618,tag5269
582.249,tag10547
582.183,tag5988
582.513,tag590
583.388,tag8902
583.880,tag3493
583.199,tag6194
583.642,tag8884
583.953,tag5555
583.358,tag4833
583.733,tag5567
583.975,tag4410
583.980,tag494
583.562,tag2952
583.455,tag4432
583.512,tag5924
583.257,tag7111
583.301,tag7814
583.768,tag9010
583.206,tag7060
583.651,tag7643
583.446,tag1518
583.911,tag4529
583.066,tag4843
583.962,tag6152
583.330,tag11007
583.561,tag2576
583.928,tag11805
583.206,tag11584
583.101,tag69
583.683,tag9318
583.909,tag2698
583.647,tag1864
583.968,tag3175
583.846,tag9582
583.006,tag4287
583.318,tag5286
583.909,tag2329
583.786,tag8879
583.206,tag8653
583.115,tag6889
583.298,tag7392
583.040,tag8933
583.068,tag146
584.820,tag699
584.929,tag3955
584.306,tag4447
584.704,tag5993
584.642,tag11035
584.620,tag6449
584.928,tag9869
584.441,tag3383
584.458,tag335
584.150,tag7620
584.179,tag1825
584.817,tag4474
584.933,tag5622
584.986,tag1393
584.543,tag6740
584.514,tag3417
584.069,tag5383
584.066,tag10199
584.820,tag2500
584.246,tag2298
584.433,tag2211
584.105,tag7670
584.058,tag964
584.583,tag7724
584.602,tag1138
584.727,tag8754
584.320,tag8670
584.888,tag3913
584.715,tag9163
584.373,tag3304
584.429,tag2791
584.498,tag11399
584.329,tag6479
584.668,tag1566
584.966,tag9706
584.959,tag3123
584.012,tag4267
584.967,tag2524
584.568,tag446
584.748,tag7142
585.422,tag5454
585.911,tag9139
585.327,tag5714
585.627,tag4533
585.808,tag1237
585.757,tag1484
585.420,tag7108
585.335,tag8999
585.852,tag10835
585.932,tag2815
585.673,tag3957
585.609,tag8349
585.328,tag899
585.240,tag1820
585.755,tag4676
585.233,tag10214
585.829,tag4287
585.668,tag3039
585.804,tag7126
585.017,tag1054
585.726,tag11853
585.797,tag8006
585.694,tag7075
585.465,tag9374
585.227,tag6893
585.382,tag461
585.654,tag9744
585.424,tag10432
585.143,tag5465
585.256,tag11246
585.244,tag7027
585.772,tag2842
585.500,tag2969
585.719,tag11640
585.933,tag10301
585.296,tag3593
585.004,tag5165
585.271,tag5007
585.590,tag9737
585.083,tag8772
586.795,tag9270
586.105,tag2568
586.738,tag2518
586.679,tag11435
586.032,tag2176
586.138,tag9575
586.365,tag6583
586.845,tag5376
586.264,tag10708
586.153,tag9937
586.825,tag11128
586.476,tag11619
586.777,tag1689
586.095,tag5878
586.276,tag2480
586.385,tag8254
586.291,tag44
586.333,tag11442
586.160,tag799
586.837,tag4982
586.861,tag6482
586.343,tag6414
586.337,tag223
586.868,tag3037
586.354,tag5959
586.425,tag6246
586.455,tag884
586.071,tag1205
586.144,tag5201
586.074,tag657
586.217,tag6072
586.174,tag11830
586.468,tag3000
586.674,tag2440
586.269,tag7880
586.624,tag6393
586.101,tag10753
586.033,tag5327
586.094,tag8534
586.825,tag11896
587.561,tag3074
587.338,tag3040
587.926,tag3253
587.754,tag10812
587.087,tag7143
587.322,tag1968
587.010,tag2710
587.352,tag9277
587.281,tag6755
587.891,tag2831
587.354,tag5668
587.359,tag4053
587.540,tag5607
587.601,tag10369
587.627,tag11292
587.200,tag9226
587.967,tag5520
587.328,tag5707
587.771,tag9529
587.576,tag631
587.428,tag707
587.367,tag4277
587.286,tag1304
587.890,tag10462
587.369,tag9574
587.323,tag5447
587.851,tag9268
587.002,tag14
587.814,tag5614
587.903,tag4444
587.771,tag5516
587.222,tag3265
587.950,tag11230
587.774,tag11268
587.868,tag11751
587.786,tag8748
587.313,tag2999
587.704,tag4437
587.989,tag10516
587.759,tag3251
588.511,tag3976
588.785,tag6075
588.216,tag10181
588.512,tag3717
588.454,tag6017
588.642,tag8186
588.031,tag6598
588.577,tag4725
588.567,tag3235
588.141,tag6691
588.422,tag10796
588.267,tag9618
588.300,tag8634
588.161,tag3701
588.378,tag3235
588.487,tag8443
588.046,tag7447
588.044,tag571
588.487,tag8381
588.842,tag5843
588.318,tag2926
588.909,tag5144
588.978,tag5238
588.404,tag2110
588.001,tag11219
588.530,tag9471
588.780,tag11228
588.957,tag3624
588.531,tag924
588.020,tag6891
588.945,tag9542
588.510,tag3642
588.638,tag4247
588.092,tag9073
588.545,tag3559
588.528,tag7996
588.128,tag5119
588.398,tag5382
588.347,tag11785
588.531,tag10384
589.978,tag7772
589.531,tag9738
589.223,tag4271
589.011,tag11421
589.905,tag1059
589.203,tag525
589.407,tag5080
589.507,tag11279
589.517,tag11619
589.880,tag1211
589.120,tag9941
589.463,tag7408
589.491,tag1603
589.326,tag11966
589.352,tag2305
589.125,tag8397
589.796,tag10245
589.337,tag6414
589.987,tag11908
589.107,tag3508
589.377,tag2338
589.956,tag5212
589.965,tag6732
589.779,tag8041
589.340,tag5698
589.335,tag6296
589.380,tag8088
589.754,tag11559
589.123,tag3401
589.320,tag6840
589.091,tag861
589.472,tag11339
589.823,tag10935
589.755,tag6266
589.940,tag3020
589.799,tag1917
589.899,tag5496
589.300,tag8755
589.090,tag4921
589.736,tag10560
590.473,tag8103
590.012,tag10303
590.496,tag4768
590.094,tag9892
590.169,tag6553
590.538,tag4808
590.959,tag3288
590.881,tag381
590.368,tag2353
590.110,tag7842
590.208,tag6677
590.453,tag11510
590.822,tag962
590.970,tag7985
590.505,tag5412
590.951,tag7928
590.478,tag11857
590.351,tag4379
590.693,tag7968
590.602,tag9674
590.383,tag8718
590.693,tag1905
590.534,tag3182
590.019,tag10558
590.719,tag763
590.594,tag10471
590.056,tag4867
590.672,tag902
590.552,tag7111
590.664,tag2058
590.061,tag9241
590.989,tag10443
590.328,tag6409
590.584,tag5227
590.041,tag6681
590.345,tag3344
590.961,tag2239
590.187,tag1061
590.139,tag11233
590.461,tag9550
591.247,tag3154
591.064,tag10428
591.020,tag9701
591.077,tag8909
591.954,tag11495
591.403,tag2118
591.301,tag1839
591.467,tag413
591.914,tag8664
591.056,tag256
591.901,tag5454
591.787,tag11861
591.284,tag10721
591.770,tag2312
591.475,tag7837
591.006,tag10894
591.554,tag222
591.484,tag5577
591.834,tag5273
591.915,tag1286
591.813,tag6927
591.011,tag2135
591.090,tag1337
591.487,tag11492
591.830,tag542
591.910,tag7027
591.328,tag5774
591.705,tag6235
591.553,tag9156
591.282,tag3334
591.733,tag6001
591.004,tag4775
591.813,tag2438
591.937,tag10654
591.098,tag8856
591.314,tag1370
591.900,tag5600
591.171,tag10215
591.519,tag7906
591.309,tag5572
592.640,tag3542
592.885,tag11532
592.727,tag11247
592.190,tag4475
592.058,tag3120
592.242,tag5751
592.137,tag611
592.893,tag11721
592.046,tag1381
592.569,tag9555
592.531,tag11531
592.407,tag6733
592.986,tag9007
592.733,tag9704
592.122,tag7398
592.216,tag9804
592.731,tag5134
592.832,tag2222
592.602,tag11170
592.371,tag10575
592.534,tag2844
592.191,tag2267
592.621,tag3352
592.560,tag6669
592.499,tag5736
592.905,tag10770
592.206,tag1690
592.097,tag2711
592.458,tag4695
592.429,tag1619
592.667,tag9654
592.059,tag633
592.139,tag7144
592.562,tag11792
592.464,tag4292
592.125,tag5360
592.907,tag9046
592.272,tag4255
592.717,tag11125
592.492,tag3183
593.826,tag11224
593.409,tag1152
593.391,tag11356
593.283,tag4609
593.650,tag2962
593.831,tag3430
593.915,tag7984
593.505,tag10329
593.024,tag5739
593.283,tag4703
593.844,tag2923
593.129,tag7157
593.529,tag8567
593.269,tag10618
593.381,tag5881
593.267,tag9600
593.075,tag2229
593.371,tag1687
593.121,tag177
593.976,tag5602
593.505,tag1986
593.646,tag10483
593.120,tag3713
593.423,tag10061
593.062,tag5518
593.587,tag2853
593.087,tag3467
593.599,tag6020
593.175,tag5792
593.567,tag85
593.829,tag6616
593.130,tag7402
593.012,tag3795
593.250,tag3579
593.406,tag1167
593.176,tag8051
593.385,tag11990
593.751,tag11142
593.202,tag7369
593.604,tag8114
594.477,tag6092
594.514,tag9
594.382,tag3971
594.501,tag6748
594.298,tag1296
594.211,tag486
594.131,tag1942
594.991,tag2140
594.223,tag9415
594.058,tag156
594.151,tag10714
594.446,tag9546
594.354,tag3079
594.551,tag11004
594.903,tag9829
594.965,tag232
594.641,tag936
594.216,tag3866
594.762,tag309
594.240,tag6631
594.410,tag8569
594.916,tag8083
594.612,tag10524
594.766,tag11819
594.822,tag8781
594.732,tag11863
594.795,tag251
594.706,tag6114
594.231,tag8802
594.461,tag5268
594.621,tag8115
594.413,tag1973
594.084,tag718
594.682,tag46
594.076,tag8133
594.977,tag5822
594.993,tag1231
594.232,tag11114
594.920,tag3247
594.182,tag10048
595.660,tag80
595.233,tag9366
595.207,tag4212
595.169,tag534
595.919,tag7669
595.358,tag735
595.059,tag10069
595.301,tag2985
595.744,tag1158
595.526,tag9340
595.324,tag3421
595.124,tag106
595.326,tag11308
595.556,tag5437
595.390,tag5244
595.680,tag7456
595.340,tag1424
595.741,tag8229
595.562,tag5304
595.769,tag5696
595.258,tag4598
595.621,tag1760
595.438,tag168
595.061,tag2544
595.801,tag7514
595.021,tag11081
595.908,tag6852
595.588,tag8629
595.575,tag6727
595.884,tag10638
595.878,tag822
595.756,tag6718
595.519,tag10733
595.052,tag6553
595.117,tag8966
595.773,tag1059
595.794,tag10522
595.450,tag7006
595.380,tag8864
595.170,tag7435
596.150,tag9241
596.036,tag6843
596.284,tag9251
596.369,tag10066
596.030,tag7451
596.100,tag7142
596.085,tag716
596.883,tag1047
596.100,tag10685
596.594,tag5436
596.783,tag7571
596.604,tag3105
596.756,tag11616
596.605,tag4597
596.275,tag2568
596.368,tag2165
596.458,tag10844
596.520,tag10667
596.610,tag3738
596.787,tag6619
596.494,tag8073
596.500,tag8078
596.762,tag9202
596.258,tag8164
596.247,tag3446
596.054,tag3255
596.604,tag11936
596.859,tag451
596.241,tag11946
596.107,tag5243
596.442,tag7212
596.896,tag964
596.585,tag10144
596.518,tag7846
596.438,tag7348
596.240,tag11650
596.294,tag824
596.492,tag1134
596.752,tag4570
596.330,tag8793
597.490,tag2670
597.432,tag5991
597.286,tag9955
597.002,tag1535
597.070,tag2735
597.753,tag8133
597.889,tag2760
597.869,tag4026
597.121,tag2914
597.311,tag317
597.903,tag11890
597.805,tag4972
597.181,tag7487
597.821,tag386
597.874,tag7101
597.233,tag6962
597.157,tag1081
597.835,tag3014
597.098,tag626
597.100,tag1305
597.830,tag10284
597.480,tag3293
597.521,tag6302
597.185,tag4937
597.308,tag7302
597.152,tag949
597.972,tag6327
597.476,tag1831
597.869,tag3433
597.514,tag9049
597.570,tag9350
597.058,tag6944
597.972,tag11650
597.644,tag2055
597.678,tag9183
597.975,tag2383
597.134,tag496
597.841,tag7646
597.234,tag10548
597.188,tag5859
598.250,tag589
598.489,tag617
598.381,tag9830
598.643,tag3151
598.398,tag11095
598.017,tag64
598.573,tag10749
598.774,tag8216
598.710,tag7143
598.176,tag1130
598.040,tag5276
598.771,tag8797
598.623,tag10833
598.866,tag7272
598.300,tag6970
598.069,tag990
598.113,tag3394
598.681,tag7333
598.951,tag8125
598.898,tag6845
598.202,tag4579
598.251,tag7558
598.974,tag5965
598.132,tag1714
598.565,tag4398
598.180,tag804
598.500,tag11233
598.609,tag552
598.390,tag7565
598.647,tag1441
598.831,tag10173
598.867,tag9240
598.134,tag6954
598.455,tag9959
598.215,tag4364
598.259,tag3637
598.351,tag8673
598.327,tag2175
598.765,tag8116
598.196,tag3083
599.532,tag6151
599.179,tag9661
599.866,tag5014
599.120,tag4982
599.172,tag1876
599.918,tag2564
599.429,tag8657
599.229,tag10659
599.614,tag11353
599.493,tag6897
599.844,tag6720
599.137,tag2419
599.049,tag6607
599.022,tag10444
599.869,tag1033
599.992,tag7334
599.565,tag7307
599.977,tag154
599.359,tag10532
599.510,tag2666
599.733,tag2249
599.630,tag9629
599.815,tag6622
599.440,tag5743
599.707,tag6746
599.425,tag9809
599.877,tag6284
599.514,tag10845
599.825,tag3566
599.590,tag7316
599.948,tag1594
599.567,tag6978
599.253,tag10041
599.017,tag1371
599.368,tag10307
599.156,tag9426
599.049,tag1397
599.203,tag7785
599.030,tag61
599.129,tag1110
