matrix,N,nnz,B,rho,seed,phase,steps,dirty_cols,always_delta_baseline_ms,always_hst_ms,always_hst_patchable_ms,patchable_vs_per_block,patchable_vs_delta_baseline,oracle3_vs_oracle2,router_ms,router_steady_ms,router_steady_vs_csr,router_steady_vs_oracle,breakeven_steps,oracle_ms,oracle_arm,router_vs_csr,oracle_vs_csr,router_vs_oracle,misroute_cost_if_delta_baseline,misroute_cost_if_hst,maxrelerr,churn_model,patchable_splices,patchable_arena_ratio,rows_patchable,router_arm,router_switches,router_tax_ms,ordering,relabel_seed,relabel_relerr,churn_alpha
TSOPF_RS_b39_c30,60098,1079986,8,0.01,17,False,200,256,14.599141,0.468702,0.45427,1.032,32.138,1.032,0.999108,0.439944,33.184,1.065,1,0.468702,hst,14.612,31.148,0.469,31.148,1.0,1.3924108160288588e-16,mix,31,1.027,30268,hst,1,8.529,native,0,0.0,0.0
TSOPF_RS_b39_c30,60098,1079986,8,0.01,18,False,200,256,14.695738,0.423901,0.49493,0.856,29.693,1.0,1.98577,1.516575,9.69,0.28,16,0.423901,hst,7.401,34.668,0.213,34.668,1.0,1.3924108160288588e-16,mix,32,1.019,30612,hst,1,204.561,native,0,0.0,0.0
TSOPF_RS_b39_c30,60098,1079986,8,0.01,19,False,200,256,14.441896,0.426964,0.428033,0.998,33.74,1.0,1.892122,1.216649,11.87,0.351,14,0.426964,hst,7.633,33.825,0.226,33.825,1.0,1.3924108160288588e-16,mix,18,1.01,30574,hst,1,189.646,native,0,0.0,0.0
TSOPF_RS_b39_c30,60098,1079986,8,0.25,17,False,200,256,14.794482,0.463952,0.680941,0.681,21.727,1.0,1.011998,0.468204,31.598,0.991,1,0.463952,hst,14.619,31.888,0.458,31.888,1.0,1.3924108160288588e-16,mix,195,1.126,30586,hst,1,8.125,native,0,0.0,0.0
TSOPF_RS_b39_c30,60098,1079986,8,0.25,18,False,200,256,14.789777,0.464903,0.715614,0.65,20.667,1.0,1.023837,0.469473,31.503,0.99,1,0.464903,hst,14.445,31.813,0.454,31.813,1.0,1.3924108160288588e-16,mix,195,1.172,30366,hst,1,8.266,native,0,0.0,0.0
TSOPF_RS_b39_c30,60098,1079986,8,0.25,19,False,200,256,14.767508,0.440095,0.65999,0.667,22.375,1.0,0.988601,0.436954,33.796,1.007,1,0.440095,hst,14.938,33.555,0.445,33.555,1.0,1.3924108160288588e-16,mix,164,1.075,30556,hst,1,8.191,native,0,0.0,0.0
TSOPF_RS_b162_c3,15374,610299,8,0.01,17,False,200,256,8.832723,0.274059,0.27439,0.999,32.19,1.0,0.592365,0.275984,32.004,0.993,1,0.274059,hst,14.911,32.229,0.463,32.229,1.0,1.2582477660838618e-16,mix,84,1.097,8154,hst,1,4.294,native,0,0.0,0.0
TSOPF_RS_b162_c3,15374,610299,8,0.01,18,False,200,256,8.616452,0.270528,0.271449,0.997,31.742,1.0,0.600481,0.275448,31.282,0.982,1,0.270528,hst,14.349,31.851,0.451,31.851,1.0,1.2582477660838618e-16,mix,77,1.081,8165,hst,1,4.369,native,0,0.0,0.0
TSOPF_RS_b162_c3,15374,610299,8,0.01,19,False,200,256,8.625067,0.268581,0.274851,0.977,31.381,1.0,0.591975,0.273174,31.573,0.983,1,0.268581,hst,14.57,32.113,0.454,32.113,1.0,1.2582477660838618e-16,mix,78,1.12,8156,hst,1,4.348,native,0,0.0,0.0
TSOPF_RS_b162_c3,15374,610299,8,0.25,17,False,200,256,8.831107,0.301306,0.506511,0.595,17.435,1.0,0.634861,0.304183,29.032,0.991,1,0.301306,hst,13.91,29.309,0.475,29.309,1.0,1.2582477660838618e-16,mix,199,1.849,8184,hst,1,4.569,native,0,0.0,0.0
TSOPF_RS_b162_c3,15374,610299,8,0.25,18,False,200,256,8.928379,0.299595,0.44896,0.667,19.887,1.0,0.62992,0.303672,29.401,0.987,1,0.299595,hst,14.174,29.802,0.476,29.802,1.0,1.2582477660838618e-16,mix,199,1.862,8145,hst,1,4.345,native,0,0.0,0.0
TSOPF_RS_b162_c3,15374,610299,8,0.25,19,False,200,256,9.036949,0.303168,0.505978,0.599,17.86,1.0,0.63621,0.30525,29.605,0.993,1,0.303168,hst,14.204,29.808,0.477,29.808,1.0,1.2582477660838618e-16,mix,199,2.005,8315,hst,1,4.457,native,0,0.0,0.0
TSOPF_RS_b300_c1,14538,1474325,8,0.01,17,False,200,256,18.668684,0.653925,0.792299,0.825,23.563,1.0,1.448514,0.666877,27.994,0.981,1,0.653925,hst,12.888,28.549,0.451,28.549,1.0,1.1112960972222602e-16,mix,135,1.239,7986,hst,1,9.387,native,0,0.0,0.0
TSOPF_RS_b300_c1,14538,1474325,8,0.01,18,False,200,256,16.764675,0.681226,0.841605,0.809,19.92,1.0,1.496833,0.685019,24.473,0.994,1,0.681226,hst,11.2,24.61,0.455,24.61,1.0,1.1112960972222602e-16,mix,149,1.336,8025,hst,1,9.928,native,0,0.0,0.0
TSOPF_RS_b300_c1,14538,1474325,8,0.01,19,False,200,256,16.000139,0.660809,0.81724,0.809,19.578,1.0,1.450866,0.654091,24.462,1.01,1,0.660809,hst,11.028,24.213,0.455,24.213,1.0,1.1112960972222602e-16,mix,126,1.463,7940,hst,1,9.682,native,0,0.0,0.0
TSOPF_RS_b300_c1,14538,1474325,8,0.25,17,False,200,256,22.052499,0.702236,1.311649,0.535,16.813,1.0,1.485418,0.697022,31.638,1.007,0,0.702236,hst,14.846,31.403,0.473,31.403,1.0,1.1112960972222602e-16,mix,199,3.863,7775,hst,1,9.901,native,0,0.0,0.0
TSOPF_RS_b300_c1,14538,1474325,8,0.25,18,False,200,256,22.276562,0.699466,1.331834,0.525,16.726,1.0,1.515153,0.692364,32.175,1.01,0,0.699466,hst,14.703,31.848,0.462,31.848,1.0,1.1112960972222602e-16,mix,199,4.221,7836,hst,1,10.244,native,0,0.0,0.0
TSOPF_RS_b300_c1,14538,1474325,8,0.25,19,False,200,256,9.294801,0.343195,0.639513,0.537,14.534,1.0,1.111059,0.283875,32.743,1.209,1,0.343195,hst,8.366,27.083,0.309,27.083,1.0,1.1112960972222602e-16,mix,197,1.509,717,hst,1,10.424,native,0,0.0,0.0
case9,14454,147972,8,0.01,17,False,200,256,1.257695,0.09789,0.106279,0.921,11.834,1.0,0.14362,0.099067,12.695,0.988,1,0.09789,hst,8.757,12.848,0.682,12.848,1.0,1.8253563338087409e-16,mix,127,1.446,7757,hst,1,1.306,native,0,0.0,0.0
case9,14454,147972,8,0.01,18,False,200,256,1.275048,0.115394,0.146369,0.788,8.711,1.0,0.165615,0.11957,10.664,0.965,1,0.115394,hst,7.699,11.05,0.697,11.05,1.0,1.6384614607668743e-15,mix,166,1.892,8132,hst,1,1.382,native,0,0.0,0.0
case9,14454,147972,8,0.01,19,False,200,256,1.238758,0.092789,0.109829,0.845,11.279,1.0,0.144442,0.097529,12.701,0.951,1,0.092789,hst,8.576,13.35,0.642,13.35,1.0,1.8253563338087409e-16,mix,116,1.385,7768,hst,1,1.365,native,0,0.0,0.0
case9,14454,147972,8,0.25,17,False,200,256,1.289133,0.108977,0.212859,0.512,6.056,1.0,0.16161,0.112764,11.432,0.966,1,0.108977,hst,7.977,11.829,0.674,11.829,1.0,1.8253563338087409e-16,mix,199,2.636,7692,hst,1,1.401,native,0,0.0,0.0
case9,14454,147972,8,0.25,18,False,200,256,1.2918,0.111798,0.227306,0.492,5.683,1.0,0.163709,0.114062,11.325,0.98,1,0.111798,hst,7.891,11.555,0.683,11.555,1.0,1.6384614607668743e-15,mix,199,3.509,7776,hst,1,1.462,native,0,0.0,0.0
case9,14454,147972,8,0.25,19,False,200,256,1.293166,0.108323,0.21234,0.51,6.09,1.0,0.161619,0.111923,11.554,0.968,1,0.108323,hst,8.001,11.938,0.67,11.938,1.0,1.8253563338087409e-16,mix,199,2.586,7694,hst,1,1.38,native,0,0.0,0.0
bcspwr09,1723,6511,8,0.01,17,False,200,256,0.0828,0.051915,0.060367,0.86,1.372,1.0,0.084925,0.05894,1.405,0.881,121,0.051915,hst,0.975,1.595,0.611,1.595,1.0,3.3992994908668667e-16,mix,168,2.681,1566,hst,1,2.892,native,0,0.0,0.0
bcspwr09,1723,6511,8,0.01,18,False,200,256,0.080566,0.049538,0.058065,0.853,1.387,1.0,0.082461,0.057449,1.402,0.862,119,0.049538,hst,0.977,1.626,0.601,1.626,1.0,1.860896069197576e-16,mix,159,2.589,1578,hst,1,2.753,native,0,0.0,0.0
bcspwr09,1723,6511,8,0.01,19,False,200,256,0.079034,0.048305,0.056411,0.856,1.401,1.0,0.081329,0.05664,1.395,0.853,117,0.048305,hst,0.972,1.636,0.594,1.636,1.0,1.4472386138826977e-16,mix,160,2.589,1580,hst,1,2.619,native,0,0.0,0.0
bcspwr09,1723,6511,8,0.25,17,False,200,256,0.090882,0.059755,0.173515,0.344,0.524,1.0,0.094946,0.067796,1.341,0.881,134,0.059755,hst,0.957,1.521,0.629,1.521,1.0,3.3992994908668667e-16,mix,199,2.24,1587,hst,1,3.1,native,0,0.0,0.0
bcspwr09,1723,6511,8,0.25,18,False,200,256,0.089841,0.059899,0.171074,0.35,0.525,1.0,0.094948,0.067834,1.324,0.883,144,0.059899,hst,0.946,1.5,0.631,1.5,1.0,1.860896069197576e-16,mix,199,3.223,1528,hst,1,3.161,native,0,0.0,0.0
bcspwr09,1723,6511,8,0.25,19,False,200,256,0.091578,0.059112,0.170022,0.348,0.539,1.0,0.094253,0.067269,1.361,0.879,129,0.059112,hst,0.972,1.549,0.627,1.549,1.0,1.4472386138826977e-16,mix,199,2.717,1543,hst,1,3.125,native,0,0.0,0.0
bcspwr10,5300,21842,8,0.01,17,False,200,256,0.087528,0.071492,0.126506,0.565,0.692,1.0,0.110215,0.079909,1.095,0.895,521,0.071492,hst,0.794,1.224,0.649,1.224,1.0,1.871280638170483e-16,mix,196,4.761,3704,hst,1,3.973,native,0,0.0,0.0
bcspwr10,5300,21842,8,0.01,18,False,200,256,0.090004,0.074837,0.136489,0.548,0.659,1.0,0.114205,0.083843,1.073,0.893,665,0.074837,hst,0.788,1.203,0.655,1.203,1.0,3.513861746800697e-16,mix,199,4.721,3925,hst,1,4.099,native,0,0.0,0.0
bcspwr10,5300,21842,8,0.01,19,False,200,256,0.086972,0.071944,0.119472,0.602,0.728,1.0,0.110124,0.080397,1.082,0.895,604,0.071944,hst,0.79,1.209,0.653,1.209,1.0,2.258919437555397e-16,mix,197,4.482,3513,hst,1,3.969,native,0,0.0,0.0
bcspwr10,5300,21842,8,0.25,17,False,200,256,0.096632,0.088361,0.452794,0.195,0.213,1.0,0.128758,0.098126,0.985,0.9,,0.088361,hst,0.75,1.094,0.686,1.094,1.0,1.871280638170483e-16,mix,199,2.861,3810,hst,1,4.438,native,0,0.0,0.0
bcspwr10,5300,21842,8,0.25,18,False,200,256,0.099783,0.086342,0.454289,0.19,0.22,1.0,0.127377,0.096204,1.037,0.897,1240,0.086342,hst,0.783,1.156,0.678,1.156,1.0,3.513861746800697e-16,mix,199,6.107,3891,hst,1,4.439,native,0,0.0,0.0
bcspwr10,5300,21842,8,0.25,19,False,200,256,0.095359,0.085627,0.43504,0.197,0.219,1.0,0.126962,0.096576,0.987,0.887,,0.085627,hst,0.751,1.114,0.674,1.114,1.0,2.258919437555397e-16,mix,199,1.0,3764,hst,1,4.414,native,0,0.0,0.0
scircuit,170998,958936,8,0.01,17,False,200,256,0.19289,0.197476,0.084188,2.346,2.291,2.291,0.260846,0.109587,1.76,1.76,284,0.19289,delta_baseline,0.739,1.0,0.739,1.0,1.024,2.6050372849850016e-16,mix,107,1.31,2307,hst,1,23.683,native,0,0.0,0.0
scircuit,170998,958936,8,0.01,18,False,200,256,0.11849,0.064057,0.04963,1.291,2.387,1.291,0.230628,0.086924,1.363,0.737,742,0.064057,hst,0.514,1.85,0.278,1.85,1.0,2.0386846321125864e-16,mix,76,2.376,925,hst,1,23.421,native,0,0.0,0.0
scircuit,170998,958936,8,0.01,19,False,200,256,0.219882,0.126156,0.141436,0.892,1.555,1.0,0.314549,0.149683,1.469,0.843,381,0.126156,hst,0.699,1.743,0.401,1.743,1.0,1.8803246323926756e-16,mix,175,3.835,3510,hst,1,26.719,native,0,0.0,0.0
scircuit,170998,958936,8,0.25,17,False,200,256,0.23004,0.165898,0.482012,0.344,0.477,1.0,0.342934,0.182959,1.257,0.907,569,0.165898,hst,0.671,1.387,0.484,1.387,1.0,2.6050372849850016e-16,mix,199,3.408,5498,hst,1,26.804,native,0,0.0,0.0
scircuit,170998,958936,8,0.25,18,False,200,256,0.137223,0.102425,0.148597,0.689,0.923,1.0,0.26907,0.125728,1.091,0.815,2134,0.102425,hst,0.51,1.34,0.381,1.34,1.0,2.0386846321125864e-16,mix,199,1.0,1451,hst,1,24.528,native,0,0.0,0.0
scircuit,170998,958936,8,0.25,19,False,200,256,0.232737,0.162671,0.485824,0.335,0.479,1.0,0.335792,0.178491,1.304,0.911,526,0.162671,hst,0.693,1.431,0.484,1.431,1.0,1.8803246323926756e-16,mix,199,5.216,3721,hst,1,28.544,native,0,0.0,0.0
memplus,17758,99147,8,0.01,17,False,200,256,0.7967,0.096999,0.116497,0.833,6.839,1.0,0.13457,0.097406,8.179,0.996,2,0.096999,hst,5.92,8.214,0.721,8.214,1.0,3.582437197197559e-16,mix,127,1.981,8218,hst,1,1.208,native,0,0.0,0.0
memplus,17758,99147,8,0.01,18,False,200,256,0.8517,0.097229,0.119448,0.814,7.13,1.0,0.137647,0.100291,8.492,0.969,2,0.097229,hst,6.188,8.76,0.706,8.76,1.0,3.582443742956908e-16,mix,134,2.086,8635,hst,1,1.236,native,0,0.0,0.0
memplus,17758,99147,8,0.01,19,False,200,256,0.877707,0.092134,0.113846,0.809,7.71,1.0,0.129603,0.096197,9.124,0.958,1,0.092134,hst,6.772,9.526,0.711,9.526,1.0,4.41481093913526e-16,mix,139,2.377,8286,hst,1,1.141,native,0,0.0,0.0
memplus,17758,99147,8,0.25,17,False,200,256,0.791771,0.129442,0.380612,0.34,2.08,1.0,0.16231,0.127121,6.228,1.018,2,0.129442,hst,4.878,6.117,0.797,6.117,1.0,3.582437197197559e-16,mix,199,4.425,9566,hst,1,1.3,native,0,0.0,0.0
memplus,17758,99147,8,0.25,18,False,200,256,0.834268,0.132045,0.468606,0.282,1.78,1.0,0.168957,0.133811,6.235,0.987,2,0.132045,hst,4.938,6.318,0.782,6.318,1.0,3.582443742956908e-16,mix,199,4.227,9262,hst,1,1.283,native,0,0.0,0.0
memplus,17758,99147,8,0.25,19,False,200,256,0.793137,0.124147,0.379668,0.327,2.089,1.0,0.158346,0.126339,6.278,0.983,2,0.124147,hst,5.009,6.389,0.784,6.389,1.0,4.41481093913526e-16,mix,199,5.025,9286,hst,1,1.254,native,0,0.0,0.0
add32,4960,19848,8,0.01,17,False,200,256,0.076954,0.022586,0.01965,1.149,3.916,1.149,0.031869,0.023666,3.252,0.954,10,0.022586,hst,2.415,3.407,0.709,3.407,1.0,1.834572946307244e-16,mix,29,1.73,645,hst,1,0.529,native,0,0.0,0.0
add32,4960,19848,8,0.01,18,False,200,256,0.075845,0.020525,0.018237,1.126,4.159,1.126,0.032167,0.025411,2.985,0.808,24,0.020525,hst,2.358,3.695,0.638,3.695,1.0,3.8969112366871195e-16,mix,15,1.475,567,hst,1,1.22,native,0,0.0,0.0
add32,4960,19848,8,0.01,19,False,200,256,0.074188,0.020459,0.017909,1.142,4.142,1.142,0.028359,0.022402,3.312,0.913,7,0.020459,hst,2.616,3.626,0.721,3.626,1.0,1.440904858629578e-16,mix,26,1.83,499,hst,1,0.381,native,0,0.0,0.0
add32,4960,19848,8,0.25,17,False,200,256,0.081401,0.044082,0.054452,0.81,1.495,1.0,0.082501,0.063064,1.291,0.699,233,0.044082,hst,0.987,1.847,0.534,1.847,1.0,1.834572946307244e-16,mix,188,2.044,901,hst,1,4.273,native,0,0.0,0.0
add32,4960,19848,8,0.25,18,False,200,256,0.081069,0.044535,0.054953,0.81,1.475,1.0,0.078376,0.052956,1.531,0.841,94,0.044535,hst,1.034,1.82,0.568,1.82,1.0,3.8969112366871195e-16,mix,194,3.289,1078,hst,1,2.653,native,0,0.0,0.0
add32,4960,19848,8,0.25,19,False,200,256,0.078913,0.038016,0.038961,0.976,2.025,1.0,0.048672,0.044229,1.784,0.86,20,0.038016,hst,1.621,2.076,0.781,2.076,1.0,1.440904858629578e-16,mix,170,1.995,724,hst,1,0.709,native,0,0.0,0.0
circuit_3,12127,48137,8,0.01,17,False,200,256,0.361303,0.070189,0.087555,0.802,4.127,1.0,0.146836,0.079962,4.518,0.878,17,0.070189,hst,2.461,5.148,0.478,5.148,1.0,6.734179160610594e-16,mix,142,1.978,6535,hst,1,4.914,native,0,0.0,0.0
circuit_3,12127,48137,8,0.01,18,False,200,256,0.319775,0.066997,0.09741,0.688,3.283,1.0,0.119108,0.071239,4.489,0.94,13,0.066997,hst,2.685,4.773,0.562,4.773,1.0,6.734177751265342e-16,mix,141,5.382,6722,hst,1,3.114,native,0,0.0,0.0
circuit_3,12127,48137,8,0.01,19,False,200,256,0.355136,0.069843,0.089104,0.784,3.986,1.0,0.090043,0.072293,4.912,0.966,3,0.069843,hst,3.944,5.085,0.776,5.085,1.0,1.38110199246993e-16,mix,142,1.999,6867,hst,1,0.871,native,0,0.0,0.0
circuit_3,12127,48137,8,0.25,17,False,200,256,0.391653,0.092588,0.24969,0.371,1.569,1.0,0.118459,0.100865,3.883,0.918,3,0.092588,hst,3.306,4.23,0.782,4.23,1.0,6.734179160610594e-16,mix,199,2.69,6990,hst,1,0.953,native,0,0.0,0.0
circuit_3,12127,48137,8,0.25,18,False,200,256,0.399823,0.089152,0.234011,0.381,1.709,1.0,0.115711,0.094712,4.221,0.941,4,0.089152,hst,3.455,4.485,0.77,4.485,1.0,6.734177751265342e-16,mix,199,2.164,7162,hst,1,1.372,native,0,0.0,0.0
circuit_3,12127,48137,8,0.25,19,False,200,256,0.392614,0.100361,0.269069,0.373,1.459,1.0,0.121518,0.100373,3.912,1.0,3,0.100361,hst,3.231,3.912,0.826,3.912,1.0,1.38110199246993e-16,mix,199,2.913,7452,hst,1,0.983,native,0,0.0,0.0
rajat03,7602,32653,8,0.01,17,False,200,256,0.076812,0.038305,0.035227,1.087,2.181,1.087,0.070715,0.045816,1.677,0.836,79,0.038305,hst,1.086,2.005,0.542,2.005,1.0,1.5389215321852664e-16,mix,107,2.969,1151,hst,1,2.448,native,0,0.0,0.0
rajat03,7602,32653,8,0.01,18,False,200,256,0.076925,0.030897,0.028282,1.092,2.72,1.092,0.064055,0.038554,1.995,0.801,60,0.030897,hst,1.201,2.49,0.482,2.49,1.0,1.5443765292083486e-16,mix,75,2.549,1015,hst,1,2.3,native,0,0.0,0.0
rajat03,7602,32653,8,0.01,19,False,200,256,0.075906,0.030454,0.027886,1.092,2.722,1.092,0.062309,0.037554,2.021,0.811,57,0.030454,hst,1.218,2.492,0.489,2.492,1.0,1.5991248545154193e-16,mix,74,2.817,893,hst,1,2.195,native,0,0.0,0.0
rajat03,7602,32653,8,0.25,17,False,200,256,0.0789,0.060199,0.142167,0.423,0.555,1.0,0.095582,0.06945,1.136,0.867,344,0.060199,hst,0.825,1.311,0.63,1.311,1.0,1.5389215321852664e-16,mix,199,1.427,1752,hst,1,3.253,native,0,0.0,0.0
rajat03,7602,32653,8,0.25,18,False,200,256,0.079254,0.060392,0.136658,0.442,0.58,1.0,0.095407,0.06902,1.148,0.875,306,0.060392,hst,0.831,1.312,0.633,1.312,1.0,1.5443765292083486e-16,mix,199,2.895,1591,hst,1,3.128,native,0,0.0,0.0
rajat03,7602,32653,8,0.25,19,False,200,256,0.079916,0.058452,0.122671,0.476,0.651,1.0,0.094931,0.068928,1.159,0.848,285,0.058452,hst,0.842,1.367,0.616,1.367,1.0,1.5991248545154193e-16,mix,199,3.928,1577,hst,1,3.126,native,0,0.0,0.0
wang3,26064,177168,8,0.01,17,False,200,256,0.112677,0.065944,0.066805,0.987,1.687,1.0,0.111515,0.072795,1.548,0.906,118,0.065944,hst,1.01,1.709,0.591,1.709,1.0,1.1305705384438466e-16,mix,152,3.416,2106,hst,1,4.694,native,0,0.0,0.0
wang3,26064,177168,8,0.01,18,False,200,256,0.111463,0.057512,0.058355,0.986,1.91,1.0,0.105681,0.069639,1.601,0.826,100,0.057512,hst,1.055,1.938,0.544,1.938,1.0,2.415345571415648e-16,mix,129,3.068,1902,hst,1,4.171,native,0,0.0,0.0
wang3,26064,177168,8,0.01,19,False,200,256,0.10962,0.051999,0.048144,1.08,2.277,1.08,0.097014,0.060975,1.798,0.853,85,0.051999,hst,1.13,2.108,0.536,2.108,1.0,1.1119305929315413e-16,mix,109,2.821,1540,hst,1,4.111,native,0,0.0,0.0
wang3,26064,177168,8,0.25,17,False,200,256,0.114196,0.101446,0.280353,0.362,0.407,1.0,0.143425,0.105007,1.088,0.966,615,0.101446,hst,0.796,1.126,0.707,1.126,1.0,1.1305705384438466e-16,mix,199,5.266,3203,hst,1,5.654,native,0,0.0,0.0
wang3,26064,177168,8,0.25,18,False,200,256,0.11373,0.094717,0.265818,0.356,0.428,1.0,0.140793,0.103494,1.099,0.915,530,0.094717,hst,0.808,1.201,0.673,1.201,1.0,2.415345571415648e-16,mix,199,4.274,2905,hst,1,5.423,native,0,0.0,0.0
wang3,26064,177168,8,0.25,19,False,200,256,0.112875,0.097058,0.271531,0.357,0.416,1.0,0.141425,0.104517,1.08,0.929,639,0.097058,hst,0.798,1.163,0.686,1.163,1.0,1.1119305929315413e-16,mix,199,3.776,3173,hst,1,5.344,native,0,0.0,0.0
ct20stif,52329,2600295,8,0.01,17,False,200,256,0.759833,0.088611,0.084106,1.054,9.034,1.054,0.117322,0.086248,8.81,1.027,2,0.088611,hst,6.476,8.575,0.755,8.575,1.0,3.403944480715774e-16,mix,74,2.42,2354,hst,1,1.35,native,0,0.0,0.0
ct20stif,52329,2600295,8,0.01,18,False,200,256,0.48488,0.045541,0.042317,1.076,11.458,1.076,0.072736,0.048876,9.921,0.932,3,0.045541,hst,6.666,10.647,0.626,10.647,1.0,3.351339203340676e-16,mix,22,1.837,890,hst,1,1.154,native,0,0.0,0.0
ct20stif,52329,2600295,8,0.01,19,False,200,256,0.606518,0.069121,0.073863,0.936,8.211,1.0,0.100483,0.074101,8.185,0.933,2,0.069121,hst,6.036,8.775,0.688,8.775,1.0,2.600013994931016e-16,mix,71,2.395,1542,hst,1,1.231,native,0,0.0,0.0
ct20stif,52329,2600295,8,0.25,17,False,200,256,0.778126,0.131358,0.332578,0.395,2.34,1.0,0.159649,0.127197,6.117,1.033,2,0.131358,hst,4.874,5.924,0.823,5.924,1.0,3.403944480715774e-16,mix,199,2.24,3014,hst,1,1.48,native,0,0.0,0.0
ct20stif,52329,2600295,8,0.25,18,False,200,256,0.531376,0.101155,0.197267,0.513,2.694,1.0,0.134586,0.106295,4.999,0.952,4,0.101155,hst,3.948,5.253,0.752,5.253,1.0,3.351339203340676e-16,mix,198,3.347,2070,hst,1,1.866,native,0,0.0,0.0
ct20stif,52329,2600295,8,0.25,19,False,200,256,0.666509,0.114327,0.255933,0.447,2.604,1.0,0.140014,0.113217,5.887,1.01,3,0.114327,hst,4.76,5.83,0.817,5.83,1.0,2.600013994931016e-16,mix,199,1.0,2332,hst,1,1.424,native,0,0.0,0.0
bcsstk18,11948,149090,8,0.01,17,False,200,256,0.25948,0.063187,0.059141,1.068,4.387,1.068,0.075609,0.064885,3.999,0.974,3,0.063187,hst,3.432,4.107,0.836,4.107,1.0,8.625236741385534e-17,mix,103,2.471,1550,hst,1,0.608,native,0,0.0,0.0
bcsstk18,11948,149090,8,0.01,18,False,200,256,0.239918,0.055019,0.051283,1.073,4.678,1.073,0.085716,0.057197,4.195,0.962,10,0.055019,hst,2.799,4.361,0.642,4.361,1.0,1.7955529896133775e-16,mix,92,2.444,1410,hst,1,1.773,native,0,0.0,0.0
bcsstk18,11948,149090,8,0.01,19,False,200,256,0.204933,0.060303,0.059134,1.02,3.466,1.02,0.119934,0.071038,2.885,0.849,30,0.060303,hst,1.709,3.398,0.503,3.398,1.0,1.3804959837172369e-16,mix,115,3.002,1955,hst,1,4.021,native,0,0.0,0.0
bcsstk18,11948,149090,8,0.25,17,False,200,256,0.29024,0.110383,0.283193,0.39,1.025,1.0,0.181391,0.120411,2.41,0.917,33,0.110383,hst,1.6,2.629,0.609,2.629,1.0,8.625236741385534e-17,mix,199,4.752,1919,hst,1,5.617,native,0,0.0,0.0
bcsstk18,11948,149090,8,0.25,18,False,200,256,0.277772,0.10307,0.258633,0.399,1.074,1.0,0.175049,0.116911,2.376,0.882,31,0.10307,hst,1.587,2.695,0.589,2.695,1.0,1.7955529896133775e-16,mix,199,3.11,1983,hst,1,5.044,native,0,0.0,0.0
bcsstk18,11948,149090,8,0.25,19,False,200,256,0.282647,0.113629,0.294337,0.386,0.96,1.0,0.183462,0.126802,2.229,0.896,34,0.113629,hst,1.541,2.487,0.619,2.487,1.0,1.3804959837172369e-16,mix,199,1.384,1729,hst,1,5.364,native,0,0.0,0.0
bcsstk25,15439,252241,8,0.01,17,False,200,256,0.277746,0.057319,0.051316,1.117,5.412,1.117,0.071241,0.05805,4.785,0.987,3,0.057319,hst,3.899,4.846,0.805,4.846,1.0,1.4310126622262146e-16,mix,90,2.545,1309,hst,1,0.655,native,0,0.0,0.0
bcsstk25,15439,252241,8,0.01,18,False,200,256,0.280918,0.052923,0.048885,1.083,5.746,1.083,0.068498,0.057291,4.903,0.924,3,0.052923,hst,4.101,5.308,0.773,5.308,1.0,2.218697631478781e-16,mix,77,2.475,1105,hst,1,0.613,native,0,0.0,0.0
bcsstk25,15439,252241,8,0.01,19,False,200,256,0.255435,0.075534,0.06864,1.1,3.721,1.1,0.143981,0.088046,2.901,0.858,27,0.075534,hst,1.774,3.382,0.525,3.382,1.0,9.427442670147338e-17,mix,125,2.628,1815,hst,1,4.505,native,0,0.0,0.0
bcsstk25,15439,252241,8,0.25,17,False,200,256,0.279546,0.095204,0.217373,0.438,1.286,1.0,0.16771,0.105389,2.653,0.903,31,0.095204,hst,1.667,2.936,0.568,2.936,1.0,1.4310126622262146e-16,mix,199,4.249,1901,hst,1,5.344,native,0,0.0,0.0
bcsstk25,15439,252241,8,0.25,18,False,200,256,0.291751,0.092125,0.188853,0.488,1.545,1.0,0.106297,0.095262,3.063,0.967,3,0.092125,hst,2.745,3.167,0.867,3.167,1.0,2.218697631478781e-16,mix,199,3.38,1560,hst,1,0.682,native,0,0.0,0.0
bcsstk25,15439,252241,8,0.25,19,False,200,256,0.286705,0.096019,0.229472,0.418,1.249,1.0,0.172125,0.106582,2.69,0.901,31,0.096019,hst,1.666,2.986,0.558,2.986,1.0,9.427442670147338e-17,mix,199,1.216,2139,hst,1,5.613,native,0,0.0,0.0
msc10848,10848,1229776,8,0.01,17,False,200,256,1.45204,0.146453,0.175772,0.833,8.261,1.0,0.199602,0.146003,9.945,1.003,1,0.146453,hst,7.275,9.915,0.734,9.915,1.0,3.632031213502581e-16,mix,90,3.072,5466,hst,1,1.251,native,0,0.0,0.0
msc10848,10848,1229776,8,0.01,18,False,200,256,1.35476,0.145141,0.167008,0.869,8.112,1.0,0.210447,0.153837,8.806,0.943,1,0.145141,hst,6.438,9.334,0.69,9.334,1.0,6.160502327889403e-16,mix,94,2.799,5124,hst,1,1.308,native,0,0.0,0.0
msc10848,10848,1229776,8,0.01,19,False,200,256,1.503157,0.143963,0.172662,0.834,8.706,1.0,0.208565,0.149454,10.058,0.963,1,0.143963,hst,7.207,10.441,0.69,10.441,1.0,4.460432847857754e-16,mix,87,2.604,4863,hst,1,1.316,native,0,0.0,0.0
msc10848,10848,1229776,8,0.25,17,False,200,256,1.509634,0.193776,0.685641,0.283,2.202,1.0,0.241535,0.180095,8.382,1.076,1,0.193776,hst,6.25,7.791,0.802,7.791,1.0,3.632031213502581e-16,mix,198,4.1,4512,hst,1,1.516,native,0,0.0,0.0
msc10848,10848,1229776,8,0.25,18,False,200,256,1.445219,0.175801,0.551469,0.319,2.621,1.0,0.229397,0.165907,8.711,1.06,1,0.175801,hst,6.3,8.221,0.766,8.221,1.0,6.160502327889403e-16,mix,199,3.682,4104,hst,1,1.39,native,0,0.0,0.0
msc10848,10848,1229776,8,0.25,19,False,200,256,1.450332,0.158507,0.513336,0.309,2.825,1.0,0.222992,0.157163,9.228,1.009,1,0.158507,hst,6.504,9.15,0.711,9.15,1.0,4.460432847857754e-16,mix,199,3.094,3810,hst,1,1.512,native,0,0.0,0.0
nasa2910,2910,174296,8,0.01,17,False,200,256,1.069825,0.11174,0.110183,1.014,9.71,1.014,0.157294,0.118725,9.011,0.941,1,0.11174,hst,6.801,9.574,0.71,9.574,1.0,2.8038709295888876e-16,mix,75,2.369,1523,hst,1,1.12,native,0,0.0,0.0
nasa2910,2910,174296,8,0.01,18,False,200,256,1.045347,0.089816,0.095226,0.943,10.978,1.0,0.15678,0.097114,10.764,0.925,6,0.089816,hst,6.668,11.639,0.573,11.639,1.0,3.799423773445064e-16,mix,48,2.186,1660,hst,1,5.322,native,0,0.0,0.0
nasa2910,2910,174296,8,0.01,19,False,200,256,1.032009,0.095097,0.096838,0.982,10.657,1.0,0.142279,0.099972,10.323,0.951,1,0.095097,hst,7.253,10.852,0.668,10.852,1.0,3.9854920332226225e-16,mix,60,2.369,1082,hst,1,0.997,native,0,0.0,0.0
nasa2910,2910,174296,8,0.25,17,False,200,256,1.040987,0.155446,0.319054,0.487,3.263,1.0,0.203129,0.158464,6.569,0.981,2,0.155446,hst,5.125,6.697,0.765,6.697,1.0,2.8038709295888876e-16,mix,199,3.822,1355,hst,1,1.35,native,0,0.0,0.0
nasa2910,2910,174296,8,0.25,18,False,200,256,1.017675,0.144632,0.302131,0.479,3.368,1.0,0.192798,0.154976,6.567,0.933,1,0.144632,hst,5.278,7.036,0.75,7.036,1.0,3.799423773445064e-16,mix,198,4.173,1056,hst,1,1.125,native,0,0.0,0.0
nasa2910,2910,174296,8,0.25,19,False,200,256,1.010112,0.141538,0.27615,0.513,3.658,1.0,0.193445,0.150954,6.692,0.938,1,0.141538,hst,5.222,7.137,0.732,7.137,1.0,3.9854920332226225e-16,mix,199,4.249,1132,hst,1,1.259,native,0,0.0,0.0
s3rmt3m3,5357,207123,8,0.01,17,False,200,256,0.611086,0.087043,0.078265,1.112,7.808,1.112,0.116084,0.091984,6.643,0.946,2,0.087043,hst,5.264,7.021,0.75,7.021,1.0,4.0558810500666957e-16,mix,72,2.539,954,hst,1,0.846,native,0,0.0,0.0
s3rmt3m3,5357,207123,8,0.01,18,False,200,256,0.561068,0.062173,0.05825,1.067,9.632,1.067,0.091872,0.066743,8.406,0.932,2,0.062173,hst,6.107,9.024,0.677,9.024,1.0,4.602754019127631e-16,mix,36,1.898,711,hst,1,0.856,native,0,0.0,0.0
s3rmt3m3,5357,207123,8,0.01,19,False,200,256,0.624243,0.079719,0.075301,1.059,8.29,1.059,0.108537,0.085624,7.291,0.931,2,0.079719,hst,5.751,7.831,0.734,7.831,1.0,3.6103403035014226e-16,mix,64,2.156,1014,hst,1,0.815,native,0,0.0,0.0
s3rmt3m3,5357,207123,8,0.25,17,False,200,256,0.603027,0.120662,0.178841,0.675,3.372,1.0,0.153068,0.128661,4.687,0.938,2,0.120662,hst,3.94,4.998,0.788,4.998,1.0,4.0558810500666957e-16,mix,199,2.168,1188,hst,1,0.977,native,0,0.0,0.0
s3rmt3m3,5357,207123,8,0.25,18,False,200,256,0.596528,0.119061,0.176682,0.674,3.376,1.0,0.181376,0.165035,3.615,0.721,2,0.119061,hst,3.289,5.01,0.656,5.01,1.0,4.602754019127631e-16,mix,198,2.035,855,hst,1,0.93,native,0,0.0,0.0
s3rmt3m3,5357,207123,8,0.25,19,False,200,256,0.59946,0.118454,0.173411,0.683,3.457,1.0,0.151588,0.126587,4.736,0.936,2,0.118454,hst,3.955,5.061,0.781,5.061,1.0,3.6103403035014226e-16,mix,199,3.3,708,hst,1,0.97,native,0,0.0,0.0
olafu,16146,1015156,8,0.01,17,False,200,256,0.726237,0.085788,0.082063,1.045,8.85,1.045,0.11364,0.085551,8.489,1.003,1,0.085788,hst,6.391,8.466,0.755,8.466,1.0,5.582074938205133e-16,mix,70,2.463,1295,hst,1,0.924,native,0,0.0,0.0
olafu,16146,1015156,8,0.01,18,False,200,256,0.622428,0.070606,0.067781,1.042,9.183,1.042,0.096889,0.073644,8.452,0.959,1,0.070606,hst,6.424,8.816,0.729,8.816,1.0,6.4036469396236e-16,mix,59,2.065,1354,hst,1,0.769,native,0,0.0,0.0
olafu,16146,1015156,8,0.01,19,False,200,256,0.64581,0.093409,0.096182,0.971,6.714,1.0,0.120936,0.096342,6.703,0.97,2,0.093409,hst,5.34,6.914,0.772,6.914,1.0,4.864534386882603e-16,mix,80,2.487,1563,hst,1,0.921,native,0,0.0,0.0
olafu,16146,1015156,8,0.25,17,False,200,256,0.827426,0.121752,0.278071,0.438,2.976,1.0,0.147624,0.119756,6.909,1.017,1,0.121752,hst,5.605,6.796,0.825,6.796,1.0,5.582074938205133e-16,mix,199,2.564,1678,hst,1,0.982,native,0,0.0,0.0
olafu,16146,1015156,8,0.25,18,False,200,256,0.81663,0.115943,0.294339,0.394,2.774,1.0,0.14524,0.121622,6.715,0.953,1,0.115943,hst,5.623,7.043,0.798,7.043,1.0,6.4036469396236e-16,mix,199,3.155,1398,hst,1,0.883,native,0,0.0,0.0
olafu,16146,1015156,8,0.25,19,False,200,256,0.844524,0.112954,0.254995,0.443,3.312,1.0,0.141421,0.114069,7.404,0.99,1,0.112954,hst,5.972,7.477,0.799,7.477,1.0,4.864534386882603e-16,mix,199,3.413,1116,hst,1,1.027,native,0,0.0,0.0
raefsky3,21200,1488768,8,0.01,17,False,200,256,0.829538,0.064664,0.060459,1.07,13.721,1.07,0.097539,0.065221,12.719,0.991,1,0.064664,hst,8.505,12.828,0.663,12.828,1.0,4.21040283801125e-16,mix,48,2.185,888,hst,1,0.898,native,0,0.0,0.0
raefsky3,21200,1488768,8,0.01,18,False,200,256,0.826192,0.065576,0.068954,0.951,11.982,1.0,0.13945,0.068416,12.076,0.958,11,0.065576,hst,5.925,12.599,0.47,12.599,1.0,3.542741100665178e-16,mix,56,2.347,928,hst,1,8.555,native,0,0.0,0.0
raefsky3,21200,1488768,8,0.01,19,False,200,256,0.831069,0.068653,0.068498,1.002,12.133,1.002,0.102371,0.07193,11.554,0.954,1,0.068653,hst,8.118,12.105,0.671,12.105,1.0,2.936613481310225e-16,mix,59,2.216,1056,hst,1,0.876,native,0,0.0,0.0
raefsky3,21200,1488768,8,0.25,17,False,200,256,0.831802,0.096454,0.151859,0.635,5.477,1.0,0.130399,0.0973,8.549,0.991,1,0.096454,hst,6.379,8.624,0.74,8.624,1.0,4.21040283801125e-16,mix,199,2.436,1072,hst,1,1.015,native,0,0.0,0.0
raefsky3,21200,1488768,8,0.25,18,False,200,256,0.855138,0.097683,0.155763,0.627,5.49,1.0,0.129068,0.098131,8.714,0.995,1,0.097683,hst,6.625,8.754,0.757,8.754,1.0,3.542741100665178e-16,mix,198,2.589,976,hst,1,0.922,native,0,0.0,0.0
raefsky3,21200,1488768,8,0.25,19,False,200,256,0.833011,0.095196,0.154605,0.616,5.388,1.0,0.130162,0.0984,8.466,0.967,1,0.095196,hst,6.4,8.751,0.731,8.751,1.0,2.936613481310225e-16,mix,199,2.293,1032,hst,1,0.959,native,0,0.0,0.0
epb2,25228,175027,8,0.01,17,False,200,256,0.165298,0.058978,0.053403,1.104,3.095,1.104,0.070512,0.059465,2.78,0.992,7,0.058978,hst,2.344,2.803,0.836,2.803,1.0,1.2653601002823704e-16,mix,119,3.14,1301,hst,1,0.688,native,0,0.0,0.0
epb2,25228,175027,8,0.01,18,False,200,256,0.108084,0.035521,0.030208,1.176,3.578,1.176,0.050502,0.03917,2.759,0.907,19,0.035521,hst,2.14,3.043,0.703,3.043,1.0,1.0817377525460358e-16,mix,67,2.201,669,hst,1,1.319,native,0,0.0,0.0
epb2,25228,175027,8,0.01,19,False,200,256,0.117433,0.035304,0.029883,1.181,3.93,1.181,0.044808,0.038757,3.03,0.911,7,0.035304,hst,2.621,3.326,0.788,3.326,1.0,1.2261168325020086e-16,mix,52,2.078,848,hst,1,0.541,native,0,0.0,0.0
epb2,25228,175027,8,0.25,17,False,200,256,0.164259,0.079739,0.173768,0.459,0.945,1.0,0.138534,0.089001,1.846,0.896,71,0.079739,hst,1.186,2.06,0.576,2.06,1.0,1.2653601002823704e-16,mix,199,1.758,1415,hst,1,5.356,native,0,0.0,0.0
epb2,25228,175027,8,0.25,18,False,200,256,0.139594,0.073228,0.154178,0.475,0.905,1.0,0.121973,0.085993,1.623,0.852,85,0.073228,hst,1.144,1.906,0.6,1.906,1.0,1.0817377525460358e-16,mix,199,3.525,1554,hst,1,4.573,native,0,0.0,0.0
epb2,25228,175027,8,0.25,19,False,200,256,0.15998,0.076423,0.160239,0.477,0.998,1.0,0.127713,0.088461,1.808,0.864,66,0.076423,hst,1.253,2.093,0.598,2.093,1.0,1.2261168325020086e-16,mix,199,4.301,1823,hst,1,4.744,native,0,0.0,0.0
TSOPF_RS_b39_c30,60098,1079986,8,0.01,17,False,200,256,14.571578,0.528089,0.845884,0.624,17.226,1.0,1.052486,0.499686,29.161,1.057,1,0.528089,hst,13.845,27.593,0.502,27.593,1.0,1.3924108160288588e-16,mix,199,1.461,32238,hst,1,8.312,native,0,0.0,0.25
TSOPF_RS_b39_c30,60098,1079986,8,0.01,18,False,200,256,14.525846,0.488934,0.817807,0.598,17.762,1.0,1.038318,0.496625,29.249,0.985,1,0.488934,hst,13.99,29.709,0.471,29.709,1.0,1.3924108160288588e-16,mix,198,1.454,32340,hst,1,8.17,native,0,0.0,0.25
TSOPF_RS_b39_c30,60098,1079986,8,0.01,19,False,200,256,14.484613,0.481546,0.797796,0.604,18.156,1.0,1.05042,0.511869,28.297,0.941,1,0.481546,hst,13.789,30.079,0.458,30.079,1.0,1.3924108160288588e-16,mix,199,1.448,32200,hst,1,8.606,native,0,0.0,0.25
TSOPF_RS_b39_c30,60098,1079986,8,0.25,17,False,200,256,14.790832,0.567551,1.542523,0.368,9.589,1.0,1.085356,0.539996,27.391,1.051,1,0.567551,hst,13.628,26.061,0.523,26.061,1.0,1.3924108160288588e-16,mix,199,5.15,31901,hst,1,8.352,native,0,0.0,0.25
TSOPF_RS_b39_c30,60098,1079986,8,0.25,18,False,200,256,14.746081,0.553905,1.551839,0.357,9.502,1.0,1.093696,0.546535,26.981,1.013,1,0.553905,hst,13.483,26.622,0.506,26.622,1.0,1.3924108160288588e-16,mix,199,5.103,31925,hst,1,8.62,native,0,0.0,0.25
TSOPF_RS_b39_c30,60098,1079986,8,0.25,19,False,200,256,14.767966,0.549568,1.514716,0.363,9.75,1.0,1.112965,0.566506,26.069,0.97,1,0.549568,hst,13.269,26.872,0.494,26.872,1.0,1.3924108160288588e-16,mix,199,5.181,31630,hst,1,8.834,native,0,0.0,0.25
TSOPF_RS_b162_c3,15374,610299,8,0.01,17,False,200,256,8.760221,0.326505,0.455372,0.717,19.237,1.0,0.655501,0.331022,26.464,0.986,1,0.326505,hst,13.364,26.83,0.498,26.83,1.0,1.2582477660838618e-16,mix,198,2.45,9509,hst,1,4.446,native,0,0.0,0.25
TSOPF_RS_b162_c3,15374,610299,8,0.01,18,False,200,256,8.879746,0.320228,0.473661,0.676,18.747,1.0,0.64724,0.325591,27.273,0.984,1,0.320228,hst,13.719,27.729,0.495,27.729,1.0,1.2582477660838618e-16,mix,197,2.45,9600,hst,1,4.456,native,0,0.0,0.25
TSOPF_RS_b162_c3,15374,610299,8,0.01,19,False,200,256,8.719927,0.315908,0.431022,0.733,20.231,1.0,0.642527,0.322315,27.054,0.98,1,0.315908,hst,13.571,27.603,0.492,27.603,1.0,1.2582477660838618e-16,mix,196,2.466,9482,hst,1,4.329,native,0,0.0,0.25
TSOPF_RS_b162_c3,15374,610299,8,0.25,17,False,200,256,9.048709,0.381351,0.949242,0.402,9.533,1.0,0.695577,0.361813,25.009,1.054,1,0.381351,hst,13.009,23.728,0.548,23.728,1.0,1.2582477660838618e-16,mix,199,2.612,9295,hst,1,4.629,native,0,0.0,0.25
TSOPF_RS_b162_c3,15374,610299,8,0.25,18,False,200,256,9.050484,0.35954,0.916249,0.392,9.878,1.0,0.69238,0.362139,24.992,0.993,1,0.35954,hst,13.072,25.172,0.519,25.172,1.0,1.2582477660838618e-16,mix,199,2.807,9046,hst,1,4.944,native,0,0.0,0.25
TSOPF_RS_b162_c3,15374,610299,8,0.25,19,False,200,256,9.076999,0.355461,0.898019,0.396,10.108,1.0,0.692798,0.360414,25.185,0.986,1,0.355461,hst,13.102,25.536,0.513,25.536,1.0,1.2582477660838618e-16,mix,199,2.641,9126,hst,1,4.755,native,0,0.0,0.25
TSOPF_RS_b300_c1,14538,1474325,8,0.01,17,False,200,256,15.160376,0.659932,1.102535,0.599,13.75,1.0,1.461589,0.670567,22.608,0.984,1,0.659932,hst,10.373,22.973,0.452,22.973,1.0,1.1112960972222602e-16,mix,196,2.966,9027,hst,1,9.584,native,0,0.0,0.25
TSOPF_RS_b300_c1,14538,1474325,8,0.01,18,False,200,256,18.003754,0.700411,1.121446,0.625,16.054,1.0,1.507319,0.702123,25.642,0.998,1,0.700411,hst,11.944,25.705,0.465,25.705,1.0,1.1112960972222602e-16,mix,197,2.735,9016,hst,1,9.877,native,0,0.0,0.25
TSOPF_RS_b300_c1,14538,1474325,8,0.01,19,False,200,256,15.543703,0.679354,1.132949,0.6,13.72,1.0,1.474433,0.682662,22.769,0.995,1,0.679354,hst,10.542,22.88,0.461,22.88,1.0,1.1112960972222602e-16,mix,199,2.844,9162,hst,1,9.486,native,0,0.0,0.25
TSOPF_RS_b300_c1,14538,1474325,8,0.25,17,False,200,256,22.63187,0.768426,1.919691,0.4,11.789,1.0,1.546954,0.747141,30.291,1.028,0,0.768426,hst,14.63,29.452,0.497,29.452,1.0,1.1112960972222602e-16,mix,199,3.594,8931,hst,1,10.45,native,0,0.0,0.25
TSOPF_RS_b300_c1,14538,1474325,8,0.25,18,False,200,256,22.338207,0.743124,1.901126,0.391,11.75,1.0,1.536404,0.756657,29.522,0.982,0,0.743124,hst,14.539,30.06,0.484,30.06,1.0,1.1112960972222602e-16,mix,199,3.631,8856,hst,1,10.061,native,0,0.0,0.25
TSOPF_RS_b300_c1,14538,1474325,8,0.25,19,False,200,256,22.66548,0.73693,1.866111,0.395,12.146,1.0,1.500893,0.745913,30.386,0.988,0,0.73693,hst,15.101,30.757,0.491,30.757,1.0,1.1112960972222602e-16,mix,199,3.621,8902,hst,1,9.883,native,0,0.0,0.25
case9,14454,147972,8,0.01,17,False,200,256,1.249658,0.124035,0.188537,0.658,6.628,1.0,0.170796,0.127867,9.773,0.97,1,0.124035,hst,7.317,10.075,0.726,10.075,1.0,1.8253563338087409e-16,mix,199,2.453,8701,hst,1,1.26,native,0,0.0,0.25
case9,14454,147972,8,0.01,18,False,200,256,1.294322,0.136695,0.21741,0.629,5.953,1.0,0.182655,0.138827,9.323,0.985,1,0.136695,hst,7.086,9.469,0.748,9.469,1.0,1.6384614607668743e-15,mix,197,2.749,8982,hst,1,1.366,native,0,0.0,0.25
case9,14454,147972,8,0.01,19,False,200,256,1.217589,0.121446,0.196753,0.617,6.188,1.0,0.168003,0.12684,9.599,0.957,1,0.121446,hst,7.247,10.026,0.723,10.026,1.0,1.8253563338087409e-16,mix,198,2.467,8698,hst,1,1.275,native,0,0.0,0.25
case9,14454,147972,8,0.25,17,False,200,256,1.294802,0.156212,0.434248,0.36,2.982,1.0,0.207399,0.159754,8.105,0.978,1,0.156212,hst,6.243,8.289,0.753,8.289,1.0,1.8253563338087409e-16,mix,199,4.15,8490,hst,1,1.583,native,0,0.0,0.25
case9,14454,147972,8,0.25,18,False,200,256,1.290473,0.152013,0.429788,0.354,3.003,1.0,0.20438,0.15542,8.303,0.978,1,0.152013,hst,6.314,8.489,0.744,8.489,1.0,1.6384614607668743e-15,mix,199,4.017,8383,hst,1,1.621,native,0,0.0,0.25
case9,14454,147972,8,0.25,19,False,200,256,1.294529,0.149779,0.4211,0.356,3.074,1.0,0.209637,0.16048,8.067,0.933,1,0.149779,hst,6.175,8.643,0.714,8.643,1.0,1.8253563338087409e-16,mix,199,3.759,8432,hst,1,1.554,native,0,0.0,0.25
bcspwr09,1723,6511,8,0.01,17,False,200,256,0.082252,0.052746,0.061717,0.855,1.333,1.0,0.085165,0.059198,1.389,0.891,121,0.052746,hst,0.966,1.559,0.619,1.559,1.0,3.3992994908668667e-16,mix,167,2.82,1644,hst,1,2.785,native,0,0.0,0.25
bcspwr09,1723,6511,8,0.01,18,False,200,256,0.083363,0.053311,0.063345,0.842,1.316,1.0,0.085051,0.06114,1.363,0.872,122,0.053311,hst,0.98,1.564,0.627,1.564,1.0,1.860896069197576e-16,mix,173,2.782,1639,hst,1,2.711,native,0,0.0,0.25
bcspwr09,1723,6511,8,0.01,19,False,200,256,0.079895,0.052734,0.064685,0.815,1.235,1.0,0.085078,0.060582,1.319,0.87,144,0.052734,hst,0.939,1.515,0.62,1.515,1.0,1.4472386138826977e-16,mix,179,2.986,1629,hst,1,2.78,native,0,0.0,0.25
bcspwr09,1723,6511,8,0.25,17,False,200,256,0.089398,0.062179,0.197707,0.314,0.452,1.0,0.097819,0.070177,1.274,0.886,169,0.062179,hst,0.914,1.438,0.636,1.438,1.0,3.3992994908668667e-16,mix,199,3.5,1587,hst,1,3.239,native,0,0.0,0.25
bcspwr09,1723,6511,8,0.25,18,False,200,256,0.090619,0.062727,0.20134,0.312,0.45,1.0,0.098064,0.070484,1.286,0.89,159,0.062727,hst,0.924,1.445,0.64,1.445,1.0,1.860896069197576e-16,mix,199,3.376,1621,hst,1,3.205,native,0,0.0,0.25
bcspwr09,1723,6511,8,0.25,19,False,200,256,0.089475,0.062251,0.197166,0.316,0.454,1.0,0.098596,0.070591,1.268,0.882,175,0.062251,hst,0.907,1.437,0.631,1.437,1.0,1.4472386138826977e-16,mix,199,3.847,1651,hst,1,3.303,native,0,0.0,0.25
bcspwr10,5300,21842,8,0.01,17,False,200,256,0.123824,0.129681,0.199007,0.652,0.622,1.0,0.188107,0.144151,0.859,0.859,,0.123824,delta_baseline,0.658,1.0,0.658,1.0,1.047,1.871280638170483e-16,mix,197,5.279,3977,hst,1,6.461,native,0,0.0,0.25
bcspwr10,5300,21842,8,0.01,18,False,200,256,0.127846,0.131559,0.206353,0.638,0.62,1.0,0.194816,0.148467,0.861,0.861,,0.127846,delta_baseline,0.656,1.0,0.656,1.0,1.029,3.513861746800697e-16,mix,199,5.877,3981,hst,1,6.585,native,0,0.0,0.25
bcspwr10,5300,21842,8,0.01,19,False,200,256,0.124492,0.126833,0.195708,0.648,0.636,1.0,0.188232,0.142805,0.872,0.872,,0.124492,delta_baseline,0.661,1.0,0.661,1.0,1.019,2.258919437555397e-16,mix,198,5.414,3915,hst,1,6.372,native,0,0.0,0.25
bcspwr10,5300,21842,8,0.25,17,False,200,256,0.131996,0.146664,0.683688,0.215,0.193,1.0,0.21192,0.165322,0.798,0.798,,0.131996,delta_baseline,0.623,1.0,0.623,1.0,1.111,1.871280638170483e-16,mix,199,6.265,3995,hst,1,7.032,native,0,0.0,0.25
bcspwr10,5300,21842,8,0.25,18,False,200,256,0.13347,0.144395,0.696362,0.207,0.192,1.0,0.210693,0.163997,0.814,0.814,,0.13347,delta_baseline,0.633,1.0,0.633,1.0,1.082,3.513861746800697e-16,mix,199,5.024,3885,hst,1,7.046,native,0,0.0,0.25
bcspwr10,5300,21842,8,0.25,19,False,200,256,0.13421,0.146562,0.690918,0.212,0.194,1.0,0.210795,0.163653,0.82,0.82,,0.13421,delta_baseline,0.637,1.0,0.637,1.0,1.092,2.258919437555397e-16,mix,199,2.247,3891,hst,1,7.187,native,0,0.0,0.25
scircuit,170998,958936,8,0.01,17,False,200,256,0.179722,0.188684,0.137842,1.369,1.304,1.304,0.283237,0.138197,1.3,1.3,573,0.179722,delta_baseline,0.635,1.0,0.635,1.0,1.05,2.6050372849850016e-16,mix,199,1.721,4871,hst,1,23.787,native,0,0.0,0.25
scircuit,170998,958936,8,0.01,18,False,200,256,0.112973,0.099995,0.104229,0.959,1.084,1.0,0.246627,0.123523,0.915,0.81,,0.099995,hst,0.458,1.13,0.405,1.13,1.0,2.0386846321125864e-16,mix,199,2.768,3664,hst,1,22.959,native,0,0.0,0.25
scircuit,170998,958936,8,0.01,19,False,200,256,0.182422,0.136667,0.170987,0.799,1.067,1.0,0.302761,0.157638,1.157,0.867,1049,0.136667,hst,0.603,1.335,0.451,1.335,1.0,1.8803246323926756e-16,mix,199,2.742,4937,hst,1,26.008,native,0,0.0,0.25
scircuit,170998,958936,8,0.25,17,False,200,256,0.181998,0.234097,0.632561,0.37,0.288,1.0,0.344265,0.200689,0.907,0.907,,0.181998,delta_baseline,0.529,1.0,0.529,1.0,1.286,2.6050372849850016e-16,mix,199,3.977,5077,hst,1,27.919,native,0,0.0,0.25
scircuit,170998,958936,8,0.25,18,False,200,256,0.169762,0.222993,0.594365,0.375,0.286,1.0,0.333076,0.197617,0.859,0.859,,0.169762,delta_baseline,0.51,1.0,0.51,1.0,1.314,2.0386846321125864e-16,mix,199,6.193,5963,delta_baseline,0,27.478,native,0,0.0,0.25
scircuit,170998,958936,8,0.25,19,False,200,256,0.180016,0.222169,0.621896,0.357,0.289,1.0,0.360183,0.214459,0.839,0.839,,0.180016,delta_baseline,0.5,1.0,0.5,1.0,1.234,1.8803246323926756e-16,mix,199,1.836,4618,hst,1,28.38,native,0,0.0,0.25
memplus,17758,99147,8,0.01,17,False,200,256,0.678592,0.118212,0.189724,0.623,3.577,1.0,0.154939,0.120433,5.635,0.982,2,0.118212,hst,4.38,5.74,0.763,5.74,1.0,3.582437197197559e-16,mix,198,3.223,8912,hst,1,1.259,native,0,0.0,0.25
memplus,17758,99147,8,0.01,18,False,200,256,0.706821,0.120564,0.203373,0.593,3.475,1.0,0.159552,0.124423,5.681,0.969,2,0.120564,hst,4.43,5.863,0.756,5.863,1.0,3.582443742956908e-16,mix,199,3.287,9374,hst,1,1.272,native,0,0.0,0.25
memplus,17758,99147,8,0.01,19,False,200,256,0.75845,0.112079,0.184176,0.609,4.118,1.0,0.148598,0.117414,6.46,0.955,2,0.112079,hst,5.104,6.767,0.754,6.767,1.0,4.41481093913526e-16,mix,195,3.586,8957,hst,1,1.129,native,0,0.0,0.25
memplus,17758,99147,8,0.25,17,False,200,256,0.760301,0.144852,0.476003,0.304,1.597,1.0,0.175554,0.1409,5.396,1.028,2,0.144852,hst,4.331,5.249,0.825,5.249,1.0,3.582437197197559e-16,mix,199,5.214,9787,hst,1,1.359,native,0,0.0,0.25
memplus,17758,99147,8,0.25,18,False,200,256,0.785152,0.136253,0.461169,0.295,1.703,1.0,0.172088,0.139198,5.641,0.979,2,0.136253,hst,4.563,5.762,0.792,5.762,1.0,3.582443742956908e-16,mix,199,5.041,9328,hst,1,1.371,native,0,0.0,0.25
memplus,17758,99147,8,0.25,19,False,200,256,0.773547,0.138618,0.494951,0.28,1.563,1.0,0.176369,0.143447,5.393,0.966,3,0.138618,hst,4.386,5.58,0.786,5.58,1.0,4.41481093913526e-16,mix,199,5.102,9433,hst,1,1.653,native,0,0.0,0.25
add32,4960,19848,8,0.01,17,False,200,256,0.082852,0.056095,0.061431,0.913,1.349,1.0,0.087987,0.063613,1.302,0.882,140,0.056095,hst,0.942,1.477,0.638,1.477,1.0,1.834572946307244e-16,mix,194,1.829,2426,hst,1,2.687,native,0,0.0,0.25
add32,4960,19848,8,0.01,18,False,200,256,0.081378,0.054878,0.061912,0.886,1.314,1.0,0.087898,0.06371,1.277,0.861,153,0.054878,hst,0.926,1.483,0.624,1.483,1.0,3.8969112366871195e-16,mix,193,5.537,2519,hst,1,2.697,native,0,0.0,0.25
add32,4960,19848,8,0.01,19,False,200,256,0.079192,0.055343,0.059029,0.938,1.342,1.0,0.0887,0.064886,1.22,0.853,185,0.055343,hst,0.893,1.431,0.624,1.431,1.0,1.440904858629578e-16,mix,196,5.552,2568,hst,1,2.651,native,0,0.0,0.25
add32,4960,19848,8,0.25,17,False,200,256,0.08422,0.076067,0.243096,0.313,0.346,1.0,0.112312,0.084654,0.995,0.899,,0.076067,hst,0.75,1.107,0.677,1.107,1.0,1.834572946307244e-16,mix,199,4.344,2498,hst,1,3.856,native,0,0.0,0.25
add32,4960,19848,8,0.25,18,False,200,256,0.084645,0.07619,0.246111,0.31,0.344,1.0,0.11416,0.085974,0.985,0.886,,0.07619,hst,0.741,1.111,0.667,1.111,1.0,3.8969112366871195e-16,mix,199,1.0,2496,hst,1,3.887,native,0,0.0,0.25
add32,4960,19848,8,0.25,19,False,200,256,0.084024,0.076135,0.247375,0.308,0.34,1.0,0.112041,0.085378,0.984,0.892,,0.076135,hst,0.75,1.104,0.68,1.104,1.0,1.440904858629578e-16,mix,199,1.692,2562,hst,1,3.774,native,0,0.0,0.25
circuit_3,12127,48137,8,0.01,17,False,200,256,0.321303,0.088232,0.139663,0.632,2.301,1.0,0.166399,0.100038,3.212,0.882,23,0.088232,hst,1.931,3.642,0.53,3.642,1.0,6.734179160610594e-16,mix,197,3.241,7215,hst,1,5.125,native,0,0.0,0.25
circuit_3,12127,48137,8,0.01,18,False,200,256,0.321006,0.087077,0.138165,0.63,2.323,1.0,0.1684,0.101243,3.171,0.86,24,0.087077,hst,1.906,3.686,0.517,3.686,1.0,6.734177751265342e-16,mix,194,3.146,7477,hst,1,5.195,native,0,0.0,0.25
circuit_3,12127,48137,8,0.01,19,False,200,256,0.355049,0.08998,0.142254,0.633,2.496,1.0,0.111098,0.095378,3.723,0.943,4,0.08998,hst,3.196,3.946,0.81,3.946,1.0,1.38110199246993e-16,mix,196,5.541,7201,hst,1,0.981,native,0,0.0,0.25
circuit_3,12127,48137,8,0.25,17,False,200,256,0.368479,0.118295,0.358171,0.33,1.029,1.0,0.202017,0.126876,2.904,0.932,26,0.118295,hst,1.824,3.115,0.586,3.115,1.0,6.734179160610594e-16,mix,199,2.43,7627,hst,1,6.233,native,0,0.0,0.25
circuit_3,12127,48137,8,0.25,18,False,200,256,0.357282,0.115312,0.356904,0.323,1.001,1.0,0.203834,0.129708,2.755,0.889,27,0.115312,hst,1.753,3.098,0.566,3.098,1.0,6.734177751265342e-16,mix,199,2.274,7650,hst,1,6.181,native,0,0.0,0.25
circuit_3,12127,48137,8,0.25,19,False,200,256,0.371344,0.111616,0.350295,0.319,1.06,1.0,0.209876,0.129823,2.86,0.86,26,0.111616,hst,1.769,3.327,0.532,3.327,1.0,1.38110199246993e-16,mix,199,4.441,7749,hst,1,6.346,native,0,0.0,0.25
rajat03,7602,32653,8,0.01,17,False,200,256,0.075681,0.063212,0.080131,0.789,0.944,1.0,0.095217,0.070091,1.08,0.902,564,0.063212,hst,0.795,1.197,0.664,1.197,1.0,1.5389215321852664e-16,mix,195,6.559,3062,hst,1,3.155,native,0,0.0,0.25
rajat03,7602,32653,8,0.01,18,False,200,256,0.075514,0.062108,0.076286,0.814,0.99,1.0,0.095523,0.07053,1.071,0.881,606,0.062108,hst,0.791,1.216,0.65,1.216,1.0,1.5443765292083486e-16,mix,195,6.173,3272,hst,1,3.022,native,0,0.0,0.25
rajat03,7602,32653,8,0.01,19,False,200,256,0.075399,0.060753,0.072966,0.833,1.033,1.0,0.095828,0.071012,1.062,0.856,688,0.060753,hst,0.787,1.241,0.634,1.241,1.0,1.5991248545154193e-16,mix,198,6.38,3280,hst,1,3.018,native,0,0.0,0.25
rajat03,7602,32653,8,0.25,17,False,200,256,0.078363,0.091001,0.348191,0.261,0.225,1.0,0.126988,0.098163,0.798,0.798,,0.078363,delta_baseline,0.617,1.0,0.617,1.0,1.161,1.5389215321852664e-16,mix,199,2.939,3213,hst,1,4.514,native,0,0.0,0.25
rajat03,7602,32653,8,0.25,18,False,200,256,0.079334,0.088404,0.354057,0.25,0.224,1.0,0.116344,0.086473,0.917,0.917,,0.079334,delta_baseline,0.682,1.0,0.682,1.0,1.114,1.5443765292083486e-16,mix,199,2.844,3156,delta_baseline,0,4.496,native,0,0.0,0.25
rajat03,7602,32653,8,0.25,19,False,200,256,0.078244,0.088826,0.357536,0.248,0.219,1.0,0.114434,0.083775,0.934,0.934,,0.078244,delta_baseline,0.684,1.0,0.684,1.0,1.135,1.5991248545154193e-16,mix,199,1.691,3275,delta_baseline,0,4.46,native,0,0.0,0.25
wang3,26064,177168,8,0.01,17,False,200,256,0.109783,0.092062,0.12183,0.756,0.901,1.0,0.132243,0.096188,1.141,0.957,372,0.092062,hst,0.83,1.192,0.696,1.192,1.0,1.1305705384438466e-16,mix,199,1.573,5033,hst,1,5.059,native,0,0.0,0.25
wang3,26064,177168,8,0.01,18,False,200,256,0.10887,0.089172,0.120201,0.742,0.906,1.0,0.133695,0.098296,1.108,0.907,474,0.089172,hst,0.814,1.221,0.667,1.221,1.0,2.415345571415648e-16,mix,198,6.884,5821,hst,1,5.009,native,0,0.0,0.25
wang3,26064,177168,8,0.01,19,False,200,256,0.10802,0.089729,0.118288,0.759,0.913,1.0,0.132921,0.09807,1.101,0.915,503,0.089729,hst,0.813,1.204,0.675,1.204,1.0,1.1119305929315413e-16,mix,198,1.253,5515,hst,1,5.006,native,0,0.0,0.25
wang3,26064,177168,8,0.25,17,False,200,256,0.109237,0.150459,0.535093,0.281,0.204,1.0,0.158894,0.117247,0.932,0.932,,0.109237,delta_baseline,0.687,1.0,0.687,1.0,1.377,1.1305705384438466e-16,mix,199,4.793,5338,delta_baseline,0,6.98,native,0,0.0,0.25
wang3,26064,177168,8,0.25,18,False,200,256,0.109171,0.13724,0.543923,0.252,0.201,1.0,0.161033,0.117944,0.926,0.926,,0.109171,delta_baseline,0.678,1.0,0.678,1.0,1.257,2.415345571415648e-16,mix,199,4.045,5803,delta_baseline,0,7.257,native,0,0.0,0.25
wang3,26064,177168,8,0.25,19,False,200,256,0.108161,0.135677,0.529595,0.256,0.204,1.0,0.161178,0.118839,0.91,0.91,,0.108161,delta_baseline,0.671,1.0,0.671,1.0,1.254,1.1119305929315413e-16,mix,199,3.312,5853,delta_baseline,0,7.174,native,0,0.0,0.25
ct20stif,52329,2600295,8,0.01,17,False,200,256,0.720583,0.177853,0.235239,0.756,3.063,1.0,0.204742,0.183867,3.919,0.967,3,0.177853,hst,3.519,4.052,0.869,4.052,1.0,3.403944480715774e-16,mix,198,4.5,9886,hst,1,1.426,native,0,0.0,0.25
ct20stif,52329,2600295,8,0.01,18,False,200,256,0.530886,0.142266,0.189584,0.75,2.8,1.0,0.162534,0.148309,3.58,0.959,3,0.142266,hst,3.266,3.732,0.875,3.732,1.0,3.351339203340676e-16,mix,199,1.533,8602,hst,1,1.217,native,0,0.0,0.25
ct20stif,52329,2600295,8,0.01,19,False,200,256,0.620716,0.157455,0.21733,0.724,2.856,1.0,0.182917,0.166572,3.726,0.945,3,0.157455,hst,3.393,3.942,0.861,3.942,1.0,2.600013994931016e-16,mix,198,4.443,9851,hst,1,1.294,native,0,0.0,0.25
ct20stif,52329,2600295,8,0.25,17,False,200,256,0.687355,0.273825,0.808176,0.339,0.851,1.0,0.227367,0.195583,3.514,1.4,4,0.273825,hst,3.023,2.51,1.204,2.51,1.0,3.403944480715774e-16,mix,199,3.596,7824,hst,1,1.848,native,0,0.0,0.25
ct20stif,52329,2600295,8,0.25,18,False,200,256,0.671463,0.242504,0.79961,0.303,0.84,1.0,0.348827,0.218032,3.08,1.112,26,0.242504,hst,1.925,2.769,0.695,2.769,1.0,3.351339203340676e-16,mix,199,1.0,6758,hst,1,11.698,native,0,0.0,0.25
ct20stif,52329,2600295,8,0.25,19,False,200,256,0.679212,0.217379,0.800109,0.272,0.849,1.0,0.358853,0.221769,3.063,0.98,26,0.217379,hst,1.893,3.125,0.606,3.125,1.0,2.600013994931016e-16,mix,199,1.923,8383,hst,1,12.003,native,0,0.0,0.25
bcsstk18,11948,149090,8,0.01,17,False,200,256,0.300587,0.161998,0.180729,0.896,1.663,1.0,0.254538,0.185942,1.617,0.871,61,0.161998,hst,1.181,1.855,0.636,1.855,1.0,8.625236741385534e-17,mix,196,5.002,4735,hst,1,6.97,native,0,0.0,0.25
bcsstk18,11948,149090,8,0.01,18,False,200,256,0.289581,0.160724,0.180002,0.893,1.609,1.0,0.255966,0.185401,1.562,0.867,66,0.160724,hst,1.131,1.802,0.628,1.802,1.0,1.7955529896133775e-16,mix,196,4.827,5243,hst,1,6.923,native,0,0.0,0.25
bcsstk18,11948,149090,8,0.01,19,False,200,256,0.266719,0.166915,0.14229,1.173,1.874,1.173,0.169966,0.127207,2.097,1.312,33,0.166915,hst,1.569,1.598,0.982,1.598,1.0,1.3804959837172369e-16,mix,196,4.604,5639,hst,1,4.613,native,0,0.0,0.25
bcsstk18,11948,149090,8,0.25,17,False,200,256,0.248435,0.160745,0.58529,0.275,0.424,1.0,0.220121,0.165408,1.502,0.972,81,0.160745,hst,1.129,1.546,0.73,1.546,1.0,8.625236741385534e-17,mix,199,3.413,4737,hst,1,6.758,native,0,0.0,0.25
bcsstk18,11948,149090,8,0.25,18,False,200,256,0.246244,0.149382,0.583056,0.256,0.422,1.0,0.221389,0.164207,1.5,0.91,85,0.149382,hst,1.112,1.648,0.675,1.648,1.0,1.7955529896133775e-16,mix,199,3.075,5145,hst,1,6.985,native,0,0.0,0.25
bcsstk18,11948,149090,8,0.25,19,False,200,256,0.24346,0.149261,0.582261,0.256,0.418,1.0,0.218017,0.16248,1.498,0.919,88,0.149261,hst,1.117,1.631,0.685,1.631,1.0,1.3804959837172369e-16,mix,199,4.464,5015,hst,1,7.099,native,0,0.0,0.25
bcsstk25,15439,252241,8,0.01,17,False,200,256,0.260942,0.110965,0.142243,0.78,1.834,1.0,0.121378,0.115177,2.266,0.963,4,0.110965,hst,2.15,2.352,0.914,2.352,1.0,1.4310126622262146e-16,mix,198,1.09,5340,hst,1,0.652,native,0,0.0,0.25
bcsstk25,15439,252241,8,0.01,18,False,200,256,0.260586,0.111896,0.132228,0.846,1.971,1.0,0.121555,0.116533,2.236,0.96,4,0.111896,hst,2.144,2.329,0.921,2.329,1.0,2.218697631478781e-16,mix,197,4.467,6167,hst,1,0.64,native,0,0.0,0.25
bcsstk25,15439,252241,8,0.01,19,False,200,256,0.241619,0.124377,0.155511,0.8,1.554,1.0,0.189878,0.139425,1.733,0.892,52,0.124377,hst,1.272,1.943,0.655,1.943,1.0,9.427442670147338e-17,mix,197,4.799,6385,hst,1,5.3,native,0,0.0,0.25
bcsstk25,15439,252241,8,0.25,17,False,200,256,0.257026,0.161627,0.535083,0.302,0.48,1.0,0.218714,0.158758,1.619,1.018,72,0.161627,hst,1.175,1.59,0.739,1.59,1.0,1.4310126622262146e-16,mix,199,3.316,5159,hst,1,7.109,native,0,0.0,0.25
bcsstk25,15439,252241,8,0.25,18,False,200,256,0.264252,0.162703,0.554732,0.293,0.476,1.0,0.223661,0.161993,1.631,1.004,69,0.162703,hst,1.181,1.624,0.727,1.624,1.0,2.218697631478781e-16,mix,199,2.683,5533,hst,1,7.027,native,0,0.0,0.25
bcsstk25,15439,252241,8,0.25,19,False,200,256,0.25838,0.144566,0.536875,0.269,0.481,1.0,0.219899,0.160376,1.611,0.901,72,0.144566,hst,1.175,1.787,0.657,1.787,1.0,9.427442670147338e-17,mix,199,4.839,5619,hst,1,7.047,native,0,0.0,0.25
msc10848,10848,1229776,8,0.01,17,False,200,256,1.498231,0.263141,0.398976,0.66,3.755,1.0,0.30583,0.265626,5.64,0.991,1,0.263141,hst,4.899,5.694,0.86,5.694,1.0,3.632031213502581e-16,mix,197,3.579,9573,hst,1,1.397,native,0,0.0,0.25
msc10848,10848,1229776,8,0.01,18,False,200,256,1.521441,0.253171,0.383413,0.66,3.968,1.0,0.309962,0.264598,5.75,0.957,1,0.253171,hst,4.908,6.01,0.817,6.01,1.0,6.160502327889403e-16,mix,194,3.368,9711,hst,1,1.4,native,0,0.0,0.25
msc10848,10848,1229776,8,0.01,19,False,200,256,1.596253,0.255754,0.360954,0.709,4.422,1.0,0.310878,0.267792,5.961,0.955,1,0.255754,hst,5.135,6.241,0.823,6.241,1.0,4.460432847857754e-16,mix,194,3.278,9774,hst,1,1.401,native,0,0.0,0.25
msc10848,10848,1229776,8,0.25,17,False,200,256,1.536351,0.311217,1.629897,0.191,0.943,1.0,0.335122,0.277115,5.544,1.123,2,0.311217,hst,4.584,4.937,0.929,4.937,1.0,3.632031213502581e-16,mix,199,2.445,9246,hst,1,1.942,native,0,0.0,0.25
msc10848,10848,1229776,8,0.25,18,False,200,256,1.533191,0.267642,1.637115,0.163,0.937,1.0,0.330891,0.27459,5.584,0.975,2,0.267642,hst,4.634,5.729,0.809,5.729,1.0,6.160502327889403e-16,mix,199,5.416,8871,hst,1,1.903,native,0,0.0,0.25
msc10848,10848,1229776,8,0.25,19,False,200,256,1.521426,0.271954,1.658865,0.164,0.917,1.0,0.337357,0.274796,5.537,0.99,2,0.271954,hst,4.51,5.594,0.806,5.594,1.0,4.460432847857754e-16,mix,199,3.446,9642,hst,1,1.961,native,0,0.0,0.25
nasa2910,2910,174296,8,0.01,17,False,200,256,0.91354,0.142273,0.165965,0.857,5.504,1.0,0.172206,0.14767,6.186,0.963,1,0.142273,hst,5.305,6.421,0.826,6.421,1.0,2.8038709295888876e-16,mix,189,2.905,2885,hst,1,0.879,native,0,0.0,0.25
nasa2910,2910,174296,8,0.01,18,False,200,256,0.88016,0.12783,0.166464,0.768,5.287,1.0,0.162019,0.14039,6.269,0.911,1,0.12783,hst,5.432,6.885,0.789,6.885,1.0,3.799423773445064e-16,mix,189,2.785,2822,hst,1,0.745,native,0,0.0,0.25
nasa2910,2910,174296,8,0.01,19,False,200,256,0.897992,0.133887,0.174146,0.769,5.157,1.0,0.172083,0.146766,6.119,0.912,1,0.133887,hst,5.218,6.707,0.778,6.707,1.0,3.9854920332226225e-16,mix,190,2.908,2891,hst,1,0.88,native,0,0.0,0.25
nasa2910,2910,174296,8,0.25,17,False,200,256,0.86512,0.155134,0.647835,0.239,1.335,1.0,0.19292,0.160386,5.394,0.967,2,0.155134,hst,4.484,5.577,0.804,5.577,1.0,2.8038709295888876e-16,mix,199,3.117,2794,hst,1,1.159,native,0,0.0,0.25
nasa2910,2910,174296,8,0.25,18,False,200,256,0.865438,0.15231,0.654156,0.233,1.323,1.0,0.189761,0.157739,5.487,0.966,2,0.15231,hst,4.561,5.682,0.803,5.682,1.0,3.799423773445064e-16,mix,199,4.288,2764,hst,1,1.172,native,0,0.0,0.25
nasa2910,2910,174296,8,0.25,19,False,200,256,0.850072,0.153762,0.651119,0.236,1.306,1.0,0.189431,0.158545,5.362,0.97,2,0.153762,hst,4.488,5.529,0.812,5.529,1.0,3.9854920332226225e-16,mix,199,4.244,2797,hst,1,1.099,native,0,0.0,0.25
s3rmt3m3,5357,207123,8,0.01,17,False,200,256,0.495747,0.103531,0.124726,0.83,3.975,1.0,0.123467,0.109824,4.514,0.943,2,0.103531,hst,4.015,4.788,0.839,4.788,1.0,4.0558810500666957e-16,mix,192,3.613,3571,hst,1,0.61,native,0,0.0,0.25
s3rmt3m3,5357,207123,8,0.01,18,False,200,256,0.452233,0.097586,0.11646,0.838,3.883,1.0,0.117511,0.104788,4.316,0.931,2,0.097586,hst,3.848,4.634,0.83,4.634,1.0,4.602754019127631e-16,mix,192,3.727,3891,hst,1,0.58,native,0,0.0,0.25
s3rmt3m3,5357,207123,8,0.01,19,False,200,256,0.495154,0.098275,0.125793,0.781,3.936,1.0,0.121267,0.106866,4.633,0.92,2,0.098275,hst,4.083,5.038,0.81,5.038,1.0,3.6103403035014226e-16,mix,188,3.507,3668,hst,1,0.723,native,0,0.0,0.25
s3rmt3m3,5357,207123,8,0.25,17,False,200,256,0.477711,0.11868,0.417868,0.284,1.143,1.0,0.141512,0.121916,3.918,0.973,2,0.11868,hst,3.376,4.025,0.839,4.025,1.0,4.0558810500666957e-16,mix,199,2.529,3155,hst,1,0.874,native,0,0.0,0.25
s3rmt3m3,5357,207123,8,0.25,18,False,200,256,0.477352,0.11583,0.413294,0.28,1.155,1.0,0.140341,0.121175,3.939,0.956,2,0.11583,hst,3.401,4.121,0.825,4.121,1.0,4.602754019127631e-16,mix,199,3.043,3344,hst,1,0.842,native,0,0.0,0.25
s3rmt3m3,5357,207123,8,0.25,19,False,200,256,0.485447,0.115833,0.409829,0.283,1.185,1.0,0.14053,0.121868,3.983,0.95,2,0.115833,hst,3.454,4.191,0.824,4.191,1.0,3.6103403035014226e-16,mix,199,1.595,3162,hst,1,0.819,native,0,0.0,0.25
olafu,16146,1015156,8,0.01,17,False,200,256,0.722281,0.164374,0.223121,0.737,3.237,1.0,0.186419,0.16845,4.288,0.976,2,0.164374,hst,3.875,4.394,0.882,4.394,1.0,5.582074938205133e-16,mix,197,4.024,7253,hst,1,0.925,native,0,0.0,0.25
olafu,16146,1015156,8,0.01,18,False,200,256,0.643079,0.150782,0.211645,0.712,3.038,1.0,0.171909,0.157051,4.095,0.96,2,0.150782,hst,3.741,4.265,0.877,4.265,1.0,6.4036469396236e-16,mix,197,3.769,8532,hst,1,0.852,native,0,0.0,0.25
olafu,16146,1015156,8,0.01,19,False,200,256,0.674791,0.173622,0.237441,0.731,2.842,1.0,0.198257,0.182551,3.696,0.951,2,0.173622,hst,3.404,3.887,0.876,3.887,1.0,4.864534386882603e-16,mix,198,3.861,9027,hst,1,1.009,native,0,0.0,0.25
olafu,16146,1015156,8,0.25,17,False,200,256,0.778921,0.215274,0.785119,0.274,0.992,1.0,0.215743,0.186314,4.181,1.155,2,0.215274,hst,3.61,3.618,0.998,3.618,1.0,5.582074938205133e-16,mix,199,1.947,6216,hst,1,1.343,native,0,0.0,0.25
olafu,16146,1015156,8,0.25,18,False,200,256,0.753118,0.180165,0.752645,0.239,1.001,1.0,0.206133,0.179797,4.189,1.002,2,0.180165,hst,3.654,4.18,0.874,4.18,1.0,6.4036469396236e-16,mix,199,3.821,5689,hst,1,1.321,native,0,0.0,0.25
olafu,16146,1015156,8,0.25,19,False,200,256,0.770952,0.180418,0.777684,0.232,0.991,1.0,0.214599,0.185919,4.147,0.97,2,0.180418,hst,3.593,4.273,0.841,4.273,1.0,4.864534386882603e-16,mix,199,4.42,6397,hst,1,1.39,native,0,0.0,0.25
raefsky3,21200,1488768,8,0.01,17,False,200,256,0.833376,0.140621,0.189764,0.741,4.392,1.0,0.168171,0.144724,5.758,0.972,1,0.140621,hst,4.956,5.926,0.836,5.926,1.0,4.21040283801125e-16,mix,197,4.02,6568,hst,1,0.913,native,0,0.0,0.25
raefsky3,21200,1488768,8,0.01,18,False,200,256,0.834433,0.140768,0.184647,0.762,4.519,1.0,0.172447,0.149064,5.598,0.944,1,0.140768,hst,4.839,5.928,0.816,5.928,1.0,3.542741100665178e-16,mix,196,3.729,7224,hst,1,0.909,native,0,0.0,0.25
raefsky3,21200,1488768,8,0.01,19,False,200,256,0.839322,0.147485,0.186267,0.792,4.506,1.0,0.177985,0.154853,5.42,0.952,1,0.147485,hst,4.716,5.691,0.829,5.691,1.0,2.936613481310225e-16,mix,199,3.617,7136,hst,1,0.939,native,0,0.0,0.25
raefsky3,21200,1488768,8,0.25,17,False,200,256,0.839792,0.200875,0.562551,0.357,1.493,1.0,0.199891,0.1674,5.017,1.2,2,0.200875,hst,4.201,4.181,1.005,4.181,1.0,4.21040283801125e-16,mix,199,3.023,5496,hst,1,1.236,native,0,0.0,0.25
raefsky3,21200,1488768,8,0.25,18,False,200,256,0.834246,0.170262,0.562243,0.303,1.484,1.0,0.202232,0.170538,4.892,0.998,2,0.170262,hst,4.125,4.9,0.842,4.9,1.0,3.542741100665178e-16,mix,199,1.0,4880,hst,1,1.293,native,0,0.0,0.25
raefsky3,21200,1488768,8,0.25,19,False,200,256,0.837563,0.16663,0.568325,0.293,1.474,1.0,0.204265,0.171846,4.874,0.97,2,0.16663,hst,4.1,5.026,0.816,5.026,1.0,2.936613481310225e-16,mix,199,1.851,5040,hst,1,1.318,native,0,0.0,0.25
epb2,25228,175027,8,0.01,17,False,200,256,0.155811,0.089189,0.097065,0.919,1.605,1.0,0.153037,0.09954,1.565,0.896,95,0.089189,hst,1.018,1.747,0.583,1.747,1.0,1.2653601002823704e-16,mix,199,1.559,3131,hst,1,5.322,native,0,0.0,0.25
epb2,25228,175027,8,0.01,18,False,200,256,0.109773,0.077057,0.079185,0.973,1.386,1.0,0.122284,0.087643,1.253,0.879,204,0.077057,hst,0.898,1.425,0.63,1.425,1.0,1.0817377525460358e-16,mix,199,5.647,3238,hst,1,4.512,native,0,0.0,0.25
epb2,25228,175027,8,0.01,19,False,200,256,0.109765,0.079208,0.081154,0.976,1.353,1.0,0.124588,0.090312,1.215,0.877,233,0.079208,hst,0.881,1.386,0.636,1.386,1.0,1.2261168325020086e-16,mix,199,5.655,3022,hst,1,4.529,native,0,0.0,0.25
epb2,25228,175027,8,0.25,17,False,200,256,0.133972,0.131402,0.318747,0.412,0.42,1.0,0.176363,0.131495,1.019,0.999,2700,0.131402,hst,0.76,1.02,0.745,1.02,1.0,1.2653601002823704e-16,mix,199,1.0,3114,hst,1,6.69,native,0,0.0,0.25
epb2,25228,175027,8,0.25,18,False,200,256,0.134744,0.125323,0.3207,0.391,0.42,1.0,0.172563,0.133242,1.011,0.941,4377,0.125323,hst,0.781,1.075,0.726,1.075,1.0,1.0817377525460358e-16,mix,199,2.693,3008,hst,1,6.574,native,0,0.0,0.25
epb2,25228,175027,8,0.25,19,False,200,256,0.129545,0.121395,0.324536,0.374,0.399,1.0,0.172647,0.131565,0.985,0.923,,0.121395,hst,0.75,1.067,0.703,1.067,1.0,1.2261168325020086e-16,mix,199,1.665,3123,hst,1,6.693,native,0,0.0,0.25
TSOPF_RS_b39_c30,60098,1079986,8,0.01,17,False,200,256,14.487828,0.532551,0.919258,0.579,15.76,1.0,1.060876,0.508645,28.483,1.047,1,0.532551,hst,13.656,27.205,0.502,27.205,1.0,1.3924108160288588e-16,mix,199,1.76,33088,hst,1,8.313,native,0,0.0,0.5
TSOPF_RS_b39_c30,60098,1079986,8,0.01,18,False,200,256,14.669119,0.507306,0.965469,0.525,15.194,1.0,1.061739,0.514549,28.509,0.986,1,0.507306,hst,13.816,28.916,0.478,28.916,1.0,1.3924108160288588e-16,mix,199,1.782,33266,hst,1,8.428,native,0,0.0,0.5
TSOPF_RS_b39_c30,60098,1079986,8,0.01,19,False,200,256,14.526243,0.498284,0.897456,0.555,16.186,1.0,1.048655,0.506385,28.686,0.984,1,0.498284,hst,13.852,29.153,0.475,29.153,1.0,1.3924108160288588e-16,mix,199,1.78,33262,hst,1,8.254,native,0,0.0,0.5
TSOPF_RS_b39_c30,60098,1079986,8,0.25,17,False,200,256,14.750578,0.604045,1.725414,0.35,8.549,1.0,1.109898,0.564184,26.145,1.071,1,0.604045,hst,13.29,24.42,0.544,24.42,1.0,1.3924108160288588e-16,mix,199,1.817,32931,hst,1,8.862,native,0,0.0,0.5
TSOPF_RS_b39_c30,60098,1079986,8,0.25,18,False,200,256,14.685078,0.580435,1.727686,0.336,8.5,1.0,1.110584,0.565923,25.949,1.026,1,0.580435,hst,13.223,25.3,0.523,25.3,1.0,1.3924108160288588e-16,mix,199,1.554,32708,hst,1,8.808,native,0,0.0,0.5
TSOPF_RS_b39_c30,60098,1079986,8,0.25,19,False,200,256,14.775331,0.569351,1.712726,0.332,8.627,1.0,1.087795,0.568064,26.01,1.002,1,0.569351,hst,13.583,25.951,0.523,25.951,1.0,1.3924108160288588e-16,mix,199,1.754,32848,hst,1,8.471,native,0,0.0,0.5
TSOPF_RS_b162_c3,15374,610299,8,0.01,17,False,200,256,8.664896,0.349092,0.504444,0.692,17.177,1.0,0.673469,0.35486,24.418,0.984,1,0.349092,hst,12.866,24.821,0.518,24.821,1.0,1.2582477660838618e-16,mix,199,2.72,10291,hst,1,4.471,native,0,0.0,0.5
TSOPF_RS_b162_c3,15374,610299,8,0.01,18,False,200,256,8.68898,0.350468,0.503856,0.696,17.245,1.0,0.677979,0.358931,24.208,0.976,1,0.350468,hst,12.816,24.793,0.517,24.793,1.0,1.2582477660838618e-16,mix,199,2.746,10222,hst,1,4.499,native,0,0.0,0.5
TSOPF_RS_b162_c3,15374,610299,8,0.01,19,False,200,256,8.71643,0.351199,0.554036,0.634,15.733,1.0,0.67626,0.359609,24.239,0.977,1,0.351199,hst,12.889,24.819,0.519,24.819,1.0,1.2582477660838618e-16,mix,199,2.81,10297,hst,1,4.373,native,0,0.0,0.5
TSOPF_RS_b162_c3,15374,610299,8,0.25,17,False,200,256,9.053434,0.404932,1.069672,0.379,8.464,1.0,0.732888,0.397994,22.748,1.017,1,0.404932,hst,12.353,22.358,0.553,22.358,1.0,1.2582477660838618e-16,mix,199,4.276,9934,hst,1,4.901,native,0,0.0,0.5
TSOPF_RS_b162_c3,15374,610299,8,0.25,18,False,200,256,9.033045,0.393686,1.065201,0.37,8.48,1.0,0.728406,0.398594,22.662,0.988,1,0.393686,hst,12.401,22.945,0.54,22.945,1.0,1.2582477660838618e-16,mix,199,4.357,9918,hst,1,4.858,native,0,0.0,0.5
TSOPF_RS_b162_c3,15374,610299,8,0.25,19,False,200,256,9.036621,0.394057,1.101955,0.358,8.201,1.0,0.726077,0.400786,22.547,0.983,1,0.394057,hst,12.446,22.932,0.543,22.932,1.0,1.2582477660838618e-16,mix,199,4.479,9939,hst,1,4.834,native,0,0.0,0.5
TSOPF_RS_b300_c1,14538,1474325,8,0.01,17,False,200,256,14.078772,0.701977,1.193915,0.588,11.792,1.0,1.483889,0.700256,20.105,1.002,1,0.701977,hst,9.488,20.056,0.473,20.056,1.0,1.1112960972222602e-16,mix,199,3.135,9811,hst,1,9.576,native,0,0.0,0.5
TSOPF_RS_b300_c1,14538,1474325,8,0.01,18,False,200,256,13.194906,0.717967,1.230963,0.583,10.719,1.0,1.52968,0.723967,18.226,0.992,1,0.717967,hst,8.626,18.378,0.469,18.378,1.0,1.1112960972222602e-16,mix,199,3.342,9918,hst,1,9.935,native,0,0.0,0.5
TSOPF_RS_b300_c1,14538,1474325,8,0.01,19,False,200,256,12.491851,0.704387,1.267383,0.556,9.856,1.0,1.492814,0.713452,17.509,0.987,1,0.704387,hst,8.368,17.734,0.472,17.734,1.0,1.1112960972222602e-16,mix,199,3.579,9861,hst,1,9.488,native,0,0.0,0.5
TSOPF_RS_b300_c1,14538,1474325,8,0.25,17,False,200,256,22.168958,0.801431,2.181831,0.367,10.161,1.0,1.580714,0.785563,28.22,1.02,0,0.801431,hst,14.025,27.662,0.507,27.662,1.0,1.1112960972222602e-16,mix,199,3.689,9226,hst,1,10.634,native,0,0.0,0.5
TSOPF_RS_b300_c1,14538,1474325,8,0.25,18,False,200,256,22.030332,0.775579,2.169402,0.358,10.155,1.0,1.403317,0.785654,28.041,0.987,0,0.775579,hst,15.699,28.405,0.553,28.405,1.0,1.1112960972222602e-16,mix,199,3.694,9360,hst,1,8.667,native,0,0.0,0.5
TSOPF_RS_b300_c1,14538,1474325,8,0.25,19,False,200,256,21.788367,0.77562,2.144178,0.362,10.162,1.0,1.38284,0.787725,27.66,0.985,0,0.77562,hst,15.756,28.092,0.561,28.092,1.0,1.1112960972222602e-16,mix,199,3.73,9430,hst,1,8.069,native,0,0.0,0.5
case9,14454,147972,8,0.01,17,False,200,256,1.300573,0.13735,0.223037,0.616,5.831,1.0,0.180732,0.138767,9.372,0.99,1,0.13735,hst,7.196,9.469,0.76,9.469,1.0,1.8253563338087409e-16,mix,199,2.975,9332,hst,1,1.272,native,0,0.0,0.5
case9,14454,147972,8,0.01,18,False,200,256,1.264675,0.147179,0.246882,0.596,5.123,1.0,0.194831,0.152366,8.3,0.966,1,0.147179,hst,6.491,8.593,0.755,8.593,1.0,1.6384614607668743e-15,mix,199,3.171,9393,hst,1,1.385,native,0,0.0,0.5
case9,14454,147972,8,0.01,19,False,200,256,1.266924,0.134518,0.222085,0.606,5.705,1.0,0.182174,0.142584,8.885,0.943,1,0.134518,hst,6.954,9.418,0.738,9.418,1.0,1.8253563338087409e-16,mix,199,2.937,9217,hst,1,1.285,native,0,0.0,0.5
case9,14454,147972,8,0.25,17,False,200,256,1.280703,0.171158,0.536316,0.319,2.388,1.0,0.220816,0.173923,7.364,0.984,1,0.171158,hst,5.8,7.483,0.775,7.483,1.0,1.8253563338087409e-16,mix,199,5.586,9028,hst,1,1.587,native,0,0.0,0.5
case9,14454,147972,8,0.25,18,False,200,256,1.28223,0.165286,0.547688,0.302,2.341,1.0,0.218128,0.17194,7.457,0.961,1,0.165286,hst,5.878,7.758,0.758,7.758,1.0,1.6384614607668743e-15,mix,199,5.573,9067,hst,1,1.605,native,0,0.0,0.5
case9,14454,147972,8,0.25,19,False,200,256,1.267174,0.168677,0.548173,0.308,2.312,1.0,0.217218,0.171958,7.369,0.981,1,0.168677,hst,5.834,7.512,0.777,7.512,1.0,1.8253563338087409e-16,mix,199,6.009,8989,hst,1,1.583,native,0,0.0,0.5
bcspwr09,1723,6511,8,0.01,17,False,200,256,0.080498,0.053456,0.068814,0.777,1.17,1.0,0.087063,0.060912,1.322,0.878,144,0.053456,hst,0.925,1.506,0.614,1.506,1.0,3.3992994908668667e-16,mix,172,3.22,1624,hst,1,2.829,native,0,0.0,0.5
bcspwr09,1723,6511,8,0.01,18,False,200,256,0.083162,0.053271,0.068252,0.78,1.218,1.0,0.08698,0.062046,1.34,0.859,134,0.053271,hst,0.956,1.561,0.612,1.561,1.0,1.860896069197576e-16,mix,175,2.896,1660,hst,1,2.829,native,0,0.0,0.5
bcspwr09,1723,6511,8,0.01,19,False,200,256,0.078812,0.053116,0.067821,0.783,1.162,1.0,0.086955,0.061662,1.278,0.861,163,0.053116,hst,0.906,1.484,0.611,1.484,1.0,1.4472386138826977e-16,mix,182,3.101,1658,hst,1,2.791,native,0,0.0,0.5
bcspwr09,1723,6511,8,0.25,17,False,200,256,0.085109,0.063214,0.215306,0.294,0.395,1.0,0.097037,0.070739,1.203,0.894,225,0.063214,hst,0.877,1.346,0.651,1.346,1.0,3.3992994908668667e-16,mix,199,3.401,1636,hst,1,3.235,native,0,0.0,0.5
bcspwr09,1723,6511,8,0.25,18,False,200,256,0.085949,0.062476,0.215104,0.29,0.4,1.0,0.09853,0.071207,1.207,0.877,221,0.062476,hst,0.872,1.376,0.634,1.376,1.0,1.860896069197576e-16,mix,199,4.539,1632,hst,1,3.255,native,0,0.0,0.5
bcspwr09,1723,6511,8,0.25,19,False,200,256,0.085594,0.062596,0.212523,0.295,0.403,1.0,0.098458,0.071261,1.201,0.878,227,0.062596,hst,0.869,1.367,0.636,1.367,1.0,1.4472386138826977e-16,mix,199,4.121,1612,hst,1,3.253,native,0,0.0,0.5
bcspwr10,5300,21842,8,0.01,17,False,200,256,0.087523,0.082575,0.155345,0.532,0.563,1.0,0.117957,0.088624,0.988,0.932,,0.082575,hst,0.742,1.06,0.7,1.06,1.0,1.871280638170483e-16,mix,199,5.819,4056,hst,1,4.147,native,0,0.0,0.5
bcspwr10,5300,21842,8,0.01,18,False,200,256,0.089341,0.081146,0.151761,0.535,0.589,1.0,0.120319,0.09022,0.99,0.899,,0.081146,hst,0.743,1.101,0.674,1.101,1.0,3.513861746800697e-16,mix,199,5.656,4083,hst,1,4.261,native,0,0.0,0.5
bcspwr10,5300,21842,8,0.01,19,False,200,256,0.085698,0.080296,0.148628,0.54,0.577,1.0,0.119963,0.090264,0.949,0.89,,0.080296,hst,0.714,1.067,0.669,1.067,1.0,2.258919437555397e-16,mix,199,5.943,3930,hst,1,4.256,native,0,0.0,0.5
bcspwr10,5300,21842,8,0.25,17,False,200,256,0.090968,0.096657,0.585866,0.165,0.155,1.0,0.13641,0.105926,0.859,0.859,,0.090968,delta_baseline,0.667,1.0,0.667,1.0,1.063,1.871280638170483e-16,mix,199,6.181,4095,hst,1,4.772,native,0,0.0,0.5
bcspwr10,5300,21842,8,0.25,18,False,200,256,0.091724,0.095384,0.586943,0.163,0.156,1.0,0.13579,0.104704,0.876,0.876,,0.091724,delta_baseline,0.675,1.0,0.675,1.0,1.04,3.513861746800697e-16,mix,199,5.841,4105,hst,1,4.734,native,0,0.0,0.5
bcspwr10,5300,21842,8,0.25,19,False,200,256,0.090767,0.09652,0.58275,0.166,0.156,1.0,0.135604,0.105479,0.861,0.861,,0.090767,delta_baseline,0.669,1.0,0.669,1.0,1.063,2.258919437555397e-16,mix,199,6.549,3992,hst,1,4.706,native,0,0.0,0.5
scircuit,170998,958936,8,0.01,17,False,200,256,0.162622,0.267459,0.196162,1.363,0.829,1.0,0.331643,0.186368,0.873,0.873,,0.162622,delta_baseline,0.49,1.0,0.49,1.0,1.645,2.6050372849850016e-16,mix,199,3.035,7149,hst,1,25.624,native,0,0.0,0.5
scircuit,170998,958936,8,0.01,18,False,200,256,0.121229,0.136176,0.154856,0.879,0.783,1.0,0.283126,0.160086,0.757,0.757,,0.121229,delta_baseline,0.428,1.0,0.428,1.0,1.123,2.0386846321125864e-16,mix,199,3.493,5311,hst,1,24.471,native,0,0.0,0.5
scircuit,170998,958936,8,0.01,19,False,200,256,0.191829,0.175247,0.224522,0.781,0.854,1.0,0.347169,0.202406,0.948,0.866,,0.175247,hst,0.553,1.095,0.505,1.095,1.0,1.8803246323926756e-16,mix,199,2.372,6905,hst,1,27.433,native,0,0.0,0.5
scircuit,170998,958936,8,0.25,17,False,200,256,0.155333,0.290367,0.682997,0.425,0.227,1.0,0.344635,0.177399,0.876,0.876,,0.155333,delta_baseline,0.451,1.0,0.451,1.0,1.869,2.6050372849850016e-16,mix,199,3.842,5481,delta_baseline,0,29.944,native,0,0.0,0.5
scircuit,170998,958936,8,0.25,18,False,200,256,0.154237,0.282901,0.693761,0.408,0.222,1.0,0.346449,0.195452,0.789,0.789,,0.154237,delta_baseline,0.445,1.0,0.445,1.0,1.834,2.0386846321125864e-16,mix,199,6.184,5667,delta_baseline,0,30.652,native,0,0.0,0.5
scircuit,170998,958936,8,0.25,19,False,200,256,0.166143,0.269785,0.714536,0.378,0.233,1.0,0.350107,0.187664,0.885,0.885,,0.166143,delta_baseline,0.475,1.0,0.475,1.0,1.624,1.8803246323926756e-16,mix,199,1.864,5700,delta_baseline,0,31.477,native,0,0.0,0.5
memplus,17758,99147,8,0.01,17,False,200,256,0.638409,0.131541,0.223873,0.588,2.852,1.0,0.166914,0.133052,4.798,0.989,2,0.131541,hst,3.825,4.853,0.788,4.853,1.0,3.582437197197559e-16,mix,199,3.748,9582,hst,1,1.235,native,0,0.0,0.5
memplus,17758,99147,8,0.01,18,False,200,256,0.580596,0.130635,0.233218,0.56,2.49,1.0,0.169351,0.1344,4.32,0.972,3,0.130635,hst,3.428,4.444,0.771,4.444,1.0,3.582443742956908e-16,mix,199,4.095,9764,hst,1,1.272,native,0,0.0,0.5
memplus,17758,99147,8,0.01,19,False,200,256,0.620022,0.122471,0.210221,0.583,2.949,1.0,0.157389,0.128408,4.829,0.954,2,0.122471,hst,3.939,5.063,0.778,5.063,1.0,4.41481093913526e-16,mix,199,3.773,9352,hst,1,1.081,native,0,0.0,0.5
memplus,17758,99147,8,0.25,17,False,200,256,0.592114,0.154531,0.608556,0.254,0.973,1.0,0.183771,0.151846,3.899,1.018,3,0.154531,hst,3.222,3.832,0.841,3.832,1.0,3.582437197197559e-16,mix,199,3.983,9015,hst,1,1.42,native,0,0.0,0.5
memplus,17758,99147,8,0.25,18,False,200,256,0.684072,0.147444,0.567732,0.26,1.205,1.0,0.186009,0.151115,4.527,0.976,3,0.147444,hst,3.678,4.64,0.793,4.64,1.0,3.582443742956908e-16,mix,199,4.787,8961,hst,1,1.402,native,0,0.0,0.5
memplus,17758,99147,8,0.25,19,False,200,256,0.633266,0.147156,0.616566,0.239,1.027,1.0,0.18501,0.155754,4.066,0.945,3,0.147156,hst,3.423,4.303,0.795,4.303,1.0,4.41481093913526e-16,mix,199,2.25,9212,hst,1,1.371,native,0,0.0,0.5
add32,4960,19848,8,0.01,17,False,200,256,0.082043,0.064462,0.082294,0.783,0.997,1.0,0.095971,0.072979,1.124,0.883,310,0.064462,hst,0.855,1.273,0.672,1.273,1.0,1.834572946307244e-16,mix,197,6.127,3017,hst,1,2.81,native,0,0.0,0.5
add32,4960,19848,8,0.01,18,False,200,256,0.078876,0.061589,0.076863,0.801,1.026,1.0,0.094433,0.071197,1.108,0.865,374,0.061589,hst,0.835,1.281,0.652,1.281,1.0,3.8969112366871195e-16,mix,198,1.377,2827,hst,1,2.868,native,0,0.0,0.5
add32,4960,19848,8,0.01,19,False,200,256,0.081494,0.061469,0.079921,0.769,1.02,1.0,0.094648,0.072606,1.122,0.847,312,0.061469,hst,0.861,1.326,0.649,1.326,1.0,1.440904858629578e-16,mix,198,6.002,3053,hst,1,2.772,native,0,0.0,0.5
add32,4960,19848,8,0.25,17,False,200,256,0.082723,0.080532,0.297213,0.271,0.278,1.0,0.11943,0.091936,0.9,0.876,,0.080532,hst,0.693,1.027,0.674,1.027,1.0,1.834572946307244e-16,mix,199,3.943,2824,hst,1,4.101,native,0,0.0,0.5
add32,4960,19848,8,0.25,18,False,200,256,0.083065,0.081974,0.300523,0.273,0.276,1.0,0.118826,0.091177,0.911,0.899,,0.081974,hst,0.699,1.013,0.69,1.013,1.0,3.8969112366871195e-16,mix,199,1.0,2872,hst,1,4.12,native,0,0.0,0.5
add32,4960,19848,8,0.25,19,False,200,256,0.08346,0.080606,0.295073,0.273,0.283,1.0,0.118474,0.09056,0.922,0.89,,0.080606,hst,0.704,1.035,0.68,1.035,1.0,1.440904858629578e-16,mix,199,6.229,2868,hst,1,4.046,native,0,0.0,0.5
circuit_3,12127,48137,8,0.01,17,False,200,256,0.325154,0.103714,0.168154,0.617,1.934,1.0,0.182914,0.112307,2.895,0.923,27,0.103714,hst,1.778,3.135,0.567,3.135,1.0,6.734179160610594e-16,mix,199,5.797,7562,hst,1,5.824,native,0,0.0,0.5
circuit_3,12127,48137,8,0.01,18,False,200,256,0.327638,0.101018,0.171556,0.589,1.91,1.0,0.184062,0.115682,2.832,0.873,26,0.101018,hst,1.78,3.243,0.549,3.243,1.0,6.734177751265342e-16,mix,199,5.768,7551,hst,1,5.527,native,0,0.0,0.5
circuit_3,12127,48137,8,0.01,19,False,200,256,0.330886,0.10142,0.167387,0.606,1.977,1.0,0.195041,0.117071,2.826,0.866,26,0.10142,hst,1.696,3.263,0.52,3.263,1.0,1.38110199246993e-16,mix,198,5.868,7713,hst,1,5.665,native,0,0.0,0.5
circuit_3,12127,48137,8,0.25,17,False,200,256,0.341016,0.12809,0.418985,0.306,0.814,1.0,0.214104,0.143933,2.369,0.89,34,0.12809,hst,1.593,2.662,0.598,2.662,1.0,6.734179160610594e-16,mix,199,4.12,7690,hst,1,6.626,native,0,0.0,0.5
circuit_3,12127,48137,8,0.25,18,False,200,256,0.339435,0.126853,0.425133,0.298,0.798,1.0,0.213052,0.140267,2.42,0.904,33,0.126853,hst,1.593,2.676,0.595,2.676,1.0,6.734177751265342e-16,mix,199,4.094,7549,hst,1,6.605,native,0,0.0,0.5
circuit_3,12127,48137,8,0.25,19,False,200,256,0.349516,0.128746,0.434568,0.296,0.804,1.0,0.219538,0.14133,2.473,0.911,33,0.128746,hst,1.592,2.715,0.586,2.715,1.0,1.38110199246993e-16,mix,199,5.032,7653,hst,1,6.889,native,0,0.0,0.5
rajat03,7602,32653,8,0.01,17,False,200,256,0.082203,0.0741,0.102513,0.723,0.802,1.0,0.112897,0.084224,0.976,0.88,,0.0741,hst,0.728,1.109,0.656,1.109,1.0,1.5389215321852664e-16,mix,199,6.905,4106,hst,1,3.537,native,0,0.0,0.5
rajat03,7602,32653,8,0.01,18,False,200,256,0.074339,0.070045,0.096149,0.728,0.773,1.0,0.106311,0.080855,0.919,0.866,,0.070045,hst,0.699,1.061,0.659,1.061,1.0,1.5443765292083486e-16,mix,199,1.657,3918,hst,1,3.377,native,0,0.0,0.5
rajat03,7602,32653,8,0.01,19,False,200,256,0.073825,0.070341,0.098517,0.714,0.749,1.0,0.107002,0.082922,0.89,0.848,,0.070341,hst,0.69,1.05,0.657,1.05,1.0,1.5991248545154193e-16,mix,199,1.162,3990,hst,1,3.32,native,0,0.0,0.5
rajat03,7602,32653,8,0.25,17,False,200,256,0.07639,0.099119,0.424758,0.233,0.18,1.0,0.114836,0.082981,0.921,0.921,,0.07639,delta_baseline,0.665,1.0,0.665,1.0,1.298,1.5389215321852664e-16,mix,199,5.369,3731,delta_baseline,0,4.889,native,0,0.0,0.5
rajat03,7602,32653,8,0.25,18,False,200,256,0.076657,0.096348,0.424524,0.227,0.181,1.0,0.115552,0.083611,0.917,0.917,,0.076657,delta_baseline,0.663,1.0,0.663,1.0,1.257,1.5443765292083486e-16,mix,199,3.276,3704,delta_baseline,0,4.874,native,0,0.0,0.5
rajat03,7602,32653,8,0.25,19,False,200,256,0.076105,0.097064,0.428685,0.226,0.178,1.0,0.115692,0.083343,0.913,0.913,,0.076105,delta_baseline,0.658,1.0,0.658,1.0,1.275,1.5991248545154193e-16,mix,199,3.262,3717,delta_baseline,0,4.979,native,0,0.0,0.5
wang3,26064,177168,8,0.01,17,False,200,256,0.147456,0.16593,0.215856,0.769,0.683,1.0,0.230422,0.178587,0.826,0.826,,0.147456,delta_baseline,0.64,1.0,0.64,1.0,1.125,1.1305705384438466e-16,mix,199,2.697,7506,hst,1,7.919,native,0,0.0,0.5
wang3,26064,177168,8,0.01,18,False,200,256,0.151728,0.16929,0.214133,0.791,0.709,1.0,0.236953,0.183159,0.828,0.828,,0.151728,delta_baseline,0.64,1.0,0.64,1.0,1.116,2.415345571415648e-16,mix,199,3.499,7176,hst,1,8.312,native,0,0.0,0.5
wang3,26064,177168,8,0.01,19,False,200,256,0.147503,0.160371,0.20694,0.775,0.713,1.0,0.236614,0.185029,0.797,0.797,,0.147503,delta_baseline,0.623,1.0,0.623,1.0,1.087,1.1119305929315413e-16,mix,199,2.156,7679,hst,1,7.919,native,0,0.0,0.5
wang3,26064,177168,8,0.25,17,False,200,256,0.148056,0.243153,0.862668,0.282,0.172,1.0,0.235935,0.164999,0.897,0.897,,0.148056,delta_baseline,0.628,1.0,0.628,1.0,1.642,1.1305705384438466e-16,mix,199,4.608,7371,delta_baseline,0,11.246,native,0,0.0,0.5
wang3,26064,177168,8,0.25,18,False,200,256,0.148249,0.210517,0.823114,0.256,0.18,1.0,0.233266,0.166297,0.891,0.891,,0.148249,delta_baseline,0.636,1.0,0.636,1.0,1.42,2.415345571415648e-16,mix,199,7.016,6940,delta_baseline,0,10.878,native,0,0.0,0.5
wang3,26064,177168,8,0.25,19,False,200,256,0.149337,0.208873,0.82838,0.252,0.18,1.0,0.233355,0.166144,0.899,0.899,,0.149337,delta_baseline,0.64,1.0,0.64,1.0,1.399,1.1119305929315413e-16,mix,199,5.355,6931,delta_baseline,0,10.884,native,0,0.0,0.5
ct20stif,52329,2600295,8,0.01,17,False,200,256,0.683742,0.207793,0.334518,0.621,2.044,1.0,0.224033,0.206461,3.312,1.006,3,0.207793,hst,3.052,3.291,0.928,3.291,1.0,3.403944480715774e-16,mix,199,1.9,15351,hst,1,1.345,native,0,0.0,0.5
ct20stif,52329,2600295,8,0.01,18,False,200,256,0.53473,0.190472,0.298904,0.637,1.789,1.0,0.205597,0.198696,2.691,0.959,3,0.190472,hst,2.601,2.807,0.926,2.807,1.0,3.351339203340676e-16,mix,199,1.799,14281,hst,1,1.158,native,0,0.0,0.5
ct20stif,52329,2600295,8,0.01,19,False,200,256,0.590144,0.199822,0.321329,0.622,1.837,1.0,0.216288,0.204462,2.886,0.977,3,0.199822,hst,2.729,2.953,0.924,2.953,1.0,2.600013994931016e-16,mix,199,1.696,14667,hst,1,1.266,native,0,0.0,0.5
ct20stif,52329,2600295,8,0.25,17,False,200,256,0.64747,0.346656,1.222375,0.284,0.53,1.0,0.410235,0.265497,2.439,1.306,37,0.346656,hst,1.578,1.868,0.845,1.868,1.0,3.403944480715774e-16,mix,199,1.0,11468,hst,1,14.093,native,0,0.0,0.5
ct20stif,52329,2600295,8,0.25,18,False,200,256,0.632354,0.279927,1.232497,0.227,0.513,1.0,0.402001,0.274022,2.308,1.022,40,0.279927,hst,1.573,2.259,0.696,2.259,1.0,3.351339203340676e-16,mix,199,2.829,11475,hst,1,14.163,native,0,0.0,0.5
ct20stif,52329,2600295,8,0.25,19,False,200,256,0.639567,0.259287,1.2501,0.207,0.512,1.0,0.414445,0.273356,2.34,0.949,40,0.259287,hst,1.543,2.467,0.626,2.467,1.0,2.600013994931016e-16,mix,199,3.304,11945,hst,1,14.548,native,0,0.0,0.5
bcsstk18,11948,149090,8,0.01,17,False,200,256,0.217048,0.138602,0.18553,0.747,1.17,1.0,0.198033,0.150568,1.442,0.921,76,0.138602,hst,1.096,1.566,0.7,1.566,1.0,8.625236741385534e-17,mix,199,5.266,6623,hst,1,5.03,native,0,0.0,0.5
bcsstk18,11948,149090,8,0.01,18,False,200,256,0.222654,0.136263,0.181715,0.75,1.225,1.0,0.201573,0.152815,1.457,0.892,75,0.136263,hst,1.105,1.634,0.676,1.634,1.0,1.7955529896133775e-16,mix,199,1.046,6404,hst,1,5.209,native,0,0.0,0.5
bcsstk18,11948,149090,8,0.01,19,False,200,256,0.188544,0.127812,0.182611,0.7,1.032,1.0,0.193067,0.152065,1.24,0.841,140,0.127812,hst,0.977,1.475,0.662,1.475,1.0,1.3804959837172369e-16,mix,199,1.721,6569,hst,1,5.089,native,0,0.0,0.5
bcsstk18,11948,149090,8,0.25,17,False,200,256,0.223346,0.173192,0.747688,0.232,0.299,1.0,0.234523,0.181381,1.231,0.955,178,0.173192,hst,0.952,1.29,0.738,1.29,1.0,8.625236741385534e-17,mix,199,1.773,5905,hst,1,7.473,native,0,0.0,0.5
bcsstk18,11948,149090,8,0.25,18,False,200,256,0.222116,0.168012,0.743425,0.226,0.299,1.0,0.23409,0.180092,1.233,0.933,184,0.168012,hst,0.949,1.322,0.718,1.322,1.0,1.7955529896133775e-16,mix,199,4.91,5958,hst,1,7.744,native,0,0.0,0.5
bcsstk18,11948,149090,8,0.25,19,False,200,256,0.225695,0.168214,0.739169,0.228,0.305,1.0,0.235019,0.182409,1.237,0.922,176,0.168214,hst,0.96,1.342,0.716,1.342,1.0,1.3804959837172369e-16,mix,199,1.0,5825,hst,1,7.625,native,0,0.0,0.5
bcsstk25,15439,252241,8,0.01,17,False,200,256,0.242058,0.147804,0.201466,0.734,1.201,1.0,0.205837,0.15325,1.579,0.964,60,0.147804,hst,1.176,1.638,0.718,1.638,1.0,1.4310126622262146e-16,mix,199,1.448,7673,hst,1,5.293,native,0,0.0,0.5
bcsstk25,15439,252241,8,0.01,18,False,200,256,0.243075,0.138122,0.191848,0.72,1.267,1.0,0.211693,0.162144,1.499,0.852,64,0.138122,hst,1.148,1.76,0.652,1.76,1.0,2.218697631478781e-16,mix,199,1.307,7624,hst,1,5.199,native,0,0.0,0.5
bcsstk25,15439,252241,8,0.01,19,False,200,256,0.231813,0.15013,0.207313,0.724,1.118,1.0,0.210674,0.163131,1.421,0.92,81,0.15013,hst,1.1,1.544,0.713,1.544,1.0,9.427442670147338e-17,mix,199,1.268,8057,hst,1,5.561,native,0,0.0,0.5
bcsstk25,15439,252241,8,0.25,17,False,200,256,0.242664,0.182,0.743271,0.245,0.326,1.0,0.239031,0.182388,1.33,0.998,132,0.182,hst,1.015,1.333,0.761,1.333,1.0,1.4310126622262146e-16,mix,199,4.418,7410,hst,1,7.946,native,0,0.0,0.5
bcsstk25,15439,252241,8,0.25,18,False,200,256,0.24488,0.169528,0.737367,0.23,0.332,1.0,0.243043,0.184924,1.324,0.917,133,0.169528,hst,1.008,1.444,0.698,1.444,1.0,2.218697631478781e-16,mix,199,1.0,6812,hst,1,7.961,native,0,0.0,0.5
bcsstk25,15439,252241,8,0.25,19,False,200,256,0.242089,0.170806,0.747082,0.229,0.324,1.0,0.241222,0.184521,1.312,0.926,140,0.170806,hst,1.004,1.417,0.708,1.417,1.0,9.427442670147338e-17,mix,199,2.841,6988,hst,1,8.055,native,0,0.0,0.5
msc10848,10848,1229776,8,0.01,17,False,200,256,1.573726,0.313494,0.502907,0.623,3.129,1.0,0.352019,0.315055,4.995,0.995,1,0.313494,hst,4.471,5.02,0.891,5.02,1.0,3.632031213502581e-16,mix,199,3.705,10377,hst,1,1.443,native,0,0.0,0.5
msc10848,10848,1229776,8,0.01,18,False,200,256,1.648542,0.329699,0.500316,0.659,3.295,1.0,0.364996,0.325822,5.06,1.012,1,0.329699,hst,4.517,5.0,0.903,5.0,1.0,6.160502327889403e-16,mix,199,3.58,10440,hst,1,1.47,native,0,0.0,0.5
msc10848,10848,1229776,8,0.01,19,False,200,256,1.672437,0.306208,0.51164,0.598,3.269,1.0,0.359066,0.320972,5.211,0.954,1,0.306208,hst,4.658,5.462,0.853,5.462,1.0,4.460432847857754e-16,mix,199,3.631,10389,hst,1,1.459,native,0,0.0,0.5
msc10848,10848,1229776,8,0.25,17,False,200,256,1.520901,0.370344,2.372171,0.156,0.641,1.0,0.389943,0.335852,4.528,1.103,2,0.370344,hst,3.9,4.107,0.95,4.107,1.0,3.632031213502581e-16,mix,199,5.293,10017,hst,1,2.264,native,0,0.0,0.5
msc10848,10848,1229776,8,0.25,18,False,200,256,1.513197,0.327052,2.37542,0.138,0.637,1.0,0.393106,0.336693,4.494,0.971,2,0.327052,hst,3.849,4.627,0.832,4.627,1.0,6.160502327889403e-16,mix,199,2.232,9861,hst,1,2.174,native,0,0.0,0.5
msc10848,10848,1229776,8,0.25,19,False,200,256,1.503154,0.327471,2.419056,0.135,0.621,1.0,0.392414,0.333684,4.505,0.981,2,0.327471,hst,3.831,4.59,0.835,4.59,1.0,4.460432847857754e-16,mix,199,3.614,9804,hst,1,2.256,native,0,0.0,0.5
nasa2910,2910,174296,8,0.01,17,False,200,256,0.885407,0.175599,0.217036,0.809,4.08,1.0,0.202727,0.181677,4.874,0.967,1,0.175599,hst,4.367,5.042,0.866,5.042,1.0,2.8038709295888876e-16,mix,198,2.813,2910,hst,1,0.917,native,0,0.0,0.5
nasa2910,2910,174296,8,0.01,18,False,200,256,0.859689,0.156114,0.207842,0.751,4.136,1.0,0.190046,0.172413,4.986,0.905,1,0.156114,hst,4.524,5.507,0.821,5.507,1.0,3.799423773445064e-16,mix,195,2.949,2910,hst,1,0.782,native,0,0.0,0.5
nasa2910,2910,174296,8,0.01,19,False,200,256,0.895752,0.160207,0.220361,0.727,4.065,1.0,0.198668,0.176768,5.067,0.906,1,0.160207,hst,4.509,5.591,0.806,5.591,1.0,3.9854920332226225e-16,mix,197,2.8,2910,hst,1,0.852,native,0,0.0,0.5
nasa2910,2910,174296,8,0.25,17,False,200,256,0.826447,0.172681,0.855277,0.202,0.966,1.0,0.210357,0.176824,4.674,0.977,2,0.172681,hst,3.929,4.786,0.821,4.786,1.0,2.8038709295888876e-16,mix,199,2.29,2891,hst,1,1.255,native,0,0.0,0.5
nasa2910,2910,174296,8,0.25,18,False,200,256,0.822683,0.173896,0.847453,0.205,0.971,1.0,0.209902,0.178523,4.608,0.974,2,0.173896,hst,3.919,4.731,0.828,4.731,1.0,3.799423773445064e-16,mix,199,5.37,2889,hst,1,1.273,native,0,0.0,0.5
nasa2910,2910,174296,8,0.25,19,False,200,256,0.824181,0.17226,0.844735,0.204,0.976,1.0,0.212667,0.178767,4.61,0.964,2,0.17226,hst,3.875,4.785,0.81,4.785,1.0,3.9854920332226225e-16,mix,199,3.031,2900,hst,1,1.334,native,0,0.0,0.5
s3rmt3m3,5357,207123,8,0.01,17,False,200,256,0.617794,0.191042,0.243104,0.786,2.541,1.0,0.22294,0.201733,3.062,0.947,2,0.191042,hst,2.771,3.234,0.857,3.234,1.0,4.0558810500666957e-16,mix,199,3.992,4516,hst,1,1.025,native,0,0.0,0.5
s3rmt3m3,5357,207123,8,0.01,18,False,200,256,0.57512,0.182438,0.229537,0.795,2.506,1.0,0.212661,0.20045,2.869,0.91,3,0.182438,hst,2.704,3.152,0.858,3.152,1.0,4.602754019127631e-16,mix,198,3.668,4642,hst,1,0.987,native,0,0.0,0.5
s3rmt3m3,5357,207123,8,0.01,19,False,200,256,0.610156,0.189969,0.242127,0.785,2.52,1.0,0.221714,0.207623,2.939,0.915,3,0.189969,hst,2.752,3.212,0.857,3.212,1.0,3.6103403035014226e-16,mix,199,3.648,4631,hst,1,1.032,native,0,0.0,0.5
s3rmt3m3,5357,207123,8,0.25,17,False,200,256,0.609026,0.20544,0.778014,0.264,0.783,1.0,0.361423,0.233102,2.613,0.881,27,0.20544,hst,1.685,2.965,0.568,2.965,1.0,4.0558810500666957e-16,mix,199,2.199,4171,hst,1,10.252,native,0,0.0,0.5
s3rmt3m3,5357,207123,8,0.25,18,False,200,256,0.611145,0.205085,0.774766,0.265,0.789,1.0,0.357028,0.233543,2.617,0.878,27,0.205085,hst,1.712,2.98,0.574,2.98,1.0,4.602754019127631e-16,mix,199,4.123,4232,hst,1,10.115,native,0,0.0,0.5
s3rmt3m3,5357,207123,8,0.25,19,False,200,256,0.593563,0.200812,0.774335,0.259,0.767,1.0,0.359966,0.231342,2.566,0.868,28,0.200812,hst,1.649,2.956,0.558,2.956,1.0,3.6103403035014226e-16,mix,199,2.475,4278,hst,1,10.14,native,0,0.0,0.5
olafu,16146,1015156,8,0.01,17,False,200,256,0.704394,0.219342,0.333433,0.658,2.113,1.0,0.231784,0.218835,3.219,1.002,2,0.219342,hst,3.039,3.211,0.946,3.211,1.0,5.582074938205133e-16,mix,199,4.557,10693,hst,1,1.002,native,0,0.0,0.5
olafu,16146,1015156,8,0.01,18,False,200,256,0.657531,0.196951,0.307148,0.641,2.141,1.0,0.213438,0.203242,3.235,0.969,2,0.196951,hst,3.081,3.339,0.923,3.339,1.0,6.4036469396236e-16,mix,199,4.318,11293,hst,1,0.885,native,0,0.0,0.5
olafu,16146,1015156,8,0.01,19,False,200,256,0.698706,0.214665,0.330849,0.649,2.112,1.0,0.234957,0.222377,3.142,0.965,2,0.214665,hst,2.974,3.255,0.914,3.255,1.0,4.864534386882603e-16,mix,199,4.322,11251,hst,1,1.153,native,0,0.0,0.5
olafu,16146,1015156,8,0.25,17,False,200,256,0.759473,0.258846,1.203144,0.215,0.631,1.0,0.397177,0.253043,3.001,1.023,22,0.258846,hst,1.912,2.934,0.652,2.934,1.0,5.582074938205133e-16,mix,199,3.204,9630,hst,1,11.117,native,0,0.0,0.5
olafu,16146,1015156,8,0.25,18,False,200,256,0.760302,0.234577,1.204818,0.195,0.631,1.0,0.396282,0.256799,2.961,0.913,22,0.234577,hst,1.919,3.241,0.592,3.241,1.0,6.4036469396236e-16,mix,199,4.747,9532,hst,1,10.98,native,0,0.0,0.5
olafu,16146,1015156,8,0.25,19,False,200,256,0.758171,0.231831,1.212828,0.191,0.625,1.0,0.398336,0.256829,2.952,0.903,22,0.231831,hst,1.903,3.27,0.582,3.27,1.0,4.864534386882603e-16,mix,199,2.57,9383,hst,1,11.191,native,0,0.0,0.5
raefsky3,21200,1488768,8,0.01,17,False,200,256,0.829381,0.202321,0.301347,0.671,2.752,1.0,0.222637,0.205772,4.031,0.983,2,0.202321,hst,3.725,4.099,0.909,4.099,1.0,4.21040283801125e-16,mix,199,1.393,10128,hst,1,0.964,native,0,0.0,0.5
raefsky3,21200,1488768,8,0.01,18,False,200,256,0.829542,0.186972,0.282154,0.663,2.94,1.0,0.213578,0.195582,4.241,0.956,1,0.186972,hst,3.884,4.437,0.875,4.437,1.0,3.542741100665178e-16,mix,199,1.911,10056,hst,1,0.923,native,0,0.0,0.5
raefsky3,21200,1488768,8,0.01,19,False,200,256,0.832972,0.188659,0.272098,0.693,3.061,1.0,0.218935,0.201611,4.132,0.936,1,0.188659,hst,3.805,4.415,0.862,4.415,1.0,2.936613481310225e-16,mix,199,4.536,10264,hst,1,0.945,native,0,0.0,0.5
raefsky3,21200,1488768,8,0.25,17,False,200,256,0.828858,0.251444,0.956899,0.263,0.866,1.0,0.255394,0.223611,3.707,1.124,3,0.251444,hst,3.245,3.296,0.985,3.296,1.0,4.21040283801125e-16,mix,199,2.653,8368,hst,1,1.522,native,0,0.0,0.5
raefsky3,21200,1488768,8,0.25,18,False,200,256,0.833506,0.220534,0.95059,0.232,0.877,1.0,0.256999,0.225581,3.695,0.978,3,0.220534,hst,3.243,3.779,0.858,3.779,1.0,3.542741100665178e-16,mix,199,3.269,8488,hst,1,1.663,native,0,0.0,0.5
raefsky3,21200,1488768,8,0.25,19,False,200,256,0.833925,0.217903,0.942501,0.231,0.885,1.0,0.256075,0.223943,3.724,0.973,3,0.217903,hst,3.257,3.827,0.851,3.827,1.0,2.936613481310225e-16,mix,199,3.129,8168,hst,1,1.591,native,0,0.0,0.5
epb2,25228,175027,8,0.01,17,False,200,256,0.197116,0.154621,0.177474,0.871,1.111,1.0,0.241212,0.172657,1.142,0.896,320,0.154621,hst,0.817,1.275,0.641,1.275,1.0,1.2653601002823704e-16,mix,199,2.425,4456,hst,1,7.815,native,0,0.0,0.5
epb2,25228,175027,8,0.01,18,False,200,256,0.145288,0.143761,0.155877,0.922,0.932,1.0,0.209265,0.161952,0.897,0.888,,0.143761,hst,0.694,1.011,0.687,1.011,1.0,1.0817377525460358e-16,mix,199,2.704,4415,hst,1,7.075,native,0,0.0,0.5
epb2,25228,175027,8,0.01,19,False,200,256,0.144071,0.142886,0.152867,0.935,0.942,1.0,0.211571,0.162145,0.889,0.881,,0.142886,hst,0.681,1.008,0.675,1.008,1.0,1.2261168325020086e-16,mix,199,2.444,4261,hst,1,7.112,native,0,0.0,0.5
epb2,25228,175027,8,0.25,17,False,200,256,0.163826,0.20431,0.532186,0.384,0.308,1.0,0.265483,0.204512,0.801,0.801,,0.163826,delta_baseline,0.617,1.0,0.617,1.0,1.247,1.2653601002823704e-16,mix,199,5.88,4020,hst,1,10.05,native,0,0.0,0.5
epb2,25228,175027,8,0.25,18,False,200,256,0.159433,0.189766,0.526928,0.36,0.303,1.0,0.265047,0.20481,0.778,0.778,,0.159433,delta_baseline,0.602,1.0,0.602,1.0,1.19,1.0817377525460358e-16,mix,199,1.0,3865,hst,1,10.006,native,0,0.0,0.5
epb2,25228,175027,8,0.25,19,False,200,256,0.119543,0.129395,0.428064,0.302,0.279,1.0,0.179298,0.13544,0.883,0.883,,0.119543,delta_baseline,0.667,1.0,0.667,1.0,1.082,1.2261168325020086e-16,mix,199,1.778,3987,delta_baseline,0,7.705,native,0,0.0,0.5
TSOPF_RS_b39_c30,60098,1079986,8,0.01,17,False,200,256,14.548619,0.553941,0.977826,0.567,14.879,1.0,1.082704,0.520575,27.947,1.064,1,0.553941,hst,13.437,26.264,0.512,26.264,1.0,1.3924108160288588e-16,mix,199,1.76,33088,hst,1,8.437,native,0,0.0,0.75
TSOPF_RS_b39_c30,60098,1079986,8,0.01,18,False,200,256,14.621627,0.525775,0.971148,0.541,15.056,1.0,1.067942,0.528095,27.688,0.996,1,0.525775,hst,13.691,27.81,0.492,27.81,1.0,1.3924108160288588e-16,mix,199,1.782,33266,hst,1,8.219,native,0,0.0,0.75
TSOPF_RS_b39_c30,60098,1079986,8,0.01,19,False,200,256,14.519531,0.508491,0.914051,0.556,15.885,1.0,1.054948,0.515016,28.192,0.987,1,0.508491,hst,13.763,28.554,0.482,28.554,1.0,1.3924108160288588e-16,mix,199,1.78,33262,hst,1,8.303,native,0,0.0,0.75
TSOPF_RS_b39_c30,60098,1079986,8,0.25,17,False,200,256,14.670161,0.645586,1.892335,0.341,7.752,1.0,1.126254,0.604316,24.276,1.068,1,0.645586,hst,13.026,22.724,0.573,22.724,1.0,1.3924108160288588e-16,mix,199,4.217,33512,hst,1,8.553,native,0,0.0,0.75
TSOPF_RS_b39_c30,60098,1079986,8,0.25,18,False,200,256,14.477339,0.628404,1.89556,0.332,7.638,1.0,1.120692,0.610901,23.698,1.029,1,0.628404,hst,12.918,23.038,0.561,23.038,1.0,1.3924108160288588e-16,mix,199,4.222,33148,hst,1,8.596,native,0,0.0,0.75
TSOPF_RS_b39_c30,60098,1079986,8,0.25,19,False,200,256,14.541064,0.617403,1.83927,0.336,7.906,1.0,1.157632,0.611299,23.787,1.01,1,0.617403,hst,12.561,23.552,0.533,23.552,1.0,1.3924108160288588e-16,mix,199,4.182,33166,hst,1,9.086,native,0,0.0,0.75
TSOPF_RS_b162_c3,15374,610299,8,0.01,17,False,200,256,8.663096,0.344181,0.508233,0.677,17.046,1.0,0.664882,0.348826,24.835,0.987,1,0.344181,hst,13.03,25.17,0.518,25.17,1.0,1.2582477660838618e-16,mix,199,2.72,10291,hst,1,4.392,native,0,0.0,0.75
TSOPF_RS_b162_c3,15374,610299,8,0.01,18,False,200,256,8.706543,0.344766,0.541522,0.637,16.078,1.0,0.694457,0.37716,23.084,0.914,1,0.344766,hst,12.537,25.253,0.496,25.253,1.0,1.2582477660838618e-16,mix,199,2.746,10222,hst,1,4.49,native,0,0.0,0.75
TSOPF_RS_b162_c3,15374,610299,8,0.01,19,False,200,256,8.717958,0.345716,0.552215,0.626,15.787,1.0,0.671889,0.354753,24.575,0.975,1,0.345716,hst,12.975,25.217,0.515,25.217,1.0,1.2582477660838618e-16,mix,199,2.81,10297,hst,1,4.416,native,0,0.0,0.75
TSOPF_RS_b162_c3,15374,610299,8,0.25,17,False,200,256,8.838224,0.42018,1.22806,0.342,7.197,1.0,0.72861,0.416707,21.21,1.008,1,0.42018,hst,12.13,21.034,0.577,21.034,1.0,1.2582477660838618e-16,mix,199,2.784,10387,hst,1,4.893,native,0,0.0,0.75
TSOPF_RS_b162_c3,15374,610299,8,0.25,18,False,200,256,8.741702,0.413273,1.253181,0.33,6.976,1.0,0.71167,0.418547,20.886,0.987,1,0.413273,hst,12.283,21.152,0.581,21.152,1.0,1.2582477660838618e-16,mix,199,2.433,10440,hst,1,4.652,native,0,0.0,0.75
TSOPF_RS_b162_c3,15374,610299,8,0.25,19,False,200,256,8.790049,0.415306,1.259595,0.33,6.978,1.0,0.746985,0.418413,21.008,0.993,1,0.415306,hst,11.767,21.165,0.556,21.165,1.0,1.2582477660838618e-16,mix,199,2.26,10335,hst,1,5.092,native,0,0.0,0.75
TSOPF_RS_b300_c1,14538,1474325,8,0.01,17,False,200,256,14.035504,0.728693,1.228105,0.593,11.429,1.0,1.533197,0.735442,19.084,0.991,1,0.728693,hst,9.154,19.261,0.475,19.261,1.0,1.1112960972222602e-16,mix,199,3.135,9811,hst,1,9.89,native,0,0.0,0.75
TSOPF_RS_b300_c1,14538,1474325,8,0.01,18,False,200,256,13.260172,0.746262,1.24233,0.601,10.674,1.0,1.558528,0.748855,17.707,0.997,1,0.746262,hst,8.508,17.769,0.479,17.769,1.0,1.1112960972222602e-16,mix,199,3.342,9918,hst,1,10.01,native,0,0.0,0.75
TSOPF_RS_b300_c1,14538,1474325,8,0.01,19,False,200,256,12.575342,0.725659,1.208567,0.6,10.405,1.0,1.512517,0.729311,17.243,0.995,1,0.725659,hst,8.314,17.33,0.48,17.33,1.0,1.1112960972222602e-16,mix,199,3.579,9861,hst,1,9.463,native,0,0.0,0.75
TSOPF_RS_b300_c1,14538,1474325,8,0.25,17,False,200,256,15.351504,0.764505,2.675257,0.286,5.738,1.0,1.340355,0.739553,20.758,1.034,1,0.764505,hst,11.453,20.08,0.57,20.08,1.0,1.1112960972222602e-16,mix,199,2.826,9829,hst,1,8.231,native,0,0.0,0.75
TSOPF_RS_b300_c1,14538,1474325,8,0.25,18,False,200,256,15.320802,0.747368,2.635674,0.284,5.813,1.0,1.240012,0.755407,20.282,0.989,0,0.747368,hst,12.355,20.5,0.603,20.5,1.0,1.1112960972222602e-16,mix,199,2.868,9614,hst,1,6.789,native,0,0.0,0.75
TSOPF_RS_b300_c1,14538,1474325,8,0.25,19,False,200,256,15.738345,0.774268,2.564043,0.302,6.138,1.0,1.378975,0.767512,20.506,1.009,1,0.774268,hst,11.413,20.327,0.561,20.327,1.0,1.1112960972222602e-16,mix,199,2.714,9701,hst,1,8.92,native,0,0.0,0.75
case9,14454,147972,8,0.01,17,False,200,256,1.297307,0.134656,0.232145,0.58,5.588,1.0,0.181469,0.139434,9.304,0.966,1,0.134656,hst,7.149,9.634,0.742,9.634,1.0,1.8253563338087409e-16,mix,199,2.975,9332,hst,1,1.322,native,0,0.0,0.75
case9,14454,147972,8,0.01,18,False,200,256,1.262267,0.148642,0.254452,0.584,4.961,1.0,0.209096,0.168255,7.502,0.883,1,0.148642,hst,6.037,8.492,0.711,8.492,1.0,1.6384614607668743e-15,mix,199,3.171,9393,hst,1,1.435,native,0,0.0,0.75
case9,14454,147972,8,0.01,19,False,200,256,1.267254,0.134521,0.222842,0.604,5.687,1.0,0.18108,0.141636,8.947,0.95,1,0.134521,hst,6.998,9.421,0.743,9.421,1.0,1.8253563338087409e-16,mix,199,2.937,9217,hst,1,1.335,native,0,0.0,0.75
case9,14454,147972,8,0.25,17,False,200,256,1.220938,0.183586,0.651475,0.282,1.874,1.0,0.227237,0.180129,6.778,1.019,2,0.183586,hst,5.373,6.65,0.808,6.65,1.0,1.8253563338087409e-16,mix,199,5.471,9240,hst,1,1.729,native,0,0.0,0.75
case9,14454,147972,8,0.25,18,False,200,256,1.228227,0.185142,0.687392,0.269,1.787,1.0,0.240148,0.184535,6.656,1.003,2,0.185142,hst,5.114,6.634,0.771,6.634,1.0,1.6384614607668743e-15,mix,199,5.633,9264,hst,1,2.099,native,0,0.0,0.75
case9,14454,147972,8,0.25,19,False,200,256,1.205381,0.175635,0.657947,0.267,1.832,1.0,0.227026,0.179091,6.731,0.981,2,0.175635,hst,5.309,6.863,0.774,6.863,1.0,1.8253563338087409e-16,mix,199,5.683,9218,hst,1,1.737,native,0,0.0,0.75
bcspwr09,1723,6511,8,0.01,17,False,200,256,0.080405,0.054434,0.067915,0.801,1.184,1.0,0.086607,0.061282,1.312,0.888,146,0.054434,hst,0.928,1.477,0.629,1.477,1.0,3.3992994908668667e-16,mix,172,3.22,1624,hst,1,2.788,native,0,0.0,0.75
bcspwr09,1723,6511,8,0.01,18,False,200,256,0.082832,0.054722,0.068802,0.795,1.204,1.0,0.088316,0.06273,1.32,0.872,143,0.054722,hst,0.938,1.514,0.62,1.514,1.0,1.860896069197576e-16,mix,175,2.896,1660,hst,1,2.883,native,0,0.0,0.75
bcspwr09,1723,6511,8,0.01,19,False,200,256,0.079078,0.056084,0.068226,0.822,1.159,1.0,0.087141,0.062246,1.27,0.901,171,0.056084,hst,0.907,1.41,0.644,1.41,1.0,1.4472386138826977e-16,mix,182,3.101,1658,hst,1,2.87,native,0,0.0,0.75
bcspwr09,1723,6511,8,0.25,17,False,200,256,0.080725,0.065215,0.223205,0.292,0.362,1.0,0.099016,0.071911,1.123,0.907,372,0.065215,hst,0.815,1.238,0.659,1.238,1.0,3.3992994908668667e-16,mix,199,3.792,1641,hst,1,3.281,native,0,0.0,0.75
bcspwr09,1723,6511,8,0.25,18,False,200,256,0.080909,0.064405,0.226398,0.284,0.357,1.0,0.098983,0.071928,1.125,0.895,372,0.064405,hst,0.817,1.256,0.651,1.256,1.0,1.860896069197576e-16,mix,199,3.773,1647,hst,1,3.338,native,0,0.0,0.75
bcspwr09,1723,6511,8,0.25,19,False,200,256,0.079701,0.064611,0.22321,0.289,0.357,1.0,0.098499,0.071843,1.109,0.899,420,0.064611,hst,0.809,1.234,0.656,1.234,1.0,1.4472386138826977e-16,mix,199,3.732,1648,hst,1,3.301,native,0,0.0,0.75
bcspwr10,5300,21842,8,0.01,17,False,200,256,0.087538,0.095956,0.154488,0.621,0.567,1.0,0.118804,0.09074,0.965,0.965,,0.087538,delta_baseline,0.737,1.0,0.737,1.0,1.096,1.871280638170483e-16,mix,199,5.819,4056,hst,1,4.094,native,0,0.0,0.75
bcspwr10,5300,21842,8,0.01,18,False,200,256,0.089626,0.08428,0.147097,0.573,0.609,1.0,0.122561,0.09219,0.972,0.914,,0.08428,hst,0.731,1.063,0.688,1.063,1.0,3.513861746800697e-16,mix,199,5.656,4083,hst,1,4.288,native,0,0.0,0.75
bcspwr10,5300,21842,8,0.01,19,False,200,256,0.086936,0.082479,0.146637,0.562,0.593,1.0,0.121531,0.091402,0.951,0.902,,0.082479,hst,0.715,1.054,0.679,1.054,1.0,2.258919437555397e-16,mix,199,5.943,3930,hst,1,4.14,native,0,0.0,0.75
bcspwr10,5300,21842,8,0.25,17,False,200,256,0.08912,0.097732,0.598619,0.163,0.149,1.0,0.126874,0.095727,0.931,0.931,,0.08912,delta_baseline,0.702,1.0,0.702,1.0,1.097,1.871280638170483e-16,mix,199,3.713,3983,delta_baseline,0,4.755,native,0,0.0,0.75
bcspwr10,5300,21842,8,0.25,18,False,200,256,0.088171,0.097343,0.599911,0.162,0.147,1.0,0.127472,0.095646,0.922,0.922,,0.088171,delta_baseline,0.692,1.0,0.692,1.0,1.104,3.513861746800697e-16,mix,199,5.893,3966,delta_baseline,0,4.73,native,0,0.0,0.75
bcspwr10,5300,21842,8,0.25,19,False,200,256,0.089108,0.097598,0.600047,0.163,0.149,1.0,0.125341,0.094566,0.942,0.942,,0.089108,delta_baseline,0.711,1.0,0.711,1.0,1.095,2.258919437555397e-16,mix,199,6.001,4008,delta_baseline,0,4.678,native,0,0.0,0.75
scircuit,170998,958936,8,0.01,17,False,200,256,0.160345,0.263066,0.192237,1.368,0.834,1.0,0.31866,0.174451,0.919,0.919,,0.160345,delta_baseline,0.503,1.0,0.503,1.0,1.641,2.6050372849850016e-16,mix,199,3.035,7149,hst,1,25.428,native,0,0.0,0.75
scircuit,170998,958936,8,0.01,18,False,200,256,0.126145,0.155828,0.159615,0.976,0.79,1.0,0.303369,0.164117,0.769,0.769,,0.126145,delta_baseline,0.416,1.0,0.416,1.0,1.235,2.0386846321125864e-16,mix,199,3.493,5311,hst,1,25.235,native,0,0.0,0.75
scircuit,170998,958936,8,0.01,19,False,200,256,0.19392,0.173235,0.224204,0.773,0.865,1.0,0.355547,0.198705,0.976,0.872,,0.173235,hst,0.545,1.119,0.487,1.119,1.0,1.8803246323926756e-16,mix,199,2.372,6905,hst,1,26.981,native,0,0.0,0.75
scircuit,170998,958936,8,0.25,17,False,200,256,0.137802,0.320569,0.763514,0.42,0.18,1.0,0.332455,0.1824,0.755,0.755,,0.137802,delta_baseline,0.414,1.0,0.414,1.0,2.326,2.6050372849850016e-16,mix,199,4.13,5955,delta_baseline,0,30.893,native,0,0.0,0.75
scircuit,170998,958936,8,0.25,18,False,200,256,0.142606,0.300306,0.766421,0.392,0.186,1.0,0.332232,0.181644,0.785,0.785,,0.142606,delta_baseline,0.429,1.0,0.429,1.0,2.106,2.0386846321125864e-16,mix,199,2.015,5783,delta_baseline,0,30.77,native,0,0.0,0.75
scircuit,170998,958936,8,0.25,19,False,200,256,0.142675,0.287559,0.761035,0.378,0.187,1.0,0.327625,0.166265,0.858,0.858,,0.142675,delta_baseline,0.435,1.0,0.435,1.0,2.015,1.8803246323926756e-16,mix,199,5.966,6572,delta_baseline,0,31.841,native,0,0.0,0.75
memplus,17758,99147,8,0.01,17,False,200,256,0.636679,0.129294,0.227911,0.567,2.794,1.0,0.164842,0.130766,4.869,0.989,2,0.129294,hst,3.862,4.924,0.784,4.924,1.0,3.582437197197559e-16,mix,199,3.748,9582,hst,1,1.251,native,0,0.0,0.75
memplus,17758,99147,8,0.01,18,False,200,256,0.579692,0.130216,0.23327,0.558,2.485,1.0,0.168062,0.133242,4.351,0.977,3,0.130216,hst,3.449,4.452,0.775,4.452,1.0,3.582443742956908e-16,mix,199,4.095,9764,hst,1,1.279,native,0,0.0,0.75
memplus,17758,99147,8,0.01,19,False,200,256,0.619063,0.121165,0.20687,0.586,2.993,1.0,0.156835,0.127271,4.864,0.952,2,0.121165,hst,3.947,5.109,0.773,5.109,1.0,4.41481093913526e-16,mix,199,3.773,9352,hst,1,1.136,native,0,0.0,0.75
memplus,17758,99147,8,0.25,17,False,200,256,0.295308,0.156242,0.726478,0.215,0.406,1.0,0.237835,0.162688,1.815,0.96,59,0.156242,hst,1.242,1.89,0.657,1.89,1.0,3.582437197197559e-16,mix,199,5.052,7813,hst,1,7.834,native,0,0.0,0.75
memplus,17758,99147,8,0.25,18,False,200,256,0.366512,0.151431,0.724845,0.209,0.506,1.0,0.267625,0.169416,2.163,0.894,43,0.151431,hst,1.369,2.42,0.566,2.42,1.0,3.582443742956908e-16,mix,199,3.895,6893,hst,1,8.511,native,0,0.0,0.75
memplus,17758,99147,8,0.25,19,False,200,256,0.313161,0.148775,0.709632,0.21,0.441,1.0,0.258753,0.16517,1.896,0.901,57,0.148775,hst,1.21,2.105,0.575,2.105,1.0,4.41481093913526e-16,mix,199,4.59,8538,hst,1,8.394,native,0,0.0,0.75
add32,4960,19848,8,0.01,17,False,200,256,0.080623,0.063766,0.083298,0.766,0.968,1.0,0.095995,0.072479,1.112,0.88,351,0.063766,hst,0.84,1.264,0.664,1.264,1.0,1.834572946307244e-16,mix,197,6.127,3017,hst,1,2.858,native,0,0.0,0.75
add32,4960,19848,8,0.01,18,False,200,256,0.077858,0.061862,0.079535,0.778,0.979,1.0,0.095048,0.071973,1.082,0.86,492,0.061862,hst,0.819,1.259,0.651,1.259,1.0,3.8969112366871195e-16,mix,198,1.377,2827,hst,1,2.898,native,0,0.0,0.75
add32,4960,19848,8,0.01,19,False,200,256,0.080969,0.061518,0.078982,0.779,1.025,1.0,0.094777,0.071745,1.129,0.857,306,0.061518,hst,0.854,1.316,0.649,1.316,1.0,1.440904858629578e-16,mix,198,6.002,3053,hst,1,2.825,native,0,0.0,0.75
add32,4960,19848,8,0.25,17,False,200,256,0.078778,0.085536,0.335755,0.255,0.235,1.0,0.12209,0.095292,0.827,0.827,,0.078778,delta_baseline,0.645,1.0,0.645,1.0,1.086,1.834572946307244e-16,mix,199,5.376,2989,hst,1,4.28,native,0,0.0,0.75
add32,4960,19848,8,0.25,18,False,200,256,0.078435,0.085653,0.330846,0.259,0.237,1.0,0.114431,0.084913,0.924,0.924,,0.078435,delta_baseline,0.685,1.0,0.685,1.0,1.092,3.8969112366871195e-16,mix,199,4.745,2856,delta_baseline,0,4.374,native,0,0.0,0.75
add32,4960,19848,8,0.25,19,False,200,256,0.078373,0.084695,0.335245,0.253,0.234,1.0,0.122802,0.095739,0.819,0.819,,0.078373,delta_baseline,0.638,1.0,0.638,1.0,1.081,1.440904858629578e-16,mix,199,4.753,3021,hst,1,4.292,native,0,0.0,0.75
circuit_3,12127,48137,8,0.01,17,False,200,256,0.318123,0.096911,0.164133,0.59,1.938,1.0,0.179953,0.115415,2.756,0.84,26,0.096911,hst,1.768,3.283,0.539,3.283,1.0,6.734179160610594e-16,mix,199,5.797,7562,hst,1,5.184,native,0,0.0,0.75
circuit_3,12127,48137,8,0.01,18,False,200,256,0.320078,0.102608,0.169545,0.605,1.888,1.0,0.184252,0.115044,2.782,0.892,27,0.102608,hst,1.737,3.119,0.557,3.119,1.0,6.734177751265342e-16,mix,199,5.768,7551,hst,1,5.536,native,0,0.0,0.75
circuit_3,12127,48137,8,0.01,19,False,200,256,0.327664,0.100333,0.171109,0.586,1.915,1.0,0.117553,0.103082,3.179,0.973,4,0.100333,hst,2.787,3.266,0.854,3.266,1.0,1.38110199246993e-16,mix,198,5.868,7713,hst,1,0.919,native,0,0.0,0.75
circuit_3,12127,48137,8,0.25,17,False,200,256,0.317812,0.126188,0.471357,0.268,0.674,1.0,0.210336,0.138048,2.302,0.914,37,0.126188,hst,1.511,2.519,0.6,2.519,1.0,6.734179160610594e-16,mix,199,1.851,7548,hst,1,6.741,native,0,0.0,0.75
circuit_3,12127,48137,8,0.25,18,False,200,256,0.317347,0.122617,0.470659,0.261,0.674,1.0,0.209719,0.137255,2.312,0.893,37,0.122617,hst,1.513,2.588,0.585,2.588,1.0,6.734177751265342e-16,mix,199,4.024,7753,hst,1,6.701,native,0,0.0,0.75
circuit_3,12127,48137,8,0.25,19,False,200,256,0.332984,0.123267,0.455444,0.271,0.731,1.0,0.214413,0.137796,2.416,0.895,35,0.123267,hst,1.553,2.701,0.575,2.701,1.0,1.38110199246993e-16,mix,199,2.249,7587,hst,1,6.874,native,0,0.0,0.75
rajat03,7602,32653,8,0.01,17,False,200,256,0.082394,0.074695,0.101291,0.737,0.813,1.0,0.110056,0.082461,0.999,0.906,,0.074695,hst,0.749,1.103,0.679,1.103,1.0,1.5389215321852664e-16,mix,199,6.905,4106,hst,1,3.441,native,0,0.0,0.75
rajat03,7602,32653,8,0.01,18,False,200,256,0.074928,0.07124,0.094741,0.752,0.791,1.0,0.10624,0.08107,0.924,0.879,,0.07124,hst,0.705,1.052,0.671,1.052,1.0,1.5443765292083486e-16,mix,199,1.657,3918,hst,1,3.359,native,0,0.0,0.75
rajat03,7602,32653,8,0.01,19,False,200,256,0.074457,0.071006,0.096453,0.736,0.772,1.0,0.106541,0.083641,0.89,0.849,,0.071006,hst,0.699,1.049,0.666,1.049,1.0,1.5991248545154193e-16,mix,199,1.162,3990,hst,1,3.198,native,0,0.0,0.75
rajat03,7602,32653,8,0.25,17,False,200,256,0.078077,0.100891,0.47792,0.211,0.163,1.0,0.118312,0.085215,0.916,0.916,,0.078077,delta_baseline,0.66,1.0,0.66,1.0,1.292,1.5389215321852664e-16,mix,199,5.745,4288,delta_baseline,0,5.037,native,0,0.0,0.75
rajat03,7602,32653,8,0.25,18,False,200,256,0.077,0.110179,0.483871,0.228,0.159,1.0,0.117704,0.08419,0.915,0.915,,0.077,delta_baseline,0.654,1.0,0.654,1.0,1.431,1.5443765292083486e-16,mix,199,2.75,4212,delta_baseline,0,5.125,native,0,0.0,0.75
rajat03,7602,32653,8,0.25,19,False,200,256,0.076901,0.09938,0.468699,0.212,0.164,1.0,0.11712,0.083994,0.916,0.916,,0.076901,delta_baseline,0.657,1.0,0.657,1.0,1.292,1.5991248545154193e-16,mix,199,3.375,4009,delta_baseline,0,4.987,native,0,0.0,0.75
wang3,26064,177168,8,0.01,17,False,200,256,0.108279,0.10808,0.158322,0.683,0.684,1.0,0.14934,0.114116,0.949,0.947,,0.10808,hst,0.725,1.002,0.724,1.002,1.0,1.1305705384438466e-16,mix,199,2.697,7506,hst,1,5.404,native,0,0.0,0.75
wang3,26064,177168,8,0.01,18,False,200,256,0.10611,0.104004,0.154187,0.675,0.688,1.0,0.147927,0.113657,0.934,0.915,,0.104004,hst,0.717,1.02,0.703,1.02,1.0,2.415345571415648e-16,mix,199,3.499,7176,hst,1,5.376,native,0,0.0,0.75
wang3,26064,177168,8,0.01,19,False,200,256,0.106797,0.103062,0.153599,0.671,0.695,1.0,0.148292,0.114546,0.932,0.9,,0.103062,hst,0.72,1.036,0.695,1.036,1.0,1.1119305929315413e-16,mix,199,2.156,7679,hst,1,5.216,native,0,0.0,0.75
wang3,26064,177168,8,0.25,17,False,200,256,0.106123,0.172842,0.726298,0.238,0.146,1.0,0.161503,0.114922,0.923,0.923,,0.106123,delta_baseline,0.657,1.0,0.657,1.0,1.629,1.1305705384438466e-16,mix,199,1.0,7839,delta_baseline,0,7.998,native,0,0.0,0.75
wang3,26064,177168,8,0.25,18,False,200,256,0.105764,0.156593,0.732119,0.214,0.144,1.0,0.162726,0.114994,0.92,0.92,,0.105764,delta_baseline,0.65,1.0,0.65,1.0,1.481,2.415345571415648e-16,mix,199,6.622,7860,delta_baseline,0,8.16,native,0,0.0,0.75
wang3,26064,177168,8,0.25,19,False,200,256,0.105701,0.15415,0.73929,0.209,0.143,1.0,0.162933,0.115009,0.919,0.919,,0.105701,delta_baseline,0.649,1.0,0.649,1.0,1.458,1.1119305929315413e-16,mix,199,5.747,8055,delta_baseline,0,8.165,native,0,0.0,0.75
ct20stif,52329,2600295,8,0.01,17,False,200,256,0.684661,0.208966,0.326132,0.641,2.099,1.0,0.22426,0.206252,3.32,1.013,3,0.208966,hst,3.053,3.276,0.932,3.276,1.0,3.403944480715774e-16,mix,199,1.9,15351,hst,1,1.376,native,0,0.0,0.75
ct20stif,52329,2600295,8,0.01,18,False,200,256,0.535271,0.192184,0.306278,0.627,1.748,1.0,0.204443,0.196732,2.721,0.977,3,0.192184,hst,2.618,2.785,0.94,2.785,1.0,3.351339203340676e-16,mix,199,1.799,14281,hst,1,1.173,native,0,0.0,0.75
ct20stif,52329,2600295,8,0.01,19,False,200,256,0.601966,0.199997,0.317448,0.63,1.896,1.0,0.218007,0.206473,2.915,0.969,3,0.199997,hst,2.761,3.01,0.917,3.01,1.0,2.600013994931016e-16,mix,199,1.696,14667,hst,1,1.304,native,0,0.0,0.75
ct20stif,52329,2600295,8,0.25,17,False,200,256,0.622819,0.41409,1.64786,0.251,0.378,1.0,0.45815,0.317534,1.961,1.304,52,0.41409,hst,1.359,1.504,0.904,1.504,1.0,3.403944480715774e-16,mix,199,4.572,14508,hst,1,15.861,native,0,0.0,0.75
ct20stif,52329,2600295,8,0.25,18,False,200,256,0.618616,0.319987,1.652619,0.194,0.374,1.0,0.44935,0.319237,1.938,1.002,53,0.319987,hst,1.377,1.933,0.712,1.933,1.0,3.351339203340676e-16,mix,199,3.559,14880,hst,1,15.895,native,0,0.0,0.75
ct20stif,52329,2600295,8,0.25,19,False,200,256,0.62957,0.301909,1.650532,0.183,0.381,1.0,0.458016,0.321077,1.961,0.94,53,0.301909,hst,1.375,2.085,0.659,2.085,1.0,2.600013994931016e-16,mix,199,1.703,14867,hst,1,16.449,native,0,0.0,0.75
bcsstk18,11948,149090,8,0.01,17,False,200,256,0.279577,0.201952,0.252987,0.798,1.105,1.0,0.291913,0.22584,1.238,0.894,139,0.201952,hst,0.958,1.384,0.692,1.384,1.0,8.625236741385534e-17,mix,199,5.266,6623,hst,1,7.46,native,0,0.0,0.75
bcsstk18,11948,149090,8,0.01,18,False,200,256,0.288927,0.194822,0.242649,0.803,1.191,1.0,0.287481,0.218348,1.323,0.892,108,0.194822,hst,1.005,1.483,0.678,1.483,1.0,1.7955529896133775e-16,mix,199,1.046,6404,hst,1,7.596,native,0,0.0,0.75
bcsstk18,11948,149090,8,0.01,19,False,200,256,0.247525,0.186904,0.238761,0.783,1.037,1.0,0.270562,0.210708,1.175,0.887,203,0.186904,hst,0.915,1.324,0.691,1.324,1.0,1.3804959837172369e-16,mix,199,1.721,6569,hst,1,7.477,native,0,0.0,0.75
bcsstk18,11948,149090,8,0.25,17,False,200,256,0.268506,0.264009,1.118495,0.236,0.24,1.0,0.340181,0.268474,1.0,0.983,351307,0.264009,hst,0.789,1.017,0.776,1.017,1.0,8.625236741385534e-17,mix,199,1.0,6913,hst,1,11.144,native,0,0.0,0.75
bcsstk18,11948,149090,8,0.25,18,False,200,256,0.261751,0.250233,1.103877,0.227,0.237,1.0,0.343379,0.272745,0.96,0.917,,0.250233,hst,0.762,1.046,0.729,1.046,1.0,1.7955529896133775e-16,mix,199,2.572,6706,hst,1,11.308,native,0,0.0,0.75
bcsstk18,11948,149090,8,0.25,19,False,200,256,0.268166,0.249824,1.101187,0.227,0.244,1.0,0.342361,0.273216,0.982,0.914,,0.249824,hst,0.783,1.073,0.73,1.073,1.0,1.3804959837172369e-16,mix,199,5.72,6970,hst,1,11.179,native,0,0.0,0.75
bcsstk25,15439,252241,8,0.01,17,False,200,256,0.307734,0.192305,0.261285,0.736,1.178,1.0,0.290546,0.218438,1.409,0.88,86,0.192305,hst,1.059,1.6,0.662,1.6,1.0,1.4310126622262146e-16,mix,199,1.448,7673,hst,1,7.646,native,0,0.0,0.75
bcsstk25,15439,252241,8,0.01,18,False,200,256,0.309274,0.199129,0.255878,0.778,1.209,1.0,0.290616,0.2206,1.402,0.903,83,0.199129,hst,1.064,1.553,0.685,1.553,1.0,2.218697631478781e-16,mix,199,1.307,7624,hst,1,7.392,native,0,0.0,0.75
bcsstk25,15439,252241,8,0.01,19,False,200,256,0.233816,0.148719,0.207082,0.718,1.129,1.0,0.214775,0.167062,1.4,0.89,84,0.148719,hst,1.089,1.572,0.692,1.572,1.0,9.427442670147338e-17,mix,199,1.268,8057,hst,1,5.603,native,0,0.0,0.75
bcsstk25,15439,252241,8,0.25,17,False,200,256,0.233351,0.205897,0.908943,0.227,0.257,1.0,0.261301,0.205671,1.135,1.001,309,0.205897,hst,0.893,1.133,0.788,1.133,1.0,1.4310126622262146e-16,mix,199,4.717,8120,hst,1,8.559,native,0,0.0,0.75
bcsstk25,15439,252241,8,0.25,18,False,200,256,0.229458,0.1926,0.918821,0.21,0.25,1.0,0.264704,0.207519,1.106,0.928,399,0.1926,hst,0.867,1.191,0.728,1.191,1.0,2.218697631478781e-16,mix,199,5.056,8377,hst,1,8.762,native,0,0.0,0.75
bcsstk25,15439,252241,8,0.25,19,False,200,256,0.230668,0.191683,0.910703,0.21,0.253,1.0,0.26156,0.206622,1.116,0.928,365,0.191683,hst,0.882,1.203,0.733,1.203,1.0,9.427442670147338e-17,mix,199,5.515,8117,hst,1,8.783,native,0,0.0,0.75
msc10848,10848,1229776,8,0.01,17,False,200,256,1.5675,0.323207,0.520443,0.621,3.012,1.0,0.359152,0.322712,4.857,1.002,1,0.323207,hst,4.364,4.85,0.9,4.85,1.0,3.632031213502581e-16,mix,199,3.705,10377,hst,1,1.478,native,0,0.0,0.75
msc10848,10848,1229776,8,0.01,18,False,200,256,1.643847,0.31878,0.535347,0.595,3.071,1.0,0.376882,0.340092,4.834,0.937,1,0.31878,hst,4.362,5.157,0.846,5.157,1.0,6.160502327889403e-16,mix,199,3.58,10440,hst,1,1.462,native,0,0.0,0.75
msc10848,10848,1229776,8,0.01,19,False,200,256,1.665153,0.313172,0.526935,0.594,3.16,1.0,0.367625,0.331068,5.03,0.946,1,0.313172,hst,4.529,5.317,0.852,5.317,1.0,4.460432847857754e-16,mix,199,3.631,10389,hst,1,1.55,native,0,0.0,0.75
msc10848,10848,1229776,8,0.25,17,False,200,256,1.540508,0.425356,3.108304,0.137,0.496,1.0,0.462471,0.407179,3.783,1.045,2,0.425356,hst,3.331,3.622,0.92,3.622,1.0,3.632031213502581e-16,mix,199,3.392,10494,hst,1,2.499,native,0,0.0,0.75
msc10848,10848,1229776,8,0.25,18,False,200,256,1.527437,0.39606,3.158292,0.125,0.484,1.0,0.461425,0.404507,3.776,0.979,2,0.39606,hst,3.31,3.857,0.858,3.857,1.0,6.160502327889403e-16,mix,199,4.905,10446,hst,1,2.622,native,0,0.0,0.75
msc10848,10848,1229776,8,0.25,19,False,200,256,1.549837,0.391867,3.063715,0.128,0.506,1.0,0.45811,0.399509,3.879,0.981,2,0.391867,hst,3.383,3.955,0.855,3.955,1.0,4.460432847857754e-16,mix,199,3.816,10512,hst,1,2.689,native,0,0.0,0.75
nasa2910,2910,174296,8,0.01,17,False,200,256,0.88562,0.175369,0.21539,0.814,4.112,1.0,0.203854,0.182742,4.846,0.96,1,0.175369,hst,4.344,5.05,0.86,5.05,1.0,2.8038709295888876e-16,mix,198,2.813,2910,hst,1,0.865,native,0,0.0,0.75
nasa2910,2910,174296,8,0.01,18,False,200,256,0.857568,0.174103,0.208176,0.836,4.119,1.0,0.19259,0.174325,4.919,0.999,1,0.174103,hst,4.453,4.926,0.904,4.926,1.0,3.799423773445064e-16,mix,195,2.949,2910,hst,1,0.772,native,0,0.0,0.75
nasa2910,2910,174296,8,0.01,19,False,200,256,0.893626,0.162905,0.222808,0.731,4.011,1.0,0.199714,0.177722,5.028,0.917,1,0.162905,hst,4.475,5.486,0.816,5.486,1.0,3.9854920332226225e-16,mix,197,2.8,2910,hst,1,0.875,native,0,0.0,0.75
nasa2910,2910,174296,8,0.25,17,False,200,256,0.804574,0.19463,0.985109,0.198,0.817,1.0,0.233673,0.201555,3.992,0.966,2,0.19463,hst,3.443,4.134,0.833,4.134,1.0,2.8038709295888876e-16,mix,199,4.118,2894,hst,1,1.422,native,0,0.0,0.75
nasa2910,2910,174296,8,0.25,18,False,200,256,0.799014,0.194538,0.993067,0.196,0.805,1.0,0.373184,0.22152,3.607,0.878,16,0.194538,hst,2.141,4.107,0.521,4.107,1.0,3.799423773445064e-16,mix,199,3.891,2900,hst,1,9.339,native,0,0.0,0.75
nasa2910,2910,174296,8,0.25,19,False,200,256,0.806487,0.19189,0.990118,0.194,0.815,1.0,0.2331,0.19984,4.036,0.96,2,0.19189,hst,3.46,4.203,0.823,4.203,1.0,3.9854920332226225e-16,mix,199,4.211,2905,hst,1,1.415,native,0,0.0,0.75
s3rmt3m3,5357,207123,8,0.01,17,False,200,256,0.490109,0.131122,0.177965,0.737,2.754,1.0,0.151933,0.13661,3.588,0.96,2,0.131122,hst,3.226,3.738,0.863,3.738,1.0,4.0558810500666957e-16,mix,199,3.992,4516,hst,1,0.67,native,0,0.0,0.75
s3rmt3m3,5357,207123,8,0.01,18,False,200,256,0.459618,0.120297,0.167921,0.716,2.737,1.0,0.143328,0.133168,3.451,0.903,2,0.120297,hst,3.207,3.821,0.839,3.821,1.0,4.602754019127631e-16,mix,198,3.668,4642,hst,1,0.63,native,0,0.0,0.75
s3rmt3m3,5357,207123,8,0.01,19,False,200,256,0.48535,0.126314,0.177753,0.711,2.73,1.0,0.150314,0.140128,3.464,0.901,2,0.126314,hst,3.229,3.842,0.84,3.842,1.0,3.6103403035014226e-16,mix,199,3.648,4631,hst,1,0.643,native,0,0.0,0.75
s3rmt3m3,5357,207123,8,0.25,17,False,200,256,0.474304,0.164611,0.738884,0.223,0.642,1.0,0.27779,0.181275,2.616,0.908,27,0.164611,hst,1.707,2.881,0.593,2.881,1.0,4.0558810500666957e-16,mix,199,4.026,4922,hst,1,7.916,native,0,0.0,0.75
s3rmt3m3,5357,207123,8,0.25,18,False,200,256,0.476694,0.162966,0.750588,0.217,0.635,1.0,0.277488,0.181251,2.63,0.899,26,0.162966,hst,1.718,2.925,0.587,2.925,1.0,4.602754019127631e-16,mix,199,2.581,4709,hst,1,7.805,native,0,0.0,0.75
s3rmt3m3,5357,207123,8,0.25,19,False,200,256,0.47793,0.160781,0.740259,0.217,0.646,1.0,0.280202,0.183383,2.606,0.877,27,0.160781,hst,1.706,2.973,0.574,2.973,1.0,3.6103403035014226e-16,mix,199,3.272,4906,hst,1,7.934,native,0,0.0,0.75
olafu,16146,1015156,8,0.01,17,False,200,256,0.702587,0.21801,0.344849,0.632,2.037,1.0,0.233064,0.219661,3.199,0.992,2,0.21801,hst,3.015,3.223,0.935,3.223,1.0,5.582074938205133e-16,mix,199,4.557,10693,hst,1,0.997,native,0,0.0,0.75
olafu,16146,1015156,8,0.01,18,False,200,256,0.65612,0.196672,0.313561,0.627,2.092,1.0,0.213849,0.203922,3.218,0.964,2,0.196672,hst,3.068,3.336,0.92,3.336,1.0,6.4036469396236e-16,mix,199,4.318,11293,hst,1,0.932,native,0,0.0,0.75
olafu,16146,1015156,8,0.01,19,False,200,256,0.696295,0.210429,0.328577,0.64,2.119,1.0,0.232969,0.220633,3.156,0.954,2,0.210429,hst,2.989,3.309,0.903,3.309,1.0,4.864534386882603e-16,mix,199,4.322,11251,hst,1,1.072,native,0,0.0,0.75
olafu,16146,1015156,8,0.25,17,False,200,256,0.749655,0.304877,1.593756,0.191,0.47,1.0,0.439025,0.297393,2.521,1.025,28,0.304877,hst,1.708,2.459,0.694,2.459,1.0,5.582074938205133e-16,mix,199,4.542,11589,hst,1,12.497,native,0,0.0,0.75
olafu,16146,1015156,8,0.25,18,False,200,256,0.74724,0.269305,1.593728,0.169,0.469,1.0,0.436299,0.297961,2.508,0.904,28,0.269305,hst,1.713,2.775,0.617,2.775,1.0,6.4036469396236e-16,mix,199,3.508,11234,hst,1,12.61,native,0,0.0,0.75
olafu,16146,1015156,8,0.25,19,False,200,256,0.7574,0.274624,1.594975,0.172,0.475,1.0,0.442056,0.299164,2.532,0.918,28,0.274624,hst,1.713,2.758,0.621,2.758,1.0,4.864534386882603e-16,mix,199,1.0,11680,hst,1,12.708,native,0,0.0,0.75
raefsky3,21200,1488768,8,0.01,17,False,200,256,0.823916,0.192167,0.297224,0.647,2.772,1.0,0.216319,0.198346,4.154,0.969,2,0.192167,hst,3.809,4.288,0.888,4.288,1.0,4.21040283801125e-16,mix,199,1.393,10128,hst,1,0.969,native,0,0.0,0.75
raefsky3,21200,1488768,8,0.01,18,False,200,256,0.823861,0.181017,0.279239,0.648,2.95,1.0,0.209367,0.190246,4.331,0.951,2,0.181017,hst,3.935,4.551,0.865,4.551,1.0,3.542741100665178e-16,mix,199,1.911,10056,hst,1,0.978,native,0,0.0,0.75
raefsky3,21200,1488768,8,0.01,19,False,200,256,0.826566,0.183913,0.280495,0.656,2.947,1.0,0.214811,0.196897,4.198,0.934,2,0.183913,hst,3.848,4.494,0.856,4.494,1.0,2.936613481310225e-16,mix,199,4.536,10264,hst,1,0.98,native,0,0.0,0.75
raefsky3,21200,1488768,8,0.25,17,False,200,256,0.826536,0.296152,1.307775,0.226,0.632,1.0,0.443653,0.28723,2.878,1.031,23,0.296152,hst,1.863,2.791,0.668,2.791,1.0,4.21040283801125e-16,mix,199,3.246,10304,hst,1,12.486,native,0,0.0,0.75
raefsky3,21200,1488768,8,0.25,18,False,200,256,0.824669,0.264072,1.291821,0.204,0.638,1.0,0.446818,0.290548,2.838,0.909,24,0.264072,hst,1.846,3.123,0.591,3.123,1.0,3.542741100665178e-16,mix,199,1.667,10872,hst,1,12.703,native,0,0.0,0.75
raefsky3,21200,1488768,8,0.25,19,False,200,256,0.832678,0.276074,1.292438,0.214,0.644,1.0,0.444608,0.287309,2.898,0.961,23,0.276074,hst,1.873,3.016,0.621,3.016,1.0,2.936613481310225e-16,mix,199,3.529,10296,hst,1,12.672,native,0,0.0,0.75
epb2,25228,175027,8,0.01,17,False,200,256,0.149019,0.099222,0.124929,0.794,1.193,1.0,0.155779,0.108421,1.374,0.915,128,0.099222,hst,0.957,1.502,0.637,1.502,1.0,1.2653601002823704e-16,mix,199,2.425,4456,hst,1,5.177,native,0,0.0,0.75
epb2,25228,175027,8,0.01,18,False,200,256,0.106977,0.092548,0.108846,0.85,0.983,1.0,0.133325,0.101052,1.059,0.916,793,0.092548,hst,0.802,1.156,0.694,1.156,1.0,1.0817377525460358e-16,mix,199,2.704,4415,hst,1,4.699,native,0,0.0,0.75
epb2,25228,175027,8,0.01,19,False,200,256,0.105564,0.09034,0.108486,0.833,0.973,1.0,0.134152,0.101614,1.039,0.889,1182,0.09034,hst,0.787,1.169,0.673,1.169,1.0,1.2261168325020086e-16,mix,199,2.444,4261,hst,1,4.669,native,0,0.0,0.75
epb2,25228,175027,8,0.25,17,False,200,256,0.110068,0.152665,0.485967,0.314,0.226,1.0,0.164285,0.117066,0.94,0.94,,0.110068,delta_baseline,0.67,1.0,0.67,1.0,1.387,1.2653601002823704e-16,mix,199,1.0,4941,delta_baseline,0,7.526,native,0,0.0,0.75
epb2,25228,175027,8,0.25,18,False,200,256,0.107339,0.141832,0.488028,0.291,0.22,1.0,0.161076,0.116358,0.922,0.922,,0.107339,delta_baseline,0.666,1.0,0.666,1.0,1.321,1.0817377525460358e-16,mix,199,1.882,4914,delta_baseline,0,7.551,native,0,0.0,0.75
epb2,25228,175027,8,0.25,19,False,200,256,0.109016,0.142823,0.490775,0.291,0.222,1.0,0.162217,0.118498,0.92,0.92,,0.109016,delta_baseline,0.672,1.0,0.672,1.0,1.31,1.2261168325020086e-16,mix,199,4.904,4873,delta_baseline,0,7.424,native,0,0.0,0.75
TSOPF_RS_b39_c30,60098,1079986,8,0.01,17,False,200,256,5.305109,0.51803,0.950752,0.545,5.58,1.0,0.98889,0.486531,10.904,1.065,2,0.51803,hst,5.365,10.241,0.524,10.241,1.0,1.3924108160288588e-16,mix,199,2.309,33946,hst,1,7.926,native,0,0.0,1.0
TSOPF_RS_b39_c30,60098,1079986,8,0.01,18,False,200,256,6.499958,0.489801,0.971845,0.504,6.688,1.0,1.042312,0.490793,13.244,0.998,1,0.489801,hst,6.236,13.271,0.47,13.271,1.0,1.3924108160288588e-16,mix,199,2.275,33712,hst,1,8.474,native,0,0.0,1.0
TSOPF_RS_b39_c30,60098,1079986,8,0.01,19,False,200,256,6.078763,0.496948,0.945638,0.526,6.428,1.0,1.01307,0.489985,12.406,1.014,1,0.496948,hst,6.0,12.232,0.491,12.232,1.0,1.3924108160288588e-16,mix,199,2.246,33635,hst,1,8.061,native,0,0.0,1.0
TSOPF_RS_b39_c30,60098,1079986,8,0.25,17,False,200,256,0.43397,0.268616,0.945081,0.284,0.459,1.0,0.483744,0.211212,2.055,1.272,24,0.268616,hst,0.897,1.616,0.555,1.616,1.0,1.3924108160288588e-16,mix,199,5.524,8872,hst,1,5.364,native,0,0.0,1.0
TSOPF_RS_b39_c30,60098,1079986,8,0.25,18,False,200,256,0.526554,0.240655,1.18889,0.202,0.443,1.0,0.514227,0.2218,2.374,1.085,20,0.240655,hst,1.024,2.188,0.468,2.188,1.0,1.3924108160288588e-16,mix,199,1.0,8680,hst,1,6.192,native,0,0.0,1.0
TSOPF_RS_b39_c30,60098,1079986,8,0.25,19,False,200,256,0.491835,0.225881,1.018702,0.222,0.483,1.0,0.430494,0.212507,2.314,1.063,15,0.225881,hst,1.142,2.177,0.525,2.177,1.0,1.3924108160288588e-16,mix,199,2.694,8696,hst,1,4.191,native,0,0.0,1.0
TSOPF_RS_b162_c3,15374,610299,8,0.01,17,False,200,256,3.540453,0.342317,0.557092,0.614,6.355,1.0,0.654501,0.342937,10.324,0.998,1,0.342317,hst,5.409,10.343,0.523,10.343,1.0,1.2582477660838618e-16,mix,199,3.671,10868,hst,1,4.475,native,0,0.0,1.0
TSOPF_RS_b162_c3,15374,610299,8,0.01,18,False,200,256,3.706987,0.33951,0.558147,0.608,6.642,1.0,0.659848,0.344586,10.758,0.985,1,0.33951,hst,5.618,10.919,0.515,10.919,1.0,1.2582477660838618e-16,mix,199,3.742,10602,hst,1,4.308,native,0,0.0,1.0
TSOPF_RS_b162_c3,15374,610299,8,0.01,19,False,200,256,3.096511,0.313603,0.490663,0.639,6.311,1.0,0.638896,0.310798,9.963,1.009,2,0.313603,hst,4.847,9.874,0.491,9.874,1.0,1.2582477660838618e-16,mix,199,4.154,10779,hst,1,4.476,native,0,0.0,1.0
TSOPF_RS_b162_c3,15374,610299,8,0.25,17,False,200,256,0.645509,0.248347,1.351185,0.184,0.478,1.0,0.409357,0.2405,2.684,1.033,8,0.248347,hst,1.577,2.599,0.607,2.599,1.0,1.2582477660838618e-16,mix,199,3.619,8745,hst,1,3.119,native,0,0.0,1.0
TSOPF_RS_b162_c3,15374,610299,8,0.25,18,False,200,256,0.628325,0.241079,1.3014,0.185,0.483,1.0,0.411077,0.235805,2.665,1.022,9,0.241079,hst,1.528,2.606,0.586,2.606,1.0,1.2582477660838618e-16,mix,199,4.299,8508,hst,1,3.674,native,0,0.0,1.0
TSOPF_RS_b162_c3,15374,610299,8,0.25,19,False,200,256,0.622922,0.229192,1.313934,0.174,0.474,1.0,0.396714,0.222843,2.795,1.028,8,0.229192,hst,1.57,2.718,0.578,2.718,1.0,1.2582477660838618e-16,mix,199,2.441,10742,hst,1,3.07,native,0,0.0,1.0
TSOPF_RS_b300_c1,14538,1474325,8,0.01,17,False,200,256,9.044795,0.725861,1.256006,0.578,7.201,1.0,1.515727,0.720947,12.546,1.007,1,0.725861,hst,5.967,12.461,0.479,12.461,1.0,1.1112960972222602e-16,mix,199,3.572,10263,hst,1,9.815,native,0,0.0,1.0
TSOPF_RS_b300_c1,14538,1474325,8,0.01,18,False,200,256,10.336477,0.715524,1.283255,0.558,8.055,1.0,1.514996,0.716854,14.419,0.998,1,0.715524,hst,6.823,14.446,0.472,14.446,1.0,1.1112960972222602e-16,mix,199,4.133,10119,hst,1,9.706,native,0,0.0,1.0
TSOPF_RS_b300_c1,14538,1474325,8,0.01,19,False,200,256,8.530451,0.70152,1.234582,0.568,6.91,1.0,1.491872,0.707033,12.065,0.992,1,0.70152,hst,5.718,12.16,0.47,12.16,1.0,1.1112960972222602e-16,mix,199,4.803,10106,hst,1,9.518,native,0,0.0,1.0
TSOPF_RS_b300_c1,14538,1474325,8,0.25,17,False,200,256,1.664216,0.420148,2.585023,0.163,0.644,1.0,0.804377,0.390827,4.258,1.075,4,0.420148,hst,2.069,3.961,0.522,3.961,1.0,1.1112960972222602e-16,mix,199,3.977,10158,hst,1,5.472,native,0,0.0,1.0
TSOPF_RS_b300_c1,14538,1474325,8,0.25,18,False,200,256,1.579082,0.375979,2.387534,0.157,0.661,1.0,0.819207,0.370209,4.265,1.016,5,0.375979,hst,1.928,4.2,0.459,4.2,1.0,1.1112960972222602e-16,mix,199,5.179,10253,hst,1,6.191,native,0,0.0,1.0
TSOPF_RS_b300_c1,14538,1474325,8,0.25,19,False,200,256,1.645288,0.394784,2.41517,0.163,0.681,1.0,0.81144,0.383371,4.292,1.03,5,0.394784,hst,2.028,4.168,0.487,4.168,1.0,1.1112960972222602e-16,mix,199,5.674,9810,hst,1,6.232,native,0,0.0,1.0
case9,14454,147972,8,0.01,17,False,200,256,0.482723,0.127832,0.227532,0.562,2.122,1.0,0.170178,0.128407,3.759,0.996,4,0.127832,hst,2.837,3.776,0.751,3.776,1.0,1.8253563338087409e-16,mix,199,2.948,7497,hst,1,1.284,native,0,0.0,1.0
case9,14454,147972,8,0.01,18,False,200,256,0.372335,0.121614,0.204335,0.595,1.822,1.0,0.165158,0.120375,3.093,1.01,5,0.121614,hst,2.254,3.062,0.736,3.062,1.0,1.6384614607668743e-15,mix,199,4.011,4992,hst,1,1.361,native,0,0.0,1.0
case9,14454,147972,8,0.01,19,False,200,256,0.733055,0.130799,0.23149,0.565,3.167,1.0,0.177777,0.13787,5.317,0.949,2,0.130799,hst,4.123,5.604,0.736,5.604,1.0,1.8253563338087409e-16,mix,199,3.169,9497,hst,1,1.292,native,0,0.0,1.0
case9,14454,147972,8,0.25,17,False,200,256,0.195021,0.154,0.733097,0.21,0.266,1.0,0.249806,0.207908,0.938,0.741,,0.154,hst,0.781,1.266,0.616,1.266,1.0,1.8253563338087409e-16,mix,199,2.711,5340,delta_baseline,0,7.882,native,0,0.0,1.0
case9,14454,147972,8,0.25,18,False,200,256,0.203116,0.14427,0.670076,0.215,0.303,1.0,0.214866,0.153369,1.324,0.941,149,0.14427,hst,0.945,1.408,0.671,1.408,1.0,1.6384614607668743e-15,mix,199,1.0,5136,hst,1,7.415,native,0,0.0,1.0
case9,14454,147972,8,0.25,19,False,200,256,0.174027,0.142799,0.723633,0.197,0.24,1.0,0.226774,0.155284,1.121,0.92,414,0.142799,hst,0.767,1.219,0.63,1.219,1.0,1.8253563338087409e-16,mix,199,2.72,5106,hst,1,7.752,native,0,0.0,1.0
bcspwr09,1723,6511,8,0.01,17,False,200,256,0.07963,0.056545,0.070279,0.805,1.133,1.0,0.090499,0.063761,1.249,0.887,189,0.056545,hst,0.88,1.408,0.625,1.408,1.0,3.3992994908668667e-16,mix,190,2.964,1659,hst,1,3.002,native,0,0.0,1.0
bcspwr09,1723,6511,8,0.01,18,False,200,256,0.077336,0.054107,0.069449,0.779,1.114,1.0,0.088947,0.062127,1.245,0.871,204,0.054107,hst,0.869,1.429,0.608,1.429,1.0,1.860896069197576e-16,mix,183,2.905,1653,hst,1,3.11,native,0,0.0,1.0
bcspwr09,1723,6511,8,0.01,19,False,200,256,0.07738,0.052075,0.066847,0.779,1.158,1.0,0.086548,0.060314,1.283,0.863,170,0.052075,hst,0.894,1.486,0.602,1.486,1.0,1.4472386138826977e-16,mix,172,2.763,1661,hst,1,2.895,native,0,0.0,1.0
bcspwr09,1723,6511,8,0.25,17,False,200,256,0.076385,0.063119,0.225289,0.28,0.339,1.0,0.097009,0.070529,1.083,0.895,563,0.063119,hst,0.787,1.21,0.651,1.21,1.0,3.3992994908668667e-16,mix,199,3.943,1655,hst,1,3.296,native,0,0.0,1.0
bcspwr09,1723,6511,8,0.25,18,False,200,256,0.076629,0.063233,0.228541,0.277,0.335,1.0,0.098134,0.071885,1.066,0.88,690,0.063233,hst,0.781,1.212,0.644,1.212,1.0,1.860896069197576e-16,mix,199,3.235,1666,hst,1,3.275,native,0,0.0,1.0
bcspwr09,1723,6511,8,0.25,19,False,200,256,0.076219,0.062725,0.226067,0.277,0.337,1.0,0.096745,0.070386,1.083,0.891,568,0.062725,hst,0.788,1.215,0.648,1.215,1.0,1.4472386138826977e-16,mix,199,3.862,1645,hst,1,3.312,native,0,0.0,1.0
bcspwr10,5300,21842,8,0.01,17,False,200,256,0.086128,0.084104,0.149934,0.561,0.574,1.0,0.12005,0.090951,0.947,0.925,,0.084104,hst,0.717,1.024,0.701,1.024,1.0,1.871280638170483e-16,mix,199,5.821,4123,hst,1,4.27,native,0,0.0,1.0
bcspwr10,5300,21842,8,0.01,18,False,200,256,0.088789,0.084135,0.150068,0.561,0.592,1.0,0.122603,0.091568,0.97,0.919,,0.084135,hst,0.724,1.055,0.686,1.055,1.0,3.513861746800697e-16,mix,198,5.858,4104,hst,1,4.484,native,0,0.0,1.0
bcspwr10,5300,21842,8,0.01,19,False,200,256,0.086706,0.083308,0.152916,0.545,0.567,1.0,0.122071,0.092976,0.933,0.896,,0.083308,hst,0.71,1.041,0.682,1.041,1.0,2.258919437555397e-16,mix,198,6.009,4020,hst,1,4.262,native,0,0.0,1.0
bcspwr10,5300,21842,8,0.25,17,False,200,256,0.085413,0.096631,0.598935,0.161,0.143,1.0,0.124247,0.092316,0.925,0.925,,0.085413,delta_baseline,0.687,1.0,0.687,1.0,1.131,1.871280638170483e-16,mix,199,5.144,4028,delta_baseline,0,4.819,native,0,0.0,1.0
bcspwr10,5300,21842,8,0.25,18,False,200,256,0.084577,0.09698,0.607004,0.16,0.139,1.0,0.122858,0.09128,0.927,0.927,,0.084577,delta_baseline,0.688,1.0,0.688,1.0,1.147,3.513861746800697e-16,mix,199,2.624,4058,delta_baseline,0,4.746,native,0,0.0,1.0
bcspwr10,5300,21842,8,0.25,19,False,200,256,0.085347,0.096245,0.602048,0.16,0.142,1.0,0.124413,0.091784,0.93,0.93,,0.085347,delta_baseline,0.686,1.0,0.686,1.0,1.128,2.258919437555397e-16,mix,199,5.411,3903,delta_baseline,0,4.857,native,0,0.0,1.0
scircuit,170998,958936,8,0.01,17,False,200,256,0.131633,0.271998,0.197412,1.378,0.667,1.0,0.322509,0.1816,0.725,0.725,,0.131633,delta_baseline,0.408,1.0,0.408,1.0,2.066,2.6050372849850016e-16,mix,199,3.766,6918,hst,1,25.071,native,0,0.0,1.0
scircuit,170998,958936,8,0.01,18,False,200,256,0.118409,0.159994,0.184616,0.867,0.641,1.0,0.315402,0.182979,0.647,0.647,,0.118409,delta_baseline,0.375,1.0,0.375,1.0,1.351,2.0386846321125864e-16,mix,199,3.543,6283,hst,1,24.475,native,0,0.0,1.0
scircuit,170998,958936,8,0.01,19,False,200,256,0.15526,0.17625,0.221767,0.795,0.7,1.0,0.357332,0.199611,0.778,0.778,,0.15526,delta_baseline,0.434,1.0,0.434,1.0,1.135,1.8803246323926756e-16,mix,199,3.241,6717,hst,1,27.164,native,0,0.0,1.0
scircuit,170998,958936,8,0.25,17,False,200,256,0.124364,0.339358,0.816738,0.416,0.152,1.0,0.322426,0.159308,0.781,0.781,,0.124364,delta_baseline,0.386,1.0,0.386,1.0,2.729,2.6050372849850016e-16,mix,199,1.0,7820,delta_baseline,0,29.588,native,0,0.0,1.0
scircuit,170998,958936,8,0.25,18,False,200,256,0.120976,0.317562,0.796656,0.399,0.152,1.0,0.325435,0.158992,0.761,0.761,,0.120976,delta_baseline,0.372,1.0,0.372,1.0,2.625,2.0386846321125864e-16,mix,199,1.0,6461,delta_baseline,0,30.596,native,0,0.0,1.0
scircuit,170998,958936,8,0.25,19,False,200,256,0.124368,0.298824,0.806765,0.37,0.154,1.0,0.329954,0.159631,0.779,0.779,,0.124368,delta_baseline,0.377,1.0,0.377,1.0,2.403,1.8803246323926756e-16,mix,199,5.174,6829,delta_baseline,0,31.0,native,0,0.0,1.0
memplus,17758,99147,8,0.01,17,False,200,256,0.407342,0.126413,0.215243,0.587,1.892,1.0,0.158081,0.122987,3.312,1.028,5,0.126413,hst,2.577,3.222,0.8,3.222,1.0,3.582437197197559e-16,mix,199,5.088,7649,hst,1,1.28,native,0,0.0,1.0
memplus,17758,99147,8,0.01,18,False,200,256,0.411857,0.124061,0.208347,0.595,1.977,1.0,0.160313,0.124792,3.3,0.994,4,0.124061,hst,2.569,3.32,0.774,3.32,1.0,3.582443742956908e-16,mix,199,6.196,6173,hst,1,1.272,native,0,0.0,1.0
memplus,17758,99147,8,0.01,19,False,200,256,0.355494,0.116928,0.19047,0.614,1.866,1.0,0.151858,0.1214,2.928,0.963,5,0.116928,hst,2.341,3.04,0.77,3.04,1.0,4.41481093913526e-16,mix,199,5.417,6554,hst,1,1.136,native,0,0.0,1.0
memplus,17758,99147,8,0.25,17,False,200,256,0.118235,0.141097,0.588801,0.24,0.201,1.0,0.194026,0.143148,0.826,0.826,,0.118235,delta_baseline,0.609,1.0,0.609,1.0,1.193,3.582437197197559e-16,mix,199,2.608,4987,hst,1,6.993,native,0,0.0,1.0
memplus,17758,99147,8,0.25,18,False,200,256,0.121185,0.133353,0.587516,0.227,0.206,1.0,0.197557,0.143725,0.843,0.843,,0.121185,delta_baseline,0.613,1.0,0.613,1.0,1.1,3.582443742956908e-16,mix,199,3.863,5619,hst,1,7.179,native,0,0.0,1.0
memplus,17758,99147,8,0.25,19,False,200,256,0.11751,0.133357,0.583024,0.229,0.202,1.0,0.195662,0.143437,0.819,0.819,,0.11751,delta_baseline,0.601,1.0,0.601,1.0,1.135,4.41481093913526e-16,mix,199,1.0,4204,hst,1,7.244,native,0,0.0,1.0
add32,4960,19848,8,0.01,17,False,200,256,0.071745,0.067132,0.088314,0.76,0.812,1.0,0.099786,0.076183,0.942,0.881,,0.067132,hst,0.719,1.069,0.673,1.069,1.0,1.834572946307244e-16,mix,199,1.917,2967,hst,1,2.988,native,0,0.0,1.0
add32,4960,19848,8,0.01,18,False,200,256,0.072908,0.066879,0.08507,0.786,0.857,1.0,0.099185,0.075764,0.962,0.883,,0.066879,hst,0.735,1.09,0.674,1.09,1.0,3.8969112366871195e-16,mix,199,2.348,2871,hst,1,3.041,native,0,0.0,1.0
add32,4960,19848,8,0.01,19,False,200,256,0.072296,0.063587,0.084345,0.754,0.857,1.0,0.096092,0.074719,0.968,0.851,,0.063587,hst,0.752,1.137,0.662,1.137,1.0,1.440904858629578e-16,mix,199,2.018,2943,hst,1,2.833,native,0,0.0,1.0
add32,4960,19848,8,0.25,17,False,200,256,0.073085,0.085032,0.354805,0.24,0.206,1.0,0.109736,0.080469,0.908,0.908,,0.073085,delta_baseline,0.666,1.0,0.666,1.0,1.163,1.834572946307244e-16,mix,199,3.632,3231,delta_baseline,0,4.401,native,0,0.0,1.0
add32,4960,19848,8,0.25,18,False,200,256,0.073247,0.084936,0.350609,0.242,0.209,1.0,0.109881,0.080928,0.905,0.905,,0.073247,delta_baseline,0.667,1.0,0.667,1.0,1.16,3.8969112366871195e-16,mix,199,3.166,2971,delta_baseline,0,4.327,native,0,0.0,1.0
add32,4960,19848,8,0.25,19,False,200,256,0.074984,0.085595,0.34947,0.245,0.215,1.0,0.109387,0.080714,0.929,0.929,,0.074984,delta_baseline,0.685,1.0,0.685,1.0,1.142,1.440904858629578e-16,mix,199,3.247,2982,delta_baseline,0,4.293,native,0,0.0,1.0
circuit_3,12127,48137,8,0.01,17,False,200,256,0.08006,0.083955,0.115165,0.729,0.695,1.0,0.12906,0.089788,0.892,0.892,,0.08006,delta_baseline,0.62,1.0,0.62,1.0,1.049,6.734179160610594e-16,mix,199,3.595,3369,hst,1,4.513,native,0,0.0,1.0
circuit_3,12127,48137,8,0.01,18,False,200,256,0.090988,0.08399,0.115132,0.73,0.79,1.0,0.153909,0.098195,0.927,0.855,,0.08399,hst,0.591,1.083,0.546,1.083,1.0,6.734177751265342e-16,mix,199,4.789,3334,hst,1,5.067,native,0,0.0,1.0
circuit_3,12127,48137,8,0.01,19,False,200,256,0.139422,0.093524,0.157288,0.595,0.886,1.0,0.111217,0.095945,1.453,0.975,21,0.093524,hst,1.254,1.491,0.841,1.491,1.0,1.38110199246993e-16,mix,199,2.44,3532,hst,1,0.899,native,0,0.0,1.0
circuit_3,12127,48137,8,0.25,17,False,200,256,0.070929,0.118261,0.493122,0.24,0.144,1.0,0.11402,0.070425,1.007,1.007,11273,0.070929,delta_baseline,0.622,1.0,0.622,1.0,1.667,6.734179160610594e-16,mix,199,6.564,7633,delta_baseline,0,5.681,native,0,0.0,1.0
circuit_3,12127,48137,8,0.25,18,False,200,256,0.077788,0.114163,0.464815,0.246,0.167,1.0,0.16699,0.127005,0.612,0.612,,0.077788,delta_baseline,0.466,1.0,0.466,1.0,1.468,6.734177751265342e-16,mix,199,3.831,3388,hst,1,5.735,native,0,0.0,1.0
circuit_3,12127,48137,8,0.25,19,False,200,256,0.076079,0.114615,0.458951,0.25,0.166,1.0,0.16794,0.122642,0.62,0.62,,0.076079,delta_baseline,0.453,1.0,0.453,1.0,1.507,1.38110199246993e-16,mix,199,2.141,3298,hst,1,6.343,native,0,0.0,1.0
rajat03,7602,32653,8,0.01,17,False,200,256,0.076919,0.086571,0.116639,0.742,0.659,1.0,0.122464,0.097638,0.788,0.788,,0.076919,delta_baseline,0.628,1.0,0.628,1.0,1.125,1.5389215321852664e-16,mix,199,1.87,4438,hst,1,3.57,native,0,0.0,1.0
rajat03,7602,32653,8,0.01,18,False,200,256,0.072951,0.07551,0.110129,0.686,0.662,1.0,0.112589,0.086782,0.841,0.841,,0.072951,delta_baseline,0.648,1.0,0.648,1.0,1.035,1.5443765292083486e-16,mix,199,2.169,4380,hst,1,3.522,native,0,0.0,1.0
rajat03,7602,32653,8,0.01,19,False,200,256,0.07201,0.074638,0.11042,0.676,0.652,1.0,0.110428,0.086921,0.828,0.828,,0.07201,delta_baseline,0.652,1.0,0.652,1.0,1.037,1.5991248545154193e-16,mix,199,1.502,4617,hst,1,3.407,native,0,0.0,1.0
rajat03,7602,32653,8,0.25,17,False,200,256,0.072723,0.100354,0.511038,0.196,0.142,1.0,0.11221,0.079304,0.917,0.917,,0.072723,delta_baseline,0.648,1.0,0.648,1.0,1.38,1.5389215321852664e-16,mix,199,1.0,4287,delta_baseline,0,5.012,native,0,0.0,1.0
rajat03,7602,32653,8,0.25,18,False,200,256,0.07487,0.098336,0.510175,0.193,0.147,1.0,0.113762,0.081002,0.924,0.924,,0.07487,delta_baseline,0.658,1.0,0.658,1.0,1.313,1.5443765292083486e-16,mix,199,6.516,4314,delta_baseline,0,5.052,native,0,0.0,1.0
rajat03,7602,32653,8,0.25,19,False,200,256,0.075528,0.098471,0.507439,0.194,0.149,1.0,0.115493,0.082548,0.915,0.915,,0.075528,delta_baseline,0.654,1.0,0.654,1.0,1.304,1.5991248545154193e-16,mix,199,3.601,4443,delta_baseline,0,5.025,native,0,0.0,1.0
wang3,26064,177168,8,0.01,17,False,200,256,0.103684,0.105786,0.179407,0.59,0.578,1.0,0.152785,0.118482,0.875,0.875,,0.103684,delta_baseline,0.679,1.0,0.679,1.0,1.02,1.1305705384438466e-16,mix,199,3.547,8166,hst,1,5.516,native,0,0.0,1.0
wang3,26064,177168,8,0.01,18,False,200,256,0.10596,0.11242,0.175494,0.641,0.604,1.0,0.154335,0.120284,0.881,0.881,,0.10596,delta_baseline,0.687,1.0,0.687,1.0,1.061,2.415345571415648e-16,mix,199,3.042,8502,hst,1,5.451,native,0,0.0,1.0
wang3,26064,177168,8,0.01,19,False,200,256,0.106221,0.112239,0.174557,0.643,0.609,1.0,0.154233,0.120405,0.882,0.882,,0.106221,delta_baseline,0.689,1.0,0.689,1.0,1.057,1.1119305929315413e-16,mix,199,2.971,8408,hst,1,5.407,native,0,0.0,1.0
wang3,26064,177168,8,0.25,17,False,200,256,0.104933,0.17939,0.81057,0.221,0.129,1.0,0.1625,0.114201,0.919,0.919,,0.104933,delta_baseline,0.646,1.0,0.646,1.0,1.71,1.1305705384438466e-16,mix,199,2.092,8788,delta_baseline,0,8.379,native,0,0.0,1.0
wang3,26064,177168,8,0.25,18,False,200,256,0.104535,0.159642,0.809528,0.197,0.129,1.0,0.163526,0.113967,0.917,0.917,,0.104535,delta_baseline,0.639,1.0,0.639,1.0,1.527,2.415345571415648e-16,mix,199,4.103,8567,delta_baseline,0,8.475,native,0,0.0,1.0
wang3,26064,177168,8,0.25,19,False,200,256,0.104729,0.158381,0.811571,0.195,0.129,1.0,0.16312,0.114199,0.917,0.917,,0.104729,delta_baseline,0.642,1.0,0.642,1.0,1.512,1.1119305929315413e-16,mix,199,5.124,8570,delta_baseline,0,8.399,native,0,0.0,1.0
ct20stif,52329,2600295,8,0.01,17,False,200,256,0.62773,0.233109,0.382523,0.609,1.641,1.0,0.24582,0.230324,2.725,1.012,3,0.233109,hst,2.554,2.693,0.948,2.693,1.0,3.403944480715774e-16,mix,199,2.506,16728,hst,1,1.385,native,0,0.0,1.0
ct20stif,52329,2600295,8,0.01,18,False,200,256,0.547139,0.229509,0.384342,0.597,1.424,1.0,0.239655,0.23561,2.322,0.974,4,0.229509,hst,2.283,2.384,0.958,2.384,1.0,3.351339203340676e-16,mix,199,2.411,16960,hst,1,1.256,native,0,0.0,1.0
ct20stif,52329,2600295,8,0.01,19,False,200,256,0.595093,0.231785,0.384881,0.602,1.546,1.0,0.247783,0.240176,2.478,0.965,4,0.231785,hst,2.402,2.567,0.935,2.567,1.0,2.600013994931016e-16,mix,199,1.874,18420,hst,1,1.327,native,0,0.0,1.0
ct20stif,52329,2600295,8,0.25,17,False,200,256,0.591954,0.466246,2.057701,0.227,0.288,1.0,0.50238,0.365991,1.617,1.274,81,0.466246,hst,1.178,1.27,0.928,1.27,1.0,3.403944480715774e-16,mix,199,2.406,18665,hst,1,18.206,native,0,0.0,1.0
ct20stif,52329,2600295,8,0.25,18,False,200,256,0.586377,0.36744,2.065396,0.178,0.284,1.0,0.507993,0.375104,1.563,0.98,88,0.36744,hst,1.154,1.596,0.723,1.596,1.0,3.351339203340676e-16,mix,199,3.103,17598,hst,1,18.69,native,0,0.0,1.0
ct20stif,52329,2600295,8,0.25,19,False,200,256,0.586991,0.354226,2.060021,0.172,0.285,1.0,0.51088,0.373301,1.572,0.949,88,0.354226,hst,1.149,1.657,0.693,1.657,1.0,2.600013994931016e-16,mix,199,3.118,17391,hst,1,18.911,native,0,0.0,1.0
bcsstk18,11948,149090,8,0.01,17,False,200,256,0.206608,0.148485,0.20696,0.717,0.998,1.0,0.206286,0.16095,1.284,0.923,113,0.148485,hst,1.002,1.391,0.72,1.391,1.0,8.625236741385534e-17,mix,199,1.138,7260,hst,1,5.147,native,0,0.0,1.0
bcsstk18,11948,149090,8,0.01,18,False,200,256,0.194856,0.143905,0.208652,0.69,0.934,1.0,0.206193,0.160235,1.216,0.898,153,0.143905,hst,0.945,1.354,0.698,1.354,1.0,1.7955529896133775e-16,mix,199,1.683,7078,hst,1,5.282,native,0,0.0,1.0
bcsstk18,11948,149090,8,0.01,19,False,200,256,0.188838,0.144483,0.208087,0.694,0.907,1.0,0.205248,0.166411,1.135,0.868,231,0.144483,hst,0.92,1.307,0.704,1.307,1.0,1.3804959837172369e-16,mix,199,5.414,7661,hst,1,5.186,native,0,0.0,1.0
bcsstk18,11948,149090,8,0.25,17,False,200,256,0.184835,0.195145,0.98403,0.198,0.188,1.0,0.254544,0.20816,0.888,0.888,,0.184835,delta_baseline,0.726,1.0,0.726,1.0,1.056,8.625236741385534e-17,mix,199,3.165,7361,hst,1,8.302,native,0,0.0,1.0
bcsstk18,11948,149090,8,0.25,18,False,200,256,0.185491,0.192968,0.988698,0.195,0.188,1.0,0.252818,0.20456,0.907,0.907,,0.185491,delta_baseline,0.734,1.0,0.734,1.0,1.04,1.7955529896133775e-16,mix,199,4.148,7597,hst,1,8.424,native,0,0.0,1.0
bcsstk18,11948,149090,8,0.25,19,False,200,256,0.183206,0.191815,0.979146,0.196,0.187,1.0,0.25394,0.206236,0.888,0.888,,0.183206,delta_baseline,0.721,1.0,0.721,1.0,1.047,1.3804959837172369e-16,mix,199,4.848,7575,hst,1,8.404,native,0,0.0,1.0
bcsstk25,15439,252241,8,0.01,17,False,200,256,0.234683,0.150513,0.220551,0.682,1.064,1.0,0.214577,0.164276,1.429,0.916,77,0.150513,hst,1.094,1.559,0.701,1.559,1.0,1.4310126622262146e-16,mix,199,2.181,8889,hst,1,5.411,native,0,0.0,1.0
bcsstk25,15439,252241,8,0.01,18,False,200,256,0.23558,0.150841,0.213489,0.707,1.103,1.0,0.216448,0.166946,1.411,0.904,78,0.150841,hst,1.088,1.562,0.697,1.562,1.0,2.218697631478781e-16,mix,199,1.748,8542,hst,1,5.367,native,0,0.0,1.0
bcsstk25,15439,252241,8,0.01,19,False,200,256,0.220749,0.156991,0.228912,0.686,0.964,1.0,0.221852,0.174141,1.268,0.902,128,0.156991,hst,0.995,1.406,0.708,1.406,1.0,9.427442670147338e-17,mix,199,1.311,9017,hst,1,5.967,native,0,0.0,1.0
bcsstk25,15439,252241,8,0.25,17,False,200,256,0.214466,0.214849,1.043357,0.206,0.206,1.0,0.274812,0.220452,0.973,0.973,,0.214466,delta_baseline,0.78,1.0,0.78,1.0,1.002,1.4310126622262146e-16,mix,199,3.145,9110,hst,1,9.299,native,0,0.0,1.0
bcsstk25,15439,252241,8,0.25,18,False,200,256,0.21664,0.214558,1.053769,0.204,0.206,1.0,0.273974,0.219223,0.988,0.979,,0.214558,hst,0.791,1.01,0.783,1.01,1.0,2.218697631478781e-16,mix,199,3.257,9046,hst,1,9.35,native,0,0.0,1.0
bcsstk25,15439,252241,8,0.25,19,False,200,256,0.212956,0.204052,1.061439,0.192,0.201,1.0,0.275567,0.222284,0.958,0.918,,0.204052,hst,0.773,1.044,0.74,1.044,1.0,9.427442670147338e-17,mix,199,4.315,8674,hst,1,9.358,native,0,0.0,1.0
msc10848,10848,1229776,8,0.01,17,False,200,256,1.611769,0.374406,0.604478,0.619,2.666,1.0,0.403102,0.375099,4.297,0.998,1,0.374406,hst,3.998,4.305,0.929,4.305,1.0,3.632031213502581e-16,mix,199,3.612,10515,hst,1,1.459,native,0,0.0,1.0
msc10848,10848,1229776,8,0.01,18,False,200,256,1.662782,0.356475,0.613576,0.581,2.71,1.0,0.40623,0.371453,4.476,0.96,1,0.356475,hst,4.093,4.665,0.878,4.665,1.0,6.160502327889403e-16,mix,199,3.585,10470,hst,1,1.494,native,0,0.0,1.0
msc10848,10848,1229776,8,0.01,19,False,200,256,1.664896,0.34368,0.594847,0.578,2.799,1.0,0.396991,0.363712,4.578,0.945,1,0.34368,hst,4.194,4.844,0.866,4.844,1.0,4.460432847857754e-16,mix,199,3.439,10569,hst,1,1.459,native,0,0.0,1.0
msc10848,10848,1229776,8,0.25,17,False,200,256,1.572155,0.467737,3.663118,0.128,0.429,1.0,0.767396,0.492041,3.195,0.951,17,0.467737,hst,2.049,3.361,0.61,3.361,1.0,3.632031213502581e-16,mix,199,1.899,10572,hst,1,18.775,native,0,0.0,1.0
msc10848,10848,1229776,8,0.25,18,False,200,256,1.567859,0.449555,3.686439,0.122,0.425,1.0,0.772237,0.491429,3.19,0.915,18,0.449555,hst,2.03,3.488,0.582,3.488,1.0,6.160502327889403e-16,mix,199,5.054,10584,hst,1,19.082,native,0,0.0,1.0
msc10848,10848,1229776,8,0.25,19,False,200,256,1.561865,0.449736,3.666012,0.123,0.426,1.0,0.766349,0.489195,3.193,0.919,18,0.449736,hst,2.038,3.473,0.587,3.473,1.0,4.460432847857754e-16,mix,199,5.144,10581,hst,1,19.465,native,0,0.0,1.0
nasa2910,2910,174296,8,0.01,17,False,200,256,0.819782,0.195284,0.241674,0.808,3.392,1.0,0.226983,0.209036,3.922,0.934,1,0.195284,hst,3.612,4.198,0.86,4.198,1.0,2.8038709295888876e-16,mix,198,3.007,2908,hst,1,0.897,native,0,0.0,1.0
nasa2910,2910,174296,8,0.01,18,False,200,256,0.791039,0.169629,0.23234,0.73,3.405,1.0,0.217006,0.20242,3.908,0.838,1,0.169629,hst,3.645,4.663,0.782,4.663,1.0,3.799423773445064e-16,mix,197,2.994,2910,hst,1,0.826,native,0,0.0,1.0
nasa2910,2910,174296,8,0.01,19,False,200,256,0.819214,0.172038,0.236431,0.728,3.465,1.0,0.210113,0.188024,4.357,0.915,1,0.172038,hst,3.899,4.762,0.819,4.762,1.0,3.9854920332226225e-16,mix,199,2.808,2910,hst,1,0.909,native,0,0.0,1.0
nasa2910,2910,174296,8,0.25,17,False,200,256,0.790167,0.219143,1.090227,0.201,0.725,1.0,0.386416,0.237126,3.332,0.924,18,0.219143,hst,2.045,3.606,0.567,3.606,1.0,2.8038709295888876e-16,mix,199,4.341,2910,hst,1,9.792,native,0,0.0,1.0
nasa2910,2910,174296,8,0.25,18,False,200,256,0.781045,0.218103,1.097329,0.199,0.712,1.0,0.383614,0.240888,3.242,0.905,18,0.218103,hst,2.036,3.581,0.569,3.581,1.0,3.799423773445064e-16,mix,199,4.232,2910,hst,1,9.584,native,0,0.0,1.0
nasa2910,2910,174296,8,0.25,19,False,200,256,0.793193,0.210658,1.086409,0.194,0.73,1.0,0.391201,0.242193,3.275,0.87,18,0.210658,hst,2.028,3.765,0.538,3.765,1.0,3.9854920332226225e-16,mix,199,4.434,2910,hst,1,9.804,native,0,0.0,1.0
s3rmt3m3,5357,207123,8,0.01,17,False,200,256,0.492076,0.143919,0.198662,0.724,2.477,1.0,0.159856,0.149571,3.29,0.962,2,0.143919,hst,3.078,3.419,0.9,3.419,1.0,4.0558810500666957e-16,mix,199,3.767,4993,hst,1,0.696,native,0,0.0,1.0
s3rmt3m3,5357,207123,8,0.01,18,False,200,256,0.465975,0.139328,0.197271,0.706,2.362,1.0,0.160593,0.151793,3.07,0.918,2,0.139328,hst,2.902,3.344,0.868,3.344,1.0,4.602754019127631e-16,mix,199,3.685,5024,hst,1,0.661,native,0,0.0,1.0
s3rmt3m3,5357,207123,8,0.01,19,False,200,256,0.478993,0.138793,0.205018,0.677,2.336,1.0,0.16211,0.152099,3.149,0.913,2,0.138793,hst,2.955,3.451,0.856,3.451,1.0,3.6103403035014226e-16,mix,199,3.765,4993,hst,1,0.666,native,0,0.0,1.0
s3rmt3m3,5357,207123,8,0.25,17,False,200,256,0.473327,0.178267,0.847263,0.21,0.559,1.0,0.292263,0.196731,2.406,0.906,30,0.178267,hst,1.62,2.655,0.61,2.655,1.0,4.0558810500666957e-16,mix,199,4.682,4998,hst,1,8.375,native,0,0.0,1.0
s3rmt3m3,5357,207123,8,0.25,18,False,200,256,0.475668,0.178109,0.857173,0.208,0.555,1.0,0.292825,0.197206,2.412,0.903,30,0.178109,hst,1.624,2.671,0.608,2.671,1.0,4.602754019127631e-16,mix,199,4.124,5040,hst,1,8.458,native,0,0.0,1.0
s3rmt3m3,5357,207123,8,0.25,19,False,200,256,0.477067,0.17756,0.86069,0.206,0.554,1.0,0.294083,0.197818,2.412,0.898,30,0.17756,hst,1.622,2.687,0.604,2.687,1.0,3.6103403035014226e-16,mix,199,3.756,4928,hst,1,8.418,native,0,0.0,1.0
olafu,16146,1015156,8,0.01,17,False,200,256,0.72015,0.237523,0.37896,0.627,1.9,1.0,0.249814,0.238579,3.018,0.996,2,0.237523,hst,2.883,3.032,0.951,3.032,1.0,5.582074938205133e-16,mix,199,4.389,12739,hst,1,1.039,native,0,0.0,1.0
olafu,16146,1015156,8,0.01,18,False,200,256,0.695086,0.226769,0.362127,0.626,1.919,1.0,0.243801,0.236779,2.936,0.958,2,0.226769,hst,2.851,3.065,0.93,3.065,1.0,6.4036469396236e-16,mix,199,4.338,12292,hst,1,0.931,native,0,0.0,1.0
olafu,16146,1015156,8,0.01,19,False,200,256,0.710543,0.238152,0.388699,0.613,1.828,1.0,0.258656,0.248964,2.854,0.957,2,0.238152,hst,2.747,2.984,0.921,2.984,1.0,4.864534386882603e-16,mix,199,4.505,12704,hst,1,1.084,native,0,0.0,1.0
olafu,16146,1015156,8,0.25,17,False,200,256,0.753054,0.340325,1.912025,0.178,0.394,1.0,0.483522,0.339968,2.215,1.001,34,0.340325,hst,1.557,2.213,0.704,2.213,1.0,5.582074938205133e-16,mix,199,4.149,12430,hst,1,14.104,native,0,0.0,1.0
olafu,16146,1015156,8,0.25,18,False,200,256,0.753218,0.318417,1.922839,0.166,0.392,1.0,0.482574,0.341792,2.204,0.932,35,0.318417,hst,1.561,2.366,0.66,2.366,1.0,6.4036469396236e-16,mix,199,3.484,12652,hst,1,14.261,native,0,0.0,1.0
olafu,16146,1015156,8,0.25,19,False,200,256,0.748197,0.316742,1.92589,0.164,0.388,1.0,0.489559,0.341587,2.19,0.927,36,0.316742,hst,1.528,2.362,0.647,2.362,1.0,4.864534386882603e-16,mix,199,4.222,12252,hst,1,14.665,native,0,0.0,1.0
raefsky3,21200,1488768,8,0.01,17,False,200,256,0.825685,0.211449,0.320465,0.66,2.577,1.0,0.234538,0.218353,3.781,0.968,2,0.211449,hst,3.52,3.905,0.902,3.905,1.0,4.21040283801125e-16,mix,199,1.983,11544,hst,1,0.99,native,0,0.0,1.0
raefsky3,21200,1488768,8,0.01,18,False,200,256,0.819357,0.209004,0.333004,0.628,2.461,1.0,0.236104,0.22079,3.711,0.947,2,0.209004,hst,3.47,3.92,0.885,3.92,1.0,3.542741100665178e-16,mix,199,1.468,11808,hst,1,0.972,native,0,0.0,1.0
raefsky3,21200,1488768,8,0.01,19,False,200,256,0.822431,0.207587,0.335838,0.618,2.449,1.0,0.236797,0.221516,3.713,0.937,2,0.207587,hst,3.473,3.962,0.877,3.962,1.0,2.936613481310225e-16,mix,199,1.251,12088,hst,1,0.965,native,0,0.0,1.0
raefsky3,21200,1488768,8,0.25,17,False,200,256,0.808369,0.340996,1.613161,0.211,0.501,1.0,0.491266,0.338302,2.389,1.008,30,0.340996,hst,1.645,2.371,0.694,2.371,1.0,4.21040283801125e-16,mix,199,1.712,12064,hst,1,14.163,native,0,0.0,1.0
raefsky3,21200,1488768,8,0.25,18,False,200,256,0.808963,0.310159,1.62848,0.19,0.497,1.0,0.493098,0.338098,2.393,0.917,31,0.310159,hst,1.641,2.608,0.629,2.608,1.0,3.542741100665178e-16,mix,199,3.24,11968,hst,1,14.553,native,0,0.0,1.0
raefsky3,21200,1488768,8,0.25,19,False,200,256,0.807353,0.310703,1.639653,0.189,0.492,1.0,0.493967,0.337432,2.393,0.921,31,0.310703,hst,1.634,2.598,0.629,2.598,1.0,2.936613481310225e-16,mix,199,3.657,12112,hst,1,14.632,native,0,0.0,1.0
epb2,25228,175027,8,0.01,17,False,200,256,0.139713,0.108795,0.142139,0.765,0.983,1.0,0.166413,0.118083,1.183,0.921,249,0.108795,hst,0.84,1.284,0.654,1.284,1.0,1.2653601002823704e-16,mix,199,2.996,5441,hst,1,5.392,native,0,0.0,1.0
epb2,25228,175027,8,0.01,18,False,200,256,0.103433,0.114818,0.1341,0.856,0.771,1.0,0.149131,0.118775,0.871,0.871,,0.103433,delta_baseline,0.694,1.0,0.694,1.0,1.11,1.0817377525460358e-16,mix,199,2.973,5393,hst,1,4.924,native,0,0.0,1.0
epb2,25228,175027,8,0.01,19,False,200,256,0.100655,0.103431,0.128348,0.806,0.784,1.0,0.14696,0.116237,0.866,0.866,,0.100655,delta_baseline,0.685,1.0,0.685,1.0,1.028,1.2261168325020086e-16,mix,199,2.458,5488,hst,1,4.943,native,0,0.0,1.0
epb2,25228,175027,8,0.25,17,False,200,256,0.104819,0.165564,0.573166,0.289,0.183,1.0,0.161267,0.112831,0.929,0.929,,0.104819,delta_baseline,0.65,1.0,0.65,1.0,1.58,1.2653601002823704e-16,mix,199,3.422,5712,delta_baseline,0,7.819,native,0,0.0,1.0
epb2,25228,175027,8,0.25,18,False,200,256,0.105629,0.153992,0.571317,0.27,0.185,1.0,0.161847,0.114144,0.925,0.925,,0.105629,delta_baseline,0.653,1.0,0.653,1.0,1.458,1.0817377525460358e-16,mix,199,2.693,5690,delta_baseline,0,8.055,native,0,0.0,1.0
epb2,25228,175027,8,0.25,19,False,200,256,0.102993,0.153639,0.57258,0.268,0.18,1.0,0.159031,0.112801,0.913,0.913,,0.102993,delta_baseline,0.648,1.0,0.648,1.0,1.492,1.2261168325020086e-16,mix,199,4.415,5513,delta_baseline,0,7.993,native,0,0.0,1.0
