matrix,N,nnz,B,rho,seed,phase,steps,dirty_cols,always_delta_baseline_ms,always_hst_ms,always_hst_patchable_ms,patchable_vs_per_block,patchable_vs_delta_baseline,oracle3_vs_oracle2,router_ms,router_steady_ms,router_steady_vs_csr,router_steady_vs_oracle,breakeven_steps,oracle_ms,oracle_arm,router_vs_csr,oracle_vs_csr,router_vs_oracle,misroute_cost_if_delta_baseline,misroute_cost_if_hst,maxrelerr,churn_model,patchable_splices,patchable_arena_ratio,rows_patchable,router_arm,router_switches,router_tax_ms,ordering,relabel_seed,relabel_relerr,churn_alpha
TSOPF_RS_b39_c30,60098,1079986,8,0.01,17,False,400,256,14.616648,0.441734,0.462333,0.955,31.615,1.0,0.709939,0.43044,33.957,1.026,1,0.441734,hst,20.589,33.089,0.622,33.089,1.0,1.3924108160288588e-16,mix,53,1.035,30540,hst,1,8.071,native,0,0.0,0.0
TSOPF_RS_b39_c30,60098,1079986,8,0.01,18,False,400,256,14.678156,0.422642,0.460469,0.918,31.877,1.0,1.518704,1.274985,11.512,0.331,25,0.422642,hst,9.665,34.73,0.278,34.73,1.0,1.3924108160288588e-16,mix,74,1.027,30606,hst,1,333.333,native,0,0.0,0.0
TSOPF_RS_b39_c30,60098,1079986,8,0.01,19,False,400,256,14.495529,0.406649,0.390242,1.042,37.145,1.042,1.316541,0.958042,15.13,0.424,19,0.406649,hst,11.01,35.646,0.309,35.646,1.0,1.3924108160288588e-16,mix,36,1.02,30532,hst,1,253.626,native,0,0.0,0.0
TSOPF_RS_b39_c30,60098,1079986,8,0.01,20,False,400,256,14.653375,0.414531,0.38994,1.063,37.579,1.063,0.681438,0.404537,36.223,1.025,1,0.414531,hst,21.504,35.349,0.608,35.349,1.0,1.3924108160288588e-16,mix,34,1.018,30614,hst,1,8.152,native,0,0.0,0.0
TSOPF_RS_b39_c30,60098,1079986,8,0.01,21,False,400,138,0.380183,0.373609,0.356529,1.048,1.066,1.048,0.382888,0.346286,1.098,1.079,0,0.373609,hst,0.993,1.018,0.976,1.018,1.0,1.3924108160288588e-16,mix,0,1.0,30428,delta_baseline,0,0.0,native,0,0.0,0.0
TSOPF_RS_b39_c30,60098,1079986,8,0.25,17,False,400,256,14.770048,0.439432,0.585489,0.751,25.227,1.0,0.710851,0.437156,33.787,1.005,1,0.439432,hst,20.778,33.612,0.618,33.612,1.0,1.3924108160288588e-16,mix,284,1.148,30508,hst,1,8.288,native,0,0.0,0.0
TSOPF_RS_b39_c30,60098,1079986,8,0.25,18,False,400,256,14.741081,0.445683,0.640589,0.696,23.012,1.0,0.729966,0.456719,32.276,0.976,1,0.445683,hst,20.194,33.075,0.611,33.075,1.0,1.3924108160288588e-16,mix,388,1.249,30532,hst,1,8.399,native,0,0.0,0.0
TSOPF_RS_b39_c30,60098,1079986,8,0.25,19,False,400,256,14.803132,0.436632,0.545176,0.801,27.153,1.0,0.712835,0.439244,33.701,0.994,1,0.436632,hst,20.767,33.903,0.613,33.903,1.0,1.3924108160288588e-16,mix,202,1.08,30516,hst,1,8.21,native,0,0.0,0.0
TSOPF_RS_b39_c30,60098,1079986,8,0.25,20,False,400,256,14.773828,0.444219,0.645731,0.688,22.879,1.0,0.716936,0.443234,33.332,1.002,1,0.444219,hst,20.607,33.258,0.62,33.258,1.0,1.3924108160288588e-16,mix,336,1.201,30540,hst,1,8.366,native,0,0.0,0.0
TSOPF_RS_b39_c30,60098,1079986,8,0.25,21,False,400,138,14.556021,0.437677,0.702704,0.623,20.714,1.0,0.715744,0.442168,32.92,0.99,1,0.437677,hst,20.337,33.257,0.611,33.257,1.0,1.3924108160288588e-16,mix,389,1.295,30526,hst,1,8.187,native,0,0.0,0.0
TSOPF_RS_b162_c3,15374,610299,8,0.01,17,False,400,256,8.68186,0.2707,0.286944,0.943,30.256,1.0,0.433337,0.275711,31.489,0.982,1,0.2707,hst,20.035,32.072,0.625,32.072,1.0,1.2582477660838618e-16,mix,129,1.13,8177,hst,1,4.21,native,0,0.0,0.0
TSOPF_RS_b162_c3,15374,610299,8,0.01,18,False,400,256,8.610625,0.274395,0.258911,1.06,33.257,1.06,0.441435,0.278946,30.868,0.984,1,0.274395,hst,19.506,31.38,0.622,31.38,1.0,1.2582477660838618e-16,mix,170,1.135,8175,hst,1,4.39,native,0,0.0,0.0
TSOPF_RS_b162_c3,15374,610299,8,0.01,19,False,400,256,8.142732,0.271452,0.25179,1.078,32.339,1.078,0.434527,0.274707,29.642,0.988,1,0.271452,hst,18.739,29.997,0.625,29.997,1.0,1.2582477660838618e-16,mix,138,1.133,8129,hst,1,4.36,native,0,0.0,0.0
TSOPF_RS_b162_c3,15374,610299,8,0.01,20,False,400,256,8.326824,0.265426,0.283958,0.935,29.324,1.0,0.437918,0.274449,30.34,0.967,1,0.265426,hst,19.015,31.372,0.606,31.372,1.0,1.2582477660838618e-16,mix,130,1.131,8111,hst,1,4.55,native,0,0.0,0.0
TSOPF_RS_b162_c3,15374,610299,8,0.01,21,False,400,256,8.728993,0.279122,0.297239,0.939,29.367,1.0,0.44275,0.278759,31.314,1.001,1,0.279122,hst,19.715,31.273,0.63,31.273,1.0,1.172605067740121e-16,mix,165,1.201,8231,hst,1,4.419,native,0,0.0,0.0
TSOPF_RS_b162_c3,15374,610299,8,0.25,17,False,400,256,8.239186,0.291344,0.404512,0.72,20.368,1.0,0.460092,0.294917,27.937,0.988,1,0.291344,hst,17.908,28.28,0.633,28.28,1.0,1.2582477660838618e-16,mix,374,5.997,7883,hst,1,4.49,native,0,0.0,0.0
TSOPF_RS_b162_c3,15374,610299,8,0.25,18,False,400,256,5.989717,0.226097,0.332094,0.681,18.036,1.0,0.392418,0.222617,26.906,1.016,1,0.226097,hst,15.264,26.492,0.576,26.492,1.0,1.2582477660838618e-16,mix,276,11.43,7874,hst,1,4.566,native,0,0.0,0.0
TSOPF_RS_b162_c3,15374,610299,8,0.25,19,False,400,256,8.912863,0.298512,0.431551,0.692,20.653,1.0,0.466953,0.302443,29.47,0.987,1,0.298512,hst,19.087,29.858,0.639,29.858,1.0,1.2582477660838618e-16,mix,393,2.431,7985,hst,1,4.486,native,0,0.0,0.0
TSOPF_RS_b162_c3,15374,610299,8,0.25,20,False,400,256,8.464391,0.287685,0.417207,0.69,20.288,1.0,0.459168,0.294895,28.703,0.976,1,0.287685,hst,18.434,29.422,0.627,29.422,1.0,1.2582477660838618e-16,mix,368,1.996,7975,hst,1,4.525,native,0,0.0,0.0
TSOPF_RS_b162_c3,15374,610299,8,0.25,21,False,400,256,8.893699,0.302992,0.464575,0.652,19.144,1.0,0.468826,0.304524,29.205,0.995,1,0.302992,hst,18.97,29.353,0.646,29.353,1.0,1.172605067740121e-16,mix,399,2.977,8079,hst,1,4.53,native,0,0.0,0.0
TSOPF_RS_b300_c1,14538,1474325,8,0.01,17,False,400,256,17.874351,0.638283,0.749323,0.852,23.854,1.0,1.036953,0.646156,27.663,0.988,1,0.638283,hst,17.237,28.004,0.616,28.004,1.0,1.1112960972222602e-16,mix,251,1.375,7911,hst,1,9.523,native,0,0.0,0.0
TSOPF_RS_b300_c1,14538,1474325,8,0.01,18,False,400,256,14.486082,0.63132,0.735765,0.858,19.688,1.0,1.044015,0.636647,22.754,0.992,1,0.63132,hst,13.875,22.946,0.605,22.946,1.0,1.1112960972222602e-16,mix,271,1.739,7717,hst,1,9.777,native,0,0.0,0.0
TSOPF_RS_b300_c1,14538,1474325,8,0.01,19,False,400,256,13.224008,0.56486,0.647068,0.873,20.437,1.0,0.965109,0.563913,23.45,1.002,1,0.56486,hst,13.702,23.411,0.585,23.411,1.0,1.1112960972222602e-16,mix,227,1.77,7812,hst,1,9.54,native,0,0.0,0.0
TSOPF_RS_b300_c1,14538,1474325,8,0.01,20,False,400,256,14.48537,0.595046,0.676941,0.879,21.398,1.0,1.014848,0.603373,24.007,0.986,1,0.595046,hst,14.273,24.343,0.586,24.343,1.0,1.1112960972222602e-16,mix,227,1.543,7827,hst,1,9.911,native,0,0.0,0.0
TSOPF_RS_b300_c1,14538,1474325,8,0.01,21,False,400,256,18.830585,0.655286,0.7867,0.833,23.936,1.0,1.07513,0.664791,28.326,0.986,1,0.655286,hst,17.515,28.736,0.609,28.736,1.0,1.4073755446586306e-16,mix,299,1.405,7973,hst,1,9.969,native,0,0.0,0.0
TSOPF_RS_b300_c1,14538,1474325,8,0.25,17,False,400,256,11.812815,0.418884,0.80405,0.521,14.692,1.0,0.794909,0.383978,30.764,1.091,1,0.418884,hst,14.861,28.201,0.527,28.201,1.0,1.1112960972222602e-16,mix,391,2.666,728,hst,1,9.927,native,0,0.0,0.0
TSOPF_RS_b300_c1,14538,1474325,8,0.25,18,False,400,256,18.998312,0.604973,1.27542,0.474,14.896,1.0,1.014475,0.600814,31.621,1.007,1,0.604973,hst,18.727,31.404,0.596,31.404,1.0,1.1112960972222602e-16,mix,395,1.325,738,hst,1,10.267,native,0,0.0,0.0
TSOPF_RS_b300_c1,14538,1474325,8,0.25,19,False,400,256,4.653983,0.193053,0.343556,0.562,13.546,1.0,0.573959,0.156706,29.699,1.232,2,0.193053,hst,8.109,24.107,0.336,24.107,1.0,1.1112960972222602e-16,mix,394,2.595,730,hst,1,10.19,native,0,0.0,0.0
TSOPF_RS_b300_c1,14538,1474325,8,0.25,20,False,400,256,21.672522,0.665559,1.342491,0.496,16.144,1.0,1.073737,0.671595,32.27,0.991,0,0.665559,hst,20.184,32.563,0.62,32.563,1.0,1.1112960972222602e-16,mix,399,6.97,7681,hst,1,10.158,native,0,0.0,0.0
TSOPF_RS_b300_c1,14538,1474325,8,0.25,21,False,400,256,11.242008,0.381397,0.697884,0.547,16.109,1.0,0.781618,0.360877,31.152,1.057,1,0.381397,hst,14.383,29.476,0.488,29.476,1.0,1.4073755446586306e-16,mix,391,1.992,738,hst,1,10.047,native,0,0.0,0.0
nasa2910,2910,174296,8,0.01,17,False,400,256,1.068126,0.112909,0.114719,0.984,9.311,1.0,0.13819,0.119733,8.921,0.943,1,0.112909,hst,7.729,9.46,0.817,9.46,1.0,2.8038709295888876e-16,mix,142,2.77,1716,hst,1,1.081,native,0,0.0,0.0
nasa2910,2910,174296,8,0.01,18,False,400,256,1.073864,0.104928,0.109475,0.958,9.809,1.0,0.144861,0.116434,9.223,0.901,6,0.104928,hst,7.413,10.234,0.724,10.234,1.0,3.799423773445064e-16,mix,122,2.931,2052,hst,1,5.433,native,0,0.0,0.0
nasa2910,2910,174296,8,0.01,19,False,400,256,0.954748,0.090588,0.092825,0.976,10.285,1.0,0.118298,0.096922,9.851,0.935,1,0.090588,hst,8.071,10.539,0.766,10.539,1.0,3.9854920332226225e-16,mix,103,3.579,781,hst,1,1.053,native,0,0.0,0.0
nasa2910,2910,174296,8,0.01,20,False,400,256,1.130467,0.116679,0.117104,0.996,9.654,1.0,0.143325,0.127047,8.898,0.918,1,0.116679,hst,7.887,9.689,0.814,9.689,1.0,3.799423773445064e-16,mix,147,2.858,2019,hst,1,0.986,native,0,0.0,0.0
nasa2910,2910,174296,8,0.01,21,False,400,256,0.917457,0.075156,0.074147,1.014,12.373,1.014,0.124121,0.095937,9.563,0.783,12,0.075156,hst,7.392,12.207,0.606,12.207,1.0,3.170894107257953e-16,mix,48,2.443,971,hst,1,9.699,native,0,0.0,0.0
nasa2910,2910,174296,8,0.25,17,False,400,256,1.052225,0.15365,0.343644,0.447,3.062,1.0,0.187723,0.166266,6.329,0.924,1,0.15365,hst,5.605,6.848,0.818,6.848,1.0,2.8038709295888876e-16,mix,399,1.955,1555,hst,1,1.256,native,0,0.0,0.0
nasa2910,2910,174296,8,0.25,18,False,400,256,1.012828,0.14528,0.30168,0.482,3.357,1.0,0.172409,0.154015,6.576,0.943,1,0.14528,hst,5.875,6.972,0.843,6.972,1.0,3.799423773445064e-16,mix,398,3.161,1462,hst,1,1.058,native,0,0.0,0.0
nasa2910,2910,174296,8,0.25,19,False,400,256,1.019297,0.140436,0.277745,0.506,3.67,1.0,0.17244,0.152541,6.682,0.921,1,0.140436,hst,5.911,7.258,0.814,7.258,1.0,3.9854920332226225e-16,mix,397,2.35,1082,hst,1,1.298,native,0,0.0,0.0
nasa2910,2910,174296,8,0.25,20,False,400,256,1.026287,0.144759,0.294335,0.492,3.487,1.0,0.176629,0.157214,6.528,0.921,1,0.144759,hst,5.81,7.09,0.82,7.09,1.0,3.799423773445064e-16,mix,398,4.448,1210,hst,1,1.166,native,0,0.0,0.0
nasa2910,2910,174296,8,0.25,21,False,400,256,1.026083,0.142878,0.30088,0.475,3.41,1.0,0.173696,0.154359,6.647,0.926,1,0.142878,hst,5.907,7.182,0.823,7.182,1.0,3.170894107257953e-16,mix,398,2.686,1216,hst,1,1.126,native,0,0.0,0.0
raefsky3,21200,1488768,8,0.01,17,False,400,256,1.027101,0.100546,0.097428,1.032,10.542,1.032,0.12443,0.104028,9.873,0.967,1,0.100546,hst,8.254,10.215,0.808,10.215,1.0,4.21040283801125e-16,mix,97,2.658,992,hst,1,1.293,native,0,0.0,0.0
raefsky3,21200,1488768,8,0.01,18,False,400,256,1.024701,0.105342,0.104006,1.013,9.852,1.013,0.158028,0.113652,9.016,0.927,12,0.105342,hst,6.484,9.727,0.667,9.727,1.0,3.542741100665178e-16,mix,120,3.097,1208,hst,1,10.966,native,0,0.0,0.0
raefsky3,21200,1488768,8,0.01,19,False,400,256,1.027742,0.111897,0.110839,1.01,9.272,1.01,0.135129,0.116265,8.84,0.962,1,0.111897,hst,7.606,9.185,0.828,9.185,1.0,2.936613481310225e-16,mix,124,3.461,1192,hst,1,1.205,native,0,0.0,0.0
raefsky3,21200,1488768,8,0.01,20,False,400,256,1.030184,0.107898,0.107181,1.007,9.612,1.007,0.137473,0.118221,8.714,0.913,1,0.107898,hst,7.494,9.548,0.785,9.548,1.0,4.654934124763125e-16,mix,131,2.982,1360,hst,1,1.216,native,0,0.0,0.0
raefsky3,21200,1488768,8,0.01,21,False,400,256,1.027592,0.101454,0.099045,1.024,10.375,1.024,0.128158,0.108521,9.469,0.935,1,0.101454,hst,8.018,10.129,0.792,10.129,1.0,3.205001438329397e-16,mix,112,2.923,1064,hst,1,1.285,native,0,0.0,0.0
raefsky3,21200,1488768,8,0.25,17,False,400,256,1.032054,0.14543,0.217441,0.669,4.746,1.0,0.172258,0.151737,6.802,0.958,2,0.14543,hst,5.991,7.097,0.844,7.097,1.0,4.21040283801125e-16,mix,399,3.724,1216,hst,1,1.392,native,0,0.0,0.0
raefsky3,21200,1488768,8,0.25,18,False,400,256,1.02378,0.144249,0.206151,0.7,4.966,1.0,0.168611,0.149405,6.852,0.965,2,0.144249,hst,6.072,7.097,0.856,7.097,1.0,3.542741100665178e-16,mix,397,2.778,888,hst,1,1.394,native,0,0.0,0.0
raefsky3,21200,1488768,8,0.25,19,False,400,256,1.012671,0.135879,0.195334,0.696,5.184,1.0,0.168364,0.147671,6.858,0.92,2,0.135879,hst,6.015,7.453,0.807,7.453,1.0,2.936613481310225e-16,mix,397,3.14,712,hst,1,1.422,native,0,0.0,0.0
raefsky3,21200,1488768,8,0.25,20,False,400,256,1.017433,0.14033,0.209989,0.668,4.845,1.0,0.171571,0.151616,6.711,0.926,2,0.14033,hst,5.93,7.25,0.818,7.25,1.0,4.654934124763125e-16,mix,399,3.846,976,hst,1,1.397,native,0,0.0,0.0
raefsky3,21200,1488768,8,0.25,21,False,400,256,1.011248,0.139656,0.200913,0.695,5.033,1.0,0.168522,0.148177,6.825,0.942,2,0.139656,hst,6.001,7.241,0.829,7.241,1.0,3.205001438329397e-16,mix,397,2.56,800,hst,1,1.386,native,0,0.0,0.0
case9,14454,147972,8,0.01,17,False,400,256,1.544041,0.140534,0.136305,1.031,11.328,1.031,0.175199,0.147961,10.435,0.95,1,0.140534,hst,8.813,10.987,0.802,10.987,1.0,1.8253563338087409e-16,mix,239,1.464,7768,hst,1,1.765,native,0,0.0,0.0
case9,14454,147972,8,0.01,18,False,400,256,1.56867,0.161339,0.184218,0.876,8.515,1.0,0.199321,0.170075,9.223,0.949,1,0.161339,hst,7.87,9.723,0.809,9.723,1.0,1.6384614607668743e-15,mix,312,2.114,7925,hst,1,1.921,native,0,0.0,0.0
case9,14454,147972,8,0.01,19,False,400,256,1.531011,0.137811,0.133651,1.031,11.455,1.031,0.176064,0.145631,10.513,0.946,1,0.137811,hst,8.696,11.109,0.783,11.109,1.0,1.8253563338087409e-16,mix,226,1.483,7774,hst,1,1.869,native,0,0.0,0.0
case9,14454,147972,8,0.01,20,False,400,256,1.546536,0.161498,0.176221,0.916,8.776,1.0,0.200855,0.171372,9.024,0.942,1,0.161498,hst,7.7,9.576,0.804,9.576,1.0,1.1571059044469956e-15,mix,307,2.125,7948,hst,1,1.892,native,0,0.0,0.0
case9,14454,147972,8,0.01,21,False,400,256,1.571508,0.155575,0.167041,0.931,9.408,1.0,0.193779,0.164339,9.563,0.947,1,0.155575,hst,8.11,10.101,0.803,10.101,1.0,1.4037033603327298e-15,mix,288,2.088,7841,hst,1,1.837,native,0,0.0,0.0
case9,14454,147972,8,0.25,17,False,400,256,1.584144,0.163769,0.278679,0.588,5.684,1.0,0.202896,0.172401,9.189,0.95,1,0.163769,hst,7.808,9.673,0.807,9.673,1.0,1.8253563338087409e-16,mix,399,2.312,7748,hst,1,1.935,native,0,0.0,0.0
case9,14454,147972,8,0.25,18,False,400,256,1.575444,0.163395,0.284564,0.574,5.536,1.0,0.205938,0.174766,9.015,0.935,1,0.163395,hst,7.65,9.642,0.793,9.642,1.0,1.6384614607668743e-15,mix,399,2.449,7713,hst,1,2.097,native,0,0.0,0.0
case9,14454,147972,8,0.25,19,False,400,256,1.585482,0.16304,0.271594,0.6,5.838,1.0,0.202967,0.171788,9.229,0.949,1,0.16304,hst,7.812,9.725,0.803,9.725,1.0,1.8253563338087409e-16,mix,399,2.473,7768,hst,1,1.956,native,0,0.0,0.0
case9,14454,147972,8,0.25,20,False,400,256,1.58018,0.164482,0.28591,0.575,5.527,1.0,0.204265,0.174413,9.06,0.943,1,0.164482,hst,7.736,9.607,0.805,9.607,1.0,1.1571059044469956e-15,mix,399,2.258,7679,hst,1,2.014,native,0,0.0,0.0
case9,14454,147972,8,0.25,21,False,400,256,1.582068,0.163998,0.281402,0.583,5.622,1.0,0.204344,0.172353,9.179,0.952,1,0.163998,hst,7.742,9.647,0.803,9.647,1.0,1.4037033603327298e-15,mix,399,2.492,7694,hst,1,2.03,native,0,0.0,0.0
msc10848,10848,1229776,8,0.01,17,False,400,256,1.71903,0.195752,0.215788,0.907,7.966,1.0,0.234665,0.20087,8.558,0.975,1,0.195752,hst,7.325,8.782,0.834,8.782,1.0,3.632031213502581e-16,mix,179,3.561,6180,hst,1,1.795,native,0,0.0,0.0
msc10848,10848,1229776,8,0.01,18,False,400,256,1.591427,0.194352,0.218224,0.891,7.293,1.0,0.237659,0.200862,7.923,0.968,1,0.194352,hst,6.696,8.188,0.818,8.188,1.0,6.160502327889403e-16,mix,185,3.82,5091,hst,1,1.819,native,0,0.0,0.0
msc10848,10848,1229776,8,0.01,19,False,400,256,1.74031,0.190571,0.214072,0.89,8.13,1.0,0.233548,0.19539,8.907,0.975,1,0.190571,hst,7.452,9.132,0.816,9.132,1.0,4.460432847857754e-16,mix,174,4.024,4830,hst,1,1.907,native,0,0.0,0.0
msc10848,10848,1229776,8,0.01,20,False,400,256,1.608387,0.190603,0.211767,0.9,7.595,1.0,0.238641,0.202283,7.951,0.942,1,0.190603,hst,6.74,8.438,0.799,8.438,1.0,3.2856469467467963e-16,mix,173,3.457,5397,hst,1,1.813,native,0,0.0,0.0
msc10848,10848,1229776,8,0.01,21,False,400,256,1.545444,0.172489,0.193173,0.893,8.0,1.0,0.216161,0.181281,8.525,0.951,1,0.172489,hst,7.149,8.96,0.798,8.96,1.0,5.305500907434564e-16,mix,154,3.788,5013,hst,1,1.839,native,0,0.0,0.0
msc10848,10848,1229776,8,0.25,17,False,400,256,1.749605,0.24245,0.768188,0.316,2.278,1.0,0.278943,0.240087,7.287,1.01,1,0.24245,hst,6.272,7.216,0.869,7.216,1.0,3.632031213502581e-16,mix,398,4.325,4323,hst,1,2.056,native,0,0.0,0.0
msc10848,10848,1229776,8,0.25,18,False,400,256,1.760148,0.228304,0.673225,0.339,2.615,1.0,0.272368,0.231381,7.607,0.987,1,0.228304,hst,6.462,7.71,0.838,7.71,1.0,6.160502327889403e-16,mix,398,1.656,4254,hst,1,2.054,native,0,0.0,0.0
msc10848,10848,1229776,8,0.25,19,False,400,256,1.77475,0.218944,0.662288,0.331,2.68,1.0,0.269871,0.229035,7.749,0.956,1,0.218944,hst,6.576,8.106,0.811,8.106,1.0,4.460432847857754e-16,mix,399,2.011,4668,hst,1,2.163,native,0,0.0,0.0
msc10848,10848,1229776,8,0.25,20,False,400,256,1.831758,0.258128,0.866248,0.298,2.115,1.0,0.294581,0.258322,7.091,0.999,1,0.258128,hst,6.218,7.096,0.876,7.096,1.0,3.2856469467467963e-16,mix,399,4.383,3684,hst,1,2.055,native,0,0.0,0.0
msc10848,10848,1229776,8,0.25,21,False,400,256,1.801756,0.241861,0.756829,0.32,2.381,1.0,0.285887,0.249334,7.226,0.97,1,0.241861,hst,6.302,7.45,0.846,7.45,1.0,5.305500907434564e-16,mix,399,3.662,4908,hst,1,2.118,native,0,0.0,0.0
ct20stif,52329,2600295,8,0.01,17,False,400,256,0.958164,0.132075,0.129615,1.019,7.392,1.019,0.154651,0.134733,7.112,0.98,2,0.132075,hst,6.196,7.255,0.854,7.255,1.0,3.403944480715774e-16,mix,153,3.121,2523,hst,1,1.982,native,0,0.0,0.0
ct20stif,52329,2600295,8,0.01,18,False,400,256,0.611134,0.075031,0.069868,1.074,8.747,1.074,0.097773,0.08298,7.365,0.904,3,0.075031,hst,6.251,8.145,0.767,8.145,1.0,3.351339203340676e-16,mix,64,2.341,941,hst,1,1.643,native,0,0.0,0.0
ct20stif,52329,2600295,8,0.01,19,False,400,256,0.742867,0.109758,0.105278,1.043,7.056,1.043,0.134941,0.118141,6.288,0.929,3,0.109758,hst,5.505,6.768,0.813,6.768,1.0,2.600013994931016e-16,mix,155,3.51,1720,hst,1,1.859,native,0,0.0,0.0
ct20stif,52329,2600295,8,0.01,20,False,400,256,0.832397,0.12064,0.116104,1.039,7.169,1.039,0.157922,0.128989,6.453,0.935,9,0.12064,hst,5.271,6.9,0.764,6.9,1.0,5.949530076200267e-16,mix,169,4.103,2046,hst,1,6.09,native,0,0.0,0.0
ct20stif,52329,2600295,8,0.01,21,False,400,256,0.942242,0.110971,0.108906,1.019,8.652,1.019,0.139606,0.120028,7.85,0.925,2,0.110971,hst,6.749,8.491,0.795,8.491,1.0,4.493998728164776e-16,mix,118,3.196,2442,hst,1,1.864,native,0,0.0,0.0
ct20stif,52329,2600295,8,0.25,17,False,400,256,0.967519,0.184157,0.417898,0.441,2.315,1.0,0.208391,0.186794,5.18,0.986,3,0.184157,hst,4.643,5.254,0.884,5.254,1.0,3.403944480715774e-16,mix,399,3.589,1826,hst,1,2.172,native,0,0.0,0.0
ct20stif,52329,2600295,8,0.25,18,False,400,256,0.70293,0.153162,0.27775,0.551,2.531,1.0,0.176371,0.160521,4.379,0.954,4,0.153162,hst,3.986,4.589,0.868,4.589,1.0,3.351339203340676e-16,mix,397,1.248,1518,hst,1,2.054,native,0,0.0,0.0
ct20stif,52329,2600295,8,0.25,19,False,400,256,0.869455,0.176337,0.368092,0.479,2.362,1.0,0.194274,0.177163,4.908,0.995,3,0.176337,hst,4.475,4.931,0.908,4.931,1.0,2.600013994931016e-16,mix,399,3.722,2768,hst,1,2.068,native,0,0.0,0.0
ct20stif,52329,2600295,8,0.25,20,False,400,256,0.860603,0.18133,0.399562,0.454,2.154,1.0,0.201116,0.18412,4.674,0.985,3,0.18133,hst,4.279,4.746,0.902,4.746,1.0,5.949530076200267e-16,mix,399,3.928,2908,hst,1,2.002,native,0,0.0,0.0
ct20stif,52329,2600295,8,0.25,21,False,400,256,0.934215,0.180194,0.421247,0.428,2.218,1.0,0.206209,0.185874,5.026,0.969,3,0.180194,hst,4.53,5.184,0.874,5.184,1.0,4.493998728164776e-16,mix,399,3.855,1945,hst,1,2.075,native,0,0.0,0.0
s3rmt3m3,5357,207123,8,0.01,17,False,400,256,0.806109,0.082985,0.075908,1.093,10.62,1.093,0.100754,0.08834,9.125,0.939,1,0.082985,hst,8.001,9.714,0.824,9.714,1.0,4.0558810500666957e-16,mix,132,3.125,1054,hst,1,0.886,native,0,0.0,0.0
s3rmt3m3,5357,207123,8,0.01,18,False,400,256,0.555979,0.062024,0.055597,1.116,10.0,1.116,0.078933,0.06677,8.327,0.929,2,0.062024,hst,7.044,8.964,0.786,8.964,1.0,4.602754019127631e-16,mix,63,2.29,810,hst,1,0.846,native,0,0.0,0.0
s3rmt3m3,5357,207123,8,0.01,19,False,400,256,0.631093,0.084168,0.078855,1.067,8.003,1.067,0.103179,0.091888,6.868,0.916,2,0.084168,hst,6.116,7.498,0.816,7.498,1.0,3.6103403035014226e-16,mix,141,2.618,1176,hst,1,0.892,native,0,0.0,0.0
s3rmt3m3,5357,207123,8,0.01,20,False,400,256,0.528202,0.065638,0.059078,1.111,8.941,1.111,0.106883,0.089141,5.925,0.736,21,0.065638,hst,4.942,8.047,0.614,8.047,1.0,3.8491695538458903e-16,mix,75,2.324,1032,hst,1,9.191,native,0,0.0,0.0
s3rmt3m3,5357,207123,8,0.01,21,False,400,256,0.556986,0.06029,0.057428,1.05,9.699,1.05,0.079388,0.068147,8.173,0.885,2,0.06029,hst,7.016,9.238,0.759,9.238,1.0,4.3170597187208097e-16,mix,69,2.46,678,hst,1,0.741,native,0,0.0,0.0
s3rmt3m3,5357,207123,8,0.25,17,False,400,256,0.601422,0.121152,0.188588,0.642,3.189,1.0,0.140673,0.128306,4.687,0.944,2,0.121152,hst,4.275,4.964,0.861,4.964,1.0,4.0558810500666957e-16,mix,399,2.638,1241,hst,1,1.004,native,0,0.0,0.0
s3rmt3m3,5357,207123,8,0.25,18,False,400,256,0.606484,0.117885,0.17991,0.655,3.371,1.0,0.140743,0.12965,4.678,0.909,2,0.117885,hst,4.309,5.145,0.838,5.145,1.0,4.602754019127631e-16,mix,398,4.329,1146,hst,1,0.907,native,0,0.0,0.0
s3rmt3m3,5357,207123,8,0.25,19,False,400,256,0.607055,0.119794,0.179595,0.667,3.38,1.0,0.144846,0.132297,4.589,0.905,2,0.119794,hst,4.191,5.067,0.827,5.067,1.0,3.6103403035014226e-16,mix,399,3.419,915,hst,1,1.037,native,0,0.0,0.0
s3rmt3m3,5357,207123,8,0.25,20,False,400,256,0.587879,0.118022,0.180071,0.655,3.265,1.0,0.138898,0.127716,4.603,0.924,2,0.118022,hst,4.232,4.981,0.85,4.981,1.0,3.8491695538458903e-16,mix,399,1.324,1140,hst,1,0.953,native,0,0.0,0.0
s3rmt3m3,5357,207123,8,0.25,21,False,400,256,0.636611,0.117219,0.264006,0.444,2.411,1.0,0.138381,0.12702,5.012,0.923,2,0.117219,hst,4.6,5.431,0.847,5.431,1.0,4.3170597187208097e-16,mix,399,2.88,873,hst,1,0.903,native,0,0.0,0.0
memplus,17758,99147,8,0.01,17,False,400,256,0.912948,0.093548,0.106092,0.882,8.605,1.0,0.115275,0.096277,9.482,0.972,2,0.093548,hst,7.92,9.759,0.812,9.759,1.0,3.582437197197559e-16,mix,250,2.629,8167,hst,1,1.233,native,0,0.0,0.0
memplus,17758,99147,8,0.01,18,False,400,256,0.818315,0.096508,0.109342,0.883,7.484,1.0,0.119513,0.100793,8.119,0.957,2,0.096508,hst,6.847,8.479,0.808,8.479,1.0,3.582443742956908e-16,mix,274,2.654,8270,hst,1,1.286,native,0,0.0,0.0
memplus,17758,99147,8,0.01,19,False,400,256,0.848303,0.089429,0.106095,0.843,7.996,1.0,0.11108,0.094261,8.999,0.949,2,0.089429,hst,7.637,9.486,0.805,9.486,1.0,4.41481093913526e-16,mix,254,2.934,7870,hst,1,1.143,native,0,0.0,0.0
memplus,17758,99147,8,0.01,20,False,400,256,0.823131,0.092693,0.112799,0.822,7.297,1.0,0.117602,0.097971,8.402,0.946,2,0.092693,hst,6.999,8.88,0.788,8.88,1.0,3.582437197197559e-16,mix,259,2.895,8049,hst,1,1.331,native,0,0.0,0.0
memplus,17758,99147,8,0.01,21,False,400,256,0.8323,0.093612,0.106331,0.88,7.827,1.0,0.117311,0.098426,8.456,0.951,2,0.093612,hst,7.095,8.891,0.798,8.891,1.0,3.582437197197559e-16,mix,264,2.73,8266,hst,1,1.247,native,0,0.0,0.0
memplus,17758,99147,8,0.25,17,False,400,256,0.80268,0.121972,0.361427,0.337,2.221,1.0,0.142356,0.124441,6.45,0.98,2,0.121972,hst,5.639,6.581,0.857,6.581,1.0,3.582437197197559e-16,mix,399,3.41,9493,hst,1,1.333,native,0,0.0,0.0
memplus,17758,99147,8,0.25,18,False,400,256,0.815247,0.125018,0.4186,0.299,1.948,1.0,0.146652,0.128346,6.352,0.974,2,0.125018,hst,5.559,6.521,0.852,6.521,1.0,3.582443742956908e-16,mix,399,3.6,9240,hst,1,1.357,native,0,0.0,0.0
memplus,17758,99147,8,0.25,19,False,400,256,0.813498,0.123839,0.406071,0.305,2.003,1.0,0.147708,0.13174,6.175,0.94,2,0.123839,hst,5.507,6.569,0.838,6.569,1.0,4.41481093913526e-16,mix,399,2.256,8983,hst,1,1.308,native,0,0.0,0.0
memplus,17758,99147,8,0.25,20,False,400,256,0.809075,0.118313,0.351469,0.337,2.302,1.0,0.141771,0.123794,6.536,0.956,2,0.118313,hst,5.707,6.838,0.835,6.838,1.0,3.582437197197559e-16,mix,399,2.551,9009,hst,1,1.338,native,0,0.0,0.0
memplus,17758,99147,8,0.25,21,False,400,256,0.804267,0.119322,0.35876,0.333,2.242,1.0,0.143357,0.125743,6.396,0.949,2,0.119322,hst,5.61,6.74,0.832,6.74,1.0,3.582437197197559e-16,mix,399,2.154,8111,hst,1,1.286,native,0,0.0,0.0
olafu,16146,1015156,8,0.01,17,False,400,256,0.751567,0.085899,0.088115,0.975,8.529,1.0,0.100718,0.086973,8.641,0.988,1,0.085899,hst,7.462,8.749,0.853,8.749,1.0,5.582074938205133e-16,mix,144,2.719,1379,hst,1,0.873,native,0,0.0,0.0
olafu,16146,1015156,8,0.01,18,False,400,256,0.633979,0.072302,0.071264,1.015,8.896,1.015,0.087309,0.075839,8.36,0.953,1,0.072302,hst,7.261,8.768,0.828,8.768,1.0,6.4036469396236e-16,mix,118,2.342,1715,hst,1,0.767,native,0,0.0,0.0
olafu,16146,1015156,8,0.01,19,False,400,256,0.639231,0.095299,0.10162,0.938,6.29,1.0,0.110477,0.098163,6.512,0.971,2,0.095299,hst,5.786,6.708,0.863,6.708,1.0,4.864534386882603e-16,mix,170,3.56,1842,hst,1,0.956,native,0,0.0,0.0
olafu,16146,1015156,8,0.01,20,False,400,256,0.751351,0.090723,0.091941,0.987,8.172,1.0,0.109525,0.097256,7.725,0.933,1,0.090723,hst,6.86,8.282,0.828,8.282,1.0,8.4320949564375e-16,mix,190,3.132,2009,hst,1,0.823,native,0,0.0,0.0
olafu,16146,1015156,8,0.01,21,False,400,256,0.808926,0.059562,0.060787,0.98,13.308,1.0,0.08995,0.063305,12.778,0.941,6,0.059562,hst,8.993,13.581,0.662,13.581,1.0,5.998259265642777e-16,mix,68,2.936,845,hst,1,4.753,native,0,0.0,0.0
olafu,16146,1015156,8,0.25,17,False,400,256,0.840908,0.117838,0.287795,0.409,2.922,1.0,0.131065,0.117033,7.185,1.007,1,0.117838,hst,6.416,7.136,0.899,7.136,1.0,5.582074938205133e-16,mix,399,4.273,1325,hst,1,0.999,native,0,0.0,0.0
olafu,16146,1015156,8,0.25,18,False,400,256,0.839824,0.111592,0.283679,0.393,2.96,1.0,0.13229,0.120394,6.976,0.927,1,0.111592,hst,6.348,7.526,0.844,7.526,1.0,6.4036469396236e-16,mix,398,3.121,1258,hst,1,0.902,native,0,0.0,0.0
olafu,16146,1015156,8,0.25,19,False,400,256,0.842139,0.103433,0.22942,0.451,3.671,1.0,0.121861,0.107838,7.809,0.959,1,0.103433,hst,6.911,8.142,0.849,8.142,1.0,4.864534386882603e-16,mix,399,2.169,1061,hst,1,1.026,native,0,0.0,0.0
olafu,16146,1015156,8,0.25,20,False,400,256,0.817224,0.106706,0.240753,0.443,3.394,1.0,0.124525,0.110669,7.384,0.964,1,0.106706,hst,6.563,7.659,0.857,7.659,1.0,8.4320949564375e-16,mix,399,4.173,1595,hst,1,0.927,native,0,0.0,0.0
olafu,16146,1015156,8,0.25,21,False,400,256,0.848318,0.103107,0.230002,0.448,3.688,1.0,0.12468,0.10728,7.908,0.961,1,0.103107,hst,6.804,8.228,0.827,8.228,1.0,5.998259265642777e-16,mix,398,4.319,1413,hst,1,0.98,native,0,0.0,0.0
bcsstk25,15439,252241,8,0.01,17,False,400,256,0.275697,0.060027,0.056847,1.056,4.85,1.056,0.068046,0.061547,4.479,0.975,3,0.060027,hst,4.052,4.593,0.882,4.593,1.0,1.4310126622262146e-16,mix,190,3.246,1671,hst,1,0.673,native,0,0.0,0.0
bcsstk25,15439,252241,8,0.01,18,False,400,256,0.281271,0.052624,0.045926,1.146,6.124,1.146,0.062193,0.056711,4.96,0.928,3,0.052624,hst,4.523,5.345,0.846,5.345,1.0,2.218697631478781e-16,mix,159,2.867,1368,hst,1,0.625,native,0,0.0,0.0
bcsstk25,15439,252241,8,0.01,19,False,400,256,0.260479,0.073302,0.06688,1.096,3.895,1.096,0.109228,0.081106,3.212,0.904,25,0.073302,hst,2.385,3.554,0.671,3.554,1.0,9.427442670147338e-17,mix,262,3.73,1870,hst,1,4.428,native,0,0.0,0.0
bcsstk25,15439,252241,8,0.01,20,False,400,256,0.27072,0.055679,0.051509,1.081,5.256,1.081,0.069721,0.060235,4.494,0.924,10,0.055679,hst,3.883,4.862,0.799,4.862,1.0,1.4798782495741104e-16,mix,179,3.135,1512,hst,1,2.006,native,0,0.0,0.0
bcsstk25,15439,252241,8,0.01,21,False,400,256,0.246497,0.066397,0.063179,1.051,3.902,1.051,0.102705,0.074788,3.296,0.888,25,0.066397,hst,2.4,3.712,0.646,3.712,1.0,1.5323971434071406e-16,mix,230,3.624,1748,hst,1,4.349,native,0,0.0,0.0
bcsstk25,15439,252241,8,0.25,17,False,400,256,0.277856,0.093504,0.224149,0.417,1.24,1.0,0.131663,0.100456,2.766,0.931,29,0.093504,hst,2.11,2.972,0.71,2.972,1.0,1.4310126622262146e-16,mix,399,3.466,2136,hst,1,5.215,native,0,0.0,0.0
bcsstk25,15439,252241,8,0.25,18,False,400,256,0.286883,0.089537,0.200454,0.447,1.431,1.0,0.131978,0.09982,2.874,0.897,27,0.089537,hst,2.174,3.204,0.678,3.204,1.0,2.218697631478781e-16,mix,399,1.664,1518,hst,1,5.085,native,0,0.0,0.0
bcsstk25,15439,252241,8,0.25,19,False,400,256,0.288021,0.093963,0.229447,0.41,1.255,1.0,0.134842,0.102047,2.822,0.921,30,0.093963,hst,2.136,3.065,0.697,3.065,1.0,9.427442670147338e-17,mix,399,3.292,1832,hst,1,5.56,native,0,0.0,0.0
bcsstk25,15439,252241,8,0.25,20,False,400,256,0.292119,0.091284,0.206483,0.442,1.415,1.0,0.132257,0.100239,2.914,0.911,27,0.091284,hst,2.209,3.2,0.69,3.2,1.0,1.4798782495741104e-16,mix,399,3.353,1535,hst,1,5.101,native,0,0.0,0.0
bcsstk25,15439,252241,8,0.25,21,False,400,256,0.279649,0.097777,0.236001,0.414,1.185,1.0,0.135072,0.104648,2.672,0.934,31,0.097777,hst,2.07,2.86,0.724,2.86,1.0,1.5323971434071406e-16,mix,399,3.501,2241,hst,1,5.506,native,0,0.0,0.0
circuit_3,12127,48137,8,0.01,17,False,400,256,0.369979,0.063042,0.079506,0.793,4.653,1.0,0.103941,0.070243,5.267,0.897,16,0.063042,hst,3.56,5.869,0.607,5.869,1.0,6.734179160610594e-16,mix,243,4.279,6637,hst,1,4.849,native,0,0.0,0.0
circuit_3,12127,48137,8,0.01,18,False,400,256,0.332598,0.066457,0.097801,0.68,3.401,1.0,0.109554,0.075942,4.38,0.875,19,0.066457,hst,3.036,5.005,0.607,5.005,1.0,6.734177751265342e-16,mix,282,4.235,6806,hst,1,4.818,native,0,0.0,0.0
circuit_3,12127,48137,8,0.01,19,False,400,256,0.369569,0.067102,0.093061,0.721,3.971,1.0,0.080057,0.070562,5.237,0.951,3,0.067102,hst,4.616,5.508,0.838,5.508,1.0,1.38110199246993e-16,mix,268,4.144,6681,hst,1,0.903,native,0,0.0,0.0
circuit_3,12127,48137,8,0.01,20,False,400,256,0.397073,0.070909,0.09885,0.717,4.017,1.0,0.101003,0.074969,5.297,0.946,10,0.070909,hst,3.931,5.6,0.702,5.6,1.0,7.407593410861525e-16,mix,309,4.559,6745,hst,1,3.382,native,0,0.0,0.0
circuit_3,12127,48137,8,0.01,21,False,400,256,0.37911,0.077987,0.105911,0.736,3.58,1.0,0.125913,0.086328,4.392,0.903,19,0.077987,hst,3.011,4.861,0.619,4.861,1.0,6.413984212090423e-16,mix,322,3.779,7302,hst,1,5.551,native,0,0.0,0.0
circuit_3,12127,48137,8,0.25,17,False,400,256,0.387549,0.090569,0.241892,0.374,1.602,1.0,0.102367,0.094207,4.114,0.961,3,0.090569,hst,3.786,4.279,0.885,4.279,1.0,6.734179160610594e-16,mix,399,2.644,7513,hst,1,0.96,native,0,0.0,0.0
circuit_3,12127,48137,8,0.25,18,False,400,256,0.392074,0.089064,0.238816,0.373,1.642,1.0,0.101878,0.094944,4.13,0.938,3,0.089064,hst,3.848,4.402,0.874,4.402,1.0,6.734177751265342e-16,mix,399,1.886,7080,hst,1,0.891,native,0,0.0,0.0
circuit_3,12127,48137,8,0.25,19,False,400,256,0.384664,0.094584,0.26001,0.364,1.479,1.0,0.108509,0.097664,3.939,0.968,4,0.094584,hst,3.545,4.067,0.872,4.067,1.0,1.38110199246993e-16,mix,399,2.929,7163,hst,1,1.011,native,0,0.0,0.0
circuit_3,12127,48137,8,0.25,20,False,400,256,0.388985,0.0875,0.232599,0.376,1.672,1.0,0.104148,0.094818,4.102,0.923,5,0.0875,hst,3.735,4.446,0.84,4.446,1.0,7.407593410861525e-16,mix,399,3.143,7143,hst,1,1.327,native,0,0.0,0.0
circuit_3,12127,48137,8,0.25,21,False,400,256,0.409521,0.093549,0.256519,0.365,1.596,1.0,0.109343,0.097968,4.18,0.955,4,0.093549,hst,3.745,4.378,0.856,4.378,1.0,6.413984212090423e-16,mix,399,2.889,7232,hst,1,1.29,native,0,0.0,0.0
bcsstk18,11948,149090,8,0.01,17,False,400,256,0.33746,0.102542,0.091989,1.115,3.668,1.115,0.119632,0.112022,3.012,0.915,5,0.102542,hst,2.821,3.291,0.857,3.291,1.0,8.625236741385534e-17,mix,226,3.274,1828,hst,1,1.104,native,0,0.0,0.0
bcsstk18,11948,149090,8,0.01,18,False,400,256,0.30255,0.089372,0.080227,1.114,3.771,1.114,0.139952,0.101629,2.977,0.879,29,0.089372,hst,2.162,3.385,0.639,3.385,1.0,1.7955529896133775e-16,mix,199,3.535,2058,hst,1,5.832,native,0,0.0,0.0
bcsstk18,11948,149090,8,0.01,19,False,400,256,0.263727,0.099611,0.091148,1.093,2.893,1.093,0.147664,0.113492,2.324,0.878,40,0.099611,hst,1.786,2.648,0.675,2.648,1.0,1.3804959837172369e-16,mix,252,1.245,1968,hst,1,5.96,native,0,0.0,0.0
bcsstk18,11948,149090,8,0.01,20,False,400,256,0.283565,0.111877,0.105165,1.064,2.696,1.064,0.161706,0.129639,2.187,0.863,36,0.111877,hst,1.754,2.535,0.692,2.535,1.0,2.057824038214574e-16,mix,261,4.159,2421,hst,1,5.522,native,0,0.0,0.0
bcsstk18,11948,149090,8,0.01,21,False,400,256,0.297124,0.08716,0.078857,1.105,3.768,1.105,0.137068,0.100757,2.949,0.865,29,0.08716,hst,2.168,3.409,0.636,3.409,1.0,3.703333649681202e-16,mix,199,3.248,1626,hst,1,5.664,native,0,0.0,0.0
bcsstk18,11948,149090,8,0.25,17,False,400,256,0.360951,0.164117,0.378228,0.434,0.954,1.0,0.221015,0.179279,2.013,0.915,45,0.164117,hst,1.633,2.199,0.743,2.199,1.0,8.625236741385534e-17,mix,399,3.34,2391,hst,1,8.096,native,0,0.0,0.0
bcsstk18,11948,149090,8,0.25,18,False,400,256,0.367051,0.159301,0.367974,0.433,0.997,1.0,0.220933,0.181277,2.025,0.879,41,0.159301,hst,1.661,2.304,0.721,2.304,1.0,1.7955529896133775e-16,mix,399,3.329,2108,hst,1,7.615,native,0,0.0,0.0
bcsstk18,11948,149090,8,0.25,19,False,400,256,0.284679,0.113719,0.30267,0.376,0.941,1.0,0.151539,0.122976,2.315,0.925,34,0.113719,hst,1.879,2.503,0.75,2.503,1.0,1.3804959837172369e-16,mix,399,2.121,2320,hst,1,5.44,native,0,0.0,0.0
bcsstk18,11948,149090,8,0.25,20,False,400,256,0.284714,0.10885,0.28736,0.379,0.991,1.0,0.147369,0.118099,2.411,0.922,33,0.10885,hst,1.932,2.616,0.739,2.616,1.0,2.057824038214574e-16,mix,399,2.875,1765,hst,1,5.575,native,0,0.0,0.0
bcsstk18,11948,149090,8,0.25,21,False,400,256,0.27373,0.108237,0.287329,0.377,0.953,1.0,0.146903,0.11859,2.308,0.913,34,0.108237,hst,1.863,2.529,0.737,2.529,1.0,3.703333649681202e-16,mix,399,3.218,1906,hst,1,5.241,native,0,0.0,0.0
add32,4960,19848,8,0.01,17,False,400,256,0.07716,0.022602,0.019684,1.148,3.92,1.148,0.028671,0.025042,3.081,0.903,10,0.022602,hst,2.691,3.414,0.788,3.414,1.0,1.834572946307244e-16,mix,62,2.138,714,hst,1,0.505,native,0,0.0,0.0
add32,4960,19848,8,0.01,18,False,400,256,0.077037,0.021691,0.019169,1.132,4.019,1.132,0.030722,0.027458,2.806,0.79,35,0.021691,hst,2.508,3.552,0.706,3.552,1.0,3.8969112366871195e-16,mix,54,2.194,653,hst,1,1.733,native,0,0.0,0.0
add32,4960,19848,8,0.01,19,False,400,256,0.07513,0.020561,0.018324,1.122,4.1,1.122,0.025558,0.022501,3.339,0.914,8,0.020561,hst,2.94,3.654,0.804,3.654,1.0,1.440904858629578e-16,mix,48,2.119,510,hst,1,0.399,native,0,0.0,0.0
add32,4960,19848,8,0.01,20,False,400,256,0.0776,0.022442,0.020184,1.112,3.845,1.112,0.039198,0.026638,2.913,0.842,38,0.022442,hst,1.98,3.458,0.573,3.458,1.0,1.9189147112235067e-16,mix,66,2.502,683,hst,1,1.925,native,0,0.0,0.0
add32,4960,19848,8,0.01,21,False,400,256,0.077351,0.021774,0.01898,1.147,4.075,1.147,0.031974,0.028725,2.693,0.758,46,0.021774,hst,2.419,3.552,0.681,3.552,1.0,2.4073268406156015e-16,mix,50,2.158,632,hst,1,2.224,native,0,0.0,0.0
add32,4960,19848,8,0.25,17,False,400,256,0.082142,0.044785,0.058574,0.765,1.402,1.0,0.066853,0.056408,1.456,0.794,169,0.044785,hst,1.229,1.834,0.67,1.834,1.0,1.834572946307244e-16,mix,388,3.515,881,hst,1,4.339,native,0,0.0,0.0
add32,4960,19848,8,0.25,18,False,400,256,0.082768,0.046632,0.066898,0.697,1.237,1.0,0.066042,0.053026,1.561,0.879,91,0.046632,hst,1.253,1.775,0.706,1.775,1.0,3.8969112366871195e-16,mix,394,2.711,1066,hst,1,2.706,native,0,0.0,0.0
add32,4960,19848,8,0.25,19,False,400,256,0.081028,0.041502,0.047807,0.868,1.695,1.0,0.04964,0.047401,1.709,0.876,22,0.041502,hst,1.632,1.952,0.836,1.952,1.0,1.440904858629578e-16,mix,368,3.07,868,hst,1,0.746,native,0,0.0,0.0
add32,4960,19848,8,0.25,20,False,400,256,0.082869,0.047456,0.070721,0.671,1.172,1.0,0.068831,0.056154,1.476,0.845,104,0.047456,hst,1.204,1.746,0.689,1.746,1.0,1.9189147112235067e-16,mix,398,3.999,1197,hst,1,2.766,native,0,0.0,0.0
add32,4960,19848,8,0.25,21,False,400,256,0.081974,0.045742,0.058622,0.78,1.398,1.0,0.065212,0.051768,1.583,0.884,90,0.045742,hst,1.257,1.792,0.701,1.792,1.0,2.4073268406156015e-16,mix,395,1.936,956,hst,1,2.728,native,0,0.0,0.0
epb2,25228,175027,8,0.01,17,False,400,256,0.15102,0.05935,0.055217,1.075,2.735,1.075,0.067377,0.061745,2.446,0.961,8,0.05935,hst,2.241,2.545,0.881,2.545,1.0,1.2653601002823704e-16,mix,252,3.924,1398,hst,1,0.712,native,0,0.0,0.0
epb2,25228,175027,8,0.01,18,False,400,256,0.108314,0.037688,0.030518,1.235,3.549,1.235,0.04711,0.041305,2.622,0.912,20,0.037688,hst,2.299,2.874,0.8,2.874,1.0,1.0817377525460358e-16,mix,134,2.659,819,hst,1,1.361,native,0,0.0,0.0
epb2,25228,175027,8,0.01,19,False,400,256,0.114557,0.037105,0.030511,1.216,3.755,1.216,0.04482,0.041853,2.737,0.887,8,0.037105,hst,2.556,3.087,0.828,3.087,1.0,1.2261168325020086e-16,mix,114,2.959,794,hst,1,0.558,native,0,0.0,0.0
epb2,25228,175027,8,0.01,20,False,400,256,0.109917,0.039651,0.032915,1.205,3.339,1.205,0.046461,0.043305,2.538,0.916,9,0.039651,hst,2.366,2.772,0.853,2.772,1.0,1.2651934239081537e-16,mix,134,3.17,1044,hst,1,0.586,native,0,0.0,0.0
epb2,25228,175027,8,0.01,21,False,400,256,0.125954,0.038576,0.031244,1.235,4.031,1.235,0.046731,0.042419,2.969,0.909,9,0.038576,hst,2.695,3.265,0.825,3.265,1.0,1.711511604198709e-16,mix,114,2.347,872,hst,1,0.714,native,0,0.0,0.0
epb2,25228,175027,8,0.25,17,False,400,256,0.162022,0.079509,0.175429,0.453,0.924,1.0,0.110849,0.085881,1.887,0.926,71,0.079509,hst,1.462,2.038,0.717,2.038,1.0,1.2653601002823704e-16,mix,399,3.468,1355,hst,1,5.395,native,0,0.0,0.0
epb2,25228,175027,8,0.25,18,False,400,256,0.149611,0.075905,0.168821,0.45,0.886,1.0,0.103722,0.085419,1.752,0.889,73,0.075905,hst,1.442,1.971,0.732,1.971,1.0,1.0817377525460358e-16,mix,399,3.893,1679,hst,1,4.675,native,0,0.0,0.0
epb2,25228,175027,8,0.25,19,False,400,256,0.161662,0.078205,0.172839,0.452,0.935,1.0,0.106612,0.086381,1.871,0.905,64,0.078205,hst,1.516,2.067,0.734,2.067,1.0,1.2261168325020086e-16,mix,399,3.006,1599,hst,1,4.789,native,0,0.0,0.0
epb2,25228,175027,8,0.25,20,False,400,256,0.150611,0.078098,0.172496,0.453,0.873,1.0,0.107392,0.086932,1.733,0.898,79,0.078098,hst,1.402,1.928,0.727,1.928,1.0,1.2651934239081537e-16,mix,399,4.763,1826,hst,1,5.04,native,0,0.0,0.0
epb2,25228,175027,8,0.25,21,False,400,256,0.147569,0.079153,0.141618,0.559,1.042,1.0,0.104021,0.082365,1.792,0.961,78,0.079153,hst,1.419,1.864,0.761,1.864,1.0,1.711511604198709e-16,mix,399,3.606,1426,hst,1,5.107,native,0,0.0,0.0
rajat03,7602,32653,8,0.01,17,False,400,256,0.113115,0.069985,0.055541,1.26,2.037,1.26,0.10104,0.081327,1.391,0.861,126,0.069985,hst,1.12,1.616,0.693,1.616,1.0,1.5389215321852664e-16,mix,219,3.529,1286,hst,1,4.003,native,0,0.0,0.0
rajat03,7602,32653,8,0.01,18,False,400,256,0.112506,0.060873,0.051618,1.179,2.18,1.179,0.092639,0.072518,1.551,0.839,95,0.060873,hst,1.214,1.848,0.657,1.848,1.0,1.5443765292083486e-16,mix,180,3.865,1190,hst,1,3.782,native,0,0.0,0.0
rajat03,7602,32653,8,0.01,19,False,400,256,0.112948,0.05525,0.04772,1.158,2.367,1.158,0.088468,0.068979,1.637,0.801,82,0.05525,hst,1.277,2.044,0.625,2.044,1.0,1.5991248545154193e-16,mix,154,1.339,935,hst,1,3.597,native,0,0.0,0.0
rajat03,7602,32653,8,0.01,20,False,400,256,0.113146,0.064651,0.055867,1.157,2.025,1.157,0.105211,0.091571,1.236,0.706,331,0.064651,hst,1.075,1.75,0.614,1.75,1.0,1.538921533552159e-16,mix,215,3.558,1189,hst,1,7.15,native,0,0.0,0.0
rajat03,7602,32653,8,0.01,21,False,400,256,0.114154,0.064345,0.05444,1.182,2.097,1.182,0.097294,0.078223,1.459,0.823,105,0.064345,hst,1.173,1.774,0.661,1.774,1.0,1.5389215543573844e-16,mix,205,4.051,1228,hst,1,3.769,native,0,0.0,0.0
rajat03,7602,32653,8,0.25,17,False,400,256,0.113656,0.108554,0.222175,0.489,0.512,1.0,0.144859,0.124636,0.912,0.871,,0.108554,hst,0.785,1.047,0.749,1.047,1.0,1.5389215321852664e-16,mix,399,1.694,1596,hst,1,5.295,native,0,0.0,0.0
rajat03,7602,32653,8,0.25,18,False,400,256,0.114243,0.102939,0.195083,0.528,0.586,1.0,0.141896,0.120434,0.949,0.855,,0.102939,hst,0.805,1.11,0.725,1.11,1.0,1.5443765292083486e-16,mix,399,3.843,1608,hst,1,5.387,native,0,0.0,0.0
rajat03,7602,32653,8,0.25,19,False,400,256,0.114156,0.105067,0.199385,0.527,0.573,1.0,0.142193,0.121784,0.937,0.863,,0.105067,hst,0.803,1.087,0.739,1.087,1.0,1.5991248545154193e-16,mix,399,4.436,1986,hst,1,5.311,native,0,0.0,0.0
rajat03,7602,32653,8,0.25,20,False,400,256,0.114805,0.109329,0.225289,0.485,0.51,1.0,0.146857,0.126804,0.905,0.862,,0.109329,hst,0.782,1.05,0.744,1.05,1.0,1.538921533552159e-16,mix,399,3.609,1841,hst,1,5.353,native,0,0.0,0.0
rajat03,7602,32653,8,0.25,21,False,400,256,0.12162,0.108704,0.222256,0.489,0.547,1.0,0.144213,0.123411,0.985,0.881,,0.108704,hst,0.843,1.119,0.754,1.119,1.0,1.5389215543573844e-16,mix,399,4.301,1437,hst,1,5.522,native,0,0.0,0.0
wang3,26064,177168,8,0.01,17,False,400,256,0.153812,0.112512,0.098818,1.139,1.557,1.139,0.151212,0.122995,1.251,0.915,227,0.112512,hst,1.017,1.367,0.744,1.367,1.0,1.1305705384438466e-16,mix,317,1.893,2115,hst,1,7.0,native,0,0.0,0.0
wang3,26064,177168,8,0.01,18,False,400,256,0.151557,0.103978,0.089833,1.157,1.687,1.157,0.143607,0.117145,1.294,0.888,180,0.103978,hst,1.055,1.458,0.724,1.458,1.0,2.415345571415648e-16,mix,276,4.43,2075,hst,1,6.208,native,0,0.0,0.0
wang3,26064,177168,8,0.01,19,False,400,256,0.150222,0.093101,0.078488,1.186,1.914,1.186,0.132911,0.106423,1.412,0.875,146,0.093101,hst,1.13,1.614,0.7,1.614,1.0,1.1119305929315413e-16,mix,245,4.253,1592,hst,1,6.376,native,0,0.0,0.0
wang3,26064,177168,8,0.01,20,False,400,256,0.151586,0.106111,0.09328,1.138,1.625,1.138,0.148173,0.12046,1.258,0.881,222,0.106111,hst,1.023,1.429,0.716,1.429,1.0,2.3978588170819393e-16,mix,298,4.106,2154,hst,1,6.904,native,0,0.0,0.0
wang3,26064,177168,8,0.01,21,False,400,256,0.152842,0.105893,0.093516,1.132,1.634,1.132,0.145843,0.119075,1.284,0.889,196,0.105893,hst,1.048,1.443,0.726,1.443,1.0,1.1305705384438466e-16,mix,278,4.481,2208,hst,1,6.631,native,0,0.0,0.0
wang3,26064,177168,8,0.25,17,False,400,256,0.154412,0.158422,0.384512,0.412,0.402,1.0,0.194981,0.16731,0.923,0.923,,0.154412,delta_baseline,0.792,1.0,0.792,1.0,1.026,1.1305705384438466e-16,mix,399,5.165,2726,hst,1,8.473,native,0,0.0,0.0
wang3,26064,177168,8,0.25,18,False,400,256,0.154253,0.156066,0.390847,0.399,0.395,1.0,0.196936,0.169631,0.909,0.909,,0.154253,delta_baseline,0.783,1.0,0.783,1.0,1.012,2.415345571415648e-16,mix,399,5.162,3239,hst,1,8.103,native,0,0.0,0.0
wang3,26064,177168,8,0.25,19,False,400,256,0.153496,0.153325,0.379907,0.404,0.404,1.0,0.194439,0.168543,0.911,0.91,,0.153325,hst,0.789,1.001,0.789,1.001,1.0,1.1119305929315413e-16,mix,399,2.224,2973,hst,1,7.98,native,0,0.0,0.0
wang3,26064,177168,8,0.25,20,False,400,256,0.154952,0.147462,0.365791,0.403,0.424,1.0,0.19122,0.16362,0.947,0.901,,0.147462,hst,0.81,1.051,0.771,1.051,1.0,2.3978588170819393e-16,mix,399,2.937,2811,hst,1,8.226,native,0,0.0,0.0
wang3,26064,177168,8,0.25,21,False,400,256,0.154465,0.154281,0.374346,0.412,0.413,1.0,0.195066,0.167243,0.924,0.923,,0.154281,hst,0.792,1.001,0.791,1.001,1.0,1.1305705384438466e-16,mix,399,4.744,3165,hst,1,8.413,native,0,0.0,0.0
scircuit,170998,958936,8,0.01,17,False,400,256,0.248305,0.21788,0.117861,1.849,2.107,1.849,0.258004,0.146508,1.695,1.487,333,0.21788,hst,0.962,1.14,0.844,1.14,1.0,2.6050372849850016e-16,mix,243,4.624,2959,hst,1,33.85,native,0,0.0,0.0
scircuit,170998,958936,8,0.01,18,False,400,256,0.15376,0.089123,0.066969,1.331,2.296,1.331,0.201408,0.110085,1.397,0.81,732,0.089123,hst,0.763,1.725,0.442,1.725,1.0,2.0386846321125864e-16,mix,160,3.349,954,hst,1,31.975,native,0,0.0,0.0
scircuit,170998,958936,8,0.01,19,False,400,256,0.272802,0.178287,0.175764,1.014,1.552,1.014,0.301972,0.190745,1.43,0.935,474,0.178287,hst,0.903,1.53,0.59,1.53,1.0,1.8803246323926756e-16,mix,348,3.357,3211,hst,1,38.935,native,0,0.0,0.0
scircuit,170998,958936,8,0.01,20,False,400,256,0.14988,0.097409,0.073192,1.331,2.048,1.331,0.2138,0.120407,1.245,0.809,1139,0.097409,hst,0.701,1.539,0.456,1.539,1.0,2.757259758035496e-16,mix,190,3.612,1048,hst,1,33.567,native,0,0.0,0.0
scircuit,170998,958936,8,0.01,21,False,400,256,0.272446,0.147327,0.14678,1.004,1.856,1.004,0.278351,0.17049,1.598,0.864,358,0.147327,hst,0.979,1.849,0.529,1.849,1.0,5.194813152189734e-16,mix,302,4.866,3224,hst,1,36.476,native,0,0.0,0.0
scircuit,170998,958936,8,0.25,17,False,400,256,0.28917,0.224092,0.648182,0.346,0.446,1.0,0.338783,0.23633,1.224,0.948,710,0.224092,hst,0.854,1.29,0.661,1.29,1.0,2.6050372849850016e-16,mix,399,3.178,4736,hst,1,37.535,native,0,0.0,0.0
scircuit,170998,958936,8,0.25,18,False,400,256,0.20149,0.16174,0.293101,0.552,0.687,1.0,0.245718,0.149672,1.346,1.081,677,0.16174,hst,0.82,1.246,0.658,1.246,1.0,2.0386846321125864e-16,mix,399,1.744,2823,hst,1,35.07,native,0,0.0,0.0
scircuit,170998,958936,8,0.25,19,False,400,256,0.221996,0.146344,0.475258,0.308,0.467,1.0,0.25234,0.172381,1.288,0.849,579,0.146344,hst,0.88,1.517,0.58,1.517,1.0,1.8803246323926756e-16,mix,399,3.197,3728,hst,1,28.747,native,0,0.0,0.0
scircuit,170998,958936,8,0.25,20,False,400,256,0.147741,0.100437,0.204656,0.491,0.722,1.0,0.179571,0.114973,1.285,0.874,740,0.100437,hst,0.823,1.471,0.559,1.471,1.0,2.757259758035496e-16,mix,399,3.948,2775,hst,1,24.259,native,0,0.0,0.0
scircuit,170998,958936,8,0.25,21,False,400,256,0.225417,0.156112,0.507639,0.308,0.444,1.0,0.24046,0.16207,1.391,0.963,439,0.156112,hst,0.937,1.444,0.649,1.444,1.0,5.194813152189734e-16,mix,399,3.494,4980,hst,1,27.803,native,0,0.0,0.0
bcspwr09,1723,6511,8,0.01,17,False,400,256,0.083751,0.050519,0.05857,0.863,1.43,1.0,0.068942,0.056041,1.494,0.901,103,0.050519,hst,1.215,1.658,0.733,1.658,1.0,3.3992994908668667e-16,mix,339,3.473,1585,hst,1,2.845,native,0,0.0,0.0
bcspwr09,1723,6511,8,0.01,18,False,400,256,0.081401,0.048817,0.057587,0.848,1.414,1.0,0.067748,0.054759,1.487,0.891,104,0.048817,hst,1.202,1.667,0.721,1.667,1.0,1.860896069197576e-16,mix,320,3.337,1588,hst,1,2.784,native,0,0.0,0.0
bcspwr09,1723,6511,8,0.01,19,False,400,256,0.080485,0.048265,0.056096,0.86,1.435,1.0,0.067545,0.054668,1.472,0.883,105,0.048265,hst,1.192,1.668,0.715,1.668,1.0,1.4472386138826977e-16,mix,318,3.214,1622,hst,1,2.715,native,0,0.0,0.0
bcspwr09,1723,6511,8,0.01,20,False,400,256,0.080803,0.04959,0.058724,0.844,1.376,1.0,0.068913,0.055403,1.458,0.895,117,0.04959,hst,1.173,1.629,0.72,1.629,1.0,4.2716015826531054e-16,mix,332,3.405,1580,hst,1,2.968,native,0,0.0,0.0
bcspwr09,1723,6511,8,0.01,21,False,400,256,0.082712,0.048997,0.057037,0.859,1.45,1.0,0.075396,0.061824,1.338,0.793,143,0.048997,hst,1.097,1.688,0.65,1.688,1.0,9.609496773994548e-17,mix,321,3.382,1623,hst,1,2.996,native,0,0.0,0.0
bcspwr09,1723,6511,8,0.25,17,False,400,256,0.092725,0.059639,0.171691,0.347,0.54,1.0,0.080474,0.066228,1.4,0.901,125,0.059639,hst,1.152,1.555,0.741,1.555,1.0,3.3992994908668667e-16,mix,399,3.553,1626,hst,1,3.313,native,0,0.0,0.0
bcspwr09,1723,6511,8,0.25,18,False,400,256,0.091479,0.059049,0.170928,0.345,0.535,1.0,0.078776,0.065202,1.403,0.906,120,0.059049,hst,1.161,1.549,0.75,1.549,1.0,1.860896069197576e-16,mix,399,4.284,1557,hst,1,3.158,native,0,0.0,0.0
bcspwr09,1723,6511,8,0.25,19,False,400,256,0.091806,0.060075,0.172006,0.349,0.534,1.0,0.079312,0.06601,1.391,0.91,121,0.060075,hst,1.158,1.528,0.757,1.528,1.0,1.4472386138826977e-16,mix,399,2.966,1568,hst,1,3.111,native,0,0.0,0.0
bcspwr09,1723,6511,8,0.25,20,False,400,256,0.091622,0.059639,0.170229,0.35,0.538,1.0,0.081185,0.066751,1.373,0.893,134,0.059639,hst,1.129,1.536,0.735,1.536,1.0,4.2716015826531054e-16,mix,399,2.948,1582,hst,1,3.339,native,0,0.0,0.0
bcspwr09,1723,6511,8,0.25,21,False,400,256,0.092897,0.059656,0.173295,0.344,0.536,1.0,0.080389,0.065838,1.411,0.906,123,0.059656,hst,1.156,1.557,0.742,1.557,1.0,9.609496773994548e-17,mix,399,3.129,1573,hst,1,3.317,native,0,0.0,0.0
bcspwr10,5300,21842,8,0.01,17,False,400,256,0.125556,0.123168,0.178568,0.69,0.703,1.0,0.161393,0.139012,0.903,0.886,,0.123168,hst,0.778,1.019,0.763,1.019,1.0,1.871280638170483e-16,mix,396,4.405,3614,hst,1,6.305,native,0,0.0,0.0
bcspwr10,5300,21842,8,0.01,18,False,400,256,0.128716,0.129422,0.181449,0.713,0.709,1.0,0.165116,0.141828,0.908,0.908,,0.128716,delta_baseline,0.78,1.0,0.78,1.0,1.005,3.513861746800697e-16,mix,398,4.352,3675,hst,1,6.596,native,0,0.0,0.0
bcspwr10,5300,21842,8,0.01,19,False,400,256,0.125486,0.127626,0.167113,0.764,0.751,1.0,0.161098,0.138246,0.908,0.908,,0.125486,delta_baseline,0.779,1.0,0.779,1.0,1.017,2.258919437555397e-16,mix,394,3.721,3603,hst,1,6.475,native,0,0.0,0.0
bcspwr10,5300,21842,8,0.01,20,False,400,256,0.1271,0.12807,0.172333,0.743,0.738,1.0,0.161778,0.139566,0.911,0.911,,0.1271,delta_baseline,0.786,1.0,0.786,1.0,1.008,1.5260920413345594e-16,mix,396,4.565,3681,hst,1,6.245,native,0,0.0,0.0
bcspwr10,5300,21842,8,0.01,21,False,400,256,0.121617,0.125633,0.173359,0.725,0.702,1.0,0.162232,0.140654,0.865,0.865,,0.121617,delta_baseline,0.75,1.0,0.75,1.0,1.033,3.1586084160755566e-16,mix,393,5.058,3594,hst,1,6.377,native,0,0.0,0.0
bcspwr10,5300,21842,8,0.25,17,False,400,256,0.136536,0.142033,0.585253,0.243,0.233,1.0,0.181961,0.159656,0.855,0.855,,0.136536,delta_baseline,0.75,1.0,0.75,1.0,1.04,1.871280638170483e-16,mix,399,5.326,3593,hst,1,6.846,native,0,0.0,0.0
bcspwr10,5300,21842,8,0.25,18,False,400,256,0.14024,0.140239,0.580886,0.241,0.241,1.0,0.181335,0.158074,0.887,0.887,,0.140239,hst,0.773,1.0,0.773,1.0,1.0,3.513861746800697e-16,mix,399,3.954,3852,hst,1,6.877,native,0,0.0,0.0
bcspwr10,5300,21842,8,0.25,19,False,400,256,0.133861,0.140285,0.553422,0.253,0.242,1.0,0.17822,0.154528,0.866,0.866,,0.133861,delta_baseline,0.751,1.0,0.751,1.0,1.048,2.258919437555397e-16,mix,399,2.675,3871,hst,1,7.031,native,0,0.0,0.0
bcspwr10,5300,21842,8,0.25,20,False,400,256,0.137851,0.142574,0.570979,0.25,0.241,1.0,0.180783,0.157502,0.875,0.875,,0.137851,delta_baseline,0.763,1.0,0.763,1.0,1.034,1.5260920413345594e-16,mix,399,3.996,3816,hst,1,7.052,native,0,0.0,0.0
bcspwr10,5300,21842,8,0.25,21,False,400,256,0.134217,0.139672,0.572487,0.244,0.234,1.0,0.178545,0.155323,0.864,0.864,,0.134217,delta_baseline,0.752,1.0,0.752,1.0,1.041,3.1586084160755566e-16,mix,399,1.681,3686,hst,1,7.177,native,0,0.0,0.0
TSOPF_RS_b39_c30,60098,1079986,8,0.01,17,False,400,256,14.503847,0.521866,0.89746,0.581,16.161,1.0,0.784291,0.514026,28.216,1.015,1,0.521866,hst,18.493,27.792,0.665,27.792,1.0,1.3924108160288588e-16,mix,399,1.938,32652,hst,1,8.325,native,0,0.0,0.25
TSOPF_RS_b39_c30,60098,1079986,8,0.01,18,False,400,256,14.494684,0.502883,0.930314,0.541,15.58,1.0,0.775129,0.507514,28.56,0.991,1,0.502883,hst,18.7,28.823,0.649,28.823,1.0,1.3924108160288588e-16,mix,397,1.967,32718,hst,1,8.36,native,0,0.0,0.25
TSOPF_RS_b39_c30,60098,1079986,8,0.01,19,False,400,256,14.446005,0.497231,0.840316,0.592,17.191,1.0,0.76911,0.503349,28.7,0.988,1,0.497231,hst,18.783,29.053,0.647,29.053,1.0,1.3924108160288588e-16,mix,399,1.909,32742,hst,1,8.387,native,0,0.0,0.25
TSOPF_RS_b39_c30,60098,1079986,8,0.01,20,False,400,256,14.542651,0.502312,0.895041,0.561,16.248,1.0,0.783885,0.510306,28.498,0.984,1,0.502312,hst,18.552,28.951,0.641,28.951,1.0,1.3924108160288588e-16,mix,398,1.906,32973,hst,1,8.445,native,0,0.0,0.25
TSOPF_RS_b39_c30,60098,1079986,8,0.01,21,False,400,138,0.380294,0.375202,0.35575,1.055,1.069,1.055,0.38325,0.346066,1.099,1.084,0,0.375202,hst,0.992,1.014,0.979,1.014,1.0,1.3924108160288588e-16,mix,0,1.0,30428,delta_baseline,0,0.0,native,0,0.0,0.25
TSOPF_RS_b39_c30,60098,1079986,8,0.25,17,False,400,256,14.754951,0.55144,1.558339,0.354,9.468,1.0,0.810319,0.534569,27.602,1.032,1,0.55144,hst,18.209,26.757,0.681,26.757,1.0,1.3924108160288588e-16,mix,399,3.272,32116,hst,1,8.506,native,0,0.0,0.25
TSOPF_RS_b39_c30,60098,1079986,8,0.25,18,False,400,256,14.75308,0.540086,1.540665,0.351,9.576,1.0,0.812662,0.538482,27.398,1.003,1,0.540086,hst,18.154,27.316,0.665,27.316,1.0,1.3924108160288588e-16,mix,399,3.317,31960,hst,1,8.696,native,0,0.0,0.25
TSOPF_RS_b39_c30,60098,1079986,8,0.25,19,False,400,256,14.767001,0.532572,1.50427,0.354,9.817,1.0,0.80879,0.53717,27.49,0.991,1,0.532572,hst,18.258,27.728,0.658,27.728,1.0,1.3924108160288588e-16,mix,399,3.371,31868,hst,1,8.588,native,0,0.0,0.25
TSOPF_RS_b39_c30,60098,1079986,8,0.25,20,False,400,256,14.734451,0.529639,1.514779,0.35,9.727,1.0,0.808743,0.537888,27.393,0.985,1,0.529639,hst,18.219,27.82,0.655,27.82,1.0,1.3924108160288588e-16,mix,399,3.376,31755,hst,1,8.679,native,0,0.0,0.25
TSOPF_RS_b39_c30,60098,1079986,8,0.25,21,False,400,138,14.458058,0.476746,1.287343,0.37,11.231,1.0,0.755499,0.483396,29.909,0.986,1,0.476746,hst,19.137,30.327,0.631,30.327,1.0,1.3924108160288588e-16,mix,399,5.46,31152,hst,1,8.379,native,0,0.0,0.25
TSOPF_RS_b162_c3,15374,610299,8,0.01,17,False,400,256,8.686045,0.338916,0.466963,0.726,18.601,1.0,0.50372,0.343749,25.269,0.986,1,0.338916,hst,17.244,25.629,0.673,25.629,1.0,1.2582477660838618e-16,mix,398,3.006,9863,hst,1,4.359,native,0,0.0,0.25
TSOPF_RS_b162_c3,15374,610299,8,0.01,18,False,400,256,8.801956,0.335144,0.490308,0.684,17.952,1.0,0.499222,0.339737,25.908,0.986,1,0.335144,hst,17.631,26.263,0.671,26.263,1.0,1.2582477660838618e-16,mix,397,2.911,9989,hst,1,4.416,native,0,0.0,0.25
TSOPF_RS_b162_c3,15374,610299,8,0.01,19,False,400,256,8.673332,0.327364,0.483825,0.677,17.927,1.0,0.489939,0.332613,26.076,0.984,1,0.327364,hst,17.703,26.494,0.668,26.494,1.0,1.2582477660838618e-16,mix,396,2.968,9813,hst,1,4.294,native,0,0.0,0.25
TSOPF_RS_b162_c3,15374,610299,8,0.01,20,False,400,256,8.811692,0.333124,0.450751,0.739,19.549,1.0,0.504197,0.342903,25.697,0.971,1,0.333124,hst,17.477,26.452,0.661,26.452,1.0,1.2582477660838618e-16,mix,397,2.947,9965,hst,1,4.36,native,0,0.0,0.25
TSOPF_RS_b162_c3,15374,610299,8,0.01,21,False,400,256,8.79158,0.339174,0.497207,0.682,17.682,1.0,0.510282,0.348689,25.213,0.973,1,0.339174,hst,17.229,25.921,0.665,25.921,1.0,1.172605067740121e-16,mix,397,2.946,9949,hst,1,4.53,native,0,0.0,0.25
TSOPF_RS_b162_c3,15374,610299,8,0.25,17,False,400,256,9.04284,0.353365,0.898882,0.393,10.06,1.0,0.522935,0.356018,25.4,0.993,1,0.353365,hst,17.292,25.591,0.676,25.591,1.0,1.2582477660838618e-16,mix,399,3.11,9434,hst,1,4.743,native,0,0.0,0.25
TSOPF_RS_b162_c3,15374,610299,8,0.25,18,False,400,256,9.012351,0.351512,0.885487,0.397,10.178,1.0,0.52112,0.356675,25.268,0.986,1,0.351512,hst,17.294,25.639,0.675,25.639,1.0,1.2582477660838618e-16,mix,399,2.974,9469,hst,1,4.68,native,0,0.0,0.25
TSOPF_RS_b162_c3,15374,610299,8,0.25,19,False,400,256,9.048578,0.351226,0.90479,0.388,10.001,1.0,0.521906,0.356762,25.363,0.984,1,0.351226,hst,17.338,25.763,0.673,25.763,1.0,1.2582477660838618e-16,mix,399,2.967,9122,hst,1,4.647,native,0,0.0,0.25
TSOPF_RS_b162_c3,15374,610299,8,0.25,20,False,400,256,9.052493,0.349366,0.909529,0.384,9.953,1.0,0.529514,0.364369,24.844,0.959,1,0.349366,hst,17.096,25.911,0.66,25.911,1.0,1.2582477660838618e-16,mix,399,2.852,9359,hst,1,4.762,native,0,0.0,0.25
TSOPF_RS_b162_c3,15374,610299,8,0.25,21,False,400,256,9.072847,0.350914,0.89888,0.39,10.094,1.0,0.52159,0.357081,25.408,0.983,1,0.350914,hst,17.395,25.855,0.673,25.855,1.0,1.172605067740121e-16,mix,399,3.119,9128,hst,1,4.73,native,0,0.0,0.25
TSOPF_RS_b300_c1,14538,1474325,8,0.01,17,False,400,256,13.975256,0.637961,1.059468,0.602,13.191,1.0,1.029758,0.635874,21.978,1.003,1,0.637961,hst,13.571,21.906,0.62,21.906,1.0,1.1112960972222602e-16,mix,394,3.109,9157,hst,1,9.599,native,0,0.0,0.25
TSOPF_RS_b300_c1,14538,1474325,8,0.01,18,False,400,256,17.587743,0.713632,1.115294,0.64,15.77,1.0,1.093597,0.694529,25.323,1.028,1,0.713632,hst,16.082,24.645,0.653,24.645,1.0,1.1112960972222602e-16,mix,397,3.109,9352,hst,1,9.616,native,0,0.0,0.25
TSOPF_RS_b300_c1,14538,1474325,8,0.01,19,False,400,256,15.523637,0.664167,1.08835,0.61,14.263,1.0,1.054155,0.659962,23.522,1.006,1,0.664167,hst,14.726,23.373,0.63,23.373,1.0,1.1112960972222602e-16,mix,398,3.425,9213,hst,1,9.582,native,0,0.0,0.25
TSOPF_RS_b300_c1,14538,1474325,8,0.01,20,False,400,256,16.96127,0.674484,1.1216,0.601,15.122,1.0,1.076912,0.680871,24.911,0.991,1,0.674484,hst,15.75,25.147,0.626,25.147,1.0,1.1112960972222602e-16,mix,399,2.931,9197,hst,1,9.624,native,0,0.0,0.25
TSOPF_RS_b300_c1,14538,1474325,8,0.01,21,False,400,256,18.151975,0.700439,1.123098,0.624,16.162,1.0,1.11437,0.710211,25.559,0.986,1,0.700439,hst,16.289,25.915,0.629,25.915,1.0,1.4073755446586306e-16,mix,397,3.128,9384,hst,1,9.886,native,0,0.0,0.25
TSOPF_RS_b300_c1,14538,1474325,8,0.25,17,False,400,256,22.440978,0.729342,1.82208,0.4,12.316,1.0,1.128906,0.731424,30.681,0.997,0,0.729342,hst,19.879,30.769,0.646,30.769,1.0,1.1112960972222602e-16,mix,399,3.033,8854,hst,1,10.309,native,0,0.0,0.25
TSOPF_RS_b300_c1,14538,1474325,8,0.25,18,False,400,256,22.247169,0.721634,1.842975,0.392,12.071,1.0,1.117964,0.730233,30.466,0.988,0,0.721634,hst,19.9,30.829,0.645,30.829,1.0,1.1112960972222602e-16,mix,399,3.259,8939,hst,1,9.968,native,0,0.0,0.25
TSOPF_RS_b300_c1,14538,1474325,8,0.25,19,False,400,256,22.389592,0.727036,1.824252,0.399,12.273,1.0,1.112822,0.737049,30.377,0.986,0,0.727036,hst,20.12,30.796,0.653,30.796,1.0,1.1112960972222602e-16,mix,399,3.23,8803,hst,1,9.877,native,0,0.0,0.25
TSOPF_RS_b300_c1,14538,1474325,8,0.25,20,False,400,256,22.371812,0.730698,1.811657,0.403,12.349,1.0,1.103274,0.73751,30.334,0.991,0,0.730698,hst,20.278,30.617,0.662,30.617,1.0,1.1112960972222602e-16,mix,399,3.315,8900,hst,1,9.724,native,0,0.0,0.25
TSOPF_RS_b300_c1,14538,1474325,8,0.25,21,False,400,256,22.368842,0.7281,1.848349,0.394,12.102,1.0,1.106488,0.736875,30.356,0.988,0,0.7281,hst,20.216,30.722,0.658,30.722,1.0,1.4073755446586306e-16,mix,399,3.119,8841,hst,1,9.782,native,0,0.0,0.25
nasa2910,2910,174296,8,0.01,17,False,400,256,0.900869,0.145832,0.176557,0.826,5.102,1.0,0.162679,0.151211,5.958,0.964,1,0.145832,hst,5.538,6.177,0.896,6.177,1.0,2.8038709295888876e-16,mix,377,3.768,2841,hst,1,0.837,native,0,0.0,0.25
nasa2910,2910,174296,8,0.01,18,False,400,256,0.894201,0.138331,0.177991,0.777,5.024,1.0,0.159316,0.149147,5.995,0.927,1,0.138331,hst,5.613,6.464,0.868,6.464,1.0,3.799423773445064e-16,mix,371,3.43,2894,hst,1,0.746,native,0,0.0,0.25
nasa2910,2910,174296,8,0.01,19,False,400,256,0.861177,0.142182,0.171719,0.828,5.015,1.0,0.164459,0.15215,5.66,0.934,1,0.142182,hst,5.236,6.057,0.865,6.057,1.0,3.9854920332226225e-16,mix,370,3.276,2830,hst,1,0.883,native,0,0.0,0.25
nasa2910,2910,174296,8,0.01,20,False,400,256,0.906266,0.141733,0.178688,0.793,5.072,1.0,0.161665,0.151908,5.966,0.933,1,0.141733,hst,5.606,6.394,0.877,6.394,1.0,3.799423773445064e-16,mix,378,3.433,2856,hst,1,0.777,native,0,0.0,0.25
nasa2910,2910,174296,8,0.01,21,False,400,256,0.847459,0.137376,0.16873,0.814,5.023,1.0,0.159033,0.149767,5.659,0.917,1,0.137376,hst,5.329,6.169,0.864,6.169,1.0,3.170894107257953e-16,mix,369,3.346,2890,hst,1,0.704,native,0,0.0,0.25
nasa2910,2910,174296,8,0.25,17,False,400,256,0.857862,0.145348,0.64739,0.225,1.325,1.0,0.167706,0.151373,5.667,0.96,2,0.145348,hst,5.115,5.902,0.867,5.902,1.0,2.8038709295888876e-16,mix,399,3.067,2791,hst,1,1.116,native,0,0.0,0.25
nasa2910,2910,174296,8,0.25,18,False,400,256,0.856033,0.144982,0.639741,0.227,1.338,1.0,0.166117,0.149841,5.713,0.968,2,0.144982,hst,5.153,5.904,0.873,5.904,1.0,3.799423773445064e-16,mix,399,4.287,2697,hst,1,1.152,native,0,0.0,0.25
nasa2910,2910,174296,8,0.25,19,False,400,256,0.843188,0.144653,0.635548,0.228,1.327,1.0,0.166962,0.150206,5.614,0.963,2,0.144653,hst,5.05,5.829,0.866,5.829,1.0,3.9854920332226225e-16,mix,399,3.938,2765,hst,1,1.122,native,0,0.0,0.25
nasa2910,2910,174296,8,0.25,20,False,400,256,0.864223,0.145072,0.659951,0.22,1.31,1.0,0.165134,0.149953,5.763,0.967,1,0.145072,hst,5.233,5.957,0.879,5.957,1.0,3.799423773445064e-16,mix,399,4.292,2849,hst,1,1.058,native,0,0.0,0.25
nasa2910,2910,174296,8,0.25,21,False,400,256,0.839552,0.1425,0.633084,0.225,1.326,1.0,0.165246,0.149146,5.629,0.955,2,0.1425,hst,5.081,5.892,0.862,5.892,1.0,3.170894107257953e-16,mix,399,3.528,2688,hst,1,1.115,native,0,0.0,0.25
raefsky3,21200,1488768,8,0.01,17,False,400,256,0.838952,0.164197,0.223862,0.733,3.748,1.0,0.179776,0.170059,4.933,0.966,1,0.164197,hst,4.667,5.109,0.913,5.109,1.0,4.21040283801125e-16,mix,397,4.192,8376,hst,1,0.942,native,0,0.0,0.25
raefsky3,21200,1488768,8,0.01,18,False,400,256,0.842283,0.163794,0.220876,0.742,3.813,1.0,0.179858,0.16948,4.97,0.966,1,0.163794,hst,4.683,5.142,0.911,5.142,1.0,3.542741100665178e-16,mix,395,1.081,7592,hst,1,0.912,native,0,0.0,0.25
raefsky3,21200,1488768,8,0.01,19,False,400,256,0.827342,0.166924,0.231924,0.72,3.567,1.0,0.184249,0.174695,4.736,0.956,1,0.166924,hst,4.49,4.956,0.906,4.956,1.0,2.936613481310225e-16,mix,399,3.941,8456,hst,1,0.928,native,0,0.0,0.25
raefsky3,21200,1488768,8,0.01,20,False,400,256,0.840271,0.166885,0.226599,0.736,3.708,1.0,0.186543,0.177036,4.746,0.943,1,0.166885,hst,4.504,5.035,0.895,5.035,1.0,4.654934124763125e-16,mix,397,3.887,8192,hst,1,0.933,native,0,0.0,0.25
raefsky3,21200,1488768,8,0.01,21,False,400,256,0.829626,0.15835,0.215054,0.736,3.858,1.0,0.178786,0.169093,4.906,0.936,1,0.15835,hst,4.64,5.239,0.886,5.239,1.0,3.205001438329397e-16,mix,395,4.102,8136,hst,1,0.928,native,0,0.0,0.25
raefsky3,21200,1488768,8,0.25,17,False,400,256,0.83232,0.172224,0.560475,0.307,1.485,1.0,0.181087,0.164894,5.048,1.044,2,0.172224,hst,4.596,4.833,0.951,4.833,1.0,4.21040283801125e-16,mix,399,4.156,5096,hst,1,1.308,native,0,0.0,0.25
raefsky3,21200,1488768,8,0.25,18,False,400,256,0.834139,0.160058,0.570547,0.281,1.462,1.0,0.182324,0.166643,5.006,0.96,2,0.160058,hst,4.575,5.211,0.878,5.211,1.0,3.542741100665178e-16,mix,399,3.197,5216,hst,1,1.323,native,0,0.0,0.25
raefsky3,21200,1488768,8,0.25,19,False,400,256,0.83156,0.159481,0.561334,0.284,1.481,1.0,0.182313,0.166066,5.007,0.96,2,0.159481,hst,4.561,5.214,0.875,5.214,1.0,2.936613481310225e-16,mix,399,1.0,5344,hst,1,1.342,native,0,0.0,0.25
raefsky3,21200,1488768,8,0.25,20,False,400,256,0.833699,0.159928,0.561516,0.285,1.485,1.0,0.182383,0.165955,5.024,0.964,2,0.159928,hst,4.571,5.213,0.877,5.213,1.0,4.654934124763125e-16,mix,399,4.213,5104,hst,1,1.344,native,0,0.0,0.25
raefsky3,21200,1488768,8,0.25,21,False,400,256,0.827442,0.158882,0.570913,0.278,1.449,1.0,0.18232,0.165974,4.985,0.957,2,0.158882,hst,4.538,5.208,0.871,5.208,1.0,3.205001438329397e-16,mix,399,1.59,4648,hst,1,1.323,native,0,0.0,0.25
case9,14454,147972,8,0.01,17,False,400,256,1.54396,0.188065,0.27125,0.693,5.692,1.0,0.225464,0.199847,7.726,0.941,1,0.188065,hst,6.848,8.21,0.834,8.21,1.0,1.8253563338087409e-16,mix,398,3.492,8835,hst,1,1.796,native,0,0.0,0.25
case9,14454,147972,8,0.01,18,False,400,256,1.568372,0.195104,0.297294,0.656,5.275,1.0,0.23529,0.207604,7.555,0.94,1,0.195104,hst,6.666,8.039,0.829,8.039,1.0,1.6384614607668743e-15,mix,397,3.928,8772,hst,1,1.967,native,0,0.0,0.25
case9,14454,147972,8,0.01,19,False,400,256,1.535465,0.184413,0.274096,0.673,5.602,1.0,0.221603,0.196161,7.828,0.94,1,0.184413,hst,6.929,8.326,0.832,8.326,1.0,1.8253563338087409e-16,mix,396,3.511,8734,hst,1,1.778,native,0,0.0,0.25
case9,14454,147972,8,0.01,20,False,400,256,1.558065,0.192693,0.288373,0.668,5.403,1.0,0.237561,0.209738,7.429,0.919,2,0.192693,hst,6.559,8.086,0.811,8.086,1.0,1.1571059044469956e-15,mix,398,3.729,8836,hst,1,2.059,native,0,0.0,0.25
case9,14454,147972,8,0.01,21,False,400,256,1.567778,0.19552,0.28714,0.681,5.46,1.0,0.236592,0.208604,7.516,0.937,1,0.19552,hst,6.627,8.019,0.826,8.019,1.0,1.4037033603327298e-15,mix,395,3.773,8911,hst,1,1.909,native,0,0.0,0.25
case9,14454,147972,8,0.25,17,False,400,256,1.575002,0.211622,0.550677,0.384,2.86,1.0,0.254261,0.223651,7.042,0.946,2,0.211622,hst,6.194,7.443,0.832,7.443,1.0,1.8253563338087409e-16,mix,399,5.794,8478,hst,1,2.105,native,0,0.0,0.25
case9,14454,147972,8,0.25,18,False,400,256,1.29507,0.144094,0.426174,0.338,3.039,1.0,0.173107,0.148058,8.747,0.973,1,0.144094,hst,7.481,8.988,0.832,8.988,1.0,1.6384614607668743e-15,mix,399,5.728,8516,hst,1,1.587,native,0,0.0,0.25
case9,14454,147972,8,0.25,19,False,400,256,1.290231,0.142486,0.421242,0.338,3.063,1.0,0.1738,0.14837,8.696,0.96,1,0.142486,hst,7.424,9.055,0.82,9.055,1.0,1.8253563338087409e-16,mix,399,5.543,8445,hst,1,1.578,native,0,0.0,0.25
case9,14454,147972,8,0.25,20,False,400,256,1.285828,0.144712,0.422035,0.343,3.047,1.0,0.173792,0.14837,8.666,0.975,1,0.144712,hst,7.399,8.885,0.833,8.885,1.0,1.1571059044469956e-15,mix,399,5.216,8528,hst,1,1.647,native,0,0.0,0.25
case9,14454,147972,8,0.25,21,False,400,256,1.285992,0.142769,0.420574,0.339,3.058,1.0,0.173259,0.149312,8.613,0.956,1,0.142769,hst,7.422,9.007,0.824,9.007,1.0,1.4037033603327298e-15,mix,399,5.617,8464,hst,1,1.528,native,0,0.0,0.25
msc10848,10848,1229776,8,0.01,17,False,400,256,1.50331,0.273036,0.421453,0.648,3.567,1.0,0.289852,0.270508,5.557,1.009,1,0.273036,hst,5.186,5.506,0.942,5.506,1.0,3.632031213502581e-16,mix,396,5.175,10011,hst,1,1.369,native,0,0.0,0.25
msc10848,10848,1229776,8,0.01,18,False,400,256,1.492145,0.268197,0.416978,0.643,3.578,1.0,0.29628,0.273925,5.447,0.979,1,0.268197,hst,5.036,5.564,0.905,5.564,1.0,6.160502327889403e-16,mix,393,5.096,9819,hst,1,1.447,native,0,0.0,0.25
msc10848,10848,1229776,8,0.01,19,False,400,256,1.620625,0.2601,0.384941,0.676,4.21,1.0,0.288913,0.267655,6.055,0.972,1,0.2601,hst,5.609,6.231,0.9,6.231,1.0,4.460432847857754e-16,mix,392,5.368,9498,hst,1,1.377,native,0,0.0,0.25
msc10848,10848,1229776,8,0.01,20,False,400,256,1.570949,0.266101,0.397738,0.669,3.95,1.0,0.298122,0.276158,5.689,0.964,1,0.266101,hst,5.269,5.904,0.893,5.904,1.0,3.2856469467467963e-16,mix,391,4.929,9975,hst,1,1.442,native,0,0.0,0.25
msc10848,10848,1229776,8,0.01,21,False,400,256,1.502015,0.259273,0.413914,0.626,3.629,1.0,0.292687,0.273017,5.502,0.95,1,0.259273,hst,5.132,5.793,0.886,5.793,1.0,5.305500907434564e-16,mix,389,4.806,9960,hst,1,1.435,native,0,0.0,0.25
msc10848,10848,1229776,8,0.25,17,False,400,256,1.559482,0.275837,1.65093,0.167,0.945,1.0,0.305976,0.277518,5.619,0.994,1,0.275837,hst,5.097,5.654,0.901,5.654,1.0,3.632031213502581e-16,mix,399,3.471,8652,hst,1,1.868,native,0,0.0,0.25
msc10848,10848,1229776,8,0.25,18,False,400,256,1.54749,0.268606,1.665474,0.161,0.929,1.0,0.303913,0.27616,5.604,0.973,1,0.268606,hst,5.092,5.761,0.884,5.761,1.0,6.160502327889403e-16,mix,399,2.404,9201,hst,1,1.866,native,0,0.0,0.25
msc10848,10848,1229776,8,0.25,19,False,400,256,1.529921,0.267246,1.640953,0.163,0.932,1.0,0.306349,0.274931,5.565,0.972,2,0.267246,hst,4.994,5.725,0.872,5.725,1.0,4.460432847857754e-16,mix,399,3.486,8691,hst,1,1.948,native,0,0.0,0.25
msc10848,10848,1229776,8,0.25,20,False,400,256,1.543425,0.261374,1.640756,0.159,0.941,1.0,0.299401,0.268733,5.743,0.973,2,0.261374,hst,5.155,5.905,0.873,5.905,1.0,3.2856469467467963e-16,mix,399,2.577,9048,hst,1,1.983,native,0,0.0,0.25
msc10848,10848,1229776,8,0.25,21,False,400,256,1.496744,0.261925,1.648014,0.159,0.908,1.0,0.295922,0.269318,5.558,0.973,2,0.261925,hst,5.058,5.714,0.885,5.714,1.0,5.305500907434564e-16,mix,399,1.0,8934,hst,1,1.909,native,0,0.0,0.25
ct20stif,52329,2600295,8,0.01,17,False,400,256,0.745988,0.192103,0.274751,0.699,2.715,1.0,0.203865,0.195005,3.825,0.985,2,0.192103,hst,3.659,3.883,0.942,3.883,1.0,3.403944480715774e-16,mix,398,4.73,12135,hst,1,1.333,native,0,0.0,0.25
ct20stif,52329,2600295,8,0.01,18,False,400,256,0.553039,0.166197,0.235864,0.705,2.345,1.0,0.175869,0.170662,3.241,0.974,3,0.166197,hst,3.145,3.328,0.945,3.328,1.0,3.351339203340676e-16,mix,399,1.929,10501,hst,1,1.233,native,0,0.0,0.25
ct20stif,52329,2600295,8,0.01,19,False,400,256,0.636894,0.183244,0.26591,0.689,2.395,1.0,0.193452,0.187025,3.405,0.98,3,0.183244,hst,3.292,3.476,0.947,3.476,1.0,2.600013994931016e-16,mix,398,4.618,12324,hst,1,1.24,native,0,0.0,0.25
ct20stif,52329,2600295,8,0.01,20,False,400,256,0.668664,0.187207,0.280314,0.668,2.385,1.0,0.199866,0.192627,3.471,0.972,3,0.187207,hst,3.346,3.572,0.937,3.572,1.0,5.949530076200267e-16,mix,399,4.942,11685,hst,1,1.324,native,0,0.0,0.25
ct20stif,52329,2600295,8,0.01,21,False,400,256,0.698793,0.177454,0.251416,0.706,2.779,1.0,0.192844,0.18246,3.83,0.973,3,0.177454,hst,3.624,3.938,0.92,3.938,1.0,4.493998728164776e-16,mix,399,4.948,10852,hst,1,1.396,native,0,0.0,0.25
ct20stif,52329,2600295,8,0.25,17,False,400,256,0.676527,0.239773,0.807949,0.297,0.837,1.0,0.213737,0.198101,3.415,1.21,4,0.239773,hst,3.165,2.822,1.122,2.822,1.0,3.403944480715774e-16,mix,399,1.56,8006,hst,1,1.797,native,0,0.0,0.25
ct20stif,52329,2600295,8,0.25,18,False,400,256,0.658549,0.206608,0.79602,0.26,0.827,1.0,0.272847,0.207059,3.18,0.998,26,0.206608,hst,2.414,3.187,0.757,3.187,1.0,3.351339203340676e-16,mix,399,1.924,6588,hst,1,11.668,native,0,0.0,0.25
ct20stif,52329,2600295,8,0.25,19,False,400,256,0.658933,0.198182,0.803426,0.247,0.82,1.0,0.280673,0.210609,3.129,0.941,27,0.198182,hst,2.348,3.325,0.706,3.325,1.0,2.600013994931016e-16,mix,399,2.741,7886,hst,1,12.159,native,0,0.0,0.25
ct20stif,52329,2600295,8,0.25,20,False,400,256,0.661015,0.193846,0.799363,0.243,0.827,1.0,0.279769,0.208828,3.165,0.928,27,0.193846,hst,2.363,3.41,0.693,3.41,1.0,5.949530076200267e-16,mix,399,2.446,8234,hst,1,12.41,native,0,0.0,0.25
ct20stif,52329,2600295,8,0.25,21,False,400,256,0.671031,0.202092,0.809348,0.25,0.829,1.0,0.21573,0.200039,3.355,1.01,4,0.202092,hst,3.111,3.32,0.937,3.32,1.0,4.493998728164776e-16,mix,399,3.626,8267,hst,1,1.784,native,0,0.0,0.25
s3rmt3m3,5357,207123,8,0.01,17,False,400,256,0.486804,0.117186,0.148929,0.787,3.269,1.0,0.129067,0.123337,3.947,0.95,2,0.117186,hst,3.772,4.154,0.908,4.154,1.0,4.0558810500666957e-16,mix,387,2.896,4270,hst,1,0.622,native,0,0.0,0.25
s3rmt3m3,5357,207123,8,0.01,18,False,400,256,0.457625,0.111127,0.143613,0.774,3.187,1.0,0.123088,0.117982,3.879,0.942,2,0.111127,hst,3.718,4.118,0.903,4.118,1.0,4.602754019127631e-16,mix,389,3.09,3954,hst,1,0.592,native,0,0.0,0.25
s3rmt3m3,5357,207123,8,0.01,19,False,400,256,0.483808,0.108057,0.145309,0.744,3.33,1.0,0.123499,0.117559,4.115,0.919,2,0.108057,hst,3.917,4.477,0.875,4.477,1.0,3.6103403035014226e-16,mix,384,3.284,4100,hst,1,0.609,native,0,0.0,0.25
s3rmt3m3,5357,207123,8,0.01,20,False,400,256,0.447253,0.108016,0.146002,0.74,3.063,1.0,0.127833,0.122708,3.645,0.88,2,0.108016,hst,3.499,4.141,0.845,4.141,1.0,3.8491695538458903e-16,mix,387,2.891,3900,hst,1,0.61,native,0,0.0,0.25
s3rmt3m3,5357,207123,8,0.01,21,False,400,256,0.458965,0.108974,0.147426,0.739,3.113,1.0,0.125589,0.120815,3.799,0.902,2,0.108974,hst,3.654,4.212,0.868,4.212,1.0,4.3170597187208097e-16,mix,390,2.743,4159,hst,1,0.612,native,0,0.0,0.25
s3rmt3m3,5357,207123,8,0.25,17,False,400,256,0.474679,0.113097,0.41795,0.271,1.136,1.0,0.131662,0.12178,3.898,0.929,2,0.113097,hst,3.605,4.197,0.859,4.197,1.0,4.0558810500666957e-16,mix,399,1.637,3402,hst,1,0.875,native,0,0.0,0.25
s3rmt3m3,5357,207123,8,0.25,18,False,400,256,0.477409,0.114787,0.418453,0.274,1.141,1.0,0.128937,0.119401,3.998,0.961,2,0.114787,hst,3.703,4.159,0.89,4.159,1.0,4.602754019127631e-16,mix,399,2.123,3247,hst,1,0.866,native,0,0.0,0.25
s3rmt3m3,5357,207123,8,0.25,19,False,400,256,0.479156,0.112852,0.422553,0.267,1.134,1.0,0.130096,0.120484,3.977,0.937,2,0.112852,hst,3.683,4.246,0.867,4.246,1.0,3.6103403035014226e-16,mix,399,1.611,3267,hst,1,0.879,native,0,0.0,0.25
s3rmt3m3,5357,207123,8,0.25,20,False,400,256,0.482483,0.114397,0.421768,0.271,1.144,1.0,0.129746,0.120148,4.016,0.952,2,0.114397,hst,3.719,4.218,0.882,4.218,1.0,3.8491695538458903e-16,mix,399,4.169,3306,hst,1,0.892,native,0,0.0,0.25
s3rmt3m3,5357,207123,8,0.25,21,False,400,256,0.477732,0.110963,0.418509,0.265,1.142,1.0,0.129738,0.120181,3.975,0.923,2,0.110963,hst,3.682,4.305,0.855,4.305,1.0,4.3170597187208097e-16,mix,399,4.341,3505,hst,1,0.848,native,0,0.0,0.25
memplus,17758,99147,8,0.01,17,False,400,256,0.657928,0.12099,0.195203,0.62,3.37,1.0,0.141798,0.12427,5.294,0.974,3,0.12099,hst,4.64,5.438,0.853,5.438,1.0,3.582437197197559e-16,mix,396,4.679,9555,hst,1,1.365,native,0,0.0,0.25
memplus,17758,99147,8,0.01,18,False,400,256,0.647356,0.124649,0.209975,0.594,3.083,1.0,0.147409,0.129733,4.99,0.961,3,0.124649,hst,4.392,5.193,0.846,5.193,1.0,3.582443742956908e-16,mix,399,1.164,9149,hst,1,1.343,native,0,0.0,0.25
memplus,17758,99147,8,0.01,19,False,400,256,0.724376,0.118359,0.189044,0.626,3.832,1.0,0.139522,0.124661,5.811,0.949,2,0.118359,hst,5.192,6.12,0.848,6.12,1.0,4.41481093913526e-16,mix,395,1.189,9278,hst,1,1.132,native,0,0.0,0.25
memplus,17758,99147,8,0.01,20,False,400,256,0.721634,0.126916,0.204908,0.619,3.522,1.0,0.147306,0.12955,5.57,0.98,2,0.126916,hst,4.899,5.686,0.862,5.686,1.0,3.582437197197559e-16,mix,397,4.345,9916,hst,1,1.334,native,0,0.0,0.25
memplus,17758,99147,8,0.01,21,False,400,256,0.694909,0.12419,0.197722,0.628,3.515,1.0,0.147883,0.130302,5.333,0.953,2,0.12419,hst,4.699,5.596,0.84,5.596,1.0,3.582437197197559e-16,mix,397,4.521,9608,hst,1,1.346,native,0,0.0,0.25
memplus,17758,99147,8,0.25,17,False,400,256,0.753773,0.145001,0.488116,0.297,1.544,1.0,0.157828,0.14035,5.371,1.033,2,0.145001,hst,4.776,5.198,0.919,5.198,1.0,3.582437197197559e-16,mix,399,2.713,8615,hst,1,1.411,native,0,0.0,0.25
memplus,17758,99147,8,0.25,18,False,400,256,0.788437,0.133198,0.450142,0.296,1.752,1.0,0.155955,0.139365,5.657,0.956,2,0.133198,hst,5.056,5.919,0.854,5.919,1.0,3.582443742956908e-16,mix,399,4.143,8745,hst,1,1.444,native,0,0.0,0.25
memplus,17758,99147,8,0.25,19,False,400,256,0.757683,0.136907,0.497462,0.275,1.523,1.0,0.161169,0.144091,5.258,0.95,3,0.136907,hst,4.701,5.534,0.849,5.534,1.0,4.41481093913526e-16,mix,399,2.067,8535,hst,1,1.746,native,0,0.0,0.25
memplus,17758,99147,8,0.25,20,False,400,256,0.776503,0.13296,0.456166,0.291,1.702,1.0,0.156049,0.138982,5.587,0.957,2,0.13296,hst,4.976,5.84,0.852,5.84,1.0,3.582437197197559e-16,mix,399,4.362,8843,hst,1,1.39,native,0,0.0,0.25
memplus,17758,99147,8,0.25,21,False,400,256,0.778281,0.138025,0.494485,0.279,1.574,1.0,0.158826,0.141207,5.512,0.977,2,0.138025,hst,4.9,5.639,0.869,5.639,1.0,3.582437197197559e-16,mix,399,4.036,9091,hst,1,1.441,native,0,0.0,0.25
olafu,16146,1015156,8,0.01,17,False,400,256,0.734918,0.187453,0.272429,0.688,2.698,1.0,0.19754,0.189696,3.874,0.988,2,0.187453,hst,3.72,3.921,0.949,3.921,1.0,5.582074938205133e-16,mix,396,3.852,9524,hst,1,0.976,native,0,0.0,0.25
olafu,16146,1015156,8,0.01,18,False,400,256,0.678952,0.174733,0.256135,0.682,2.651,1.0,0.185913,0.179839,3.775,0.972,2,0.174733,hst,3.652,3.886,0.94,3.886,1.0,6.4036469396236e-16,mix,396,4.103,8935,hst,1,0.9,native,0,0.0,0.25
olafu,16146,1015156,8,0.01,19,False,400,256,0.69416,0.193664,0.279695,0.692,2.482,1.0,0.207482,0.20057,3.461,0.966,2,0.193664,hst,3.346,3.584,0.933,3.584,1.0,4.864534386882603e-16,mix,397,3.256,10259,hst,1,1.057,native,0,0.0,0.25
olafu,16146,1015156,8,0.01,20,False,400,256,0.742273,0.181227,0.262075,0.692,2.832,1.0,0.198338,0.190888,3.889,0.949,2,0.181227,hst,3.742,4.096,0.914,4.096,1.0,8.4320949564375e-16,mix,398,3.632,9316,hst,1,0.878,native,0,0.0,0.25
olafu,16146,1015156,8,0.01,21,False,400,256,0.783334,0.170573,0.257424,0.663,3.043,1.0,0.191751,0.181647,4.312,0.939,2,0.170573,hst,4.085,4.592,0.89,4.592,1.0,5.998259265642777e-16,mix,393,4.06,9634,hst,1,0.953,native,0,0.0,0.25
olafu,16146,1015156,8,0.25,17,False,400,256,0.775638,0.184863,0.77529,0.238,1.0,1.0,0.196997,0.182023,4.261,1.016,2,0.184863,hst,3.937,4.196,0.938,4.196,1.0,5.582074938205133e-16,mix,399,4.014,6644,hst,1,1.317,native,0,0.0,0.25
olafu,16146,1015156,8,0.25,18,False,400,256,0.753605,0.176663,0.780376,0.226,0.966,1.0,0.197445,0.184842,4.077,0.956,2,0.176663,hst,3.817,4.266,0.895,4.266,1.0,6.4036469396236e-16,mix,399,1.961,6627,hst,1,1.275,native,0,0.0,0.25
olafu,16146,1015156,8,0.25,19,False,400,256,0.779663,0.177352,0.773847,0.229,1.008,1.0,0.199407,0.185187,4.21,0.958,2,0.177352,hst,3.91,4.396,0.889,4.396,1.0,4.864534386882603e-16,mix,399,4.331,6585,hst,1,1.384,native,0,0.0,0.25
olafu,16146,1015156,8,0.25,20,False,400,256,0.780356,0.180175,0.789341,0.228,0.989,1.0,0.202205,0.187649,4.159,0.96,2,0.180175,hst,3.859,4.331,0.891,4.331,1.0,8.4320949564375e-16,mix,399,3.615,7014,hst,1,1.361,native,0,0.0,0.25
olafu,16146,1015156,8,0.25,21,False,400,256,0.758017,0.176366,0.765331,0.23,0.99,1.0,0.198631,0.183189,4.138,0.963,2,0.176366,hst,3.816,4.298,0.888,4.298,1.0,5.998259265642777e-16,mix,399,2.764,6422,hst,1,1.288,native,0,0.0,0.25
bcsstk25,15439,252241,8,0.01,17,False,400,256,0.259323,0.125632,0.164496,0.764,1.576,1.0,0.131926,0.130151,1.992,0.965,5,0.125632,hst,1.966,2.064,0.952,2.064,1.0,1.4310126622262146e-16,mix,397,5.219,6956,hst,1,0.663,native,0,0.0,0.25
bcsstk25,15439,252241,8,0.01,18,False,400,256,0.259255,0.131109,0.164932,0.795,1.572,1.0,0.143501,0.142757,1.816,0.918,6,0.131109,hst,1.807,1.977,0.914,1.977,1.0,2.218697631478781e-16,mix,396,4.754,6492,hst,1,0.704,native,0,0.0,0.25
bcsstk25,15439,252241,8,0.01,19,False,400,256,0.244518,0.140452,0.183999,0.763,1.329,1.0,0.173948,0.149542,1.635,0.939,56,0.140452,hst,1.406,1.741,0.807,1.741,1.0,9.427442670147338e-17,mix,397,4.535,7431,hst,1,5.355,native,0,0.0,0.25
bcsstk25,15439,252241,8,0.01,20,False,400,256,0.254419,0.126947,0.168977,0.751,1.506,1.0,0.139802,0.1386,1.836,0.916,6,0.126947,hst,1.82,2.004,0.908,2.004,1.0,1.4798782495741104e-16,mix,395,4.528,6346,hst,1,0.696,native,0,0.0,0.25
bcsstk25,15439,252241,8,0.01,21,False,400,256,0.238267,0.132643,0.174512,0.76,1.365,1.0,0.168644,0.144768,1.646,0.916,54,0.132643,hst,1.413,1.796,0.787,1.796,1.0,1.5323971434071406e-16,mix,398,4.88,7024,hst,1,5.092,native,0,0.0,0.25
bcsstk25,15439,252241,8,0.25,17,False,400,256,0.259412,0.145585,0.53166,0.274,0.488,1.0,0.182251,0.152111,1.705,0.957,66,0.145585,hst,1.423,1.782,0.799,1.782,1.0,1.4310126622262146e-16,mix,399,2.807,5345,hst,1,7.06,native,0,0.0,0.25
bcsstk25,15439,252241,8,0.25,18,False,400,256,0.259976,0.143243,0.531978,0.269,0.489,1.0,0.185107,0.153728,1.691,0.932,66,0.143243,hst,1.404,1.815,0.774,1.815,1.0,2.218697631478781e-16,mix,399,5.316,5450,hst,1,6.978,native,0,0.0,0.25
bcsstk25,15439,252241,8,0.25,19,False,400,256,0.256204,0.14518,0.545338,0.266,0.47,1.0,0.185009,0.155111,1.652,0.936,70,0.14518,hst,1.385,1.765,0.785,1.765,1.0,9.427442670147338e-17,mix,399,1.0,4980,hst,1,7.085,native,0,0.0,0.25
bcsstk25,15439,252241,8,0.25,20,False,400,256,0.259375,0.142972,0.535704,0.267,0.484,1.0,0.184922,0.154327,1.681,0.926,66,0.142972,hst,1.403,1.814,0.773,1.814,1.0,1.4798782495741104e-16,mix,399,1.0,5460,hst,1,6.933,native,0,0.0,0.25
bcsstk25,15439,252241,8,0.25,21,False,400,256,0.258731,0.145365,0.546132,0.266,0.474,1.0,0.186245,0.155494,1.664,0.935,70,0.145365,hst,1.389,1.78,0.781,1.78,1.0,1.5323971434071406e-16,mix,399,4.576,5505,hst,1,7.208,native,0,0.0,0.25
circuit_3,12127,48137,8,0.01,17,False,400,256,0.330129,0.0925,0.149203,0.62,2.213,1.0,0.135857,0.102377,3.225,0.904,24,0.0925,hst,2.43,3.569,0.681,3.569,1.0,6.734179160610594e-16,mix,396,4.955,7528,hst,1,5.357,native,0,0.0,0.25
circuit_3,12127,48137,8,0.01,18,False,400,256,0.347001,0.094205,0.152162,0.619,2.28,1.0,0.136133,0.102374,3.39,0.92,22,0.094205,hst,2.549,3.683,0.692,3.683,1.0,6.734177751265342e-16,mix,392,3.693,7628,hst,1,5.306,native,0,0.0,0.25
circuit_3,12127,48137,8,0.01,19,False,400,256,0.342076,0.092842,0.148082,0.627,2.31,1.0,0.106614,0.098949,3.457,0.938,4,0.092842,hst,3.209,3.685,0.871,3.685,1.0,1.38110199246993e-16,mix,396,4.916,7544,hst,1,0.953,native,0,0.0,0.25
circuit_3,12127,48137,8,0.01,20,False,400,256,0.328341,0.0938,0.145953,0.643,2.25,1.0,0.136747,0.103163,3.183,0.909,24,0.0938,hst,2.401,3.5,0.686,3.5,1.0,7.407593410861525e-16,mix,396,6.217,7410,hst,1,5.303,native,0,0.0,0.25
circuit_3,12127,48137,8,0.01,21,False,400,256,0.331601,0.097796,0.154262,0.634,2.15,1.0,0.148201,0.110216,3.009,0.887,27,0.097796,hst,2.238,3.391,0.66,3.391,1.0,6.413984212090423e-16,mix,396,4.906,7431,hst,1,5.888,native,0,0.0,0.25
circuit_3,12127,48137,8,0.25,17,False,400,256,0.372065,0.117011,0.355107,0.33,1.048,1.0,0.162715,0.124001,3.001,0.944,26,0.117011,hst,2.287,3.18,0.719,3.18,1.0,6.734179160610594e-16,mix,399,2.932,7611,hst,1,6.545,native,0,0.0,0.25
circuit_3,12127,48137,8,0.25,18,False,400,256,0.361557,0.115708,0.357788,0.323,1.011,1.0,0.162409,0.124053,2.915,0.933,27,0.115708,hst,2.226,3.125,0.712,3.125,1.0,6.734177751265342e-16,mix,399,3.859,7371,hst,1,6.387,native,0,0.0,0.25
circuit_3,12127,48137,8,0.25,19,False,400,256,0.378225,0.1147,0.355355,0.323,1.064,1.0,0.162976,0.12236,3.091,0.937,25,0.1147,hst,2.321,3.298,0.704,3.298,1.0,1.38110199246993e-16,mix,399,2.35,7436,hst,1,6.389,native,0,0.0,0.25
circuit_3,12127,48137,8,0.25,20,False,400,256,0.368071,0.115576,0.354587,0.326,1.038,1.0,0.164128,0.125334,2.937,0.922,27,0.115576,hst,2.243,3.185,0.704,3.185,1.0,7.407593410861525e-16,mix,399,2.383,7655,hst,1,6.436,native,0,0.0,0.25
circuit_3,12127,48137,8,0.25,21,False,400,256,0.368992,0.114763,0.358846,0.32,1.028,1.0,0.164811,0.124508,2.964,0.922,27,0.114763,hst,2.239,3.215,0.696,3.215,1.0,6.413984212090423e-16,mix,399,3.864,7451,hst,1,6.575,native,0,0.0,0.25
bcsstk18,11948,149090,8,0.01,17,False,400,256,0.235298,0.120347,0.156261,0.77,1.506,1.0,0.154366,0.129521,1.817,0.929,45,0.120347,hst,1.524,1.955,0.78,1.955,1.0,8.625236741385534e-17,mix,396,4.646,5817,hst,1,4.751,native,0,0.0,0.25
bcsstk18,11948,149090,8,0.01,18,False,400,256,0.216438,0.124674,0.160404,0.777,1.349,1.0,0.160832,0.136469,1.586,0.914,60,0.124674,hst,1.346,1.736,0.775,1.736,1.0,1.7955529896133775e-16,mix,396,4.693,5648,hst,1,4.778,native,0,0.0,0.25
bcsstk18,11948,149090,8,0.01,19,False,400,256,0.205959,0.130042,0.168795,0.77,1.22,1.0,0.163196,0.142582,1.444,0.912,74,0.130042,hst,1.262,1.584,0.797,1.584,1.0,1.3804959837172369e-16,mix,396,4.475,6137,hst,1,4.675,native,0,0.0,0.25
bcsstk18,11948,149090,8,0.01,20,False,400,256,0.207678,0.123113,0.161288,0.763,1.288,1.0,0.158782,0.137321,1.512,0.897,67,0.123113,hst,1.308,1.687,0.775,1.687,1.0,2.057824038214574e-16,mix,395,4.65,5609,hst,1,4.683,native,0,0.0,0.25
bcsstk18,11948,149090,8,0.01,21,False,400,256,0.21511,0.125306,0.163123,0.768,1.319,1.0,0.164687,0.142632,1.508,0.879,63,0.125306,hst,1.306,1.717,0.761,1.717,1.0,3.703333649681202e-16,mix,396,4.429,5787,hst,1,4.582,native,0,0.0,0.25
bcsstk18,11948,149090,8,0.25,17,False,400,256,0.246467,0.150929,0.589262,0.256,0.418,1.0,0.185681,0.157592,1.564,0.958,76,0.150929,hst,1.327,1.633,0.813,1.633,1.0,8.625236741385534e-17,mix,399,4.694,5224,hst,1,6.763,native,0,0.0,0.25
bcsstk18,11948,149090,8,0.25,18,False,400,256,0.253045,0.15074,0.584578,0.258,0.433,1.0,0.189947,0.161372,1.568,0.934,76,0.15074,hst,1.332,1.679,0.794,1.679,1.0,1.7955529896133775e-16,mix,399,4.142,4618,hst,1,6.953,native,0,0.0,0.25
bcsstk18,11948,149090,8,0.25,19,False,400,256,0.244969,0.149144,0.578328,0.258,0.424,1.0,0.186283,0.158195,1.549,0.943,81,0.149144,hst,1.315,1.642,0.801,1.642,1.0,1.3804959837172369e-16,mix,399,3.279,4944,hst,1,7.042,native,0,0.0,0.25
bcsstk18,11948,149090,8,0.25,20,False,400,256,0.252706,0.148227,0.573061,0.259,0.441,1.0,0.184825,0.157685,1.603,0.94,72,0.148227,hst,1.367,1.705,0.802,1.705,1.0,2.057824038214574e-16,mix,399,3.082,4906,hst,1,6.796,native,0,0.0,0.25
bcsstk18,11948,149090,8,0.25,21,False,400,256,0.249674,0.151495,0.584757,0.259,0.427,1.0,0.188545,0.160845,1.552,0.942,78,0.151495,hst,1.324,1.648,0.803,1.648,1.0,3.703333649681202e-16,mix,399,4.72,4460,hst,1,6.9,native,0,0.0,0.25
add32,4960,19848,8,0.01,17,False,400,256,0.084511,0.059243,0.071036,0.834,1.19,1.0,0.078345,0.065671,1.287,0.902,153,0.059243,hst,1.079,1.427,0.756,1.427,1.0,1.834572946307244e-16,mix,390,1.592,2886,hst,1,2.881,native,0,0.0,0.25
add32,4960,19848,8,0.01,18,False,400,256,0.084572,0.059296,0.071708,0.827,1.179,1.0,0.078812,0.06696,1.263,0.886,156,0.059296,hst,1.073,1.426,0.752,1.426,1.0,3.8969112366871195e-16,mix,389,4.991,2831,hst,1,2.751,native,0,0.0,0.25
add32,4960,19848,8,0.01,19,False,400,256,0.081511,0.058508,0.072648,0.805,1.122,1.0,0.078625,0.067079,1.215,0.872,191,0.058508,hst,1.037,1.393,0.744,1.393,1.0,1.440904858629578e-16,mix,391,4.586,2970,hst,1,2.75,native,0,0.0,0.25
add32,4960,19848,8,0.01,20,False,400,256,0.084793,0.058728,0.074054,0.793,1.145,1.0,0.079673,0.067154,1.263,0.875,166,0.058728,hst,1.064,1.444,0.737,1.444,1.0,1.9189147112235067e-16,mix,385,5.005,2803,hst,1,2.923,native,0,0.0,0.25
add32,4960,19848,8,0.01,21,False,400,256,0.084491,0.058347,0.070445,0.828,1.199,1.0,0.079375,0.067112,1.259,0.869,162,0.058347,hst,1.064,1.448,0.735,1.448,1.0,2.4073268406156015e-16,mix,389,5.157,2816,hst,1,2.824,native,0,0.0,0.25
add32,4960,19848,8,0.25,17,False,400,256,0.083448,0.073954,0.246841,0.3,0.338,1.0,0.095757,0.081076,1.029,0.912,1684,0.073954,hst,0.871,1.128,0.772,1.128,1.0,1.834572946307244e-16,mix,399,5.685,2583,hst,1,3.994,native,0,0.0,0.25
add32,4960,19848,8,0.25,18,False,400,256,0.083713,0.074447,0.247879,0.3,0.338,1.0,0.096086,0.081948,1.022,0.908,2203,0.074447,hst,0.871,1.124,0.775,1.124,1.0,3.8969112366871195e-16,mix,399,3.699,2483,hst,1,3.887,native,0,0.0,0.25
add32,4960,19848,8,0.25,19,False,400,256,0.084417,0.07402,0.248584,0.298,0.34,1.0,0.096447,0.081925,1.03,0.904,1593,0.07402,hst,0.875,1.14,0.767,1.14,1.0,1.440904858629578e-16,mix,399,5.177,2486,hst,1,3.97,native,0,0.0,0.25
add32,4960,19848,8,0.25,20,False,400,256,0.084085,0.075267,0.249886,0.301,0.336,1.0,0.096242,0.082056,1.025,0.917,1932,0.075267,hst,0.874,1.117,0.782,1.117,1.0,1.9189147112235067e-16,mix,399,1.595,2649,hst,1,3.92,native,0,0.0,0.25
add32,4960,19848,8,0.25,21,False,400,256,0.08428,0.080635,0.25429,0.317,0.331,1.0,0.09892,0.084281,1.0,0.957,,0.080635,hst,0.852,1.045,0.815,1.045,1.0,2.4073268406156015e-16,mix,399,3.709,2436,hst,1,4.001,native,0,0.0,0.25
epb2,25228,175027,8,0.01,17,False,400,256,0.181253,0.141791,0.151285,0.937,1.198,1.0,0.187948,0.152042,1.192,0.933,259,0.141791,hst,0.964,1.278,0.754,1.278,1.0,1.2653601002823704e-16,mix,399,1.195,3781,hst,1,7.564,native,0,0.0,0.25
epb2,25228,175027,8,0.01,18,False,400,256,0.151108,0.120509,0.092393,1.304,1.635,1.304,0.104892,0.088369,1.71,1.364,69,0.120509,hst,1.441,1.254,1.149,1.254,1.0,1.0817377525460358e-16,mix,398,1.572,3351,hst,1,4.315,native,0,0.0,0.25
epb2,25228,175027,8,0.01,19,False,400,256,0.108668,0.082764,0.095806,0.864,1.134,1.0,0.107158,0.090766,1.197,0.912,244,0.082764,hst,1.014,1.313,0.772,1.313,1.0,1.2261168325020086e-16,mix,399,1.304,3804,hst,1,4.369,native,0,0.0,0.25
epb2,25228,175027,8,0.01,20,False,400,256,0.108608,0.084252,0.098402,0.856,1.104,1.0,0.107945,0.091616,1.185,0.92,263,0.084252,hst,1.006,1.289,0.781,1.289,1.0,1.2651934239081537e-16,mix,398,1.552,3525,hst,1,4.465,native,0,0.0,0.25
epb2,25228,175027,8,0.01,21,False,400,256,0.111021,0.084327,0.094098,0.896,1.18,1.0,0.110305,0.09286,1.196,0.908,250,0.084327,hst,1.006,1.317,0.764,1.317,1.0,1.711511604198709e-16,mix,397,1.784,3772,hst,1,4.538,native,0,0.0,0.25
epb2,25228,175027,8,0.25,17,False,400,256,0.129158,0.113475,0.311014,0.365,0.415,1.0,0.141083,0.118627,1.089,0.957,618,0.113475,hst,0.915,1.138,0.804,1.138,1.0,1.2653601002823704e-16,mix,399,1.0,3112,hst,1,6.507,native,0,0.0,0.25
epb2,25228,175027,8,0.25,18,False,400,256,0.134109,0.109674,0.314224,0.349,0.427,1.0,0.13735,0.118162,1.135,0.928,395,0.109674,hst,0.976,1.223,0.798,1.223,1.0,1.0817377525460358e-16,mix,399,4.967,3176,hst,1,6.299,native,0,0.0,0.25
epb2,25228,175027,8,0.25,19,False,400,256,0.123715,0.107496,0.306856,0.35,0.403,1.0,0.138,0.117045,1.057,0.918,964,0.107496,hst,0.896,1.151,0.779,1.151,1.0,1.2261168325020086e-16,mix,399,3.43,3142,hst,1,6.428,native,0,0.0,0.25
epb2,25228,175027,8,0.25,20,False,400,256,0.17084,0.1656,0.400863,0.413,0.426,1.0,0.212356,0.182215,0.938,0.909,,0.1656,hst,0.804,1.032,0.78,1.032,1.0,1.2651934239081537e-16,mix,399,3.202,3100,hst,1,9.114,native,0,0.0,0.25
epb2,25228,175027,8,0.25,21,False,400,256,0.182857,0.166621,0.416256,0.4,0.439,1.0,0.226209,0.194265,0.941,0.858,,0.166621,hst,0.808,1.097,0.737,1.097,1.0,1.711511604198709e-16,mix,399,2.296,3289,hst,1,9.679,native,0,0.0,0.25
rajat03,7602,32653,8,0.01,17,False,400,256,0.111928,0.119783,0.13615,0.88,0.822,1.0,0.149892,0.130459,0.858,0.858,,0.111928,delta_baseline,0.747,1.0,0.747,1.0,1.07,1.5389215321852664e-16,mix,394,6.237,3745,hst,1,5.35,native,0,0.0,0.25
rajat03,7602,32653,8,0.01,18,False,400,256,0.109835,0.116002,0.132389,0.876,0.83,1.0,0.151599,0.132891,0.827,0.827,,0.109835,delta_baseline,0.725,1.0,0.725,1.0,1.056,1.5443765292083486e-16,mix,394,1.259,3533,hst,1,5.257,native,0,0.0,0.25
rajat03,7602,32653,8,0.01,19,False,400,256,0.110548,0.114412,0.129751,0.882,0.852,1.0,0.149488,0.130265,0.849,0.849,,0.110548,delta_baseline,0.74,1.0,0.74,1.0,1.035,1.5991248545154193e-16,mix,397,6.075,3783,hst,1,5.051,native,0,0.0,0.25
rajat03,7602,32653,8,0.01,20,False,400,256,0.112361,0.116906,0.133917,0.873,0.839,1.0,0.150931,0.131692,0.853,0.853,,0.112361,delta_baseline,0.744,1.0,0.744,1.0,1.04,1.538921533552159e-16,mix,396,5.882,3447,hst,1,5.196,native,0,0.0,0.25
rajat03,7602,32653,8,0.01,21,False,400,256,0.116003,0.115432,0.133797,0.863,0.867,1.0,0.152824,0.133754,0.867,0.863,,0.115432,hst,0.759,1.005,0.755,1.005,1.0,1.5389215543573844e-16,mix,396,1.511,3609,hst,1,5.246,native,0,0.0,0.25
rajat03,7602,32653,8,0.25,17,False,400,256,0.115478,0.138492,0.460478,0.301,0.251,1.0,0.173003,0.150583,0.767,0.767,,0.115478,delta_baseline,0.667,1.0,0.667,1.0,1.199,1.5389215321852664e-16,mix,399,5.146,3194,hst,1,6.903,native,0,0.0,0.25
rajat03,7602,32653,8,0.25,18,False,400,256,0.117341,0.137471,0.462598,0.297,0.254,1.0,0.148292,0.124069,0.946,0.946,,0.117341,delta_baseline,0.791,1.0,0.791,1.0,1.172,1.5443765292083486e-16,mix,399,4.311,3299,delta_baseline,0,6.963,native,0,0.0,0.25
rajat03,7602,32653,8,0.25,19,False,400,256,0.114367,0.139258,0.46701,0.298,0.245,1.0,0.148589,0.124559,0.918,0.918,,0.114367,delta_baseline,0.77,1.0,0.77,1.0,1.218,1.5991248545154193e-16,mix,399,2.367,3177,delta_baseline,0,6.792,native,0,0.0,0.25
rajat03,7602,32653,8,0.25,20,False,400,256,0.114201,0.137228,0.463458,0.296,0.246,1.0,0.148161,0.12422,0.919,0.919,,0.114201,delta_baseline,0.771,1.0,0.771,1.0,1.202,1.538921533552159e-16,mix,399,2.32,3433,delta_baseline,0,6.588,native,0,0.0,0.25
rajat03,7602,32653,8,0.25,21,False,400,256,0.116674,0.137735,0.459801,0.3,0.254,1.0,0.150097,0.125934,0.926,0.926,,0.116674,delta_baseline,0.777,1.0,0.777,1.0,1.181,1.5389215543573844e-16,mix,399,5.444,3207,delta_baseline,0,6.909,native,0,0.0,0.25
wang3,26064,177168,8,0.01,17,False,400,256,0.109544,0.10071,0.144014,0.699,0.761,1.0,0.122318,0.104186,1.051,0.967,984,0.10071,hst,0.896,1.088,0.823,1.088,1.0,1.1305705384438466e-16,mix,399,2.839,6608,hst,1,5.274,native,0,0.0,0.25
wang3,26064,177168,8,0.01,18,False,400,256,0.107384,0.10272,0.145666,0.705,0.737,1.0,0.125711,0.108629,0.989,0.946,,0.10272,hst,0.854,1.045,0.817,1.045,1.0,2.415345571415648e-16,mix,398,1.876,6649,hst,1,5.103,native,0,0.0,0.25
wang3,26064,177168,8,0.01,19,False,400,256,0.10784,0.10312,0.145336,0.71,0.742,1.0,0.129172,0.111977,0.963,0.921,,0.10312,hst,0.835,1.046,0.798,1.046,1.0,1.1119305929315413e-16,mix,398,2.368,6687,hst,1,5.215,native,0,0.0,0.25
wang3,26064,177168,8,0.01,20,False,400,256,0.109062,0.104307,0.148348,0.703,0.735,1.0,0.12943,0.112002,0.974,0.931,,0.104307,hst,0.843,1.046,0.806,1.046,1.0,2.3978588170819393e-16,mix,397,2.249,6515,hst,1,5.319,native,0,0.0,0.25
wang3,26064,177168,8,0.01,21,False,400,256,0.108081,0.103305,0.148499,0.696,0.728,1.0,0.133784,0.117085,0.923,0.882,,0.103305,hst,0.808,1.046,0.772,1.046,1.0,1.1305705384438466e-16,mix,399,2.298,6631,hst,1,5.193,native,0,0.0,0.25
wang3,26064,177168,8,0.25,17,False,400,256,0.109303,0.138908,0.54289,0.256,0.201,1.0,0.138027,0.116326,0.94,0.94,,0.109303,delta_baseline,0.792,1.0,0.792,1.0,1.271,1.1305705384438466e-16,mix,399,1.0,5598,delta_baseline,0,7.215,native,0,0.0,0.25
wang3,26064,177168,8,0.25,18,False,400,256,0.109305,0.133252,0.543809,0.245,0.201,1.0,0.13872,0.116605,0.937,0.937,,0.109305,delta_baseline,0.788,1.0,0.788,1.0,1.219,2.415345571415648e-16,mix,399,5.448,5850,delta_baseline,0,7.328,native,0,0.0,0.25
wang3,26064,177168,8,0.25,19,False,400,256,0.110142,0.132877,0.534422,0.249,0.206,1.0,0.137812,0.116073,0.949,0.949,,0.110142,delta_baseline,0.799,1.0,0.799,1.0,1.206,1.1119305929315413e-16,mix,399,4.949,5634,delta_baseline,0,7.269,native,0,0.0,0.25
wang3,26064,177168,8,0.25,20,False,400,256,0.110144,0.132298,0.535953,0.247,0.206,1.0,0.138236,0.11666,0.944,0.944,,0.110144,delta_baseline,0.797,1.0,0.797,1.0,1.201,2.3978588170819393e-16,mix,399,6.794,5773,delta_baseline,0,7.149,native,0,0.0,0.25
wang3,26064,177168,8,0.25,21,False,400,256,0.109424,0.133226,0.541631,0.246,0.202,1.0,0.138108,0.11596,0.944,0.944,,0.109424,delta_baseline,0.792,1.0,0.792,1.0,1.218,1.1305705384438466e-16,mix,399,6.162,5953,delta_baseline,0,7.405,native,0,0.0,0.25
scircuit,170998,958936,8,0.01,17,False,400,256,0.159699,0.165905,0.162275,1.022,0.984,1.0,0.218327,0.142887,1.118,1.118,1489,0.159699,delta_baseline,0.731,1.0,0.731,1.0,1.039,2.6050372849850016e-16,mix,399,2.469,5799,hst,1,25.03,native,0,0.0,0.25
scircuit,170998,958936,8,0.01,18,False,400,256,0.132303,0.127827,0.14422,0.886,0.917,1.0,0.205831,0.140628,0.941,0.909,,0.127827,hst,0.643,1.035,0.621,1.035,1.0,2.0386846321125864e-16,mix,399,2.366,5978,hst,1,25.065,native,0,0.0,0.25
scircuit,170998,958936,8,0.01,19,False,400,256,0.172442,0.14672,0.179224,0.819,0.962,1.0,0.237106,0.161622,1.067,0.908,2536,0.14672,hst,0.727,1.175,0.619,1.175,1.0,1.8803246323926756e-16,mix,399,3.569,5717,hst,1,27.439,native,0,0.0,0.25
scircuit,170998,958936,8,0.01,20,False,400,256,0.128845,0.130656,0.148877,0.878,0.865,1.0,0.208732,0.144346,0.893,0.893,,0.128845,delta_baseline,0.617,1.0,0.617,1.0,1.014,2.757259758035496e-16,mix,399,3.528,5325,hst,1,25.177,native,0,0.0,0.25
scircuit,170998,958936,8,0.01,21,False,400,256,0.185295,0.145983,0.177085,0.824,1.046,1.0,0.241016,0.163348,1.134,0.894,1259,0.145983,hst,0.769,1.269,0.606,1.269,1.0,5.194813152189734e-16,mix,399,2.708,6150,hst,1,27.638,native,0,0.0,0.25
scircuit,170998,958936,8,0.25,17,False,400,256,0.185963,0.234219,0.654506,0.358,0.284,1.0,0.282463,0.205908,0.903,0.903,,0.185963,delta_baseline,0.658,1.0,0.658,1.0,1.259,2.6050372849850016e-16,mix,399,1.836,5159,hst,1,29.671,native,0,0.0,0.25
scircuit,170998,958936,8,0.25,18,False,400,256,0.17838,0.21574,0.61983,0.348,0.288,1.0,0.267246,0.195161,0.914,0.914,,0.17838,delta_baseline,0.667,1.0,0.667,1.0,1.209,2.0386846321125864e-16,mix,399,5.146,5617,delta_baseline,0,29.089,native,0,0.0,0.25
scircuit,170998,958936,8,0.25,19,False,400,256,0.180052,0.210318,0.620926,0.339,0.29,1.0,0.279283,0.20047,0.898,0.898,,0.180052,delta_baseline,0.645,1.0,0.645,1.0,1.168,1.8803246323926756e-16,mix,399,5.01,4970,delta_baseline,0,30.481,native,0,0.0,0.25
scircuit,170998,958936,8,0.25,20,False,400,256,0.187702,0.213881,0.635293,0.337,0.295,1.0,0.278293,0.202788,0.926,0.926,,0.187702,delta_baseline,0.674,1.0,0.674,1.0,1.139,2.757259758035496e-16,mix,399,2.718,4994,delta_baseline,0,30.231,native,0,0.0,0.25
scircuit,170998,958936,8,0.25,21,False,400,256,0.19419,0.217395,0.671548,0.324,0.289,1.0,0.287273,0.209751,0.926,0.926,,0.19419,delta_baseline,0.676,1.0,0.676,1.0,1.119,5.194813152189734e-16,mix,399,1.932,5527,delta_baseline,0,30.455,native,0,0.0,0.25
bcspwr09,1723,6511,8,0.01,17,False,400,256,0.082543,0.051801,0.059811,0.866,1.38,1.0,0.070651,0.057045,1.447,0.908,115,0.051801,hst,1.168,1.593,0.733,1.593,1.0,3.3992994908668667e-16,mix,340,3.658,1634,hst,1,2.934,native,0,0.0,0.25
bcspwr09,1723,6511,8,0.01,18,False,400,256,0.082954,0.052048,0.061603,0.845,1.347,1.0,0.070903,0.058003,1.43,0.897,114,0.052048,hst,1.17,1.594,0.734,1.594,1.0,1.860896069197576e-16,mix,356,3.619,1615,hst,1,2.836,native,0,0.0,0.25
bcspwr09,1723,6511,8,0.01,19,False,400,256,0.080031,0.051355,0.063387,0.81,1.263,1.0,0.070328,0.057894,1.382,0.887,126,0.051355,hst,1.138,1.558,0.73,1.558,1.0,1.4472386138826977e-16,mix,363,3.794,1636,hst,1,2.784,native,0,0.0,0.25
bcspwr09,1723,6511,8,0.01,20,False,400,256,0.081375,0.052024,0.061309,0.849,1.327,1.0,0.070603,0.058029,1.402,0.897,121,0.052024,hst,1.153,1.564,0.737,1.564,1.0,4.2716015826531054e-16,mix,350,3.548,1625,hst,1,2.828,native,0,0.0,0.25
bcspwr09,1723,6511,8,0.01,21,False,400,256,0.08353,0.051781,0.063866,0.811,1.308,1.0,0.071102,0.057853,1.444,0.895,112,0.051781,hst,1.175,1.613,0.728,1.613,1.0,9.609496773994548e-17,mix,342,3.502,1650,hst,1,2.888,native,0,0.0,0.25
bcspwr09,1723,6511,8,0.25,17,False,400,256,0.089799,0.061155,0.197151,0.31,0.455,1.0,0.081477,0.067399,1.332,0.907,148,0.061155,hst,1.102,1.468,0.751,1.468,1.0,3.3992994908668667e-16,mix,399,2.86,1624,hst,1,3.312,native,0,0.0,0.25
bcspwr09,1723,6511,8,0.25,18,False,400,256,0.089899,0.061424,0.194801,0.315,0.461,1.0,0.081324,0.06744,1.333,0.911,142,0.061424,hst,1.105,1.464,0.755,1.464,1.0,1.860896069197576e-16,mix,399,4.292,1654,hst,1,3.2,native,0,0.0,0.25
bcspwr09,1723,6511,8,0.25,19,False,400,256,0.089522,0.06202,0.195793,0.317,0.457,1.0,0.082396,0.06825,1.312,0.909,158,0.06202,hst,1.086,1.443,0.753,1.443,1.0,1.4472386138826977e-16,mix,399,2.468,1647,hst,1,3.359,native,0,0.0,0.25
bcspwr09,1723,6511,8,0.25,20,False,400,256,0.09027,0.061756,0.193897,0.318,0.466,1.0,0.083483,0.068518,1.317,0.901,162,0.061756,hst,1.081,1.462,0.74,1.462,1.0,4.2716015826531054e-16,mix,399,3.997,1602,hst,1,3.518,native,0,0.0,0.25
bcspwr09,1723,6511,8,0.25,21,False,400,256,0.090356,0.061342,0.19867,0.309,0.455,1.0,0.082,0.067871,1.331,0.904,148,0.061342,hst,1.102,1.473,0.748,1.473,1.0,9.609496773994548e-17,mix,399,2.185,1632,hst,1,3.329,native,0,0.0,0.25
bcspwr10,5300,21842,8,0.01,17,False,400,256,0.087611,0.078505,0.142194,0.552,0.616,1.0,0.099271,0.084368,1.038,0.931,1288,0.078505,hst,0.883,1.116,0.791,1.116,1.0,1.871280638170483e-16,mix,396,5.105,4009,hst,1,4.178,native,0,0.0,0.25
bcspwr10,5300,21842,8,0.01,18,False,400,256,0.089415,0.079304,0.14795,0.536,0.604,1.0,0.102728,0.086799,1.03,0.914,1717,0.079304,hst,0.87,1.127,0.772,1.127,1.0,3.513861746800697e-16,mix,399,5.376,4008,hst,1,4.49,native,0,0.0,0.25
bcspwr10,5300,21842,8,0.01,19,False,400,256,0.088435,0.076447,0.141766,0.539,0.624,1.0,0.099572,0.084441,1.047,0.905,1062,0.076447,hst,0.888,1.157,0.768,1.157,1.0,2.258919437555397e-16,mix,398,5.146,3935,hst,1,4.243,native,0,0.0,0.25
bcspwr10,5300,21842,8,0.01,20,False,400,256,0.087297,0.075728,0.140733,0.538,0.62,1.0,0.09851,0.084027,1.039,0.901,1244,0.075728,hst,0.886,1.153,0.769,1.153,1.0,1.5260920413345594e-16,mix,399,5.28,4011,hst,1,4.069,native,0,0.0,0.25
bcspwr10,5300,21842,8,0.01,21,False,400,256,0.086671,0.075817,0.14221,0.533,0.609,1.0,0.099329,0.084609,1.024,0.896,2031,0.075817,hst,0.873,1.143,0.763,1.143,1.0,3.1586084160755566e-16,mix,397,5.173,3969,hst,1,4.188,native,0,0.0,0.25
bcspwr10,5300,21842,8,0.25,17,False,400,256,0.094878,0.091522,0.542118,0.169,0.175,1.0,0.115478,0.099696,0.952,0.918,,0.091522,hst,0.822,1.037,0.793,1.037,1.0,1.871280638170483e-16,mix,399,5.848,3999,hst,1,4.786,native,0,0.0,0.25
bcspwr10,5300,21842,8,0.25,18,False,400,256,0.094163,0.09052,0.550716,0.164,0.171,1.0,0.115029,0.09923,0.949,0.912,,0.09052,hst,0.819,1.04,0.787,1.04,1.0,3.513861746800697e-16,mix,399,4.855,3988,hst,1,4.731,native,0,0.0,0.25
bcspwr10,5300,21842,8,0.25,19,False,400,256,0.094411,0.090262,0.548426,0.165,0.172,1.0,0.116318,0.100444,0.94,0.899,,0.090262,hst,0.812,1.046,0.776,1.046,1.0,2.258919437555397e-16,mix,399,2.237,3908,hst,1,4.717,native,0,0.0,0.25
bcspwr10,5300,21842,8,0.25,20,False,400,256,0.094192,0.090147,0.547826,0.165,0.172,1.0,0.114812,0.099328,0.948,0.908,,0.090147,hst,0.82,1.045,0.785,1.045,1.0,1.5260920413345594e-16,mix,399,6.399,3941,hst,1,4.721,native,0,0.0,0.25
bcspwr10,5300,21842,8,0.25,21,False,400,256,0.094785,0.091572,0.549655,0.167,0.172,1.0,0.116137,0.100549,0.943,0.911,,0.091572,hst,0.816,1.035,0.788,1.035,1.0,3.1586084160755566e-16,mix,399,3.392,3988,hst,1,4.69,native,0,0.0,0.25
TSOPF_RS_b39_c30,60098,1079986,8,0.01,17,False,400,256,14.312986,0.5383,1.057364,0.509,13.536,1.0,0.79473,0.523432,27.344,1.028,1,0.5383,hst,18.01,26.589,0.677,26.589,1.0,1.3924108160288588e-16,mix,399,2.432,33509,hst,1,8.337,native,0,0.0,0.5
TSOPF_RS_b39_c30,60098,1079986,8,0.01,18,False,400,256,14.424839,0.541268,0.976762,0.554,14.768,1.0,0.796059,0.524875,27.482,1.031,1,0.541268,hst,18.12,26.65,0.68,26.65,1.0,1.3924108160288588e-16,mix,399,2.437,33720,hst,1,8.424,native,0,0.0,0.5
TSOPF_RS_b39_c30,60098,1079986,8,0.01,19,False,400,256,14.572598,0.519802,0.971075,0.535,15.007,1.0,0.793133,0.525722,27.719,0.989,1,0.519802,hst,18.373,28.035,0.655,28.035,1.0,1.3924108160288588e-16,mix,399,2.455,33610,hst,1,8.383,native,0,0.0,0.5
TSOPF_RS_b39_c30,60098,1079986,8,0.01,20,False,400,256,14.430376,0.520505,1.013168,0.514,14.243,1.0,0.798808,0.528431,27.308,0.985,1,0.520505,hst,18.065,27.724,0.652,27.724,1.0,1.3924108160288588e-16,mix,399,2.487,33419,hst,1,8.404,native,0,0.0,0.5
TSOPF_RS_b39_c30,60098,1079986,8,0.01,21,False,400,138,0.382587,0.419767,0.408322,1.028,0.937,1.0,0.385498,0.348478,1.098,1.098,0,0.382587,delta_baseline,0.992,1.0,0.992,1.0,1.097,1.3924108160288588e-16,mix,0,1.0,30428,delta_baseline,0,0.0,native,0,0.0,0.5
TSOPF_RS_b39_c30,60098,1079986,8,0.25,17,False,400,256,14.723705,0.581335,1.713473,0.339,8.593,1.0,0.836254,0.563817,26.114,1.031,1,0.581335,hst,17.607,25.327,0.695,25.327,1.0,1.3924108160288588e-16,mix,399,2.341,32449,hst,1,8.702,native,0,0.0,0.5
TSOPF_RS_b39_c30,60098,1079986,8,0.25,18,False,400,256,14.704389,0.561937,1.680301,0.334,8.751,1.0,0.840584,0.566044,25.977,0.993,1,0.561937,hst,17.493,26.167,0.669,26.167,1.0,1.3924108160288588e-16,mix,399,2.151,32528,hst,1,9.125,native,0,0.0,0.5
TSOPF_RS_b39_c30,60098,1079986,8,0.25,19,False,400,256,14.706173,0.559995,1.699264,0.33,8.654,1.0,0.827686,0.56629,25.969,0.989,1,0.559995,hst,17.768,26.261,0.677,26.261,1.0,1.3924108160288588e-16,mix,399,2.315,32538,hst,1,8.49,native,0,0.0,0.5
TSOPF_RS_b39_c30,60098,1079986,8,0.25,20,False,400,256,14.694367,0.557012,1.67044,0.333,8.797,1.0,0.838579,0.567025,25.915,0.982,1,0.557012,hst,17.523,26.381,0.664,26.381,1.0,1.3924108160288588e-16,mix,399,2.435,32829,hst,1,8.818,native,0,0.0,0.5
TSOPF_RS_b39_c30,60098,1079986,8,0.25,21,False,400,138,14.425337,0.491342,1.430444,0.343,10.085,1.0,0.767595,0.499268,28.893,0.984,1,0.491342,hst,18.793,29.359,0.64,29.359,1.0,1.3924108160288588e-16,mix,399,3.374,31322,hst,1,8.426,native,0,0.0,0.5
TSOPF_RS_b162_c3,15374,610299,8,0.01,17,False,400,256,8.199209,0.358817,0.547826,0.655,14.967,1.0,0.521657,0.364288,22.508,0.985,1,0.358817,hst,15.718,22.851,0.688,22.851,1.0,1.2582477660838618e-16,mix,399,3.038,10392,hst,1,4.504,native,0,0.0,0.5
TSOPF_RS_b162_c3,15374,610299,8,0.01,18,False,400,256,8.157067,0.361035,0.50307,0.718,16.215,1.0,0.530008,0.372668,21.888,0.969,1,0.361035,hst,15.39,22.594,0.681,22.594,1.0,1.2582477660838618e-16,mix,399,2.949,10499,hst,1,4.387,native,0,0.0,0.5
TSOPF_RS_b162_c3,15374,610299,8,0.01,19,False,400,256,8.649584,0.359804,0.533677,0.674,16.208,1.0,0.523934,0.367187,23.556,0.98,1,0.359804,hst,16.509,24.04,0.687,24.04,1.0,1.2582477660838618e-16,mix,399,3.105,10411,hst,1,4.376,native,0,0.0,0.5
TSOPF_RS_b162_c3,15374,610299,8,0.01,20,False,400,256,8.624233,0.365736,0.551554,0.663,15.636,1.0,0.534275,0.375881,22.944,0.973,1,0.365736,hst,16.142,23.58,0.685,23.58,1.0,1.2582477660838618e-16,mix,399,3.035,10551,hst,1,4.522,native,0,0.0,0.5
TSOPF_RS_b162_c3,15374,610299,8,0.01,21,False,400,256,8.418543,0.366463,0.512321,0.715,16.432,1.0,0.538312,0.376933,22.334,0.972,1,0.366463,hst,15.639,22.972,0.681,22.972,1.0,1.172605067740121e-16,mix,399,2.975,10685,hst,1,4.53,native,0,0.0,0.5
TSOPF_RS_b162_c3,15374,610299,8,0.25,17,False,400,256,9.043909,0.381782,1.084821,0.352,8.337,1.0,0.554523,0.386275,23.413,0.988,1,0.381782,hst,16.309,23.689,0.688,23.689,1.0,1.2582477660838618e-16,mix,399,3.48,9908,hst,1,5.019,native,0,0.0,0.5
TSOPF_RS_b162_c3,15374,610299,8,0.25,18,False,400,256,9.03225,0.381943,1.089816,0.35,8.288,1.0,0.553339,0.388974,23.221,0.982,1,0.381943,hst,16.323,23.648,0.69,23.648,1.0,1.2582477660838618e-16,mix,399,3.374,10034,hst,1,4.911,native,0,0.0,0.5
TSOPF_RS_b162_c3,15374,610299,8,0.25,19,False,400,256,9.01565,0.381732,1.052586,0.363,8.565,1.0,0.551437,0.388435,23.21,0.983,1,0.381732,hst,16.349,23.618,0.692,23.618,1.0,1.2582477660838618e-16,mix,399,3.28,9948,hst,1,4.942,native,0,0.0,0.5
TSOPF_RS_b162_c3,15374,610299,8,0.25,20,False,400,256,9.024946,0.380951,1.088969,0.35,8.288,1.0,0.541604,0.387901,23.266,0.982,1,0.380951,hst,16.663,23.691,0.703,23.691,1.0,1.2582477660838618e-16,mix,399,3.513,9924,hst,1,4.57,native,0,0.0,0.5
TSOPF_RS_b162_c3,15374,610299,8,0.25,21,False,400,256,9.019433,0.380573,1.08293,0.351,8.329,1.0,0.555058,0.387771,23.26,0.981,1,0.380573,hst,16.25,23.7,0.686,23.7,1.0,1.172605067740121e-16,mix,399,3.383,10027,hst,1,5.122,native,0,0.0,0.5
TSOPF_RS_b300_c1,14538,1474325,8,0.01,17,False,400,256,11.189962,0.64873,1.144917,0.567,9.774,1.0,1.039345,0.641879,17.433,1.011,1,0.64873,hst,10.766,17.249,0.624,17.249,1.0,1.1112960972222602e-16,mix,399,4.655,9931,hst,1,9.557,native,0,0.0,0.5
TSOPF_RS_b300_c1,14538,1474325,8,0.01,18,False,400,256,11.474237,0.631413,1.132627,0.557,10.131,1.0,1.036325,0.626018,18.329,1.009,1,0.631413,hst,11.072,18.172,0.609,18.172,1.0,1.1112960972222602e-16,mix,399,4.061,9904,hst,1,9.864,native,0,0.0,0.5
TSOPF_RS_b300_c1,14538,1474325,8,0.01,19,False,400,256,11.523686,0.654469,1.174449,0.557,9.812,1.0,1.049341,0.655406,17.583,0.999,1,0.654469,hst,10.982,17.608,0.624,17.608,1.0,1.1112960972222602e-16,mix,399,3.332,9896,hst,1,9.42,native,0,0.0,0.5
TSOPF_RS_b300_c1,14538,1474325,8,0.01,20,False,400,256,12.364632,0.685752,1.174326,0.584,10.529,1.0,1.098817,0.691374,17.884,0.992,1,0.685752,hst,11.253,18.031,0.624,18.031,1.0,1.1112960972222602e-16,mix,399,3.744,9913,hst,1,9.908,native,0,0.0,0.5
TSOPF_RS_b300_c1,14538,1474325,8,0.01,21,False,400,256,11.258413,0.650046,1.145046,0.568,9.832,1.0,1.067623,0.653318,17.233,0.995,1,0.650046,hst,10.545,17.319,0.609,17.319,1.0,1.4073755446586306e-16,mix,399,4.564,9855,hst,1,9.927,native,0,0.0,0.5
TSOPF_RS_b300_c1,14538,1474325,8,0.25,17,False,400,256,22.047063,0.775652,2.158643,0.359,10.213,1.0,1.177872,0.780913,28.232,0.993,0,0.775652,hst,18.718,28.424,0.659,28.424,1.0,1.1112960972222602e-16,mix,399,3.967,9201,hst,1,10.514,native,0,0.0,0.5
TSOPF_RS_b300_c1,14538,1474325,8,0.25,18,False,400,256,21.95237,0.796716,2.18108,0.365,10.065,1.0,1.12265,0.814616,26.948,0.978,0,0.796716,hst,19.554,27.554,0.71,27.554,1.0,1.1112960972222602e-16,mix,399,4.021,9229,hst,1,8.593,native,0,0.0,0.5
TSOPF_RS_b300_c1,14538,1474325,8,0.25,19,False,400,256,21.957734,0.776286,2.127693,0.365,10.32,1.0,1.077826,0.779999,28.151,0.995,0,0.776286,hst,20.372,28.286,0.72,28.286,1.0,1.1112960972222602e-16,mix,399,4.012,9125,hst,1,8.112,native,0,0.0,0.5
TSOPF_RS_b300_c1,14538,1474325,8,0.25,20,False,400,256,21.923167,0.769857,2.110155,0.365,10.389,1.0,1.102181,0.780843,28.076,0.986,0,0.769857,hst,19.891,28.477,0.698,28.477,1.0,1.1112960972222602e-16,mix,399,3.923,9358,hst,1,9.067,native,0,0.0,0.5
TSOPF_RS_b300_c1,14538,1474325,8,0.25,21,False,400,256,22.036822,0.770621,2.132064,0.361,10.336,1.0,1.156131,0.779602,28.267,0.988,0,0.770621,hst,19.061,28.596,0.667,28.596,1.0,1.4073755446586306e-16,mix,399,3.838,9398,hst,1,10.224,native,0,0.0,0.5
nasa2910,2910,174296,8,0.01,17,False,400,256,1.069941,0.257035,0.304398,0.844,3.515,1.0,0.28629,0.273592,3.911,0.939,2,0.257035,hst,3.737,4.163,0.898,4.163,1.0,2.8038709295888876e-16,mix,396,3.636,2909,hst,1,1.334,native,0,0.0,0.5
nasa2910,2910,174296,8,0.01,18,False,400,256,1.050256,0.241348,0.299986,0.805,3.501,1.0,0.274969,0.264653,3.968,0.912,1,0.241348,hst,3.82,4.352,0.878,4.352,1.0,3.799423773445064e-16,mix,391,3.48,2900,hst,1,1.172,native,0,0.0,0.5
nasa2910,2910,174296,8,0.01,19,False,400,256,1.084516,0.248341,0.304462,0.816,3.562,1.0,0.284669,0.271625,3.993,0.914,2,0.248341,hst,3.81,4.367,0.872,4.367,1.0,3.9854920332226225e-16,mix,394,3.444,2910,hst,1,1.285,native,0,0.0,0.5
nasa2910,2910,174296,8,0.01,20,False,400,256,1.067741,0.239693,0.285496,0.84,3.74,1.0,0.272379,0.262282,4.071,0.914,1,0.239693,hst,3.92,4.455,0.88,4.455,1.0,3.799423773445064e-16,mix,389,3.172,2910,hst,1,1.104,native,0,0.0,0.5
nasa2910,2910,174296,8,0.01,21,False,400,256,1.047568,0.239795,0.284727,0.842,3.679,1.0,0.265591,0.25494,4.109,0.941,2,0.239795,hst,3.944,4.369,0.903,4.369,1.0,3.170894107257953e-16,mix,394,3.288,2908,hst,1,1.206,native,0,0.0,0.5
nasa2910,2910,174296,8,0.25,17,False,400,256,1.022053,0.246007,1.07321,0.229,0.952,1.0,0.274049,0.253257,4.036,0.971,2,0.246007,hst,3.729,4.155,0.898,4.155,1.0,2.8038709295888876e-16,mix,399,4.997,2849,hst,1,1.803,native,0,0.0,0.5
nasa2910,2910,174296,8,0.25,18,False,400,256,1.013383,0.240592,1.064793,0.226,0.952,1.0,0.274201,0.254645,3.98,0.945,2,0.240592,hst,3.696,4.212,0.877,4.212,1.0,3.799423773445064e-16,mix,399,4.515,2892,hst,1,1.694,native,0,0.0,0.5
nasa2910,2910,174296,8,0.25,19,False,400,256,1.016367,0.240554,1.066935,0.225,0.953,1.0,0.275244,0.252942,4.018,0.951,2,0.240554,hst,3.693,4.225,0.874,4.225,1.0,3.9854920332226225e-16,mix,399,3.33,2882,hst,1,1.788,native,0,0.0,0.5
nasa2910,2910,174296,8,0.25,20,False,400,256,1.024297,0.238377,0.903468,0.264,1.134,1.0,0.188771,0.172854,5.926,1.379,1,0.238377,hst,5.426,4.297,1.263,4.297,1.0,3.799423773445064e-16,mix,399,5.527,2865,hst,1,1.213,native,0,0.0,0.5
nasa2910,2910,174296,8,0.25,21,False,400,256,0.823157,0.167638,0.861887,0.195,0.955,1.0,0.188609,0.172666,4.767,0.971,2,0.167638,hst,4.364,4.91,0.889,4.91,1.0,3.170894107257953e-16,mix,399,5.469,2880,hst,1,1.262,native,0,0.0,0.5
raefsky3,21200,1488768,8,0.01,17,False,400,256,0.824695,0.221489,0.344998,0.642,2.39,1.0,0.231474,0.224611,3.672,0.986,2,0.221489,hst,3.563,3.723,0.957,3.723,1.0,4.21040283801125e-16,mix,399,2.561,10944,hst,1,0.96,native,0,0.0,0.5
raefsky3,21200,1488768,8,0.01,18,False,400,256,0.818829,0.216737,0.316251,0.685,2.589,1.0,0.230182,0.223429,3.665,0.97,2,0.216737,hst,3.557,3.778,0.942,3.778,1.0,3.542741100665178e-16,mix,399,2.783,11272,hst,1,0.956,native,0,0.0,0.5
raefsky3,21200,1488768,8,0.01,19,False,400,256,0.823147,0.216826,0.32322,0.671,2.547,1.0,0.233832,0.227299,3.621,0.954,2,0.216826,hst,3.52,3.796,0.927,3.796,1.0,2.936613481310225e-16,mix,399,1.974,11096,hst,1,0.987,native,0,0.0,0.5
raefsky3,21200,1488768,8,0.01,20,False,400,256,0.835879,0.220061,0.345437,0.637,2.42,1.0,0.237434,0.231128,3.617,0.952,2,0.220061,hst,3.52,3.798,0.927,3.798,1.0,4.654934124763125e-16,mix,399,2.204,11608,hst,1,0.969,native,0,0.0,0.5
raefsky3,21200,1488768,8,0.01,21,False,400,256,0.826646,0.216867,0.322489,0.672,2.563,1.0,0.236265,0.229812,3.597,0.944,2,0.216867,hst,3.499,3.812,0.918,3.812,1.0,3.205001438329397e-16,mix,399,2.368,11728,hst,1,0.981,native,0,0.0,0.5
raefsky3,21200,1488768,8,0.25,17,False,400,256,0.831048,0.221557,0.930055,0.238,0.894,1.0,0.239369,0.223478,3.719,0.991,3,0.221557,hst,3.472,3.751,0.926,3.751,1.0,4.21040283801125e-16,mix,399,3.019,8232,hst,1,1.574,native,0,0.0,0.5
raefsky3,21200,1488768,8,0.25,18,False,400,256,0.835521,0.215874,0.945075,0.228,0.884,1.0,0.238579,0.223183,3.744,0.967,3,0.215874,hst,3.502,3.87,0.905,3.87,1.0,3.542741100665178e-16,mix,399,2.155,8144,hst,1,1.634,native,0,0.0,0.5
raefsky3,21200,1488768,8,0.25,19,False,400,256,0.832555,0.216011,0.936325,0.231,0.889,1.0,0.240554,0.224505,3.708,0.962,3,0.216011,hst,3.461,3.854,0.898,3.854,1.0,2.936613481310225e-16,mix,399,2.084,8200,hst,1,1.609,native,0,0.0,0.5
raefsky3,21200,1488768,8,0.25,20,False,400,256,0.833502,0.216978,0.957199,0.227,0.871,1.0,0.23997,0.22424,3.717,0.968,3,0.216978,hst,3.473,3.841,0.904,3.841,1.0,4.654934124763125e-16,mix,399,3.034,7800,hst,1,1.637,native,0,0.0,0.5
raefsky3,21200,1488768,8,0.25,21,False,400,256,0.837163,0.215092,0.948195,0.227,0.883,1.0,0.238666,0.222583,3.761,0.966,3,0.215092,hst,3.508,3.892,0.901,3.892,1.0,3.205001438329397e-16,mix,399,1.596,8016,hst,1,1.611,native,0,0.0,0.5
case9,14454,147972,8,0.01,17,False,400,256,1.287157,0.138856,0.24187,0.574,5.322,1.0,0.163893,0.143679,8.959,0.966,1,0.138856,hst,7.854,9.27,0.847,9.27,1.0,1.8253563338087409e-16,mix,399,4.247,9369,hst,1,1.294,native,0,0.0,0.5
case9,14454,147972,8,0.01,18,False,400,256,1.273539,0.146342,0.249004,0.588,5.115,1.0,0.17165,0.150129,8.483,0.975,1,0.146342,hst,7.419,8.702,0.853,8.702,1.0,1.6384614607668743e-15,mix,399,4.385,9372,hst,1,1.463,native,0,0.0,0.5
case9,14454,147972,8,0.01,19,False,400,256,1.288592,0.140212,0.236589,0.593,5.447,1.0,0.165178,0.145801,8.838,0.962,1,0.140212,hst,7.801,9.19,0.849,9.19,1.0,1.8253563338087409e-16,mix,399,4.39,9324,hst,1,1.306,native,0,0.0,0.5
case9,14454,147972,8,0.01,20,False,400,256,1.26853,0.150345,0.257152,0.585,4.933,1.0,0.175182,0.153425,8.268,0.98,1,0.150345,hst,7.241,8.437,0.858,8.437,1.0,1.1571059044469956e-15,mix,399,4.54,9392,hst,1,1.455,native,0,0.0,0.5
case9,14454,147972,8,0.01,21,False,400,256,1.265251,0.1443,0.252185,0.572,5.017,1.0,0.170867,0.14913,8.484,0.968,1,0.1443,hst,7.405,8.768,0.845,8.768,1.0,1.4037033603327298e-15,mix,399,4.562,9387,hst,1,1.377,native,0,0.0,0.5
case9,14454,147972,8,0.25,17,False,400,256,1.267842,0.16234,0.526513,0.308,2.408,1.0,0.190828,0.166804,7.601,0.973,1,0.16234,hst,6.644,7.81,0.851,7.81,1.0,1.8253563338087409e-16,mix,399,5.419,8928,hst,1,1.64,native,0,0.0,0.5
case9,14454,147972,8,0.25,18,False,400,256,1.273854,0.160182,0.547402,0.293,2.327,1.0,0.189527,0.16576,7.685,0.966,1,0.160182,hst,6.721,7.953,0.845,7.953,1.0,1.6384614607668743e-15,mix,399,5.638,8902,hst,1,1.635,native,0,0.0,0.5
case9,14454,147972,8,0.25,19,False,400,256,1.265575,0.161379,0.529636,0.305,2.39,1.0,0.188756,0.165696,7.638,0.974,1,0.161379,hst,6.705,7.842,0.855,7.842,1.0,1.8253563338087409e-16,mix,399,5.636,8948,hst,1,1.618,native,0,0.0,0.5
case9,14454,147972,8,0.25,20,False,400,256,1.26001,0.161933,0.529251,0.306,2.381,1.0,0.191364,0.167162,7.538,0.969,2,0.161933,hst,6.584,7.781,0.846,7.781,1.0,1.1571059044469956e-15,mix,399,5.666,8868,hst,1,1.687,native,0,0.0,0.5
case9,14454,147972,8,0.25,21,False,400,256,1.268657,0.16122,0.535398,0.301,2.37,1.0,0.191995,0.166959,7.599,0.966,2,0.16122,hst,6.608,7.869,0.84,7.869,1.0,1.4037033603327298e-15,mix,399,5.318,8942,hst,1,1.703,native,0,0.0,0.5
msc10848,10848,1229776,8,0.01,17,False,400,256,1.614061,0.337804,0.565478,0.597,2.854,1.0,0.34785,0.330347,4.886,1.023,1,0.337804,hst,4.64,4.778,0.971,4.778,1.0,3.632031213502581e-16,mix,399,4.779,10533,hst,1,1.479,native,0,0.0,0.5
msc10848,10848,1229776,8,0.01,18,False,400,256,1.646287,0.329616,0.536606,0.614,3.068,1.0,0.356656,0.338482,4.864,0.974,1,0.329616,hst,4.616,4.995,0.924,4.995,1.0,6.160502327889403e-16,mix,399,4.9,10593,hst,1,1.45,native,0,0.0,0.5
msc10848,10848,1229776,8,0.01,19,False,400,256,1.706988,0.325317,0.532768,0.611,3.204,1.0,0.355452,0.338316,5.046,0.962,1,0.325317,hst,4.802,5.247,0.915,5.247,1.0,4.460432847857754e-16,mix,399,4.549,10509,hst,1,1.459,native,0,0.0,0.5
msc10848,10848,1229776,8,0.01,20,False,400,256,1.581632,0.321778,0.533978,0.603,2.962,1.0,0.354275,0.335726,4.711,0.958,1,0.321778,hst,4.464,4.915,0.908,4.915,1.0,3.2856469467467963e-16,mix,398,4.917,10365,hst,1,1.47,native,0,0.0,0.5
msc10848,10848,1229776,8,0.01,21,False,400,256,1.609283,0.31076,0.531313,0.585,3.029,1.0,0.344058,0.327968,4.907,0.948,1,0.31076,hst,4.677,5.179,0.903,5.179,1.0,5.305500907434564e-16,mix,399,4.74,10476,hst,1,1.42,native,0,0.0,0.5
msc10848,10848,1229776,8,0.25,17,False,400,256,1.508038,0.321819,2.383121,0.135,0.633,1.0,0.356701,0.329409,4.578,0.977,2,0.321819,hst,4.228,4.686,0.902,4.686,1.0,3.632031213502581e-16,mix,399,2.994,9744,hst,1,2.275,native,0,0.0,0.5
msc10848,10848,1229776,8,0.25,18,False,400,256,1.502295,0.318988,2.402389,0.133,0.625,1.0,0.355182,0.326351,4.603,0.977,2,0.318988,hst,4.23,4.71,0.898,4.71,1.0,6.160502327889403e-16,mix,399,4.731,10119,hst,1,2.178,native,0,0.0,0.5
msc10848,10848,1229776,8,0.25,19,False,400,256,1.505515,0.320704,2.386701,0.134,0.631,1.0,0.355799,0.32657,4.61,0.982,2,0.320704,hst,4.231,4.694,0.901,4.694,1.0,4.460432847857754e-16,mix,399,2.46,10032,hst,1,2.191,native,0,0.0,0.5
msc10848,10848,1229776,8,0.25,20,False,400,256,1.505623,0.317055,2.382533,0.133,0.632,1.0,0.354439,0.324876,4.634,0.976,2,0.317055,hst,4.248,4.749,0.895,4.749,1.0,3.2856469467467963e-16,mix,399,5.025,9783,hst,1,2.201,native,0,0.0,0.5
msc10848,10848,1229776,8,0.25,21,False,400,256,1.490925,0.317251,2.40687,0.132,0.619,1.0,0.353275,0.324712,4.592,0.977,2,0.317251,hst,4.22,4.7,0.898,4.7,1.0,5.305500907434564e-16,mix,399,1.714,9747,hst,1,2.297,native,0,0.0,0.5
ct20stif,52329,2600295,8,0.01,17,False,400,256,0.659106,0.239991,0.391991,0.612,1.681,1.0,0.242327,0.235613,2.797,1.019,3,0.239991,hst,2.72,2.746,0.99,2.746,1.0,3.403944480715774e-16,mix,399,3.368,16684,hst,1,1.406,native,0,0.0,0.5
ct20stif,52329,2600295,8,0.01,18,False,400,256,0.583739,0.228009,0.374145,0.609,1.56,1.0,0.231836,0.230576,2.532,0.989,3,0.228009,hst,2.518,2.56,0.983,2.56,1.0,3.351339203340676e-16,mix,399,3.196,16020,hst,1,1.196,native,0,0.0,0.5
ct20stif,52329,2600295,8,0.01,19,False,400,256,0.604034,0.237146,0.389831,0.608,1.549,1.0,0.242451,0.239174,2.526,0.992,4,0.237146,hst,2.491,2.547,0.978,2.547,1.0,2.600013994931016e-16,mix,399,3.277,16270,hst,1,1.298,native,0,0.0,0.5
ct20stif,52329,2600295,8,0.01,20,False,400,256,0.637807,0.233568,0.396169,0.59,1.61,1.0,0.242841,0.238169,2.678,0.981,4,0.233568,hst,2.626,2.731,0.962,2.731,1.0,5.949530076200267e-16,mix,399,3.214,17146,hst,1,1.406,native,0,0.0,0.5
ct20stif,52329,2600295,8,0.01,21,False,400,256,0.670431,0.229585,0.376778,0.609,1.779,1.0,0.242901,0.235905,2.842,0.973,3,0.229585,hst,2.76,2.92,0.945,2.92,1.0,4.493998728164776e-16,mix,399,3.497,16384,hst,1,1.435,native,0,0.0,0.5
ct20stif,52329,2600295,8,0.25,17,False,400,256,0.638848,0.28723,1.260945,0.228,0.507,1.0,0.331361,0.257582,2.48,1.115,38,0.28723,hst,1.928,2.224,0.867,2.224,1.0,3.403944480715774e-16,mix,399,2.269,11587,hst,1,14.399,native,0,0.0,0.5
ct20stif,52329,2600295,8,0.25,18,False,400,256,0.639749,0.250101,1.255032,0.199,0.51,1.0,0.326042,0.260853,2.453,0.959,37,0.250101,hst,1.962,2.558,0.767,2.558,1.0,3.351339203340676e-16,mix,399,4.478,11925,hst,1,14.183,native,0,0.0,0.5
ct20stif,52329,2600295,8,0.25,19,False,400,256,0.638054,0.248459,1.253403,0.198,0.509,1.0,0.344465,0.27076,2.357,0.918,41,0.248459,hst,1.852,2.568,0.721,2.568,1.0,2.600013994931016e-16,mix,399,2.769,11696,hst,1,15.076,native,0,0.0,0.5
ct20stif,52329,2600295,8,0.25,20,False,400,256,0.636119,0.244802,1.25249,0.195,0.508,1.0,0.329693,0.260329,2.444,0.94,38,0.244802,hst,1.929,2.599,0.743,2.599,1.0,5.949530076200267e-16,mix,399,2.262,11203,hst,1,14.293,native,0,0.0,0.5
ct20stif,52329,2600295,8,0.25,21,False,400,256,0.640195,0.246021,1.244999,0.198,0.514,1.0,0.331629,0.261958,2.444,0.939,38,0.246021,hst,1.93,2.602,0.742,2.602,1.0,4.493998728164776e-16,mix,399,3.466,11059,hst,1,14.219,native,0,0.0,0.5
s3rmt3m3,5357,207123,8,0.01,17,False,400,256,0.619613,0.210779,0.262085,0.804,2.364,1.0,0.228841,0.223076,2.778,0.945,3,0.210779,hst,2.708,2.94,0.921,2.94,1.0,4.0558810500666957e-16,mix,398,2.61,4932,hst,1,1.075,native,0,0.0,0.5
s3rmt3m3,5357,207123,8,0.01,18,False,400,256,0.584238,0.202776,0.263686,0.769,2.216,1.0,0.226296,0.221484,2.638,0.916,3,0.202776,hst,2.582,2.881,0.896,2.881,1.0,4.602754019127631e-16,mix,398,3.018,4775,hst,1,0.962,native,0,0.0,0.5
s3rmt3m3,5357,207123,8,0.01,19,False,400,256,0.599059,0.206854,0.273119,0.757,2.193,1.0,0.23363,0.227775,2.63,0.908,3,0.206854,hst,2.564,2.896,0.885,2.896,1.0,3.6103403035014226e-16,mix,399,1.502,4823,hst,1,1.093,native,0,0.0,0.5
s3rmt3m3,5357,207123,8,0.01,20,False,400,256,0.580825,0.205522,0.260662,0.788,2.228,1.0,0.233954,0.229244,2.534,0.897,3,0.205522,hst,2.483,2.826,0.878,2.826,1.0,3.8491695538458903e-16,mix,399,2.729,4908,hst,1,1.0,native,0,0.0,0.5
s3rmt3m3,5357,207123,8,0.01,21,False,400,256,0.586837,0.201557,0.268561,0.751,2.185,1.0,0.227639,0.223449,2.626,0.902,3,0.201557,hst,2.578,2.912,0.885,2.912,1.0,4.3170597187208097e-16,mix,398,2.412,4725,hst,1,0.977,native,0,0.0,0.5
s3rmt3m3,5357,207123,8,0.25,17,False,400,256,0.601727,0.203203,0.782976,0.26,0.769,1.0,0.287707,0.223735,2.689,0.908,27,0.203203,hst,2.091,2.961,0.706,2.961,1.0,4.0558810500666957e-16,mix,399,2.757,4040,hst,1,10.14,native,0,0.0,0.5
s3rmt3m3,5357,207123,8,0.25,18,False,400,256,0.60328,0.202294,0.775199,0.261,0.778,1.0,0.286228,0.223903,2.694,0.903,26,0.202294,hst,2.108,2.982,0.707,2.982,1.0,4.602754019127631e-16,mix,399,4.642,4373,hst,1,9.891,native,0,0.0,0.5
s3rmt3m3,5357,207123,8,0.25,19,False,400,256,0.600987,0.204143,0.787345,0.259,0.763,1.0,0.286907,0.224306,2.679,0.91,26,0.204143,hst,2.095,2.944,0.712,2.944,1.0,3.6103403035014226e-16,mix,399,4.094,4059,hst,1,9.847,native,0,0.0,0.5
s3rmt3m3,5357,207123,8,0.25,20,False,400,256,0.602826,0.206959,0.786273,0.263,0.767,1.0,0.289954,0.224884,2.681,0.92,27,0.206959,hst,2.079,2.913,0.714,2.913,1.0,3.8491695538458903e-16,mix,399,3.59,4068,hst,1,10.031,native,0,0.0,0.5
s3rmt3m3,5357,207123,8,0.25,21,False,400,256,0.598222,0.204193,0.772189,0.264,0.775,1.0,0.289,0.224108,2.669,0.911,27,0.204193,hst,2.07,2.93,0.707,2.93,1.0,4.3170597187208097e-16,mix,399,4.66,4193,hst,1,10.111,native,0,0.0,0.5
memplus,17758,99147,8,0.01,17,False,400,256,0.525534,0.129625,0.226945,0.571,2.316,1.0,0.149286,0.132287,3.973,0.98,3,0.129625,hst,3.52,4.054,0.868,4.054,1.0,3.582437197197559e-16,mix,399,3.267,8955,hst,1,1.274,native,0,0.0,0.5
memplus,17758,99147,8,0.01,18,False,400,256,0.501265,0.134175,0.235691,0.569,2.127,1.0,0.153603,0.136321,3.677,0.984,4,0.134175,hst,3.263,3.736,0.874,3.736,1.0,3.582443742956908e-16,mix,399,3.839,9421,hst,1,1.285,native,0,0.0,0.5
memplus,17758,99147,8,0.01,19,False,400,256,0.539512,0.134261,0.222554,0.603,2.424,1.0,0.157145,0.143577,3.758,0.935,3,0.134261,hst,3.433,4.018,0.854,4.018,1.0,4.41481093913526e-16,mix,399,3.299,9622,hst,1,1.173,native,0,0.0,0.5
memplus,17758,99147,8,0.01,20,False,400,256,0.524788,0.134873,0.22928,0.588,2.289,1.0,0.158356,0.1414,3.711,0.954,3,0.134873,hst,3.314,3.891,0.852,3.891,1.0,3.582437197197559e-16,mix,399,2.915,9566,hst,1,1.324,native,0,0.0,0.5
memplus,17758,99147,8,0.01,21,False,400,256,0.524597,0.12726,0.22757,0.559,2.305,1.0,0.152302,0.135114,3.883,0.942,3,0.12726,hst,3.444,4.122,0.836,4.122,1.0,3.582437197197559e-16,mix,399,3.242,8828,hst,1,1.304,native,0,0.0,0.5
memplus,17758,99147,8,0.25,17,False,400,256,0.620257,0.143019,0.592399,0.241,1.047,1.0,0.164804,0.148354,4.181,0.964,3,0.143019,hst,3.764,4.337,0.868,4.337,1.0,3.582437197197559e-16,mix,399,3.77,9029,hst,1,1.427,native,0,0.0,0.5
memplus,17758,99147,8,0.25,18,False,400,256,0.648965,0.141581,0.581264,0.244,1.116,1.0,0.164688,0.147159,4.41,0.962,3,0.141581,hst,3.941,4.584,0.86,4.584,1.0,3.582443742956908e-16,mix,399,1.0,9353,hst,1,1.426,native,0,0.0,0.5
memplus,17758,99147,8,0.25,19,False,400,256,0.648552,0.140184,0.576146,0.243,1.126,1.0,0.160738,0.145925,4.444,0.961,3,0.140184,hst,4.035,4.626,0.872,4.626,1.0,4.41481093913526e-16,mix,399,1.0,8710,hst,1,1.34,native,0,0.0,0.5
memplus,17758,99147,8,0.25,20,False,400,256,0.616535,0.142828,0.625077,0.228,0.986,1.0,0.166833,0.148935,4.14,0.959,3,0.142828,hst,3.696,4.317,0.856,4.317,1.0,3.582437197197559e-16,mix,399,4.254,8316,hst,1,1.422,native,0,0.0,0.5
memplus,17758,99147,8,0.25,21,False,400,256,0.643781,0.141556,0.591561,0.239,1.088,1.0,0.163612,0.14677,4.386,0.964,3,0.141556,hst,3.935,4.548,0.865,4.548,1.0,3.582437197197559e-16,mix,399,4.022,10021,hst,1,1.42,native,0,0.0,0.5
olafu,16146,1015156,8,0.01,17,False,400,256,0.707072,0.229243,0.367045,0.625,1.926,1.0,0.233943,0.228239,3.098,1.004,2,0.229243,hst,3.022,3.084,0.98,3.084,1.0,5.582074938205133e-16,mix,399,4.312,12000,hst,1,0.984,native,0,0.0,0.5
olafu,16146,1015156,8,0.01,18,False,400,256,0.688669,0.219897,0.368767,0.596,1.867,1.0,0.236319,0.233974,2.943,0.94,2,0.219897,hst,2.914,3.132,0.931,3.132,1.0,6.4036469396236e-16,mix,399,4.328,12039,hst,1,0.928,native,0,0.0,0.5
olafu,16146,1015156,8,0.01,19,False,400,256,0.711246,0.228567,0.372791,0.613,1.908,1.0,0.24209,0.237376,2.996,0.963,2,0.228567,hst,2.938,3.112,0.944,3.112,1.0,4.864534386882603e-16,mix,399,4.3,11762,hst,1,1.079,native,0,0.0,0.5
olafu,16146,1015156,8,0.01,20,False,400,256,0.754537,0.222081,0.368778,0.602,2.046,1.0,0.23984,0.234914,3.212,0.945,2,0.222081,hst,3.146,3.398,0.926,3.398,1.0,8.4320949564375e-16,mix,399,4.201,12031,hst,1,0.941,native,0,0.0,0.5
olafu,16146,1015156,8,0.01,21,False,400,256,0.784598,0.212231,0.370625,0.573,2.117,1.0,0.232898,0.225568,3.478,0.941,2,0.212231,hst,3.369,3.697,0.911,3.697,1.0,5.998259265642777e-16,mix,399,4.491,11517,hst,1,0.952,native,0,0.0,0.5
olafu,16146,1015156,8,0.25,17,False,400,256,0.753159,0.233875,1.186695,0.197,0.635,1.0,0.307754,0.236574,3.184,0.989,21,0.233875,hst,2.447,3.22,0.76,3.22,1.0,5.582074938205133e-16,mix,399,3.888,8803,hst,1,10.655,native,0,0.0,0.5
olafu,16146,1015156,8,0.25,18,False,400,256,0.750678,0.223686,1.193288,0.187,0.629,1.0,0.304729,0.234931,3.195,0.952,21,0.223686,hst,2.463,3.356,0.734,3.356,1.0,6.4036469396236e-16,mix,399,2.191,9669,hst,1,10.63,native,0,0.0,0.5
olafu,16146,1015156,8,0.25,19,False,400,256,0.75613,0.233141,1.203852,0.194,0.628,1.0,0.304792,0.23473,3.221,0.993,20,0.233141,hst,2.481,3.243,0.765,3.243,1.0,4.864534386882603e-16,mix,399,2.668,10076,hst,1,10.649,native,0,0.0,0.5
olafu,16146,1015156,8,0.25,20,False,400,256,0.755471,0.219403,1.196502,0.183,0.631,1.0,0.308738,0.236034,3.201,0.93,21,0.219403,hst,2.447,3.443,0.711,3.443,1.0,8.4320949564375e-16,mix,399,3.891,9055,hst,1,10.654,native,0,0.0,0.5
olafu,16146,1015156,8,0.25,21,False,400,256,0.753659,0.217466,1.193936,0.182,0.631,1.0,0.243328,0.227546,3.312,0.956,3,0.217466,hst,3.097,3.466,0.894,3.466,1.0,5.998259265642777e-16,mix,399,4.301,9109,hst,1,1.508,native,0,0.0,0.5
bcsstk25,15439,252241,8,0.01,17,False,400,256,0.312092,0.211932,0.295073,0.718,1.058,1.0,0.262687,0.226824,1.376,0.934,92,0.211932,hst,1.188,1.473,0.807,1.473,1.0,1.4310126622262146e-16,mix,399,1.93,8537,hst,1,7.876,native,0,0.0,0.5
bcsstk25,15439,252241,8,0.01,18,False,400,256,0.299468,0.213159,0.298285,0.715,1.004,1.0,0.269613,0.234171,1.279,0.91,117,0.213159,hst,1.111,1.405,0.791,1.405,1.0,2.218697631478781e-16,mix,399,2.218,8779,hst,1,7.621,native,0,0.0,0.5
bcsstk25,15439,252241,8,0.01,19,False,400,256,0.227904,0.158929,0.232445,0.684,0.98,1.0,0.194509,0.171156,1.332,0.929,99,0.158929,hst,1.172,1.434,0.817,1.434,1.0,9.427442670147338e-17,mix,399,2.564,8312,hst,1,5.608,native,0,0.0,0.5
bcsstk25,15439,252241,8,0.01,20,False,400,256,0.236845,0.154639,0.222461,0.695,1.065,1.0,0.166184,0.16663,1.421,0.928,10,0.154639,hst,1.425,1.532,0.931,1.532,1.0,1.4798782495741104e-16,mix,399,2.237,8818,hst,1,0.681,native,0,0.0,0.5
bcsstk25,15439,252241,8,0.01,21,False,400,256,0.232546,0.155838,0.236335,0.659,0.984,1.0,0.195143,0.172028,1.352,0.906,93,0.155838,hst,1.192,1.492,0.799,1.492,1.0,1.5323971434071406e-16,mix,399,2.512,8384,hst,1,5.626,native,0,0.0,0.5
bcsstk25,15439,252241,8,0.25,17,False,400,256,0.243096,0.166692,0.737212,0.226,0.33,1.0,0.208225,0.178855,1.359,0.932,126,0.166692,hst,1.167,1.458,0.801,1.458,1.0,1.4310126622262146e-16,mix,399,2.331,6728,hst,1,8.064,native,0,0.0,0.5
bcsstk25,15439,252241,8,0.25,18,False,400,256,0.246952,0.16687,0.744283,0.224,0.332,1.0,0.20907,0.179026,1.379,0.932,117,0.16687,hst,1.181,1.48,0.798,1.48,1.0,2.218697631478781e-16,mix,399,4.788,7095,hst,1,7.961,native,0,0.0,0.5
bcsstk25,15439,252241,8,0.25,19,False,400,256,0.243828,0.168247,0.746796,0.225,0.326,1.0,0.208895,0.179639,1.357,0.937,125,0.168247,hst,1.167,1.449,0.805,1.449,1.0,9.427442670147338e-17,mix,399,3.842,6688,hst,1,7.998,native,0,0.0,0.5
bcsstk25,15439,252241,8,0.25,20,False,400,256,0.245441,0.167388,0.740857,0.226,0.331,1.0,0.208682,0.179187,1.37,0.934,120,0.167388,hst,1.176,1.466,0.802,1.466,1.0,1.4798782495741104e-16,mix,399,4.892,7045,hst,1,7.98,native,0,0.0,0.5
bcsstk25,15439,252241,8,0.25,21,False,400,256,0.244595,0.167771,0.745594,0.225,0.328,1.0,0.208613,0.179698,1.361,0.934,124,0.167771,hst,1.172,1.458,0.804,1.458,1.0,1.5323971434071406e-16,mix,399,1.0,7054,hst,1,8.047,native,0,0.0,0.5
circuit_3,12127,48137,8,0.01,17,False,400,256,0.446652,0.156803,0.235379,0.666,1.898,1.0,0.21797,0.171715,2.601,0.913,29,0.156803,hst,2.049,2.848,0.719,2.848,1.0,6.734179160610594e-16,mix,399,4.803,7556,hst,1,7.882,native,0,0.0,0.5
circuit_3,12127,48137,8,0.01,18,False,400,256,0.424292,0.12714,0.167181,0.76,2.538,1.0,0.152998,0.118883,3.569,1.069,18,0.12714,hst,2.773,3.337,0.831,3.337,1.0,6.734177751265342e-16,mix,399,7.691,7543,hst,1,5.466,native,0,0.0,0.5
circuit_3,12127,48137,8,0.01,19,False,400,256,0.324099,0.09893,0.173237,0.571,1.871,1.0,0.111406,0.104425,3.104,0.947,4,0.09893,hst,2.909,3.276,0.888,3.276,1.0,1.38110199246993e-16,mix,398,3.627,7796,hst,1,0.92,native,0,0.0,0.5
circuit_3,12127,48137,8,0.01,20,False,400,256,0.309653,0.101289,0.173119,0.585,1.789,1.0,0.144276,0.111173,2.785,0.911,27,0.101289,hst,2.146,3.057,0.702,3.057,1.0,7.407593410861525e-16,mix,399,5.488,7771,hst,1,5.393,native,0,0.0,0.5
circuit_3,12127,48137,8,0.01,21,False,400,256,0.324694,0.106215,0.174667,0.608,1.859,1.0,0.152848,0.116522,2.787,0.912,27,0.106215,hst,2.124,3.057,0.695,3.057,1.0,6.413984212090423e-16,mix,399,5.206,7663,hst,1,5.6,native,0,0.0,0.5
circuit_3,12127,48137,8,0.25,17,False,400,256,0.341704,0.117723,0.413445,0.285,0.826,1.0,0.161244,0.125014,2.733,0.942,30,0.117723,hst,2.119,2.903,0.73,2.903,1.0,6.734179160610594e-16,mix,399,4.864,7511,hst,1,6.436,native,0,0.0,0.5
circuit_3,12127,48137,8,0.25,18,False,400,256,0.340317,0.116991,0.418124,0.28,0.814,1.0,0.164014,0.126913,2.681,0.922,30,0.116991,hst,2.075,2.909,0.713,2.909,1.0,6.734177751265342e-16,mix,399,5.056,7796,hst,1,6.479,native,0,0.0,0.5
circuit_3,12127,48137,8,0.25,19,False,400,256,0.344637,0.115549,0.422428,0.274,0.816,1.0,0.165598,0.126406,2.726,0.914,30,0.115549,hst,2.081,2.983,0.698,2.983,1.0,1.38110199246993e-16,mix,399,4.644,7597,hst,1,6.53,native,0,0.0,0.5
circuit_3,12127,48137,8,0.25,20,False,400,256,0.347508,0.116789,0.412727,0.283,0.842,1.0,0.170919,0.13191,2.634,0.885,32,0.116789,hst,2.033,2.976,0.683,2.976,1.0,7.407593410861525e-16,mix,399,1.746,7516,hst,1,6.883,native,0,0.0,0.5
circuit_3,12127,48137,8,0.25,21,False,400,256,0.348419,0.119939,0.412669,0.291,0.844,1.0,0.169864,0.131066,2.658,0.915,30,0.119939,hst,2.051,2.905,0.706,2.905,1.0,6.413984212090423e-16,mix,399,1.992,7604,hst,1,6.556,native,0,0.0,0.5
bcsstk18,11948,149090,8,0.01,17,False,400,256,0.207837,0.146359,0.206974,0.707,1.004,1.0,0.177969,0.154735,1.343,0.946,94,0.146359,hst,1.168,1.42,0.822,1.42,1.0,8.625236741385534e-17,mix,399,5.521,7010,hst,1,4.996,native,0,0.0,0.5
bcsstk18,11948,149090,8,0.01,18,False,400,256,0.209996,0.142863,0.20386,0.701,1.03,1.0,0.177726,0.154172,1.362,0.927,92,0.142863,hst,1.182,1.47,0.804,1.47,1.0,1.7955529896133775e-16,mix,399,5.666,7171,hst,1,5.133,native,0,0.0,0.5
bcsstk18,11948,149090,8,0.01,19,False,400,256,0.191892,0.144646,0.20498,0.706,0.936,1.0,0.181961,0.162919,1.178,0.888,173,0.144646,hst,1.055,1.327,0.795,1.327,1.0,1.3804959837172369e-16,mix,399,1.815,7124,hst,1,5.021,native,0,0.0,0.5
bcsstk18,11948,149090,8,0.01,20,False,400,256,0.192101,0.14461,0.20862,0.693,0.921,1.0,0.177241,0.157244,1.222,0.92,142,0.14461,hst,1.084,1.328,0.816,1.328,1.0,2.057824038214574e-16,mix,399,1.0,7017,hst,1,4.947,native,0,0.0,0.5
bcsstk18,11948,149090,8,0.01,21,False,400,256,0.203771,0.141733,0.207143,0.684,0.984,1.0,0.177801,0.156607,1.301,0.905,102,0.141733,hst,1.146,1.438,0.797,1.438,1.0,3.703333649681202e-16,mix,399,1.029,6910,hst,1,4.793,native,0,0.0,0.5
bcsstk18,11948,149090,8,0.25,17,False,400,256,0.220494,0.159962,0.742476,0.215,0.297,1.0,0.198562,0.17124,1.288,0.934,151,0.159962,hst,1.11,1.378,0.806,1.378,1.0,8.625236741385534e-17,mix,399,2.765,5908,hst,1,7.441,native,0,0.0,0.5
bcsstk18,11948,149090,8,0.25,18,False,400,256,0.224676,0.161596,0.75068,0.215,0.299,1.0,0.211664,0.182613,1.23,0.885,191,0.161596,hst,1.061,1.39,0.763,1.39,1.0,1.7955529896133775e-16,mix,399,5.348,5950,hst,1,8.05,native,0,0.0,0.5
bcsstk18,11948,149090,8,0.25,19,False,400,256,0.225271,0.16003,0.741539,0.216,0.304,1.0,0.195733,0.16896,1.333,0.947,133,0.16003,hst,1.151,1.408,0.818,1.408,1.0,1.3804959837172369e-16,mix,399,1.782,5956,hst,1,7.483,native,0,0.0,0.5
bcsstk18,11948,149090,8,0.25,20,False,400,256,0.225095,0.16082,0.751838,0.214,0.299,1.0,0.197821,0.171545,1.312,0.937,140,0.16082,hst,1.138,1.4,0.813,1.4,1.0,2.057824038214574e-16,mix,399,3.237,5835,hst,1,7.504,native,0,0.0,0.5
bcsstk18,11948,149090,8,0.25,21,False,400,256,0.222147,0.162343,0.747374,0.217,0.297,1.0,0.195982,0.169061,1.314,0.96,141,0.162343,hst,1.134,1.368,0.828,1.368,1.0,3.703333649681202e-16,mix,399,1.724,6086,hst,1,7.497,native,0,0.0,0.5
add32,4960,19848,8,0.01,17,False,400,256,0.081613,0.066653,0.092584,0.72,0.882,1.0,0.084913,0.073167,1.115,0.911,348,0.066653,hst,0.961,1.224,0.785,1.224,1.0,1.834572946307244e-16,mix,396,6.059,3198,hst,1,2.936,native,0,0.0,0.5
add32,4960,19848,8,0.01,18,False,400,256,0.079632,0.064249,0.089286,0.72,0.892,1.0,0.085506,0.073894,1.078,0.869,506,0.064249,hst,0.931,1.239,0.751,1.239,1.0,3.8969112366871195e-16,mix,397,1.509,3242,hst,1,2.901,native,0,0.0,0.5
add32,4960,19848,8,0.01,19,False,400,256,0.082401,0.064771,0.090552,0.715,0.91,1.0,0.085373,0.073693,1.118,0.879,331,0.064771,hst,0.965,1.272,0.759,1.272,1.0,1.440904858629578e-16,mix,396,5.277,3228,hst,1,2.882,native,0,0.0,0.5
add32,4960,19848,8,0.01,20,False,400,256,0.082935,0.065214,0.091534,0.712,0.906,1.0,0.085674,0.073429,1.129,0.888,320,0.065214,hst,0.968,1.272,0.761,1.272,1.0,1.9189147112235067e-16,mix,396,2.01,3404,hst,1,3.044,native,0,0.0,0.5
add32,4960,19848,8,0.01,21,False,400,256,0.081563,0.064622,0.091739,0.704,0.889,1.0,0.086982,0.075144,1.085,0.86,462,0.064622,hst,0.938,1.262,0.743,1.262,1.0,2.4073268406156015e-16,mix,398,1.151,3117,hst,1,2.967,native,0,0.0,0.5
add32,4960,19848,8,0.25,17,False,400,256,0.081894,0.083116,0.299203,0.278,0.274,1.0,0.099733,0.085388,0.959,0.959,,0.081894,delta_baseline,0.821,1.0,0.821,1.0,1.015,1.834572946307244e-16,mix,399,4.68,2792,hst,1,4.146,native,0,0.0,0.5
add32,4960,19848,8,0.25,18,False,400,256,0.081549,0.078999,0.299314,0.264,0.272,1.0,0.101068,0.086753,0.94,0.911,,0.078999,hst,0.807,1.032,0.782,1.032,1.0,3.8969112366871195e-16,mix,399,6.134,2677,hst,1,4.27,native,0,0.0,0.5
add32,4960,19848,8,0.25,19,False,400,256,0.082054,0.078668,0.299358,0.263,0.274,1.0,0.10322,0.087753,0.935,0.896,,0.078668,hst,0.795,1.043,0.762,1.043,1.0,1.440904858629578e-16,mix,399,5.839,2753,hst,1,4.341,native,0,0.0,0.5
add32,4960,19848,8,0.25,20,False,400,256,0.081044,0.08481,0.300596,0.282,0.27,1.0,0.100494,0.08584,0.944,0.944,,0.081044,delta_baseline,0.806,1.0,0.806,1.0,1.046,1.9189147112235067e-16,mix,399,1.709,2731,hst,1,4.209,native,0,0.0,0.5
add32,4960,19848,8,0.25,21,False,400,256,0.081366,0.078446,0.296076,0.265,0.275,1.0,0.100994,0.086401,0.942,0.908,,0.078446,hst,0.806,1.037,0.777,1.037,1.0,2.4073268406156015e-16,mix,399,4.486,2858,hst,1,4.225,native,0,0.0,0.5
epb2,25228,175027,8,0.01,17,False,400,256,0.133585,0.102341,0.136626,0.749,0.978,1.0,0.132999,0.108887,1.227,0.94,214,0.102341,hst,1.004,1.305,0.769,1.305,1.0,1.2653601002823704e-16,mix,399,4.23,4808,hst,1,5.285,native,0,0.0,0.5
epb2,25228,175027,8,0.01,18,False,400,256,0.106342,0.09838,0.128462,0.766,0.828,1.0,0.120856,0.104942,1.013,0.937,3352,0.09838,hst,0.88,1.081,0.814,1.081,1.0,1.0817377525460358e-16,mix,399,4.5,4882,hst,1,4.692,native,0,0.0,0.5
epb2,25228,175027,8,0.01,19,False,400,256,0.106379,0.100371,0.130639,0.768,0.814,1.0,0.123165,0.107871,0.986,0.93,,0.100371,hst,0.864,1.06,0.815,1.06,1.0,1.2261168325020086e-16,mix,399,3.856,4861,hst,1,4.63,native,0,0.0,0.5
epb2,25228,175027,8,0.01,20,False,400,256,0.105966,0.100957,0.129151,0.782,0.82,1.0,0.12474,0.108528,0.976,0.93,,0.100957,hst,0.849,1.05,0.809,1.05,1.0,1.2651934239081537e-16,mix,399,4.348,4846,hst,1,4.816,native,0,0.0,0.5
epb2,25228,175027,8,0.01,21,False,400,256,0.107401,0.101576,0.13209,0.769,0.813,1.0,0.127292,0.111248,0.965,0.913,,0.101576,hst,0.844,1.057,0.798,1.057,1.0,1.711511604198709e-16,mix,399,4.586,4915,hst,1,4.8,native,0,0.0,0.5
epb2,25228,175027,8,0.25,17,False,400,256,0.117225,0.127263,0.405744,0.314,0.289,1.0,0.151895,0.130657,0.897,0.897,,0.117225,delta_baseline,0.772,1.0,0.772,1.0,1.086,1.2653601002823704e-16,mix,399,3.579,4123,hst,1,7.016,native,0,0.0,0.5
epb2,25228,175027,8,0.25,18,False,400,256,0.118045,0.121298,0.405255,0.299,0.291,1.0,0.151101,0.130716,0.903,0.903,,0.118045,delta_baseline,0.781,1.0,0.781,1.0,1.028,1.0817377525460358e-16,mix,399,1.832,4053,hst,1,6.89,native,0,0.0,0.5
epb2,25228,175027,8,0.25,19,False,400,256,0.117876,0.121849,0.406311,0.3,0.29,1.0,0.14496,0.12469,0.945,0.945,,0.117876,delta_baseline,0.813,1.0,0.813,1.0,1.034,1.2261168325020086e-16,mix,399,1.0,4105,delta_baseline,0,6.975,native,0,0.0,0.5
epb2,25228,175027,8,0.25,20,False,400,256,0.117421,0.122299,0.409003,0.299,0.287,1.0,0.144163,0.124196,0.945,0.945,,0.117421,delta_baseline,0.815,1.0,0.815,1.0,1.042,1.2651934239081537e-16,mix,399,2.971,4003,delta_baseline,0,6.94,native,0,0.0,0.5
epb2,25228,175027,8,0.25,21,False,400,256,0.120507,0.122808,0.411657,0.298,0.293,1.0,0.147524,0.127296,0.947,0.947,,0.120507,delta_baseline,0.817,1.0,0.817,1.0,1.019,1.711511604198709e-16,mix,399,1.0,4266,delta_baseline,0,6.899,native,0,0.0,0.5
rajat03,7602,32653,8,0.01,17,False,400,256,0.078607,0.075497,0.112758,0.67,0.697,1.0,0.098579,0.084593,0.929,0.892,,0.075497,hst,0.797,1.041,0.766,1.041,1.0,1.5389215321852664e-16,mix,399,2.046,4030,hst,1,3.552,native,0,0.0,0.5
rajat03,7602,32653,8,0.01,18,False,400,256,0.075778,0.073151,0.107803,0.679,0.703,1.0,0.094444,0.081737,0.927,0.895,,0.073151,hst,0.802,1.036,0.775,1.036,1.0,1.5443765292083486e-16,mix,398,3.337,4221,hst,1,3.446,native,0,0.0,0.5
rajat03,7602,32653,8,0.01,19,False,400,256,0.073915,0.073348,0.109806,0.668,0.673,1.0,0.095051,0.083239,0.888,0.881,,0.073348,hst,0.778,1.008,0.772,1.008,1.0,1.5991248545154193e-16,mix,398,2.201,4059,hst,1,3.279,native,0,0.0,0.5
rajat03,7602,32653,8,0.01,20,False,400,256,0.085124,0.073034,0.109864,0.665,0.775,1.0,0.096621,0.083935,1.014,0.87,2995,0.073034,hst,0.881,1.166,0.756,1.166,1.0,1.538921533552159e-16,mix,399,2.683,4243,hst,1,3.561,native,0,0.0,0.5
rajat03,7602,32653,8,0.01,21,False,400,256,0.073311,0.073362,0.111579,0.657,0.657,1.0,0.09562,0.083294,0.88,0.88,,0.073311,delta_baseline,0.767,1.0,0.767,1.0,1.001,1.5389215543573844e-16,mix,398,2.888,4151,hst,1,3.351,native,0,0.0,0.5
rajat03,7602,32653,8,0.25,17,False,400,256,0.075809,0.09021,0.427329,0.211,0.177,1.0,0.097014,0.080624,0.94,0.94,,0.075809,delta_baseline,0.781,1.0,0.781,1.0,1.19,1.5389215321852664e-16,mix,399,3.443,3844,delta_baseline,0,4.977,native,0,0.0,0.5
rajat03,7602,32653,8,0.25,18,False,400,256,0.077817,0.09064,0.424171,0.214,0.183,1.0,0.098025,0.082007,0.949,0.949,,0.077817,delta_baseline,0.794,1.0,0.794,1.0,1.165,1.5443765292083486e-16,mix,399,2.509,3778,delta_baseline,0,4.761,native,0,0.0,0.5
rajat03,7602,32653,8,0.25,19,False,400,256,0.077525,0.091264,0.428641,0.213,0.181,1.0,0.098054,0.082697,0.937,0.937,,0.077525,delta_baseline,0.791,1.0,0.791,1.0,1.177,1.5991248545154193e-16,mix,399,6.769,3867,delta_baseline,0,4.789,native,0,0.0,0.5
rajat03,7602,32653,8,0.25,20,False,400,256,0.077337,0.090085,0.43336,0.208,0.178,1.0,0.098342,0.082007,0.943,0.943,,0.077337,delta_baseline,0.786,1.0,0.786,1.0,1.165,1.538921533552159e-16,mix,399,4.735,3968,delta_baseline,0,4.829,native,0,0.0,0.5
rajat03,7602,32653,8,0.25,21,False,400,256,0.078915,0.090878,0.424128,0.214,0.186,1.0,0.100538,0.084859,0.93,0.93,,0.078915,delta_baseline,0.785,1.0,0.785,1.0,1.152,1.5389215543573844e-16,mix,399,6.015,3671,delta_baseline,0,4.793,native,0,0.0,0.5
wang3,26064,177168,8,0.01,17,False,400,256,0.106031,0.114932,0.180974,0.635,0.586,1.0,0.133863,0.116527,0.91,0.91,,0.106031,delta_baseline,0.792,1.0,0.792,1.0,1.084,1.1305705384438466e-16,mix,399,5.142,7983,hst,1,5.461,native,0,0.0,0.5
wang3,26064,177168,8,0.01,18,False,400,256,0.104747,0.112421,0.176046,0.639,0.595,1.0,0.134379,0.117666,0.89,0.89,,0.104747,delta_baseline,0.779,1.0,0.779,1.0,1.073,2.415345571415648e-16,mix,399,5.608,8368,hst,1,5.349,native,0,0.0,0.5
wang3,26064,177168,8,0.01,19,False,400,256,0.10452,0.112392,0.180503,0.623,0.579,1.0,0.136665,0.119958,0.871,0.871,,0.10452,delta_baseline,0.765,1.0,0.765,1.0,1.075,1.1119305929315413e-16,mix,399,5.116,8007,hst,1,5.356,native,0,0.0,0.5
wang3,26064,177168,8,0.01,20,False,400,256,0.105348,0.114285,0.182581,0.626,0.577,1.0,0.138058,0.120782,0.872,0.872,,0.105348,delta_baseline,0.763,1.0,0.763,1.0,1.085,2.3978588170819393e-16,mix,399,4.436,8275,hst,1,5.559,native,0,0.0,0.5
wang3,26064,177168,8,0.01,21,False,400,256,0.105241,0.115754,0.182843,0.633,0.576,1.0,0.140903,0.124027,0.849,0.849,,0.105241,delta_baseline,0.747,1.0,0.747,1.0,1.1,1.1305705384438466e-16,mix,399,5.182,8335,hst,1,5.601,native,0,0.0,0.5
wang3,26064,177168,8,0.25,17,False,400,256,0.107788,0.145754,0.651152,0.224,0.166,1.0,0.135481,0.112528,0.958,0.958,,0.107788,delta_baseline,0.796,1.0,0.796,1.0,1.352,1.1305705384438466e-16,mix,399,4.542,7015,delta_baseline,0,7.742,native,0,0.0,0.5
wang3,26064,177168,8,0.25,18,False,400,256,0.106558,0.141303,0.64336,0.22,0.166,1.0,0.135936,0.113036,0.943,0.943,,0.106558,delta_baseline,0.784,1.0,0.784,1.0,1.326,2.415345571415648e-16,mix,399,6.185,7034,delta_baseline,0,7.686,native,0,0.0,0.5
wang3,26064,177168,8,0.25,19,False,400,256,0.106407,0.141307,0.647167,0.218,0.164,1.0,0.135993,0.112999,0.942,0.942,,0.106407,delta_baseline,0.782,1.0,0.782,1.0,1.328,1.1119305929315413e-16,mix,399,3.002,6913,delta_baseline,0,7.768,native,0,0.0,0.5
wang3,26064,177168,8,0.25,20,False,400,256,0.106414,0.141146,0.65059,0.217,0.164,1.0,0.136882,0.1133,0.939,0.939,,0.106414,delta_baseline,0.777,1.0,0.777,1.0,1.326,2.3978588170819393e-16,mix,399,2.92,7053,delta_baseline,0,7.929,native,0,0.0,0.5
wang3,26064,177168,8,0.25,21,False,400,256,0.106768,0.142184,0.651588,0.218,0.164,1.0,0.135649,0.112671,0.948,0.948,,0.106768,delta_baseline,0.787,1.0,0.787,1.0,1.332,1.1305705384438466e-16,mix,399,4.555,7179,delta_baseline,0,7.746,native,0,0.0,0.5
scircuit,170998,958936,8,0.01,17,False,400,256,0.148015,0.191483,0.201618,0.95,0.734,1.0,0.241857,0.167542,0.883,0.883,,0.148015,delta_baseline,0.612,1.0,0.612,1.0,1.294,2.6050372849850016e-16,mix,399,6.283,6664,hst,1,25.571,native,0,0.0,0.5
scircuit,170998,958936,8,0.01,18,False,400,256,0.116525,0.149304,0.171327,0.871,0.68,1.0,0.223866,0.162035,0.719,0.719,,0.116525,delta_baseline,0.521,1.0,0.521,1.0,1.281,2.0386846321125864e-16,mix,399,6.519,6542,hst,1,24.659,native,0,0.0,0.5
scircuit,170998,958936,8,0.01,19,False,400,256,0.162873,0.172833,0.215475,0.802,0.756,1.0,0.256307,0.182091,0.894,0.894,,0.162873,delta_baseline,0.635,1.0,0.635,1.0,1.061,1.8803246323926756e-16,mix,399,5.366,6746,hst,1,27.542,native,0,0.0,0.5
scircuit,170998,958936,8,0.01,20,False,400,256,0.119585,0.155937,0.176007,0.886,0.679,1.0,0.231517,0.168643,0.709,0.709,,0.119585,delta_baseline,0.517,1.0,0.517,1.0,1.304,2.757259758035496e-16,mix,399,5.725,7099,hst,1,25.423,native,0,0.0,0.5
scircuit,170998,958936,8,0.01,21,False,400,256,0.168326,0.173498,0.209438,0.828,0.804,1.0,0.257104,0.18119,0.929,0.929,,0.168326,delta_baseline,0.655,1.0,0.655,1.0,1.031,5.194813152189734e-16,mix,399,5.352,7347,hst,1,27.642,native,0,0.0,0.5
scircuit,170998,958936,8,0.25,17,False,400,256,0.144145,0.26961,0.695775,0.387,0.207,1.0,0.232718,0.15561,0.926,0.926,,0.144145,delta_baseline,0.619,1.0,0.619,1.0,1.87,2.6050372849850016e-16,mix,399,4.461,6807,delta_baseline,0,29.494,native,0,0.0,0.5
scircuit,170998,958936,8,0.25,18,False,400,256,0.145066,0.251805,0.695259,0.362,0.209,1.0,0.248115,0.17225,0.842,0.842,,0.145066,delta_baseline,0.585,1.0,0.585,1.0,1.736,2.0386846321125864e-16,mix,399,1.0,6259,delta_baseline,0,30.158,native,0,0.0,0.5
scircuit,170998,958936,8,0.25,19,False,400,256,0.149188,0.236872,0.700907,0.338,0.213,1.0,0.243376,0.161332,0.925,0.925,,0.149188,delta_baseline,0.613,1.0,0.613,1.0,1.588,1.8803246323926756e-16,mix,399,6.096,6142,delta_baseline,0,31.074,native,0,0.0,0.5
scircuit,170998,958936,8,0.25,20,False,400,256,0.14504,0.231084,0.690847,0.334,0.21,1.0,0.250478,0.172901,0.839,0.839,,0.14504,delta_baseline,0.579,1.0,0.579,1.0,1.593,2.757259758035496e-16,mix,399,6.228,5857,delta_baseline,0,30.747,native,0,0.0,0.5
scircuit,170998,958936,8,0.25,21,False,400,256,0.149223,0.227753,0.70066,0.325,0.213,1.0,0.244209,0.161847,0.922,0.922,,0.149223,delta_baseline,0.611,1.0,0.611,1.0,1.526,5.194813152189734e-16,mix,399,2.153,5498,delta_baseline,0,31.44,native,0,0.0,0.5
bcspwr09,1723,6511,8,0.01,17,False,400,256,0.081909,0.057057,0.068126,0.838,1.202,1.0,0.074141,0.059813,1.369,0.954,137,0.057057,hst,1.105,1.436,0.77,1.436,1.0,3.3992994908668667e-16,mix,357,3.673,1655,hst,1,3.033,native,0,0.0,0.5
bcspwr09,1723,6511,8,0.01,18,False,400,256,0.082041,0.053598,0.064374,0.833,1.274,1.0,0.072993,0.059851,1.371,0.896,135,0.053598,hst,1.124,1.531,0.734,1.531,1.0,1.860896069197576e-16,mix,357,3.662,1654,hst,1,2.989,native,0,0.0,0.5
bcspwr09,1723,6511,8,0.01,19,False,400,256,0.079001,0.052517,0.065348,0.804,1.209,1.0,0.071549,0.058499,1.35,0.898,143,0.052517,hst,1.104,1.504,0.734,1.504,1.0,1.4472386138826977e-16,mix,352,3.5,1651,hst,1,2.935,native,0,0.0,0.5
bcspwr09,1723,6511,8,0.01,20,False,400,256,0.078774,0.053273,0.064736,0.823,1.217,1.0,0.072835,0.059336,1.328,0.898,156,0.053273,hst,1.082,1.479,0.731,1.479,1.0,4.2716015826531054e-16,mix,368,3.721,1607,hst,1,3.032,native,0,0.0,0.5
bcspwr09,1723,6511,8,0.01,21,False,400,256,0.080077,0.052978,0.066239,0.8,1.209,1.0,0.073356,0.059857,1.338,0.885,150,0.052978,hst,1.092,1.512,0.722,1.512,1.0,9.609496773994548e-17,mix,357,3.756,1639,hst,1,3.029,native,0,0.0,0.5
bcspwr09,1723,6511,8,0.25,17,False,400,256,0.085413,0.063343,0.212733,0.298,0.402,1.0,0.083558,0.069518,1.229,0.911,213,0.063343,hst,1.022,1.348,0.758,1.348,1.0,3.3992994908668667e-16,mix,399,1.0,1640,hst,1,3.385,native,0,0.0,0.5
bcspwr09,1723,6511,8,0.25,18,False,400,256,0.08617,0.062595,0.213683,0.293,0.403,1.0,0.082855,0.068802,1.252,0.91,190,0.062595,hst,1.04,1.377,0.755,1.377,1.0,1.860896069197576e-16,mix,399,3.747,1628,hst,1,3.301,native,0,0.0,0.5
bcspwr09,1723,6511,8,0.25,19,False,400,256,0.085472,0.062352,0.2122,0.294,0.403,1.0,0.083316,0.069032,1.238,0.903,208,0.062352,hst,1.026,1.371,0.748,1.371,1.0,1.4472386138826977e-16,mix,399,3.275,1631,hst,1,3.42,native,0,0.0,0.5
bcspwr09,1723,6511,8,0.25,20,False,400,256,0.085028,0.062569,0.213609,0.293,0.398,1.0,0.085066,0.069966,1.215,0.894,237,0.062569,hst,1.0,1.359,0.736,1.359,1.0,4.2716015826531054e-16,mix,399,2.68,1641,hst,1,3.577,native,0,0.0,0.5
bcspwr09,1723,6511,8,0.25,21,False,400,256,0.085659,0.062517,0.212215,0.295,0.404,1.0,0.083099,0.069324,1.236,0.902,205,0.062517,hst,1.031,1.37,0.752,1.37,1.0,9.609496773994548e-17,mix,399,2.974,1655,hst,1,3.35,native,0,0.0,0.5
bcspwr10,5300,21842,8,0.01,17,False,400,256,0.121937,0.133465,0.202922,0.658,0.601,1.0,0.16619,0.143145,0.852,0.852,,0.121937,delta_baseline,0.734,1.0,0.734,1.0,1.095,1.871280638170483e-16,mix,399,5.521,3997,hst,1,6.656,native,0,0.0,0.5
bcspwr10,5300,21842,8,0.01,18,False,400,256,0.123099,0.129966,0.205974,0.631,0.598,1.0,0.167785,0.143964,0.855,0.855,,0.123099,delta_baseline,0.734,1.0,0.734,1.0,1.056,3.513861746800697e-16,mix,399,5.545,3981,hst,1,6.796,native,0,0.0,0.5
bcspwr10,5300,21842,8,0.01,19,False,400,256,0.12176,0.138481,0.20362,0.68,0.598,1.0,0.169442,0.145159,0.839,0.839,,0.12176,delta_baseline,0.719,1.0,0.719,1.0,1.137,2.258919437555397e-16,mix,399,5.49,3911,hst,1,6.924,native,0,0.0,0.5
bcspwr10,5300,21842,8,0.01,20,False,400,256,0.118587,0.129046,0.20109,0.642,0.59,1.0,0.165129,0.1429,0.83,0.83,,0.118587,delta_baseline,0.718,1.0,0.718,1.0,1.088,1.5260920413345594e-16,mix,399,5.935,3977,hst,1,6.409,native,0,0.0,0.5
bcspwr10,5300,21842,8,0.01,21,False,400,256,0.11931,0.128064,0.201207,0.636,0.593,1.0,0.167192,0.143993,0.829,0.829,,0.11931,delta_baseline,0.714,1.0,0.714,1.0,1.073,3.1586084160755566e-16,mix,399,5.795,3960,hst,1,6.736,native,0,0.0,0.5
bcspwr10,5300,21842,8,0.25,17,False,400,256,0.126856,0.143201,0.733895,0.195,0.173,1.0,0.163131,0.137756,0.921,0.921,,0.126856,delta_baseline,0.778,1.0,0.778,1.0,1.129,1.871280638170483e-16,mix,399,1.91,4016,delta_baseline,0,7.168,native,0,0.0,0.5
bcspwr10,5300,21842,8,0.25,18,False,400,256,0.127374,0.138655,0.732907,0.189,0.174,1.0,0.163065,0.136332,0.934,0.934,,0.127374,delta_baseline,0.781,1.0,0.781,1.0,1.089,3.513861746800697e-16,mix,399,6.226,3969,delta_baseline,0,7.376,native,0,0.0,0.5
bcspwr10,5300,21842,8,0.25,19,False,400,256,0.127182,0.1464,0.734478,0.199,0.173,1.0,0.163485,0.136974,0.929,0.929,,0.127182,delta_baseline,0.778,1.0,0.778,1.0,1.151,2.258919437555397e-16,mix,399,2.395,3901,delta_baseline,0,7.488,native,0,0.0,0.5
bcspwr10,5300,21842,8,0.25,20,False,400,256,0.125046,0.147859,0.732203,0.202,0.171,1.0,0.160885,0.135311,0.924,0.924,,0.125046,delta_baseline,0.777,1.0,0.777,1.0,1.182,1.5260920413345594e-16,mix,399,1.0,3929,delta_baseline,0,7.325,native,0,0.0,0.5
bcspwr10,5300,21842,8,0.25,21,False,400,256,0.127128,0.142335,0.73968,0.192,0.172,1.0,0.163817,0.13826,0.919,0.919,,0.127128,delta_baseline,0.776,1.0,0.776,1.0,1.12,3.1586084160755566e-16,mix,399,5.832,3932,delta_baseline,0,7.482,native,0,0.0,0.5
TSOPF_RS_b39_c30,60098,1079986,8,0.01,17,False,400,256,14.314359,0.538108,1.051439,0.512,13.614,1.0,0.80072,0.528417,27.089,1.018,1,0.538108,hst,17.877,26.601,0.672,26.601,1.0,1.3924108160288588e-16,mix,399,2.432,33509,hst,1,8.257,native,0,0.0,0.75
TSOPF_RS_b39_c30,60098,1079986,8,0.01,18,False,400,256,14.438185,0.520686,1.028804,0.506,14.034,1.0,0.797642,0.52517,27.492,0.991,1,0.520686,hst,18.101,27.729,0.653,27.729,1.0,1.3924108160288588e-16,mix,399,2.437,33720,hst,1,8.403,native,0,0.0,0.75
TSOPF_RS_b39_c30,60098,1079986,8,0.01,19,False,400,256,14.615563,0.523888,0.960351,0.546,15.219,1.0,0.800332,0.529424,27.607,0.99,1,0.523888,hst,18.262,27.898,0.655,27.898,1.0,1.3924108160288588e-16,mix,399,2.455,33610,hst,1,8.553,native,0,0.0,0.75
TSOPF_RS_b39_c30,60098,1079986,8,0.01,20,False,400,256,14.394253,0.536319,0.966864,0.555,14.888,1.0,0.810149,0.541314,26.591,0.991,1,0.536319,hst,17.767,26.839,0.662,26.839,1.0,1.3924108160288588e-16,mix,399,2.487,33419,hst,1,8.221,native,0,0.0,0.75
TSOPF_RS_b39_c30,60098,1079986,8,0.01,21,False,400,138,5.104004,0.396173,0.760221,0.521,6.714,1.0,0.683483,0.413901,12.331,0.957,2,0.396173,hst,7.468,12.883,0.58,12.883,1.0,1.3924108160288588e-16,mix,399,6.452,32329,hst,1,7.936,native,0,0.0,0.75
TSOPF_RS_b39_c30,60098,1079986,8,0.25,17,False,400,256,14.581269,0.612626,1.837804,0.333,7.934,1.0,0.85475,0.594903,24.51,1.03,1,0.612626,hst,17.059,23.801,0.717,23.801,1.0,1.3924108160288588e-16,mix,399,5.49,33479,hst,1,8.575,native,0,0.0,0.75
TSOPF_RS_b39_c30,60098,1079986,8,0.25,18,False,400,256,14.526184,0.58946,1.841014,0.32,7.89,1.0,0.85006,0.596548,24.35,0.988,1,0.58946,hst,17.088,24.643,0.693,24.643,1.0,1.3924108160288588e-16,mix,399,5.426,33467,hst,1,8.365,native,0,0.0,0.75
TSOPF_RS_b39_c30,60098,1079986,8,0.25,19,False,400,256,14.51353,0.590498,1.85272,0.319,7.834,1.0,0.870756,0.598702,24.242,0.986,1,0.590498,hst,16.668,24.578,0.678,24.578,1.0,1.3924108160288588e-16,mix,399,5.465,33288,hst,1,8.992,native,0,0.0,0.75
TSOPF_RS_b39_c30,60098,1079986,8,0.25,20,False,400,256,14.433933,0.590534,1.859998,0.317,7.76,1.0,0.87335,0.598374,24.122,0.987,1,0.590534,hst,16.527,24.442,0.676,24.442,1.0,1.3924108160288588e-16,mix,399,5.407,33228,hst,1,9.157,native,0,0.0,0.75
TSOPF_RS_b39_c30,60098,1079986,8,0.25,21,False,400,138,13.745869,0.513028,1.603771,0.32,8.571,1.0,0.746998,0.520198,26.424,0.986,1,0.513028,hst,18.401,26.794,0.687,26.794,1.0,1.3924108160288588e-16,mix,399,5.178,31868,hst,1,7.446,native,0,0.0,0.75
TSOPF_RS_b162_c3,15374,610299,8,0.01,17,False,400,256,8.193236,0.361914,0.523125,0.692,15.662,1.0,0.520995,0.362757,22.586,0.998,1,0.361914,hst,15.726,22.639,0.695,22.639,1.0,1.2582477660838618e-16,mix,399,3.038,10392,hst,1,4.427,native,0,0.0,0.75
TSOPF_RS_b162_c3,15374,610299,8,0.01,18,False,400,256,8.171817,0.358827,0.527629,0.68,15.488,1.0,0.523698,0.36585,22.337,0.981,1,0.358827,hst,15.604,22.774,0.685,22.774,1.0,1.2582477660838618e-16,mix,399,2.949,10499,hst,1,4.478,native,0,0.0,0.75
TSOPF_RS_b162_c3,15374,610299,8,0.01,19,False,400,256,8.644836,0.357274,0.548534,0.651,15.76,1.0,0.521953,0.365185,23.672,0.978,1,0.357274,hst,16.562,24.197,0.684,24.197,1.0,1.2582477660838618e-16,mix,399,3.105,10411,hst,1,4.445,native,0,0.0,0.75
TSOPF_RS_b162_c3,15374,610299,8,0.01,20,False,400,256,8.633083,0.365763,0.512502,0.714,16.845,1.0,0.532906,0.373674,23.103,0.979,1,0.365763,hst,16.2,23.603,0.686,23.603,1.0,1.2582477660838618e-16,mix,399,3.035,10551,hst,1,4.571,native,0,0.0,0.75
TSOPF_RS_b162_c3,15374,610299,8,0.01,21,False,400,256,8.404191,0.363129,0.549,0.661,15.308,1.0,0.532796,0.372925,22.536,0.974,1,0.363129,hst,15.774,23.144,0.682,23.144,1.0,1.172605067740121e-16,mix,399,2.975,10685,hst,1,4.417,native,0,0.0,0.75
TSOPF_RS_b162_c3,15374,610299,8,0.25,17,False,400,256,8.672864,0.4026,1.244248,0.324,6.97,1.0,0.563042,0.406778,21.321,0.99,1,0.4026,hst,15.404,21.542,0.715,21.542,1.0,1.2582477660838618e-16,mix,399,2.974,10336,hst,1,4.882,native,0,0.0,0.75
TSOPF_RS_b162_c3,15374,610299,8,0.25,18,False,400,256,8.813571,0.400775,1.227945,0.326,7.177,1.0,0.551385,0.405766,21.721,0.988,1,0.400775,hst,15.984,21.991,0.727,21.991,1.0,1.2582477660838618e-16,mix,399,2.589,10423,hst,1,4.552,native,0,0.0,0.75
TSOPF_RS_b162_c3,15374,610299,8,0.25,19,False,400,256,8.760277,0.400775,1.247124,0.321,7.024,1.0,0.570147,0.407652,21.49,0.983,1,0.400775,hst,15.365,21.858,0.703,21.858,1.0,1.2582477660838618e-16,mix,399,2.278,10385,hst,1,4.984,native,0,0.0,0.75
TSOPF_RS_b162_c3,15374,610299,8,0.25,20,False,400,256,8.754961,0.421551,1.25963,0.335,6.95,1.0,0.566619,0.405118,21.611,1.041,1,0.421551,hst,15.451,20.768,0.744,20.768,1.0,1.2582477660838618e-16,mix,399,2.486,10410,hst,1,4.868,native,0,0.0,0.75
TSOPF_RS_b162_c3,15374,610299,8,0.25,21,False,400,256,8.835611,0.400606,1.217271,0.329,7.259,1.0,0.569041,0.406105,21.757,0.986,1,0.400606,hst,15.527,22.056,0.704,22.056,1.0,1.172605067740121e-16,mix,399,2.592,10323,hst,1,4.933,native,0,0.0,0.75
TSOPF_RS_b300_c1,14538,1474325,8,0.01,17,False,400,256,11.165185,0.657377,1.142242,0.576,9.775,1.0,1.035284,0.63949,17.46,1.028,1,0.657377,hst,10.785,16.984,0.635,16.984,1.0,1.1112960972222602e-16,mix,399,4.655,9931,hst,1,9.651,native,0,0.0,0.75
TSOPF_RS_b300_c1,14538,1474325,8,0.01,18,False,400,256,11.444635,0.628224,1.131863,0.555,10.111,1.0,1.03136,0.621824,18.405,1.01,1,0.628224,hst,11.097,18.217,0.609,18.217,1.0,1.1112960972222602e-16,mix,399,4.061,9904,hst,1,9.948,native,0,0.0,0.75
TSOPF_RS_b300_c1,14538,1474325,8,0.01,19,False,400,256,11.496549,0.647946,1.179991,0.549,9.743,1.0,1.036256,0.644233,17.845,1.006,1,0.647946,hst,11.094,17.743,0.625,17.743,1.0,1.1112960972222602e-16,mix,399,3.332,9896,hst,1,9.461,native,0,0.0,0.75
TSOPF_RS_b300_c1,14538,1474325,8,0.01,20,False,400,256,12.343663,0.675137,1.159258,0.582,10.648,1.0,1.08813,0.682174,18.095,0.99,1,0.675137,hst,11.344,18.283,0.62,18.283,1.0,1.1112960972222602e-16,mix,399,3.744,9913,hst,1,9.916,native,0,0.0,0.75
TSOPF_RS_b300_c1,14538,1474325,8,0.01,21,False,400,256,11.271025,0.644601,1.157933,0.557,9.734,1.0,1.073664,0.66405,16.973,0.971,1,0.644601,hst,10.498,17.485,0.6,17.485,1.0,1.4073755446586306e-16,mix,399,4.564,9855,hst,1,9.874,native,0,0.0,0.75
TSOPF_RS_b300_c1,14538,1474325,8,0.25,17,False,400,256,14.942833,0.700561,2.547797,0.275,5.865,1.0,1.018893,0.718741,20.79,0.975,1,0.700561,hst,14.666,21.33,0.688,21.33,1.0,1.1112960972222602e-16,mix,399,2.928,9995,hst,1,8.421,native,0,0.0,0.75
TSOPF_RS_b300_c1,14538,1474325,8,0.25,18,False,400,256,15.670425,0.718372,2.596364,0.277,6.036,1.0,0.964309,0.724891,21.618,0.991,0,0.718372,hst,16.25,21.814,0.745,21.814,1.0,1.1112960972222602e-16,mix,399,3.175,9777,hst,1,6.585,native,0,0.0,0.75
TSOPF_RS_b300_c1,14538,1474325,8,0.25,19,False,400,256,15.482256,0.723405,2.557519,0.283,6.054,1.0,1.03093,0.726413,21.313,0.996,1,0.723405,hst,15.018,21.402,0.702,21.402,1.0,1.1112960972222602e-16,mix,399,3.654,9889,hst,1,8.872,native,0,0.0,0.75
TSOPF_RS_b300_c1,14538,1474325,8,0.25,20,False,400,256,15.204837,0.711014,2.601499,0.273,5.845,1.0,0.999725,0.719653,21.128,0.988,1,0.711014,hst,15.209,21.385,0.711,21.385,1.0,1.1112960972222602e-16,mix,399,3.812,9760,hst,1,7.978,native,0,0.0,0.75
TSOPF_RS_b300_c1,14538,1474325,8,0.25,21,False,400,256,15.644759,0.712583,2.612577,0.273,5.988,1.0,1.047465,0.733474,21.33,0.972,1,0.712583,hst,14.936,21.955,0.68,21.955,1.0,1.4073755446586306e-16,mix,399,2.943,9773,hst,1,8.543,native,0,0.0,0.75
nasa2910,2910,174296,8,0.01,17,False,400,256,0.876209,0.186077,0.234064,0.795,3.743,1.0,0.202735,0.192831,4.544,0.965,1,0.186077,hst,4.322,4.709,0.918,4.709,1.0,2.8038709295888876e-16,mix,396,3.636,2909,hst,1,0.898,native,0,0.0,0.75
nasa2910,2910,174296,8,0.01,18,False,400,256,0.848987,0.170343,0.2251,0.757,3.772,1.0,0.190863,0.182682,4.647,0.932,1,0.170343,hst,4.448,4.984,0.892,4.984,1.0,3.799423773445064e-16,mix,391,3.48,2900,hst,1,0.803,native,0,0.0,0.75
nasa2910,2910,174296,8,0.01,19,False,400,256,0.881856,0.177549,0.232801,0.763,3.788,1.0,0.200279,0.189985,4.642,0.935,1,0.177549,hst,4.403,4.967,0.887,4.967,1.0,3.9854920332226225e-16,mix,394,3.444,2910,hst,1,0.885,native,0,0.0,0.75
nasa2910,2910,174296,8,0.01,20,False,400,256,0.874881,0.172392,0.212044,0.813,4.126,1.0,0.193862,0.185599,4.714,0.929,1,0.172392,hst,4.513,5.075,0.889,5.075,1.0,3.799423773445064e-16,mix,389,3.172,2910,hst,1,0.83,native,0,0.0,0.75
nasa2910,2910,174296,8,0.01,21,False,400,256,0.851941,0.169331,0.214026,0.791,3.981,1.0,0.18894,0.180994,4.707,0.936,1,0.169331,hst,4.509,5.031,0.896,5.031,1.0,3.170894107257953e-16,mix,394,3.288,2908,hst,1,0.763,native,0,0.0,0.75
nasa2910,2910,174296,8,0.25,17,False,400,256,0.79686,0.19093,0.987191,0.193,0.807,1.0,0.211962,0.19545,4.077,0.977,2,0.19093,hst,3.759,4.174,0.901,4.174,1.0,2.8038709295888876e-16,mix,399,5.014,2908,hst,1,1.405,native,0,0.0,0.75
nasa2910,2910,174296,8,0.25,18,False,400,256,0.800616,0.191879,1.000638,0.192,0.8,1.0,0.211377,0.195884,4.087,0.98,2,0.191879,hst,3.788,4.173,0.908,4.173,1.0,3.799423773445064e-16,mix,399,5.333,2910,hst,1,1.374,native,0,0.0,0.75
nasa2910,2910,174296,8,0.25,19,False,400,256,0.799743,0.190018,0.983023,0.193,0.814,1.0,0.212665,0.196109,4.078,0.969,2,0.190018,hst,3.761,4.209,0.894,4.209,1.0,3.9854920332226225e-16,mix,399,4.807,2888,hst,1,1.399,native,0,0.0,0.75
nasa2910,2910,174296,8,0.25,20,False,400,256,0.794983,0.190768,0.995103,0.192,0.799,1.0,0.277958,0.204061,3.896,0.935,15,0.190768,hst,2.86,4.167,0.686,4.167,1.0,3.799423773445064e-16,mix,399,4.782,2910,hst,1,8.839,native,0,0.0,0.75
nasa2910,2910,174296,8,0.25,21,False,400,256,0.795627,0.189941,1.000292,0.19,0.795,1.0,0.279124,0.204707,3.887,0.928,16,0.189941,hst,2.85,4.189,0.68,4.189,1.0,3.170894107257953e-16,mix,399,4.73,2910,hst,1,9.169,native,0,0.0,0.75
raefsky3,21200,1488768,8,0.01,17,False,400,256,0.822348,0.214687,0.326023,0.659,2.522,1.0,0.224442,0.217071,3.788,0.989,2,0.214687,hst,3.664,3.83,0.957,3.83,1.0,4.21040283801125e-16,mix,399,2.561,10944,hst,1,1.006,native,0,0.0,0.75
raefsky3,21200,1488768,8,0.01,18,False,400,256,0.818173,0.209085,0.334757,0.625,2.444,1.0,0.229522,0.222804,3.672,0.938,2,0.209085,hst,3.565,3.913,0.911,3.913,1.0,3.542741100665178e-16,mix,399,2.783,11272,hst,1,0.964,native,0,0.0,0.75
raefsky3,21200,1488768,8,0.01,19,False,400,256,0.825414,0.218465,0.320481,0.682,2.576,1.0,0.225509,0.218484,3.778,1.0,2,0.218465,hst,3.66,3.778,0.969,3.778,1.0,2.936613481310225e-16,mix,399,1.974,11096,hst,1,0.957,native,0,0.0,0.75
raefsky3,21200,1488768,8,0.01,20,False,400,256,0.82243,0.211223,0.324445,0.651,2.535,1.0,0.229376,0.222367,3.699,0.95,2,0.211223,hst,3.586,3.894,0.921,3.894,1.0,4.654934124763125e-16,mix,399,2.204,11608,hst,1,0.999,native,0,0.0,0.75
raefsky3,21200,1488768,8,0.01,21,False,400,256,0.824278,0.209168,0.340762,0.614,2.419,1.0,0.228987,0.222386,3.707,0.941,2,0.209168,hst,3.6,3.941,0.913,3.941,1.0,3.205001438329397e-16,mix,399,2.368,11728,hst,1,0.963,native,0,0.0,0.75
raefsky3,21200,1488768,8,0.25,17,False,400,256,0.825552,0.272671,1.289944,0.211,0.64,1.0,0.351851,0.271738,3.038,1.003,23,0.272671,hst,2.346,3.028,0.775,3.028,1.0,4.21040283801125e-16,mix,399,1.0,10192,hst,1,12.559,native,0,0.0,0.75
raefsky3,21200,1488768,8,0.25,18,False,400,256,0.825275,0.253529,1.288155,0.197,0.641,1.0,0.350349,0.271539,3.039,0.934,22,0.253529,hst,2.356,3.255,0.724,3.255,1.0,3.542741100665178e-16,mix,399,1.0,10592,hst,1,12.343,native,0,0.0,0.75
raefsky3,21200,1488768,8,0.25,19,False,400,256,0.825199,0.253559,1.297273,0.195,0.636,1.0,0.348079,0.269066,3.067,0.942,22,0.253559,hst,2.371,3.254,0.728,3.254,1.0,2.936613481310225e-16,mix,399,1.658,10360,hst,1,12.421,native,0,0.0,0.75
raefsky3,21200,1488768,8,0.25,20,False,400,256,0.826517,0.252715,1.28448,0.197,0.643,1.0,0.350197,0.270521,3.055,0.934,22,0.252715,hst,2.36,3.271,0.722,3.271,1.0,4.654934124763125e-16,mix,399,2.227,9952,hst,1,12.493,native,0,0.0,0.75
raefsky3,21200,1488768,8,0.25,21,False,400,256,0.827221,0.252547,1.285281,0.196,0.644,1.0,0.348431,0.269075,3.074,0.939,22,0.252547,hst,2.374,3.276,0.725,3.276,1.0,3.205001438329397e-16,mix,399,2.299,9960,hst,1,12.484,native,0,0.0,0.75
case9,14454,147972,8,0.01,17,False,400,256,1.282485,0.136453,0.233492,0.584,5.493,1.0,0.160065,0.139485,9.194,0.978,1,0.136453,hst,8.012,9.399,0.852,9.399,1.0,1.8253563338087409e-16,mix,399,4.247,9369,hst,1,1.31,native,0,0.0,0.75
case9,14454,147972,8,0.01,18,False,400,256,1.271768,0.149831,0.248775,0.602,5.112,1.0,0.168355,0.146297,8.693,1.024,1,0.149831,hst,7.554,8.488,0.89,8.488,1.0,1.6384614607668743e-15,mix,399,4.385,9372,hst,1,1.402,native,0,0.0,0.75
case9,14454,147972,8,0.01,19,False,400,256,1.289477,0.13636,0.234409,0.582,5.501,1.0,0.161856,0.142522,9.048,0.957,1,0.13636,hst,7.967,9.456,0.842,9.456,1.0,1.8253563338087409e-16,mix,399,4.39,9324,hst,1,1.304,native,0,0.0,0.75
case9,14454,147972,8,0.01,20,False,400,256,1.262912,0.14439,0.24942,0.579,5.063,1.0,0.170705,0.149355,8.456,0.967,1,0.14439,hst,7.398,8.747,0.846,8.747,1.0,1.1571059044469956e-15,mix,399,4.54,9392,hst,1,1.383,native,0,0.0,0.75
case9,14454,147972,8,0.01,21,False,400,256,1.265721,0.141132,0.25455,0.554,4.972,1.0,0.169033,0.147625,8.574,0.956,1,0.141132,hst,7.488,8.968,0.835,8.968,1.0,1.4037033603327298e-15,mix,399,4.562,9387,hst,1,1.382,native,0,0.0,0.75
case9,14454,147972,8,0.25,17,False,400,256,1.210285,0.166789,0.6324,0.264,1.914,1.0,0.195306,0.171836,7.043,0.971,2,0.166789,hst,6.197,7.256,0.854,7.256,1.0,1.8253563338087409e-16,mix,399,1.684,9314,hst,1,1.642,native,0,0.0,0.75
case9,14454,147972,8,0.25,18,False,400,256,1.214956,0.166653,0.634121,0.263,1.916,1.0,0.194512,0.170367,7.131,0.978,2,0.166653,hst,6.246,7.29,0.857,7.29,1.0,1.6384614607668743e-15,mix,399,5.463,9272,hst,1,1.668,native,0,0.0,0.75
case9,14454,147972,8,0.25,19,False,400,256,1.215268,0.16518,0.629791,0.262,1.93,1.0,0.195234,0.171383,7.091,0.964,2,0.16518,hst,6.225,7.357,0.846,7.357,1.0,1.8253563338087409e-16,mix,399,6.113,9223,hst,1,1.648,native,0,0.0,0.75
case9,14454,147972,8,0.25,20,False,400,256,1.213037,0.165307,0.632325,0.261,1.918,1.0,0.195818,0.171079,7.091,0.966,2,0.165307,hst,6.195,7.338,0.844,7.338,1.0,1.1571059044469956e-15,mix,399,1.579,9294,hst,1,1.672,native,0,0.0,0.75
case9,14454,147972,8,0.25,21,False,400,256,1.209186,0.167026,0.625451,0.267,1.933,1.0,0.196953,0.171734,7.041,0.973,2,0.167026,hst,6.139,7.24,0.848,7.24,1.0,1.4037033603327298e-15,mix,399,5.665,9256,hst,1,1.721,native,0,0.0,0.75
msc10848,10848,1229776,8,0.01,17,False,400,256,1.61494,0.337994,0.56791,0.595,2.844,1.0,0.355004,0.337998,4.778,1.0,1,0.337994,hst,4.549,4.778,0.952,4.778,1.0,3.632031213502581e-16,mix,399,4.779,10533,hst,1,1.495,native,0,0.0,0.75
msc10848,10848,1229776,8,0.01,18,False,400,256,1.649217,0.332452,0.544788,0.61,3.027,1.0,0.359745,0.341586,4.828,0.973,1,0.332452,hst,4.584,4.961,0.924,4.961,1.0,6.160502327889403e-16,mix,399,4.9,10593,hst,1,1.458,native,0,0.0,0.75
msc10848,10848,1229776,8,0.01,19,False,400,256,1.708576,0.327495,0.565734,0.579,3.02,1.0,0.357669,0.340749,5.014,0.961,1,0.327495,hst,4.777,5.217,0.916,5.217,1.0,4.460432847857754e-16,mix,399,4.549,10509,hst,1,1.433,native,0,0.0,0.75
msc10848,10848,1229776,8,0.01,20,False,400,256,1.585839,0.32417,0.544407,0.595,2.913,1.0,0.358292,0.33979,4.667,0.954,1,0.32417,hst,4.426,4.892,0.905,4.892,1.0,3.2856469467467963e-16,mix,398,4.917,10365,hst,1,1.474,native,0,0.0,0.75
msc10848,10848,1229776,8,0.01,21,False,400,256,1.607065,0.315105,0.538212,0.585,2.986,1.0,0.349916,0.333998,4.812,0.943,1,0.315105,hst,4.593,5.1,0.901,5.1,1.0,5.305500907434564e-16,mix,399,4.74,10476,hst,1,1.48,native,0,0.0,0.75
msc10848,10848,1229776,8,0.25,17,False,400,256,1.550546,0.384778,3.108137,0.124,0.499,1.0,0.418771,0.390423,3.971,0.986,2,0.384778,hst,3.703,4.03,0.919,4.03,1.0,3.632031213502581e-16,mix,399,4.753,10518,hst,1,2.533,native,0,0.0,0.75
msc10848,10848,1229776,8,0.25,18,False,400,256,1.537608,0.382723,3.098663,0.124,0.496,1.0,0.418157,0.389395,3.949,0.983,2,0.382723,hst,3.677,4.018,0.915,4.018,1.0,6.160502327889403e-16,mix,399,3.427,10464,hst,1,2.564,native,0,0.0,0.75
msc10848,10848,1229776,8,0.25,19,False,400,256,1.536878,0.378768,3.040566,0.125,0.505,1.0,0.414101,0.384363,3.999,0.985,2,0.378768,hst,3.711,4.058,0.915,4.058,1.0,4.460432847857754e-16,mix,399,2.759,10503,hst,1,2.523,native,0,0.0,0.75
msc10848,10848,1229776,8,0.25,20,False,400,256,1.55714,0.382934,3.094528,0.124,0.503,1.0,0.538244,0.403151,3.862,0.95,14,0.382934,hst,2.893,4.066,0.711,4.066,1.0,3.2856469467467963e-16,mix,399,4.377,10539,hst,1,16.541,native,0,0.0,0.75
msc10848,10848,1229776,8,0.25,21,False,400,256,1.561663,0.378363,3.09361,0.122,0.505,1.0,0.416186,0.387508,4.03,0.976,2,0.378363,hst,3.752,4.127,0.909,4.127,1.0,5.305500907434564e-16,mix,399,1.91,10332,hst,1,2.53,native,0,0.0,0.75
ct20stif,52329,2600295,8,0.01,17,False,400,256,0.659896,0.236823,0.391018,0.606,1.688,1.0,0.240548,0.23365,2.824,1.014,3,0.236823,hst,2.743,2.786,0.985,2.786,1.0,3.403944480715774e-16,mix,399,3.368,16684,hst,1,1.363,native,0,0.0,0.75
ct20stif,52329,2600295,8,0.01,18,False,400,256,0.585428,0.230201,0.383916,0.6,1.525,1.0,0.231237,0.230249,2.543,1.0,3,0.230201,hst,2.532,2.543,0.996,2.543,1.0,3.351339203340676e-16,mix,399,3.196,16020,hst,1,1.164,native,0,0.0,0.75
ct20stif,52329,2600295,8,0.01,19,False,400,256,0.604973,0.235793,0.38323,0.615,1.579,1.0,0.243198,0.240165,2.519,0.982,3,0.235793,hst,2.488,2.566,0.97,2.566,1.0,2.600013994931016e-16,mix,399,3.277,16270,hst,1,1.263,native,0,0.0,0.75
ct20stif,52329,2600295,8,0.01,20,False,400,256,0.634822,0.233875,0.381733,0.613,1.663,1.0,0.243366,0.238756,2.659,0.98,4,0.233875,hst,2.609,2.714,0.961,2.714,1.0,5.949530076200267e-16,mix,399,3.214,17146,hst,1,1.402,native,0,0.0,0.75
ct20stif,52329,2600295,8,0.01,21,False,400,256,0.667996,0.231579,0.38762,0.597,1.723,1.0,0.244295,0.23716,2.817,0.976,3,0.231579,hst,2.734,2.885,0.948,2.885,1.0,4.493998728164776e-16,mix,399,3.497,16384,hst,1,1.435,native,0,0.0,0.75
ct20stif,52329,2600295,8,0.25,17,False,400,256,0.626339,0.337831,1.690908,0.2,0.37,1.0,0.380734,0.306353,2.045,1.103,53,0.337831,hst,1.645,1.854,0.887,1.854,1.0,3.403944480715774e-16,mix,399,1.0,14872,hst,1,16.821,native,0,0.0,0.75
ct20stif,52329,2600295,8,0.25,18,False,400,256,0.61929,0.292964,1.665779,0.176,0.372,1.0,0.373923,0.306787,2.019,0.955,52,0.292964,hst,1.656,2.114,0.783,2.114,1.0,3.351339203340676e-16,mix,399,1.0,15162,hst,1,16.375,native,0,0.0,0.75
ct20stif,52329,2600295,8,0.25,19,False,400,256,0.626113,0.291639,1.692389,0.172,0.37,1.0,0.377474,0.306955,2.04,0.95,52,0.291639,hst,1.659,2.147,0.773,2.147,1.0,2.600013994931016e-16,mix,399,2.359,15719,hst,1,16.621,native,0,0.0,0.75
ct20stif,52329,2600295,8,0.25,20,False,400,256,0.624979,0.291469,1.687841,0.173,0.37,1.0,0.383322,0.312147,2.002,0.934,53,0.291469,hst,1.63,2.144,0.76,2.144,1.0,5.949530076200267e-16,mix,399,1.651,16036,hst,1,16.701,native,0,0.0,0.75
ct20stif,52329,2600295,8,0.25,21,False,400,256,0.62331,0.291325,1.683548,0.173,0.37,1.0,0.382354,0.306783,2.032,0.95,54,0.291325,hst,1.63,2.14,0.762,2.14,1.0,4.493998728164776e-16,mix,399,1.674,14876,hst,1,17.17,native,0,0.0,0.75
s3rmt3m3,5357,207123,8,0.01,17,False,400,256,0.4924,0.141834,0.203384,0.697,2.421,1.0,0.150627,0.145537,3.383,0.975,2,0.141834,hst,3.269,3.472,0.942,3.472,1.0,4.0558810500666957e-16,mix,398,2.61,4932,hst,1,0.698,native,0,0.0,0.75
s3rmt3m3,5357,207123,8,0.01,18,False,400,256,0.466982,0.135262,0.196178,0.689,2.38,1.0,0.149116,0.145336,3.213,0.931,2,0.135262,hst,3.132,3.452,0.907,3.452,1.0,4.602754019127631e-16,mix,398,3.018,4775,hst,1,0.634,native,0,0.0,0.75
s3rmt3m3,5357,207123,8,0.01,19,False,400,256,0.478696,0.137101,0.203483,0.674,2.353,1.0,0.15315,0.148039,3.234,0.926,2,0.137101,hst,3.126,3.492,0.895,3.492,1.0,3.6103403035014226e-16,mix,399,1.502,4823,hst,1,0.668,native,0,0.0,0.75
s3rmt3m3,5357,207123,8,0.01,20,False,400,256,0.462532,0.138897,0.203076,0.684,2.278,1.0,0.153054,0.149129,3.102,0.931,2,0.138897,hst,3.022,3.33,0.908,3.33,1.0,3.8491695538458903e-16,mix,399,2.729,4908,hst,1,0.662,native,0,0.0,0.75
s3rmt3m3,5357,207123,8,0.01,21,False,400,256,0.466944,0.134599,0.198597,0.678,2.351,1.0,0.147844,0.144084,3.241,0.934,2,0.134599,hst,3.158,3.469,0.91,3.469,1.0,4.3170597187208097e-16,mix,398,2.412,4725,hst,1,0.636,native,0,0.0,0.75
s3rmt3m3,5357,207123,8,0.25,17,False,400,256,0.47436,0.155165,0.748857,0.207,0.633,1.0,0.214918,0.165693,2.863,0.936,25,0.155165,hst,2.207,3.057,0.722,3.057,1.0,4.0558810500666957e-16,mix,399,4.157,4985,hst,1,7.784,native,0,0.0,0.75
s3rmt3m3,5357,207123,8,0.25,18,False,400,256,0.473715,0.155229,0.747739,0.208,0.634,1.0,0.211969,0.163913,2.89,0.947,24,0.155229,hst,2.235,3.052,0.732,3.052,1.0,4.602754019127631e-16,mix,399,2.445,4858,hst,1,7.517,native,0,0.0,0.75
s3rmt3m3,5357,207123,8,0.25,19,False,400,256,0.475483,0.153357,0.745548,0.206,0.638,1.0,0.214029,0.166319,2.859,0.922,24,0.153357,hst,2.222,3.101,0.717,3.101,1.0,3.6103403035014226e-16,mix,399,1.668,4823,hst,1,7.564,native,0,0.0,0.75
s3rmt3m3,5357,207123,8,0.25,20,False,400,256,0.47265,0.153381,0.747491,0.205,0.632,1.0,0.214125,0.165792,2.851,0.925,25,0.153381,hst,2.207,3.082,0.716,3.082,1.0,3.8491695538458903e-16,mix,399,4.038,4625,hst,1,7.547,native,0,0.0,0.75
s3rmt3m3,5357,207123,8,0.25,21,False,400,256,0.478355,0.154734,0.748917,0.207,0.639,1.0,0.212353,0.165016,2.899,0.938,24,0.154734,hst,2.253,3.091,0.729,3.091,1.0,4.3170597187208097e-16,mix,399,3.629,4837,hst,1,7.47,native,0,0.0,0.75
memplus,17758,99147,8,0.01,17,False,400,256,0.525752,0.129688,0.227425,0.57,2.312,1.0,0.149125,0.132099,3.98,0.982,3,0.129688,hst,3.526,4.054,0.87,4.054,1.0,3.582437197197559e-16,mix,399,3.267,8955,hst,1,1.265,native,0,0.0,0.75
memplus,17758,99147,8,0.01,18,False,400,256,0.502633,0.129473,0.235883,0.549,2.131,1.0,0.151088,0.133453,3.766,0.97,4,0.129473,hst,3.327,3.882,0.857,3.882,1.0,3.582443742956908e-16,mix,399,3.839,9421,hst,1,1.336,native,0,0.0,0.75
memplus,17758,99147,8,0.01,19,False,400,256,0.539328,0.126481,0.219629,0.576,2.456,1.0,0.146927,0.132392,4.074,0.955,3,0.126481,hst,3.671,4.264,0.861,4.264,1.0,4.41481093913526e-16,mix,399,3.299,9622,hst,1,1.173,native,0,0.0,0.75
memplus,17758,99147,8,0.01,20,False,400,256,0.525524,0.130937,0.23189,0.565,2.266,1.0,0.154576,0.137182,3.831,0.954,3,0.130937,hst,3.4,4.014,0.847,4.014,1.0,3.582437197197559e-16,mix,399,2.915,9566,hst,1,1.303,native,0,0.0,0.75
memplus,17758,99147,8,0.01,21,False,400,256,0.526039,0.128989,0.229872,0.561,2.288,1.0,0.151437,0.133998,3.926,0.963,3,0.128989,hst,3.474,4.078,0.852,4.078,1.0,3.582437197197559e-16,mix,399,3.242,8828,hst,1,1.335,native,0,0.0,0.75
memplus,17758,99147,8,0.25,17,False,400,256,0.310077,0.145025,0.714201,0.203,0.434,1.0,0.190419,0.15282,2.029,0.949,49,0.145025,hst,1.628,2.138,0.762,2.138,1.0,3.582437197197559e-16,mix,399,3.359,8115,hst,1,7.676,native,0,0.0,0.75
memplus,17758,99147,8,0.25,18,False,400,256,0.330786,0.144325,0.718906,0.201,0.46,1.0,0.16495,0.149384,2.214,0.966,8,0.144325,hst,2.005,2.292,0.875,2.292,1.0,3.582443742956908e-16,mix,399,5.636,8383,hst,1,1.453,native,0,0.0,0.75
memplus,17758,99147,8,0.25,19,False,400,256,0.311735,0.143739,0.715643,0.201,0.436,1.0,0.201015,0.15421,2.021,0.932,52,0.143739,hst,1.551,2.169,0.715,2.169,1.0,4.41481093913526e-16,mix,399,2.772,7188,hst,1,8.118,native,0,0.0,0.75
memplus,17758,99147,8,0.25,20,False,400,256,0.318921,0.143444,0.710681,0.202,0.449,1.0,0.195053,0.152567,2.09,0.94,48,0.143444,hst,1.635,2.223,0.735,2.223,1.0,3.582437197197559e-16,mix,399,1.0,7388,hst,1,8.065,native,0,0.0,0.75
memplus,17758,99147,8,0.25,21,False,400,256,0.324346,0.145015,0.716281,0.202,0.453,1.0,0.202947,0.155596,2.085,0.932,48,0.145015,hst,1.598,2.237,0.715,2.237,1.0,3.582437197197559e-16,mix,399,1.0,7874,hst,1,8.115,native,0,0.0,0.75
olafu,16146,1015156,8,0.01,17,False,400,256,0.709827,0.230522,0.369013,0.625,1.924,1.0,0.23435,0.228649,3.104,1.008,2,0.230522,hst,3.029,3.079,0.984,3.079,1.0,5.582074938205133e-16,mix,399,4.312,12000,hst,1,1.016,native,0,0.0,0.75
olafu,16146,1015156,8,0.01,18,False,400,256,0.689182,0.218251,0.357571,0.61,1.927,1.0,0.225951,0.222837,3.093,0.979,2,0.218251,hst,3.05,3.158,0.966,3.158,1.0,6.4036469396236e-16,mix,399,4.328,12039,hst,1,0.891,native,0,0.0,0.75
olafu,16146,1015156,8,0.01,19,False,400,256,0.713181,0.229951,0.377519,0.609,1.889,1.0,0.243004,0.238154,2.995,0.966,2,0.229951,hst,2.935,3.101,0.946,3.101,1.0,4.864534386882603e-16,mix,399,4.3,11762,hst,1,1.087,native,0,0.0,0.75
olafu,16146,1015156,8,0.01,20,False,400,256,0.757481,0.22432,0.368615,0.609,2.055,1.0,0.24402,0.238893,3.171,0.939,2,0.22432,hst,3.104,3.377,0.919,3.377,1.0,8.4320949564375e-16,mix,399,4.201,12031,hst,1,0.974,native,0,0.0,0.75
olafu,16146,1015156,8,0.01,21,False,400,256,0.786383,0.212795,0.358319,0.594,2.195,1.0,0.23458,0.226955,3.465,0.938,2,0.212795,hst,3.352,3.696,0.907,3.696,1.0,5.998259265642777e-16,mix,399,4.491,11517,hst,1,0.978,native,0,0.0,0.75
olafu,16146,1015156,8,0.25,17,False,400,256,0.750048,0.264856,1.603335,0.165,0.468,1.0,0.349812,0.277969,2.698,0.953,26,0.264856,hst,2.144,2.832,0.757,2.832,1.0,5.582074938205133e-16,mix,399,1.802,11138,hst,1,12.298,native,0,0.0,0.75
olafu,16146,1015156,8,0.25,18,False,400,256,0.745036,0.26344,1.58735,0.166,0.469,1.0,0.363695,0.28994,2.57,0.909,29,0.26344,hst,2.049,2.828,0.724,2.828,1.0,6.4036469396236e-16,mix,399,1.0,11975,hst,1,13.332,native,0,0.0,0.75
olafu,16146,1015156,8,0.25,19,False,400,256,0.753115,0.262133,1.588505,0.165,0.474,1.0,0.351023,0.278266,2.706,0.942,26,0.262133,hst,2.145,2.873,0.747,2.873,1.0,4.864534386882603e-16,mix,399,2.826,11392,hst,1,12.421,native,0,0.0,0.75
olafu,16146,1015156,8,0.25,20,False,400,256,0.751925,0.262716,1.592628,0.165,0.472,1.0,0.357026,0.285451,2.634,0.92,27,0.262716,hst,2.106,2.862,0.736,2.862,1.0,8.4320949564375e-16,mix,399,2.22,11527,hst,1,12.387,native,0,0.0,0.75
olafu,16146,1015156,8,0.25,21,False,400,256,0.75369,0.262481,1.589652,0.165,0.474,1.0,0.351117,0.277777,2.713,0.945,26,0.262481,hst,2.147,2.871,0.748,2.871,1.0,5.998259265642777e-16,mix,399,3.716,10853,hst,1,12.354,native,0,0.0,0.75
bcsstk25,15439,252241,8,0.01,17,False,400,256,0.241567,0.153252,0.22603,0.678,1.069,1.0,0.184732,0.159699,1.513,0.96,64,0.153252,hst,1.308,1.576,0.83,1.576,1.0,1.4310126622262146e-16,mix,399,1.93,8537,hst,1,5.239,native,0,0.0,0.75
bcsstk25,15439,252241,8,0.01,18,False,400,256,0.233363,0.154005,0.227847,0.676,1.024,1.0,0.188938,0.164596,1.418,0.936,74,0.154005,hst,1.235,1.515,0.815,1.515,1.0,2.218697631478781e-16,mix,399,2.218,8779,hst,1,5.116,native,0,0.0,0.75
bcsstk25,15439,252241,8,0.01,19,False,400,256,0.227631,0.15676,0.23268,0.674,0.978,1.0,0.192504,0.168875,1.348,0.928,94,0.15676,hst,1.182,1.452,0.814,1.452,1.0,9.427442670147338e-17,mix,399,2.564,8312,hst,1,5.518,native,0,0.0,0.75
bcsstk25,15439,252241,8,0.01,20,False,400,256,0.235694,0.153074,0.223671,0.684,1.054,1.0,0.1631,0.163419,1.442,0.937,9,0.153074,hst,1.445,1.54,0.939,1.54,1.0,1.4798782495741104e-16,mix,399,2.237,8818,hst,1,0.664,native,0,0.0,0.75
bcsstk25,15439,252241,8,0.01,21,False,400,256,0.231202,0.153823,0.234865,0.655,0.984,1.0,0.196367,0.174101,1.328,0.884,97,0.153823,hst,1.177,1.503,0.783,1.503,1.0,1.5323971434071406e-16,mix,399,2.512,8384,hst,1,5.546,native,0,0.0,0.75
bcsstk25,15439,252241,8,0.25,17,False,400,256,0.22981,0.183647,0.911305,0.202,0.252,1.0,0.221897,0.192852,1.192,0.952,233,0.183647,hst,1.036,1.251,0.828,1.251,1.0,1.4310126622262146e-16,mix,399,4.06,8385,hst,1,8.597,native,0,0.0,0.75
bcsstk25,15439,252241,8,0.25,18,False,400,256,0.225902,0.182536,0.914576,0.2,0.247,1.0,0.221797,0.192819,1.172,0.947,262,0.182536,hst,1.019,1.238,0.823,1.238,1.0,2.218697631478781e-16,mix,399,3.667,8418,hst,1,8.652,native,0,0.0,0.75
bcsstk25,15439,252241,8,0.25,19,False,400,256,0.227184,0.184722,0.925654,0.2,0.245,1.0,0.219948,0.19171,1.185,0.964,243,0.184722,hst,1.033,1.23,0.84,1.23,1.0,9.427442670147338e-17,mix,399,4.805,8125,hst,1,8.606,native,0,0.0,0.75
bcsstk25,15439,252241,8,0.25,20,False,400,256,0.227417,0.181822,0.914193,0.199,0.249,1.0,0.221555,0.192665,1.18,0.944,249,0.181822,hst,1.026,1.251,0.821,1.251,1.0,1.4798782495741104e-16,mix,399,4.175,8257,hst,1,8.658,native,0,0.0,0.75
bcsstk25,15439,252241,8,0.25,21,False,400,256,0.225538,0.181989,0.912214,0.2,0.247,1.0,0.221138,0.192738,1.17,0.944,262,0.181989,hst,1.02,1.239,0.823,1.239,1.0,1.5323971434071406e-16,mix,399,1.0,8135,hst,1,8.6,native,0,0.0,0.75
circuit_3,12127,48137,8,0.01,17,False,400,256,0.315668,0.097816,0.174166,0.562,1.812,1.0,0.137239,0.103639,3.046,0.944,25,0.097816,hst,2.3,3.227,0.713,3.227,1.0,6.734179160610594e-16,mix,399,4.803,7556,hst,1,5.258,native,0,0.0,0.75
circuit_3,12127,48137,8,0.01,18,False,400,256,0.325232,0.098321,0.164657,0.597,1.975,1.0,0.145196,0.111547,2.916,0.881,25,0.098321,hst,2.24,3.308,0.677,3.308,1.0,6.734177751265342e-16,mix,399,7.691,7543,hst,1,5.315,native,0,0.0,0.75
circuit_3,12127,48137,8,0.01,19,False,400,256,0.325624,0.097622,0.171073,0.571,1.903,1.0,0.115371,0.103788,3.137,0.941,7,0.097622,hst,2.822,3.336,0.846,3.336,1.0,1.38110199246993e-16,mix,398,3.627,7796,hst,1,1.603,native,0,0.0,0.75
circuit_3,12127,48137,8,0.01,20,False,400,256,0.309139,0.098225,0.174904,0.562,1.767,1.0,0.142098,0.109224,2.83,0.899,26,0.098225,hst,2.176,3.147,0.691,3.147,1.0,7.407593410861525e-16,mix,399,5.488,7771,hst,1,5.292,native,0,0.0,0.75
circuit_3,12127,48137,8,0.01,21,False,400,256,0.325193,0.111375,0.17313,0.643,1.878,1.0,0.152128,0.115325,2.82,0.966,27,0.111375,hst,2.138,2.92,0.732,2.92,1.0,6.413984212090423e-16,mix,399,5.206,7663,hst,1,5.728,native,0,0.0,0.75
circuit_3,12127,48137,8,0.25,17,False,400,256,0.326239,0.121843,0.462678,0.263,0.705,1.0,0.167467,0.131175,2.487,0.929,35,0.121843,hst,1.948,2.678,0.728,2.678,1.0,6.734179160610594e-16,mix,399,1.0,7568,hst,1,6.756,native,0,0.0,0.75
circuit_3,12127,48137,8,0.25,18,False,400,256,0.318285,0.120675,0.468839,0.257,0.679,1.0,0.165659,0.128743,2.472,0.937,35,0.120675,hst,1.921,2.638,0.728,2.638,1.0,6.734177751265342e-16,mix,399,4.34,7521,hst,1,6.646,native,0,0.0,0.75
circuit_3,12127,48137,8,0.25,19,False,400,256,0.329433,0.120735,0.455312,0.265,0.724,1.0,0.169352,0.130754,2.519,0.923,34,0.120735,hst,1.945,2.729,0.713,2.729,1.0,1.38110199246993e-16,mix,399,2.553,7625,hst,1,6.851,native,0,0.0,0.75
circuit_3,12127,48137,8,0.25,20,False,400,256,0.325022,0.120984,0.471273,0.257,0.69,1.0,0.16662,0.129441,2.511,0.935,34,0.120984,hst,1.951,2.686,0.726,2.686,1.0,7.407593410861525e-16,mix,399,4.579,7664,hst,1,6.658,native,0,0.0,0.75
circuit_3,12127,48137,8,0.25,21,False,400,256,0.322599,0.120603,0.46984,0.257,0.687,1.0,0.16527,0.129507,2.491,0.931,35,0.120603,hst,1.952,2.675,0.73,2.675,1.0,6.413984212090423e-16,mix,399,2.162,7831,hst,1,6.709,native,0,0.0,0.75
bcsstk18,11948,149090,8,0.01,17,False,400,256,0.208327,0.147556,0.210579,0.701,0.989,1.0,0.176698,0.15377,1.355,0.96,91,0.147556,hst,1.179,1.412,0.835,1.412,1.0,8.625236741385534e-17,mix,399,5.521,7010,hst,1,4.97,native,0,0.0,0.75
bcsstk18,11948,149090,8,0.01,18,False,400,256,0.20966,0.144971,0.204194,0.71,1.027,1.0,0.176781,0.152984,1.37,0.948,91,0.144971,hst,1.186,1.446,0.82,1.446,1.0,1.7955529896133775e-16,mix,399,5.666,7171,hst,1,5.147,native,0,0.0,0.75
bcsstk18,11948,149090,8,0.01,19,False,400,256,0.191122,0.141313,0.207392,0.681,0.922,1.0,0.173155,0.153599,1.244,0.92,130,0.141313,hst,1.104,1.352,0.816,1.352,1.0,1.3804959837172369e-16,mix,399,1.815,7124,hst,1,4.88,native,0,0.0,0.75
bcsstk18,11948,149090,8,0.01,20,False,400,256,0.190735,0.144457,0.211445,0.683,0.902,1.0,0.178619,0.158977,1.2,0.909,154,0.144457,hst,1.068,1.32,0.809,1.32,1.0,2.057824038214574e-16,mix,399,1.0,7017,hst,1,4.902,native,0,0.0,0.75
bcsstk18,11948,149090,8,0.01,21,False,400,256,0.204273,0.141221,0.207998,0.679,0.982,1.0,0.178277,0.157194,1.299,0.898,101,0.141221,hst,1.146,1.446,0.792,1.446,1.0,3.703333649681202e-16,mix,399,1.029,6910,hst,1,4.777,native,0,0.0,0.75
bcsstk18,11948,149090,8,0.25,17,False,400,256,0.200002,0.171648,0.872601,0.197,0.229,1.0,0.208262,0.182299,1.097,0.942,449,0.171648,hst,0.96,1.165,0.824,1.165,1.0,8.625236741385534e-17,mix,399,2.993,6890,hst,1,7.946,native,0,0.0,0.75
bcsstk18,11948,149090,8,0.25,18,False,400,256,0.198491,0.171004,0.875317,0.195,0.227,1.0,0.207673,0.181738,1.092,0.941,476,0.171004,hst,0.956,1.161,0.823,1.161,1.0,1.7955529896133775e-16,mix,399,1.0,6974,hst,1,7.967,native,0,0.0,0.75
bcsstk18,11948,149090,8,0.25,19,False,400,256,0.199165,0.171921,0.876765,0.196,0.227,1.0,0.207797,0.182216,1.093,0.944,465,0.171921,hst,0.958,1.158,0.827,1.158,1.0,1.3804959837172369e-16,mix,399,1.811,6892,hst,1,7.89,native,0,0.0,0.75
bcsstk18,11948,149090,8,0.25,20,False,400,256,0.200711,0.172071,0.873869,0.197,0.23,1.0,0.205203,0.179022,1.121,0.961,367,0.172071,hst,0.978,1.166,0.839,1.166,1.0,2.057824038214574e-16,mix,399,5.389,6694,hst,1,7.968,native,0,0.0,0.75
bcsstk18,11948,149090,8,0.25,21,False,400,256,0.199201,0.173111,0.883753,0.196,0.225,1.0,0.21646,0.18998,1.049,0.911,910,0.173111,hst,0.92,1.151,0.8,1.151,1.0,3.703333649681202e-16,mix,399,1.768,6780,hst,1,8.39,native,0,0.0,0.75
add32,4960,19848,8,0.01,17,False,400,256,0.081466,0.065619,0.091992,0.713,0.886,1.0,0.083951,0.072148,1.129,0.909,317,0.065619,hst,0.97,1.242,0.782,1.242,1.0,1.834572946307244e-16,mix,396,6.059,3198,hst,1,2.956,native,0,0.0,0.75
add32,4960,19848,8,0.01,18,False,400,256,0.079474,0.071831,0.089126,0.806,0.892,1.0,0.09276,0.081978,0.969,0.876,,0.071831,hst,0.857,1.106,0.774,1.106,1.0,3.8969112366871195e-16,mix,397,1.509,3242,hst,1,2.878,native,0,0.0,0.75
add32,4960,19848,8,0.01,19,False,400,256,0.082088,0.064481,0.089721,0.719,0.915,1.0,0.08512,0.073259,1.121,0.88,326,0.064481,hst,0.964,1.273,0.758,1.273,1.0,1.440904858629578e-16,mix,396,5.277,3228,hst,1,2.877,native,0,0.0,0.75
add32,4960,19848,8,0.01,20,False,400,256,0.082589,0.070087,0.091407,0.767,0.904,1.0,0.089563,0.075515,1.094,0.928,470,0.070087,hst,0.922,1.178,0.783,1.178,1.0,1.9189147112235067e-16,mix,396,2.01,3404,hst,1,3.325,native,0,0.0,0.75
add32,4960,19848,8,0.01,21,False,400,256,0.081537,0.070277,0.091544,0.768,0.891,1.0,0.091874,0.080679,1.011,0.871,3416,0.070277,hst,0.887,1.16,0.765,1.16,1.0,2.4073268406156015e-16,mix,398,1.151,3117,hst,1,2.928,native,0,0.0,0.75
add32,4960,19848,8,0.25,17,False,400,256,0.077453,0.081599,0.335039,0.244,0.231,1.0,0.103378,0.089335,0.867,0.867,,0.077453,delta_baseline,0.749,1.0,0.749,1.0,1.054,1.834572946307244e-16,mix,399,3.07,3023,hst,1,4.272,native,0,0.0,0.75
add32,4960,19848,8,0.25,18,False,400,256,0.077769,0.081441,0.334658,0.243,0.232,1.0,0.096992,0.082268,0.945,0.945,,0.077769,delta_baseline,0.802,1.0,0.802,1.0,1.047,3.8969112366871195e-16,mix,399,3.594,3162,delta_baseline,0,4.363,native,0,0.0,0.75
add32,4960,19848,8,0.25,19,False,400,256,0.077587,0.080959,0.334582,0.242,0.232,1.0,0.097266,0.082334,0.942,0.942,,0.077587,delta_baseline,0.798,1.0,0.798,1.0,1.043,1.440904858629578e-16,mix,399,1.758,2921,delta_baseline,0,4.406,native,0,0.0,0.75
add32,4960,19848,8,0.25,20,False,400,256,0.07704,0.080952,0.334216,0.242,0.231,1.0,0.097549,0.081974,0.94,0.94,,0.07704,delta_baseline,0.79,1.0,0.79,1.0,1.051,1.9189147112235067e-16,mix,399,6.428,3200,delta_baseline,0,4.482,native,0,0.0,0.75
add32,4960,19848,8,0.25,21,False,400,256,0.077764,0.080966,0.33309,0.243,0.233,1.0,0.09726,0.082518,0.942,0.942,,0.077764,delta_baseline,0.8,1.0,0.8,1.0,1.041,2.4073268406156015e-16,mix,399,4.15,3119,delta_baseline,0,4.369,native,0,0.0,0.75
epb2,25228,175027,8,0.01,17,False,400,256,0.13315,0.102992,0.136835,0.753,0.973,1.0,0.13128,0.107617,1.237,0.957,202,0.102992,hst,1.014,1.293,0.785,1.293,1.0,1.2653601002823704e-16,mix,399,4.23,4808,hst,1,5.146,native,0,0.0,0.75
epb2,25228,175027,8,0.01,18,False,400,256,0.106183,0.09852,0.127972,0.77,0.83,1.0,0.120424,0.104415,1.017,0.944,2628,0.09852,hst,0.882,1.078,0.818,1.078,1.0,1.0817377525460358e-16,mix,399,4.5,4882,hst,1,4.646,native,0,0.0,0.75
epb2,25228,175027,8,0.01,19,False,400,256,0.105909,0.100355,0.128735,0.78,0.823,1.0,0.123956,0.108279,0.978,0.927,,0.100355,hst,0.854,1.055,0.81,1.055,1.0,1.2261168325020086e-16,mix,399,3.856,4861,hst,1,4.65,native,0,0.0,0.75
epb2,25228,175027,8,0.01,20,False,400,256,0.105506,0.100117,0.129941,0.77,0.812,1.0,0.124996,0.108998,0.968,0.919,,0.100117,hst,0.844,1.054,0.801,1.054,1.0,1.2651934239081537e-16,mix,399,4.348,4846,hst,1,4.788,native,0,0.0,0.75
epb2,25228,175027,8,0.01,21,False,400,256,0.107645,0.101763,0.132388,0.769,0.813,1.0,0.128529,0.112606,0.956,0.904,,0.101763,hst,0.838,1.058,0.792,1.058,1.0,1.711511604198709e-16,mix,399,4.586,4915,hst,1,4.787,native,0,0.0,0.75
epb2,25228,175027,8,0.25,17,False,400,256,0.107792,0.136296,0.493831,0.276,0.218,1.0,0.135228,0.111691,0.965,0.965,,0.107792,delta_baseline,0.797,1.0,0.797,1.0,1.264,1.2653601002823704e-16,mix,399,4.744,5008,delta_baseline,0,7.413,native,0,0.0,0.75
epb2,25228,175027,8,0.25,18,False,400,256,0.106753,0.133202,0.492215,0.271,0.217,1.0,0.135591,0.113281,0.942,0.942,,0.106753,delta_baseline,0.787,1.0,0.787,1.0,1.248,1.0817377525460358e-16,mix,399,5.52,5016,delta_baseline,0,7.383,native,0,0.0,0.75
epb2,25228,175027,8,0.25,19,False,400,256,0.108157,0.133048,0.494017,0.269,0.219,1.0,0.135633,0.113988,0.949,0.949,,0.108157,delta_baseline,0.797,1.0,0.797,1.0,1.23,1.2261168325020086e-16,mix,399,1.0,4892,delta_baseline,0,7.288,native,0,0.0,0.75
epb2,25228,175027,8,0.25,20,False,400,256,0.108062,0.132527,0.494239,0.268,0.219,1.0,0.136448,0.113354,0.953,0.953,,0.108062,delta_baseline,0.792,1.0,0.792,1.0,1.226,1.2651934239081537e-16,mix,399,4.161,4908,delta_baseline,0,7.474,native,0,0.0,0.75
epb2,25228,175027,8,0.25,21,False,400,256,0.106989,0.132979,0.496832,0.268,0.215,1.0,0.135146,0.113188,0.945,0.945,,0.106989,delta_baseline,0.792,1.0,0.792,1.0,1.243,1.711511604198709e-16,mix,399,1.0,4939,delta_baseline,0,7.463,native,0,0.0,0.75
rajat03,7602,32653,8,0.01,17,False,400,256,0.07816,0.075743,0.113998,0.664,0.686,1.0,0.096972,0.08304,0.941,0.912,,0.075743,hst,0.806,1.032,0.781,1.032,1.0,1.5389215321852664e-16,mix,399,2.046,4030,hst,1,3.601,native,0,0.0,0.75
rajat03,7602,32653,8,0.01,18,False,400,256,0.075274,0.073587,0.110256,0.667,0.683,1.0,0.094815,0.082691,0.91,0.89,,0.073587,hst,0.794,1.023,0.776,1.023,1.0,1.5443765292083486e-16,mix,398,3.337,4221,hst,1,3.368,native,0,0.0,0.75
rajat03,7602,32653,8,0.01,19,False,400,256,0.073692,0.073921,0.110502,0.669,0.667,1.0,0.094581,0.082958,0.888,0.888,,0.073692,delta_baseline,0.779,1.0,0.779,1.0,1.003,1.5991248545154193e-16,mix,398,2.201,4059,hst,1,3.193,native,0,0.0,0.75
rajat03,7602,32653,8,0.01,20,False,400,256,0.083437,0.073806,0.111077,0.664,0.751,1.0,0.095706,0.082993,1.005,0.889,7846,0.073806,hst,0.872,1.13,0.771,1.13,1.0,1.538921533552159e-16,mix,399,2.683,4243,hst,1,3.481,native,0,0.0,0.75
rajat03,7602,32653,8,0.01,21,False,400,256,0.073346,0.074527,0.112479,0.663,0.652,1.0,0.095553,0.083274,0.881,0.881,,0.073346,delta_baseline,0.768,1.0,0.768,1.0,1.016,1.5389215543573844e-16,mix,398,2.888,4151,hst,1,3.38,native,0,0.0,0.75
rajat03,7602,32653,8,0.25,17,False,400,256,0.077122,0.095306,0.47794,0.199,0.161,1.0,0.098446,0.082251,0.938,0.938,,0.077122,delta_baseline,0.783,1.0,0.783,1.0,1.236,1.5389215321852664e-16,mix,399,5.561,4245,delta_baseline,0,4.97,native,0,0.0,0.75
rajat03,7602,32653,8,0.25,18,False,400,256,0.076976,0.093986,0.475489,0.198,0.162,1.0,0.098418,0.082104,0.938,0.938,,0.076976,delta_baseline,0.782,1.0,0.782,1.0,1.221,1.5443765292083486e-16,mix,399,1.947,4208,delta_baseline,0,5.03,native,0,0.0,0.75
rajat03,7602,32653,8,0.25,19,False,400,256,0.078308,0.094628,0.470654,0.201,0.166,1.0,0.099505,0.082467,0.95,0.95,,0.078308,delta_baseline,0.787,1.0,0.787,1.0,1.208,1.5991248545154193e-16,mix,399,5.619,4148,delta_baseline,0,4.985,native,0,0.0,0.75
rajat03,7602,32653,8,0.25,20,False,400,256,0.077885,0.095394,0.473078,0.202,0.165,1.0,0.098375,0.081803,0.952,0.952,,0.077885,delta_baseline,0.792,1.0,0.792,1.0,1.225,1.538921533552159e-16,mix,399,2.695,4166,delta_baseline,0,5.032,native,0,0.0,0.75
rajat03,7602,32653,8,0.25,21,False,400,256,0.078413,0.095636,0.485098,0.197,0.162,1.0,0.099566,0.083202,0.942,0.942,,0.078413,delta_baseline,0.788,1.0,0.788,1.0,1.22,1.5389215543573844e-16,mix,399,4.814,4060,delta_baseline,0,4.958,native,0,0.0,0.75
wang3,26064,177168,8,0.01,17,False,400,256,0.105831,0.113584,0.180522,0.629,0.586,1.0,0.133003,0.115937,0.913,0.913,,0.105831,delta_baseline,0.796,1.0,0.796,1.0,1.073,1.1305705384438466e-16,mix,399,5.142,7983,hst,1,5.389,native,0,0.0,0.75
wang3,26064,177168,8,0.01,18,False,400,256,0.105204,0.113454,0.177745,0.638,0.592,1.0,0.135474,0.118297,0.889,0.889,,0.105204,delta_baseline,0.777,1.0,0.777,1.0,1.078,2.415345571415648e-16,mix,399,5.608,8368,hst,1,5.383,native,0,0.0,0.75
wang3,26064,177168,8,0.01,19,False,400,256,0.104577,0.111915,0.178205,0.628,0.587,1.0,0.135563,0.119348,0.876,0.876,,0.104577,delta_baseline,0.771,1.0,0.771,1.0,1.07,1.1119305929315413e-16,mix,399,5.116,8007,hst,1,5.264,native,0,0.0,0.75
wang3,26064,177168,8,0.01,20,False,400,256,0.105043,0.113325,0.182544,0.621,0.575,1.0,0.139275,0.122425,0.858,0.858,,0.105043,delta_baseline,0.754,1.0,0.754,1.0,1.079,2.3978588170819393e-16,mix,399,4.436,8275,hst,1,5.457,native,0,0.0,0.75
wang3,26064,177168,8,0.01,21,False,400,256,0.10498,0.11486,0.184728,0.622,0.568,1.0,0.138653,0.121888,0.861,0.861,,0.10498,delta_baseline,0.757,1.0,0.757,1.0,1.094,1.1305705384438466e-16,mix,399,5.182,8335,hst,1,5.515,native,0,0.0,0.75
wang3,26064,177168,8,0.25,17,False,400,256,0.105514,0.151495,0.735337,0.206,0.143,1.0,0.134257,0.110606,0.954,0.954,,0.105514,delta_baseline,0.786,1.0,0.786,1.0,1.436,1.1305705384438466e-16,mix,399,6.56,7968,delta_baseline,0,7.944,native,0,0.0,0.75
wang3,26064,177168,8,0.25,18,False,400,256,0.104855,0.146441,0.734236,0.199,0.143,1.0,0.134382,0.110844,0.946,0.946,,0.104855,delta_baseline,0.78,1.0,0.78,1.0,1.397,2.415345571415648e-16,mix,399,3.019,8031,delta_baseline,0,7.942,native,0,0.0,0.75
wang3,26064,177168,8,0.25,19,False,400,256,0.104086,0.147125,0.734258,0.2,0.142,1.0,0.134171,0.110731,0.94,0.94,,0.104086,delta_baseline,0.776,1.0,0.776,1.0,1.413,1.1119305929315413e-16,mix,399,3.177,7763,delta_baseline,0,7.93,native,0,0.0,0.75
wang3,26064,177168,8,0.25,20,False,400,256,0.104761,0.157048,0.738927,0.213,0.142,1.0,0.133281,0.11005,0.952,0.952,,0.104761,delta_baseline,0.786,1.0,0.786,1.0,1.499,2.3978588170819393e-16,mix,399,5.953,7715,delta_baseline,0,7.936,native,0,0.0,0.75
wang3,26064,177168,8,0.25,21,False,400,256,0.104514,0.147542,0.737668,0.2,0.142,1.0,0.134387,0.110828,0.943,0.943,,0.104514,delta_baseline,0.778,1.0,0.778,1.0,1.412,1.1305705384438466e-16,mix,399,3.02,7894,delta_baseline,0,7.986,native,0,0.0,0.75
scircuit,170998,958936,8,0.01,17,False,400,256,0.148078,0.189137,0.199255,0.949,0.743,1.0,0.23866,0.164087,0.902,0.902,,0.148078,delta_baseline,0.62,1.0,0.62,1.0,1.277,2.6050372849850016e-16,mix,399,6.283,6664,hst,1,25.506,native,0,0.0,0.75
scircuit,170998,958936,8,0.01,18,False,400,256,0.116641,0.144683,0.169749,0.852,0.687,1.0,0.217653,0.154816,0.753,0.753,,0.116641,delta_baseline,0.536,1.0,0.536,1.0,1.24,2.0386846321125864e-16,mix,399,6.519,6542,hst,1,24.916,native,0,0.0,0.75
scircuit,170998,958936,8,0.01,19,False,400,256,0.16305,0.168135,0.21241,0.792,0.768,1.0,0.253717,0.178993,0.911,0.911,,0.16305,delta_baseline,0.643,1.0,0.643,1.0,1.031,1.8803246323926756e-16,mix,399,5.366,6746,hst,1,27.501,native,0,0.0,0.75
scircuit,170998,958936,8,0.01,20,False,400,256,0.118804,0.150403,0.174302,0.863,0.682,1.0,0.227867,0.164626,0.722,0.722,,0.118804,delta_baseline,0.521,1.0,0.521,1.0,1.266,2.757259758035496e-16,mix,399,5.725,7099,hst,1,25.493,native,0,0.0,0.75
scircuit,170998,958936,8,0.01,21,False,400,256,0.165984,0.162887,0.204024,0.798,0.814,1.0,0.248952,0.174294,0.952,0.935,,0.162887,hst,0.667,1.019,0.654,1.019,1.0,5.194813152189734e-16,mix,399,5.352,7347,hst,1,26.814,native,0,0.0,0.75
scircuit,170998,958936,8,0.25,17,False,400,256,0.125094,0.290118,0.75335,0.385,0.166,1.0,0.238039,0.160543,0.779,0.779,,0.125094,delta_baseline,0.526,1.0,0.526,1.0,2.319,2.6050372849850016e-16,mix,399,3.08,5669,delta_baseline,0,30.543,native,0,0.0,0.75
scircuit,170998,958936,8,0.25,18,False,400,256,0.140446,0.272133,0.764123,0.356,0.184,1.0,0.233022,0.154061,0.912,0.912,,0.140446,delta_baseline,0.603,1.0,0.603,1.0,1.938,2.0386846321125864e-16,mix,399,6.878,6512,delta_baseline,0,30.934,native,0,0.0,0.75
scircuit,170998,958936,8,0.25,19,False,400,256,0.139802,0.261208,0.765847,0.341,0.183,1.0,0.246846,0.157997,0.885,0.885,,0.139802,delta_baseline,0.566,1.0,0.566,1.0,1.868,1.8803246323926756e-16,mix,399,4.082,6338,delta_baseline,0,34.444,native,0,0.0,0.75
scircuit,170998,958936,8,0.25,20,False,400,256,0.137275,0.253221,0.759943,0.333,0.181,1.0,0.245468,0.16675,0.823,0.823,,0.137275,delta_baseline,0.559,1.0,0.559,1.0,1.845,2.757259758035496e-16,mix,399,1.919,6517,delta_baseline,0,31.842,native,0,0.0,0.75
scircuit,170998,958936,8,0.25,21,False,400,256,0.141608,0.252721,0.764545,0.331,0.185,1.0,0.241181,0.153583,0.922,0.922,,0.141608,delta_baseline,0.587,1.0,0.587,1.0,1.785,5.194813152189734e-16,mix,399,1.972,6627,delta_baseline,0,31.158,native,0,0.0,0.75
bcspwr09,1723,6511,8,0.01,17,False,400,256,0.080333,0.053548,0.064475,0.831,1.246,1.0,0.072371,0.058752,1.367,0.911,136,0.053548,hst,1.11,1.5,0.74,1.5,1.0,3.3992994908668667e-16,mix,357,3.673,1655,hst,1,2.938,native,0,0.0,0.75
bcspwr09,1723,6511,8,0.01,18,False,400,256,0.081895,0.055917,0.064262,0.87,1.274,1.0,0.071597,0.05869,1.395,0.953,125,0.055917,hst,1.144,1.465,0.781,1.465,1.0,1.860896069197576e-16,mix,357,3.662,1654,hst,1,2.902,native,0,0.0,0.75
bcspwr09,1723,6511,8,0.01,19,False,400,256,0.079657,0.051913,0.066979,0.775,1.189,1.0,0.071622,0.05836,1.365,0.89,137,0.051913,hst,1.112,1.534,0.725,1.534,1.0,1.4472386138826977e-16,mix,352,3.5,1651,hst,1,2.924,native,0,0.0,0.75
bcspwr09,1723,6511,8,0.01,20,False,400,256,0.07869,0.05294,0.065535,0.808,1.201,1.0,0.071884,0.058692,1.341,0.902,145,0.05294,hst,1.095,1.486,0.736,1.486,1.0,4.2716015826531054e-16,mix,368,3.721,1607,hst,1,2.907,native,0,0.0,0.75
bcspwr09,1723,6511,8,0.01,21,False,400,256,0.079933,0.052837,0.065367,0.808,1.223,1.0,0.072598,0.058728,1.361,0.9,141,0.052837,hst,1.101,1.513,0.728,1.513,1.0,9.609496773994548e-17,mix,357,3.756,1639,hst,1,2.995,native,0,0.0,0.75
bcspwr09,1723,6511,8,0.25,17,False,400,256,0.08181,0.062841,0.220861,0.285,0.37,1.0,0.081789,0.068438,1.195,0.918,246,0.062841,hst,1.0,1.302,0.768,1.302,1.0,3.3992994908668667e-16,mix,399,2.194,1644,hst,1,3.293,native,0,0.0,0.75
bcspwr09,1723,6511,8,0.25,18,False,400,256,0.081428,0.061963,0.222264,0.279,0.366,1.0,0.082693,0.068652,1.186,0.903,262,0.061963,hst,0.985,1.314,0.749,1.314,1.0,1.860896069197576e-16,mix,399,2.052,1611,hst,1,3.353,native,0,0.0,0.75
bcspwr09,1723,6511,8,0.25,19,False,400,256,0.081073,0.062244,0.221633,0.281,0.366,1.0,0.082394,0.06866,1.181,0.907,272,0.062244,hst,0.984,1.303,0.755,1.303,1.0,1.4472386138826977e-16,mix,399,2.424,1636,hst,1,3.374,native,0,0.0,0.75
bcspwr09,1723,6511,8,0.25,20,False,400,256,0.081468,0.062812,0.222755,0.282,0.366,1.0,0.084179,0.069373,1.174,0.905,295,0.062812,hst,0.968,1.297,0.746,1.297,1.0,4.2716015826531054e-16,mix,399,2.463,1653,hst,1,3.574,native,0,0.0,0.75
bcspwr09,1723,6511,8,0.25,21,False,400,256,0.081068,0.062782,0.222166,0.283,0.365,1.0,0.082068,0.068521,1.183,0.916,265,0.062782,hst,0.988,1.291,0.765,1.291,1.0,9.609496773994548e-17,mix,399,3.135,1665,hst,1,3.325,native,0,0.0,0.75
bcspwr10,5300,21842,8,0.01,17,False,400,256,0.085999,0.080168,0.148797,0.539,0.578,1.0,0.101077,0.085731,1.003,0.935,15944,0.080168,hst,0.851,1.073,0.793,1.073,1.0,1.871280638170483e-16,mix,399,5.521,3997,hst,1,4.281,native,0,0.0,0.75
bcspwr10,5300,21842,8,0.01,18,False,400,256,0.086545,0.078677,0.145021,0.543,0.597,1.0,0.101012,0.085436,1.013,0.921,3926,0.078677,hst,0.857,1.1,0.779,1.1,1.0,3.513861746800697e-16,mix,399,5.545,3981,hst,1,4.355,native,0,0.0,0.75
bcspwr10,5300,21842,8,0.01,19,False,400,256,0.084576,0.078528,0.147501,0.532,0.573,1.0,0.100996,0.085635,0.988,0.917,,0.078528,hst,0.837,1.077,0.778,1.077,1.0,2.258919437555397e-16,mix,399,5.49,3911,hst,1,4.235,native,0,0.0,0.75
bcspwr10,5300,21842,8,0.01,20,False,400,256,0.085555,0.076469,0.145106,0.527,0.59,1.0,0.100505,0.085281,1.003,0.897,15252,0.076469,hst,0.851,1.119,0.761,1.119,1.0,1.5260920413345594e-16,mix,399,5.935,3977,hst,1,4.187,native,0,0.0,0.75
bcspwr10,5300,21842,8,0.01,21,False,400,256,0.084531,0.077409,0.145843,0.531,0.58,1.0,0.099596,0.084701,0.998,0.914,,0.077409,hst,0.849,1.092,0.777,1.092,1.0,3.1586084160755566e-16,mix,399,5.795,3960,hst,1,4.315,native,0,0.0,0.75
bcspwr10,5300,21842,8,0.25,17,False,400,256,0.088491,0.093076,0.600931,0.155,0.147,1.0,0.108386,0.092343,0.958,0.958,,0.088491,delta_baseline,0.816,1.0,0.816,1.0,1.052,1.871280638170483e-16,mix,399,3.632,4062,delta_baseline,0,4.838,native,0,0.0,0.75
bcspwr10,5300,21842,8,0.25,18,False,400,256,0.08709,0.091885,0.601459,0.153,0.145,1.0,0.107785,0.091719,0.95,0.95,,0.08709,delta_baseline,0.808,1.0,0.808,1.0,1.055,3.513861746800697e-16,mix,399,3.116,4070,delta_baseline,0,4.765,native,0,0.0,0.75
bcspwr10,5300,21842,8,0.25,19,False,400,256,0.087543,0.092566,0.599212,0.154,0.146,1.0,0.108575,0.092244,0.949,0.949,,0.087543,delta_baseline,0.806,1.0,0.806,1.0,1.057,2.258919437555397e-16,mix,399,4.971,4023,delta_baseline,0,4.847,native,0,0.0,0.75
bcspwr10,5300,21842,8,0.25,20,False,400,256,0.087315,0.092383,0.596688,0.155,0.146,1.0,0.108383,0.09203,0.949,0.949,,0.087315,delta_baseline,0.806,1.0,0.806,1.0,1.058,1.5260920413345594e-16,mix,399,3.662,4056,delta_baseline,0,4.833,native,0,0.0,0.75
bcspwr10,5300,21842,8,0.25,21,False,400,256,0.087122,0.092497,0.598692,0.154,0.146,1.0,0.107978,0.091761,0.949,0.949,,0.087122,delta_baseline,0.807,1.0,0.807,1.0,1.062,3.1586084160755566e-16,mix,399,4.545,4027,delta_baseline,0,4.807,native,0,0.0,0.75
TSOPF_RS_b39_c30,60098,1079986,8,0.01,17,False,400,256,2.905778,0.358604,0.672377,0.533,4.322,1.0,0.593831,0.331486,8.766,1.082,3,0.358604,hst,4.893,8.103,0.604,8.103,1.0,1.3924108160288588e-16,mix,399,1.745,9291,hst,1,7.926,native,0,0.0,1.0
TSOPF_RS_b39_c30,60098,1079986,8,0.01,18,False,400,256,3.912753,0.410022,0.861361,0.476,4.543,1.0,0.689026,0.404931,9.663,1.013,2,0.410022,hst,5.679,9.543,0.595,9.543,1.0,1.3924108160288588e-16,mix,399,4.136,8751,hst,1,8.294,native,0,0.0,1.0
TSOPF_RS_b39_c30,60098,1079986,8,0.01,19,False,400,256,3.474339,0.360568,0.660358,0.546,5.261,1.0,0.624551,0.350179,9.922,1.03,3,0.360568,hst,5.563,9.636,0.577,9.636,1.0,1.3924108160288588e-16,mix,399,1.831,8457,hst,1,8.03,native,0,0.0,1.0
TSOPF_RS_b39_c30,60098,1079986,8,0.01,20,False,400,256,2.073844,0.306572,0.749369,0.409,2.767,1.0,0.577167,0.292274,7.096,1.049,5,0.306572,hst,3.593,6.765,0.531,6.765,1.0,1.3924108160288588e-16,mix,399,6.577,33810,hst,1,8.226,native,0,0.0,1.0
TSOPF_RS_b39_c30,60098,1079986,8,0.01,21,False,400,138,5.115253,0.392245,0.748366,0.524,6.835,1.0,0.664789,0.395751,12.925,0.991,2,0.392245,hst,7.695,13.041,0.59,13.041,1.0,1.3924108160288588e-16,mix,399,6.452,32329,hst,1,8.121,native,0,0.0,1.0
TSOPF_RS_b39_c30,60098,1079986,8,0.25,17,False,400,256,0.323926,0.229696,0.919966,0.25,0.352,1.0,0.342603,0.207721,1.559,1.106,46,0.229696,hst,0.945,1.41,0.67,1.41,1.0,1.3924108160288588e-16,mix,399,2.853,8706,hst,1,5.347,native,0,0.0,1.0
TSOPF_RS_b39_c30,60098,1079986,8,0.25,18,False,400,256,0.357039,0.214555,1.053023,0.204,0.339,1.0,0.362415,0.217292,1.643,0.987,44,0.214555,hst,0.985,1.664,0.592,1.664,1.0,1.3924108160288588e-16,mix,399,4.244,8800,hst,1,6.136,native,0,0.0,1.0
TSOPF_RS_b39_c30,60098,1079986,8,0.25,19,False,400,256,0.34851,0.210426,1.020449,0.206,0.342,1.0,0.316462,0.207164,1.682,1.016,29,0.210426,hst,1.101,1.656,0.665,1.656,1.0,1.3924108160288588e-16,mix,399,1.89,8616,hst,1,4.11,native,0,0.0,1.0
TSOPF_RS_b39_c30,60098,1079986,8,0.25,20,False,400,256,0.495012,0.22777,1.095696,0.208,0.452,1.0,0.421538,0.222631,2.223,1.023,25,0.22777,hst,1.174,2.173,0.54,2.173,1.0,1.3924108160288588e-16,mix,399,3.485,8436,hst,1,6.843,native,0,0.0,1.0
TSOPF_RS_b39_c30,60098,1079986,8,0.25,21,False,400,138,0.287176,0.140441,0.621502,0.226,0.462,1.0,0.266054,0.134212,2.14,1.046,32,0.140441,hst,1.079,2.045,0.528,2.045,1.0,1.3924108160288588e-16,mix,399,1.0,4850,hst,1,4.968,native,0,0.0,1.0
TSOPF_RS_b162_c3,15374,610299,8,0.01,17,False,400,256,2.215302,0.283076,0.462429,0.612,4.791,1.0,0.435132,0.27604,8.025,1.025,2,0.283076,hst,5.091,7.826,0.651,7.826,1.0,1.2582477660838618e-16,mix,399,1.0,9017,hst,1,4.337,native,0,0.0,1.0
TSOPF_RS_b162_c3,15374,610299,8,0.01,18,False,400,256,2.531569,0.300654,0.516674,0.582,4.9,1.0,0.460674,0.30268,8.364,0.993,2,0.300654,hst,5.495,8.42,0.653,8.42,1.0,1.2582477660838618e-16,mix,399,3.843,10773,hst,1,4.261,native,0,0.0,1.0
TSOPF_RS_b162_c3,15374,610299,8,0.01,19,False,400,256,1.896658,0.256218,0.42791,0.599,4.432,1.0,0.423169,0.257296,7.372,0.996,3,0.256218,hst,4.482,7.403,0.605,7.403,1.0,1.2582477660838618e-16,mix,399,3.334,8425,hst,1,4.277,native,0,0.0,1.0
TSOPF_RS_b162_c3,15374,610299,8,0.01,20,False,400,256,2.269736,0.276413,0.456771,0.605,4.969,1.0,0.44495,0.281159,8.073,0.983,2,0.276413,hst,5.101,8.211,0.621,8.211,1.0,1.2582477660838618e-16,mix,399,4.661,10831,hst,1,4.521,native,0,0.0,1.0
TSOPF_RS_b162_c3,15374,610299,8,0.01,21,False,400,256,2.165725,0.26642,0.45947,0.58,4.714,1.0,0.437928,0.269142,8.047,0.99,2,0.26642,hst,4.945,8.129,0.608,8.129,1.0,1.172605067740121e-16,mix,399,4.169,8656,hst,1,4.476,native,0,0.0,1.0
TSOPF_RS_b162_c3,15374,610299,8,0.25,17,False,400,256,0.569081,0.222167,1.326801,0.167,0.429,1.0,0.309071,0.224009,2.54,0.992,9,0.222167,hst,1.841,2.562,0.719,2.562,1.0,1.2582477660838618e-16,mix,399,3.34,10751,hst,1,3.224,native,0,0.0,1.0
TSOPF_RS_b162_c3,15374,610299,8,0.25,18,False,400,256,0.590254,0.221955,1.316377,0.169,0.448,1.0,0.311228,0.226067,2.611,0.982,9,0.221955,hst,1.897,2.659,0.713,2.659,1.0,1.2582477660838618e-16,mix,399,4.702,10726,hst,1,3.116,native,0,0.0,1.0
TSOPF_RS_b162_c3,15374,610299,8,0.25,19,False,400,256,0.557295,0.219222,1.348227,0.163,0.413,1.0,0.308531,0.219277,2.542,1.0,9,0.219222,hst,1.806,2.542,0.711,2.542,1.0,1.2582477660838618e-16,mix,399,3.274,10792,hst,1,3.191,native,0,0.0,1.0
TSOPF_RS_b162_c3,15374,610299,8,0.25,20,False,400,256,0.568743,0.2196,1.293325,0.17,0.44,1.0,0.324857,0.230834,2.464,0.951,10,0.2196,hst,1.751,2.59,0.676,2.59,1.0,1.2582477660838618e-16,mix,399,4.388,10744,hst,1,3.303,native,0,0.0,1.0
TSOPF_RS_b162_c3,15374,610299,8,0.25,21,False,400,256,0.586964,0.222076,1.278264,0.174,0.459,1.0,0.299956,0.222204,2.642,0.999,8,0.222076,hst,1.957,2.643,0.74,2.643,1.0,1.172605067740121e-16,mix,399,3.387,8581,hst,1,3.057,native,0,0.0,1.0
TSOPF_RS_b300_c1,14538,1474325,8,0.01,17,False,400,256,5.545057,0.597869,1.123222,0.532,4.937,1.0,0.990743,0.583962,9.496,1.024,2,0.597869,hst,5.597,9.275,0.603,9.275,1.0,1.1112960972222602e-16,mix,399,5.347,10343,hst,1,9.791,native,0,0.0,1.0
TSOPF_RS_b300_c1,14538,1474325,8,0.01,18,False,400,256,6.395349,0.624717,1.134934,0.55,5.635,1.0,1.023588,0.617993,10.349,1.011,2,0.624717,hst,6.248,10.237,0.61,10.237,1.0,1.1112960972222602e-16,mix,399,5.408,10367,hst,1,9.568,native,0,0.0,1.0
TSOPF_RS_b300_c1,14538,1474325,8,0.01,19,False,400,256,4.980758,0.523491,0.994853,0.526,5.007,1.0,0.919908,0.511583,9.736,1.023,2,0.523491,hst,5.414,9.515,0.569,9.515,1.0,1.1112960972222602e-16,mix,399,7.459,10310,hst,1,9.656,native,0,0.0,1.0
TSOPF_RS_b300_c1,14538,1474325,8,0.01,20,False,400,256,5.673656,0.605223,1.112884,0.544,5.098,1.0,0.998652,0.582441,9.741,1.039,2,0.605223,hst,5.681,9.374,0.606,9.374,1.0,1.1112960972222602e-16,mix,399,6.802,10315,hst,1,10.018,native,0,0.0,1.0
TSOPF_RS_b300_c1,14538,1474325,8,0.01,21,False,400,256,5.717487,0.548983,1.042455,0.527,5.485,1.0,0.970471,0.543726,10.515,1.01,2,0.548983,hst,5.891,10.415,0.566,10.415,1.0,1.4073755446586306e-16,mix,399,8.962,10158,hst,1,10.055,native,0,0.0,1.0
TSOPF_RS_b300_c1,14538,1474325,8,0.25,17,False,400,256,1.385999,0.376835,2.458001,0.153,0.564,1.0,0.581646,0.370626,3.74,1.017,5,0.376835,hst,2.383,3.678,0.648,3.678,1.0,1.1112960972222602e-16,mix,399,4.235,9650,hst,1,5.523,native,0,0.0,1.0
TSOPF_RS_b300_c1,14538,1474325,8,0.25,18,False,400,256,1.413652,0.369611,2.359035,0.157,0.599,1.0,0.593613,0.370273,3.818,0.998,6,0.369611,hst,2.381,3.825,0.623,3.825,1.0,1.1112960972222602e-16,mix,399,7.458,9835,hst,1,6.218,native,0,0.0,1.0
TSOPF_RS_b300_c1,14538,1474325,8,0.25,19,False,400,256,1.456416,0.38134,2.434308,0.157,0.598,1.0,0.588378,0.375139,3.882,1.017,6,0.38134,hst,2.475,3.819,0.648,3.819,1.0,1.1112960972222602e-16,mix,399,1.69,10268,hst,1,6.09,native,0,0.0,1.0
TSOPF_RS_b300_c1,14538,1474325,8,0.25,20,False,400,256,1.442548,0.378968,2.409745,0.157,0.599,1.0,0.603297,0.371513,3.883,1.02,6,0.378968,hst,2.391,3.807,0.628,3.807,1.0,1.1112960972222602e-16,mix,399,4.47,10326,hst,1,6.457,native,0,0.0,1.0
TSOPF_RS_b300_c1,14538,1474325,8,0.25,21,False,400,256,1.416511,0.375346,2.382187,0.158,0.595,1.0,0.578661,0.372982,3.798,1.006,5,0.375346,hst,2.448,3.774,0.649,3.774,1.0,1.4073755446586306e-16,mix,399,2.06,9440,hst,1,5.689,native,0,0.0,1.0
nasa2910,2910,174296,8,0.01,17,False,400,256,0.806197,0.195029,0.238715,0.817,3.377,1.0,0.209326,0.200122,4.029,0.975,1,0.195029,hst,3.851,4.134,0.932,4.134,1.0,2.8038709295888876e-16,mix,395,3.408,2910,hst,1,0.905,native,0,0.0,1.0
nasa2910,2910,174296,8,0.01,18,False,400,256,0.796471,0.178252,0.233424,0.764,3.412,1.0,0.200386,0.192415,4.139,0.926,1,0.178252,hst,3.975,4.468,0.89,4.468,1.0,3.799423773445064e-16,mix,390,3.384,2909,hst,1,0.826,native,0,0.0,1.0
nasa2910,2910,174296,8,0.01,19,False,400,256,0.815584,0.184115,0.244587,0.753,3.335,1.0,0.20871,0.19863,4.106,0.927,2,0.184115,hst,3.908,4.43,0.882,4.43,1.0,3.9854920332226225e-16,mix,395,3.378,2910,hst,1,0.942,native,0,0.0,1.0
nasa2910,2910,174296,8,0.01,20,False,400,256,0.815817,0.191658,0.244306,0.784,3.339,1.0,0.204276,0.19599,4.163,0.978,1,0.191658,hst,3.994,4.257,0.938,4.257,1.0,3.799423773445064e-16,mix,394,3.5,2910,hst,1,0.858,native,0,0.0,1.0
nasa2910,2910,174296,8,0.01,21,False,400,256,0.78377,0.18046,0.234281,0.77,3.345,1.0,0.20197,0.193777,4.045,0.931,1,0.18046,hst,3.881,4.343,0.893,4.343,1.0,3.170894107257953e-16,mix,399,3.4,2910,hst,1,0.818,native,0,0.0,1.0
nasa2910,2910,174296,8,0.25,17,False,400,256,0.788923,0.20568,1.091154,0.188,0.723,1.0,0.295252,0.220583,3.577,0.932,16,0.20568,hst,2.672,3.836,0.697,3.836,1.0,2.8038709295888876e-16,mix,399,3.924,2910,hst,1,9.36,native,0,0.0,1.0
nasa2910,2910,174296,8,0.25,18,False,400,256,0.789888,0.208323,1.089373,0.191,0.725,1.0,0.297578,0.22434,3.521,0.929,17,0.208323,hst,2.654,3.792,0.7,3.792,1.0,3.799423773445064e-16,mix,399,4.27,2910,hst,1,9.548,native,0,0.0,1.0
nasa2910,2910,174296,8,0.25,19,False,400,256,0.793002,0.206332,1.084601,0.19,0.731,1.0,0.302302,0.225955,3.51,0.913,17,0.206332,hst,2.623,3.843,0.683,3.843,1.0,3.9854920332226225e-16,mix,399,3.649,2910,hst,1,9.806,native,0,0.0,1.0
nasa2910,2910,174296,8,0.25,20,False,400,256,0.790416,0.213142,1.096235,0.194,0.721,1.0,0.295707,0.221838,3.563,0.961,17,0.213142,hst,2.673,3.708,0.721,3.708,1.0,3.799423773445064e-16,mix,399,3.924,2897,hst,1,9.519,native,0,0.0,1.0
nasa2910,2910,174296,8,0.25,21,False,400,256,0.787401,0.206928,1.087023,0.19,0.724,1.0,0.29402,0.22096,3.564,0.936,17,0.206928,hst,2.678,3.805,0.704,3.805,1.0,3.170894107257953e-16,mix,399,3.51,2910,hst,1,9.368,native,0,0.0,1.0
raefsky3,21200,1488768,8,0.01,17,False,400,256,0.817664,0.235795,0.359485,0.656,2.275,1.0,0.243061,0.236237,3.461,0.998,2,0.235795,hst,3.364,3.468,0.97,3.468,1.0,4.21040283801125e-16,mix,399,3.091,12328,hst,1,0.977,native,0,0.0,1.0
raefsky3,21200,1488768,8,0.01,18,False,400,256,0.81071,0.232352,0.378319,0.614,2.143,1.0,0.246653,0.240692,3.368,0.965,2,0.232352,hst,3.287,3.489,0.942,3.489,1.0,3.542741100665178e-16,mix,399,2.536,12040,hst,1,1.029,native,0,0.0,1.0
raefsky3,21200,1488768,8,0.01,19,False,400,256,0.819386,0.230233,0.380469,0.605,2.154,1.0,0.247717,0.241274,3.396,0.954,2,0.230233,hst,3.308,3.559,0.929,3.559,1.0,2.936613481310225e-16,mix,399,2.756,12080,hst,1,0.991,native,0,0.0,1.0
raefsky3,21200,1488768,8,0.01,20,False,400,256,0.817241,0.228322,0.36044,0.633,2.267,1.0,0.248343,0.242035,3.377,0.943,2,0.228322,hst,3.291,3.579,0.919,3.579,1.0,4.654934124763125e-16,mix,399,2.913,12216,hst,1,1.006,native,0,0.0,1.0
raefsky3,21200,1488768,8,0.01,21,False,400,256,0.814686,0.231947,0.384803,0.603,2.117,1.0,0.253202,0.246923,3.299,0.939,2,0.231947,hst,3.218,3.512,0.916,3.512,1.0,3.205001438329397e-16,mix,399,2.659,12008,hst,1,1.027,native,0,0.0,1.0
raefsky3,21200,1488768,8,0.25,17,False,400,256,0.8135,0.310364,1.651589,0.188,0.493,1.0,0.402205,0.324167,2.51,0.957,29,0.310364,hst,2.023,2.621,0.772,2.621,1.0,4.21040283801125e-16,mix,399,1.0,12792,hst,1,14.103,native,0,0.0,1.0
raefsky3,21200,1488768,8,0.25,18,False,400,256,0.814408,0.308641,1.62604,0.19,0.501,1.0,0.404526,0.325677,2.501,0.948,29,0.308641,hst,2.013,2.639,0.763,2.639,1.0,3.542741100665178e-16,mix,399,3.623,12088,hst,1,14.417,native,0,0.0,1.0
raefsky3,21200,1488768,8,0.25,19,False,400,256,0.812033,0.305925,1.655605,0.185,0.49,1.0,0.404031,0.324679,2.501,0.942,30,0.305925,hst,2.01,2.654,0.757,2.654,1.0,2.936613481310225e-16,mix,399,4.402,12136,hst,1,14.511,native,0,0.0,1.0
raefsky3,21200,1488768,8,0.25,20,False,400,256,0.810775,0.305766,1.649281,0.185,0.492,1.0,0.40107,0.323024,2.51,0.947,29,0.305766,hst,2.022,2.652,0.762,2.652,1.0,4.654934124763125e-16,mix,399,1.0,12088,hst,1,14.303,native,0,0.0,1.0
raefsky3,21200,1488768,8,0.25,21,False,400,256,0.813346,0.306655,1.628933,0.188,0.499,1.0,0.400819,0.322574,2.521,0.951,29,0.306655,hst,2.029,2.652,0.765,2.652,1.0,3.205001438329397e-16,mix,399,1.695,12576,hst,1,14.415,native,0,0.0,1.0
case9,14454,147972,8,0.01,17,False,400,256,0.308841,0.121186,0.20211,0.6,1.528,1.0,0.142302,0.12076,2.557,1.004,7,0.121186,hst,2.17,2.548,0.852,2.548,1.0,1.8253563338087409e-16,mix,399,5.425,5125,hst,1,1.299,native,0,0.0,1.0
case9,14454,147972,8,0.01,18,False,400,256,0.253202,0.122882,0.201923,0.609,1.254,1.0,0.146339,0.124212,2.038,0.989,11,0.122882,hst,1.73,2.061,0.84,2.061,1.0,1.6384614607668743e-15,mix,399,3.375,9620,hst,1,1.364,native,0,0.0,1.0
case9,14454,147972,8,0.01,19,False,400,256,0.495617,0.13667,0.243047,0.562,2.039,1.0,0.163011,0.143678,3.449,0.951,4,0.13667,hst,3.04,3.626,0.838,3.626,1.0,1.8253563338087409e-16,mix,399,4.722,9516,hst,1,1.352,native,0,0.0,1.0
case9,14454,147972,8,0.01,20,False,400,256,0.384016,0.125579,0.207283,0.606,1.853,1.0,0.151888,0.131808,2.913,0.953,5,0.125579,hst,2.528,3.058,0.827,3.058,1.0,1.1571059044469956e-15,mix,399,3.295,5141,hst,1,1.364,native,0,0.0,1.0
case9,14454,147972,8,0.01,21,False,400,256,0.619864,0.142578,0.256037,0.557,2.421,1.0,0.171577,0.149337,4.151,0.955,3,0.142578,hst,3.613,4.348,0.831,4.348,1.0,1.4037033603327298e-15,mix,399,4.762,9536,hst,1,1.427,native,0,0.0,1.0
case9,14454,147972,8,0.25,17,False,400,256,0.18381,0.148743,0.715948,0.208,0.257,1.0,0.213321,0.190977,0.962,0.779,,0.148743,hst,0.862,1.236,0.697,1.236,1.0,1.8253563338087409e-16,mix,399,3.081,5174,delta_baseline,0,8.014,native,0,0.0,1.0
case9,14454,147972,8,0.25,18,False,400,256,0.183196,0.139717,0.670427,0.208,0.273,1.0,0.180006,0.149691,1.224,0.933,216,0.139717,hst,1.018,1.311,0.776,1.311,1.0,1.6384614607668743e-15,mix,399,3.923,5360,hst,1,7.251,native,0,0.0,1.0
case9,14454,147972,8,0.25,19,False,400,256,0.160703,0.141099,0.703022,0.201,0.229,1.0,0.184752,0.148551,1.082,0.95,637,0.141099,hst,0.87,1.139,0.764,1.139,1.0,1.8253563338087409e-16,mix,399,2.1,5193,hst,1,7.735,native,0,0.0,1.0
case9,14454,147972,8,0.25,20,False,400,256,0.15938,0.139395,0.670628,0.208,0.238,1.0,0.176915,0.149106,1.069,0.935,703,0.139395,hst,0.901,1.143,0.788,1.143,1.0,1.1571059044469956e-15,mix,399,1.0,5205,hst,1,7.219,native,0,0.0,1.0
case9,14454,147972,8,0.25,21,False,400,256,0.147364,0.137241,0.666317,0.206,0.221,1.0,0.179124,0.145361,1.014,0.944,3719,0.137241,hst,0.823,1.074,0.766,1.074,1.0,1.4037033603327298e-15,mix,399,1.0,7549,hst,1,7.446,native,0,0.0,1.0
msc10848,10848,1229776,8,0.01,17,False,400,256,1.603707,0.397553,0.637978,0.623,2.514,1.0,0.404319,0.39172,4.094,1.015,1,0.397553,hst,3.966,4.034,0.983,4.034,1.0,3.632031213502581e-16,mix,399,4.895,10554,hst,1,1.427,native,0,0.0,1.0
msc10848,10848,1229776,8,0.01,18,False,400,256,1.605297,0.381821,0.656719,0.581,2.444,1.0,0.408,0.392025,4.095,0.974,1,0.381821,hst,3.935,4.204,0.936,4.204,1.0,6.160502327889403e-16,mix,399,4.431,10623,hst,1,1.496,native,0,0.0,1.0
msc10848,10848,1229776,8,0.01,19,False,400,256,1.603544,0.363887,0.60228,0.604,2.662,1.0,0.396658,0.381447,4.204,0.954,1,0.363887,hst,4.043,4.407,0.917,4.407,1.0,4.460432847857754e-16,mix,399,4.793,10575,hst,1,1.478,native,0,0.0,1.0
msc10848,10848,1229776,8,0.01,20,False,400,256,1.56852,0.369472,0.636528,0.58,2.464,1.0,0.411096,0.395826,3.963,0.933,1,0.369472,hst,3.815,4.245,0.899,4.245,1.0,3.2856469467467963e-16,mix,399,4.779,10590,hst,1,1.518,native,0,0.0,1.0
msc10848,10848,1229776,8,0.01,21,False,400,256,1.57579,0.373288,0.654292,0.571,2.408,1.0,0.408704,0.395545,3.984,0.944,1,0.373288,hst,3.856,4.221,0.913,4.221,1.0,5.305500907434564e-16,mix,399,4.437,10626,hst,1,1.495,native,0,0.0,1.0
msc10848,10848,1229776,8,0.25,17,False,400,256,1.569329,0.439652,3.63769,0.121,0.431,1.0,0.599284,0.460695,3.406,0.954,17,0.439652,hst,2.619,3.569,0.734,3.569,1.0,3.632031213502581e-16,mix,399,4.964,10596,hst,1,18.461,native,0,0.0,1.0
msc10848,10848,1229776,8,0.25,18,False,400,256,1.562411,0.44848,3.657997,0.123,0.427,1.0,0.606901,0.465299,3.358,0.964,17,0.44848,hst,2.574,3.484,0.739,3.484,1.0,6.160502327889403e-16,mix,399,5.131,10557,hst,1,18.624,native,0,0.0,1.0
msc10848,10848,1229776,8,0.25,19,False,400,256,1.570297,0.441331,3.688092,0.12,0.426,1.0,0.606546,0.467646,3.358,0.944,17,0.441331,hst,2.589,3.558,0.728,3.558,1.0,4.460432847857754e-16,mix,399,4.558,10524,hst,1,18.981,native,0,0.0,1.0
msc10848,10848,1229776,8,0.25,20,False,400,256,1.579447,0.440432,3.675309,0.12,0.43,1.0,0.603888,0.464477,3.4,0.948,17,0.440432,hst,2.615,3.586,0.729,3.586,1.0,3.2856469467467963e-16,mix,399,3.039,10632,hst,1,18.567,native,0,0.0,1.0
msc10848,10848,1229776,8,0.25,21,False,400,256,1.576853,0.443721,3.796907,0.117,0.415,1.0,0.609226,0.470074,3.354,0.944,17,0.443721,hst,2.588,3.554,0.728,3.554,1.0,5.305500907434564e-16,mix,399,5.158,10515,hst,1,18.561,native,0,0.0,1.0
ct20stif,52329,2600295,8,0.01,17,False,400,256,0.605388,0.255496,0.419462,0.609,1.443,1.0,0.255723,0.249489,2.427,1.024,4,0.255496,hst,2.367,2.369,0.999,2.369,1.0,3.403944480715774e-16,mix,399,4.393,18259,hst,1,1.398,native,0,0.0,1.0
ct20stif,52329,2600295,8,0.01,18,False,400,256,0.570504,0.257673,0.460688,0.559,1.238,1.0,0.268494,0.268049,2.128,0.961,5,0.257673,hst,2.125,2.214,0.96,2.214,1.0,3.351339203340676e-16,mix,399,4.197,18334,hst,1,1.462,native,0,0.0,1.0
ct20stif,52329,2600295,8,0.01,19,False,400,256,0.597443,0.256038,0.430714,0.594,1.387,1.0,0.261194,0.258637,2.31,0.99,4,0.256038,hst,2.287,2.333,0.98,2.333,1.0,2.600013994931016e-16,mix,399,3.785,17850,hst,1,1.351,native,0,0.0,1.0
ct20stif,52329,2600295,8,0.01,20,False,400,256,0.586236,0.259679,0.430779,0.603,1.361,1.0,0.269111,0.266026,2.204,0.976,4,0.259679,hst,2.178,2.258,0.965,2.258,1.0,5.949530076200267e-16,mix,399,3.788,17645,hst,1,1.426,native,0,0.0,1.0
ct20stif,52329,2600295,8,0.01,21,False,400,256,0.616365,0.264927,0.447712,0.592,1.377,1.0,0.277244,0.271652,2.269,0.975,4,0.264927,hst,2.223,2.327,0.956,2.327,1.0,4.493998728164776e-16,mix,399,4.254,18025,hst,1,1.392,native,0,0.0,1.0
ct20stif,52329,2600295,8,0.25,17,False,400,256,0.593612,0.380699,2.086815,0.182,0.284,1.0,0.425139,0.355002,1.672,1.072,76,0.380699,hst,1.396,1.559,0.895,1.559,1.0,3.403944480715774e-16,mix,399,1.0,18080,hst,1,18.249,native,0,0.0,1.0
ct20stif,52329,2600295,8,0.25,18,False,400,256,0.590124,0.338105,2.07205,0.163,0.285,1.0,0.421294,0.353781,1.668,0.956,77,0.338105,hst,1.401,1.745,0.803,1.745,1.0,3.351339203340676e-16,mix,399,3.159,17395,hst,1,18.276,native,0,0.0,1.0
ct20stif,52329,2600295,8,0.25,19,False,400,256,0.589363,0.337402,2.077134,0.162,0.284,1.0,0.423008,0.354144,1.664,0.953,78,0.337402,hst,1.393,1.747,0.798,1.747,1.0,2.600013994931016e-16,mix,399,1.0,17549,hst,1,18.285,native,0,0.0,1.0
ct20stif,52329,2600295,8,0.25,20,False,400,256,0.592463,0.339089,2.083612,0.163,0.284,1.0,0.42175,0.352382,1.681,0.962,76,0.339089,hst,1.405,1.747,0.804,1.747,1.0,5.949530076200267e-16,mix,399,4.894,17717,hst,1,18.239,native,0,0.0,1.0
ct20stif,52329,2600295,8,0.25,21,False,400,256,0.593415,0.33757,2.07604,0.163,0.286,1.0,0.424442,0.353999,1.676,0.954,77,0.33757,hst,1.398,1.758,0.795,1.758,1.0,4.493998728164776e-16,mix,399,1.0,17385,hst,1,18.386,native,0,0.0,1.0
s3rmt3m3,5357,207123,8,0.01,17,False,400,256,0.48402,0.157148,0.22549,0.697,2.147,1.0,0.168608,0.164352,2.945,0.956,2,0.157148,hst,2.871,3.08,0.932,3.08,1.0,4.0558810500666957e-16,mix,399,2.624,4996,hst,1,0.712,native,0,0.0,1.0
s3rmt3m3,5357,207123,8,0.01,18,False,400,256,0.467204,0.149127,0.219707,0.679,2.126,1.0,0.16438,0.160588,2.909,0.929,2,0.149127,hst,2.842,3.133,0.907,3.133,1.0,4.602754019127631e-16,mix,399,2.274,4925,hst,1,0.673,native,0,0.0,1.0
s3rmt3m3,5357,207123,8,0.01,19,False,400,256,0.477057,0.148153,0.211102,0.702,2.26,1.0,0.16457,0.160403,2.974,0.924,2,0.148153,hst,2.899,3.22,0.9,3.22,1.0,3.6103403035014226e-16,mix,398,2.403,5000,hst,1,0.662,native,0,0.0,1.0
s3rmt3m3,5357,207123,8,0.01,20,False,400,256,0.481265,0.150396,0.222587,0.676,2.162,1.0,0.16474,0.161189,2.986,0.933,2,0.150396,hst,2.921,3.2,0.913,3.2,1.0,3.8491695538458903e-16,mix,398,2.19,4966,hst,1,0.663,native,0,0.0,1.0
s3rmt3m3,5357,207123,8,0.01,21,False,400,256,0.480589,0.149098,0.220458,0.676,2.18,1.0,0.164951,0.1614,2.978,0.924,2,0.149098,hst,2.914,3.223,0.904,3.223,1.0,4.3170597187208097e-16,mix,399,2.318,4894,hst,1,0.671,native,0,0.0,1.0
s3rmt3m3,5357,207123,8,0.25,17,False,400,256,0.475415,0.177114,0.869118,0.204,0.547,1.0,0.236321,0.187897,2.53,0.943,29,0.177114,hst,2.012,2.684,0.749,2.684,1.0,4.0558810500666957e-16,mix,399,3.919,5014,hst,1,8.347,native,0,0.0,1.0
s3rmt3m3,5357,207123,8,0.25,18,False,400,256,0.474654,0.176279,0.865296,0.204,0.549,1.0,0.237499,0.189883,2.5,0.928,29,0.176279,hst,1.999,2.693,0.742,2.693,1.0,4.602754019127631e-16,mix,399,3.443,4987,hst,1,8.265,native,0,0.0,1.0
s3rmt3m3,5357,207123,8,0.25,19,False,400,256,0.472835,0.175699,0.864903,0.203,0.547,1.0,0.239146,0.188692,2.506,0.931,31,0.175699,hst,1.977,2.691,0.735,2.691,1.0,3.6103403035014226e-16,mix,399,3.052,4887,hst,1,8.773,native,0,0.0,1.0
s3rmt3m3,5357,207123,8,0.25,20,False,400,256,0.475828,0.17652,0.865444,0.204,0.55,1.0,0.237443,0.189546,2.51,0.931,29,0.17652,hst,2.004,2.696,0.743,2.696,1.0,3.8491695538458903e-16,mix,399,1.706,5086,hst,1,8.317,native,0,0.0,1.0
s3rmt3m3,5357,207123,8,0.25,21,False,400,256,0.473661,0.174767,0.86252,0.203,0.549,1.0,0.234948,0.187244,2.53,0.933,29,0.174767,hst,2.016,2.71,0.744,2.71,1.0,4.3170597187208097e-16,mix,399,3.98,4996,hst,1,8.271,native,0,0.0,1.0
memplus,17758,99147,8,0.01,17,False,400,256,0.279722,0.118834,0.191418,0.621,1.461,1.0,0.139217,0.121401,2.304,0.979,8,0.118834,hst,2.009,2.354,0.854,2.354,1.0,3.582437197197559e-16,mix,399,3.536,5214,hst,1,1.286,native,0,0.0,1.0
memplus,17758,99147,8,0.01,18,False,400,256,0.269964,0.125464,0.191762,0.654,1.408,1.0,0.141822,0.123558,2.185,1.015,9,0.125464,hst,1.904,2.152,0.885,2.152,1.0,3.582443742956908e-16,mix,399,3.783,5138,hst,1,1.282,native,0,0.0,1.0
memplus,17758,99147,8,0.01,19,False,400,256,0.241094,0.116031,0.181474,0.639,1.329,1.0,0.134907,0.119579,2.016,0.97,9,0.116031,hst,1.787,2.078,0.86,2.078,1.0,4.41481093913526e-16,mix,399,1.793,5444,hst,1,1.15,native,0,0.0,1.0
memplus,17758,99147,8,0.01,20,False,400,256,0.273091,0.119131,0.188319,0.633,1.45,1.0,0.142977,0.124699,2.19,0.955,9,0.119131,hst,1.91,2.292,0.833,2.292,1.0,3.582437197197559e-16,mix,399,1.642,5515,hst,1,1.319,native,0,0.0,1.0
memplus,17758,99147,8,0.01,21,False,400,256,0.292947,0.120372,0.19462,0.618,1.505,1.0,0.145064,0.126336,2.319,0.953,8,0.120372,hst,2.019,2.434,0.83,2.434,1.0,3.582437197197559e-16,mix,399,2.224,4319,hst,1,1.306,native,0,0.0,1.0
memplus,17758,99147,8,0.25,17,False,400,256,0.112343,0.132483,0.581316,0.228,0.193,1.0,0.164729,0.138804,0.809,0.809,,0.112343,delta_baseline,0.682,1.0,0.682,1.0,1.179,3.582437197197559e-16,mix,399,6.341,4244,hst,1,7.017,native,0,0.0,1.0
memplus,17758,99147,8,0.25,18,False,400,256,0.114395,0.132172,0.585972,0.226,0.195,1.0,0.166319,0.139187,0.822,0.822,,0.114395,delta_baseline,0.688,1.0,0.688,1.0,1.155,3.582443742956908e-16,mix,399,5.102,4757,hst,1,7.161,native,0,0.0,1.0
memplus,17758,99147,8,0.25,19,False,400,256,0.113502,0.131164,0.588208,0.223,0.193,1.0,0.164855,0.138704,0.818,0.818,,0.113502,delta_baseline,0.688,1.0,0.688,1.0,1.156,4.41481093913526e-16,mix,399,4.391,5059,hst,1,7.15,native,0,0.0,1.0
memplus,17758,99147,8,0.25,20,False,400,256,0.113185,0.131512,0.580591,0.227,0.195,1.0,0.166191,0.139324,0.812,0.812,,0.113185,delta_baseline,0.681,1.0,0.681,1.0,1.162,3.582437197197559e-16,mix,399,6.374,5640,hst,1,7.141,native,0,0.0,1.0
memplus,17758,99147,8,0.25,21,False,400,256,0.115803,0.13748,0.580015,0.237,0.2,1.0,0.165546,0.13792,0.84,0.84,,0.115803,delta_baseline,0.7,1.0,0.7,1.0,1.187,3.582437197197559e-16,mix,399,3.649,4585,hst,1,7.263,native,0,0.0,1.0
olafu,16146,1015156,8,0.01,17,False,400,256,0.728665,0.254826,0.430454,0.592,1.693,1.0,0.260661,0.256208,2.844,0.995,2,0.254826,hst,2.795,2.859,0.978,2.859,1.0,5.582074938205133e-16,mix,399,4.375,12774,hst,1,1.024,native,0,0.0,1.0
olafu,16146,1015156,8,0.01,18,False,400,256,0.714373,0.246708,0.414085,0.596,1.725,1.0,0.255808,0.253515,2.818,0.973,2,0.246708,hst,2.793,2.896,0.964,2.896,1.0,6.4036469396236e-16,mix,399,4.837,12422,hst,1,0.971,native,0,0.0,1.0
olafu,16146,1015156,8,0.01,19,False,400,256,0.723895,0.252875,0.414422,0.61,1.747,1.0,0.266525,0.262569,2.757,0.963,2,0.252875,hst,2.716,2.863,0.949,2.863,1.0,4.864534386882603e-16,mix,399,4.457,12920,hst,1,1.106,native,0,0.0,1.0
olafu,16146,1015156,8,0.01,20,False,400,256,0.739305,0.246043,0.420818,0.585,1.757,1.0,0.26524,0.26081,2.835,0.943,2,0.246043,hst,2.787,3.005,0.928,3.005,1.0,8.4320949564375e-16,mix,399,4.374,12398,hst,1,1.005,native,0,0.0,1.0
olafu,16146,1015156,8,0.01,21,False,400,256,0.767066,0.247543,0.424498,0.583,1.807,1.0,0.26965,0.263619,2.91,0.939,2,0.247543,hst,2.845,3.099,0.918,3.099,1.0,5.998259265642777e-16,mix,399,4.404,13013,hst,1,1.032,native,0,0.0,1.0
olafu,16146,1015156,8,0.25,17,False,400,256,0.750094,0.30916,1.902705,0.162,0.394,1.0,0.3966,0.324003,2.315,0.954,33,0.30916,hst,1.891,2.426,0.78,2.426,1.0,5.582074938205133e-16,mix,399,4.415,12796,hst,1,14.007,native,0,0.0,1.0
olafu,16146,1015156,8,0.25,18,False,400,256,0.745797,0.307209,1.93299,0.159,0.386,1.0,0.396637,0.325424,2.292,0.944,33,0.307209,hst,1.88,2.428,0.775,2.428,1.0,6.4036469396236e-16,mix,399,3.63,12476,hst,1,13.986,native,0,0.0,1.0
olafu,16146,1015156,8,0.25,19,False,400,256,0.747544,0.308049,1.911816,0.161,0.391,1.0,0.392781,0.320711,2.331,0.961,32,0.308049,hst,1.903,2.427,0.784,2.427,1.0,4.864534386882603e-16,mix,399,3.909,12937,hst,1,13.785,native,0,0.0,1.0
olafu,16146,1015156,8,0.25,20,False,400,256,0.752487,0.311864,1.956955,0.159,0.385,1.0,0.407271,0.322737,2.332,0.966,36,0.311864,hst,1.848,2.413,0.766,2.413,1.0,8.4320949564375e-16,mix,399,4.664,12660,hst,1,15.414,native,0,0.0,1.0
olafu,16146,1015156,8,0.25,21,False,400,256,0.742032,0.309798,1.979018,0.157,0.375,1.0,0.395612,0.322108,2.304,0.962,33,0.309798,hst,1.876,2.395,0.783,2.395,1.0,5.998259265642777e-16,mix,399,3.225,12618,hst,1,13.889,native,0,0.0,1.0
bcsstk25,15439,252241,8,0.01,17,False,400,256,0.229011,0.164007,0.248182,0.661,0.923,1.0,0.197321,0.172538,1.327,0.951,98,0.164007,hst,1.161,1.396,0.831,1.396,1.0,1.4310126622262146e-16,mix,399,3.157,9297,hst,1,5.522,native,0,0.0,1.0
bcsstk25,15439,252241,8,0.01,18,False,400,256,0.225029,0.177936,0.241905,0.736,0.93,1.0,0.208976,0.185555,1.213,0.959,138,0.177936,hst,1.077,1.265,0.851,1.265,1.0,2.218697631478781e-16,mix,399,2.602,9171,hst,1,5.462,native,0,0.0,1.0
bcsstk25,15439,252241,8,0.01,19,False,400,256,0.221456,0.166167,0.251295,0.661,0.881,1.0,0.203059,0.179948,1.231,0.923,145,0.166167,hst,1.091,1.333,0.818,1.333,1.0,9.427442670147338e-17,mix,399,2.422,8953,hst,1,6.023,native,0,0.0,1.0
bcsstk25,15439,252241,8,0.01,20,False,400,256,0.232298,0.165509,0.249269,0.664,0.932,1.0,0.20449,0.18006,1.29,0.919,105,0.165509,hst,1.136,1.404,0.809,1.404,1.0,1.4798782495741104e-16,mix,399,2.344,9176,hst,1,5.503,native,0,0.0,1.0
bcsstk25,15439,252241,8,0.01,21,False,400,256,0.222988,0.166325,0.251307,0.662,0.887,1.0,0.206052,0.183692,1.214,0.905,148,0.166325,hst,1.082,1.341,0.807,1.341,1.0,1.5323971434071406e-16,mix,399,2.542,9035,hst,1,5.831,native,0,0.0,1.0
bcsstk25,15439,252241,8,0.25,17,False,400,256,0.216383,0.198399,1.043302,0.19,0.207,1.0,0.236072,0.208149,1.04,0.953,1104,0.198399,hst,0.917,1.091,0.84,1.091,1.0,1.4310126622262146e-16,mix,399,4.842,9044,hst,1,9.09,native,0,0.0,1.0
bcsstk25,15439,252241,8,0.25,18,False,400,256,0.214979,0.197436,1.053742,0.187,0.204,1.0,0.236331,0.208396,1.032,0.947,1401,0.197436,hst,0.91,1.089,0.835,1.089,1.0,2.218697631478781e-16,mix,399,2.665,9198,hst,1,9.222,native,0,0.0,1.0
bcsstk25,15439,252241,8,0.25,19,False,400,256,0.215141,0.198589,1.050797,0.189,0.205,1.0,0.235751,0.208334,1.033,0.953,1343,0.198589,hst,0.913,1.083,0.842,1.083,1.0,9.427442670147338e-17,mix,399,4.279,9130,hst,1,9.14,native,0,0.0,1.0
bcsstk25,15439,252241,8,0.25,20,False,400,256,0.216719,0.197182,1.050016,0.188,0.206,1.0,0.239212,0.2114,1.025,0.933,1717,0.197182,hst,0.906,1.099,0.824,1.099,1.0,1.4798782495741104e-16,mix,399,1.0,9184,hst,1,9.13,native,0,0.0,1.0
bcsstk25,15439,252241,8,0.25,21,False,400,256,0.216173,0.200581,1.063178,0.189,0.203,1.0,0.236013,0.208625,1.036,0.961,1214,0.200581,hst,0.916,1.078,0.85,1.078,1.0,1.5323971434071406e-16,mix,399,3.838,9100,hst,1,9.162,native,0,0.0,1.0
circuit_3,12127,48137,8,0.01,17,False,400,256,0.107948,0.13797,0.164402,0.839,0.657,1.0,0.182139,0.15309,0.705,0.705,,0.107948,delta_baseline,0.593,1.0,0.593,1.0,1.278,6.734179160610594e-16,mix,399,5.14,3453,hst,1,7.144,native,0,0.0,1.0
circuit_3,12127,48137,8,0.01,18,False,400,256,0.113665,0.137882,0.164563,0.838,0.691,1.0,0.191911,0.151458,0.75,0.75,,0.113665,delta_baseline,0.592,1.0,0.592,1.0,1.213,6.734177751265342e-16,mix,399,6.357,3486,hst,1,7.823,native,0,0.0,1.0
circuit_3,12127,48137,8,0.01,19,False,400,256,0.14481,0.143774,0.193221,0.744,0.749,1.0,0.211565,0.157656,0.919,0.912,,0.143774,hst,0.684,1.007,0.68,1.007,1.0,1.38110199246993e-16,mix,399,4.365,3372,hst,1,8.541,native,0,0.0,1.0
circuit_3,12127,48137,8,0.01,20,False,400,256,0.110299,0.136828,0.161852,0.845,0.681,1.0,0.186167,0.155069,0.711,0.711,,0.110299,delta_baseline,0.592,1.0,0.592,1.0,1.241,7.407593410861525e-16,mix,399,5.639,3296,hst,1,7.28,native,0,0.0,1.0
circuit_3,12127,48137,8,0.01,21,False,400,256,0.205527,0.155921,0.227397,0.686,0.904,1.0,0.226591,0.176756,1.163,0.882,302,0.155921,hst,0.907,1.318,0.688,1.318,1.0,6.413984212090423e-16,mix,399,6.328,7723,hst,1,8.687,native,0,0.0,1.0
circuit_3,12127,48137,8,0.25,17,False,400,256,0.103072,0.165189,0.598069,0.276,0.172,1.0,0.141844,0.109849,0.938,0.938,,0.103072,delta_baseline,0.727,1.0,0.727,1.0,1.603,6.734179160610594e-16,mix,399,5.79,7621,delta_baseline,0,8.169,native,0,0.0,1.0
circuit_3,12127,48137,8,0.25,18,False,400,256,0.115411,0.164782,0.586854,0.281,0.197,1.0,0.214409,0.184823,0.624,0.624,,0.115411,delta_baseline,0.538,1.0,0.538,1.0,1.428,6.734177751265342e-16,mix,399,3.923,3343,hst,1,8.36,native,0,0.0,1.0
circuit_3,12127,48137,8,0.25,19,False,400,256,0.11562,0.169284,0.583101,0.29,0.198,1.0,0.222504,0.190143,0.608,0.608,,0.11562,delta_baseline,0.52,1.0,0.52,1.0,1.464,1.38110199246993e-16,mix,399,1.0,3410,hst,1,9.36,native,0,0.0,1.0
circuit_3,12127,48137,8,0.25,20,False,400,256,0.108395,0.165618,0.584126,0.284,0.186,1.0,0.146441,0.117638,0.921,0.921,,0.108395,delta_baseline,0.74,1.0,0.74,1.0,1.528,7.407593410861525e-16,mix,399,1.834,3506,delta_baseline,0,8.283,native,0,0.0,1.0
circuit_3,12127,48137,8,0.25,21,False,400,256,0.10145,0.164553,0.560747,0.293,0.181,1.0,0.14019,0.107559,0.943,0.943,,0.10145,delta_baseline,0.724,1.0,0.724,1.0,1.622,6.413984212090423e-16,mix,399,2.868,3445,delta_baseline,0,8.432,native,0,0.0,1.0
bcsstk18,11948,149090,8,0.01,17,False,400,256,0.198181,0.157393,0.227318,0.692,0.872,1.0,0.189387,0.166929,1.187,0.943,166,0.157393,hst,1.046,1.259,0.831,1.259,1.0,8.625236741385534e-17,mix,399,1.95,7378,hst,1,5.2,native,0,0.0,1.0
bcsstk18,11948,149090,8,0.01,18,False,400,256,0.192625,0.155495,0.227736,0.683,0.846,1.0,0.191285,0.1685,1.143,0.923,226,0.155495,hst,1.007,1.239,0.813,1.239,1.0,1.7955529896133775e-16,mix,399,1.847,7253,hst,1,5.452,native,0,0.0,1.0
bcsstk18,11948,149090,8,0.01,19,False,400,256,0.190612,0.157184,0.227268,0.692,0.839,1.0,0.190681,0.171192,1.113,0.918,272,0.157184,hst,1.0,1.213,0.824,1.213,1.0,1.3804959837172369e-16,mix,399,5.585,7325,hst,1,5.283,native,0,0.0,1.0
bcsstk18,11948,149090,8,0.01,20,False,400,256,0.187824,0.156214,0.230595,0.677,0.815,1.0,0.191177,0.171557,1.095,0.911,330,0.156214,hst,0.982,1.202,0.817,1.202,1.0,2.057824038214574e-16,mix,399,1.0,7402,hst,1,5.362,native,0,0.0,1.0
bcsstk18,11948,149090,8,0.01,21,False,400,256,0.191552,0.153132,0.228199,0.671,0.839,1.0,0.188812,0.167626,1.143,0.914,218,0.153132,hst,1.015,1.251,0.811,1.251,1.0,3.703333649681202e-16,mix,399,1.668,7356,hst,1,5.22,native,0,0.0,1.0
bcsstk18,11948,149090,8,0.25,17,False,400,256,0.185249,0.186534,0.98302,0.19,0.188,1.0,0.22085,0.196567,0.942,0.942,,0.185249,delta_baseline,0.839,1.0,0.839,1.0,1.007,8.625236741385534e-17,mix,399,1.852,7419,hst,1,8.304,native,0,0.0,1.0
bcsstk18,11948,149090,8,0.25,18,False,400,256,0.188519,0.186574,0.985691,0.189,0.191,1.0,0.222255,0.197225,0.956,0.946,,0.186574,hst,0.848,1.01,0.839,1.01,1.0,1.7955529896133775e-16,mix,399,1.0,7393,hst,1,8.451,native,0,0.0,1.0
bcsstk18,11948,149090,8,0.25,19,False,400,256,0.185311,0.184478,0.982428,0.188,0.189,1.0,0.220459,0.196248,0.944,0.94,,0.184478,hst,0.841,1.005,0.837,1.005,1.0,1.3804959837172369e-16,mix,399,3.639,7600,hst,1,8.319,native,0,0.0,1.0
bcsstk18,11948,149090,8,0.25,20,False,400,256,0.183919,0.185449,0.978377,0.19,0.188,1.0,0.221397,0.197085,0.933,0.933,,0.183919,delta_baseline,0.831,1.0,0.831,1.0,1.008,2.057824038214574e-16,mix,399,5.537,7699,hst,1,8.345,native,0,0.0,1.0
bcsstk18,11948,149090,8,0.25,21,False,400,256,0.181615,0.184725,0.990465,0.187,0.183,1.0,0.218744,0.193989,0.936,0.936,,0.181615,delta_baseline,0.83,1.0,0.83,1.0,1.017,3.703333649681202e-16,mix,399,1.0,7471,hst,1,8.452,native,0,0.0,1.0
add32,4960,19848,8,0.01,17,False,400,256,0.072062,0.068395,0.096446,0.709,0.747,1.0,0.087058,0.07478,0.964,0.915,,0.068395,hst,0.828,1.054,0.786,1.054,1.0,1.834572946307244e-16,mix,399,2.722,3056,hst,1,3.225,native,0,0.0,1.0
add32,4960,19848,8,0.01,18,False,400,256,0.072221,0.081001,0.101228,0.8,0.713,1.0,0.091598,0.079998,0.903,0.903,,0.072221,delta_baseline,0.788,1.0,0.788,1.0,1.122,3.8969112366871195e-16,mix,399,2.844,3071,hst,1,3.162,native,0,0.0,1.0
add32,4960,19848,8,0.01,19,False,400,256,0.072023,0.07258,0.093987,0.772,0.766,1.0,0.094999,0.084259,0.855,0.855,,0.072023,delta_baseline,0.758,1.0,0.758,1.0,1.008,1.440904858629578e-16,mix,398,2.672,3044,hst,1,3.01,native,0,0.0,1.0
add32,4960,19848,8,0.01,20,False,400,256,0.071922,0.065364,0.09475,0.69,0.759,1.0,0.090494,0.078965,0.911,0.828,,0.065364,hst,0.795,1.1,0.722,1.1,1.0,1.9189147112235067e-16,mix,399,3.356,3011,hst,1,3.066,native,0,0.0,1.0
add32,4960,19848,8,0.01,21,False,400,256,0.073553,0.066888,0.094983,0.704,0.774,1.0,0.08854,0.076449,0.962,0.875,,0.066888,hst,0.831,1.1,0.755,1.1,1.0,2.4073268406156015e-16,mix,399,1.825,2970,hst,1,3.179,native,0,0.0,1.0
add32,4960,19848,8,0.25,17,False,400,256,0.073263,0.08383,0.355942,0.236,0.206,1.0,0.092207,0.077285,0.948,0.948,,0.073263,delta_baseline,0.795,1.0,0.795,1.0,1.144,1.834572946307244e-16,mix,399,5.493,3061,delta_baseline,0,4.408,native,0,0.0,1.0
add32,4960,19848,8,0.25,18,False,400,256,0.073122,0.08498,0.354853,0.239,0.206,1.0,0.09288,0.077886,0.939,0.939,,0.073122,delta_baseline,0.787,1.0,0.787,1.0,1.162,3.8969112366871195e-16,mix,399,3.708,3086,delta_baseline,0,4.466,native,0,0.0,1.0
add32,4960,19848,8,0.25,19,False,400,256,0.072708,0.085009,0.352238,0.241,0.206,1.0,0.092657,0.077511,0.938,0.938,,0.072708,delta_baseline,0.785,1.0,0.785,1.0,1.169,1.440904858629578e-16,mix,399,3.204,3153,delta_baseline,0,4.458,native,0,0.0,1.0
add32,4960,19848,8,0.25,20,False,400,256,0.072276,0.083248,0.350852,0.237,0.206,1.0,0.092602,0.077187,0.936,0.936,,0.072276,delta_baseline,0.78,1.0,0.78,1.0,1.152,1.9189147112235067e-16,mix,399,6.357,3191,delta_baseline,0,4.513,native,0,0.0,1.0
add32,4960,19848,8,0.25,21,False,400,256,0.072376,0.083579,0.352253,0.237,0.205,1.0,0.092464,0.077121,0.938,0.938,,0.072376,delta_baseline,0.783,1.0,0.783,1.0,1.155,2.4073268406156015e-16,mix,399,1.0,3128,delta_baseline,0,4.5,native,0,0.0,1.0
epb2,25228,175027,8,0.01,17,False,400,256,0.121015,0.112592,0.152768,0.737,0.792,1.0,0.140739,0.116301,1.041,0.968,1176,0.112592,hst,0.86,1.075,0.8,1.075,1.0,1.2653601002823704e-16,mix,399,5.019,5629,hst,1,5.545,native,0,0.0,1.0
epb2,25228,175027,8,0.01,18,False,400,256,0.102425,0.110844,0.146975,0.754,0.697,1.0,0.131996,0.116903,0.876,0.876,,0.102425,delta_baseline,0.776,1.0,0.776,1.0,1.082,1.0817377525460358e-16,mix,399,5.73,5574,hst,1,4.92,native,0,0.0,1.0
epb2,25228,175027,8,0.01,19,False,400,256,0.099183,0.116523,0.14799,0.787,0.67,1.0,0.135864,0.120464,0.823,0.823,,0.099183,delta_baseline,0.73,1.0,0.73,1.0,1.175,1.2261168325020086e-16,mix,399,4.943,5592,hst,1,5.04,native,0,0.0,1.0
epb2,25228,175027,8,0.01,20,False,400,256,0.104807,0.111921,0.151739,0.738,0.691,1.0,0.13563,0.119873,0.874,0.874,,0.104807,delta_baseline,0.773,1.0,0.773,1.0,1.068,1.2651934239081537e-16,mix,399,5.288,5660,hst,1,5.05,native,0,0.0,1.0
epb2,25228,175027,8,0.01,21,False,400,256,0.104925,0.111886,0.150643,0.743,0.697,1.0,0.139761,0.123303,0.851,0.851,,0.104925,delta_baseline,0.751,1.0,0.751,1.0,1.066,1.711511604198709e-16,mix,399,5.288,5656,hst,1,5.246,native,0,0.0,1.0
epb2,25228,175027,8,0.25,17,False,400,256,0.104421,0.14948,0.571937,0.261,0.183,1.0,0.133822,0.109035,0.958,0.958,,0.104421,delta_baseline,0.78,1.0,0.78,1.0,1.432,1.2653601002823704e-16,mix,399,6.034,5541,delta_baseline,0,7.878,native,0,0.0,1.0
epb2,25228,175027,8,0.25,18,False,400,256,0.104116,0.146643,0.576221,0.254,0.181,1.0,0.134524,0.111135,0.937,0.937,,0.104116,delta_baseline,0.774,1.0,0.774,1.0,1.408,1.0817377525460358e-16,mix,399,1.935,5558,delta_baseline,0,7.914,native,0,0.0,1.0
epb2,25228,175027,8,0.25,19,False,400,256,0.103774,0.14543,0.574277,0.253,0.181,1.0,0.13237,0.109587,0.947,0.947,,0.103774,delta_baseline,0.784,1.0,0.784,1.0,1.401,1.2261168325020086e-16,mix,399,1.0,5631,delta_baseline,0,7.774,native,0,0.0,1.0
epb2,25228,175027,8,0.25,20,False,400,256,0.102788,0.151278,0.573274,0.264,0.179,1.0,0.131303,0.108411,0.948,0.948,,0.102788,delta_baseline,0.783,1.0,0.783,1.0,1.472,1.2651934239081537e-16,mix,399,1.0,5637,delta_baseline,0,7.813,native,0,0.0,1.0
epb2,25228,175027,8,0.25,21,False,400,256,0.103606,0.151116,0.573389,0.264,0.181,1.0,0.133256,0.110327,0.939,0.939,,0.103606,delta_baseline,0.777,1.0,0.777,1.0,1.459,1.711511604198709e-16,mix,399,1.0,5643,delta_baseline,0,7.854,native,0,0.0,1.0
rajat03,7602,32653,8,0.01,17,False,400,256,0.076048,0.08174,0.128251,0.637,0.593,1.0,0.103351,0.089504,0.85,0.85,,0.076048,delta_baseline,0.736,1.0,0.736,1.0,1.075,1.5389215321852664e-16,mix,399,3.583,4722,hst,1,3.695,native,0,0.0,1.0
rajat03,7602,32653,8,0.01,18,False,400,256,0.071912,0.079684,0.12605,0.632,0.571,1.0,0.102305,0.089146,0.807,0.807,,0.071912,delta_baseline,0.703,1.0,0.703,1.0,1.108,1.5443765292083486e-16,mix,399,3.347,4625,hst,1,3.622,native,0,0.0,1.0
rajat03,7602,32653,8,0.01,19,False,400,256,0.070667,0.079487,0.126015,0.631,0.561,1.0,0.10264,0.090704,0.779,0.779,,0.070667,delta_baseline,0.688,1.0,0.688,1.0,1.125,1.5991248545154193e-16,mix,399,2.637,4422,hst,1,3.52,native,0,0.0,1.0
rajat03,7602,32653,8,0.01,20,False,400,256,0.07874,0.080035,0.12549,0.638,0.627,1.0,0.102281,0.089677,0.878,0.878,,0.07874,delta_baseline,0.77,1.0,0.77,1.0,1.016,1.538921533552159e-16,mix,399,4.017,4430,hst,1,3.726,native,0,0.0,1.0
rajat03,7602,32653,8,0.01,21,False,400,256,0.071561,0.07916,0.127329,0.622,0.562,1.0,0.102727,0.089994,0.795,0.795,,0.071561,delta_baseline,0.697,1.0,0.697,1.0,1.106,1.5389215543573844e-16,mix,399,2.926,4472,hst,1,3.714,native,0,0.0,1.0
rajat03,7602,32653,8,0.25,17,False,400,256,0.074994,0.098722,0.5134,0.192,0.146,1.0,0.097492,0.08115,0.924,0.924,,0.074994,delta_baseline,0.769,1.0,0.769,1.0,1.316,1.5389215321852664e-16,mix,399,3.38,4398,delta_baseline,0,5.076,native,0,0.0,1.0
rajat03,7602,32653,8,0.25,18,False,400,256,0.075917,0.098302,0.511874,0.192,0.148,1.0,0.098476,0.081555,0.931,0.931,,0.075917,delta_baseline,0.771,1.0,0.771,1.0,1.295,1.5443765292083486e-16,mix,399,4.937,4434,delta_baseline,0,5.188,native,0,0.0,1.0
rajat03,7602,32653,8,0.25,19,False,400,256,0.076988,0.098431,0.510766,0.193,0.151,1.0,0.099126,0.081759,0.942,0.942,,0.076988,delta_baseline,0.777,1.0,0.777,1.0,1.279,1.5991248545154193e-16,mix,399,4.361,4543,delta_baseline,0,5.177,native,0,0.0,1.0
rajat03,7602,32653,8,0.25,20,False,400,256,0.077063,0.099145,0.51728,0.192,0.149,1.0,0.099715,0.082902,0.93,0.93,,0.077063,delta_baseline,0.773,1.0,0.773,1.0,1.287,1.538921533552159e-16,mix,399,1.0,4524,delta_baseline,0,5.125,native,0,0.0,1.0
rajat03,7602,32653,8,0.25,21,False,400,256,0.075765,0.097924,0.511125,0.192,0.148,1.0,0.098985,0.082267,0.921,0.921,,0.075765,delta_baseline,0.765,1.0,0.765,1.0,1.292,1.5389215543573844e-16,mix,399,5.782,4552,delta_baseline,0,5.175,native,0,0.0,1.0
wang3,26064,177168,8,0.01,17,False,400,256,0.144702,0.176683,0.258071,0.685,0.561,1.0,0.210639,0.184578,0.784,0.784,,0.144702,delta_baseline,0.687,1.0,0.687,1.0,1.221,1.1305705384438466e-16,mix,399,6.386,8623,hst,1,8.448,native,0,0.0,1.0
wang3,26064,177168,8,0.01,18,False,400,256,0.144551,0.178546,0.25711,0.694,0.562,1.0,0.214612,0.18958,0.762,0.762,,0.144551,delta_baseline,0.674,1.0,0.674,1.0,1.235,2.415345571415648e-16,mix,399,5.739,8613,hst,1,8.162,native,0,0.0,1.0
wang3,26064,177168,8,0.01,19,False,400,256,0.145112,0.177618,0.258211,0.688,0.562,1.0,0.215192,0.190715,0.761,0.761,,0.145112,delta_baseline,0.674,1.0,0.674,1.0,1.224,1.1119305929315413e-16,mix,399,5.839,8680,hst,1,8.281,native,0,0.0,1.0
wang3,26064,177168,8,0.01,20,False,400,256,0.14492,0.182894,0.267817,0.683,0.541,1.0,0.221205,0.195681,0.741,0.741,,0.14492,delta_baseline,0.655,1.0,0.655,1.0,1.262,2.3978588170819393e-16,mix,399,5.767,8711,hst,1,8.501,native,0,0.0,1.0
wang3,26064,177168,8,0.01,21,False,400,256,0.105329,0.120621,0.198338,0.608,0.531,1.0,0.14674,0.129554,0.813,0.813,,0.105329,delta_baseline,0.718,1.0,0.718,1.0,1.145,1.1305705384438466e-16,mix,399,5.326,8798,hst,1,5.828,native,0,0.0,1.0
wang3,26064,177168,8,0.25,17,False,400,256,0.10449,0.159777,0.80422,0.199,0.13,1.0,0.134502,0.110427,0.946,0.946,,0.10449,delta_baseline,0.777,1.0,0.777,1.0,1.529,1.1305705384438466e-16,mix,399,2.133,8735,delta_baseline,0,8.185,native,0,0.0,1.0
wang3,26064,177168,8,0.25,18,False,400,256,0.104187,0.155908,0.808177,0.193,0.129,1.0,0.134601,0.110502,0.943,0.943,,0.104187,delta_baseline,0.774,1.0,0.774,1.0,1.496,2.415345571415648e-16,mix,399,1.0,8538,delta_baseline,0,8.201,native,0,0.0,1.0
wang3,26064,177168,8,0.25,19,False,400,256,0.10447,0.155848,0.807751,0.193,0.129,1.0,0.134612,0.110316,0.947,0.947,,0.10447,delta_baseline,0.776,1.0,0.776,1.0,1.492,1.1119305929315413e-16,mix,399,5.115,8483,delta_baseline,0,8.365,native,0,0.0,1.0
wang3,26064,177168,8,0.25,20,False,400,256,0.104324,0.154724,0.806886,0.192,0.129,1.0,0.134486,0.110519,0.944,0.944,,0.104324,delta_baseline,0.776,1.0,0.776,1.0,1.483,2.3978588170819393e-16,mix,399,4.245,8578,delta_baseline,0,8.202,native,0,0.0,1.0
wang3,26064,177168,8,0.25,21,False,400,256,0.104559,0.155585,0.805979,0.193,0.13,1.0,0.134448,0.110189,0.949,0.949,,0.104559,delta_baseline,0.778,1.0,0.778,1.0,1.488,1.1305705384438466e-16,mix,399,4.137,8679,delta_baseline,0,8.209,native,0,0.0,1.0
scircuit,170998,958936,8,0.01,17,False,400,256,0.117473,0.212279,0.200402,1.059,0.586,1.0,0.24275,0.170079,0.691,0.691,,0.117473,delta_baseline,0.484,1.0,0.484,1.0,1.807,2.6050372849850016e-16,mix,399,1.441,6820,hst,1,25.409,native,0,0.0,1.0
scircuit,170998,958936,8,0.01,18,False,400,256,0.10551,0.160503,0.192656,0.833,0.548,1.0,0.231088,0.170841,0.618,0.618,,0.10551,delta_baseline,0.457,1.0,0.457,1.0,1.521,2.0386846321125864e-16,mix,399,1.616,6385,hst,1,24.139,native,0,0.0,1.0
scircuit,170998,958936,8,0.01,19,False,400,256,0.128618,0.173966,0.20969,0.83,0.613,1.0,0.256691,0.184596,0.697,0.697,,0.128618,delta_baseline,0.501,1.0,0.501,1.0,1.353,1.8803246323926756e-16,mix,399,1.169,6670,hst,1,26.776,native,0,0.0,1.0
scircuit,170998,958936,8,0.01,20,False,400,256,0.105049,0.166549,0.191107,0.871,0.55,1.0,0.237519,0.178031,0.59,0.59,,0.105049,delta_baseline,0.442,1.0,0.442,1.0,1.585,2.757259758035496e-16,mix,399,2.095,6933,hst,1,24.497,native,0,0.0,1.0
scircuit,170998,958936,8,0.01,21,False,400,256,0.129641,0.174836,0.206205,0.848,0.629,1.0,0.259726,0.187198,0.693,0.693,,0.129641,delta_baseline,0.499,1.0,0.499,1.0,1.349,5.194813152189734e-16,mix,399,1.471,6557,hst,1,26.929,native,0,0.0,1.0
scircuit,170998,958936,8,0.25,17,False,400,256,0.110661,0.314302,0.805611,0.39,0.137,1.0,0.225487,0.146239,0.757,0.757,,0.110661,delta_baseline,0.491,1.0,0.491,1.0,2.84,2.6050372849850016e-16,mix,399,2.109,6890,delta_baseline,0,30.923,native,0,0.0,1.0
scircuit,170998,958936,8,0.25,18,False,400,256,0.123787,0.281407,0.815959,0.345,0.152,1.0,0.22169,0.141698,0.874,0.874,,0.123787,delta_baseline,0.558,1.0,0.558,1.0,2.273,2.0386846321125864e-16,mix,399,3.423,7375,delta_baseline,0,31.528,native,0,0.0,1.0
scircuit,170998,958936,8,0.25,19,False,400,256,0.122927,0.26686,0.806165,0.331,0.152,1.0,0.223038,0.140799,0.873,0.873,,0.122927,delta_baseline,0.551,1.0,0.551,1.0,2.171,1.8803246323926756e-16,mix,399,7.45,6574,delta_baseline,0,32.055,native,0,0.0,1.0
scircuit,170998,958936,8,0.25,20,False,400,256,0.120009,0.26387,0.816336,0.323,0.147,1.0,0.232923,0.147004,0.816,0.816,,0.120009,delta_baseline,0.515,1.0,0.515,1.0,2.199,2.757259758035496e-16,mix,399,2.058,6460,delta_baseline,0,31.55,native,0,0.0,1.0
scircuit,170998,958936,8,0.25,21,False,400,256,0.120731,0.258055,0.810129,0.319,0.149,1.0,0.235081,0.146173,0.826,0.826,,0.120731,delta_baseline,0.514,1.0,0.514,1.0,2.137,5.194813152189734e-16,mix,399,7.321,6541,delta_baseline,0,31.913,native,0,0.0,1.0
bcspwr09,1723,6511,8,0.01,17,False,400,256,0.079669,0.05563,0.067178,0.828,1.186,1.0,0.073982,0.06057,1.315,0.918,161,0.05563,hst,1.077,1.432,0.752,1.432,1.0,3.3992994908668667e-16,mix,370,3.784,1643,hst,1,3.079,native,0,0.0,1.0
bcspwr09,1723,6511,8,0.01,18,False,400,256,0.077174,0.053858,0.067071,0.803,1.151,1.0,0.073954,0.060186,1.282,0.895,185,0.053858,hst,1.044,1.433,0.728,1.433,1.0,1.860896069197576e-16,mix,366,3.685,1639,hst,1,3.145,native,0,0.0,1.0
bcspwr09,1723,6511,8,0.01,19,False,400,256,0.078104,0.053747,0.065418,0.822,1.194,1.0,0.072871,0.059606,1.31,0.902,158,0.053747,hst,1.072,1.453,0.738,1.453,1.0,1.4472386138826977e-16,mix,360,3.587,1673,hst,1,2.927,native,0,0.0,1.0
bcspwr09,1723,6511,8,0.01,20,False,400,256,0.077527,0.053501,0.064237,0.833,1.207,1.0,0.072798,0.059566,1.302,0.898,170,0.053501,hst,1.065,1.449,0.735,1.449,1.0,4.2716015826531054e-16,mix,357,3.853,1615,hst,1,3.055,native,0,0.0,1.0
bcspwr09,1723,6511,8,0.01,21,False,400,256,0.07941,0.053735,0.066607,0.807,1.192,1.0,0.073753,0.059962,1.324,0.896,156,0.053735,hst,1.077,1.478,0.729,1.478,1.0,9.609496773994548e-17,mix,358,3.75,1641,hst,1,3.042,native,0,0.0,1.0
bcspwr09,1723,6511,8,0.25,17,False,400,256,0.077287,0.063081,0.22769,0.277,0.339,1.0,0.082891,0.069177,1.117,0.912,419,0.063081,hst,0.932,1.225,0.761,1.225,1.0,3.3992994908668667e-16,mix,399,1.971,1658,hst,1,3.4,native,0,0.0,1.0
bcspwr09,1723,6511,8,0.25,18,False,400,256,0.077707,0.066555,0.226549,0.294,0.343,1.0,0.089695,0.073849,1.052,0.901,1017,0.066555,hst,0.866,1.168,0.742,1.168,1.0,1.860896069197576e-16,mix,399,4.803,1658,hst,1,3.926,native,0,0.0,1.0
bcspwr09,1723,6511,8,0.25,19,False,400,256,0.077194,0.06363,0.226308,0.281,0.341,1.0,0.084427,0.07102,1.087,0.896,548,0.06363,hst,0.914,1.213,0.754,1.213,1.0,1.4472386138826977e-16,mix,399,2.479,1642,hst,1,3.385,native,0,0.0,1.0
bcspwr09,1723,6511,8,0.25,20,False,400,256,0.077186,0.066897,0.227069,0.295,0.34,1.0,0.085274,0.070689,1.092,0.946,553,0.066897,hst,0.905,1.154,0.784,1.154,1.0,4.2716015826531054e-16,mix,399,2.122,1657,hst,1,3.59,native,0,0.0,1.0
bcspwr09,1723,6511,8,0.25,21,False,400,256,0.076766,0.065496,0.226826,0.289,0.338,1.0,0.082986,0.069374,1.107,0.944,460,0.065496,hst,0.925,1.172,0.789,1.172,1.0,9.609496773994548e-17,mix,399,2.478,1614,hst,1,3.398,native,0,0.0,1.0
bcspwr10,5300,21842,8,0.01,17,False,400,256,0.08536,0.080617,0.148455,0.543,0.575,1.0,0.101653,0.086091,0.992,0.936,,0.080617,hst,0.84,1.059,0.793,1.059,1.0,1.871280638170483e-16,mix,399,5.332,4102,hst,1,4.405,native,0,0.0,1.0
bcspwr10,5300,21842,8,0.01,18,False,400,256,0.086597,0.079073,0.148584,0.532,0.583,1.0,0.102965,0.086866,0.997,0.91,,0.079073,hst,0.841,1.095,0.768,1.095,1.0,3.513861746800697e-16,mix,398,5.216,4116,hst,1,4.592,native,0,0.0,1.0
bcspwr10,5300,21842,8,0.01,19,False,400,256,0.08569,0.078663,0.149761,0.525,0.572,1.0,0.102053,0.086819,0.987,0.906,,0.078663,hst,0.84,1.089,0.771,1.089,1.0,2.258919437555397e-16,mix,398,6.142,4035,hst,1,4.326,native,0,0.0,1.0
bcspwr10,5300,21842,8,0.01,20,False,400,256,0.085451,0.077895,0.1443,0.54,0.592,1.0,0.101498,0.086466,0.988,0.901,,0.077895,hst,0.842,1.097,0.767,1.097,1.0,1.5260920413345594e-16,mix,399,5.377,3991,hst,1,4.158,native,0,0.0,1.0
bcspwr10,5300,21842,8,0.01,21,False,400,256,0.08494,0.077953,0.146582,0.532,0.579,1.0,0.10164,0.086464,0.982,0.902,,0.077953,hst,0.836,1.09,0.767,1.09,1.0,3.1586084160755566e-16,mix,398,5.479,4093,hst,1,4.447,native,0,0.0,1.0
bcspwr10,5300,21842,8,0.25,17,False,400,256,0.084978,0.092424,0.594602,0.155,0.143,1.0,0.105529,0.089343,0.951,0.951,,0.084978,delta_baseline,0.805,1.0,0.805,1.0,1.088,1.871280638170483e-16,mix,399,6.544,3985,delta_baseline,0,4.851,native,0,0.0,1.0
bcspwr10,5300,21842,8,0.25,18,False,400,256,0.085269,0.092384,0.601986,0.153,0.142,1.0,0.105605,0.089367,0.954,0.954,,0.085269,delta_baseline,0.807,1.0,0.807,1.0,1.083,3.513861746800697e-16,mix,399,3.716,4237,delta_baseline,0,4.854,native,0,0.0,1.0
bcspwr10,5300,21842,8,0.25,19,False,400,256,0.084972,0.09265,0.601582,0.154,0.141,1.0,0.10597,0.089688,0.947,0.947,,0.084972,delta_baseline,0.802,1.0,0.802,1.0,1.09,2.258919437555397e-16,mix,399,4.862,4099,delta_baseline,0,4.873,native,0,0.0,1.0
bcspwr10,5300,21842,8,0.25,20,False,400,256,0.084482,0.09184,0.60312,0.152,0.14,1.0,0.105847,0.089901,0.94,0.94,,0.084482,delta_baseline,0.798,1.0,0.798,1.0,1.087,1.5260920413345594e-16,mix,399,1.844,4037,delta_baseline,0,4.822,native,0,0.0,1.0
bcspwr10,5300,21842,8,0.25,21,False,400,256,0.085093,0.093791,0.598251,0.157,0.142,1.0,0.105731,0.089679,0.949,0.949,,0.085093,delta_baseline,0.805,1.0,0.805,1.0,1.102,3.1586084160755566e-16,mix,399,1.0,4015,delta_baseline,0,4.811,native,0,0.0,1.0
