matrix,N,nnz,B,rho,seed,motion,lane_order,steps,dirty_cols,slice_nnz_mean,slice_nnz_first,slice_nnz_last,rows_per_block,rows_merged,merge_ratio,maxrelerr,delta_baseline_rebuilds,block_open_prepares,block_open_compiles,block_open_merged_prepares,delta_baseline_ms,delta_baseline_exec_ms,block_open_ms,block_open_exec_ms,block_open_merged_ms,block_open_merged_exec_ms,block_open_vs_delta_baseline,block_open_merged_vs_delta_baseline,hst_vs_delta_baseline,hst_vs_block_open,block_open_merged_vs_block_open
TSOPF_RS_b39_c30,60098,1079986,8,0.0,17,drift,rotate,400,256,305958,305958,305958,62106,30502,2.0361,3.4799005362835824e-16,1,1,35,1,0.35874,0.351475,0.424387,0.407229,0.358505,0.344194,0.8453,1.0007,0.8552,1.0117,1.1838
TSOPF_RS_b39_c30,60098,1079986,8,0.0,18,drift,rotate,400,256,305958,305958,305958,62106,30502,2.0361,1.9892750543703998e-16,1,1,22,1,0.386299,0.378913,0.431202,0.413978,0.366473,0.351655,0.8959,1.0541,0.8919,0.9955,1.1766
TSOPF_RS_b39_c30,60098,1079986,8,0.0,19,drift,rotate,400,256,305958,305958,305958,62028,30494,2.0341,3.372190252722962e-16,1,1,20,1,0.386095,0.378863,0.423304,0.406577,0.359728,0.345414,0.9121,1.0733,0.9189,1.0075,1.1767
TSOPF_RS_b39_c30,60098,1079986,8,0.0,20,drift,rotate,400,256,305958,305958,305958,62106,30502,2.0361,3.253523553326168e-16,1,1,20,1,0.364782,0.357466,0.424391,0.407387,0.359368,0.344811,0.8595,1.0151,0.8573,0.9973,1.1809
TSOPF_RS_b39_c30,60098,1079986,8,0.0,21,drift,rotate,400,138,304406,304406,304406,61516,30428,2.0217,2.905011715811546e-16,1,1,6,1,0.397209,0.389979,0.417119,0.40069,0.353602,0.339494,0.9523,1.1233,0.9602,1.0084,1.1796
TSOPF_RS_b39_c30,60098,1079986,8,0.002,17,drift,rotate,400,256,302819.0,305958,304704,62106,30502,2.0361,3.4799005362835824e-16,376,26,11,26,13.869678,0.382119,0.505621,0.462679,1.748572,0.434467,27.431,7.932,29.4121,1.0722,0.2892
TSOPF_RS_b39_c30,60098,1079986,8,0.002,18,drift,rotate,400,256,304395.8,305958,304730,62106,30502,2.0361,2.836449829081981e-16,370,38,0,38,13.67797,0.373597,0.508092,0.464791,2.225,0.43698,26.9203,6.1474,29.2745,1.0875,0.2284
TSOPF_RS_b39_c30,60098,1079986,8,0.002,19,drift,rotate,400,256,303445.9,305958,305857,62028,30494,2.0341,3.1758579755019686e-16,380,27,12,27,13.947529,0.365391,0.504959,0.461975,1.620128,0.433581,27.6211,8.6089,29.504,1.0682,0.3117
TSOPF_RS_b39_c30,60098,1079986,8,0.002,20,drift,rotate,400,256,303876.3,305958,305587,62106,30502,2.0361,2.552339082327365e-16,375,24,10,24,13.846254,0.368502,0.506933,0.463727,1.537704,0.437203,27.3138,9.0045,29.9977,1.0983,0.3297
TSOPF_RS_b39_c30,60098,1079986,8,0.002,21,drift,rotate,400,138,304406,304406,304406,61516,30428,2.0217,2.905011715811546e-16,1,1,0,1,0.400827,0.39379,0.456999,0.440714,0.43299,0.419021,0.8771,0.9257,0.9567,1.0908,1.0554
TSOPF_RS_b39_c30,60098,1079986,8,0.01,17,drift,rotate,400,256,303321.3,305958,304666,62106,30502,2.0361,3.6133982397760654e-16,403,65,11,65,14.785022,0.377936,0.513703,0.46672,3.841827,0.435901,28.7813,3.8484,30.793,1.0699,0.1337
TSOPF_RS_b39_c30,60098,1079986,8,0.01,18,drift,rotate,400,256,303287.8,305958,303552,62106,30502,2.0361,3.262324758368774e-16,403,63,0,63,14.771953,0.396082,0.511058,0.464684,3.660571,0.436616,28.9047,4.0354,31.0198,1.0732,0.1396
TSOPF_RS_b39_c30,60098,1079986,8,0.01,19,drift,rotate,400,256,301993.4,305958,303863,62028,30494,2.0341,3.1758579755019686e-16,403,49,9,49,14.724338,0.388838,0.512491,0.46684,2.88204,0.436268,28.7309,5.109,30.9794,1.0783,0.1778
TSOPF_RS_b39_c30,60098,1079986,8,0.01,20,drift,rotate,400,256,303330.3,305958,304679,62106,30502,2.0361,2.3128558815491234e-16,403,69,14,69,14.775732,0.389966,0.516148,0.469164,4.201854,0.436843,28.6269,3.5165,30.6969,1.0723,0.1228
TSOPF_RS_b39_c30,60098,1079986,8,0.01,21,drift,rotate,400,138,304406,304406,304406,61516,30428,2.0217,2.645100820466541e-16,1,1,0,1,0.366278,0.358792,0.457226,0.440471,0.430839,0.417018,0.8011,0.8502,0.8885,1.1091,1.0612
TSOPF_RS_b39_c30,60098,1079986,8,0.05,17,drift,rotate,400,256,302651.6,305958,304481,62106,30502,2.0361,3.4799005362835824e-16,403,251,30,251,14.755795,0.386028,0.528319,0.473606,16.963614,0.449736,27.9297,0.8698,26.6811,0.9553,0.0311
TSOPF_RS_b39_c30,60098,1079986,8,0.05,18,drift,rotate,400,256,302671.6,305958,304655,62106,30502,2.0361,2.1269505276771867e-16,403,281,19,281,14.762359,0.378071,0.534835,0.478039,20.433924,0.463045,27.6017,0.7224,26.1415,0.9471,0.0262
TSOPF_RS_b39_c30,60098,1079986,8,0.05,19,drift,rotate,400,256,303479.5,305958,305446,62028,30494,2.0341,3.1758579755019686e-16,403,210,27,210,14.779805,0.389694,0.523503,0.470049,13.045413,0.455977,28.2325,1.133,27.4545,0.9724,0.0401
TSOPF_RS_b39_c30,60098,1079986,8,0.05,20,drift,rotate,400,256,302484.3,305958,304025,62106,30502,2.0361,2.3128558815491234e-16,403,259,10,259,14.770223,0.381039,0.532903,0.477272,17.913828,0.46125,27.7165,0.8245,26.6864,0.9628,0.0297
TSOPF_RS_b39_c30,60098,1079986,8,0.05,21,drift,rotate,400,138,295688,304406,303291,61516,30428,2.0217,2.645100820466541e-16,402,236,63,236,14.458869,0.373454,0.51059,0.457675,11.133201,0.448509,28.318,1.2987,27.3965,0.9675,0.0459
TSOPF_RS_b39_c30,60098,1079986,8,0.25,17,drift,rotate,400,256,305297.7,305958,306351,62106,30502,2.0361,3.4799005362835824e-16,403,341,25,341,14.913947,0.375313,0.532839,0.473832,22.091467,0.460896,27.9896,0.6751,25.7874,0.9213,0.0241
TSOPF_RS_b39_c30,60098,1079986,8,0.25,18,drift,rotate,400,256,304833.6,305958,307008,62106,30502,2.0361,1.979365084008007e-16,403,397,31,397,14.891266,0.375422,0.537379,0.47599,26.858256,0.462593,27.7109,0.5544,24.6296,0.8888,0.02
TSOPF_RS_b39_c30,60098,1079986,8,0.25,19,drift,rotate,400,256,305693.5,305958,306282,62028,30494,2.0341,3.1758579755019686e-16,403,180,0,180,14.878463,0.385316,0.517951,0.466389,10.419785,0.45224,28.7256,1.4279,29.2903,1.0197,0.0497
TSOPF_RS_b39_c30,60098,1079986,8,0.25,20,drift,rotate,400,256,304958.0,305958,304070,62106,30502,2.0361,2.3128558815491234e-16,403,403,259,403,14.927319,0.387878,0.546683,0.481178,30.769034,0.466655,27.3053,0.4851,24.1373,0.884,0.0178
TSOPF_RS_b39_c30,60098,1079986,8,0.25,21,drift,rotate,400,138,302124.6,304406,304555,61516,30428,2.0217,2.645100820466541e-16,403,290,56,290,14.809221,0.381491,0.511725,0.457175,13.271599,0.449591,28.9398,1.1159,27.5847,0.9532,0.0386
TSOPF_RS_b39_c30,60098,1079986,8,0.0,17,jump,rotate,400,256,305958,305958,305958,62106,30502,2.0361,3.4799005362835824e-16,1,1,0,1,0.361786,0.354709,0.460845,0.444589,0.45195,0.438056,0.785,0.8005,0.8609,1.0966,1.0197
TSOPF_RS_b39_c30,60098,1079986,8,0.0,18,jump,rotate,400,256,305958,305958,305958,62106,30502,2.0361,1.9892750543703998e-16,1,1,0,1,0.361217,0.354123,0.461183,0.444952,0.452378,0.43868,0.7832,0.7985,0.8635,1.1024,1.0195
TSOPF_RS_b39_c30,60098,1079986,8,0.0,19,jump,rotate,400,256,305958,305958,305958,62028,30494,2.0341,3.372190252722962e-16,1,1,0,1,0.338567,0.33164,0.459705,0.443733,0.451411,0.437826,0.7365,0.75,0.8106,1.1006,1.0184
TSOPF_RS_b39_c30,60098,1079986,8,0.0,20,jump,rotate,400,256,305958,305958,305958,62106,30502,2.0361,3.253523553326168e-16,1,1,0,1,0.36109,0.354162,0.460605,0.444674,0.451826,0.438231,0.7839,0.7992,0.8632,1.1011,1.0194
TSOPF_RS_b39_c30,60098,1079986,8,0.0,21,jump,rotate,400,138,304406,304406,304406,61516,30428,2.0217,2.905011715811546e-16,1,1,0,1,0.356636,0.349861,0.454016,0.438339,0.446789,0.433492,0.7855,0.7982,0.8662,1.1027,1.0162
TSOPF_RS_b39_c30,60098,1079986,8,0.002,17,jump,rotate,400,256,144357.5,305958,33274,62106,30502,2.0361,3.4799005362835824e-16,403,400,268,400,7.11054,0.222166,0.593134,0.529812,57.370433,0.495567,11.9881,0.1239,10.1924,0.8502,0.0103
TSOPF_RS_b39_c30,60098,1079986,8,0.002,18,jump,rotate,400,256,111274.4,305958,62996,62106,30502,2.0361,3.0100098613357003e-16,403,401,260,401,5.492648,0.188107,0.602332,0.539355,56.407461,0.500023,9.119,0.0974,7.7107,0.8456,0.0107
TSOPF_RS_b39_c30,60098,1079986,8,0.002,19,jump,rotate,400,256,188296.2,305958,63651,62028,30494,2.0341,3.1758579755019686e-16,403,401,257,401,9.216294,0.267907,0.608306,0.540987,56.411013,0.495513,15.1508,0.1634,13.1125,0.8655,0.0108
TSOPF_RS_b39_c30,60098,1079986,8,0.002,20,jump,rotate,400,256,155647.5,305958,34081,62106,30502,2.0361,2.3128558815491234e-16,403,401,238,401,7.598598,0.232183,0.61418,0.549398,58.100122,0.498822,12.3719,0.1308,10.5718,0.8545,0.0106
TSOPF_RS_b39_c30,60098,1079986,8,0.002,21,jump,rotate,400,138,304406,304406,304406,61516,30428,2.0217,2.905011715811546e-16,1,1,0,1,0.334473,0.328267,0.452343,0.437487,0.446095,0.432977,0.7394,0.7498,0.8155,1.1028,1.014
TSOPF_RS_b39_c30,60098,1079986,8,0.01,17,jump,rotate,400,256,55459.9,305958,3353,62106,30502,2.0361,3.4799005362835824e-16,403,403,649,403,2.781288,0.089166,0.383349,0.32492,27.194603,0.291525,7.2552,0.1023,5.4032,0.7447,0.0141
TSOPF_RS_b39_c30,60098,1079986,8,0.01,18,jump,rotate,400,256,51580.3,305958,3364,62106,30502,2.0361,2.320428132352585e-16,403,403,557,403,2.596567,0.090986,0.409193,0.350006,31.290701,0.30931,6.3456,0.083,4.7107,0.7424,0.0131
TSOPF_RS_b39_c30,60098,1079986,8,0.01,19,jump,rotate,400,256,53461.1,305958,3188,62028,30494,2.0341,3.1758579755019686e-16,403,403,468,403,2.819978,0.107387,0.442043,0.384499,41.184426,0.343244,6.3794,0.0685,4.8387,0.7585,0.0107
TSOPF_RS_b39_c30,60098,1079986,8,0.01,20,jump,rotate,400,256,125264.4,305958,33381,62106,30502,2.0361,2.3128558815491234e-16,403,403,427,403,6.244795,0.202788,0.595894,0.529494,68.491371,0.482917,10.4797,0.0912,8.278,0.7899,0.0087
TSOPF_RS_b39_c30,60098,1079986,8,0.01,21,jump,rotate,400,138,44358.0,304406,2184,61516,30428,2.0217,2.645100820466541e-16,403,402,117,402,2.284805,0.084192,0.40143,0.352596,19.445791,0.344033,5.6917,0.1175,4.2147,0.7405,0.0206
TSOPF_RS_b39_c30,60098,1079986,8,0.05,17,jump,rotate,400,256,17341.9,305958,3565,62106,30502,2.0361,3.4799005362835824e-16,403,403,1052,403,0.916011,0.039226,0.25558,0.200217,10.680052,0.145202,3.584,0.0858,2.2929,0.6398,0.0239
TSOPF_RS_b39_c30,60098,1079986,8,0.05,18,jump,rotate,400,256,14281.0,305958,3174,62106,30502,2.0361,1.2401781380624111e-16,403,403,548,403,0.792638,0.040181,0.274535,0.22384,14.897875,0.170637,2.8872,0.0532,1.8546,0.6424,0.0184
TSOPF_RS_b39_c30,60098,1079986,8,0.05,19,jump,rotate,400,256,18785.7,305958,3270,62028,30494,2.0341,3.1758579755019686e-16,403,403,282,403,0.996852,0.044282,0.279522,0.231856,16.312435,0.170242,3.5663,0.0611,2.324,0.6517,0.0171
TSOPF_RS_b39_c30,60098,1079986,8,0.05,20,jump,rotate,400,256,14754.6,305958,3620,62106,30502,2.0361,2.3128558815491234e-16,403,403,127,403,0.822995,0.038558,0.24986,0.204144,9.297743,0.14637,3.2938,0.0885,2.0735,0.6295,0.0269
TSOPF_RS_b39_c30,60098,1079986,8,0.05,21,jump,rotate,400,138,14578.8,304406,1852,61516,30428,2.0217,2.645100820466541e-16,403,403,45,403,0.829622,0.036169,0.185213,0.146082,7.164545,0.119113,4.4793,0.1158,2.8497,0.6362,0.0259
TSOPF_RS_b39_c30,60098,1079986,8,0.25,17,jump,rotate,400,256,8262.2,305958,3255,62106,30502,2.0361,3.4799005362835824e-16,403,403,81,403,0.514086,0.029818,0.25042,0.206808,10.14447,0.148142,2.0529,0.0507,1.2553,0.6115,0.0247
TSOPF_RS_b39_c30,60098,1079986,8,0.25,18,jump,rotate,400,256,7170.9,305958,3170,62106,30502,2.0361,1.2401781380624111e-16,403,403,3,403,0.439277,0.024782,0.229709,0.187956,6.996414,0.125051,1.9123,0.0628,1.1622,0.6077,0.0328
TSOPF_RS_b39_c30,60098,1079986,8,0.25,19,jump,rotate,400,256,6282.3,305958,33426,62028,30494,2.0341,3.1758579755019686e-16,403,403,0,403,0.394855,0.023175,0.22103,0.179679,5.600726,0.116974,1.7864,0.0705,1.0722,0.6002,0.0395
TSOPF_RS_b39_c30,60098,1079986,8,0.25,20,jump,rotate,400,256,7235.8,305958,3226,62106,30502,2.0361,2.3128558815491234e-16,403,403,0,403,0.457162,0.026039,0.235652,0.193604,7.516553,0.133284,1.94,0.0608,1.1705,0.6033,0.0314
TSOPF_RS_b39_c30,60098,1079986,8,0.25,21,jump,rotate,400,138,6165.6,304406,1914,61516,30428,2.0217,2.645100820466541e-16,403,403,0,403,0.383867,0.020168,0.151262,0.11532,4.017841,0.086693,2.5378,0.0955,1.4745,0.581,0.0376
TSOPF_RS_b162_c3,15374,610299,8,0.0,17,drift,rotate,400,256,194408,194408,194408,32124,7920,4.0561,2.33199221406069e-16,1,1,37,1,0.231152,0.226052,0.283502,0.270733,0.267523,0.255487,0.8153,0.864,0.8209,1.0068,1.0597
TSOPF_RS_b162_c3,15374,610299,8,0.0,18,drift,rotate,400,256,194408,194408,194408,32190,7924,4.0623,2.250136108661321e-16,1,1,21,1,0.199697,0.19457,0.253998,0.241649,0.214244,0.202372,0.7862,0.9321,0.8063,1.0255,1.1856
TSOPF_RS_b162_c3,15374,610299,8,0.0,19,drift,rotate,400,256,194408,194408,194408,32181,7924,4.0612,2.0975294965738434e-16,1,1,21,1,0.199347,0.19426,0.252641,0.240163,0.213864,0.2018,0.7891,0.9321,0.7066,0.8955,1.1813
TSOPF_RS_b162_c3,15374,610299,8,0.0,20,drift,rotate,400,256,194408,194408,194408,32124,7920,4.0561,1.8123573768650002e-16,1,1,6,1,0.198759,0.193505,0.253426,0.240928,0.213505,0.201697,0.7843,0.9309,0.8055,1.0271,1.187
TSOPF_RS_b162_c3,15374,610299,8,0.0,21,drift,rotate,400,256,195544,195544,195544,32275,7926,4.072,2.9638176259977964e-16,1,1,23,1,0.202278,0.197161,0.254406,0.24142,0.217002,0.204931,0.7951,0.9321,0.7151,0.8994,1.1724
TSOPF_RS_b162_c3,15374,610299,8,0.002,17,drift,rotate,400,256,192237.0,194408,193680,32124,7920,4.0561,1.5194492431320698e-16,388,78,35,78,8.616832,0.219574,0.308103,0.27594,2.609989,0.224543,27.9674,3.3015,26.8288,0.9593,0.118
TSOPF_RS_b162_c3,15374,610299,8,0.002,18,drift,rotate,400,256,192133.6,194408,193423,32190,7924,4.0623,1.751713168186348e-16,381,72,22,72,8.469276,0.222281,0.311669,0.278456,2.368029,0.225739,27.1739,3.5765,26.0975,0.9604,0.1316
TSOPF_RS_b162_c3,15374,610299,8,0.002,19,drift,rotate,400,256,191351.6,194408,178236,32181,7924,4.0612,1.7914258383441745e-16,381,68,19,68,8.457778,0.22178,0.306596,0.275295,2.181758,0.223818,27.5861,3.8766,26.9658,0.9775,0.1405
TSOPF_RS_b162_c3,15374,610299,8,0.002,20,drift,rotate,400,256,186508.7,194408,185437,32124,7920,4.0561,1.8123573768650002e-16,395,67,4,67,8.505982,0.21666,0.306961,0.276588,2.132149,0.224369,27.7103,3.9894,26.6272,0.9609,0.144
TSOPF_RS_b162_c3,15374,610299,8,0.002,21,drift,rotate,400,256,191512.8,195544,185864,32275,7926,4.072,1.7477865179838082e-16,392,72,17,72,8.687436,0.222066,0.309913,0.278407,2.450223,0.226619,28.0319,3.5456,27.1576,0.9688,0.1265
TSOPF_RS_b162_c3,15374,610299,8,0.01,17,drift,rotate,400,256,181411.1,194408,146100,32124,7920,4.0561,1.560862024527934e-16,403,167,18,167,8.461762,0.212583,0.323071,0.285857,5.462242,0.225398,26.1916,1.5491,23.804,0.9088,0.0591
TSOPF_RS_b162_c3,15374,610299,8,0.01,18,drift,rotate,400,256,182305.8,194408,177022,32190,7924,4.0623,1.926436873884769e-16,403,171,9,171,8.498357,0.214705,0.32226,0.28552,5.732152,0.225142,26.3711,1.4826,23.8711,0.9052,0.0562
TSOPF_RS_b162_c3,15374,610299,8,0.01,19,drift,rotate,400,256,186593.4,194408,192185,32181,7924,4.0612,1.6899156815578936e-16,403,161,10,161,8.71288,0.218603,0.323511,0.286752,5.449841,0.225232,26.9323,1.5987,24.4626,0.9083,0.0594
TSOPF_RS_b162_c3,15374,610299,8,0.01,20,drift,rotate,400,256,185285.4,194408,184444,32124,7920,4.0561,1.8123573768650002e-16,403,148,7,148,8.646673,0.216133,0.323018,0.286411,4.800908,0.224844,26.7684,1.801,24.4852,0.9147,0.0673
TSOPF_RS_b162_c3,15374,610299,8,0.01,21,drift,rotate,400,256,189297.5,195544,185484,32275,7926,4.072,2.0924885827861008e-16,402,156,14,156,8.810175,0.222152,0.324549,0.287233,5.396222,0.227166,27.1459,1.6327,24.82,0.9143,0.0601
TSOPF_RS_b162_c3,15374,610299,8,0.05,17,drift,rotate,400,256,179093.0,194408,191977,32124,7920,4.0561,2.320762796438013e-16,403,350,51,350,8.370563,0.211113,0.339906,0.2923,11.909387,0.223851,24.6261,0.7029,19.8994,0.8081,0.0285
TSOPF_RS_b162_c3,15374,610299,8,0.05,18,drift,rotate,400,256,183667.2,194408,169413,32190,7924,4.0623,2.1714528584633987e-16,403,367,66,367,8.607356,0.216461,0.347094,0.296901,13.457978,0.226674,24.7983,0.6396,20.0102,0.8069,0.0258
TSOPF_RS_b162_c3,15374,610299,8,0.05,19,drift,rotate,400,256,146247.9,194408,2371,32181,7924,4.0612,1.9696302466590976e-16,403,296,47,296,6.884512,0.17651,0.313801,0.270596,9.685607,0.20761,21.9391,0.7108,18.1835,0.8288,0.0324
TSOPF_RS_b162_c3,15374,610299,8,0.05,20,drift,rotate,400,256,180931.1,194408,132214,32124,7920,4.0561,2.4089004751647486e-16,403,342,11,342,8.482969,0.232396,0.337997,0.290855,11.093725,0.223074,25.0978,0.7647,20.4202,0.8136,0.0305
TSOPF_RS_b162_c3,15374,610299,8,0.05,21,drift,rotate,400,256,184405.5,195544,185198,32275,7926,4.072,1.9195117594220186e-16,403,367,80,367,8.624682,0.230582,0.345404,0.295528,13.391934,0.225721,24.9698,0.644,20.0302,0.8022,0.0258
TSOPF_RS_b162_c3,15374,610299,8,0.25,17,drift,rotate,400,256,190053.5,194408,117010,32124,7920,4.0561,2.1436383882743508e-16,403,401,105,401,8.909689,0.240993,0.342083,0.29026,14.652273,0.224153,26.0454,0.6081,20.4669,0.7858,0.0233
TSOPF_RS_b162_c3,15374,610299,8,0.25,18,drift,rotate,400,256,182495.2,194408,2430,32190,7924,4.0623,1.6311741823669817e-16,403,387,45,387,8.561578,0.241152,0.333861,0.284705,13.868675,0.219354,25.6441,0.6173,20.288,0.7911,0.0241
TSOPF_RS_b162_c3,15374,610299,8,0.25,19,drift,rotate,400,256,193375.6,194408,193948,32181,7924,4.0612,1.2871383544192614e-16,403,402,144,402,9.095636,0.239564,0.35047,0.297566,16.667664,0.228361,25.9527,0.5457,20.3858,0.7855,0.021
TSOPF_RS_b162_c3,15374,610299,8,0.25,20,drift,rotate,400,256,145603.4,194408,2396,32124,7920,4.0561,1.8123573768650002e-16,403,317,0,317,6.84135,0.178476,0.286903,0.245403,9.89039,0.188385,23.8455,0.6917,19.393,0.8133,0.029
TSOPF_RS_b162_c3,15374,610299,8,0.25,21,drift,rotate,400,256,192497.8,195544,146991,32275,7926,4.072,1.7662770250841423e-16,403,398,17,398,8.998384,0.22757,0.343883,0.294574,15.549411,0.226355,26.167,0.5787,20.4888,0.783,0.0221
TSOPF_RS_b162_c3,15374,610299,8,0.0,17,jump,rotate,400,256,194408,194408,194408,32124,7920,4.0561,2.33199221406069e-16,1,1,0,1,0.262612,0.2574,0.254788,0.24178,0.214846,0.202493,1.0307,1.2223,1.0557,1.0242,1.1859
TSOPF_RS_b162_c3,15374,610299,8,0.0,18,jump,rotate,400,256,194408,194408,194408,32190,7924,4.0623,2.250136108661321e-16,1,1,0,1,0.262714,0.25757,0.255921,0.242738,0.214838,0.20247,1.0265,1.2228,0.9228,0.899,1.1912
TSOPF_RS_b162_c3,15374,610299,8,0.0,19,jump,rotate,400,256,194408,194408,194408,32181,7924,4.0612,2.0975294965738434e-16,1,1,0,1,0.262369,0.257129,0.255015,0.241937,0.214932,0.202533,1.0288,1.2207,1.0548,1.0253,1.1865
TSOPF_RS_b162_c3,15374,610299,8,0.0,20,jump,rotate,400,256,194408,194408,194408,32124,7920,4.0561,1.8123573768650002e-16,1,1,0,1,0.26229,0.257152,0.254545,0.2416,0.215109,0.202835,1.0304,1.2193,0.9239,0.8966,1.1833
TSOPF_RS_b162_c3,15374,610299,8,0.0,21,jump,rotate,400,256,195544,195544,195544,32275,7926,4.072,2.9638176259977964e-16,1,1,0,1,0.264184,0.259036,0.253862,0.240841,0.216707,0.204288,1.0407,1.2191,1.0607,1.0193,1.1715
TSOPF_RS_b162_c3,15374,610299,8,0.002,17,jump,rotate,400,256,109494.7,194408,51147,32124,7920,4.0561,1.5894756339734833e-16,403,385,144,385,5.227101,0.13744,0.415507,0.364827,31.055472,0.293394,12.5801,0.1683,10.0864,0.8018,0.0134
TSOPF_RS_b162_c3,15374,610299,8,0.002,18,jump,rotate,400,256,101125.7,194408,36444,32190,7924,4.0623,2.7191635235448934e-16,403,388,107,388,4.837688,0.133044,0.424726,0.374133,31.635646,0.309392,11.3901,0.1529,9.2072,0.8083,0.0134
TSOPF_RS_b162_c3,15374,610299,8,0.002,19,jump,rotate,400,256,103059.6,194408,37280,32181,7924,4.0612,1.9283715334794145e-16,403,390,86,390,4.940019,0.130481,0.43476,0.384834,32.191588,0.319103,11.3626,0.1535,9.3395,0.822,0.0135
TSOPF_RS_b162_c3,15374,610299,8,0.002,20,jump,rotate,400,256,86749.1,194408,44380,32124,7920,4.0561,1.8123573768650002e-16,402,388,69,388,4.180873,0.117746,0.404983,0.356767,29.173278,0.296737,10.3236,0.1433,8.3118,0.8051,0.0139
TSOPF_RS_b162_c3,15374,610299,8,0.002,21,jump,rotate,400,256,84266.8,195544,29189,32275,7926,4.072,1.7477865179838082e-16,403,393,62,393,4.067647,0.108015,0.374698,0.326731,24.910391,0.266285,10.8558,0.1633,8.5601,0.7885,0.015
TSOPF_RS_b162_c3,15374,610299,8,0.01,17,jump,rotate,400,256,48458.8,194408,14706,32124,7920,4.0561,1.0556056459727581e-16,403,403,134,403,2.382247,0.071523,0.401946,0.353319,35.129253,0.282513,5.9268,0.0678,4.466,0.7535,0.0114
TSOPF_RS_b162_c3,15374,610299,8,0.01,18,jump,rotate,400,256,50452.0,194408,7187,32190,7924,4.0623,1.6311741823669817e-16,403,403,61,403,2.468458,0.072254,0.345073,0.299604,25.450783,0.238516,7.1534,0.097,5.1502,0.72,0.0136
TSOPF_RS_b162_c3,15374,610299,8,0.01,19,jump,rotate,400,256,41058.3,194408,6697,32181,7924,4.0612,1.2871383544192614e-16,403,403,26,403,2.036642,0.063665,0.344952,0.30007,26.462036,0.239201,5.9041,0.077,4.2303,0.7165,0.013
TSOPF_RS_b162_c3,15374,610299,8,0.01,20,jump,rotate,400,256,48941.7,194408,6599,32124,7920,4.0561,1.8123573768650002e-16,403,403,18,403,2.401535,0.069688,0.377032,0.332592,30.62652,0.263493,6.3696,0.0784,4.7489,0.7456,0.0123
TSOPF_RS_b162_c3,15374,610299,8,0.01,21,jump,rotate,400,256,45390.1,195544,21849,32275,7926,4.072,1.7477865179838082e-16,403,403,15,403,2.240553,0.069659,0.339119,0.294296,23.970809,0.233601,6.607,0.0935,4.7051,0.7121,0.0141
TSOPF_RS_b162_c3,15374,610299,8,0.05,17,jump,rotate,400,256,16413.1,194408,22615,32124,7920,4.0561,6.922485113753605e-17,403,403,8,403,0.866474,0.034094,0.258203,0.218516,13.963071,0.168403,3.3558,0.0621,2.0937,0.6239,0.0185
TSOPF_RS_b162_c3,15374,610299,8,0.05,18,jump,rotate,400,256,14158.0,194408,6641,32190,7924,4.0623,1.6311741823669817e-16,403,403,0,403,0.760562,0.032092,0.255918,0.216789,13.699962,0.166836,2.9719,0.0555,1.8603,0.626,0.0187
TSOPF_RS_b162_c3,15374,610299,8,0.05,19,jump,rotate,400,256,21134.0,194408,6941,32181,7924,4.0612,1.2871383544192614e-16,403,403,0,403,1.089154,0.040158,0.278768,0.238095,17.239303,0.184743,3.907,0.0632,2.5221,0.6455,0.0162
TSOPF_RS_b162_c3,15374,610299,8,0.05,20,jump,rotate,400,256,18693.2,194408,14331,32124,7920,4.0561,1.8123573768650002e-16,403,403,0,403,0.975861,0.037763,0.259765,0.219795,14.027469,0.169135,3.7567,0.0696,2.3595,0.6281,0.0185
TSOPF_RS_b162_c3,15374,610299,8,0.05,21,jump,rotate,400,256,23446.2,195544,14603,32275,7926,4.072,1.7477865179838082e-16,403,403,0,403,1.203678,0.045384,0.302083,0.260531,21.734845,0.202098,3.9846,0.0554,2.6556,0.6665,0.0139
TSOPF_RS_b162_c3,15374,610299,8,0.25,17,jump,rotate,400,256,11592.8,194408,6827,32124,7920,4.0561,6.922485113753605e-17,403,403,0,403,0.641264,0.02969,0.255691,0.216331,14.042082,0.164952,2.508,0.0457,1.5331,0.6113,0.0182
TSOPF_RS_b162_c3,15374,610299,8,0.25,18,jump,rotate,400,256,11144.9,194408,6730,32190,7924,4.0623,1.6311741823669817e-16,403,403,0,403,0.621556,0.02974,0.249071,0.210265,12.970995,0.158971,2.4955,0.0479,1.5198,0.609,0.0192
TSOPF_RS_b162_c3,15374,610299,8,0.25,19,jump,rotate,400,256,11336.6,194408,7399,32181,7924,4.0612,1.2871383544192614e-16,403,403,0,403,0.632743,0.029617,0.259787,0.220593,14.665103,0.167946,2.4356,0.0431,1.502,0.6167,0.0177
TSOPF_RS_b162_c3,15374,610299,8,0.25,20,jump,rotate,400,256,12460.4,194408,14338,32124,7920,4.0561,1.878123849194325e-16,403,403,0,403,0.687434,0.031319,0.26183,0.223035,15.364894,0.169621,2.6255,0.0447,1.6418,0.6253,0.017
TSOPF_RS_b162_c3,15374,610299,8,0.25,21,jump,rotate,400,256,10911.3,195544,6270,32275,7926,4.072,1.7477865179838082e-16,403,403,0,403,0.611174,0.028741,0.250768,0.212328,13.427895,0.160857,2.4372,0.0455,1.4961,0.6139,0.0187
TSOPF_RS_b300_c1,14538,1474325,8,0.0,17,drift,rotate,400,256,496944,496944,496944,65771,7435,8.8461,1.6426498633793947e-16,1,1,37,1,0.64962,0.643057,0.598612,0.582382,0.610732,0.596753,1.0852,1.0637,0.9592,0.8839,0.9802
TSOPF_RS_b300_c1,14538,1474325,8,0.0,18,drift,rotate,400,256,496944,496944,496944,65771,7435,8.8461,1.4717834420665808e-16,1,1,20,1,0.649332,0.642847,0.597328,0.581219,0.611541,0.597638,1.0871,1.0618,0.9587,0.8819,0.9768
TSOPF_RS_b300_c1,14538,1474325,8,0.0,19,drift,rotate,400,256,496944,496944,496944,65771,7435,8.8461,1.125578234503878e-16,1,1,20,1,0.621873,0.61547,0.597592,0.581908,0.610765,0.596647,1.0406,1.0182,0.9193,0.8834,0.9784
TSOPF_RS_b300_c1,14538,1474325,8,0.0,20,drift,rotate,400,256,496944,496944,496944,65771,7435,8.8461,1.6480405767896894e-16,1,1,2,1,0.6499,0.643384,0.591267,0.575404,0.610943,0.596961,1.0992,1.0638,0.9609,0.8742,0.9678
TSOPF_RS_b300_c1,14538,1474325,8,0.0,21,drift,rotate,400,256,502010,502010,502010,66400,7314,9.0785,2.1521570577092392e-16,1,1,28,1,0.656543,0.650118,0.598505,0.582415,0.618473,0.60429,1.097,1.0616,0.9543,0.8699,0.9677
TSOPF_RS_b300_c1,14538,1474325,8,0.002,17,drift,rotate,400,256,351053.9,496944,274327,65771,7435,8.8461,1.8111367463039978e-16,401,162,74,162,16.213969,0.454683,0.698028,0.646747,19.326946,0.64456,23.2283,0.8389,21.2119,0.9132,0.0361
TSOPF_RS_b300_c1,14538,1474325,8,0.002,18,drift,rotate,400,256,326236.0,496944,273915,65771,7435,8.8461,1.6929380014807794e-16,400,157,49,157,15.053792,0.409714,0.666691,0.617049,17.166591,0.607092,22.5799,0.8769,20.8452,0.9232,0.0388
TSOPF_RS_b300_c1,14538,1474325,8,0.002,19,drift,rotate,400,256,324918.6,496944,261172,65771,7435,8.8461,2.3160364533092827e-16,395,138,49,138,14.852821,0.400768,0.684258,0.636373,15.903952,0.632319,21.7065,0.9339,19.9693,0.92,0.043
TSOPF_RS_b300_c1,14538,1474325,8,0.002,20,drift,rotate,400,256,321180.3,496944,218701,65771,7435,8.8461,2.1616233009136897e-16,400,162,14,162,14.775564,0.397179,0.683699,0.63557,18.068307,0.628952,21.6112,0.8178,19.6913,0.9112,0.0378
TSOPF_RS_b300_c1,14538,1474325,8,0.002,21,drift,rotate,400,256,344737.5,502010,296178,66400,7314,9.0785,1.6882844018464678e-16,399,160,43,160,15.84574,0.441554,0.700766,0.650523,20.667787,0.648142,22.612,0.7667,20.5141,0.9072,0.0339
TSOPF_RS_b300_c1,14538,1474325,8,0.01,17,drift,rotate,400,256,248202.2,496944,79515,65771,7435,8.8461,1.6573520742114148e-16,403,255,15,255,11.57397,0.324205,0.604819,0.555508,22.702228,0.532582,19.1363,0.5098,16.6989,0.8726,0.0266
TSOPF_RS_b300_c1,14538,1474325,8,0.01,18,drift,rotate,400,256,321495.0,496944,157391,65771,7435,8.8461,2.1872177947173726e-16,403,260,4,260,14.995694,0.42468,0.664924,0.612569,25.624203,0.592658,22.5525,0.5852,19.8099,0.8784,0.0259
TSOPF_RS_b300_c1,14538,1474325,8,0.01,19,drift,rotate,400,256,287397.5,496944,148259,65771,7435,8.8461,1.791448237663537e-16,403,251,10,251,13.440032,0.366921,0.609683,0.559263,22.764238,0.534282,22.0443,0.5904,19.2982,0.8754,0.0268
TSOPF_RS_b300_c1,14538,1474325,8,0.01,20,drift,rotate,400,256,264159.5,496944,210606,65771,7435,8.8461,1.846879137698628e-16,403,258,7,258,12.306125,0.317901,0.599356,0.549904,22.324429,0.524501,20.5322,0.5512,17.7994,0.8669,0.0268
TSOPF_RS_b300_c1,14538,1474325,8,0.01,21,drift,rotate,400,256,333809.6,502010,189981,66400,7314,9.0785,1.6882844018464678e-16,403,261,14,261,15.496867,0.415836,0.682469,0.629054,31.059434,0.611703,22.7071,0.4989,19.9893,0.8803,0.022
TSOPF_RS_b300_c1,14538,1474325,8,0.05,17,drift,rotate,400,256,112125.1,496944,2096,65771,7435,8.8461,2.1554792064859705e-16,403,269,13,269,5.285823,0.14418,0.308661,0.272738,11.349945,0.252416,17.125,0.4657,14.6686,0.8566,0.0272
TSOPF_RS_b300_c1,14538,1474325,8,0.05,18,drift,rotate,400,256,156395.4,496944,2112,65771,7435,8.8461,1.943737937608902e-16,403,297,8,297,7.372011,0.201602,0.370835,0.330451,16.256156,0.305002,19.8795,0.4535,16.9872,0.8545,0.0228
TSOPF_RS_b300_c1,14538,1474325,8,0.05,19,drift,rotate,400,256,106765.4,496944,2178,65771,7435,8.8461,1.9366543053586548e-16,403,251,1,251,5.036829,0.1382,0.275096,0.241771,10.437461,0.22193,18.3094,0.4826,15.7538,0.8604,0.0264
TSOPF_RS_b300_c1,14538,1474325,8,0.05,20,drift,rotate,400,256,154809.3,496944,2112,65771,7435,8.8461,2.4345947560494855e-16,403,296,0,296,7.276148,0.198046,0.337908,0.298495,15.069118,0.276207,21.5329,0.4829,18.307,0.8502,0.0224
TSOPF_RS_b300_c1,14538,1474325,8,0.05,21,drift,rotate,400,256,139000.8,502010,2140,66400,7314,9.0785,2.8611434495909562e-16,403,262,4,262,6.500624,0.183051,0.302735,0.266578,14.077883,0.246813,21.473,0.4618,18.645,0.8683,0.0215
TSOPF_RS_b300_c1,14538,1474325,8,0.25,17,drift,rotate,400,256,353835.9,496944,2114,65771,7435,8.8461,3.102575492091407e-16,403,398,439,398,16.47709,0.457076,0.581733,0.509844,40.530784,0.496842,28.3241,0.4065,24.3232,0.8587,0.0144
TSOPF_RS_b300_c1,14538,1474325,8,0.25,18,drift,rotate,400,256,474428.7,496944,490610,65771,7435,8.8461,1.9735425005444618e-16,403,403,266,403,22.022925,0.603829,0.732175,0.658689,51.329819,0.643721,30.0788,0.429,25.649,0.8527,0.0143
TSOPF_RS_b300_c1,14538,1474325,8,0.25,19,drift,rotate,400,256,121236.5,496944,2189,65771,7435,8.8461,2.89772373913526e-16,403,394,1,394,5.72917,0.15913,0.241648,0.204917,12.457478,0.191859,23.7087,0.4599,19.566,0.8253,0.0194
TSOPF_RS_b300_c1,14538,1474325,8,0.25,20,drift,rotate,400,256,397581.4,496944,2142,65771,7435,8.8461,1.9053822558808938e-16,403,401,22,401,18.457139,0.510308,0.630303,0.570114,42.792562,0.556432,29.283,0.4313,24.5375,0.8379,0.0147
TSOPF_RS_b300_c1,14538,1474325,8,0.25,21,drift,rotate,400,256,270010.8,502010,2111,66400,7314,9.0785,3.354765906560873e-16,403,398,6,398,12.572705,0.342582,0.458729,0.409117,29.770911,0.393455,27.4077,0.4223,23.022,0.84,0.0154
TSOPF_RS_b300_c1,14538,1474325,8,0.0,17,jump,rotate,400,256,496944,496944,496944,65771,7435,8.8461,1.6426498633793947e-16,1,1,0,1,0.599182,0.592307,0.595349,0.578926,0.615438,0.600842,1.0064,0.9736,0.8955,0.8898,0.9674
TSOPF_RS_b300_c1,14538,1474325,8,0.0,18,jump,rotate,400,256,496944,496944,496944,65771,7435,8.8461,1.4717834420665808e-16,1,1,0,1,0.599386,0.592622,0.593642,0.577481,0.614487,0.60006,1.0097,0.9754,0.892,0.8834,0.9661
TSOPF_RS_b300_c1,14538,1474325,8,0.0,19,jump,rotate,400,256,496944,496944,496944,65771,7435,8.8461,1.125578234503878e-16,1,1,0,1,0.600341,0.593525,0.595117,0.578579,0.616621,0.602052,1.0088,0.9736,0.8952,0.8874,0.9651
TSOPF_RS_b300_c1,14538,1474325,8,0.0,20,jump,rotate,400,256,496944,496944,496944,65771,7435,8.8461,1.6480405767896894e-16,1,1,0,1,0.599875,0.593078,0.59493,0.578781,0.615283,0.600857,1.0083,0.975,0.8926,0.8853,0.9669
TSOPF_RS_b300_c1,14538,1474325,8,0.0,21,jump,rotate,400,256,502010,502010,502010,66400,7314,9.0785,2.1521570577092392e-16,1,1,0,1,0.633868,0.627002,0.602328,0.585871,0.627917,0.613542,1.0524,1.0095,0.932,0.8856,0.9592
TSOPF_RS_b300_c1,14538,1474325,8,0.002,17,jump,rotate,400,256,258386.0,496944,113490,65771,7435,8.8461,2.125500225035125e-16,403,389,66,389,12.111314,0.321492,0.823356,0.761791,95.226393,0.718379,14.7097,0.1272,12.6921,0.8628,0.0086
TSOPF_RS_b300_c1,14538,1474325,8,0.002,18,jump,rotate,400,256,264138.4,496944,127309,65771,7435,8.8461,1.4717834420665808e-16,403,395,47,395,12.387334,0.331144,0.879672,0.817419,102.281352,0.757847,14.0818,0.1211,12.6499,0.8983,0.0086
TSOPF_RS_b300_c1,14538,1474325,8,0.002,19,jump,rotate,400,256,249969.5,496944,101825,65771,7435,8.8461,1.4007353270273016e-16,403,388,38,388,11.725517,0.320286,0.845925,0.785742,94.487291,0.728349,13.8612,0.1241,12.3925,0.894,0.009
TSOPF_RS_b300_c1,14538,1474325,8,0.002,20,jump,rotate,400,256,264471.5,496944,113849,65771,7435,8.8461,9.496215367213975e-17,403,391,30,391,12.387541,0.336452,0.880551,0.81894,100.390538,0.758003,14.0679,0.1234,12.627,0.8976,0.0088
TSOPF_RS_b300_c1,14538,1474325,8,0.002,21,jump,rotate,400,256,249656.0,502010,121985,66400,7314,9.0785,1.6882844018464678e-16,403,391,29,391,11.700923,0.31737,0.891679,0.831145,105.844318,0.774614,13.1223,0.1105,11.7813,0.8978,0.0084
TSOPF_RS_b300_c1,14538,1474325,8,0.01,17,jump,rotate,400,256,122382.2,496944,38408,65771,7435,8.8461,1.2552458528866107e-16,403,403,61,403,5.816635,0.160793,0.684075,0.628158,80.543804,0.550253,8.5029,0.0722,7.0965,0.8346,0.0085
TSOPF_RS_b300_c1,14538,1474325,8,0.01,18,jump,rotate,400,256,131850.4,496944,32174,65771,7435,8.8461,1.4717834420665808e-16,403,403,15,403,6.249817,0.171347,0.709435,0.655392,87.667156,0.582459,8.8096,0.0713,7.3937,0.8393,0.0081
TSOPF_RS_b300_c1,14538,1474325,8,0.01,19,jump,rotate,400,256,106744.1,496944,16620,65771,7435,8.8461,1.118432963288558e-16,403,403,14,403,5.08072,0.140416,0.619729,0.567173,67.96889,0.497721,8.1983,0.0748,6.6925,0.8163,0.0091
TSOPF_RS_b300_c1,14538,1474325,8,0.01,20,jump,rotate,400,256,135052.4,496944,30630,65771,7435,8.8461,9.496215367213975e-17,403,403,7,403,6.405037,0.175786,0.668971,0.61568,78.797462,0.540405,9.5745,0.0813,7.953,0.8306,0.0085
TSOPF_RS_b300_c1,14538,1474325,8,0.01,21,jump,rotate,400,256,112216.0,502010,17744,66400,7314,9.0785,1.6882844018464678e-16,403,403,5,403,5.340629,0.147574,0.685661,0.633304,83.264516,0.55824,7.789,0.0641,6.4654,0.8301,0.0082
TSOPF_RS_b300_c1,14538,1474325,8,0.05,17,jump,rotate,400,256,49714.0,496944,33087,65771,7435,8.8461,1.0627529436039176e-16,403,403,5,403,2.422701,0.073828,0.479854,0.433465,49.407582,0.361392,5.0488,0.049,3.7965,0.752,0.0097
TSOPF_RS_b300_c1,14538,1474325,8,0.05,18,jump,rotate,400,256,51076.1,496944,30025,65771,7435,8.8461,1.4717834420665808e-16,403,403,0,403,2.48493,0.075793,0.490505,0.444188,51.780257,0.369856,5.0661,0.048,3.8423,0.7584,0.0095
TSOPF_RS_b300_c1,14538,1474325,8,0.05,19,jump,rotate,400,256,56159.8,496944,31301,65771,7435,8.8461,1.118432963288558e-16,403,403,0,403,2.721901,0.080512,0.524083,0.477106,58.58929,0.401826,5.1936,0.0465,4.0204,0.7741,0.0089
TSOPF_RS_b300_c1,14538,1474325,8,0.05,20,jump,rotate,400,256,45731.4,496944,17126,65771,7435,8.8461,1.1285553858908166e-16,403,403,0,403,2.240315,0.069102,0.478253,0.431589,47.702938,0.356592,4.6844,0.047,3.5388,0.7555,0.01
TSOPF_RS_b300_c1,14538,1474325,8,0.05,21,jump,rotate,400,256,50975.8,502010,24283,66400,7314,9.0785,1.6882844018464678e-16,403,403,0,403,2.479415,0.075598,0.484317,0.437839,49.926007,0.36237,5.1194,0.0497,3.8872,0.7593,0.0097
TSOPF_RS_b300_c1,14538,1474325,8,0.25,17,jump,rotate,400,256,30302.1,496944,24080,65771,7435,8.8461,1.4966156953207728e-16,403,403,0,403,1.519259,0.051499,0.430117,0.385531,40.426204,0.31169,3.5322,0.0376,2.5543,0.7232,0.0106
TSOPF_RS_b300_c1,14538,1474325,8,0.25,18,jump,rotate,400,256,28936.8,496944,16622,65771,7435,8.8461,1.4717834420665808e-16,403,403,0,403,1.452412,0.050012,0.415638,0.371388,38.217491,0.299439,3.4944,0.038,2.5011,0.7157,0.0109
TSOPF_RS_b300_c1,14538,1474325,8,0.25,19,jump,rotate,400,256,30748.3,496944,18326,65771,7435,8.8461,1.118432963288558e-16,403,403,0,403,1.544017,0.05211,0.434064,0.38936,41.405799,0.315579,3.5571,0.0373,2.5863,0.7271,0.0105
TSOPF_RS_b300_c1,14538,1474325,8,0.25,20,jump,rotate,400,256,29571.2,496944,37587,65771,7435,8.8461,9.496215367213975e-17,403,403,0,403,1.484077,0.050464,0.42339,0.378979,39.385112,0.305569,3.5052,0.0377,2.5138,0.7172,0.0108
TSOPF_RS_b300_c1,14538,1474325,8,0.25,21,jump,rotate,400,256,31778.6,502010,23372,66400,7314,9.0785,1.6882844018464678e-16,403,403,0,403,1.591465,0.052721,0.440325,0.396127,42.518703,0.319925,3.6143,0.0374,2.6322,0.7283,0.0104
nasa2910,2910,174296,8,0.0,17,drift,rotate,400,256,17905,17905,17905,6219,1090,5.7055,7.888763767774897e-16,1,1,44,1,0.035777,0.028509,0.079521,0.060798,0.066091,0.048553,0.4499,0.5413,0.5387,1.1974,1.2032
nasa2910,2910,174296,8,0.0,18,drift,rotate,400,256,16547,16547,16547,4516,733,6.161,6.489604402388441e-16,1,1,36,1,0.023478,0.020265,0.045182,0.03632,0.038754,0.030406,0.5196,0.6058,0.6297,1.2117,1.1659
nasa2910,2910,174296,8,0.0,19,drift,rotate,400,256,18739,18739,18739,5243,775,6.7652,3.671709125404195e-16,1,1,38,1,0.02607,0.02269,0.051865,0.042904,0.044149,0.035647,0.5027,0.5905,0.6056,1.2048,1.1748
nasa2910,2910,174296,8,0.0,20,drift,rotate,400,256,16547,16547,16547,4516,733,6.161,5.03216150454445e-16,1,1,0,1,0.023496,0.020229,0.045099,0.036258,0.038818,0.030457,0.521,0.6053,0.6282,1.2057,1.1618
nasa2910,2910,174296,8,0.0,21,drift,rotate,400,256,16323,16323,16323,5023,673,7.4636,3.984979117896831e-16,1,1,31,1,0.022884,0.01957,0.048086,0.039099,0.040536,0.032065,0.4759,0.5645,0.5683,1.1942,1.1863
nasa2910,2910,174296,8,0.002,17,drift,rotate,400,256,18601.6,17905,18357,6219,1090,5.7055,3.625476954265703e-16,394,62,20,62,0.891799,0.026772,0.097828,0.076064,0.288953,0.054758,9.116,3.0863,10.3447,1.1348,0.3386
nasa2910,2910,174296,8,0.002,18,drift,rotate,400,256,18212.3,16547,19569,4516,733,6.161,4.530725956094496e-16,389,62,4,62,0.847979,0.027048,0.088005,0.067332,0.260325,0.050996,9.6356,3.2574,10.9956,1.1411,0.3381
nasa2910,2910,174296,8,0.002,19,drift,rotate,400,256,18993.3,18739,18433,5243,775,6.7652,3.277029374031598e-16,394,58,19,58,0.901265,0.027422,0.09164,0.070346,0.255768,0.050438,9.8348,3.5238,11.2779,1.1467,0.3583
nasa2910,2910,174296,8,0.002,20,drift,rotate,400,256,18717.4,16547,20309,4516,733,6.161,5.03216150454445e-16,390,60,1,60,0.877591,0.027816,0.093654,0.073048,0.303586,0.05471,9.3706,2.8907,10.3486,1.1044,0.3085
nasa2910,2910,174296,8,0.002,21,drift,rotate,400,256,16068.3,16323,15416,5023,673,7.4636,4.32445394210832e-16,377,28,4,28,0.735826,0.021918,0.073793,0.055221,0.118547,0.040085,9.9715,6.207,11.9319,1.1966,0.6225
nasa2910,2910,174296,8,0.01,17,drift,rotate,400,256,17926.4,17905,15803,6219,1090,5.7055,3.4331699722288724e-16,403,153,6,153,0.890853,0.027972,0.108713,0.085265,0.787611,0.061229,8.1945,1.1311,7.9403,0.969,0.138
nasa2910,2910,174296,8,0.01,18,drift,rotate,400,256,18838.7,16547,19276,4516,733,6.161,4.530725956094496e-16,403,161,12,161,0.924193,0.029527,0.111422,0.087058,0.917086,0.063092,8.2945,1.0077,7.8258,0.9435,0.1215
nasa2910,2910,174296,8,0.01,19,drift,rotate,400,256,16595.0,18739,14101,5243,775,6.7652,3.5507217104650393e-16,403,136,9,136,0.815825,0.025422,0.098437,0.075957,0.591385,0.05388,8.2878,1.3795,8.4802,1.0232,0.1665
nasa2910,2910,174296,8,0.01,20,drift,rotate,400,256,19524.5,16547,20610,4516,733,6.161,5.03216150454445e-16,401,141,2,141,0.953502,0.03045,0.107014,0.083847,0.756085,0.061828,8.9101,1.2611,8.7362,0.9805,0.1415
nasa2910,2910,174296,8,0.01,21,drift,rotate,400,256,15698.3,16323,14783,5023,673,7.4636,3.2482167302862084e-16,401,53,1,53,0.767411,0.022399,0.077178,0.057448,0.189478,0.042207,9.9434,4.0501,11.5051,1.1571,0.4073
nasa2910,2910,174296,8,0.05,17,drift,rotate,400,256,16531.0,17905,15169,6219,1090,5.7055,3.7445245909404083e-16,403,319,36,319,0.823852,0.024812,0.113852,0.085393,1.487191,0.059676,7.2362,0.554,6.1515,0.8501,0.0766
nasa2910,2910,174296,8,0.05,18,drift,rotate,400,256,16765.2,16547,14482,4516,733,6.161,4.530725956094496e-16,403,327,24,327,0.833585,0.027662,0.120933,0.091831,1.668156,0.063352,6.8929,0.4997,5.7491,0.834,0.0725
nasa2910,2910,174296,8,0.05,19,drift,rotate,400,256,15365.5,18739,14403,5243,775,6.7652,3.9163648997599366e-16,403,261,2,261,0.755677,0.023532,0.095377,0.0707,0.865941,0.049257,7.9231,0.8727,7.566,0.9549,0.1101
nasa2910,2910,174296,8,0.05,20,drift,rotate,400,256,16562.1,16547,15794,4516,733,6.161,5.03216150454445e-16,403,349,1,349,0.832642,0.027264,0.131683,0.103079,1.950951,0.070086,6.3231,0.4268,5.1674,0.8172,0.0675
nasa2910,2910,174296,8,0.05,21,drift,rotate,400,256,16069.8,16323,15292,5023,673,7.4636,3.4580466802467683e-16,403,290,0,290,0.800684,0.023342,0.107756,0.082215,1.232691,0.058246,7.4305,0.6495,6.7976,0.9148,0.0874
nasa2910,2910,174296,8,0.25,17,drift,rotate,400,256,17726.2,17905,17436,6219,1090,5.7055,4.2057817241821564e-16,403,403,21,403,0.877627,0.026962,0.128598,0.098772,2.044344,0.065694,6.8246,0.4293,5.4921,0.8048,0.0629
nasa2910,2910,174296,8,0.25,18,drift,rotate,400,256,18262.9,16547,19469,4516,733,6.161,4.530725956094496e-16,403,402,9,402,0.898304,0.027797,0.125859,0.096527,2.03103,0.065026,7.1374,0.4423,5.7749,0.8091,0.062
nasa2910,2910,174296,8,0.25,19,drift,rotate,400,256,17471.1,18739,17086,5243,775,6.7652,3.429102356353936e-16,403,402,0,402,0.855519,0.025755,0.117078,0.088643,1.749489,0.059067,7.3073,0.489,6.0707,0.8308,0.0669
nasa2910,2910,174296,8,0.25,20,drift,rotate,400,256,17477.0,16547,16956,4516,733,6.161,5.03216150454445e-16,403,403,1,403,0.86394,0.026534,0.125093,0.096195,1.989041,0.064669,6.9064,0.4344,5.6013,0.811,0.0629
nasa2910,2910,174296,8,0.25,21,drift,rotate,400,256,17561.5,16323,17795,5023,673,7.4636,3.4132029868681277e-16,403,403,0,403,0.864926,0.025666,0.121771,0.093187,1.888185,0.062544,7.1029,0.4581,5.7809,0.8139,0.0645
nasa2910,2910,174296,8,0.0,17,jump,rotate,400,256,17905,17905,17905,6219,1090,5.7055,7.888763767774897e-16,1,1,0,1,0.024289,0.020999,0.057624,0.048438,0.047862,0.039178,0.4215,0.5075,0.5197,1.233,1.204
nasa2910,2910,174296,8,0.0,18,jump,rotate,400,256,16547,16547,16547,4516,733,6.161,6.489604402388441e-16,1,1,0,1,0.023296,0.020169,0.045064,0.036334,0.038652,0.030405,0.517,0.6027,0.5659,1.0947,1.1659
nasa2910,2910,174296,8,0.0,19,jump,rotate,400,256,18739,18739,18739,5243,775,6.7652,3.671709125404195e-16,1,1,0,1,0.025934,0.022637,0.051601,0.042475,0.0441,0.035503,0.5026,0.5881,0.6062,1.2061,1.1701
nasa2910,2910,174296,8,0.0,20,jump,rotate,400,256,16547,16547,16547,4516,733,6.161,5.03216150454445e-16,1,1,0,1,0.02342,0.020225,0.045536,0.036732,0.03871,0.030336,0.5143,0.605,0.5643,1.0973,1.1763
nasa2910,2910,174296,8,0.0,21,jump,rotate,400,256,16323,16323,16323,5023,673,7.4636,3.984979117896831e-16,1,1,0,1,0.02328,0.020002,0.04819,0.03922,0.040851,0.032321,0.4831,0.5699,0.5692,1.1783,1.1797
nasa2910,2910,174296,8,0.002,17,jump,rotate,400,256,16518.5,17905,16112,6219,1090,5.7055,3.153931624208114e-16,403,315,0,315,0.875817,0.036343,0.219295,0.186728,4.986049,0.118845,3.9938,0.1757,3.134,0.7847,0.044
nasa2910,2910,174296,8,0.002,18,jump,rotate,400,256,15660.0,16547,15696,4516,733,6.161,4.530725956094496e-16,403,329,0,329,0.826429,0.035107,0.205675,0.173026,4.665501,0.112784,4.0181,0.1771,3.1056,0.7729,0.0441
nasa2910,2910,174296,8,0.002,19,jump,rotate,400,256,16687.8,18739,15867,5243,775,6.7652,2.804364202587928e-16,403,315,0,315,0.878679,0.035869,0.205909,0.172778,4.33928,0.113959,4.2673,0.2025,3.294,0.7719,0.0475
nasa2910,2910,174296,8,0.002,20,jump,rotate,400,256,15389.5,16547,15222,4516,733,6.161,5.03216150454445e-16,403,337,0,337,0.816687,0.035054,0.214159,0.181118,5.049447,0.116545,3.8135,0.1617,2.9641,0.7773,0.0424
nasa2910,2910,174296,8,0.002,21,jump,rotate,400,256,15824.6,16323,16103,5023,673,7.4636,3.6034517688458575e-16,403,315,0,315,0.84332,0.035427,0.210516,0.178008,4.581773,0.115893,4.006,0.1841,3.1545,0.7875,0.0459
nasa2910,2910,174296,8,0.01,17,jump,rotate,400,256,15873.7,17905,15162,6219,1090,5.7055,3.153931624208114e-16,403,399,0,399,0.866576,0.03811,0.258733,0.220746,8.383623,0.138015,3.3493,0.1034,2.4939,0.7446,0.0309
nasa2910,2910,174296,8,0.01,18,jump,rotate,400,256,15393.0,16547,14908,4516,733,6.161,4.530725956094496e-16,403,402,0,402,0.843572,0.03781,0.257808,0.220423,8.71401,0.13857,3.2721,0.0968,2.4335,0.7437,0.0296
nasa2910,2910,174296,8,0.01,19,jump,rotate,400,256,15963.7,18739,15041,5243,775,6.7652,2.774716345493723e-16,403,402,0,402,0.871277,0.038101,0.258225,0.220333,8.537636,0.138247,3.3741,0.1021,2.4952,0.7395,0.0302
nasa2910,2910,174296,8,0.01,20,jump,rotate,400,256,15837.8,16547,15901,4516,733,6.161,5.03216150454445e-16,403,397,0,397,0.85972,0.037812,0.251386,0.214049,7.959372,0.134495,3.4199,0.108,2.5426,0.7435,0.0316
nasa2910,2910,174296,8,0.01,21,jump,rotate,400,256,15701.2,16323,15296,5023,673,7.4636,2.1310378135918916e-16,403,399,0,399,0.860006,0.038159,0.260809,0.22346,8.682596,0.14008,3.2975,0.099,2.4491,0.7427,0.03
nasa2910,2910,174296,8,0.05,17,jump,rotate,400,256,15579.3,17905,15546,6219,1090,5.7055,3.153931624208114e-16,403,403,0,403,0.86371,0.038721,0.275089,0.237258,9.599332,0.147197,3.1397,0.09,2.3304,0.7422,0.0287
nasa2910,2910,174296,8,0.05,18,jump,rotate,400,256,15266.5,16547,14729,4516,733,6.161,4.530725956094496e-16,403,403,0,403,0.848783,0.038724,0.274319,0.236409,9.652631,0.147002,3.0941,0.0879,2.2906,0.7403,0.0284
nasa2910,2910,174296,8,0.05,19,jump,rotate,400,256,15313.5,18739,16176,5243,775,6.7652,2.774716345493723e-16,403,403,0,403,0.850626,0.038847,0.276405,0.239047,9.832315,0.14829,3.0775,0.0865,2.2941,0.7454,0.0281
nasa2910,2910,174296,8,0.05,20,jump,rotate,400,256,15237.0,16547,14840,4516,733,6.161,5.03216150454445e-16,403,403,0,403,0.846598,0.038669,0.273402,0.235909,9.493424,0.145948,3.0965,0.0892,2.3025,0.7436,0.0288
nasa2910,2910,174296,8,0.05,21,jump,rotate,400,256,15625.4,16323,15831,5023,673,7.4636,2.1310378135918916e-16,403,403,0,403,0.865598,0.038945,0.275742,0.238111,9.678052,0.147628,3.1392,0.0894,2.3368,0.7444,0.0285
nasa2910,2910,174296,8,0.25,17,jump,rotate,400,256,15282.9,17905,15176,6219,1090,5.7055,3.153931624208114e-16,403,403,0,403,0.853705,0.039008,0.279407,0.241565,9.927015,0.150042,3.0554,0.086,2.2587,0.7393,0.0281
nasa2910,2910,174296,8,0.25,18,jump,rotate,400,256,15439.8,16547,15647,4516,733,6.161,4.530725956094496e-16,403,403,0,403,0.85797,0.038984,0.27724,0.239843,9.88535,0.149127,3.0947,0.0868,2.28,0.7367,0.028
nasa2910,2910,174296,8,0.25,19,jump,rotate,400,256,15322.6,18739,15396,5243,775,6.7652,2.774716345493723e-16,403,403,0,403,0.852999,0.038945,0.278546,0.241259,9.914841,0.149499,3.0623,0.086,2.2593,0.7378,0.0281
nasa2910,2910,174296,8,0.25,20,jump,rotate,400,256,15282.6,16547,14786,4516,733,6.161,5.03216150454445e-16,403,403,0,403,0.852848,0.039151,0.27769,0.240144,9.864224,0.148989,3.0712,0.0865,2.2623,0.7366,0.0282
nasa2910,2910,174296,8,0.25,21,jump,rotate,400,256,15388.0,16323,15540,5023,673,7.4636,2.1310378135918916e-16,403,403,0,403,0.856124,0.03889,0.279177,0.241819,9.940608,0.149935,3.0666,0.0861,2.269,0.7399,0.0281
raefsky3,21200,1488768,8,0.0,17,drift,rotate,400,256,18432,18432,18432,2304,480,4.8,6.338916234591103e-16,1,1,32,1,0.025639,0.021279,0.039698,0.028258,0.037022,0.026211,0.6459,0.6925,0.6319,0.9784,1.0723
raefsky3,21200,1488768,8,0.0,18,drift,rotate,400,256,18432,18432,18432,2304,480,4.8,6.383913170765949e-16,1,1,32,1,0.025458,0.02114,0.039833,0.028406,0.036946,0.026164,0.6391,0.6891,0.6448,1.0089,1.0781
raefsky3,21200,1488768,8,0.0,19,drift,rotate,400,256,18432,18432,18432,2304,480,4.8,5.146887035076217e-16,1,1,32,1,0.025562,0.02129,0.039352,0.027897,0.03678,0.026072,0.6496,0.695,0.6424,0.989,1.0699
raefsky3,21200,1488768,8,0.0,20,drift,rotate,400,256,18432,18432,18432,2304,480,4.8,5.569451786134984e-16,1,1,24,1,0.025527,0.021148,0.039793,0.028156,0.036986,0.026105,0.6415,0.6902,0.6435,1.0031,1.0759
raefsky3,21200,1488768,8,0.0,21,drift,rotate,400,256,18432,18432,18432,2304,480,4.8,3.9307294789506697e-16,1,1,32,1,0.025495,0.021141,0.039325,0.027858,0.036968,0.026123,0.6483,0.6897,0.634,0.978,1.0638
raefsky3,21200,1488768,8,0.002,17,drift,rotate,400,256,18432,18432,18432,2304,480,4.8,5.076208748044858e-16,387,66,34,66,0.810049,0.023243,0.073937,0.05211,0.274403,0.047829,10.9559,2.952,10.9895,1.0031,0.2694
raefsky3,21200,1488768,8,0.002,18,drift,rotate,400,256,18432,18432,18432,2304,480,4.8,6.383913170765949e-16,394,56,16,56,0.823813,0.023239,0.074318,0.05348,0.236596,0.048726,11.085,3.4819,11.4632,1.0341,0.3141
raefsky3,21200,1488768,8,0.002,19,drift,rotate,400,256,18432,18432,18432,2304,480,4.8,5.421432824730145e-16,384,73,25,73,0.799939,0.023106,0.07161,0.050206,0.277522,0.046442,11.1708,2.8824,11.4465,1.0247,0.258
raefsky3,21200,1488768,8,0.002,20,drift,rotate,400,256,18432,18432,18432,2304,480,4.8,5.45525603588426e-16,394,66,24,66,0.826937,0.024628,0.076138,0.054351,0.289885,0.050265,10.861,2.8526,10.9066,1.0042,0.2626
raefsky3,21200,1488768,8,0.002,21,drift,rotate,400,256,18432,18432,18432,2304,480,4.8,3.8353734937884037e-16,396,58,34,58,0.824636,0.023823,0.072637,0.050975,0.230525,0.047576,11.3528,3.5772,12.005,1.0574,0.3151
raefsky3,21200,1488768,8,0.01,17,drift,rotate,400,256,18432,18432,18432,2304,480,4.8,3.2910843326859913e-16,403,119,24,119,0.849428,0.024171,0.079702,0.056511,0.496989,0.051709,10.6575,1.7091,10.0255,0.9407,0.1604
raefsky3,21200,1488768,8,0.01,18,drift,rotate,400,256,18386.1,18432,18432,2304,480,4.8,6.383913170765949e-16,403,139,12,139,0.854214,0.024865,0.088558,0.064748,0.698878,0.056319,9.6458,1.2223,8.6025,0.8918,0.1267
raefsky3,21200,1488768,8,0.01,19,drift,rotate,400,256,18432,18432,18432,2304,480,4.8,3.1493546279231263e-16,403,124,26,124,0.847533,0.024001,0.080363,0.057007,0.523086,0.051921,10.5463,1.6203,9.9084,0.9395,0.1536
raefsky3,21200,1488768,8,0.01,20,drift,rotate,400,256,18419.8,18432,18432,2304,480,4.8,5.45525603588426e-16,401,109,5,109,0.842696,0.025385,0.077825,0.055599,0.456054,0.05097,10.8281,1.8478,10.272,0.9486,0.1706
raefsky3,21200,1488768,8,0.01,21,drift,rotate,400,256,18432,18432,18432,2304,480,4.8,3.793853192199583e-16,403,103,17,103,0.845798,0.02487,0.07695,0.054602,0.414276,0.050281,10.9915,2.0416,10.7637,0.9793,0.1857
raefsky3,21200,1488768,8,0.05,17,drift,rotate,400,256,18375.2,18432,17688,2304,480,4.8,4.1254032373226205e-16,403,312,139,312,0.856468,0.025508,0.095032,0.062317,1.40953,0.055746,9.0124,0.6076,7.0674,0.7842,0.0674
raefsky3,21200,1488768,8,0.05,18,drift,rotate,400,256,18356.5,18432,18432,2304,480,4.8,6.383913170765949e-16,403,301,69,301,0.851105,0.025045,0.088312,0.058972,1.234778,0.0533,9.6375,0.6893,7.6343,0.7921,0.0715
raefsky3,21200,1488768,8,0.05,19,drift,rotate,400,256,17472.2,18432,16568,2304,480,4.8,2.8480994329708133e-16,403,302,107,302,0.821083,0.023863,0.089763,0.058637,1.258802,0.052729,9.1472,0.6523,7.175,0.7844,0.0713
raefsky3,21200,1488768,8,0.05,20,drift,rotate,400,256,18415.0,18432,18432,2304,480,4.8,5.45525603588426e-16,403,327,18,327,0.860298,0.025284,0.091951,0.063547,1.500321,0.056895,9.356,0.5734,7.0478,0.7533,0.0613
raefsky3,21200,1488768,8,0.05,21,drift,rotate,400,256,18294.5,18432,17624,2304,480,4.8,4.716845593815386e-16,403,262,43,262,0.849272,0.024924,0.079397,0.052353,0.913793,0.048416,10.6965,0.9294,8.8705,0.8293,0.0869
raefsky3,21200,1488768,8,0.25,17,drift,rotate,400,256,18359.2,18432,18432,2304,480,4.8,4.4085679500559955e-16,403,401,238,401,0.848587,0.024999,0.09185,0.054615,1.419718,0.049407,9.2388,0.5977,7.0013,0.7578,0.0647
raefsky3,21200,1488768,8,0.25,18,drift,rotate,400,256,18094.5,18432,18432,2304,480,4.8,8.413111916470918e-16,403,399,154,399,0.837129,0.024351,0.087745,0.053839,1.374635,0.048087,9.5405,0.609,7.1586,0.7503,0.0638
raefsky3,21200,1488768,8,0.25,19,drift,rotate,400,256,17817.6,18432,17040,2304,480,4.8,6.27654578767259e-16,403,402,51,402,0.826365,0.024143,0.083405,0.052943,1.323097,0.046938,9.9079,0.6246,7.0916,0.7158,0.063
raefsky3,21200,1488768,8,0.25,20,drift,rotate,400,256,18408.7,18432,17856,2304,480,4.8,5.45525603588426e-16,403,402,170,402,0.854454,0.025114,0.0908,0.055961,1.474803,0.05004,9.4103,0.5794,6.962,0.7398,0.0616
raefsky3,21200,1488768,8,0.25,21,drift,rotate,400,256,18190.3,18432,18408,2304,480,4.8,3.808303866500385e-16,403,400,147,400,0.845536,0.024141,0.086331,0.052397,1.325218,0.046856,9.7941,0.638,7.3781,0.7533,0.0651
raefsky3,21200,1488768,8,0.0,17,jump,rotate,400,256,18432,18432,18432,2304,480,4.8,6.338916234591103e-16,1,1,0,1,0.025404,0.021086,0.039653,0.028297,0.036895,0.026128,0.6407,0.6885,0.6196,0.9671,1.0748
raefsky3,21200,1488768,8,0.0,18,jump,rotate,400,256,18432,18432,18432,2304,480,4.8,6.383913170765949e-16,1,1,0,1,0.025295,0.021002,0.039857,0.028402,0.036887,0.026227,0.6346,0.6857,0.6308,0.9939,1.0805
raefsky3,21200,1488768,8,0.0,19,jump,rotate,400,256,18432,18432,18432,2304,480,4.8,5.146887035076217e-16,1,1,0,1,0.025368,0.021092,0.039116,0.027819,0.03676,0.026195,0.6485,0.6901,0.6359,0.9804,1.0641
raefsky3,21200,1488768,8,0.0,20,jump,rotate,400,256,18432,18432,18432,2304,480,4.8,5.569451786134984e-16,1,1,0,1,0.025353,0.021069,0.03917,0.027845,0.036996,0.026283,0.6473,0.6853,0.6302,0.9736,1.0588
raefsky3,21200,1488768,8,0.0,21,jump,rotate,400,256,18432,18432,18432,2304,480,4.8,3.9307294789506697e-16,1,1,0,1,0.025367,0.021128,0.038988,0.02772,0.036895,0.0263,0.6506,0.6875,0.6411,0.9853,1.0567
raefsky3,21200,1488768,8,0.002,17,jump,rotate,400,256,18164.2,18432,17928,2304,480,4.8,3.205898418633118e-16,403,396,109,396,0.878796,0.042336,0.217462,0.172799,8.430856,0.140669,4.0411,0.1042,2.5189,0.6233,0.0258
raefsky3,21200,1488768,8,0.002,18,jump,rotate,400,256,18209.8,18432,17952,2304,480,4.8,6.383913170765949e-16,403,392,70,392,0.882652,0.042699,0.217455,0.174168,8.15074,0.139415,4.059,0.1083,2.5407,0.6259,0.0267
raefsky3,21200,1488768,8,0.002,19,jump,rotate,400,256,18207.6,18432,18000,2304,480,4.8,2.8238009859841747e-16,403,396,74,396,0.884377,0.04335,0.218084,0.174377,8.346969,0.140523,4.0552,0.106,2.5119,0.6194,0.0261
raefsky3,21200,1488768,8,0.002,20,jump,rotate,400,256,18149.6,18432,17976,2304,480,4.8,5.45525603588426e-16,403,396,53,396,0.881049,0.042431,0.221354,0.178687,8.68593,0.143601,3.9803,0.1014,2.4577,0.6175,0.0255
raefsky3,21200,1488768,8,0.002,21,jump,rotate,400,256,18165.3,18432,18048,2304,480,4.8,3.3090082251267464e-16,403,396,54,396,0.881234,0.043063,0.22084,0.177344,8.72444,0.144504,3.9904,0.101,2.4609,0.6167,0.0253
raefsky3,21200,1488768,8,0.01,17,jump,rotate,400,256,18045.3,18432,18096,2304,480,4.8,3.205898418633118e-16,403,403,110,403,0.890055,0.049594,0.291511,0.243648,14.928509,0.188352,3.0532,0.0596,1.9058,0.6242,0.0195
raefsky3,21200,1488768,8,0.01,18,jump,rotate,400,256,18100.7,18432,17936,2304,480,4.8,6.383913170765949e-16,403,403,71,403,0.889895,0.049629,0.290986,0.244683,15.074401,0.192644,3.0582,0.059,1.8759,0.6134,0.0193
raefsky3,21200,1488768,8,0.01,19,jump,rotate,400,256,18149.7,18432,18072,2304,480,4.8,2.8238009859841747e-16,403,403,47,403,0.893771,0.049248,0.284241,0.239219,14.574333,0.189312,3.1444,0.0613,1.9162,0.6094,0.0195
raefsky3,21200,1488768,8,0.01,20,jump,rotate,400,256,18017.8,18432,17744,2304,480,4.8,5.45525603588426e-16,403,403,27,403,0.886589,0.049177,0.283121,0.238635,14.499337,0.187343,3.1315,0.0611,1.9088,0.6095,0.0195
raefsky3,21200,1488768,8,0.01,21,jump,rotate,400,256,18106.4,18432,17880,2304,480,4.8,3.3090082251267464e-16,403,403,18,403,0.893682,0.050177,0.2912,0.246408,15.109247,0.190107,3.069,0.0591,1.8788,0.6122,0.0193
raefsky3,21200,1488768,8,0.05,17,jump,rotate,400,256,18045.0,18432,18000,2304,480,4.8,3.205898418633118e-16,403,403,28,403,0.890368,0.052761,0.318576,0.274284,17.76308,0.21032,2.7948,0.0501,1.708,0.6111,0.0179
raefsky3,21200,1488768,8,0.05,18,jump,rotate,400,256,18023.7,18432,18048,2304,480,4.8,6.383913170765949e-16,403,403,2,403,0.889818,0.052908,0.313531,0.270516,17.385224,0.208341,2.8381,0.0512,1.7305,0.6097,0.018
raefsky3,21200,1488768,8,0.05,19,jump,rotate,400,256,17989.0,18432,17952,2304,480,4.8,2.8238009859841747e-16,403,403,1,403,0.886379,0.052737,0.314682,0.272013,17.510653,0.208374,2.8167,0.0506,1.7226,0.6115,0.018
raefsky3,21200,1488768,8,0.05,20,jump,rotate,400,256,18008.9,18432,17928,2304,480,4.8,5.45525603588426e-16,403,403,0,403,0.889097,0.052935,0.315825,0.272899,17.569536,0.208772,2.8152,0.0506,1.7238,0.6123,0.018
raefsky3,21200,1488768,8,0.05,21,jump,rotate,400,256,17971.6,18432,17816,2304,480,4.8,3.3090082251267464e-16,403,403,0,403,0.886706,0.052381,0.313865,0.271353,17.433842,0.207909,2.8251,0.0509,1.7249,0.6106,0.018
raefsky3,21200,1488768,8,0.25,17,jump,rotate,400,256,17979.5,18432,17904,2304,480,4.8,3.205898418633118e-16,403,403,0,403,0.943752,0.057798,0.345512,0.2971,19.176077,0.228634,2.7315,0.0492,1.6702,0.6115,0.018
raefsky3,21200,1488768,8,0.25,18,jump,rotate,400,256,17975.1,18432,18048,2304,480,4.8,6.383913170765949e-16,403,403,0,403,0.886796,0.053702,0.321089,0.27896,18.060587,0.212584,2.7618,0.0491,1.6861,0.6105,0.0178
raefsky3,21200,1488768,8,0.25,19,jump,rotate,400,256,17970.0,18432,18144,2304,480,4.8,2.8238009859841747e-16,403,403,0,403,0.888698,0.053878,0.322124,0.279773,18.055765,0.212621,2.7589,0.0492,1.6832,0.6101,0.0178
raefsky3,21200,1488768,8,0.25,20,jump,rotate,400,256,17991.1,18432,18000,2304,480,4.8,5.45525603588426e-16,403,403,0,403,0.889621,0.053832,0.321956,0.279771,18.162596,0.213441,2.7632,0.049,1.6719,0.6051,0.0177
raefsky3,21200,1488768,8,0.25,21,jump,rotate,400,256,17973.6,18432,18080,2304,480,4.8,3.3090082251267464e-16,403,403,0,403,0.888884,0.053548,0.321426,0.27894,18.095647,0.213189,2.7654,0.0491,1.6728,0.6049,0.0178
case9,14454,147972,8,0.0,17,drift,rotate,400,256,25159,25159,25159,12106,7516,1.6107,2.1156551158067676e-16,1,1,37,1,0.043408,0.039106,0.069888,0.058192,0.064458,0.053506,0.6211,0.6734,0.6524,1.0504,1.0842
case9,14454,147972,8,0.0,18,drift,rotate,400,256,25834,25834,25834,13766,8024,1.7156,7.303339917981376e-16,1,1,97,1,0.042563,0.037984,0.089951,0.077841,0.08081,0.069263,0.4732,0.5267,0.5198,1.0984,1.1131
case9,14454,147972,8,0.0,19,drift,rotate,400,256,25159,25159,25159,12169,7524,1.6174,1.8521084032963936e-16,1,1,8,1,0.041299,0.036852,0.069771,0.05809,0.062491,0.051454,0.5919,0.6609,0.6138,1.0369,1.1165
case9,14454,147972,8,0.0,20,drift,rotate,400,256,25834,25834,25834,13839,8018,1.726,1.3233513716658049e-15,1,1,7,1,0.042294,0.037737,0.090977,0.078812,0.083738,0.07225,0.4649,0.5051,0.513,1.1036,1.0864
case9,14454,147972,8,0.0,21,drift,rotate,400,256,25799,25799,25799,13636,7973,1.7103,8.747340011682425e-16,1,1,7,1,0.042443,0.037843,0.089191,0.076946,0.082663,0.07105,0.4759,0.5134,0.5202,1.0932,1.079
case9,14454,147972,8,0.002,17,drift,rotate,400,256,26724.6,25159,27781,12106,7516,1.6107,2.0491852573087966e-16,397,100,45,100,1.247574,0.043207,0.099146,0.076076,0.49915,0.066714,12.5832,2.4994,13.3706,1.0626,0.1986
case9,14454,147972,8,0.002,18,drift,rotate,400,256,27262.9,25834,28182,13766,8024,1.7156,4.4405039652252967e-16,400,220,63,220,1.304927,0.044891,0.130976,0.102366,1.872531,0.086839,9.9631,0.6969,8.9071,0.894,0.0699
case9,14454,147972,8,0.002,19,drift,rotate,400,256,27313.0,25159,26593,12169,7524,1.6174,2.242500265368157e-16,395,114,4,114,1.271471,0.042837,0.09968,0.076724,0.55679,0.067533,12.7555,2.2836,13.3514,1.0467,0.179
case9,14454,147972,8,0.002,20,drift,rotate,400,256,26455.5,25834,28264,13839,8018,1.726,1.3233513716658049e-15,396,214,13,214,1.249106,0.044091,0.129386,0.102069,1.80666,0.086157,9.6541,0.6914,8.4974,0.8802,0.0716
case9,14454,147972,8,0.002,21,drift,rotate,400,256,27175.3,25799,25862,13636,7973,1.7103,9.1184785350617e-16,398,201,14,201,1.299447,0.044696,0.127761,0.100818,1.658758,0.085448,10.1709,0.7834,9.1232,0.897,0.077
case9,14454,147972,8,0.01,17,drift,rotate,400,256,26758.7,25159,27658,12106,7516,1.6107,5.501967536748785e-16,403,215,3,215,1.281427,0.043073,0.105798,0.079646,1.121493,0.069058,12.112,1.1426,11.4288,0.9436,0.0943
case9,14454,147972,8,0.01,18,drift,rotate,400,256,26857.9,25834,27743,13766,8024,1.7156,4.4405039652252967e-16,403,309,36,309,1.308484,0.044723,0.125511,0.094965,2.221949,0.080204,10.4253,0.5889,8.4225,0.8079,0.0565
case9,14454,147972,8,0.01,19,drift,rotate,400,256,26909.1,25159,26457,12169,7524,1.6174,4.0479723668627464e-16,403,226,3,226,1.298568,0.043738,0.109661,0.08254,1.20917,0.070697,11.8417,1.0739,10.7533,0.9081,0.0907
case9,14454,147972,8,0.01,20,drift,rotate,400,256,26993.3,25834,26555,13839,8018,1.726,1.3233513716658049e-15,403,314,15,314,1.318023,0.045394,0.128717,0.097466,2.290007,0.081475,10.2397,0.5756,8.1793,0.7988,0.0562
case9,14454,147972,8,0.01,21,drift,rotate,400,256,26991.0,25799,27620,13636,7973,1.7103,8.546071750392686e-16,403,314,9,314,1.314693,0.045119,0.127373,0.096611,2.333814,0.080578,10.3216,0.5633,8.2949,0.8036,0.0546
case9,14454,147972,8,0.05,17,drift,rotate,400,256,27256.7,25159,27679,12106,7516,1.6107,3.6228736261506596e-16,403,384,34,384,1.31925,0.043682,0.11354,0.082314,2.069468,0.070173,11.6193,0.6375,9.2821,0.7989,0.0549
case9,14454,147972,8,0.05,18,drift,rotate,400,256,27365.0,25834,26404,13766,8024,1.7156,4.4405039652252967e-16,403,383,0,383,1.329292,0.044438,0.117729,0.086308,2.246079,0.072962,11.2911,0.5918,8.798,0.7792,0.0524
case9,14454,147972,8,0.05,19,drift,rotate,400,256,27284.3,25159,27712,12169,7524,1.6174,3.6967132033973523e-16,403,379,1,379,1.318881,0.043497,0.111765,0.080965,1.969329,0.069526,11.8005,0.6697,9.5042,0.8054,0.0568
case9,14454,147972,8,0.05,20,drift,rotate,400,256,27401.5,25834,27713,13839,8018,1.726,1.3233513716658049e-15,403,394,3,394,1.331578,0.044399,0.119531,0.087658,2.347742,0.074036,11.14,0.5672,8.6524,0.7767,0.0509
case9,14454,147972,8,0.05,21,drift,rotate,400,256,27391.6,25799,27734,13636,7973,1.7103,8.546071750392686e-16,403,383,11,383,1.334354,0.044327,0.117502,0.086048,2.23829,0.073024,11.356,0.5961,8.8496,0.7793,0.0525
case9,14454,147972,8,0.25,17,drift,rotate,400,256,27433.8,25159,27804,12106,7516,1.6107,3.204940793316296e-16,403,403,5,403,1.329266,0.043643,0.11499,0.083384,2.159055,0.070378,11.5598,0.6157,9.1134,0.7884,0.0533
case9,14454,147972,8,0.25,18,drift,rotate,400,256,27426.1,25834,27871,13766,8024,1.7156,4.4405039652252967e-16,403,403,1,403,1.330332,0.043935,0.115903,0.0844,2.223305,0.071013,11.478,0.5984,8.9649,0.7811,0.0521
case9,14454,147972,8,0.25,19,drift,rotate,400,256,27361.0,25159,26758,12169,7524,1.6174,7.309348120197004e-16,403,403,2,403,1.326156,0.043725,0.115273,0.08371,2.133615,0.070131,11.5045,0.6216,9.0333,0.7852,0.054
case9,14454,147972,8,0.25,20,drift,rotate,400,256,27442.4,25834,27928,13839,8018,1.726,1.3233513716658049e-15,403,403,0,403,1.328176,0.04369,0.114154,0.083241,2.153351,0.069899,11.6349,0.6168,9.1447,0.786,0.053
case9,14454,147972,8,0.25,21,drift,rotate,400,256,27427.2,25799,26590,13636,7973,1.7103,8.546071750392686e-16,403,403,0,403,1.327714,0.043772,0.114039,0.082985,2.143753,0.069902,11.6426,0.6193,9.183,0.7887,0.0532
case9,14454,147972,8,0.0,17,jump,rotate,400,256,25159,25159,25159,12106,7516,1.6107,2.1156551158067676e-16,1,1,0,1,0.040823,0.036481,0.070606,0.059175,0.065304,0.054478,0.5782,0.6251,0.615,1.0637,1.0812
case9,14454,147972,8,0.0,18,jump,rotate,400,256,25834,25834,25834,13766,8024,1.7156,7.303339917981376e-16,1,1,0,1,0.042276,0.037758,0.089365,0.077347,0.082179,0.070692,0.4731,0.5144,0.5178,1.0946,1.0874
case9,14454,147972,8,0.0,19,jump,rotate,400,256,25159,25159,25159,12169,7524,1.6174,1.8521084032963936e-16,1,1,0,1,0.040821,0.036447,0.070993,0.059629,0.065787,0.055045,0.575,0.6205,0.6091,1.0592,1.0791
case9,14454,147972,8,0.0,20,jump,rotate,400,256,25834,25834,25834,13839,8018,1.726,1.3233513716658049e-15,1,1,0,1,0.042195,0.037705,0.091008,0.078944,0.083415,0.071966,0.4636,0.5058,0.5145,1.1097,1.091
case9,14454,147972,8,0.0,21,jump,rotate,400,256,25799,25799,25799,13636,7973,1.7103,8.747340011682425e-16,1,1,0,1,0.042127,0.037652,0.089065,0.076953,0.082613,0.07106,0.473,0.5099,0.5172,1.0935,1.0781
case9,14454,147972,8,0.002,17,jump,rotate,400,256,21710.0,25159,9664,12106,7516,1.6107,2.1965182012568275e-16,403,394,205,394,1.046447,0.040807,0.145024,0.108784,3.508394,0.089516,7.2157,0.2983,5.3163,0.7368,0.0413
case9,14454,147972,8,0.002,18,jump,rotate,400,256,17510.4,25834,9567,13766,8024,1.7156,4.4405039652252967e-16,402,386,171,386,0.853768,0.037246,0.152599,0.115804,3.831016,0.093516,5.5948,0.2229,4.0432,0.7227,0.0398
case9,14454,147972,8,0.002,19,jump,rotate,400,256,12843.8,25159,9621,12169,7524,1.6174,1.787399407234627e-16,403,394,135,394,0.677654,0.032757,0.132988,0.098661,3.149305,0.082846,5.0956,0.2152,3.5236,0.6915,0.0422
case9,14454,147972,8,0.002,20,jump,rotate,400,256,23670.0,25834,9461,13839,8018,1.726,1.3233513716658049e-15,403,395,103,395,1.137904,0.042741,0.155872,0.119493,4.019469,0.094175,7.3002,0.2831,5.1099,0.7,0.0388
case9,14454,147972,8,0.002,21,jump,rotate,400,256,17006.1,25799,9514,13636,7973,1.7103,8.546071750392686e-16,403,391,83,391,0.859748,0.036892,0.163696,0.127511,4.216508,0.097138,5.2521,0.2039,3.724,0.7091,0.0388
case9,14454,147972,8,0.01,17,jump,rotate,400,256,6473.6,25159,2290,12106,7516,1.6107,1.9370406169473755e-16,403,403,171,403,0.379143,0.020322,0.130179,0.096398,2.799046,0.079264,2.9125,0.1355,1.8865,0.6477,0.0465
case9,14454,147972,8,0.01,18,jump,rotate,400,256,5746.7,25834,2165,13766,8024,1.7156,4.4405039652252967e-16,403,403,97,403,0.327995,0.016454,0.128795,0.096239,2.627966,0.077592,2.5466,0.1248,1.6484,0.6473,0.049
case9,14454,147972,8,0.01,19,jump,rotate,400,256,10588.6,25159,2113,12169,7524,1.6174,1.956119328399867e-16,403,403,54,403,0.550327,0.02569,0.135945,0.10292,3.075169,0.082044,4.0482,0.179,2.622,0.6477,0.0442
case9,14454,147972,8,0.01,20,jump,rotate,400,256,6930.4,25834,2124,13839,8018,1.726,1.3233513716658049e-15,403,403,24,403,0.38168,0.018747,0.130913,0.099042,2.787821,0.07886,2.9155,0.1369,1.8916,0.6488,0.047
case9,14454,147972,8,0.01,21,jump,rotate,400,256,7948.7,25799,2224,13636,7973,1.7103,8.546071750392686e-16,403,403,16,403,0.425136,0.021516,0.136094,0.103877,3.078576,0.082489,3.1238,0.1381,2.0025,0.641,0.0442
case9,14454,147972,8,0.05,17,jump,rotate,400,256,2832.0,25159,2287,12106,7516,1.6107,9.73374080267849e-17,403,403,6,403,0.191846,0.010899,0.123623,0.093583,2.398981,0.074281,1.5519,0.08,0.9577,0.6171,0.0515
case9,14454,147972,8,0.05,18,jump,rotate,400,256,3522.0,25834,2278,13766,8024,1.7156,4.4405039652252967e-16,403,403,0,403,0.225325,0.01285,0.125514,0.095157,2.288877,0.074845,1.7952,0.0984,1.0972,0.6112,0.0548
case9,14454,147972,8,0.05,19,jump,rotate,400,256,3278.7,25159,2272,12169,7524,1.6174,1.6085655477037725e-16,403,403,0,403,0.217665,0.012723,0.13257,0.101559,2.813024,0.080079,1.6419,0.0774,1.0204,0.6215,0.0471
case9,14454,147972,8,0.05,20,jump,rotate,400,256,3911.4,25834,2149,13839,8018,1.726,1.3233513716658049e-15,403,403,0,403,0.244772,0.013829,0.127605,0.096954,2.50577,0.078434,1.9182,0.0977,1.1951,0.6231,0.0509
case9,14454,147972,8,0.05,21,jump,rotate,400,256,3896.7,25799,2104,13636,7973,1.7103,8.546071750392686e-16,403,403,0,403,0.24101,0.013086,0.121132,0.090941,2.260527,0.073155,1.9896,0.1066,1.2297,0.6181,0.0536
case9,14454,147972,8,0.25,17,jump,rotate,400,256,2991.7,25159,3373,12106,7516,1.6107,1.1050587646580709e-16,403,403,0,403,0.201667,0.01186,0.129539,0.099233,2.350999,0.075126,1.5568,0.0858,0.9644,0.6195,0.0551
case9,14454,147972,8,0.25,18,jump,rotate,400,256,2829.5,25834,2102,13766,8024,1.7156,4.4405039652252967e-16,403,403,0,403,0.193826,0.011447,0.130061,0.100109,2.42964,0.07581,1.4903,0.0798,0.9194,0.6169,0.0535
case9,14454,147972,8,0.25,19,jump,rotate,400,256,2549.6,25159,2146,12169,7524,1.6174,1.6085655477037725e-16,403,403,0,403,0.180895,0.010768,0.132527,0.102299,2.51839,0.076862,1.365,0.0718,0.8484,0.6215,0.0526
case9,14454,147972,8,0.25,20,jump,rotate,400,256,3139.3,25834,2252,13839,8018,1.726,1.3233513716658049e-15,403,403,0,403,0.208445,0.012263,0.131168,0.100867,2.450265,0.076113,1.5891,0.0851,0.9829,0.6185,0.0535
case9,14454,147972,8,0.25,21,jump,rotate,400,256,2786.5,25799,2163,13636,7973,1.7103,8.546071750392686e-16,403,403,0,403,0.193464,0.011436,0.135872,0.105447,2.604679,0.078126,1.4239,0.0743,0.8763,0.6155,0.0522
msc10848,10848,1229776,8,0.0,17,drift,rotate,400,256,32070,32070,32070,12327,3609,3.4156,4.3092990056204787e-16,1,1,54,1,0.04405,0.039623,0.097624,0.086269,0.086735,0.075564,0.4512,0.5079,0.4862,1.0774,1.1255
msc10848,10848,1229776,8,0.0,18,drift,rotate,400,256,35592,35592,35592,10407,2700,3.8544,8.559923143252579e-16,1,1,45,1,0.048967,0.044625,0.084487,0.07323,0.075458,0.064571,0.5796,0.6489,0.6149,1.0609,1.1197
msc10848,10848,1229776,8,0.0,19,drift,rotate,400,256,34683,34683,34683,12117,3738,3.2416,7.550691841062536e-16,1,1,47,1,0.049714,0.0448,0.097981,0.085721,0.086237,0.074473,0.5074,0.5765,0.5456,1.0753,1.1362
msc10848,10848,1229776,8,0.0,20,drift,rotate,400,256,34629,34629,34629,11886,3195,3.7202,3.1793311390849813e-16,1,1,17,1,0.046801,0.042401,0.098813,0.087164,0.085766,0.074645,0.4736,0.5457,0.5137,1.0845,1.1521
msc10848,10848,1229776,8,0.0,21,drift,rotate,400,256,32093,32093,32093,12993,4146,3.1339,5.400924274891198e-16,1,1,29,1,0.043691,0.039365,0.10075,0.089271,0.088755,0.077781,0.4337,0.4923,0.4645,1.0711,1.1351
msc10848,10848,1229776,8,0.002,17,drift,rotate,400,256,30338.3,32070,28620,12327,3609,3.4156,4.2625242852197767e-16,394,83,29,83,1.454949,0.041151,0.156182,0.131268,0.818055,0.107555,9.3157,1.7785,9.3349,1.0021,0.1909
msc10848,10848,1229776,8,0.002,18,drift,rotate,400,256,28888.4,35592,25266,10407,2700,3.8544,1.201893099862061e-15,387,91,32,91,1.351038,0.038445,0.15051,0.125402,0.819879,0.10245,8.9764,1.6479,9.1643,1.0209,0.1836
msc10848,10848,1229776,8,0.002,19,drift,rotate,400,256,32180.6,34683,30306,12117,3738,3.2416,7.550691841062536e-16,375,61,25,61,1.443578,0.042331,0.146228,0.123014,0.611477,0.102027,9.8721,2.3608,10.1221,1.0253,0.2391
msc10848,10848,1229776,8,0.002,20,drift,rotate,400,256,29791.9,34629,26640,11886,3195,3.7202,3.1793311390849813e-16,394,96,9,96,1.427323,0.040612,0.15811,0.133962,0.930306,0.107535,9.0274,1.5343,8.9815,0.9949,0.17
msc10848,10848,1229776,8,0.002,21,drift,rotate,400,256,28227.0,32093,26462,12993,4146,3.1339,5.980561396423267e-16,379,84,13,84,1.304206,0.038219,0.150461,0.126796,0.815906,0.103333,8.6681,1.5985,8.6726,1.0005,0.1844
msc10848,10848,1229776,8,0.01,17,drift,rotate,400,256,25198.3,32070,23307,12327,3609,3.4156,7.109486569804617e-16,403,193,26,193,1.249046,0.034482,0.163677,0.134873,1.769829,0.106662,7.6312,0.7057,6.949,0.9106,0.0925
msc10848,10848,1229776,8,0.01,18,drift,rotate,400,256,26465.7,35592,24936,10407,2700,3.8544,5.659378346915977e-16,403,189,19,189,1.321158,0.036997,0.165817,0.137584,1.799392,0.107806,7.9676,0.7342,7.2948,0.9156,0.0922
msc10848,10848,1229776,8,0.01,19,drift,rotate,400,256,28873.8,34683,25305,12117,3738,3.2416,7.550691841062536e-16,403,160,24,160,1.413168,0.038283,0.160062,0.13266,1.508022,0.105938,8.8289,0.9371,8.2779,0.9376,0.1061
msc10848,10848,1229776,8,0.01,20,drift,rotate,400,256,26925.7,34629,24738,11886,3195,3.7202,3.8949278742754523e-16,403,196,14,196,1.356468,0.038132,0.183802,0.154823,2.226245,0.119497,7.3801,0.6093,6.5619,0.8891,0.0826
msc10848,10848,1229776,8,0.01,21,drift,rotate,400,256,27451.9,32093,25778,12993,4146,3.1339,6.71254023635156e-16,402,169,11,169,1.359029,0.037441,0.163446,0.136302,1.631153,0.108111,8.3149,0.8332,7.698,0.9258,0.1002
msc10848,10848,1229776,8,0.05,17,drift,rotate,400,256,28947.2,32070,27728,12327,3609,3.4156,6.702805191021053e-16,403,366,34,366,1.463484,0.041837,0.198733,0.161537,4.162237,0.123565,7.3641,0.3516,5.877,0.7981,0.0477
msc10848,10848,1229776,8,0.05,18,drift,rotate,400,256,27537.0,35592,26475,10407,2700,3.8544,5.741227637790542e-16,403,357,71,357,1.382348,0.039474,0.184578,0.147016,3.594916,0.112255,7.4892,0.3845,6.012,0.8028,0.0513
msc10848,10848,1229776,8,0.05,19,drift,rotate,400,256,28128.8,34683,25914,12117,3738,3.2416,7.550691841062536e-16,403,349,33,349,1.371782,0.037962,0.169767,0.13604,3.079001,0.103722,8.0804,0.4455,6.6864,0.8275,0.0551
msc10848,10848,1229776,8,0.05,20,drift,rotate,400,256,26660.2,34629,25575,11886,3195,3.7202,7.447654268284108e-16,403,373,27,373,1.339316,0.037397,0.18692,0.151311,3.706438,0.112111,7.1652,0.3613,5.7323,0.8,0.0504
msc10848,10848,1229776,8,0.05,21,drift,rotate,400,256,26382.5,32093,24644,12993,4146,3.1339,8.049725072050537e-16,403,357,80,357,1.318659,0.037097,0.18096,0.143551,3.454449,0.109762,7.287,0.3817,5.8729,0.8059,0.0524
msc10848,10848,1229776,8,0.25,17,drift,rotate,400,256,31168.3,32070,35130,12327,3609,3.4156,9.83587997524527e-16,403,403,115,403,1.542921,0.043621,0.209149,0.165919,4.568983,0.12533,7.3771,0.3377,5.7097,0.774,0.0458
msc10848,10848,1229776,8,0.25,18,drift,rotate,400,256,30283.1,35592,33363,10407,2700,3.8544,1.0979977063309789e-15,403,400,0,400,1.487989,0.042096,0.194832,0.159348,4.053009,0.117491,7.6373,0.3671,5.8465,0.7655,0.0481
msc10848,10848,1229776,8,0.25,19,drift,rotate,400,256,31197.5,34683,33102,12117,3738,3.2416,1.0670724458095239e-15,403,403,122,403,1.511072,0.04272,0.193984,0.150629,3.96403,0.113295,7.7897,0.3812,6.0834,0.781,0.0489
msc10848,10848,1229776,8,0.25,20,drift,rotate,400,256,31582.3,34629,31983,11886,3195,3.7202,1.1760752246528407e-15,403,403,1,403,1.537234,0.044072,0.190192,0.154918,4.168621,0.116918,8.0825,0.3688,6.1145,0.7565,0.0456
msc10848,10848,1229776,8,0.25,21,drift,rotate,400,256,28217.4,32093,34335,12993,4146,3.1339,1.0998383354679306e-15,403,402,162,402,1.361349,0.038853,0.177587,0.134018,3.732219,0.105982,7.6658,0.3648,5.9951,0.7821,0.0476
msc10848,10848,1229776,8,0.0,17,jump,rotate,400,256,32070,32070,32070,12327,3609,3.4156,4.3092990056204787e-16,1,1,0,1,0.043893,0.039604,0.097598,0.086194,0.086861,0.075744,0.4497,0.5053,0.4852,1.0789,1.1236
msc10848,10848,1229776,8,0.0,18,jump,rotate,400,256,35592,35592,35592,10407,2700,3.8544,8.559923143252579e-16,1,1,0,1,0.048747,0.044442,0.084405,0.073201,0.075306,0.064432,0.5775,0.6473,0.5664,0.9807,1.1208
msc10848,10848,1229776,8,0.0,19,jump,rotate,400,256,34683,34683,34683,12117,3738,3.2416,7.550691841062536e-16,1,1,0,1,0.046977,0.042621,0.095023,0.083479,0.084424,0.073271,0.4944,0.5564,0.5308,1.0736,1.1255
msc10848,10848,1229776,8,0.0,20,jump,rotate,400,256,34629,34629,34629,11886,3195,3.7202,3.1793311390849813e-16,1,1,0,1,0.047715,0.043481,0.096441,0.085193,0.084945,0.074094,0.4948,0.5617,0.4921,0.9946,1.1353
msc10848,10848,1229776,8,0.0,21,jump,rotate,400,256,32093,32093,32093,12993,4146,3.1339,5.400924274891198e-16,1,1,0,1,0.043036,0.038647,0.100031,0.088358,0.088581,0.077361,0.4302,0.4858,0.4666,1.0844,1.1293
msc10848,10848,1229776,8,0.002,17,jump,rotate,400,256,30682.6,32070,31353,12327,3609,3.4156,2.6482700535265756e-16,403,381,24,381,1.646161,0.064495,0.36386,0.318666,13.872565,0.220957,4.5242,0.1187,3.4762,0.7684,0.0262
msc10848,10848,1229776,8,0.002,18,jump,rotate,400,256,32361.1,35592,30021,10407,2700,3.8544,4.52701546055652e-16,403,388,13,388,1.724834,0.067888,0.352626,0.308521,13.560456,0.220769,4.8914,0.1272,3.752,0.7671,0.026
msc10848,10848,1229776,8,0.002,19,jump,rotate,400,256,32103.2,34683,30600,12117,3738,3.2416,7.550691841062536e-16,403,391,19,391,1.698149,0.066964,0.352833,0.30806,13.601852,0.220211,4.8129,0.1248,3.6434,0.757,0.0259
msc10848,10848,1229776,8,0.002,20,jump,rotate,400,256,31685.6,34629,29586,11886,3195,3.7202,3.1793311390849813e-16,403,384,13,384,1.695064,0.06602,0.357721,0.313119,13.631448,0.222471,4.7385,0.1243,3.5953,0.7587,0.0262
msc10848,10848,1229776,8,0.002,21,jump,rotate,400,256,30758.1,32093,30348,12993,4146,3.1339,4.295517968256614e-16,403,382,5,382,1.661344,0.064826,0.360034,0.316197,13.760139,0.223794,4.6144,0.1207,3.5086,0.7603,0.0262
msc10848,10848,1229776,8,0.01,17,jump,rotate,400,256,29753.6,32070,29331,12327,3609,3.4156,2.6482700535265756e-16,403,403,10,403,1.661783,0.070593,0.452842,0.406157,22.330614,0.274812,3.6697,0.0744,2.7887,0.7599,0.0203
msc10848,10848,1229776,8,0.01,18,jump,rotate,400,256,30212.4,35592,29010,10407,2700,3.8544,4.52701546055652e-16,403,403,2,403,1.682567,0.072417,0.450438,0.403663,22.406691,0.273437,3.7354,0.0751,2.8296,0.7575,0.0201
msc10848,10848,1229776,8,0.01,19,jump,rotate,400,256,30371.8,34683,29892,12117,3738,3.2416,7.550691841062536e-16,403,403,4,403,1.684888,0.071836,0.445389,0.398315,21.952194,0.270727,3.783,0.0768,2.8634,0.7569,0.0203
msc10848,10848,1229776,8,0.01,20,jump,rotate,400,256,30487.6,34629,29508,11886,3195,3.7202,3.740117616118728e-16,403,403,1,403,1.696705,0.071447,0.446579,0.399887,21.965609,0.272115,3.7993,0.0772,2.8658,0.7543,0.0203
msc10848,10848,1229776,8,0.01,21,jump,rotate,400,256,29946.0,32093,28626,12993,4146,3.1339,4.295517968256614e-16,403,403,0,403,1.670092,0.070932,0.44738,0.400384,22.429518,0.272272,3.7331,0.0745,2.8226,0.7561,0.0199
msc10848,10848,1229776,8,0.05,17,jump,rotate,400,256,29395.2,32070,28527,12327,3609,3.4156,2.6482700535265756e-16,403,403,0,403,1.66747,0.073015,0.487521,0.441123,25.291328,0.292227,3.4203,0.0659,2.607,0.7622,0.0193
msc10848,10848,1229776,8,0.05,18,jump,rotate,400,256,29278.1,35592,28275,10407,2700,3.8544,4.52701546055652e-16,403,403,0,403,1.65745,0.072611,0.482113,0.435954,25.100161,0.289392,3.4379,0.066,2.6214,0.7625,0.0192
msc10848,10848,1229776,8,0.05,19,jump,rotate,400,256,28868.7,34683,28863,12117,3738,3.2416,7.550691841062536e-16,403,403,0,403,1.63673,0.071935,0.482909,0.436535,25.262352,0.289535,3.3893,0.0648,2.5817,0.7617,0.0191
msc10848,10848,1229776,8,0.05,20,jump,rotate,400,256,29258.5,34629,30102,11886,3195,3.7202,3.1793311390849813e-16,403,403,0,403,1.655729,0.072315,0.479765,0.4336,25.260534,0.289346,3.4511,0.0655,2.6141,0.7575,0.019
msc10848,10848,1229776,8,0.05,21,jump,rotate,400,256,29244.5,32093,28242,12993,4146,3.1339,4.295517968256614e-16,403,403,0,403,1.655511,0.072595,0.484262,0.437808,25.496821,0.29175,3.4186,0.0649,2.6091,0.7632,0.019
msc10848,10848,1229776,8,0.25,17,jump,rotate,400,256,29000.4,32070,29856,12327,3609,3.4156,3.46324465113228e-16,403,403,0,403,1.650502,0.073652,0.490052,0.444309,25.905681,0.2937,3.368,0.0637,2.5582,0.7595,0.0189
msc10848,10848,1229776,8,0.25,18,jump,rotate,400,256,28982.9,35592,29874,10407,2700,3.8544,4.52701546055652e-16,403,403,0,403,1.647694,0.073129,0.489216,0.443915,25.98262,0.294363,3.368,0.0634,2.5513,0.7575,0.0188
msc10848,10848,1229776,8,0.25,19,jump,rotate,400,256,29345.7,34683,28932,12117,3738,3.2416,7.550691841062536e-16,403,403,0,403,1.664703,0.073079,0.48922,0.44345,26.035987,0.294515,3.4028,0.0639,2.5801,0.7582,0.0188
msc10848,10848,1229776,8,0.25,20,jump,rotate,400,256,29233.3,34629,28659,11886,3195,3.7202,3.1793311390849813e-16,403,403,0,403,1.659103,0.073301,0.490401,0.444617,25.935241,0.293938,3.3832,0.064,2.5684,0.7592,0.0189
msc10848,10848,1229776,8,0.25,21,jump,rotate,400,256,29092.4,32093,29412,12993,4146,3.1339,4.295517968256614e-16,403,403,0,403,1.653864,0.073168,0.490229,0.444298,25.974127,0.294852,3.3737,0.0637,2.5526,0.7566,0.0189
ct20stif,52329,2600295,8,0.0,17,drift,rotate,400,256,15163,15163,15163,5557,1371,4.0532,7.566626045264742e-16,1,1,52,1,0.025173,0.020603,0.067425,0.055709,0.053665,0.042571,0.3733,0.4691,0.4341,1.1626,1.2564
ct20stif,52329,2600295,8,0.0,18,drift,rotate,400,256,10286,10286,10286,3050,708,4.3079,4.145027937964978e-16,1,1,39,1,0.018931,0.014178,0.042422,0.030023,0.035763,0.024161,0.4463,0.5293,0.5154,1.155,1.1862
ct20stif,52329,2600295,8,0.0,19,drift,rotate,400,256,12619,12619,12619,3944,1065,3.7033,6.374068419303422e-16,1,1,43,1,0.021566,0.01686,0.04976,0.037262,0.042654,0.031023,0.4334,0.5056,0.5045,1.164,1.1666
ct20stif,52329,2600295,8,0.0,20,drift,rotate,400,256,13559,13559,13559,4142,1140,3.6333,4.258058754737362e-16,1,1,44,1,0.022831,0.018059,0.05057,0.038227,0.04372,0.03222,0.4515,0.5222,0.5247,1.1622,1.1567
ct20stif,52329,2600295,8,0.0,21,drift,rotate,400,256,15782,15782,15782,4613,1421,3.2463,4.538965944276917e-16,1,1,45,1,0.02536,0.020659,0.056842,0.044507,0.049679,0.037999,0.4461,0.5105,0.5215,1.1689,1.1442
ct20stif,52329,2600295,8,0.002,17,drift,rotate,400,256,15501.9,15163,16068,5557,1371,4.0532,7.566626045264742e-16,390,72,26,72,0.756375,0.023468,0.106348,0.082757,0.375875,0.061995,7.1123,2.0123,7.4162,1.0427,0.2829
ct20stif,52329,2600295,8,0.002,18,drift,rotate,400,256,10228.5,10286,10200,3050,708,4.3079,4.98913881138351e-16,367,18,10,18,0.457949,0.015511,0.063763,0.04491,0.074876,0.032923,7.182,6.1161,8.6454,1.2038,0.8516
ct20stif,52329,2600295,8,0.002,19,drift,rotate,400,256,12948.3,12619,12945,3944,1065,3.7033,6.374068419303422e-16,387,78,30,78,0.615994,0.01972,0.088125,0.065155,0.309627,0.050205,6.99,1.9895,7.5635,1.082,0.2846
ct20stif,52329,2600295,8,0.002,20,drift,rotate,400,256,13872.7,13559,13754,4142,1140,3.6333,3.565655072634786e-16,392,65,30,65,0.671989,0.027526,0.091285,0.068547,0.27445,0.053409,7.3614,2.4485,8.1649,1.1091,0.3326
ct20stif,52329,2600295,8,0.002,21,drift,rotate,400,256,15542.9,15782,15308,4613,1421,3.2463,4.748136183964121e-16,385,49,23,49,0.73744,0.021853,0.08844,0.066642,0.236077,0.054583,8.3383,3.1237,9.4642,1.135,0.3746
ct20stif,52329,2600295,8,0.01,17,drift,rotate,400,256,16169.1,15163,16919,5557,1371,4.0532,7.566626045264742e-16,403,170,30,170,0.832732,0.025837,0.124059,0.096469,0.952994,0.068857,6.7124,0.8738,6.2606,0.9327,0.1302
ct20stif,52329,2600295,8,0.01,18,drift,rotate,400,256,10614.7,10286,10485,3050,708,4.3079,3.03624262174433e-16,403,58,12,58,0.52326,0.015226,0.071045,0.050194,0.163545,0.036583,7.3652,3.1995,8.2645,1.1221,0.4344
ct20stif,52329,2600295,8,0.01,19,drift,rotate,400,256,12487.7,12619,11542,3944,1065,3.7033,6.374068419303422e-16,403,144,38,144,0.622392,0.019108,0.092924,0.06771,0.56158,0.051389,6.6979,1.1083,6.6587,0.9942,0.1655
ct20stif,52329,2600295,8,0.01,20,drift,rotate,400,256,13595.6,13559,13307,4142,1140,3.6333,3.6215578750122404e-16,403,133,27,133,0.695589,0.028588,0.105139,0.080174,0.605908,0.058646,6.6159,1.148,6.5998,0.9976,0.1735
ct20stif,52329,2600295,8,0.01,21,drift,rotate,400,256,15011.2,15782,15098,4613,1421,3.2463,4.3004156127542375e-16,403,129,27,129,0.764741,0.022198,0.100895,0.075933,0.601012,0.061172,7.5796,1.2724,7.5445,0.9954,0.1679
ct20stif,52329,2600295,8,0.05,17,drift,rotate,400,256,15841.3,15163,15898,5557,1371,4.0532,7.566626045264742e-16,403,358,108,358,0.837105,0.02776,0.141193,0.103555,2.051007,0.073625,5.9288,0.4081,4.5308,0.7642,0.0688
ct20stif,52329,2600295,8,0.05,18,drift,rotate,400,256,11713.6,10286,12607,3050,708,4.3079,8.146139234786077e-16,403,346,104,346,0.604077,0.020378,0.110476,0.076984,1.332295,0.054756,5.4679,0.4534,4.5421,0.8307,0.0829
ct20stif,52329,2600295,8,0.05,19,drift,rotate,400,256,11742.8,12619,11649,3944,1065,3.7033,6.374068419303422e-16,403,339,74,339,0.597313,0.019144,0.101271,0.069977,1.229099,0.050372,5.8982,0.486,4.9232,0.8347,0.0824
ct20stif,52329,2600295,8,0.05,20,drift,rotate,400,256,13913.2,13559,14681,4142,1140,3.6333,3.5014894904544963e-16,403,365,112,365,0.731306,0.027714,0.1333,0.097532,1.821196,0.066252,5.4862,0.4016,4.3894,0.8001,0.0732
ct20stif,52329,2600295,8,0.05,21,drift,rotate,400,256,15938.8,15782,15912,4613,1421,3.2463,4.1436981584569577e-16,403,337,76,337,0.82755,0.025718,0.124845,0.091099,1.649145,0.06682,6.6286,0.5018,5.3154,0.8019,0.0757
ct20stif,52329,2600295,8,0.25,17,drift,rotate,400,256,15611.2,15163,15716,5557,1371,4.0532,7.566626045264742e-16,403,403,655,403,0.815675,0.027128,0.166182,0.108782,2.342119,0.077031,4.9083,0.3483,3.7793,0.77,0.071
ct20stif,52329,2600295,8,0.25,18,drift,rotate,400,256,12966.7,10286,12648,3050,708,4.3079,4.649830920127655e-16,403,403,173,403,0.648853,0.023647,0.109268,0.073384,1.380143,0.051388,5.9382,0.4701,4.8598,0.8184,0.0792
ct20stif,52329,2600295,8,0.25,19,drift,rotate,400,256,15043.7,12619,15901,3944,1065,3.7033,6.374068419303422e-16,403,403,144,403,0.771828,0.025183,0.132848,0.095527,1.94972,0.067683,5.8099,0.3959,4.4199,0.7608,0.0681
ct20stif,52329,2600295,8,0.25,20,drift,rotate,400,256,13982.9,13559,14350,4142,1140,3.6333,7.645694774739685e-16,403,403,143,403,0.704819,0.026735,0.119852,0.0843,1.615649,0.057362,5.8807,0.4362,4.7551,0.8086,0.0742
ct20stif,52329,2600295,8,0.25,21,drift,rotate,400,256,15542.2,15782,15739,4613,1421,3.2463,4.732189963835431e-16,403,403,241,403,0.802607,0.026935,0.143628,0.102649,2.094685,0.073281,5.5881,0.3832,4.3482,0.7781,0.0686
ct20stif,52329,2600295,8,0.0,17,jump,rotate,400,256,15163,15163,15163,5557,1371,4.0532,7.566626045264742e-16,1,1,0,1,0.024997,0.020222,0.065651,0.053177,0.054189,0.042305,0.3808,0.4613,0.4402,1.1562,1.2115
ct20stif,52329,2600295,8,0.0,18,jump,rotate,400,256,10286,10286,10286,3050,708,4.3079,4.145027937964978e-16,1,1,0,1,0.018376,0.013653,0.041925,0.029722,0.035457,0.0239,0.4383,0.5183,0.5062,1.1548,1.1824
ct20stif,52329,2600295,8,0.0,19,jump,rotate,400,256,12619,12619,12619,3944,1065,3.7033,6.374068419303422e-16,1,1,0,1,0.02214,0.017476,0.048745,0.036602,0.042441,0.03097,0.4542,0.5217,0.5197,1.1442,1.1485
ct20stif,52329,2600295,8,0.0,20,jump,rotate,400,256,13559,13559,13559,4142,1140,3.6333,4.258058754737362e-16,1,1,0,1,0.022071,0.017307,0.050442,0.038089,0.043337,0.031822,0.4376,0.5093,0.5056,1.1556,1.1639
ct20stif,52329,2600295,8,0.0,21,jump,rotate,400,256,15782,15782,15782,4613,1421,3.2463,4.538965944276917e-16,1,1,0,1,0.026154,0.021408,0.056931,0.044429,0.050073,0.038372,0.4594,0.5223,0.5317,1.1574,1.137
ct20stif,52329,2600295,8,0.002,17,jump,rotate,400,256,14130.2,15163,13329,5557,1371,4.0532,7.566626045264742e-16,403,400,166,400,0.760088,0.045944,0.274292,0.222193,7.262001,0.193334,2.7711,0.1047,1.8756,0.6768,0.0378
ct20stif,52329,2600295,8,0.002,18,jump,rotate,400,256,11713.5,10286,12378,3050,708,4.3079,2.767949048232713e-16,403,399,165,399,0.62033,0.038818,0.253864,0.202877,6.486464,0.175526,2.4436,0.0956,1.6244,0.6648,0.0391
ct20stif,52329,2600295,8,0.002,19,jump,rotate,400,256,12697.5,12619,12664,3944,1065,3.7033,6.374068419303422e-16,403,402,138,402,0.680675,0.040553,0.251909,0.200976,6.225757,0.176248,2.7021,0.1093,1.7696,0.6549,0.0405
ct20stif,52329,2600295,8,0.002,20,jump,rotate,400,256,13179.2,13559,13091,4142,1140,3.6333,3.5014894904544963e-16,403,401,140,401,0.703173,0.043691,0.263918,0.212352,6.805105,0.185154,2.6644,0.1033,1.7701,0.6644,0.0388
ct20stif,52329,2600295,8,0.002,21,jump,rotate,400,256,14294.0,15782,13221,4613,1421,3.2463,2.2887913151165825e-16,403,399,150,399,0.768776,0.046066,0.265375,0.21295,6.841226,0.18522,2.8969,0.1124,1.9098,0.6592,0.0388
ct20stif,52329,2600295,8,0.01,17,jump,rotate,400,256,13209.7,15163,12575,5557,1371,4.0532,7.566626045264742e-16,403,403,368,403,0.718243,0.053552,0.352936,0.290347,11.467725,0.252175,2.0351,0.0626,1.345,0.6609,0.0308
ct20stif,52329,2600295,8,0.01,18,jump,rotate,400,256,12375.7,10286,12761,3050,708,4.3079,1.812364814294958e-16,403,403,294,403,0.668891,0.051369,0.343065,0.283909,11.14332,0.24654,1.9498,0.06,1.2735,0.6532,0.0308
ct20stif,52329,2600295,8,0.01,19,jump,rotate,400,256,12804.7,12619,12767,3944,1065,3.7033,6.374068419303422e-16,403,403,258,403,0.689276,0.050663,0.331109,0.273575,10.701348,0.237107,2.0817,0.0644,1.3508,0.6489,0.0309
ct20stif,52329,2600295,8,0.01,20,jump,rotate,400,256,12864.0,13559,12654,4142,1140,3.6333,3.5014894904544963e-16,403,403,220,403,0.722062,0.053126,0.346979,0.285673,11.03885,0.246147,2.081,0.0654,1.3444,0.646,0.0314
ct20stif,52329,2600295,8,0.01,21,jump,rotate,400,256,13271.4,15782,12381,4613,1421,3.2463,2.2887913151165825e-16,403,403,175,403,0.945624,0.068643,0.442512,0.355326,14.518868,0.311738,2.1369,0.0651,1.3816,0.6465,0.0305
ct20stif,52329,2600295,8,0.05,17,jump,rotate,400,256,13008.4,15163,13111,5557,1371,4.0532,7.566626045264742e-16,403,403,477,403,0.704099,0.057552,0.388023,0.321651,13.174543,0.268188,1.8146,0.0534,1.1929,0.6574,0.0295
ct20stif,52329,2600295,8,0.05,18,jump,rotate,400,256,12640.5,10286,12790,3050,708,4.3079,1.812364814294958e-16,403,403,197,403,0.686775,0.055862,0.373705,0.31814,12.865893,0.265077,1.8377,0.0534,1.1973,0.6515,0.029
ct20stif,52329,2600295,8,0.05,19,jump,rotate,400,256,12698.0,12619,12195,3944,1065,3.7033,6.374068419303422e-16,403,403,94,403,0.686861,0.056045,0.371009,0.31912,13.055637,0.268412,1.8513,0.0526,1.1939,0.6449,0.0284
ct20stif,52329,2600295,8,0.05,20,jump,rotate,400,256,12685.8,13559,12753,4142,1140,3.6333,3.5014894904544963e-16,403,403,47,403,0.692201,0.056172,0.372308,0.321493,13.174195,0.271956,1.8592,0.0525,1.1952,0.6429,0.0283
ct20stif,52329,2600295,8,0.05,21,jump,rotate,400,256,12914.8,15782,12846,4613,1421,3.2463,2.2887913151165825e-16,403,403,22,403,0.701296,0.05598,0.368892,0.319105,13.170122,0.270277,1.9011,0.0532,1.2111,0.637,0.028
ct20stif,52329,2600295,8,0.25,17,jump,rotate,400,256,12740.6,15163,12728,5557,1371,4.0532,7.566626045264742e-16,403,403,18,403,0.692946,0.057285,0.377332,0.32934,13.599747,0.277142,1.8364,0.051,1.1599,0.6316,0.0277
ct20stif,52329,2600295,8,0.25,18,jump,rotate,400,256,12711.4,10286,12981,3050,708,4.3079,1.812364814294958e-16,403,403,1,403,0.693085,0.057277,0.37443,0.327252,13.635904,0.276359,1.851,0.0508,1.171,0.6326,0.0275
ct20stif,52329,2600295,8,0.25,19,jump,rotate,400,256,12770.1,12619,12606,3944,1065,3.7033,6.374068419303422e-16,403,403,0,403,0.692651,0.05701,0.376384,0.329104,13.624197,0.27565,1.8403,0.0508,1.172,0.6369,0.0276
ct20stif,52329,2600295,8,0.25,20,jump,rotate,400,256,12709.7,13559,12691,4142,1140,3.6333,3.5014894904544963e-16,403,403,0,403,0.695814,0.057315,0.375989,0.328043,13.546157,0.277253,1.8506,0.0514,1.1764,0.6357,0.0278
ct20stif,52329,2600295,8,0.25,21,jump,rotate,400,256,12684.6,15782,12562,4613,1421,3.2463,2.2887913151165825e-16,403,403,0,403,0.689969,0.056959,0.37367,0.326646,13.530194,0.276362,1.8465,0.051,1.1685,0.6328,0.0276
s3rmt3m3,5357,207123,8,0.0,17,drift,rotate,400,256,10696,10696,10696,2699,674,4.0045,4.461907239470261e-16,1,1,42,1,0.016961,0.013558,0.038299,0.028667,0.033402,0.024345,0.4429,0.5078,0.4782,1.0797,1.1466
s3rmt3m3,5357,207123,8,0.0,18,drift,rotate,400,256,10037,10037,10037,2457,597,4.1156,4.945233682860658e-16,1,1,39,1,0.014967,0.011616,0.034858,0.025542,0.030886,0.022285,0.4294,0.4846,0.5034,1.1723,1.1286
s3rmt3m3,5357,207123,8,0.0,19,drift,rotate,400,256,10716,10716,10716,2280,498,4.5783,6.99368803943494e-16,1,1,21,1,0.015729,0.012447,0.034782,0.025392,0.030769,0.022096,0.4522,0.5112,0.4904,1.0845,1.1304
s3rmt3m3,5357,207123,8,0.0,20,drift,rotate,400,256,9908,9908,9908,2568,612,4.1961,7.236845857295172e-16,1,1,4,1,0.015111,0.011687,0.036375,0.026884,0.031836,0.023004,0.4154,0.4747,0.4847,1.1667,1.1426
s3rmt3m3,5357,207123,8,0.0,21,drift,rotate,400,256,9999,9999,9999,2208,471,4.6879,8.075028212023574e-16,1,1,39,1,0.014748,0.011464,0.033111,0.023823,0.029853,0.021314,0.4454,0.494,0.4789,1.0751,1.1091
s3rmt3m3,5357,207123,8,0.002,17,drift,rotate,400,256,10652.5,10696,10468,2699,674,4.0045,5.269096900507094e-16,387,67,27,67,0.498917,0.014875,0.067249,0.047433,0.236959,0.037312,7.419,2.1055,7.8313,1.0556,0.2838
s3rmt3m3,5357,207123,8,0.002,18,drift,rotate,400,256,9880.0,10037,9771,2457,597,4.1156,4.964751093690458e-16,386,22,9,22,0.44886,0.013704,0.05614,0.038311,0.07946,0.029434,7.9954,5.6489,9.625,1.2038,0.7065
s3rmt3m3,5357,207123,8,0.002,19,drift,rotate,400,256,10698.1,10716,10679,2280,498,4.5783,6.99368803943494e-16,384,43,12,43,0.498073,0.01485,0.060797,0.042191,0.1412,0.034339,8.1924,3.5274,9.0803,1.1084,0.4306
s3rmt3m3,5357,207123,8,0.002,20,drift,rotate,400,256,9739.9,9908,9596,2568,612,4.1961,5.225581325664557e-16,379,22,1,22,0.435649,0.013302,0.055017,0.037554,0.078202,0.028763,7.9184,5.5708,9.3311,1.1784,0.7035
s3rmt3m3,5357,207123,8,0.002,21,drift,rotate,400,256,9726.2,9999,9667,2208,471,4.6879,4.833608351116693e-16,380,21,14,21,0.44056,0.013323,0.051101,0.033054,0.070674,0.02723,8.6214,6.2337,10.196,1.1826,0.7231
s3rmt3m3,5357,207123,8,0.01,17,drift,rotate,400,256,10283.5,10696,9958,2699,674,4.0045,5.633829365001213e-16,403,121,11,121,0.509123,0.014775,0.06865,0.047789,0.378432,0.037961,7.4162,1.3453,7.3013,0.9845,0.1814
s3rmt3m3,5357,207123,8,0.01,18,drift,rotate,400,256,9744.3,10037,9512,2457,597,4.1156,7.330583274207534e-16,403,57,7,57,0.464893,0.013587,0.060234,0.041156,0.15706,0.031385,7.7181,2.96,8.5932,1.1134,0.3835
s3rmt3m3,5357,207123,8,0.01,19,drift,rotate,400,256,10697.9,10716,10690,2280,498,4.5783,6.99368803943494e-16,403,112,10,112,0.5237,0.015131,0.064368,0.043409,0.329426,0.035918,8.136,1.5897,8.1628,1.0033,0.1954
s3rmt3m3,5357,207123,8,0.01,20,drift,rotate,400,256,9701.2,9908,9416,2568,612,4.1961,5.225581325664557e-16,401,50,3,50,0.460806,0.013442,0.058517,0.039936,0.137263,0.030659,7.8747,3.3571,8.8277,1.121,0.4263
s3rmt3m3,5357,207123,8,0.01,21,drift,rotate,400,256,9849.5,9999,9792,2208,471,4.6879,5.768957629808335e-16,401,45,9,45,0.470267,0.013568,0.053823,0.035378,0.119378,0.028693,8.7373,3.9393,9.7982,1.1214,0.4509
s3rmt3m3,5357,207123,8,0.05,17,drift,rotate,400,256,10225.8,10696,10060,2699,674,4.0045,5.426994300530021e-16,403,327,88,327,0.506301,0.015435,0.07997,0.05202,1.092335,0.041445,6.3311,0.4635,5.0352,0.7953,0.0732
s3rmt3m3,5357,207123,8,0.05,18,drift,rotate,400,256,10002.5,10037,10158,2457,597,4.1156,3.7943158323959747e-16,403,267,32,267,0.483959,0.01433,0.072167,0.04762,0.727052,0.0366,6.7061,0.6656,5.7387,0.8557,0.0993
s3rmt3m3,5357,207123,8,0.05,19,drift,rotate,400,256,10461.9,10716,10541,2280,498,4.5783,6.99368803943494e-16,403,335,42,335,0.518031,0.01564,0.079573,0.052653,1.16576,0.044645,6.5101,0.4444,5.148,0.7908,0.0683
s3rmt3m3,5357,207123,8,0.05,20,drift,rotate,400,256,10077.6,9908,10243,2568,612,4.1961,5.225581325664557e-16,403,315,18,315,0.493391,0.014827,0.079356,0.053813,0.982241,0.042843,6.2174,0.5023,5.1481,0.828,0.0808
s3rmt3m3,5357,207123,8,0.05,21,drift,rotate,400,256,10134.4,9999,10265,2208,471,4.6879,4.530034140547062e-16,403,289,6,289,0.498189,0.014651,0.071742,0.047426,0.803466,0.039789,6.9442,0.62,5.7708,0.831,0.0893
s3rmt3m3,5357,207123,8,0.25,17,drift,rotate,400,256,10632.5,10696,10744,2699,674,4.0045,5.785978709957983e-16,403,403,43,403,0.517921,0.015991,0.079399,0.051373,1.190643,0.041972,6.523,0.435,4.9187,0.7541,0.0667
s3rmt3m3,5357,207123,8,0.25,18,drift,rotate,400,256,10305.0,10037,10619,2457,597,4.1156,4.815306625803853e-16,403,401,10,401,0.502993,0.015796,0.079116,0.052116,1.141272,0.04085,6.3577,0.4407,4.8865,0.7686,0.0693
s3rmt3m3,5357,207123,8,0.25,19,drift,rotate,400,256,10628.9,10716,10566,2280,498,4.5783,6.99368803943494e-16,403,403,12,403,0.517252,0.016679,0.075996,0.04887,1.143362,0.041113,6.8063,0.4524,5.1037,0.7499,0.0665
s3rmt3m3,5357,207123,8,0.25,20,drift,rotate,400,256,10407.2,9908,10647,2568,612,4.1961,6.602649470634591e-16,403,403,0,403,0.505831,0.01607,0.079425,0.052591,1.148341,0.041277,6.3687,0.4405,4.8751,0.7655,0.0692
s3rmt3m3,5357,207123,8,0.25,21,drift,rotate,400,256,10545.8,9999,10719,2208,471,4.6879,5.866848592167323e-16,403,403,7,403,0.516776,0.016599,0.078805,0.051551,1.183776,0.042447,6.5577,0.4365,4.8899,0.7457,0.0666
s3rmt3m3,5357,207123,8,0.0,17,jump,rotate,400,256,10696,10696,10696,2699,674,4.0045,4.461907239470261e-16,1,1,0,1,0.016796,0.013392,0.037876,0.028636,0.033042,0.024299,0.4434,0.5083,0.5113,1.1531,1.1463
s3rmt3m3,5357,207123,8,0.0,18,jump,rotate,400,256,10037,10037,10037,2457,597,4.1156,4.945233682860658e-16,1,1,0,1,0.016541,0.013148,0.034724,0.025588,0.030737,0.022194,0.4764,0.5381,0.5169,1.0851,1.1297
s3rmt3m3,5357,207123,8,0.0,19,jump,rotate,400,256,10716,10716,10716,2280,498,4.5783,6.99368803943494e-16,1,1,0,1,0.016794,0.013505,0.033802,0.02484,0.030564,0.022108,0.4968,0.5495,0.5694,1.1461,1.1059
s3rmt3m3,5357,207123,8,0.0,20,jump,rotate,400,256,9908,9908,9908,2568,612,4.1961,7.236845857295172e-16,1,1,0,1,0.016274,0.012812,0.036272,0.02702,0.031935,0.02323,0.4487,0.5096,0.4888,1.0895,1.1358
s3rmt3m3,5357,207123,8,0.0,21,jump,rotate,400,256,9999,9999,9999,2208,471,4.6879,8.075028212023574e-16,1,1,0,1,0.016576,0.013214,0.032795,0.023675,0.029803,0.021296,0.5054,0.5562,0.5749,1.1374,1.1004
s3rmt3m3,5357,207123,8,0.002,17,jump,rotate,400,256,10283.3,10696,10100,2699,674,4.0045,4.867261296677413e-16,403,357,25,357,0.5417,0.025239,0.163948,0.130003,3.87803,0.095141,3.3041,0.1397,2.1819,0.6604,0.0423
s3rmt3m3,5357,207123,8,0.002,18,jump,rotate,400,256,9889.9,10037,9723,2457,597,4.1156,3.5791779601298665e-16,402,362,19,362,0.521513,0.02429,0.160126,0.126544,3.752684,0.091962,3.2569,0.139,2.1271,0.6531,0.0427
s3rmt3m3,5357,207123,8,0.002,19,jump,rotate,400,256,10304.4,10716,10054,2280,498,4.5783,6.99368803943494e-16,403,362,9,362,0.540118,0.024916,0.155631,0.122473,3.609324,0.090817,3.4705,0.1496,2.2562,0.6501,0.0431
s3rmt3m3,5357,207123,8,0.002,20,jump,rotate,400,256,9902.6,9908,10011,2568,612,4.1961,5.225581325664557e-16,403,370,5,370,0.522868,0.024778,0.166959,0.133276,4.151768,0.095592,3.1317,0.1259,2.032,0.6488,0.0402
s3rmt3m3,5357,207123,8,0.002,21,jump,rotate,400,256,10031.4,9999,10029,2208,471,4.6879,3.782795068974177e-16,403,367,4,367,0.537753,0.024737,0.160331,0.12723,4.112521,0.095077,3.354,0.1308,2.1439,0.6392,0.039
s3rmt3m3,5357,207123,8,0.01,17,jump,rotate,400,256,10058.8,10696,9830,2699,674,4.0045,4.681042441592475e-16,403,402,2,402,0.555536,0.027593,0.205744,0.169001,6.774311,0.116653,2.7001,0.082,1.7146,0.635,0.0304
s3rmt3m3,5357,207123,8,0.01,18,jump,rotate,400,256,9909.7,10037,9864,2457,597,4.1156,3.4368077204610596e-16,403,403,1,403,0.545651,0.02763,0.208369,0.171573,6.961628,0.118409,2.6187,0.0784,1.6596,0.6338,0.0299
s3rmt3m3,5357,207123,8,0.01,19,jump,rotate,400,256,10133.5,10716,10015,2280,498,4.5783,6.99368803943494e-16,403,403,0,403,0.554832,0.027905,0.200392,0.163898,6.422023,0.114709,2.7687,0.0864,1.7425,0.6293,0.0312
s3rmt3m3,5357,207123,8,0.01,20,jump,rotate,400,256,9850.6,9908,9954,2568,612,4.1961,5.225581325664557e-16,403,402,0,402,0.540014,0.02743,0.202912,0.166251,6.481085,0.115517,2.6613,0.0833,1.6783,0.6306,0.0313
s3rmt3m3,5357,207123,8,0.01,21,jump,rotate,400,256,9951.4,9999,9990,2208,471,4.6879,3.782795068974177e-16,403,402,0,402,0.550728,0.027744,0.203616,0.167335,6.717572,0.116905,2.7047,0.082,1.7033,0.6297,0.0303
s3rmt3m3,5357,207123,8,0.05,17,jump,rotate,400,256,10001.0,10696,9924,2699,674,4.0045,4.108056607708272e-16,403,403,0,403,0.561342,0.028724,0.222527,0.185524,7.784518,0.126731,2.5226,0.0721,1.5927,0.6314,0.0286
s3rmt3m3,5357,207123,8,0.05,18,jump,rotate,400,256,9905.9,10037,9845,2457,597,4.1156,3.4368077204610596e-16,403,403,0,403,0.5524,0.028619,0.221528,0.18486,7.70773,0.125622,2.4936,0.0717,1.5669,0.6284,0.0287
s3rmt3m3,5357,207123,8,0.05,19,jump,rotate,400,256,9960.4,10716,9785,2280,498,4.5783,6.99368803943494e-16,403,403,0,403,0.55772,0.028662,0.223022,0.186184,7.845246,0.127082,2.5007,0.0711,1.5818,0.6325,0.0284
s3rmt3m3,5357,207123,8,0.05,20,jump,rotate,400,256,9904.9,9908,10019,2568,612,4.1961,5.225581325664557e-16,403,403,0,403,0.560174,0.028784,0.2229,0.185846,7.81375,0.127616,2.5131,0.0717,1.5765,0.6273,0.0285
s3rmt3m3,5357,207123,8,0.05,21,jump,rotate,400,256,9902.0,9999,10108,2208,471,4.6879,3.782795068974177e-16,403,403,0,403,0.555437,0.028555,0.221467,0.184434,7.710109,0.126485,2.508,0.072,1.5717,0.6267,0.0287
s3rmt3m3,5357,207123,8,0.25,17,jump,rotate,400,256,9897.0,10696,9928,2699,674,4.0045,4.108056607708272e-16,403,403,0,403,0.557134,0.029099,0.225852,0.189079,7.981658,0.128955,2.4668,0.0698,1.5344,0.622,0.0283
s3rmt3m3,5357,207123,8,0.25,18,jump,rotate,400,256,9904.8,10037,10106,2457,597,4.1156,3.4368077204610596e-16,403,403,0,403,0.558441,0.028965,0.225316,0.188741,7.973307,0.128847,2.4785,0.07,1.5382,0.6206,0.0283
s3rmt3m3,5357,207123,8,0.25,19,jump,rotate,400,256,9905.2,10716,10063,2280,498,4.5783,6.99368803943494e-16,403,403,0,403,0.557616,0.028984,0.226587,0.189862,8.010823,0.129304,2.4609,0.0696,1.5351,0.6238,0.0283
s3rmt3m3,5357,207123,8,0.25,20,jump,rotate,400,256,9895.8,9908,9823,2568,612,4.1961,5.225581325664557e-16,403,403,0,403,0.556583,0.028912,0.224943,0.188583,7.947792,0.128366,2.4743,0.07,1.5448,0.6243,0.0283
s3rmt3m3,5357,207123,8,0.25,21,jump,rotate,400,256,9897.8,9999,10026,2208,471,4.6879,3.782795068974177e-16,403,403,0,403,0.556083,0.028875,0.225222,0.188743,8.004955,0.128394,2.469,0.0695,1.5364,0.6222,0.0281
memplus,17758,99147,8,0.0,17,drift,rotate,400,256,16619,16619,16619,13904,8170,1.7018,1.2146150112237297e-15,1,1,91,1,0.035408,0.030946,0.080851,0.068706,0.067107,0.055585,0.4379,0.5276,0.5075,1.1588,1.2048
memplus,17758,99147,8,0.0,18,drift,rotate,400,256,16636,16636,16636,13933,8169,1.7056,7.763655027222254e-16,1,1,58,1,0.035518,0.031132,0.080478,0.068546,0.06686,0.055369,0.4413,0.5312,0.4869,1.1033,1.2037
memplus,17758,99147,8,0.0,19,drift,rotate,400,256,14908,14908,14908,11177,7075,1.5798,3.7361961014902314e-16,1,1,19,1,0.032616,0.028283,0.061298,0.049839,0.051722,0.040795,0.5321,0.6306,0.5947,1.1177,1.1851
memplus,17758,99147,8,0.0,20,drift,rotate,400,256,16619,16619,16619,13941,8190,1.7022,4.663348098661622e-16,1,1,58,1,0.035543,0.031048,0.079907,0.067857,0.067615,0.056187,0.4448,0.5257,0.4879,1.0969,1.1818
memplus,17758,99147,8,0.0,21,drift,rotate,400,256,16670,16670,16670,13860,8145,1.7017,7.801926884595002e-16,1,1,55,1,0.035583,0.031077,0.07978,0.067709,0.067549,0.056031,0.446,0.5268,0.5227,1.1719,1.1811
memplus,17758,99147,8,0.002,17,drift,rotate,400,256,14525.3,16619,13341,13904,8170,1.7018,8.010280821721121e-16,387,108,41,108,0.804963,0.038102,0.106991,0.083557,0.526254,0.067571,7.5237,1.5296,7.6137,1.012,0.2033
memplus,17758,99147,8,0.002,18,drift,rotate,400,256,14761.2,16636,15086,13933,8169,1.7056,7.763655027222254e-16,383,120,29,120,0.810434,0.038377,0.105186,0.081701,0.565727,0.066282,7.7048,1.4326,7.7816,1.01,0.1859
memplus,17758,99147,8,0.002,19,drift,rotate,400,256,15102.0,14908,14868,11177,7075,1.5798,5.570522392272167e-16,385,107,25,107,0.833731,0.038381,0.097206,0.074668,0.417994,0.060596,8.5769,1.9946,8.9069,1.0385,0.2326
memplus,17758,99147,8,0.002,20,drift,rotate,400,256,14983.7,16619,14484,13941,8190,1.7022,7.125528274379718e-16,391,122,15,122,0.838799,0.0401,0.109044,0.08559,0.614218,0.069805,7.6923,1.3656,7.724,1.0041,0.1775
memplus,17758,99147,8,0.002,21,drift,rotate,400,256,15154.7,16670,15041,13860,8145,1.7017,5.581853586395815e-16,385,116,17,116,0.837605,0.039992,0.109301,0.085677,0.595949,0.06948,7.6633,1.4055,7.7675,1.0136,0.1834
memplus,17758,99147,8,0.01,17,drift,rotate,400,256,14527.7,16619,14957,13904,8170,1.7018,6.435419676335017e-16,403,272,56,272,0.843315,0.038937,0.111916,0.083768,1.224301,0.067924,7.5352,0.6888,6.463,0.8577,0.0914
memplus,17758,99147,8,0.01,18,drift,rotate,400,256,15327.4,16636,14152,13933,8169,1.7056,7.763655027222254e-16,403,269,34,269,0.886171,0.041006,0.114613,0.086688,1.23655,0.07085,7.7319,0.7166,6.6136,0.8554,0.0927
memplus,17758,99147,8,0.01,19,drift,rotate,400,256,14618.8,14908,14918,11177,7075,1.5798,3.5633614223857026e-16,403,284,23,284,0.853631,0.039757,0.114029,0.085357,1.204416,0.067983,7.4861,0.7088,6.2539,0.8354,0.0947
memplus,17758,99147,8,0.01,20,drift,rotate,400,256,14591.7,16619,15555,13941,8190,1.7022,6.502671289331791e-16,403,278,19,278,0.846304,0.038735,0.11054,0.082625,1.228683,0.067646,7.6561,0.6888,6.4873,0.8473,0.09
memplus,17758,99147,8,0.01,21,drift,rotate,400,256,14289.5,16670,15015,13860,8145,1.7017,5.581853586395815e-16,402,256,16,256,0.823538,0.039537,0.113137,0.085858,1.188049,0.070689,7.2791,0.6932,6.3137,0.8674,0.0952
memplus,17758,99147,8,0.05,17,drift,rotate,400,256,14709.4,16619,14222,13904,8170,1.7018,6.360046107238757e-16,403,400,157,400,0.854366,0.039976,0.117954,0.086109,1.871123,0.070333,7.2432,0.4566,5.5021,0.7596,0.063
memplus,17758,99147,8,0.05,18,drift,rotate,400,256,14477.9,16636,14815,13933,8169,1.7056,7.763655027222254e-16,403,402,57,402,0.841566,0.039846,0.116067,0.085077,1.823884,0.068868,7.2507,0.4614,5.477,0.7554,0.0636
memplus,17758,99147,8,0.05,19,drift,rotate,400,256,15274.6,14908,12049,11177,7075,1.5798,4.684527935376809e-16,403,398,43,398,0.889985,0.040414,0.114249,0.083589,1.7277,0.067857,7.7899,0.5151,5.881,0.755,0.0661
memplus,17758,99147,8,0.05,20,drift,rotate,400,256,15189.8,16619,15769,13941,8190,1.7022,5.964934592404085e-16,403,398,40,398,0.883517,0.041034,0.118115,0.087029,1.820972,0.070578,7.4801,0.4852,5.6258,0.7521,0.0649
memplus,17758,99147,8,0.05,21,drift,rotate,400,256,15016.5,16670,13700,13860,8145,1.7017,5.581853586395815e-16,403,398,20,398,0.873848,0.040414,0.116027,0.085222,1.812892,0.06929,7.5314,0.482,5.6847,0.7548,0.064
memplus,17758,99147,8,0.25,17,drift,rotate,400,256,14366.8,16619,15392,13904,8170,1.7018,7.638575630894453e-16,403,403,448,403,0.839402,0.039677,0.123119,0.089442,1.860269,0.071841,6.8178,0.4512,4.9866,0.7314,0.0662
memplus,17758,99147,8,0.25,18,drift,rotate,400,256,14445.0,16636,13153,13933,8169,1.7056,7.763655027222254e-16,403,403,325,403,0.841448,0.039596,0.127198,0.094154,1.999073,0.075057,6.6153,0.4209,4.8469,0.7327,0.0636
memplus,17758,99147,8,0.25,19,drift,rotate,400,256,14242.8,14908,12888,11177,7075,1.5798,5.308822551634493e-16,403,403,83,403,0.830225,0.039457,0.120667,0.089536,1.870364,0.07163,6.8803,0.4439,4.9987,0.7265,0.0645
memplus,17758,99147,8,0.25,20,drift,rotate,400,256,14401.8,16619,16742,13941,8190,1.7022,8.425918887235451e-16,403,403,27,403,0.83969,0.039306,0.123025,0.092123,1.936283,0.073016,6.8254,0.4337,4.9606,0.7268,0.0635
memplus,17758,99147,8,0.25,21,drift,rotate,400,256,14425.1,16670,14426,13860,8145,1.7017,5.581853586395815e-16,403,403,12,403,0.840187,0.039775,0.126175,0.095254,1.994314,0.074889,6.6589,0.4213,4.8577,0.7295,0.0633
memplus,17758,99147,8,0.0,17,jump,rotate,400,256,16619,16619,16619,13904,8170,1.7018,1.2146150112237297e-15,1,1,0,1,0.035258,0.030623,0.080782,0.06837,0.067526,0.055814,0.4365,0.5221,0.5107,1.1702,1.1963
memplus,17758,99147,8,0.0,18,jump,rotate,400,256,16636,16636,16636,13933,8169,1.7056,7.763655027222254e-16,1,1,0,1,0.0371,0.032278,0.080991,0.068191,0.068248,0.056179,0.4581,0.5436,0.5379,1.1744,1.1867
memplus,17758,99147,8,0.0,19,jump,rotate,400,256,14908,14908,14908,11177,7075,1.5798,3.7361961014902314e-16,1,1,0,1,0.031616,0.027256,0.060668,0.048838,0.051035,0.039973,0.5211,0.6195,0.5957,1.143,1.1888
memplus,17758,99147,8,0.0,20,jump,rotate,400,256,16619,16619,16619,13941,8190,1.7022,4.663348098661622e-16,1,1,0,1,0.035996,0.031568,0.079254,0.067188,0.06706,0.055633,0.4542,0.5368,0.5405,1.19,1.1818
memplus,17758,99147,8,0.0,21,jump,rotate,400,256,16670,16670,16670,13860,8145,1.7017,7.801926884595002e-16,1,1,0,1,0.034816,0.030408,0.079074,0.066914,0.066869,0.055364,0.4403,0.5207,0.5212,1.1837,1.1825
memplus,17758,99147,8,0.002,17,jump,rotate,400,256,9616.3,16619,4279,13904,8170,1.7018,6.046806929964919e-16,403,389,12,389,0.581741,0.030378,0.131718,0.098547,2.442913,0.0791,4.4166,0.2381,2.9182,0.6607,0.0539
memplus,17758,99147,8,0.002,18,jump,rotate,400,256,9389.2,16636,4430,13933,8169,1.7056,7.763655027222254e-16,403,391,8,391,0.573427,0.030243,0.128331,0.095083,2.405456,0.077522,4.4683,0.2384,2.917,0.6528,0.0533
memplus,17758,99147,8,0.002,19,jump,rotate,400,256,8633.0,14908,4725,11177,7075,1.5798,3.202754701384642e-16,403,397,4,397,0.534609,0.028573,0.112648,0.080634,1.895549,0.066995,4.7458,0.282,3.1148,0.6563,0.0594
memplus,17758,99147,8,0.002,20,jump,rotate,400,256,9480.1,16619,5272,13941,8190,1.7022,4.663348098661622e-16,403,398,6,398,0.576491,0.030351,0.129562,0.096095,2.520228,0.078507,4.4495,0.2287,2.889,0.6493,0.0514
memplus,17758,99147,8,0.002,21,jump,rotate,400,256,8988.0,16670,5099,13860,8145,1.7017,5.581853586395815e-16,403,395,3,395,0.548141,0.02876,0.131099,0.097781,2.511231,0.079224,4.1811,0.2183,2.71,0.6482,0.0522
memplus,17758,99147,8,0.01,17,jump,rotate,400,256,4875.4,16619,1237,13904,8170,1.7018,6.046806929964919e-16,403,403,13,403,0.323064,0.017958,0.122006,0.089744,2.173585,0.072611,2.6479,0.1486,1.6228,0.6128,0.0561
memplus,17758,99147,8,0.01,18,jump,rotate,400,256,4909.5,16636,1598,13933,8169,1.7056,7.763655027222254e-16,403,403,5,403,0.326297,0.018473,0.120393,0.088277,2.113151,0.07184,2.7103,0.1544,1.6791,0.6195,0.057
memplus,17758,99147,8,0.01,19,jump,rotate,400,256,3924.7,14908,1648,11177,7075,1.5798,2.7298371723561713e-16,403,403,5,403,0.273348,0.015553,0.120295,0.088179,2.039872,0.071274,2.2723,0.134,1.4096,0.6203,0.059
memplus,17758,99147,8,0.01,20,jump,rotate,400,256,4674.6,16619,1813,13941,8190,1.7022,4.663348098661622e-16,403,403,1,403,0.312385,0.017096,0.123624,0.091303,2.2715,0.074887,2.5269,0.1375,1.5764,0.6238,0.0544
memplus,17758,99147,8,0.01,21,jump,rotate,400,256,4467.0,16670,1647,13860,8145,1.7017,5.581853586395815e-16,403,403,0,403,0.301868,0.016881,0.124644,0.092408,2.249094,0.074891,2.4218,0.1342,1.4989,0.6189,0.0554
memplus,17758,99147,8,0.05,17,jump,rotate,400,256,2166.0,16619,1470,13904,8170,1.7018,6.046806929964919e-16,403,403,0,403,0.174832,0.010196,0.111754,0.081007,1.656566,0.064132,1.5644,0.1055,0.9156,0.5853,0.0675
memplus,17758,99147,8,0.05,18,jump,rotate,400,256,2053.2,16636,1582,13933,8169,1.7056,7.763655027222254e-16,403,403,0,403,0.167919,0.00994,0.112539,0.081789,1.694538,0.064742,1.4921,0.0991,0.8835,0.5921,0.0664
memplus,17758,99147,8,0.05,19,jump,rotate,400,256,2021.9,14908,1595,11177,7075,1.5798,2.7298371723561713e-16,403,403,0,403,0.167237,0.009804,0.112306,0.081864,1.715678,0.065098,1.4891,0.0975,0.8725,0.5859,0.0655
memplus,17758,99147,8,0.05,20,jump,rotate,400,256,2111.9,16619,1718,13941,8190,1.7022,4.663348098661622e-16,403,403,0,403,0.171147,0.009992,0.113451,0.082934,1.747169,0.06594,1.5086,0.098,0.8924,0.5915,0.0649
memplus,17758,99147,8,0.05,21,jump,rotate,400,256,2139.8,16670,1442,13860,8145,1.7017,5.581853586395815e-16,403,403,0,403,0.17246,0.009933,0.110884,0.080443,1.682803,0.064149,1.5553,0.1025,0.9136,0.5874,0.0659
memplus,17758,99147,8,0.25,17,jump,rotate,400,256,1622.3,16619,1578,13904,8170,1.7018,6.046806929964919e-16,403,403,0,403,0.144347,0.008508,0.114769,0.084555,1.591462,0.062814,1.2577,0.0907,0.7324,0.5823,0.0721
memplus,17758,99147,8,0.25,18,jump,rotate,400,256,1572.9,16636,1524,13933,8169,1.7056,7.763655027222254e-16,403,403,0,403,0.14486,0.00878,0.119936,0.088654,1.584229,0.064494,1.2078,0.0914,0.6983,0.5782,0.0757
memplus,17758,99147,8,0.25,19,jump,rotate,400,256,1596.3,14908,1856,11177,7075,1.5798,2.7298371723561713e-16,403,403,0,403,0.143946,0.008528,0.1172,0.086451,1.609359,0.063716,1.2282,0.0894,0.7135,0.581,0.0728
memplus,17758,99147,8,0.25,20,jump,rotate,400,256,1598.2,16619,1192,13941,8190,1.7022,4.663348098661622e-16,403,403,0,403,0.143862,0.008503,0.115669,0.085359,1.6013,0.063549,1.2437,0.0898,0.7219,0.5804,0.0722
memplus,17758,99147,8,0.25,21,jump,rotate,400,256,1586.6,16670,1191,13860,8145,1.7017,5.581853586395815e-16,403,403,0,403,0.143006,0.008573,0.114505,0.08417,1.576682,0.062532,1.2489,0.0907,0.7279,0.5828,0.0726
olafu,16146,1015156,8,0.0,17,drift,rotate,400,256,14917,14917,14917,6632,858,7.7296,5.769784982520525e-16,1,1,55,1,0.022117,0.017722,0.061532,0.049805,0.051763,0.040533,0.3594,0.4273,0.3563,0.9911,1.1887
olafu,16146,1015156,8,0.0,18,drift,rotate,400,256,13194,13194,13194,4691,942,4.9798,5.124570791162757e-16,1,1,48,1,0.020365,0.016007,0.05121,0.039526,0.043185,0.032114,0.3977,0.4716,0.4052,1.019,1.1858
olafu,16146,1015156,8,0.0,19,drift,rotate,400,256,14037,14037,14037,7808,1014,7.7002,4.789690255022619e-16,1,1,63,1,0.021335,0.016863,0.068146,0.056436,0.058416,0.047187,0.3131,0.3652,0.313,0.9997,1.1666
olafu,16146,1015156,8,0.0,20,drift,rotate,400,256,15733,15733,15733,4665,794,5.8753,1.0477534319612852e-15,1,1,26,1,0.022809,0.018532,0.048857,0.037344,0.042086,0.031233,0.4669,0.542,0.4699,1.0064,1.1609
olafu,16146,1015156,8,0.0,21,drift,rotate,400,256,18671,18671,18671,4121,629,6.5517,6.828215450889609e-16,1,1,37,1,0.026902,0.022634,0.044689,0.033315,0.041166,0.030422,0.602,0.6535,0.5972,0.9921,1.0856
olafu,16146,1015156,8,0.002,17,drift,rotate,400,256,15095.3,14917,15512,6632,858,7.7296,6.720428364398413e-16,391,50,24,50,0.719932,0.023479,0.097134,0.075113,0.31945,0.057227,7.4117,2.2537,7.5912,1.0242,0.3041
olafu,16146,1015156,8,0.002,18,drift,rotate,400,256,13364.3,13194,13415,4691,942,4.9798,4.280772784537696e-16,388,43,18,43,0.611461,0.019849,0.083755,0.062991,0.209723,0.048324,7.3006,2.9156,7.992,1.0947,0.3994
olafu,16146,1015156,8,0.002,19,drift,rotate,400,256,14046.2,14037,14342,7808,1014,7.7002,7.030895364730677e-16,385,73,27,73,0.65782,0.025175,0.109261,0.086079,0.541542,0.066245,6.0206,1.2147,5.7613,0.9569,0.2018
olafu,16146,1015156,8,0.002,20,drift,rotate,400,256,16130.4,15733,16333,4665,794,5.8753,4.809294236735187e-16,394,87,30,87,0.768829,0.023072,0.095101,0.071826,0.468721,0.05557,8.0843,1.6403,8.0375,0.9942,0.2029
olafu,16146,1015156,8,0.002,21,drift,rotate,400,256,18038.7,18671,17562,4121,629,6.5517,6.872356990975118e-16,380,35,22,35,0.796263,0.023909,0.075828,0.05503,0.168197,0.046816,10.5009,4.7341,11.388,1.0845,0.4508
olafu,16146,1015156,8,0.01,17,drift,rotate,400,256,15562.1,14917,15534,6632,858,7.7296,5.550983906711362e-16,403,156,19,156,0.779841,0.023362,0.111655,0.085964,0.965845,0.063216,6.9844,0.8074,6.1113,0.875,0.1156
olafu,16146,1015156,8,0.01,18,drift,rotate,400,256,13005.9,13194,12702,4691,942,4.9798,3.9114614454366434e-16,403,113,17,113,0.62402,0.019966,0.089238,0.0666,0.498386,0.050797,6.9928,1.2521,6.9055,0.9875,0.1791
olafu,16146,1015156,8,0.01,19,drift,rotate,400,256,14479.3,14037,14587,7808,1014,7.7002,4.789690255022619e-16,403,168,27,168,0.731279,0.02711,0.12337,0.096197,1.201689,0.070382,5.9275,0.6085,4.9376,0.833,0.1027
olafu,16146,1015156,8,0.01,20,drift,rotate,400,256,16247.3,15733,16349,4665,794,5.8753,6.076520201604895e-16,403,161,12,161,0.806012,0.024884,0.111629,0.086214,0.976681,0.062718,7.2205,0.8253,6.3193,0.8752,0.1143
olafu,16146,1015156,8,0.01,21,drift,rotate,400,256,17595.2,18671,17295,4121,629,6.5517,6.546203564832241e-16,403,58,8,58,0.827589,0.024229,0.074409,0.053318,0.241132,0.045562,11.1222,3.4321,11.6537,1.0478,0.3086
olafu,16146,1015156,8,0.05,17,drift,rotate,400,256,14850.1,14917,13358,6632,858,7.7296,5.225793278951962e-16,403,339,16,339,0.753558,0.025376,0.136883,0.10351,2.389451,0.070908,5.5051,0.3154,3.8138,0.6928,0.0573
olafu,16146,1015156,8,0.05,18,drift,rotate,400,256,13818.1,13194,15606,4691,942,4.9798,4.438261340885398e-16,403,361,51,361,0.695186,0.024643,0.134997,0.100066,2.322155,0.067927,5.1496,0.2994,3.6325,0.7054,0.0581
olafu,16146,1015156,8,0.05,19,drift,rotate,400,256,15197.9,14037,15497,7808,1014,7.7002,4.789690255022619e-16,403,344,75,344,0.755942,0.025503,0.11959,0.086181,1.905423,0.061394,6.3211,0.3967,4.6377,0.7337,0.0628
olafu,16146,1015156,8,0.05,20,drift,rotate,400,256,17201.1,15733,18496,4665,794,5.8753,5.597503367436409e-16,403,373,59,373,0.869026,0.028287,0.15127,0.113564,2.967137,0.076503,5.7449,0.2929,3.9073,0.6801,0.051
olafu,16146,1015156,8,0.05,21,drift,rotate,400,256,17513.0,18671,16759,4121,629,6.5517,7.208342585612984e-16,403,229,28,229,0.832025,0.024109,0.083271,0.057476,0.82626,0.047774,9.9918,1.007,8.6837,0.8691,0.1008
olafu,16146,1015156,8,0.25,17,drift,rotate,400,256,18160.4,14917,18786,6632,858,7.7296,5.364257571652006e-16,403,403,192,403,0.893853,0.027978,0.136004,0.094328,2.50056,0.067971,6.5723,0.3575,4.5409,0.6909,0.0544
olafu,16146,1015156,8,0.25,18,drift,rotate,400,256,15973.3,13194,16202,4691,942,4.9798,5.625721661726389e-16,403,403,105,403,0.78415,0.025118,0.115866,0.081935,1.95908,0.056517,6.7677,0.4003,5.0128,0.7407,0.0591
olafu,16146,1015156,8,0.25,19,drift,rotate,400,256,17995.9,14037,17683,7808,1014,7.7002,4.789690255022619e-16,403,402,29,402,0.869103,0.026266,0.10933,0.077513,1.978,0.058261,7.9494,0.4394,5.6142,0.7062,0.0553
olafu,16146,1015156,8,0.25,20,drift,rotate,400,256,17981.1,15733,18887,4665,794,5.8753,8.477910807683135e-16,403,402,82,402,0.886351,0.027342,0.131159,0.094648,2.377286,0.066136,6.7578,0.3728,4.7191,0.6983,0.0552
olafu,16146,1015156,8,0.25,21,drift,rotate,400,256,17446.3,18671,17504,4121,629,6.5517,5.129331605032919e-16,403,402,30,402,0.844926,0.025623,0.10688,0.0758,1.892815,0.057564,7.9054,0.4464,5.6546,0.7153,0.0565
olafu,16146,1015156,8,0.0,17,jump,rotate,400,256,14917,14917,14917,6632,858,7.7296,5.769784982520525e-16,1,1,0,1,0.024352,0.019994,0.060966,0.0494,0.051308,0.04028,0.3994,0.4746,0.4221,1.0566,1.1882
olafu,16146,1015156,8,0.0,18,jump,rotate,400,256,13194,13194,13194,4691,942,4.9798,5.124570791162757e-16,1,1,0,1,0.021273,0.017022,0.050829,0.039433,0.043285,0.032353,0.4185,0.4915,0.4297,1.0267,1.1743
olafu,16146,1015156,8,0.0,19,jump,rotate,400,256,14037,14037,14037,7808,1014,7.7002,4.789690255022619e-16,1,1,0,1,0.023283,0.018945,0.067638,0.056058,0.058578,0.047526,0.3442,0.3975,0.3653,1.0613,1.1547
olafu,16146,1015156,8,0.0,20,jump,rotate,400,256,15733,15733,15733,4665,794,5.8753,1.0477534319612852e-15,1,1,0,1,0.023958,0.019719,0.048794,0.037427,0.042576,0.031662,0.491,0.5627,0.4983,1.0149,1.146
olafu,16146,1015156,8,0.0,21,jump,rotate,400,256,18671,18671,18671,4121,629,6.5517,6.828215450889609e-16,1,1,0,1,0.028101,0.023749,0.045183,0.033702,0.041174,0.030379,0.6219,0.6825,0.6808,1.0946,1.0974
olafu,16146,1015156,8,0.002,17,jump,rotate,400,256,15564.7,14917,15968,6632,858,7.7296,5.225793278951962e-16,403,394,100,394,0.794776,0.042516,0.264652,0.217676,9.447903,0.172302,3.0031,0.0841,2.045,0.681,0.028
olafu,16146,1015156,8,0.002,18,jump,rotate,400,256,14561.0,13194,15304,4691,942,4.9798,3.164865758572024e-16,403,394,94,394,0.735975,0.042563,0.249926,0.203936,8.701984,0.163609,2.9448,0.0846,1.9722,0.6697,0.0287
olafu,16146,1015156,8,0.002,19,jump,rotate,400,256,15120.7,14037,15766,7808,1014,7.7002,4.789690255022619e-16,403,389,73,389,0.773466,0.044336,0.266502,0.220319,9.340848,0.176449,2.9023,0.0828,1.9344,0.6665,0.0285
olafu,16146,1015156,8,0.002,20,jump,rotate,400,256,15933.4,15733,16232,4665,794,5.8753,5.743707185597816e-16,403,394,62,394,0.808435,0.042509,0.24677,0.202254,8.390337,0.164405,3.2761,0.0964,2.1605,0.6595,0.0294
olafu,16146,1015156,8,0.002,21,jump,rotate,400,256,17282.9,18671,16507,4121,629,6.5517,5.129331605032919e-16,403,393,42,393,0.865288,0.044491,0.247772,0.203797,8.51482,0.166393,3.4923,0.1016,2.2907,0.6559,0.0291
olafu,16146,1015156,8,0.01,17,jump,rotate,400,256,15949.8,14917,16140,6632,858,7.7296,5.225793278951962e-16,403,403,95,403,0.822113,0.049689,0.321725,0.273507,14.101589,0.212312,2.5553,0.0583,1.7117,0.6699,0.0228
olafu,16146,1015156,8,0.01,18,jump,rotate,400,256,15722.0,13194,16190,4691,942,4.9798,3.164865758572024e-16,403,403,54,403,0.806446,0.050315,0.317099,0.270844,13.905085,0.211687,2.5432,0.058,1.6981,0.6677,0.0228
olafu,16146,1015156,8,0.01,19,jump,rotate,400,256,15733.7,14037,16169,7808,1014,7.7002,4.789690255022619e-16,403,403,20,403,0.815105,0.049901,0.318278,0.272767,13.979642,0.211624,2.561,0.0583,1.7125,0.6687,0.0228
olafu,16146,1015156,8,0.01,20,jump,rotate,400,256,16039.6,15733,16217,4665,794,5.8753,3.1106209080746904e-16,403,403,15,403,0.828321,0.049457,0.306376,0.261728,13.161942,0.206495,2.7036,0.0629,1.7979,0.665,0.0233
olafu,16146,1015156,8,0.01,21,jump,rotate,400,256,16591.3,18671,16079,4121,629,6.5517,5.129331605032919e-16,403,403,11,403,0.849597,0.050511,0.311388,0.26672,13.619814,0.210495,2.7284,0.0624,1.8202,0.6671,0.0229
olafu,16146,1015156,8,0.05,17,jump,rotate,400,256,16100.9,14917,15967,6632,858,7.7296,5.225793278951962e-16,403,403,6,403,0.831984,0.053159,0.34244,0.29834,16.270871,0.231,2.4296,0.0511,1.6229,0.668,0.021
olafu,16146,1015156,8,0.05,18,jump,rotate,400,256,16017.7,13194,15914,4691,942,4.9798,3.164865758572024e-16,403,403,0,403,0.830331,0.053252,0.341019,0.297125,16.070753,0.230028,2.4349,0.0517,1.6294,0.6692,0.0212
olafu,16146,1015156,8,0.05,19,jump,rotate,400,256,16095.0,14037,16124,7808,1014,7.7002,4.789690255022619e-16,403,403,0,403,0.835198,0.053534,0.344137,0.300263,16.335613,0.232273,2.4269,0.0511,1.6244,0.6693,0.0211
olafu,16146,1015156,8,0.05,20,jump,rotate,400,256,16037.6,15733,15969,4665,794,5.8753,3.1106209080746904e-16,403,403,0,403,0.830046,0.05275,0.339355,0.295468,15.908297,0.229348,2.446,0.0522,1.6282,0.6657,0.0213
olafu,16146,1015156,8,0.05,21,jump,rotate,400,256,16169.2,18671,16132,4121,629,6.5517,5.129331605032919e-16,403,403,0,403,0.833441,0.052695,0.339062,0.295326,16.023669,0.228953,2.4581,0.052,1.6411,0.6676,0.0212
olafu,16146,1015156,8,0.25,17,jump,rotate,400,256,16053.2,14917,15698,6632,858,7.7296,5.225793278951962e-16,403,403,0,403,0.83313,0.053729,0.347111,0.303703,16.488702,0.23405,2.4002,0.0505,1.6018,0.6674,0.0211
olafu,16146,1015156,8,0.25,18,jump,rotate,400,256,16071.6,13194,16235,4691,942,4.9798,3.164865758572024e-16,403,403,0,403,0.833236,0.053826,0.346255,0.302927,16.475933,0.234161,2.4064,0.0506,1.6017,0.6656,0.021
olafu,16146,1015156,8,0.25,19,jump,rotate,400,256,16059.7,14037,15905,7808,1014,7.7002,4.789690255022619e-16,403,403,0,403,0.834822,0.053838,0.345648,0.302406,16.556808,0.234239,2.4152,0.0504,1.6037,0.664,0.0209
olafu,16146,1015156,8,0.25,20,jump,rotate,400,256,16088.2,15733,15901,4665,794,5.8753,3.1106209080746904e-16,403,403,0,403,0.835501,0.054424,0.348074,0.304434,16.556894,0.234997,2.4004,0.0505,1.6017,0.6673,0.021
olafu,16146,1015156,8,0.25,21,jump,rotate,400,256,16121.9,18671,16144,4121,629,6.5517,5.129331605032919e-16,403,403,0,403,0.833766,0.054071,0.347664,0.304171,16.566887,0.234642,2.3982,0.0503,1.5969,0.6659,0.021
bcsstk25,15439,252241,8,0.0,17,drift,rotate,400,256,4925,4925,4925,3233,978,3.3057,2.7006870652748005e-16,1,1,56,1,0.011838,0.007586,0.044785,0.033603,0.034841,0.024024,0.2643,0.3398,0.3235,1.2239,1.2854
bcsstk25,15439,252241,8,0.0,18,drift,rotate,400,256,4972,4972,4972,2770,729,3.7997,2.6558476309030935e-16,1,1,50,1,0.011627,0.007318,0.041428,0.030016,0.032279,0.021301,0.2807,0.3602,0.3542,1.2619,1.2834
bcsstk25,15439,252241,8,0.0,19,drift,rotate,400,256,4165,4165,4165,4521,1204,3.755,2.5030792736558303e-16,1,1,80,1,0.012137,0.007812,0.057751,0.04617,0.042978,0.031728,0.2102,0.2824,0.2559,1.2174,1.3437
bcsstk25,15439,252241,8,0.0,20,drift,rotate,400,256,5142,5142,5142,2632,742,3.5472,2.5072572579879297e-16,1,1,10,1,0.012009,0.007725,0.03948,0.027995,0.031781,0.020673,0.3042,0.3779,0.3721,1.2234,1.2423
bcsstk25,15439,252241,8,0.0,21,drift,rotate,400,256,4070,4070,4070,3990,1192,3.3473,2.960866162698255e-16,1,1,70,1,0.011644,0.007279,0.051763,0.040105,0.039905,0.028649,0.2249,0.2918,0.2836,1.2609,1.2972
bcsstk25,15439,252241,8,0.002,17,drift,rotate,400,256,5039.5,4925,5039,3233,978,3.3057,2.389678433307675e-16,397,69,27,69,0.292423,0.01192,0.072509,0.052226,0.15974,0.034598,4.0329,1.8306,4.4216,1.0964,0.4539
bcsstk25,15439,252241,8,0.002,18,drift,rotate,400,256,5147.6,4972,5203,2770,729,3.7997,2.6558476309030935e-16,400,78,29,78,0.298893,0.011934,0.074297,0.053761,0.178961,0.033291,4.0229,1.6702,4.4391,1.1034,0.4152
bcsstk25,15439,252241,8,0.002,19,drift,rotate,400,256,4342.4,4165,4567,4521,1204,3.755,3.854724970089584e-16,400,151,44,151,0.273974,0.013233,0.091472,0.068035,0.423114,0.04216,2.9952,0.6475,2.9852,0.9967,0.2162
bcsstk25,15439,252241,8,0.002,20,drift,rotate,400,256,5201.4,5142,5346,2632,742,3.5472,2.137181945235503e-16,389,83,6,83,0.291843,0.011686,0.070706,0.050896,0.170537,0.032046,4.1276,1.7113,4.5157,1.094,0.4146
bcsstk25,15439,252241,8,0.002,21,drift,rotate,400,256,4076.3,4070,4048,3990,1192,3.3473,2.6950759304420936e-16,401,102,36,102,0.255878,0.011602,0.080855,0.059473,0.243464,0.038036,3.1647,1.051,3.3471,1.0577,0.3321
bcsstk25,15439,252241,8,0.01,17,drift,rotate,400,256,4923.8,4925,4859,3233,978,3.3057,2.5460842013450014e-16,403,187,40,187,0.296522,0.012778,0.083605,0.059315,0.416775,0.038383,3.5467,0.7115,3.3363,0.9407,0.2006
bcsstk25,15439,252241,8,0.01,18,drift,rotate,400,256,5232.5,4972,5359,2770,729,3.7997,2.6558476309030935e-16,403,167,19,167,0.307211,0.01258,0.078562,0.055494,0.345698,0.035304,3.9104,0.8887,3.8236,0.9778,0.2273
bcsstk25,15439,252241,8,0.01,19,drift,rotate,400,256,4614.6,4165,4955,4521,1204,3.755,2.8164224908074775e-16,403,234,37,234,0.292545,0.014805,0.099645,0.073632,0.698624,0.045213,2.9359,0.4187,2.6933,0.9174,0.1426
bcsstk25,15439,252241,8,0.01,20,drift,rotate,400,256,5078.4,5142,5134,2632,742,3.5472,1.8352659897190518e-16,403,167,8,167,0.298695,0.012055,0.079376,0.056442,0.346429,0.035403,3.763,0.8622,3.7164,0.9876,0.2291
bcsstk25,15439,252241,8,0.01,21,drift,rotate,400,256,4541.4,4070,4700,3990,1192,3.3473,2.9787054947075958e-16,403,235,33,235,0.283164,0.013787,0.095458,0.069971,0.620015,0.04411,2.9664,0.4567,2.7466,0.9259,0.154
bcsstk25,15439,252241,8,0.05,17,drift,rotate,400,256,5105.2,4925,4812,3233,978,3.3057,2.1709415242114187e-16,403,391,114,391,0.312827,0.01541,0.106213,0.074884,1.142592,0.046093,2.9453,0.2738,2.408,0.8176,0.093
bcsstk25,15439,252241,8,0.05,18,drift,rotate,400,256,5321.5,4972,5498,2770,729,3.7997,2.984413625034809e-16,403,367,56,367,0.314602,0.013969,0.094484,0.065297,0.882937,0.039836,3.3297,0.3563,2.7509,0.8262,0.107
bcsstk25,15439,252241,8,0.05,19,drift,rotate,400,256,5065.3,4165,5261,4521,1204,3.755,1.558843141364081e-16,403,385,67,385,0.308296,0.014236,0.100127,0.07013,1.01934,0.043142,3.079,0.3024,2.5,0.8119,0.0982
bcsstk25,15439,252241,8,0.05,20,drift,rotate,400,256,5403.1,5142,5624,2632,742,3.5472,1.8805717107994785e-16,403,377,18,377,0.317311,0.014234,0.097288,0.068336,0.963789,0.041807,3.2616,0.3292,2.6697,0.8185,0.1009
bcsstk25,15439,252241,8,0.05,21,drift,rotate,400,256,4980.4,4070,5152,3990,1192,3.3473,2.108289089244789e-16,403,395,129,395,0.304876,0.015317,0.10657,0.074812,1.115609,0.046519,2.8608,0.2733,2.3311,0.8148,0.0955
bcsstk25,15439,252241,8,0.25,17,drift,rotate,400,256,5143.7,4925,4968,3233,978,3.3057,2.9134444747611616e-16,403,403,84,403,0.308031,0.015684,0.105986,0.074986,1.121918,0.048055,2.9063,0.2746,2.2425,0.7716,0.0945
bcsstk25,15439,252241,8,0.25,18,drift,rotate,400,256,5409.1,4972,5174,2770,729,3.7997,2.6558476309030935e-16,403,403,65,403,0.318203,0.014672,0.098209,0.067975,0.98628,0.041754,3.2401,0.3226,2.5361,0.7827,0.0996
bcsstk25,15439,252241,8,0.25,19,drift,rotate,400,256,5242.7,4165,5416,4521,1204,3.755,2.030400922952371e-16,403,403,160,403,0.316335,0.014906,0.102846,0.070977,1.025003,0.044204,3.0758,0.3086,2.4168,0.7857,0.1003
bcsstk25,15439,252241,8,0.25,20,drift,rotate,400,256,5375.4,5142,5585,2632,742,3.5472,3.509510915187505e-16,403,403,0,403,0.317906,0.014892,0.099155,0.069991,1.001087,0.043537,3.2062,0.3176,2.4853,0.7752,0.099
bcsstk25,15439,252241,8,0.25,21,drift,rotate,400,256,5316.0,4070,5287,3990,1192,3.3473,2.0128248914190966e-16,403,403,150,403,0.318354,0.015129,0.105522,0.073497,1.057295,0.046401,3.0169,0.3011,2.3808,0.7891,0.0998
bcsstk25,15439,252241,8,0.0,17,jump,rotate,400,256,4925,4925,4925,3233,978,3.3057,2.7006870652748005e-16,1,1,0,1,0.012393,0.008135,0.044523,0.03309,0.035792,0.024581,0.2784,0.3463,0.3497,1.2564,1.2439
bcsstk25,15439,252241,8,0.0,18,jump,rotate,400,256,4972,4972,4972,2770,729,3.7997,2.6558476309030935e-16,1,1,0,1,0.012177,0.007885,0.041068,0.029554,0.032522,0.021535,0.2965,0.3744,0.3708,1.2507,1.2628
bcsstk25,15439,252241,8,0.0,19,jump,rotate,400,256,4165,4165,4165,4521,1204,3.755,2.5030792736558303e-16,1,1,0,1,0.012676,0.008274,0.058429,0.046602,0.043388,0.031761,0.2169,0.2922,0.2746,1.2656,1.3467
bcsstk25,15439,252241,8,0.0,20,jump,rotate,400,256,5142,5142,5142,2632,742,3.5472,2.5072572579879297e-16,1,1,0,1,0.012625,0.008264,0.039512,0.027916,0.032005,0.020932,0.3195,0.3945,0.3906,1.2223,1.2346
bcsstk25,15439,252241,8,0.0,21,jump,rotate,400,256,4070,4070,4070,3990,1192,3.3473,2.960866162698255e-16,1,1,0,1,0.01182,0.007483,0.0517,0.040243,0.039887,0.028668,0.2286,0.2963,0.2955,1.2926,1.2962
bcsstk25,15439,252241,8,0.002,17,jump,rotate,400,256,4722.2,4925,4675,3233,978,3.3057,1.440082080901363e-16,402,390,30,390,0.287193,0.01827,0.160787,0.127082,2.261385,0.091617,1.7862,0.127,1.3128,0.735,0.0711
bcsstk25,15439,252241,8,0.002,18,jump,rotate,400,256,4560.4,4972,4360,2770,729,3.7997,2.6558476309030935e-16,403,394,39,394,0.278295,0.017013,0.150727,0.116879,2.068369,0.086466,1.8464,0.1345,1.3293,0.72,0.0729
bcsstk25,15439,252241,8,0.002,19,jump,rotate,400,256,4176.8,4165,4232,4521,1204,3.755,1.5745556441378275e-16,403,389,28,389,0.266878,0.018185,0.160343,0.126315,2.271889,0.091013,1.6644,0.1175,1.1967,0.719,0.0706
bcsstk25,15439,252241,8,0.002,20,jump,rotate,400,256,4677.0,5142,4404,2632,742,3.5472,1.6613958452621766e-16,403,392,29,392,0.283202,0.01758,0.150763,0.117396,2.061361,0.086716,1.8785,0.1374,1.3537,0.7207,0.0731
bcsstk25,15439,252241,8,0.002,21,jump,rotate,400,256,4128.5,4070,4028,3990,1192,3.3473,2.0128248914190966e-16,403,390,11,390,0.261317,0.017351,0.157212,0.123821,2.233933,0.090519,1.6622,0.117,1.1957,0.7193,0.0704
bcsstk25,15439,252241,8,0.01,17,jump,rotate,400,256,4345.0,4925,3966,3233,978,3.3057,1.453842890780566e-16,403,403,26,403,0.275144,0.019551,0.191906,0.156716,3.057057,0.11357,1.4337,0.09,1.014,0.7072,0.0628
bcsstk25,15439,252241,8,0.01,18,jump,rotate,400,256,4400.9,4972,4182,2770,729,3.7997,2.6558476309030935e-16,403,403,15,403,0.276611,0.019671,0.197305,0.161656,3.154392,0.115293,1.4019,0.0877,0.9958,0.7103,0.0625
bcsstk25,15439,252241,8,0.01,19,jump,rotate,400,256,4217.1,4165,4191,4521,1204,3.755,1.3435974529222166e-16,403,403,6,403,0.270777,0.019827,0.193909,0.158579,3.100948,0.113269,1.3964,0.0873,0.9915,0.71,0.0625
bcsstk25,15439,252241,8,0.01,20,jump,rotate,400,256,4421.9,5142,4227,2632,742,3.5472,2.0182547784790999e-16,403,403,4,403,0.277762,0.019808,0.190028,0.155299,3.015868,0.111525,1.4617,0.0921,1.0184,0.6967,0.063
bcsstk25,15439,252241,8,0.01,21,jump,rotate,400,256,4125.6,4070,4188,3990,1192,3.3473,2.0128248914190966e-16,403,403,2,403,0.269282,0.020066,0.198378,0.162645,3.118886,0.115707,1.3574,0.0863,0.9542,0.7029,0.0636
bcsstk25,15439,252241,8,0.05,17,jump,rotate,400,256,4260.5,4925,4183,3233,978,3.3057,1.440082080901363e-16,403,403,4,403,0.271724,0.020628,0.212236,0.177515,3.489093,0.125956,1.2803,0.0779,0.8996,0.7026,0.0608
bcsstk25,15439,252241,8,0.05,18,jump,rotate,400,256,4173.8,4972,4249,2770,729,3.7997,2.6558476309030935e-16,403,403,0,403,0.266803,0.01984,0.206967,0.173177,3.430689,0.124171,1.2891,0.0778,0.906,0.7028,0.0603
bcsstk25,15439,252241,8,0.05,19,jump,rotate,400,256,4190.3,4165,4132,4521,1204,3.755,1.3435974529222166e-16,403,403,0,403,0.266575,0.02002,0.209482,0.175368,3.493314,0.125367,1.2725,0.0763,0.8935,0.7021,0.06
bcsstk25,15439,252241,8,0.05,20,jump,rotate,400,256,4245.6,5142,4129,2632,742,3.5472,1.6613958452621766e-16,403,403,0,403,0.269313,0.020096,0.208009,0.173664,3.457747,0.124967,1.2947,0.0779,0.9032,0.6976,0.0602
bcsstk25,15439,252241,8,0.05,21,jump,rotate,400,256,4199.9,4070,4272,3990,1192,3.3473,2.0128248914190966e-16,403,403,0,403,0.269534,0.020283,0.208693,0.173985,3.438839,0.124861,1.2915,0.0784,0.9013,0.6979,0.0607
bcsstk25,15439,252241,8,0.25,17,jump,rotate,400,256,4193.6,4925,4258,3233,978,3.3057,1.440082080901363e-16,403,403,0,403,0.270769,0.020432,0.216533,0.182205,3.555519,0.127646,1.2505,0.0762,0.8756,0.7002,0.0609
bcsstk25,15439,252241,8,0.25,18,jump,rotate,400,256,4177.2,4972,4183,2770,729,3.7997,2.6558476309030935e-16,403,403,0,403,0.271092,0.02057,0.217464,0.182821,3.539639,0.128473,1.2466,0.0766,0.8677,0.696,0.0614
bcsstk25,15439,252241,8,0.25,19,jump,rotate,400,256,4170.0,4165,4212,4521,1204,3.755,1.3435974529222166e-16,403,403,0,403,0.269074,0.020275,0.215433,0.181249,3.535104,0.127657,1.249,0.0761,0.8705,0.697,0.0609
bcsstk25,15439,252241,8,0.25,20,jump,rotate,400,256,4196.4,5142,4232,2632,742,3.5472,1.6613958452621766e-16,403,403,0,403,0.270083,0.020453,0.216214,0.181803,3.541068,0.127319,1.2491,0.0763,0.8724,0.6984,0.0611
bcsstk25,15439,252241,8,0.25,21,jump,rotate,400,256,4211.4,4070,4163,3990,1192,3.3473,2.0128248914190966e-16,403,403,0,403,0.270424,0.020389,0.215951,0.181394,3.544935,0.127391,1.2522,0.0763,0.8757,0.6993,0.0609
circuit_3,12127,48137,8,0.0,17,drift,rotate,400,256,6871,6871,6871,7598,6334,1.1996,1.4030763823557848e-15,1,1,106,1,0.021236,0.016991,0.053795,0.042171,0.048704,0.03751,0.3948,0.436,0.4708,1.1925,1.1045
circuit_3,12127,48137,8,0.0,18,drift,rotate,400,256,6877,6877,6877,7619,6359,1.1981,1.2712662000465045e-15,1,1,4,1,0.021255,0.01698,0.053922,0.042191,0.049135,0.037938,0.3942,0.4326,0.4477,1.1357,1.0974
circuit_3,12127,48137,8,0.0,19,drift,rotate,400,256,7302,7302,7302,8088,6690,1.209,2.008478467778073e-15,1,1,29,1,0.022576,0.018255,0.055567,0.043899,0.051499,0.040246,0.4063,0.4384,0.4863,1.1969,1.079
circuit_3,12127,48137,8,0.0,20,drift,rotate,400,256,6877,6877,6877,7619,6362,1.1976,1.1458704707734779e-15,1,1,4,1,0.021146,0.016893,0.053968,0.042336,0.049023,0.037852,0.3918,0.4313,0.4446,1.1348,1.1009
circuit_3,12127,48137,8,0.0,21,drift,rotate,400,256,7075,7075,7075,8381,6968,1.2028,1.2972124868758065e-15,1,1,73,1,0.022442,0.018045,0.061659,0.050033,0.056868,0.045531,0.364,0.3946,0.4339,1.1921,1.0842
circuit_3,12127,48137,8,0.002,17,drift,rotate,400,256,6901.8,6871,6957,7598,6334,1.1996,1.4030763823557848e-15,401,165,44,165,0.341822,0.022599,0.078468,0.05472,0.265566,0.047565,4.3562,1.2871,4.1582,0.9545,0.2955
circuit_3,12127,48137,8,0.002,18,drift,rotate,400,256,6912.7,6877,6984,7619,6359,1.1981,1.2105732266051784e-15,401,146,5,146,0.345682,0.022714,0.07731,0.054179,0.237627,0.047283,4.4714,1.4547,4.3651,0.9762,0.3253
circuit_3,12127,48137,8,0.002,19,drift,rotate,400,256,7203.2,7302,7268,8088,6690,1.209,8.963612831124813e-16,400,170,17,170,0.401697,0.02425,0.083288,0.059036,0.293381,0.050963,4.823,1.3692,4.5738,0.9483,0.2839
circuit_3,12127,48137,8,0.002,20,drift,rotate,400,256,6870.6,6877,6944,7619,6362,1.1976,1.1458704707734779e-15,400,159,2,159,0.344514,0.022431,0.076394,0.053518,0.247541,0.04615,4.5097,1.3917,4.331,0.9604,0.3086
circuit_3,12127,48137,8,0.002,21,drift,rotate,400,256,6880.5,7075,7074,8381,6968,1.2028,7.551112897128533e-16,401,186,35,186,0.43137,0.023295,0.086542,0.061329,0.343843,0.05562,4.9845,1.2546,4.5454,0.9119,0.2517
circuit_3,12127,48137,8,0.01,17,drift,rotate,400,256,6775.7,6871,7080,7598,6334,1.1996,1.4030763823557848e-15,403,267,8,267,0.397463,0.022799,0.079206,0.052814,0.372208,0.046176,5.0181,1.0679,4.2782,0.8525,0.2128
circuit_3,12127,48137,8,0.01,18,drift,rotate,400,256,6855.4,6877,6961,7619,6359,1.1981,4.103408658463317e-16,403,254,2,254,0.383228,0.022869,0.078086,0.052473,0.354804,0.046287,4.9078,1.0801,4.2669,0.8694,0.2201
circuit_3,12127,48137,8,0.01,19,drift,rotate,400,256,7079.8,7302,1640,8088,6690,1.209,2.012562843231172e-15,403,293,24,293,0.387727,0.023732,0.085753,0.058684,0.451827,0.051418,4.5214,0.8581,3.7404,0.8273,0.1898
circuit_3,12127,48137,8,0.01,20,drift,rotate,400,256,7018.8,6877,7135,7619,6362,1.1976,1.1458704707734779e-15,403,279,9,279,0.390078,0.023394,0.080672,0.054329,0.39807,0.047871,4.8354,0.9799,4.0908,0.846,0.2027
circuit_3,12127,48137,8,0.01,21,drift,rotate,400,256,7055.3,7075,7201,8381,6968,1.2028,8.387099256193877e-16,403,324,57,324,0.402295,0.024134,0.093102,0.063917,0.602187,0.058864,4.321,0.6681,3.4135,0.79,0.1546
circuit_3,12127,48137,8,0.05,17,drift,rotate,400,256,7198.8,6871,7341,7598,6334,1.1996,1.4030763823557848e-15,403,403,83,403,0.381029,0.024827,0.094613,0.06382,0.718429,0.058982,4.0272,0.5304,2.9575,0.7344,0.1317
circuit_3,12127,48137,8,0.05,18,drift,rotate,400,256,7121.3,6877,7252,7619,6359,1.1981,3.3671287298200617e-16,403,396,38,396,0.409302,0.024464,0.08665,0.05632,0.562133,0.050419,4.7236,0.7281,3.5206,0.7453,0.1541
circuit_3,12127,48137,8,0.05,19,drift,rotate,400,256,7461.1,7302,7549,8088,6690,1.209,5.362520697214739e-16,403,402,86,402,0.430059,0.025722,0.09764,0.066221,0.722406,0.05973,4.4045,0.5953,3.2587,0.7399,0.1352
circuit_3,12127,48137,8,0.05,20,drift,rotate,400,256,7090.9,6877,7324,7619,6362,1.1976,1.1458704707734779e-15,403,398,8,398,0.383332,0.024348,0.0881,0.058226,0.59356,0.051654,4.3511,0.6458,3.2525,0.7475,0.1484
circuit_3,12127,48137,8,0.05,21,drift,rotate,400,256,7227.2,7075,7344,8381,6968,1.2028,8.840360214197266e-16,403,403,25,403,0.401758,0.025225,0.094495,0.063864,0.701517,0.060333,4.2516,0.5727,3.0847,0.7255,0.1347
circuit_3,12127,48137,8,0.25,17,drift,rotate,400,256,7324.6,6871,7331,7598,6334,1.1996,1.4030763823557848e-15,403,403,62,403,0.420489,0.025466,0.093824,0.062859,0.668486,0.057803,4.4817,0.629,3.2211,0.7187,0.1404
circuit_3,12127,48137,8,0.25,18,drift,rotate,400,256,7321.6,6877,7523,7619,6359,1.1981,6.421326191032613e-16,403,403,33,403,0.427259,0.025506,0.094646,0.063957,0.677611,0.057463,4.5143,0.6305,3.2401,0.7177,0.1397
circuit_3,12127,48137,8,0.25,19,drift,rotate,400,256,7381.1,7302,7516,8088,6690,1.209,5.27767269614028e-16,403,403,20,403,0.420064,0.025659,0.0953,0.064657,0.676547,0.058552,4.4078,0.6209,3.1585,0.7166,0.1409
circuit_3,12127,48137,8,0.25,20,drift,rotate,400,256,7549.1,6877,7562,7619,6362,1.1976,1.1458704707734779e-15,403,403,19,403,0.445255,0.026158,0.097066,0.065673,0.689065,0.05862,4.5871,0.6462,3.3115,0.7219,0.1409
circuit_3,12127,48137,8,0.25,21,drift,rotate,400,256,7281.9,7075,7309,8381,6968,1.2028,7.551112897128533e-16,403,403,13,403,0.422223,0.025529,0.092998,0.061916,0.640496,0.055712,4.5401,0.6592,3.254,0.7167,0.1452
circuit_3,12127,48137,8,0.0,17,jump,rotate,400,256,6871,6871,6871,7598,6334,1.1996,1.4030763823557848e-15,1,1,0,1,0.02115,0.016888,0.053402,0.041853,0.04751,0.036327,0.3961,0.4452,0.4709,1.189,1.124
circuit_3,12127,48137,8,0.0,18,jump,rotate,400,256,6877,6877,6877,7619,6359,1.1981,1.2712662000465045e-15,1,1,0,1,0.021383,0.017124,0.05405,0.042408,0.047791,0.036572,0.3956,0.4474,0.447,1.1299,1.131
circuit_3,12127,48137,8,0.0,19,jump,rotate,400,256,7302,7302,7302,8088,6690,1.209,2.008478467778073e-15,1,1,0,1,0.022609,0.018209,0.055803,0.044123,0.050454,0.039175,0.4052,0.4481,0.4822,1.1902,1.106
circuit_3,12127,48137,8,0.0,20,jump,rotate,400,256,6877,6877,6877,7619,6362,1.1976,1.1458704707734779e-15,1,1,0,1,0.021319,0.017017,0.05409,0.042327,0.048031,0.036654,0.3941,0.4439,0.4437,1.1258,1.1261
circuit_3,12127,48137,8,0.0,21,jump,rotate,400,256,7075,7075,7075,8381,6968,1.2028,1.2972124868758065e-15,1,1,0,1,0.022616,0.018224,0.061986,0.050252,0.056832,0.045347,0.3649,0.3979,0.4358,1.1944,1.0907
circuit_3,12127,48137,8,0.002,17,jump,rotate,400,256,1276.7,6871,989,7598,6334,1.1996,1.4030763823557848e-15,403,381,101,381,0.1062,0.006562,0.090604,0.060524,0.703067,0.052716,1.1721,0.1511,0.791,0.6748,0.1289
circuit_3,12127,48137,8,0.002,18,jump,rotate,400,256,4301.6,6877,1024,7619,6359,1.1981,6.733663982308969e-16,403,382,83,382,0.236481,0.015634,0.095894,0.064596,0.728754,0.0559,2.4661,0.3245,1.6858,0.6836,0.1316
circuit_3,12127,48137,8,0.002,19,jump,rotate,400,256,6971.4,7302,6796,8088,6690,1.209,1.218986426905211e-15,403,391,52,391,0.427311,0.023778,0.106634,0.073795,0.838264,0.065162,4.0073,0.5098,2.7546,0.6874,0.1272
circuit_3,12127,48137,8,0.002,20,jump,rotate,400,256,6701.1,6877,6569,7619,6362,1.1976,1.1458704707734779e-15,403,386,49,386,0.359789,0.022561,0.10326,0.071579,0.802835,0.063222,3.4843,0.4481,2.4062,0.6906,0.1286
circuit_3,12127,48137,8,0.002,21,jump,rotate,400,256,2856.5,7075,942,8381,6968,1.2028,7.551112897128533e-16,403,389,37,389,0.186152,0.011364,0.105751,0.074408,0.894031,0.067086,1.7603,0.2082,1.1822,0.6716,0.1183
circuit_3,12127,48137,8,0.01,17,jump,rotate,400,256,963.2,6871,852,7598,6334,1.1996,1.4030763823557848e-15,403,403,68,403,0.094481,0.005696,0.095261,0.065433,0.856661,0.053812,0.9918,0.1103,0.6235,0.6287,0.1112
circuit_3,12127,48137,8,0.01,18,jump,rotate,400,256,2784.6,6877,878,7619,6359,1.1981,3.9923442550919066e-16,403,403,35,403,0.17705,0.011167,0.098672,0.067953,0.879292,0.056376,1.7943,0.2014,1.1342,0.6321,0.1122
circuit_3,12127,48137,8,0.01,19,jump,rotate,400,256,1075.2,7302,859,8088,6690,1.209,2.8588103104585713e-16,403,403,12,403,0.103041,0.006437,0.098386,0.067947,0.867003,0.053787,1.0473,0.1188,0.6393,0.6104,0.1135
circuit_3,12127,48137,8,0.01,20,jump,rotate,400,256,3136.3,6877,861,7619,6362,1.1976,1.1458704707734779e-15,403,403,6,403,0.195442,0.012328,0.099831,0.069455,0.909904,0.058455,1.9577,0.2148,1.2437,0.6353,0.1097
circuit_3,12127,48137,8,0.01,21,jump,rotate,400,256,4281.8,7075,869,8381,6968,1.2028,7.551112897128533e-16,403,403,3,403,0.261798,0.015879,0.106863,0.075351,0.987128,0.064065,2.4498,0.2652,1.5669,0.6396,0.1083
circuit_3,12127,48137,8,0.05,17,jump,rotate,400,256,1053.9,6871,945,7598,6334,1.1996,1.4030763823557848e-15,403,403,2,403,0.098288,0.006064,0.097547,0.068441,0.913217,0.054775,1.0076,0.1076,0.6137,0.6091,0.1068
circuit_3,12127,48137,8,0.05,18,jump,rotate,400,256,1193.6,6877,915,7619,6359,1.1981,3.3671287298200617e-16,403,403,0,403,0.104786,0.006442,0.097427,0.068465,0.922127,0.054742,1.0755,0.1136,0.6606,0.6142,0.1057
circuit_3,12127,48137,8,0.05,19,jump,rotate,400,256,1222.4,7302,982,8088,6690,1.209,4.822739928420708e-16,403,403,0,403,0.107623,0.006605,0.09914,0.069945,0.950975,0.056139,1.0856,0.1132,0.6695,0.6168,0.1043
circuit_3,12127,48137,8,0.05,20,jump,rotate,400,256,1029.7,6877,913,7619,6362,1.1976,1.1458704707734779e-15,403,403,0,403,0.095988,0.005746,0.095807,0.067195,0.912181,0.053265,1.0019,0.1052,0.6171,0.6159,0.105
circuit_3,12127,48137,8,0.05,21,jump,rotate,400,256,1589.5,7075,949,8381,6968,1.2028,7.551112897128533e-16,403,403,0,403,0.122677,0.007496,0.097922,0.069242,0.939838,0.055553,1.2528,0.1305,0.7707,0.6152,0.1042
circuit_3,12127,48137,8,0.25,17,jump,rotate,400,256,1301.9,6871,854,7598,6334,1.1996,1.4030763823557848e-15,403,403,0,403,0.110903,0.006602,0.101034,0.07256,0.958491,0.056228,1.0977,0.1157,0.6775,0.6172,0.1054
circuit_3,12127,48137,8,0.25,18,jump,rotate,400,256,1017.5,6877,1004,7619,6359,1.1981,3.3671287298200617e-16,403,403,0,403,0.09696,0.005824,0.100135,0.071558,0.942912,0.055349,0.9683,0.1028,0.5959,0.6154,0.1062
circuit_3,12127,48137,8,0.25,19,jump,rotate,400,256,1060.5,7302,885,8088,6690,1.209,2.8588103104585713e-16,403,403,0,403,0.09931,0.005869,0.10035,0.071892,0.94768,0.055601,0.9896,0.1048,0.6122,0.6186,0.1059
circuit_3,12127,48137,8,0.25,20,jump,rotate,400,256,941.4,6877,900,7619,6362,1.1976,1.1458704707734779e-15,403,403,0,403,0.093282,0.00576,0.101802,0.0732,0.957775,0.056969,0.9163,0.0974,0.567,0.6188,0.1063
circuit_3,12127,48137,8,0.25,21,jump,rotate,400,256,1008.8,7075,1002,8381,6968,1.2028,7.551112897128533e-16,403,403,0,403,0.095998,0.005745,0.099038,0.07061,0.938089,0.054485,0.9693,0.1023,0.5951,0.614,0.1056
bcsstk18,11948,149090,8,0.0,17,drift,rotate,400,256,4051,4051,4051,3818,1010,3.7802,2.7219518011813956e-16,1,1,61,1,0.011157,0.007397,0.047853,0.037419,0.035818,0.025639,0.2332,0.3115,0.3114,1.3357,1.336
bcsstk18,11948,149090,8,0.0,18,drift,rotate,400,256,4193,4193,4193,3871,1131,3.4226,3.9329838824148606e-16,1,1,63,1,0.011053,0.007111,0.048119,0.037366,0.036803,0.026265,0.2297,0.3003,0.3024,1.3166,1.3075
bcsstk18,11948,149090,8,0.0,19,drift,rotate,400,256,3301,3301,3301,3099,1151,2.6924,3.3691998215172606e-16,1,1,68,1,0.009871,0.006037,0.043254,0.032803,0.034871,0.024937,0.2282,0.2831,0.3023,1.3247,1.2404
bcsstk18,11948,149090,8,0.0,20,drift,rotate,400,256,3307,3307,3307,3263,1194,2.7328,2.1728720915985718e-16,1,1,26,1,0.010151,0.006278,0.04328,0.032726,0.034299,0.024175,0.2345,0.296,0.3116,1.3286,1.2618
bcsstk18,11948,149090,8,0.0,21,drift,rotate,400,256,3842,3842,3842,3278,918,3.5708,3.6557534378740815e-16,1,1,57,1,0.010374,0.006656,0.040455,0.030042,0.031868,0.021952,0.2564,0.3255,0.3377,1.317,1.2695
bcsstk18,11948,149090,8,0.002,17,drift,rotate,400,256,4249.2,4051,4498,3818,1010,3.7802,2.243658657004375e-16,397,94,30,94,0.265332,0.011252,0.077626,0.05733,0.204729,0.034615,3.4181,1.296,3.605,1.0547,0.3792
bcsstk18,11948,149090,8,0.002,18,drift,rotate,400,256,4044.0,4193,3917,3871,1131,3.4226,3.9329838824148606e-16,398,81,23,81,0.25134,0.010601,0.075971,0.05653,0.162728,0.035759,3.3084,1.5445,3.571,1.0794,0.4669
bcsstk18,11948,149090,8,0.002,19,drift,rotate,400,256,3540.5,3301,3571,3099,1151,2.6924,2.4108021150359046e-16,394,122,43,122,0.224184,0.010719,0.077838,0.056819,0.22858,0.03859,2.8801,0.9808,2.9677,1.0304,0.3405
bcsstk18,11948,149090,8,0.002,20,drift,rotate,400,256,3601.9,3307,3543,3263,1194,2.7328,3.22940926853074e-16,397,133,7,133,0.237637,0.012863,0.083591,0.062322,0.291069,0.040543,2.8429,0.8164,2.8373,0.9981,0.2872
bcsstk18,11948,149090,8,0.002,21,drift,rotate,400,256,3947.7,3842,3919,3278,918,3.5708,2.171613693789127e-16,395,80,33,80,0.241528,0.010419,0.069475,0.050165,0.153248,0.032936,3.4765,1.5761,3.8029,1.0939,0.4534
bcsstk18,11948,149090,8,0.01,17,drift,rotate,400,256,4548.0,4051,4886,3818,1010,3.7802,2.7734246255990234e-16,403,223,38,223,0.290311,0.012665,0.093938,0.06983,0.537468,0.040532,3.0905,0.5401,2.8639,0.9267,0.1748
bcsstk18,11948,149090,8,0.01,18,drift,rotate,400,256,4008.9,4193,3698,3871,1131,3.4226,3.9329838824148606e-16,403,221,18,221,0.256282,0.011386,0.084039,0.060825,0.411389,0.038827,3.0496,0.623,2.8312,0.9284,0.2043
bcsstk18,11948,149090,8,0.01,19,drift,rotate,400,256,3576.3,3301,3757,3099,1151,2.6924,2.805889804289753e-16,403,261,48,261,0.233294,0.01178,0.086124,0.06149,0.494282,0.041665,2.7088,0.472,2.4125,0.8906,0.1742
bcsstk18,11948,149090,8,0.01,20,drift,rotate,400,256,3816.3,3307,3902,3263,1194,2.7328,2.0753583400006383e-16,403,278,24,278,0.24929,0.013786,0.100025,0.07471,0.709517,0.04725,2.4923,0.3514,2.1768,0.8734,0.141
bcsstk18,11948,149090,8,0.01,21,drift,rotate,400,256,4105.0,3842,4241,3278,918,3.5708,2.4568300882000443e-16,403,211,35,211,0.25601,0.011435,0.083652,0.060373,0.430593,0.039401,3.0604,0.5946,2.8732,0.9388,0.1943
bcsstk18,11948,149090,8,0.05,17,drift,rotate,400,256,4819.4,4051,5177,3818,1010,3.7802,4.1753043117614894e-16,403,391,40,391,0.304442,0.01451,0.111476,0.082987,1.115717,0.045849,2.731,0.2729,2.258,0.8268,0.0999
bcsstk18,11948,149090,8,0.05,18,drift,rotate,400,256,4623.7,4193,4508,3871,1131,3.4226,3.9329838824148606e-16,403,393,95,393,0.292659,0.013902,0.108734,0.079003,1.009601,0.045017,2.6915,0.2899,2.2152,0.823,0.1077
bcsstk18,11948,149090,8,0.05,19,drift,rotate,400,256,4414.6,3301,4581,3099,1151,2.6924,2.2849194088665815e-16,403,394,56,394,0.277966,0.013756,0.10686,0.077998,0.994386,0.046828,2.6012,0.2795,2.0976,0.8064,0.1075
bcsstk18,11948,149090,8,0.05,20,drift,rotate,400,256,4599.2,3307,5033,3263,1194,2.7328,4.2134284768303613e-16,403,402,24,402,0.289105,0.015571,0.118732,0.089789,1.263012,0.052938,2.4349,0.2289,1.9566,0.8036,0.094
bcsstk18,11948,149090,8,0.05,21,drift,rotate,400,256,4400.2,3842,4570,3278,918,3.5708,2.433218180449274e-16,403,395,64,395,0.274808,0.013226,0.104148,0.075284,0.98237,0.046045,2.6386,0.2797,2.1244,0.8051,0.106
bcsstk18,11948,149090,8,0.25,17,drift,rotate,400,256,4980.3,4051,5260,3818,1010,3.7802,3.0991510356937857e-16,403,403,83,403,0.313682,0.015578,0.119083,0.089294,1.246599,0.050859,2.6341,0.2516,2.0877,0.7926,0.0955
bcsstk18,11948,149090,8,0.25,18,drift,rotate,400,256,4982.3,4193,4926,3871,1131,3.4226,3.9329838824148606e-16,403,403,36,403,0.306506,0.01493,0.113004,0.084042,1.102431,0.047279,2.7123,0.278,2.1619,0.7971,0.1025
bcsstk18,11948,149090,8,0.25,19,drift,rotate,400,256,4895.4,3301,4837,3099,1151,2.6924,2.8343235947666605e-16,403,403,22,403,0.301225,0.0147,0.113476,0.084827,1.100774,0.049098,2.6545,0.2736,2.0891,0.787,0.1031
bcsstk18,11948,149090,8,0.25,20,drift,rotate,400,256,5002.9,3307,5139,3263,1194,2.7328,1.7502366188076595e-16,403,403,2,403,0.309058,0.015031,0.115242,0.086855,1.162096,0.049627,2.6818,0.2659,2.1131,0.7879,0.0992
bcsstk18,11948,149090,8,0.25,21,drift,rotate,400,256,4673.0,3842,4877,3278,918,3.5708,2.90363515912283e-16,403,403,19,403,0.290338,0.013995,0.108127,0.079481,1.032889,0.046518,2.6852,0.2811,2.1226,0.7905,0.1047
bcsstk18,11948,149090,8,0.0,17,jump,rotate,400,256,4051,4051,4051,3818,1010,3.7802,2.7219518011813956e-16,1,1,0,1,0.011259,0.007457,0.047933,0.037324,0.035713,0.025621,0.2349,0.3153,0.3077,1.3099,1.3422
bcsstk18,11948,149090,8,0.0,18,jump,rotate,400,256,4193,4193,4193,3871,1131,3.4226,3.9329838824148606e-16,1,1,0,1,0.011453,0.007575,0.048275,0.037546,0.036926,0.026713,0.2372,0.3102,0.3106,1.309,1.3073
bcsstk18,11948,149090,8,0.0,19,jump,rotate,400,256,3301,3301,3301,3099,1151,2.6924,3.3691998215172606e-16,1,1,0,1,0.009954,0.006211,0.044717,0.034121,0.035346,0.025198,0.2226,0.2816,0.2964,1.3314,1.2651
bcsstk18,11948,149090,8,0.0,20,jump,rotate,400,256,3307,3307,3307,3263,1194,2.7328,2.1728720915985718e-16,1,1,0,1,0.010445,0.006578,0.043843,0.033146,0.034842,0.02461,0.2382,0.2998,0.3084,1.2947,1.2583
bcsstk18,11948,149090,8,0.0,21,jump,rotate,400,256,3842,3842,3842,3278,918,3.5708,3.6557534378740815e-16,1,1,0,1,0.010576,0.006782,0.042062,0.031271,0.032989,0.022879,0.2514,0.3206,0.331,1.3164,1.275
bcsstk18,11948,149090,8,0.002,17,jump,rotate,400,256,3660.7,4051,3447,3818,1010,3.7802,2.243658657004375e-16,403,391,55,391,0.249937,0.014968,0.14385,0.111845,1.704441,0.081512,1.7375,0.1466,1.2905,0.7428,0.0844
bcsstk18,11948,149090,8,0.002,18,jump,rotate,400,256,3745.2,4193,3200,3871,1131,3.4226,3.9329838824148606e-16,403,381,47,381,0.250027,0.01477,0.140842,0.109455,1.635895,0.082246,1.7752,0.1528,1.3123,0.7392,0.0861
bcsstk18,11948,149090,8,0.002,19,jump,rotate,400,256,3197.5,3301,3302,3099,1151,2.6924,1.8096545342911359e-16,403,380,32,380,0.224129,0.014059,0.136856,0.105581,1.534391,0.081358,1.6377,0.1461,1.199,0.7321,0.0892
bcsstk18,11948,149090,8,0.002,20,jump,rotate,400,256,3299.0,3307,3291,3263,1194,2.7328,1.7502366188076595e-16,403,389,21,389,0.22865,0.014814,0.138872,0.107941,1.609119,0.082191,1.6465,0.1421,1.2126,0.7365,0.0863
bcsstk18,11948,149090,8,0.002,21,jump,rotate,400,256,3532.6,3842,3241,3278,918,3.5708,2.171613693789127e-16,403,388,16,388,0.23805,0.014427,0.139536,0.108641,1.673435,0.082461,1.706,0.1423,1.2612,0.7393,0.0834
bcsstk18,11948,149090,8,0.01,17,jump,rotate,400,256,3405.7,4051,3320,3818,1010,3.7802,2.243658657004375e-16,403,403,33,403,0.236347,0.01599,0.168687,0.137013,2.317331,0.101746,1.4011,0.102,1.0065,0.7184,0.0728
bcsstk18,11948,149090,8,0.01,18,jump,rotate,400,256,3418.3,4193,3468,3871,1131,3.4226,3.9329838824148606e-16,403,403,11,403,0.236089,0.015699,0.167493,0.136061,2.330201,0.102179,1.4095,0.1013,0.998,0.708,0.0719
bcsstk18,11948,149090,8,0.01,19,jump,rotate,400,256,3208.7,3301,3334,3099,1151,2.6924,1.8096545342911359e-16,403,403,3,403,0.224337,0.015072,0.163198,0.131941,2.254217,0.100425,1.3746,0.0995,0.9718,0.707,0.0724
bcsstk18,11948,149090,8,0.01,20,jump,rotate,400,256,3273.6,3307,3295,3263,1194,2.7328,1.7502366188076595e-16,403,403,3,403,0.227807,0.015787,0.163101,0.132051,2.255061,0.099539,1.3967,0.101,0.9871,0.7067,0.0723
bcsstk18,11948,149090,8,0.01,21,jump,rotate,400,256,3291.0,3842,3126,3278,918,3.5708,2.171613693789127e-16,403,403,3,403,0.228395,0.015066,0.163059,0.131769,2.257199,0.100258,1.4007,0.1012,0.9909,0.7074,0.0722
bcsstk18,11948,149090,8,0.05,17,jump,rotate,400,256,3188.8,4051,3004,3818,1010,3.7802,2.243658657004375e-16,403,403,2,403,0.224715,0.015356,0.177948,0.14716,2.561126,0.110115,1.2628,0.0877,0.8886,0.7037,0.0695
bcsstk18,11948,149090,8,0.05,18,jump,rotate,400,256,3286.1,4193,3261,3871,1131,3.4226,3.9329838824148606e-16,403,403,0,403,0.233391,0.016117,0.183669,0.152061,2.579091,0.110871,1.2707,0.0905,0.883,0.6949,0.0712
bcsstk18,11948,149090,8,0.05,19,jump,rotate,400,256,3159.4,3301,3221,3099,1151,2.6924,1.8096545342911359e-16,403,403,0,403,0.222886,0.015279,0.175752,0.14518,2.522133,0.109392,1.2682,0.0884,0.8897,0.7015,0.0697
bcsstk18,11948,149090,8,0.05,20,jump,rotate,400,256,3159.0,3307,3180,3263,1194,2.7328,1.7502366188076595e-16,403,403,0,403,0.222462,0.01519,0.175567,0.145008,2.515399,0.109113,1.2671,0.0884,0.8885,0.7012,0.0698
bcsstk18,11948,149090,8,0.05,21,jump,rotate,400,256,3245.9,3842,3295,3278,918,3.5708,2.171613693789127e-16,403,403,0,403,0.227885,0.0156,0.178304,0.147371,2.554056,0.109862,1.2781,0.0892,0.9005,0.7045,0.0698
bcsstk18,11948,149090,8,0.25,17,jump,rotate,400,256,3201.6,4051,3479,3818,1010,3.7802,2.243658657004375e-16,403,403,0,403,0.226108,0.015549,0.184759,0.154356,2.614232,0.111472,1.2238,0.0865,0.8619,0.7043,0.0707
bcsstk18,11948,149090,8,0.25,18,jump,rotate,400,256,3181.5,4193,3163,3871,1131,3.4226,3.9329838824148606e-16,403,403,0,403,0.224798,0.015461,0.18461,0.153837,2.600026,0.110946,1.2177,0.0865,0.8611,0.7072,0.071
bcsstk18,11948,149090,8,0.25,19,jump,rotate,400,256,3163.2,3301,3051,3099,1151,2.6924,1.8096545342911359e-16,403,403,0,403,0.22383,0.015413,0.183917,0.15324,2.592471,0.111524,1.217,0.0863,0.8576,0.7046,0.0709
bcsstk18,11948,149090,8,0.25,20,jump,rotate,400,256,3197.8,3307,3289,3263,1194,2.7328,2.1064227549337954e-16,403,403,0,403,0.225256,0.01535,0.184845,0.154279,2.614615,0.111273,1.2186,0.0862,0.8613,0.7068,0.0707
bcsstk18,11948,149090,8,0.25,21,jump,rotate,400,256,3214.5,3842,3133,3278,918,3.5708,2.171613693789127e-16,403,403,0,403,0.228223,0.015627,0.187194,0.156195,2.61734,0.112101,1.2192,0.0872,0.8613,0.7064,0.0715
add32,4960,19848,8,0.0,17,drift,rotate,400,256,1073,1073,1073,1185,595,1.9916,3.202833525042235e-16,1,1,54,1,0.005342,0.00241,0.021826,0.012953,0.018892,0.010568,0.2448,0.2828,0.286,1.1687,1.1553
add32,4960,19848,8,0.0,18,drift,rotate,400,256,1081,1081,1081,1114,531,2.0979,3.2398121539099444e-16,1,1,53,1,0.005463,0.002502,0.021393,0.012641,0.018443,0.010212,0.2554,0.2962,0.3158,1.2367,1.16
add32,4960,19848,8,0.0,19,drift,rotate,400,256,1040,1040,1040,864,390,2.2154,2.510467134857301e-16,1,1,43,1,0.005204,0.002332,0.018948,0.010309,0.016553,0.008348,0.2746,0.3144,0.3221,1.1728,1.1447
add32,4960,19848,8,0.0,20,drift,rotate,400,256,1069,1069,1069,1020,516,1.9767,3.4391737662988435e-16,1,1,1,1,0.005338,0.002433,0.020785,0.012151,0.017837,0.009682,0.2568,0.2993,0.3162,1.231,1.1653
add32,4960,19848,8,0.0,21,drift,rotate,400,256,1083,1083,1083,975,447,2.1812,4.2966672082003e-16,1,1,36,1,0.005305,0.002399,0.020971,0.012206,0.018086,0.009876,0.253,0.2933,0.2974,1.1757,1.1595
add32,4960,19848,8,0.002,17,drift,rotate,400,256,1110.4,1073,1129,1185,595,1.9916,3.202833525042235e-16,388,20,2,20,0.090008,0.004307,0.035549,0.021674,0.034413,0.016974,2.5319,2.6155,3.2182,1.2711,1.033
add32,4960,19848,8,0.002,18,drift,rotate,400,256,1105.5,1081,1109,1114,531,2.0979,1.9959369759386057e-16,394,12,2,12,0.090814,0.004186,0.03425,0.020486,0.030494,0.016094,2.6515,2.9781,3.5232,1.3288,1.1232
add32,4960,19848,8,0.002,19,drift,rotate,400,256,1071.6,1040,1073,864,390,2.2154,2.277464849360001e-16,386,7,3,7,0.086379,0.003858,0.031042,0.017577,0.025882,0.013747,2.7826,3.3374,3.6982,1.329,1.1994
add32,4960,19848,8,0.002,20,drift,rotate,400,256,1102.0,1069,1103,1020,516,1.9767,2.533349534194302e-16,399,21,2,21,0.09198,0.004245,0.034361,0.020437,0.032945,0.016067,2.6769,2.7919,3.4813,1.3005,1.043
add32,4960,19848,8,0.002,21,drift,rotate,400,256,1124.8,1083,1149,975,447,2.1812,2.3385032922970857e-16,392,24,3,24,0.091855,0.004258,0.035037,0.021016,0.034908,0.016517,2.6217,2.6313,3.321,1.2667,1.0037
add32,4960,19848,8,0.01,17,drift,rotate,400,256,1107.0,1073,1122,1185,595,1.9916,3.202833525042235e-16,403,48,2,48,0.094431,0.004813,0.036795,0.022074,0.044337,0.017231,2.5664,2.1298,3.0933,1.2053,0.8299
add32,4960,19848,8,0.01,18,drift,rotate,400,256,1117.1,1081,1154,1114,531,2.0979,2.5260459069298267e-16,403,55,12,55,0.095054,0.004901,0.036883,0.021897,0.046611,0.016917,2.5772,2.0393,3.1143,1.2084,0.7913
add32,4960,19848,8,0.01,19,drift,rotate,400,256,1085.5,1040,1109,864,390,2.2154,1.8914480078541218e-16,403,30,8,30,0.092591,0.00463,0.033548,0.019253,0.03412,0.014741,2.76,2.7137,3.4764,1.2596,0.9832
add32,4960,19848,8,0.01,20,drift,rotate,400,256,1123.6,1069,1130,1020,516,1.9767,2.3023929310350374e-16,403,69,3,69,0.09513,0.005022,0.037333,0.022083,0.051716,0.017076,2.5481,1.8395,2.9522,1.1586,0.7219
add32,4960,19848,8,0.01,21,drift,rotate,400,256,1146.2,1083,1170,975,447,2.1812,2.4207483477957286e-16,403,46,4,46,0.096357,0.005121,0.037644,0.022862,0.045437,0.017763,2.5597,2.1207,3.0675,1.1984,0.8285
add32,4960,19848,8,0.05,17,drift,rotate,400,256,1150.0,1073,1168,1185,595,1.9916,3.440885589226169e-16,403,257,6,257,0.09716,0.006025,0.046319,0.026127,0.149986,0.020983,2.0976,0.6478,1.7533,0.8359,0.3088
add32,4960,19848,8,0.05,18,drift,rotate,400,256,1146.2,1081,1140,1114,531,2.0979,2.2200654268729243e-16,403,257,17,257,0.096879,0.006017,0.046025,0.025976,0.148156,0.020668,2.1049,0.6539,1.7626,0.8374,0.3107
add32,4960,19848,8,0.05,19,drift,rotate,400,256,1114.7,1040,1163,864,390,2.2154,2.2381953912746086e-16,403,148,11,148,0.095439,0.005514,0.03991,0.022595,0.081991,0.01764,2.3914,1.164,2.3878,0.9985,0.4868
add32,4960,19848,8,0.05,20,drift,rotate,400,256,1162.1,1069,1166,1020,516,1.9767,2.4532891568235855e-16,403,272,20,272,0.098284,0.006154,0.047747,0.027042,0.164024,0.021509,2.0584,0.5992,1.6979,0.8249,0.2911
add32,4960,19848,8,0.05,21,drift,rotate,400,256,1158.7,1083,1146,975,447,2.1812,2.2457325639180936e-16,403,273,22,273,0.098189,0.006121,0.047209,0.026436,0.161073,0.021143,2.0799,0.6096,1.7158,0.825,0.2931
add32,4960,19848,8,0.25,17,drift,rotate,400,256,1169.9,1073,1160,1185,595,1.9916,3.4369662319230266e-16,403,401,24,401,0.099067,0.006351,0.052349,0.028377,0.245522,0.02307,1.8924,0.4035,1.3607,0.719,0.2132
add32,4960,19848,8,0.25,18,drift,rotate,400,256,1180.1,1081,1204,1114,531,2.0979,2.2643888610956806e-16,403,398,13,398,0.100132,0.006428,0.053992,0.029915,0.274022,0.024616,1.8546,0.3654,1.3329,0.7187,0.197
add32,4960,19848,8,0.25,19,drift,rotate,400,256,1154.6,1040,1196,864,390,2.2154,2.4160345755979353e-16,403,388,21,388,0.096979,0.006014,0.049946,0.026358,0.20519,0.020971,1.9417,0.4726,1.4153,0.7289,0.2434
add32,4960,19848,8,0.25,20,drift,rotate,400,256,1171.9,1069,1175,1020,516,1.9767,2.2196653133608592e-16,403,403,2,403,0.098742,0.006344,0.053158,0.02893,0.256036,0.023749,1.8575,0.3857,1.3192,0.7102,0.2076
add32,4960,19848,8,0.25,21,drift,rotate,400,256,1178.8,1083,1167,975,447,2.1812,2.546229181107602e-16,403,403,20,403,0.100058,0.006405,0.054755,0.030219,0.279373,0.024675,1.8274,0.3582,1.3121,0.718,0.196
add32,4960,19848,8,0.0,17,jump,rotate,400,256,1073,1073,1073,1185,595,1.9916,3.202833525042235e-16,1,1,0,1,0.005689,0.002727,0.022269,0.013422,0.019269,0.011016,0.2555,0.2952,0.3026,1.1846,1.1557
add32,4960,19848,8,0.0,18,jump,rotate,400,256,1081,1081,1081,1114,531,2.0979,3.2398121539099444e-16,1,1,0,1,0.005708,0.002745,0.021516,0.012836,0.018677,0.010437,0.2653,0.3056,0.3177,1.1977,1.152
add32,4960,19848,8,0.0,19,jump,rotate,400,256,1040,1040,1040,864,390,2.2154,2.510467134857301e-16,1,1,0,1,0.005448,0.002595,0.018925,0.010382,0.016593,0.008513,0.2879,0.3283,0.3387,1.1767,1.1405
add32,4960,19848,8,0.0,20,jump,rotate,400,256,1069,1069,1069,1020,516,1.9767,3.4391737662988435e-16,1,1,0,1,0.005547,0.002639,0.020801,0.012073,0.017808,0.009651,0.2667,0.3115,0.3144,1.179,1.1681
add32,4960,19848,8,0.0,21,jump,rotate,400,256,1083,1083,1083,975,447,2.1812,4.2966672082003e-16,1,1,0,1,0.005619,0.00265,0.021026,0.01227,0.01827,0.010027,0.2672,0.3076,0.3181,1.1905,1.1508
add32,4960,19848,8,0.002,17,jump,rotate,400,256,1052.2,1073,1021,1185,595,1.9916,3.202833525042235e-16,403,365,77,365,0.097597,0.005841,0.070766,0.044761,0.582086,0.039524,1.3792,0.1677,0.9796,0.7103,0.1216
add32,4960,19848,8,0.002,18,jump,rotate,400,256,1067.9,1081,1030,1114,531,2.0979,2.313011951659194e-16,403,354,35,354,0.097845,0.005807,0.068466,0.043071,0.525028,0.03943,1.4291,0.1864,1.0174,0.7119,0.1304
add32,4960,19848,8,0.002,19,jump,rotate,400,256,1001.8,1040,984,864,390,2.2154,2.667447545027988e-16,403,347,17,347,0.09438,0.005473,0.067276,0.042482,0.501587,0.038142,1.4029,0.1882,0.9984,0.7117,0.1341
add32,4960,19848,8,0.002,20,jump,rotate,400,256,1066.8,1069,1007,1020,516,1.9767,2.475458321851105e-16,403,360,14,360,0.098202,0.005855,0.069598,0.044228,0.562757,0.03972,1.411,0.1745,0.9944,0.7048,0.1237
add32,4960,19848,8,0.002,21,jump,rotate,400,256,1052.1,1083,1047,975,447,2.1812,2.764543323169865e-16,403,362,5,362,0.096131,0.005721,0.068899,0.043497,0.543745,0.038277,1.3952,0.1768,0.9833,0.7048,0.1267
add32,4960,19848,8,0.01,17,jump,rotate,400,256,1037.0,1073,1064,1185,595,1.9916,3.202833525042235e-16,403,403,3,403,0.097239,0.005578,0.078996,0.052121,0.822787,0.046624,1.2309,0.1182,0.8189,0.6652,0.096
add32,4960,19848,8,0.01,18,jump,rotate,400,256,1045.5,1081,1037,1114,531,2.0979,1.9873470538705664e-16,403,403,1,403,0.097919,0.005582,0.079651,0.053,0.858232,0.047043,1.2294,0.1141,0.8101,0.659,0.0928
add32,4960,19848,8,0.01,19,jump,rotate,400,256,987.1,1040,991,864,390,2.2154,1.8817689326894656e-16,403,402,0,402,0.094628,0.005329,0.078015,0.051506,0.821284,0.04553,1.2129,0.1152,0.797,0.657,0.095
add32,4960,19848,8,0.01,20,jump,rotate,400,256,1037.3,1069,985,1020,516,1.9767,2.2196653133608592e-16,403,402,0,402,0.09684,0.005578,0.078776,0.052094,0.836636,0.046324,1.2293,0.1157,0.8101,0.659,0.0942
add32,4960,19848,8,0.01,21,jump,rotate,400,256,1047.4,1083,1077,975,447,2.1812,1.882758166008704e-16,403,402,0,402,0.098528,0.005658,0.079196,0.052256,0.838648,0.046669,1.2441,0.1175,0.8184,0.6578,0.0944
add32,4960,19848,8,0.05,17,jump,rotate,400,256,1008.6,1073,1027,1185,595,1.9916,3.202833525042235e-16,403,403,0,403,0.096628,0.005452,0.082293,0.055726,0.917705,0.049183,1.1742,0.1053,0.7605,0.6477,0.0897
add32,4960,19848,8,0.05,18,jump,rotate,400,256,1022.2,1081,1020,1114,531,2.0979,1.9873470538705664e-16,403,403,0,403,0.097202,0.005445,0.082338,0.055875,0.92219,0.049621,1.1805,0.1054,0.7631,0.6464,0.0893
add32,4960,19848,8,0.05,19,jump,rotate,400,256,1021.6,1040,1018,864,390,2.2154,1.8817689326894656e-16,403,403,0,403,0.097113,0.005406,0.082315,0.055908,0.921761,0.049491,1.1798,0.1054,0.7668,0.65,0.0893
add32,4960,19848,8,0.05,20,jump,rotate,400,256,1028.7,1069,1010,1020,516,1.9767,2.2196653133608592e-16,403,403,0,403,0.097327,0.005514,0.082482,0.056243,0.933909,0.049828,1.18,0.1042,0.7649,0.6483,0.0883
add32,4960,19848,8,0.05,21,jump,rotate,400,256,1026.9,1083,990,975,447,2.1812,1.882758166008704e-16,403,403,0,403,0.097931,0.005517,0.083231,0.056587,0.932229,0.049835,1.1766,0.1051,0.7557,0.6423,0.0893
add32,4960,19848,8,0.25,17,jump,rotate,400,256,1020.9,1073,987,1185,595,1.9916,3.202833525042235e-16,403,403,0,403,0.097538,0.005408,0.083787,0.057594,0.955688,0.050769,1.1641,0.1021,0.7449,0.6399,0.0877
add32,4960,19848,8,0.25,18,jump,rotate,400,256,1027.5,1081,992,1114,531,2.0979,1.9873470538705664e-16,403,403,0,403,0.097443,0.005455,0.083786,0.057633,0.948613,0.050418,1.163,0.1027,0.7503,0.6451,0.0883
add32,4960,19848,8,0.25,19,jump,rotate,400,256,1026.4,1040,994,864,390,2.2154,1.8817689326894656e-16,403,403,0,403,0.097665,0.005409,0.084082,0.057635,0.948533,0.050675,1.1615,0.103,0.7495,0.6453,0.0886
add32,4960,19848,8,0.25,20,jump,rotate,400,256,1026.8,1069,1012,1020,516,1.9767,2.2196653133608592e-16,403,403,0,403,0.097724,0.00543,0.083939,0.057766,0.951091,0.050584,1.1642,0.1027,0.7494,0.6437,0.0883
add32,4960,19848,8,0.25,21,jump,rotate,400,256,1027.0,1083,1021,975,447,2.1812,1.882758166008704e-16,403,403,0,403,0.097811,0.005417,0.083433,0.057266,0.949007,0.050509,1.1723,0.1031,0.7526,0.642,0.0879
epb2,25228,175027,8,0.0,17,drift,rotate,400,256,4139,4139,4139,3531,1078,3.2755,1.8040369840879457e-16,1,1,70,1,0.01124,0.006825,0.035601,0.02418,0.02806,0.017217,0.3157,0.4006,0.3518,1.1141,1.2687
epb2,25228,175027,8,0.0,18,drift,rotate,400,256,1704,1704,1704,1104,468,2.359,2.603353958278803e-16,1,1,46,1,0.008032,0.003746,0.02471,0.013294,0.020468,0.009677,0.3251,0.3924,0.3596,1.1062,1.2073
epb2,25228,175027,8,0.0,19,drift,rotate,400,256,1704,1704,1704,1104,468,2.359,2.5628962003989165e-16,1,1,46,1,0.008005,0.003761,0.024561,0.01315,0.020522,0.009758,0.3259,0.3901,0.3756,1.1523,1.1968
epb2,25228,175027,8,0.0,20,drift,rotate,400,256,1682,1682,1682,1157,495,2.3374,2.5666051871071164e-16,1,1,48,1,0.007861,0.003677,0.024553,0.013188,0.020512,0.009819,0.3202,0.3832,0.3522,1.1,1.197
epb2,25228,175027,8,0.0,21,drift,rotate,400,256,1878,1878,1878,1478,584,2.5308,2.1945021074165634e-16,1,1,51,1,0.008346,0.004042,0.026623,0.015157,0.02194,0.011104,0.3135,0.3804,0.3606,1.1503,1.2134
epb2,25228,175027,8,0.002,17,drift,rotate,400,256,3130.4,4139,2447,3531,1078,3.2755,2.344627426853642e-16,402,123,51,123,0.193655,0.008757,0.061202,0.039838,0.207634,0.031662,3.1642,0.9327,3.1416,0.9928,0.2948
epb2,25228,175027,8,0.002,18,drift,rotate,400,256,1774.3,1704,1821,1104,468,2.359,2.173733331597473e-16,395,48,17,48,0.119869,0.005478,0.040674,0.022982,0.054128,0.018565,2.9471,2.2145,3.4122,1.1578,0.7514
epb2,25228,175027,8,0.002,19,drift,rotate,400,256,1781.5,1704,1789,1104,468,2.359,2.8679028505633174e-16,390,57,19,57,0.119256,0.005555,0.040904,0.023016,0.056456,0.018505,2.9155,2.1124,3.4264,1.1752,0.7245
epb2,25228,175027,8,0.002,20,drift,rotate,400,256,1808.9,1682,1861,1157,495,2.3374,1.6862219160387784e-16,400,57,15,57,0.122998,0.005684,0.042268,0.024256,0.061813,0.019677,2.91,1.9898,3.3022,1.1348,0.6838
epb2,25228,175027,8,0.002,21,drift,rotate,400,256,1963.0,1878,1909,1478,584,2.5308,2.4803883184699755e-16,394,58,19,58,0.128703,0.005965,0.044296,0.026113,0.066775,0.020537,2.9055,1.9274,3.3886,1.1663,0.6634
epb2,25228,175027,8,0.01,17,drift,rotate,400,256,2797.0,4139,2560,3531,1078,3.2755,1.8040369840879457e-16,403,274,46,274,0.182756,0.009595,0.068244,0.042991,0.445859,0.035279,2.678,0.4099,2.2359,0.8349,0.1531
epb2,25228,175027,8,0.01,18,drift,rotate,400,256,1770.4,1704,1801,1104,468,2.359,1.815593037405193e-16,403,111,14,111,0.123836,0.006312,0.043718,0.024435,0.087399,0.019647,2.8326,1.4169,2.92,1.0308,0.5002
epb2,25228,175027,8,0.01,19,drift,rotate,400,256,1880.7,1704,2213,1104,468,2.359,2.5454022917486525e-16,403,136,26,136,0.130041,0.006861,0.047124,0.026908,0.118404,0.021838,2.7595,1.0983,2.777,1.0063,0.398
epb2,25228,175027,8,0.01,20,drift,rotate,400,256,1807.8,1682,1803,1157,495,2.3374,1.8661536219623302e-16,403,131,14,131,0.126258,0.0065,0.045672,0.02563,0.106095,0.020946,2.7645,1.19,2.7378,0.9904,0.4305
epb2,25228,175027,8,0.01,21,drift,rotate,400,256,1956.6,1878,1886,1478,584,2.5308,1.9674776048041538e-16,403,141,21,141,0.134291,0.007047,0.049666,0.029137,0.138885,0.02337,2.7039,0.9669,2.6871,0.9938,0.3576
epb2,25228,175027,8,0.05,17,drift,rotate,400,256,2539.2,4139,2300,3531,1078,3.2755,1.8040369840879457e-16,403,398,107,398,0.17154,0.010068,0.071809,0.042808,0.624258,0.035408,2.3888,0.2748,1.7274,0.7231,0.115
epb2,25228,175027,8,0.05,18,drift,rotate,400,256,1860.3,1704,1893,1104,468,2.359,2.1697261364258877e-16,403,347,31,347,0.132078,0.008118,0.055806,0.030239,0.309337,0.024801,2.3667,0.427,1.7876,0.7553,0.1804
epb2,25228,175027,8,0.05,19,drift,rotate,400,256,2058.6,1704,2153,1104,468,2.359,1.3799401113400288e-16,403,373,57,373,0.142203,0.008813,0.05976,0.033119,0.360258,0.027368,2.3796,0.3947,1.776,0.7463,0.1659
epb2,25228,175027,8,0.05,20,drift,rotate,400,256,2125.5,1682,1984,1157,495,2.3374,1.6862219160387784e-16,403,379,13,379,0.145329,0.009049,0.063624,0.036773,0.480183,0.030055,2.2842,0.3027,1.6338,0.7153,0.1325
epb2,25228,175027,8,0.05,21,drift,rotate,400,256,2224.7,1878,1981,1478,584,2.5308,2.1644133904289558e-16,403,386,89,386,0.151099,0.009138,0.064626,0.036658,0.456616,0.029444,2.3381,0.3309,1.7394,0.7439,0.1415
epb2,25228,175027,8,0.25,17,drift,rotate,400,256,2936.6,4139,2437,3531,1078,3.2755,2.0899051732856884e-16,403,403,123,403,0.18844,0.010568,0.076465,0.046988,0.70476,0.038349,2.4644,0.2674,1.7133,0.6952,0.1085
epb2,25228,175027,8,0.25,18,drift,rotate,400,256,2203.9,1704,2207,1104,468,2.359,2.2588621543250024e-16,403,403,40,403,0.150572,0.00951,0.068207,0.040067,0.538641,0.033003,2.2076,0.2795,1.4969,0.6781,0.1266
epb2,25228,175027,8,0.25,19,drift,rotate,400,256,3089.0,1704,2280,1104,468,2.359,1.561717649018692e-16,403,403,33,403,0.197161,0.010827,0.076119,0.047624,0.720957,0.037993,2.5902,0.2735,1.7752,0.6854,0.1056
epb2,25228,175027,8,0.25,20,drift,rotate,400,256,2543.7,1682,2830,1157,495,2.3374,2.2331864509696274e-16,403,403,15,403,0.170157,0.010183,0.073311,0.045043,0.680164,0.03747,2.321,0.2502,1.581,0.6811,0.1078
epb2,25228,175027,8,0.25,21,drift,rotate,400,256,2704.7,1878,2073,1478,584,2.5308,1.9131189196661394e-16,403,403,269,403,0.176174,0.010134,0.07261,0.04191,0.591527,0.034815,2.4263,0.2978,1.7125,0.7058,0.1228
epb2,25228,175027,8,0.0,17,jump,rotate,400,256,4139,4139,4139,3531,1078,3.2755,1.8040369840879457e-16,1,1,0,1,0.011067,0.006773,0.036718,0.025318,0.029533,0.018637,0.3014,0.3747,0.3455,1.1464,1.2433
epb2,25228,175027,8,0.0,18,jump,rotate,400,256,1704,1704,1704,1104,468,2.359,2.603353958278803e-16,1,1,0,1,0.007942,0.003633,0.025284,0.013863,0.021188,0.010454,0.3141,0.3748,0.3664,1.1663,1.1933
epb2,25228,175027,8,0.0,19,jump,rotate,400,256,1704,1704,1704,1104,468,2.359,2.5628962003989165e-16,1,1,0,1,0.00776,0.00359,0.02497,0.013669,0.021024,0.010381,0.3108,0.3691,0.3675,1.1826,1.1877
epb2,25228,175027,8,0.0,20,jump,rotate,400,256,1682,1682,1682,1157,495,2.3374,2.5666051871071164e-16,1,1,0,1,0.007757,0.003518,0.025124,0.013787,0.021338,0.010504,0.3087,0.3635,0.3591,1.163,1.1774
epb2,25228,175027,8,0.0,21,jump,rotate,400,256,1878,1878,1878,1478,584,2.5308,2.1945021074165634e-16,1,1,0,1,0.008236,0.003938,0.027763,0.016276,0.023151,0.01228,0.2967,0.3558,0.3528,1.1893,1.1992
epb2,25228,175027,8,0.002,17,jump,rotate,400,256,2910.4,4139,2204,3531,1078,3.2755,1.8040369840879457e-16,403,396,152,396,0.190502,0.011001,0.107181,0.071769,1.116386,0.056028,1.7774,0.1706,1.1258,0.6334,0.096
epb2,25228,175027,8,0.002,18,jump,rotate,400,256,1777.3,1704,1794,1104,468,2.359,1.815593037405193e-16,403,395,132,395,0.135226,0.009254,0.091472,0.058193,0.889725,0.048543,1.4783,0.152,0.9043,0.6117,0.1028
epb2,25228,175027,8,0.002,19,jump,rotate,400,256,1767.6,1704,1739,1104,468,2.359,2.6033079908632004e-16,403,396,110,396,0.134845,0.009252,0.091157,0.058153,0.857851,0.048015,1.4793,0.1572,0.9053,0.612,0.1063
epb2,25228,175027,8,0.002,20,jump,rotate,400,256,1711,1682,1681,1157,495,2.3374,1.6862219160387784e-16,403,399,104,399,0.131876,0.009129,0.090565,0.057323,0.837451,0.047703,1.4561,0.1575,0.8713,0.5983,0.1081
epb2,25228,175027,8,0.002,21,jump,rotate,400,256,1783.1,1878,1656,1478,584,2.5308,2.031726548163139e-16,403,400,100,400,0.134973,0.009071,0.093597,0.060327,0.897516,0.049442,1.4421,0.1504,0.8597,0.5961,0.1043
epb2,25228,175027,8,0.01,17,jump,rotate,400,256,2305.3,4139,1847,3531,1078,3.2755,1.8040369840879457e-16,403,403,217,403,0.161331,0.010927,0.116673,0.081437,1.383646,0.065467,1.3828,0.1166,0.8134,0.5883,0.0843
epb2,25228,175027,8,0.01,18,jump,rotate,400,256,1788.6,1704,1719,1104,468,2.359,1.815593037405193e-16,403,403,139,403,0.137227,0.00975,0.113399,0.079037,1.308827,0.064006,1.2101,0.1048,0.7048,0.5824,0.0866
epb2,25228,175027,8,0.01,19,jump,rotate,400,256,1789.3,1704,1931,1104,468,2.359,1.3799401113400288e-16,403,403,110,403,0.137978,0.009856,0.112735,0.078615,1.286508,0.063816,1.2239,0.1073,0.7147,0.584,0.0876
epb2,25228,175027,8,0.01,20,jump,rotate,400,256,1721.7,1682,1708,1157,495,2.3374,1.6862219160387784e-16,403,403,63,403,0.134262,0.009645,0.111243,0.077608,1.237556,0.062461,1.2069,0.1085,0.6983,0.5785,0.0899
epb2,25228,175027,8,0.01,21,jump,rotate,400,256,1736.7,1878,1692,1478,584,2.5308,1.4145500147568038e-16,403,403,49,403,0.136351,0.009954,0.115758,0.081749,1.300683,0.065065,1.1779,0.1048,0.6799,0.5772,0.089
epb2,25228,175027,8,0.05,17,jump,rotate,400,256,1898.2,4139,2029,3531,1078,3.2755,1.8040369840879457e-16,403,403,85,403,0.143631,0.010172,0.125349,0.091584,1.506075,0.071473,1.1458,0.0954,0.6544,0.5711,0.0832
epb2,25228,175027,8,0.05,18,jump,rotate,400,256,1791.6,1704,1927,1104,468,2.359,1.815593037405193e-16,403,403,18,403,0.138885,0.010055,0.123987,0.091098,1.488757,0.070941,1.1202,0.0933,0.6428,0.5738,0.0833
epb2,25228,175027,8,0.05,19,jump,rotate,400,256,1775.5,1704,1786,1104,468,2.359,1.3799401113400288e-16,403,403,1,403,0.137202,0.009978,0.122928,0.09046,1.469821,0.070617,1.1161,0.0933,0.6401,0.5735,0.0836
epb2,25228,175027,8,0.05,20,jump,rotate,400,256,1753.8,1682,1715,1157,495,2.3374,1.6862219160387784e-16,403,403,0,403,0.136302,0.009943,0.123504,0.090803,1.470085,0.070376,1.1036,0.0927,0.6309,0.5717,0.084
epb2,25228,175027,8,0.05,21,jump,rotate,400,256,1755.8,1878,1766,1478,584,2.5308,1.4145500147568038e-16,403,403,0,403,0.136114,0.010077,0.123234,0.090703,1.485173,0.070568,1.1045,0.0916,0.6313,0.5716,0.083
epb2,25228,175027,8,0.25,17,jump,rotate,400,256,1808.4,4139,1665,3531,1078,3.2755,1.8040369840879457e-16,403,403,0,403,0.139798,0.010181,0.129978,0.09794,1.533835,0.072215,1.0756,0.0911,0.6163,0.573,0.0847
epb2,25228,175027,8,0.25,18,jump,rotate,400,256,1764.5,1704,1797,1104,468,2.359,1.815593037405193e-16,403,403,0,403,0.138373,0.010122,0.131174,0.098696,1.526871,0.072858,1.0549,0.0906,0.6035,0.5721,0.0859
epb2,25228,175027,8,0.25,19,jump,rotate,400,256,1775.7,1704,1769,1104,468,2.359,1.3799401113400288e-16,403,403,0,403,0.138545,0.010152,0.129413,0.097198,1.519097,0.072148,1.0706,0.0912,0.6111,0.5708,0.0852
epb2,25228,175027,8,0.25,20,jump,rotate,400,256,1781.6,1682,1704,1157,495,2.3374,1.6862219160387784e-16,403,403,0,403,0.139339,0.010219,0.129979,0.097805,1.51937,0.072174,1.072,0.0917,0.6142,0.5729,0.0855
epb2,25228,175027,8,0.25,21,jump,rotate,400,256,1781.1,1878,1776,1478,584,2.5308,1.4145500147568038e-16,403,403,0,403,0.139162,0.010225,0.130013,0.097872,1.526521,0.072355,1.0704,0.0912,0.6149,0.5745,0.0852
rajat03,7602,32653,8,0.0,17,drift,rotate,400,256,1134,1134,1134,2165,1007,2.15,1.7826217473354043e-16,1,1,82,1,0.006103,0.002865,0.02951,0.02051,0.025058,0.016536,0.2068,0.2436,0.2352,1.1371,1.1777
rajat03,7602,32653,8,0.0,18,drift,rotate,400,256,1133,1133,1133,1771,821,2.1571,3.4331536259911443e-16,1,1,66,1,0.005893,0.002796,0.024144,0.015423,0.020218,0.011989,0.2441,0.2915,0.2818,1.1546,1.1942
rajat03,7602,32653,8,0.0,19,drift,rotate,400,256,1118,1118,1118,1525,655,2.3282,1.8527710357763163e-16,1,1,45,1,0.005917,0.002804,0.022586,0.013763,0.019019,0.010736,0.262,0.3111,0.2971,1.1342,1.1875
rajat03,7602,32653,8,0.0,20,drift,rotate,400,256,1134,1134,1134,1956,911,2.1471,3.450195571787895e-16,1,1,12,1,0.005963,0.00283,0.0265,0.01764,0.02249,0.014097,0.225,0.2651,0.2649,1.1773,1.1783
rajat03,7602,32653,8,0.0,21,drift,rotate,400,256,1130,1130,1130,1894,850,2.2282,1.6919592710209381e-16,1,1,71,1,0.005953,0.002808,0.025047,0.016182,0.021586,0.013118,0.2377,0.2758,0.265,1.1148,1.1603
rajat03,7602,32653,8,0.002,17,drift,rotate,400,256,1161.1,1134,1172,2165,1007,2.15,1.9141554175975287e-16,400,74,14,74,0.095325,0.00527,0.044699,0.028236,0.083997,0.023563,2.1326,1.1349,2.3336,1.0942,0.5321
rajat03,7602,32653,8,0.002,18,drift,rotate,400,256,1163.0,1133,1192,1771,821,2.1571,2.001705385954558e-16,400,64,11,64,0.095222,0.005147,0.040878,0.024985,0.066101,0.021034,2.3294,1.4406,2.6473,1.1364,0.6184
rajat03,7602,32653,8,0.002,19,drift,rotate,400,256,1142.1,1118,1159,1525,655,2.3282,1.9441023988622742e-16,395,32,9,32,0.092519,0.004583,0.037279,0.022414,0.042707,0.018352,2.4818,2.1664,3.0028,1.2099,0.8729
rajat03,7602,32653,8,0.002,20,drift,rotate,400,256,1163.9,1134,1176,1956,911,2.1471,1.7996453358319212e-16,398,67,10,67,0.094625,0.005044,0.042091,0.026079,0.070613,0.021436,2.2481,1.3401,2.5429,1.1311,0.5961
rajat03,7602,32653,8,0.002,21,drift,rotate,400,256,1163.9,1130,1174,1894,850,2.2282,3.038250391515105e-16,398,80,24,80,0.09524,0.005136,0.041652,0.02516,0.076994,0.021333,2.2866,1.237,2.5383,1.1101,0.541
rajat03,7602,32653,8,0.01,17,drift,rotate,400,256,1161.4,1134,1168,2165,1007,2.15,1.9104769697723567e-16,403,230,17,230,0.098743,0.006402,0.052316,0.031591,0.21506,0.026303,1.8874,0.4591,1.6435,0.8708,0.2433
rajat03,7602,32653,8,0.01,18,drift,rotate,400,256,1153.4,1133,1163,1771,821,2.1571,2.0648639709339862e-16,403,218,21,218,0.097462,0.0062,0.048879,0.028614,0.18068,0.024325,1.9939,0.5394,1.757,0.8812,0.2705
rajat03,7602,32653,8,0.01,19,drift,rotate,400,256,1153.7,1118,1175,1525,655,2.3282,2.0236551039081335e-16,403,181,22,181,0.097473,0.006069,0.046038,0.026868,0.141198,0.022895,2.1172,0.6903,1.961,0.9262,0.3261
rajat03,7602,32653,8,0.01,20,drift,rotate,400,256,1151.0,1134,1155,1956,911,2.1471,1.6532106712251152e-16,403,189,5,189,0.097845,0.006034,0.047541,0.027944,0.150951,0.023313,2.0581,0.6482,1.8751,0.9111,0.3149
rajat03,7602,32653,8,0.01,21,drift,rotate,400,256,1168.3,1130,1168,1894,850,2.2282,1.825922540668138e-16,403,207,29,207,0.098245,0.006218,0.048161,0.028206,0.173806,0.024754,2.0399,0.5653,1.8324,0.8983,0.2771
rajat03,7602,32653,8,0.05,17,drift,rotate,400,256,1156.9,1134,1142,2165,1007,2.15,1.971763191970138e-16,403,399,43,399,0.099311,0.007165,0.062966,0.037204,0.444729,0.031918,1.5772,0.2233,1.1125,0.7053,0.1416
rajat03,7602,32653,8,0.05,18,drift,rotate,400,256,1151.9,1133,1143,1771,821,2.1571,2.0544973705467445e-16,403,388,33,388,0.097213,0.00681,0.056343,0.031825,0.339617,0.027317,1.7254,0.2862,1.2633,0.7322,0.1659
rajat03,7602,32653,8,0.05,19,drift,rotate,400,256,1144.8,1118,1148,1525,655,2.3282,1.9273564440296403e-16,403,373,20,373,0.096346,0.006691,0.054308,0.030165,0.304008,0.026132,1.7741,0.3169,1.302,0.7339,0.1786
rajat03,7602,32653,8,0.05,20,drift,rotate,400,256,1151.7,1134,1151,1956,911,2.1471,1.9443579427926214e-16,403,400,7,400,0.09762,0.007009,0.059937,0.034918,0.401486,0.030236,1.6287,0.2431,1.1688,0.7176,0.1493
rajat03,7602,32653,8,0.05,21,drift,rotate,400,256,1191.7,1130,1195,1894,850,2.2282,2.9662344502165443e-16,403,397,74,397,0.10191,0.007253,0.059694,0.034172,0.398772,0.030017,1.7072,0.2556,1.2232,0.7165,0.1497
rajat03,7602,32653,8,0.25,17,drift,rotate,400,256,1156.4,1134,1156,2165,1007,2.15,1.8734944685639933e-16,403,403,39,403,0.098097,0.007245,0.064568,0.038262,0.458593,0.033139,1.5193,0.2139,1.0635,0.7,0.1408
rajat03,7602,32653,8,0.25,18,drift,rotate,400,256,1154.0,1133,1156,1771,821,2.1571,1.813107808183993e-16,403,403,49,403,0.097425,0.007185,0.063812,0.037691,0.444029,0.032744,1.5268,0.2194,1.0716,0.7019,0.1437
rajat03,7602,32653,8,0.25,19,drift,rotate,400,256,1171.2,1118,1192,1525,655,2.3282,1.9085203069105045e-16,403,403,29,403,0.099527,0.007279,0.063042,0.0371,0.446485,0.032262,1.5787,0.2229,1.0881,0.6892,0.1412
rajat03,7602,32653,8,0.25,20,drift,rotate,400,256,1155.6,1134,1159,1956,911,2.1471,2.0003590260351762e-16,403,402,4,402,0.097834,0.007161,0.062989,0.037172,0.440871,0.032082,1.5532,0.2219,1.0835,0.6976,0.1429
rajat03,7602,32653,8,0.25,21,drift,rotate,400,256,1198.9,1130,1194,1894,850,2.2282,2.3707570364670915e-16,403,403,13,403,0.102838,0.007469,0.062421,0.0364,0.450559,0.032207,1.6475,0.2282,1.1322,0.6872,0.1385
rajat03,7602,32653,8,0.0,17,jump,rotate,400,256,1134,1134,1134,2165,1007,2.15,1.7826217473354043e-16,1,1,0,1,0.005977,0.002825,0.029145,0.020099,0.024349,0.015735,0.2051,0.2455,0.2391,1.1658,1.197
rajat03,7602,32653,8,0.0,18,jump,rotate,400,256,1133,1133,1133,1771,821,2.1571,3.4331536259911443e-16,1,1,0,1,0.005917,0.002751,0.023909,0.015058,0.019798,0.011513,0.2475,0.2989,0.2761,1.1158,1.2076
rajat03,7602,32653,8,0.0,19,jump,rotate,400,256,1118,1118,1118,1525,655,2.3282,1.8527710357763163e-16,1,1,0,1,0.005799,0.002738,0.022395,0.013648,0.01863,0.010387,0.2589,0.3113,0.2916,1.1262,1.2021
rajat03,7602,32653,8,0.0,20,jump,rotate,400,256,1134,1134,1134,1956,911,2.1471,3.450195571787895e-16,1,1,0,1,0.006006,0.002805,0.026194,0.017204,0.021902,0.013416,0.2293,0.2742,0.2568,1.1198,1.196
rajat03,7602,32653,8,0.0,21,jump,rotate,400,256,1130,1130,1130,1894,850,2.2282,1.6919592710209381e-16,1,1,0,1,0.005888,0.002783,0.02471,0.015698,0.020717,0.012326,0.2383,0.2842,0.2645,1.1099,1.1927
rajat03,7602,32653,8,0.002,17,jump,rotate,400,256,1113.9,1134,1109,2165,1007,2.15,1.812759381413619e-16,403,369,23,369,0.110111,0.006196,0.076135,0.049176,0.666391,0.044,1.4463,0.1652,0.964,0.6665,0.1142
rajat03,7602,32653,8,0.002,18,jump,rotate,400,256,1120.2,1133,1122,1771,821,2.1571,1.785336383898005e-16,403,376,22,376,0.109311,0.006173,0.073167,0.046144,0.621849,0.041614,1.494,0.1758,0.9602,0.6427,0.1177
rajat03,7602,32653,8,0.002,19,jump,rotate,400,256,1099.3,1118,1094,1525,655,2.3282,1.8527710357763163e-16,403,377,12,377,0.096923,0.006184,0.071202,0.044513,0.572297,0.040192,1.3612,0.1694,0.8586,0.6308,0.1244
rajat03,7602,32653,8,0.002,20,jump,rotate,400,256,1103.4,1134,1096,1956,911,2.1471,1.8057793342026967e-16,402,377,8,377,0.095611,0.006079,0.074695,0.047803,0.670204,0.043153,1.28,0.1427,0.833,0.6508,0.1115
rajat03,7602,32653,8,0.002,21,jump,rotate,400,256,1106.9,1130,1093,1894,850,2.2282,1.9539861638615101e-16,403,365,2,365,0.095015,0.005983,0.071989,0.045504,0.608675,0.04214,1.3199,0.1561,0.8671,0.6569,0.1183
rajat03,7602,32653,8,0.01,17,jump,rotate,400,256,1097.7,1134,1105,2165,1007,2.15,1.6081568220054994e-16,403,403,4,403,0.110131,0.005845,0.083783,0.056154,0.899857,0.051132,1.3145,0.1224,0.8197,0.6236,0.0931
rajat03,7602,32653,8,0.01,18,jump,rotate,400,256,1095.9,1133,1110,1771,821,2.1571,2.1167368455464138e-16,403,403,1,403,0.097745,0.005818,0.082676,0.055405,0.891751,0.050278,1.1823,0.1096,0.7303,0.6177,0.0927
rajat03,7602,32653,8,0.01,19,jump,rotate,400,256,1109.5,1118,1118,1525,655,2.3282,1.8527710357763163e-16,403,403,0,403,0.103833,0.00589,0.081445,0.054254,0.874016,0.049625,1.2749,0.1188,0.786,0.6165,0.0932
rajat03,7602,32653,8,0.01,20,jump,rotate,400,256,1113.0,1134,1122,1956,911,2.1471,2.0266882926451144e-16,403,403,2,403,0.102567,0.005977,0.083188,0.055797,0.912768,0.050781,1.233,0.1124,0.7683,0.6232,0.0911
rajat03,7602,32653,8,0.01,21,jump,rotate,400,256,1113,1130,1102,1894,850,2.2282,1.5550143108937747e-16,403,403,1,403,0.097512,0.005899,0.082508,0.055287,0.903493,0.050845,1.1818,0.1079,0.7291,0.6169,0.0913
rajat03,7602,32653,8,0.05,17,jump,rotate,400,256,1096.4,1134,1086,2165,1007,2.15,1.6081568220054994e-16,403,403,0,403,0.100517,0.005875,0.087382,0.060317,0.99464,0.054329,1.1503,0.1011,0.7004,0.6089,0.0879
rajat03,7602,32653,8,0.05,18,jump,rotate,400,256,1097.5,1133,1094,1771,821,2.1571,1.785336383898005e-16,403,403,0,403,0.106831,0.005783,0.086666,0.059708,0.990421,0.054212,1.2327,0.1079,0.746,0.6052,0.0875
rajat03,7602,32653,8,0.05,19,jump,rotate,400,256,1100.4,1118,1130,1525,655,2.3282,1.8527710357763163e-16,403,403,0,403,0.103209,0.005848,0.087016,0.059923,0.991685,0.054291,1.1861,0.1041,0.7208,0.6077,0.0877
rajat03,7602,32653,8,0.05,20,jump,rotate,400,256,1098.2,1134,1104,1956,911,2.1471,1.6347944517818437e-16,403,403,0,403,0.09911,0.005798,0.087232,0.06014,0.997815,0.054449,1.1362,0.0993,0.6901,0.6074,0.0874
rajat03,7602,32653,8,0.05,21,jump,rotate,400,256,1103.4,1130,1100,1894,850,2.2282,1.5550143108937747e-16,403,403,0,403,0.101897,0.005844,0.087007,0.059918,0.990495,0.054158,1.1711,0.1029,0.713,0.6088,0.0878
rajat03,7602,32653,8,0.25,17,jump,rotate,400,256,1095.4,1134,1076,2165,1007,2.15,1.6081568220054994e-16,403,403,0,403,0.099765,0.00572,0.089093,0.062349,1.015421,0.054905,1.1198,0.0982,0.6727,0.6007,0.0877
rajat03,7602,32653,8,0.25,18,jump,rotate,400,256,1100.8,1133,1119,1771,821,2.1571,1.785336383898005e-16,403,403,0,403,0.10041,0.005792,0.089549,0.062607,1.021096,0.055192,1.1213,0.0983,0.678,0.6047,0.0877
rajat03,7602,32653,8,0.25,19,jump,rotate,400,256,1098.4,1118,1114,1525,655,2.3282,1.8527710357763163e-16,403,403,0,403,0.098654,0.005806,0.089312,0.062509,1.0205,0.055217,1.1046,0.0967,0.6667,0.6036,0.0875
rajat03,7602,32653,8,0.25,20,jump,rotate,400,256,1099.1,1134,1096,1956,911,2.1471,1.6347944517818437e-16,403,403,0,403,0.099643,0.005747,0.088917,0.062188,1.013736,0.054961,1.1206,0.0983,0.673,0.6005,0.0877
rajat03,7602,32653,8,0.25,21,jump,rotate,400,256,1102.6,1130,1105,1894,850,2.2282,1.5550143108937747e-16,403,403,0,403,0.101553,0.005811,0.090763,0.063314,1.023024,0.055462,1.1189,0.0993,0.6696,0.5984,0.0887
wang3,26064,177168,8,0.0,17,drift,rotate,400,256,1792,1792,1792,3890,1445,2.692,2.487232839232237e-16,1,1,93,1,0.008364,0.004025,0.039882,0.028271,0.032108,0.021046,0.2097,0.2605,0.2411,1.1497,1.2421
wang3,26064,177168,8,0.0,18,drift,rotate,400,256,1764,1764,1764,3371,1212,2.7814,2.420388222758748e-16,1,1,83,1,0.008127,0.003794,0.0364,0.024806,0.030051,0.019061,0.2233,0.2704,0.2507,1.1228,1.2113
wang3,26064,177168,8,0.0,19,drift,rotate,400,256,1731,1731,1731,3212,1150,2.793,2.3083755709953547e-16,1,1,80,1,0.008093,0.003815,0.035318,0.023766,0.029158,0.018199,0.2291,0.2776,0.269,1.174,1.2113
wang3,26064,177168,8,0.0,20,drift,rotate,400,256,1773,1773,1773,3645,1305,2.7931,2.546692647386177e-16,1,1,44,1,0.007998,0.003614,0.037697,0.026058,0.031407,0.020347,0.2122,0.2547,0.2386,1.1244,1.2003
wang3,26064,177168,8,0.0,21,drift,rotate,400,256,1778,1778,1778,3888,1461,2.6612,2.4131063430977955e-16,1,1,93,1,0.008095,0.003711,0.038598,0.026817,0.032463,0.021333,0.2097,0.2494,0.2472,1.1789,1.189
wang3,26064,177168,8,0.002,17,drift,rotate,400,256,1792,1792,1792,3890,1445,2.692,2.7010504617955346e-16,402,139,37,139,0.128679,0.007458,0.059973,0.038679,0.206069,0.031089,2.1456,0.6244,1.9987,0.9315,0.291
wang3,26064,177168,8,0.002,18,drift,rotate,400,256,1758.2,1764,1763,3371,1212,2.7814,2.8195140795545606e-16,401,118,30,118,0.127118,0.00701,0.055428,0.034983,0.162693,0.029256,2.2934,0.7813,2.219,0.9675,0.3407
wang3,26064,177168,8,0.002,19,drift,rotate,400,256,1720.4,1731,1719,3212,1150,2.793,2.676112762686522e-16,397,78,21,78,0.122977,0.006363,0.050342,0.031272,0.103434,0.025786,2.4428,1.1889,2.5934,1.0616,0.4867
wang3,26064,177168,8,0.002,20,drift,rotate,400,256,1772.2,1773,1773,3645,1305,2.7931,2.4093641795714936e-16,402,149,42,149,0.128318,0.007221,0.058503,0.036951,0.208048,0.030641,2.1934,0.6168,2.0245,0.923,0.2812
wang3,26064,177168,8,0.002,21,drift,rotate,400,256,1771.3,1778,1761,3888,1461,2.6612,2.648339528291928e-16,400,137,36,137,0.127372,0.006966,0.057288,0.036226,0.18785,0.030289,2.2234,0.6781,2.1384,0.9618,0.305
wang3,26064,177168,8,0.01,17,drift,rotate,400,256,1789.2,1792,1785,3890,1445,2.692,2.523697664509116e-16,403,289,65,289,0.13232,0.008757,0.067444,0.041703,0.404547,0.034064,1.9619,0.3271,1.5285,0.7791,0.1667
wang3,26064,177168,8,0.01,18,drift,rotate,400,256,1761.6,1764,1761,3371,1212,2.7814,2.3299213775180255e-16,403,299,30,299,0.131896,0.008698,0.065117,0.039639,0.402969,0.033157,2.0255,0.3273,1.5507,0.7656,0.1616
wang3,26064,177168,8,0.01,19,drift,rotate,400,256,1730.3,1731,1711,3212,1150,2.793,2.565289830556922e-16,403,254,36,254,0.129528,0.007745,0.060136,0.036002,0.292759,0.030058,2.1539,0.4424,1.7599,0.8171,0.2054
wang3,26064,177168,8,0.01,20,drift,rotate,400,256,1765.4,1773,1756,3645,1305,2.7931,2.4093641795714936e-16,403,286,30,286,0.132027,0.008213,0.06413,0.038771,0.367244,0.032498,2.0587,0.3595,1.5947,0.7746,0.1746
wang3,26064,177168,8,0.01,21,drift,rotate,400,256,1770.8,1778,1772,3888,1461,2.6612,2.512498011566588e-16,403,301,71,301,0.131951,0.008588,0.068116,0.041814,0.426819,0.034922,1.9372,0.3091,1.4812,0.7646,0.1596
wang3,26064,177168,8,0.05,17,drift,rotate,400,256,1786.8,1792,1774,3890,1445,2.692,2.487232839232237e-16,403,403,158,403,0.133811,0.009906,0.078312,0.048256,0.685077,0.041726,1.7087,0.1953,1.1341,0.6637,0.1143
wang3,26064,177168,8,0.05,18,drift,rotate,400,256,1757.0,1764,1776,3371,1212,2.7814,1.458341343144479e-16,403,400,50,400,0.132762,0.009409,0.071302,0.042786,0.557804,0.035923,1.862,0.238,1.2469,0.6697,0.1278
wang3,26064,177168,8,0.05,19,drift,rotate,400,256,1759.5,1731,1768,3212,1150,2.793,2.7241305728803664e-16,403,398,146,398,0.132738,0.009599,0.074073,0.044258,0.578513,0.037651,1.792,0.2294,1.2178,0.6796,0.128
wang3,26064,177168,8,0.05,20,drift,rotate,400,256,1754.4,1773,1761,3645,1305,2.7931,2.730818996007785e-16,403,401,30,401,0.133683,0.009411,0.072547,0.043824,0.562908,0.036751,1.8427,0.2375,1.2334,0.6693,0.1289
wang3,26064,177168,8,0.05,21,drift,rotate,400,256,1765.4,1778,1770,3888,1461,2.6612,2.0156100199848866e-16,403,400,178,400,0.133289,0.009857,0.08015,0.04966,0.677513,0.04313,1.663,0.1967,1.1236,0.6756,0.1183
wang3,26064,177168,8,0.25,17,drift,rotate,400,256,1781.9,1792,1782,3890,1445,2.692,2.487232839232237e-16,403,403,234,403,0.134725,0.01015,0.085982,0.054445,0.734915,0.045577,1.5669,0.1833,0.9814,0.6263,0.117
wang3,26064,177168,8,0.25,18,drift,rotate,400,256,1763.3,1764,1777,3371,1212,2.7814,2.5712774326275573e-16,403,403,115,403,0.135263,0.009997,0.081252,0.051185,0.705019,0.0446,1.6647,0.1919,1.0529,0.6324,0.1152
wang3,26064,177168,8,0.25,19,drift,rotate,400,256,1767.1,1731,1776,3212,1150,2.793,2.269102285349506e-16,403,403,262,403,0.135667,0.010062,0.083226,0.052063,0.711645,0.043673,1.6301,0.1906,1.0416,0.639,0.1169
wang3,26064,177168,8,0.25,20,drift,rotate,400,256,1766.9,1773,1787,3645,1305,2.7931,2.4093641795714936e-16,403,403,75,403,0.13537,0.009966,0.08166,0.051889,0.692125,0.044237,1.6577,0.1956,1.0275,0.6198,0.118
wang3,26064,177168,8,0.25,21,drift,rotate,400,256,1755.3,1778,1772,3888,1461,2.6612,2.0596727536480783e-16,403,403,125,403,0.133871,0.009887,0.081848,0.051624,0.680407,0.043977,1.6356,0.1968,1.0391,0.6353,0.1203
wang3,26064,177168,8,0.0,17,jump,rotate,400,256,1792,1792,1792,3890,1445,2.692,2.487232839232237e-16,1,1,0,1,0.008225,0.003861,0.039561,0.027831,0.032132,0.021,0.2079,0.256,0.2345,1.128,1.2312
wang3,26064,177168,8,0.0,18,jump,rotate,400,256,1764,1764,1764,3371,1212,2.7814,2.420388222758748e-16,1,1,0,1,0.008154,0.003739,0.036318,0.024589,0.030075,0.018988,0.2245,0.2711,0.2531,1.1273,1.2076
wang3,26064,177168,8,0.0,19,jump,rotate,400,256,1731,1731,1731,3212,1150,2.793,2.3083755709953547e-16,1,1,0,1,0.008197,0.003797,0.036018,0.024182,0.029899,0.018635,0.2276,0.2742,0.26,1.1423,1.2047
wang3,26064,177168,8,0.0,20,jump,rotate,400,256,1773,1773,1773,3645,1305,2.7931,2.546692647386177e-16,1,1,0,1,0.008118,0.00377,0.037677,0.02607,0.031241,0.020206,0.2155,0.2599,0.2442,1.1336,1.206
wang3,26064,177168,8,0.0,21,jump,rotate,400,256,1778,1778,1778,3888,1461,2.6612,2.4131063430977955e-16,1,1,0,1,0.008246,0.003881,0.038288,0.02652,0.03221,0.021105,0.2154,0.256,0.245,1.1377,1.1887
wang3,26064,177168,8,0.002,17,jump,rotate,400,256,1766.2,1792,1745,3890,1445,2.692,2.487232839232237e-16,403,397,52,397,0.140539,0.009907,0.106396,0.072625,0.993777,0.056295,1.3209,0.1414,0.7818,0.5919,0.1071
wang3,26064,177168,8,0.002,18,jump,rotate,400,256,1752.5,1764,1744,3371,1212,2.7814,1.274157803287359e-16,403,397,47,397,0.140841,0.009767,0.10517,0.07109,0.947878,0.055248,1.3392,0.1486,0.784,0.5854,0.111
wang3,26064,177168,8,0.002,19,jump,rotate,400,256,1736.5,1731,1741,3212,1150,2.793,2.269102285349506e-16,403,401,38,401,0.139094,0.009619,0.104446,0.070728,0.977793,0.054932,1.3317,0.1423,0.7878,0.5916,0.1068
wang3,26064,177168,8,0.002,20,jump,rotate,400,256,1754.2,1773,1744,3645,1305,2.7931,2.4093641795714936e-16,403,401,43,401,0.139731,0.009864,0.106024,0.072185,1.002353,0.056284,1.3179,0.1394,0.7715,0.5854,0.1058
wang3,26064,177168,8,0.002,21,jump,rotate,400,256,1757.9,1778,1739,3888,1461,2.6612,2.0285991017222475e-16,403,392,32,392,0.140206,0.009813,0.105512,0.071791,0.989614,0.05631,1.3288,0.1417,0.7905,0.5949,0.1066
wang3,26064,177168,8,0.01,17,jump,rotate,400,256,1750.8,1792,1745,3890,1445,2.692,2.487232839232237e-16,403,403,96,403,0.140112,0.010126,0.123946,0.089674,1.303223,0.067256,1.1304,0.1075,0.6495,0.5746,0.0951
wang3,26064,177168,8,0.01,18,jump,rotate,400,256,1748.0,1764,1744,3371,1212,2.7814,1.274157803287359e-16,403,403,59,403,0.139821,0.010289,0.123803,0.089582,1.296684,0.067298,1.1294,0.1078,0.6466,0.5725,0.0955
wang3,26064,177168,8,0.01,19,jump,rotate,400,256,1742.2,1731,1745,3212,1150,2.793,2.269102285349506e-16,403,403,40,403,0.139931,0.009942,0.122916,0.088727,1.263696,0.066241,1.1384,0.1107,0.6532,0.5738,0.0973
wang3,26064,177168,8,0.01,20,jump,rotate,400,256,1746.3,1773,1731,3645,1305,2.7931,2.4093641795714936e-16,403,403,35,403,0.139506,0.01008,0.124037,0.090286,1.299592,0.067677,1.1247,0.1073,0.6473,0.5755,0.0954
wang3,26064,177168,8,0.01,21,jump,rotate,400,256,1741.7,1778,1739,3888,1461,2.6612,1.2775508798104886e-16,403,403,18,403,0.141684,0.010196,0.13156,0.096394,1.317079,0.070256,1.077,0.1076,0.6205,0.5761,0.0999
wang3,26064,177168,8,0.05,17,jump,rotate,400,256,1743.7,1792,1732,3890,1445,2.692,2.487232839232237e-16,403,403,25,403,0.139572,0.009986,0.13294,0.099951,1.443048,0.072965,1.0499,0.0967,0.5937,0.5655,0.0921
wang3,26064,177168,8,0.05,18,jump,rotate,400,256,1743.1,1764,1736,3371,1212,2.7814,1.274157803287359e-16,403,403,9,403,0.13956,0.010129,0.132274,0.099694,1.43052,0.072735,1.0551,0.0976,0.596,0.5648,0.0925
wang3,26064,177168,8,0.05,19,jump,rotate,400,256,1740.9,1731,1745,3212,1150,2.793,2.269102285349506e-16,403,403,2,403,0.139194,0.010074,0.13264,0.100247,1.435075,0.072441,1.0494,0.097,0.5947,0.5667,0.0924
wang3,26064,177168,8,0.05,20,jump,rotate,400,256,1741.2,1773,1732,3645,1305,2.7931,2.4093641795714936e-16,403,403,0,403,0.138609,0.010086,0.13252,0.100151,1.43833,0.072902,1.0459,0.0964,0.5926,0.5665,0.0921
wang3,26064,177168,8,0.05,21,jump,rotate,400,256,1738.7,1778,1726,3888,1461,2.6612,1.2775508798104886e-16,403,403,0,403,0.138253,0.00988,0.132355,0.099858,1.435714,0.072486,1.0446,0.0963,0.5925,0.5673,0.0922
wang3,26064,177168,8,0.25,17,jump,rotate,400,256,1740.9,1792,1744,3890,1445,2.692,2.487232839232237e-16,403,403,0,403,0.139856,0.01018,0.138897,0.10712,1.471093,0.07399,1.0069,0.0951,0.5688,0.5649,0.0944
wang3,26064,177168,8,0.25,18,jump,rotate,400,256,1740.6,1764,1740,3371,1212,2.7814,1.274157803287359e-16,403,403,0,403,0.146858,0.010758,0.153244,0.118214,1.501271,0.079371,0.9583,0.0978,0.5494,0.5733,0.1021
wang3,26064,177168,8,0.25,19,jump,rotate,400,256,1738.8,1731,1743,3212,1150,2.793,2.269102285349506e-16,403,403,0,403,0.150605,0.011017,0.159929,0.123467,1.512861,0.082075,0.9417,0.0995,0.5404,0.5738,0.1057
wang3,26064,177168,8,0.25,20,jump,rotate,400,256,1740.8,1773,1733,3645,1305,2.7931,2.4093641795714936e-16,403,403,0,403,0.141284,0.010137,0.142362,0.109623,1.47955,0.075394,0.9924,0.0955,0.5646,0.5689,0.0962
wang3,26064,177168,8,0.25,21,jump,rotate,400,256,1741.1,1778,1748,3888,1461,2.6612,1.2775508798104886e-16,403,403,0,403,0.140371,0.010217,0.139789,0.107577,1.474208,0.074368,1.0042,0.0952,0.5699,0.5676,0.0948
scircuit,170998,958936,8,0.0,17,drift,rotate,400,256,2342,2342,2342,3376,1855,1.8199,4.2843442093031307e-16,1,1,76,1,0.018315,0.009481,0.07061,0.050083,0.048589,0.030397,0.2594,0.3769,0.2912,1.1226,1.4532
scircuit,170998,958936,8,0.0,18,drift,rotate,400,256,1478,1478,1478,1869,774,2.4147,2.5198463996224793e-16,1,1,65,1,0.014711,0.006153,0.050559,0.030421,0.035228,0.017139,0.291,0.4176,0.3234,1.1116,1.4352
scircuit,170998,958936,8,0.0,19,drift,rotate,400,256,3140,3140,3140,6769,3169,2.136,1.577216667406184e-16,1,1,154,1,0.023512,0.014179,0.110822,0.088769,0.07709,0.057794,0.2122,0.305,0.2322,1.0947,1.4376
scircuit,170998,958936,8,0.0,20,drift,rotate,400,256,1401,1401,1401,1820,772,2.3575,2.5536077656556096e-16,1,1,46,1,0.014546,0.006094,0.051548,0.030537,0.036075,0.017691,0.2822,0.4032,0.3232,1.1453,1.4289
scircuit,170998,958936,8,0.0,21,drift,rotate,400,256,3278,3278,3278,5460,3198,1.7073,6.01427435628582e-16,1,1,101,1,0.02368,0.014707,0.087151,0.065742,0.064931,0.046188,0.2717,0.3647,0.3178,1.1697,1.3422
scircuit,170998,958936,8,0.002,17,drift,rotate,400,256,2549.4,2342,2507,3376,1855,1.8199,4.2843442093031307e-16,398,99,24,99,0.228949,0.012494,0.096041,0.064857,0.190863,0.039465,2.3839,1.1995,1.3807,0.5792,0.5032
scircuit,170998,958936,8,0.002,18,drift,rotate,400,256,1471.9,1478,1474,1869,774,2.4147,2.4997349521231137e-16,398,58,9,58,0.15757,0.00741,0.068646,0.040971,0.091951,0.025269,2.2954,1.7136,2.2709,0.9893,0.7465
scircuit,170998,958936,8,0.002,19,drift,rotate,400,256,2904.0,3140,2831,6769,3169,2.136,1.9976699495191734e-16,403,187,31,187,0.272885,0.015704,0.122634,0.084857,0.476379,0.054517,2.2252,0.5728,1.924,0.8646,0.2574
scircuit,170998,958936,8,0.002,20,drift,rotate,400,256,1417.0,1401,1426,1820,772,2.3575,2.1065173734983507e-16,396,62,11,62,0.152646,0.007271,0.068502,0.040545,0.094025,0.025667,2.2283,1.6235,2.2359,1.0034,0.7286
scircuit,170998,958936,8,0.002,21,drift,rotate,400,256,3186.9,3278,2613,5460,3198,1.7073,3.9480606191999803e-16,398,146,42,146,0.28471,0.017049,0.115121,0.079927,0.367493,0.054946,2.4731,0.7747,2.2591,0.9135,0.3133
scircuit,170998,958936,8,0.01,17,drift,rotate,400,256,2536.4,2342,2400,3376,1855,1.8199,4.2843442093031307e-16,403,260,43,260,0.232446,0.013448,0.111344,0.071904,0.468161,0.045048,2.0876,0.4965,1.6643,0.7972,0.2378
scircuit,170998,958936,8,0.01,18,drift,rotate,400,256,1450.2,1478,1454,1869,774,2.4147,2.7307996964648914e-16,403,161,17,161,0.158483,0.007702,0.074694,0.042552,0.181356,0.026469,2.1218,0.8739,1.7676,0.8331,0.4119
scircuit,170998,958936,8,0.01,19,drift,rotate,400,256,2982.5,3140,2914,6769,3169,2.136,2.3176568066012734e-16,403,337,79,337,0.282473,0.017341,0.138606,0.091362,0.84979,0.059807,2.038,0.3324,1.5377,0.7546,0.1631
scircuit,170998,958936,8,0.01,20,drift,rotate,400,256,1483.7,1401,1600,1820,772,2.3575,2.505021910716991e-16,403,197,27,197,0.162158,0.008309,0.080528,0.046676,0.241021,0.028439,2.0137,0.6728,1.6458,0.8173,0.3341
scircuit,170998,958936,8,0.01,21,drift,rotate,400,256,2934.7,3278,3144,5460,3198,1.7073,3.648268111842335e-16,403,311,62,311,0.268173,0.016256,0.122192,0.079216,0.673972,0.053619,2.1947,0.3979,1.6839,0.7673,0.1813
scircuit,170998,958936,8,0.05,17,drift,rotate,400,256,2984.5,2342,2704,3376,1855,1.8199,4.2843442093031307e-16,403,403,249,403,0.271088,0.017058,0.145545,0.094929,0.979683,0.060391,1.8626,0.2767,1.3116,0.7042,0.1486
scircuit,170998,958936,8,0.05,18,drift,rotate,400,256,1556.5,1478,1634,1869,774,2.4147,2.4997349521231137e-16,403,385,55,385,0.165658,0.009094,0.092741,0.050288,0.481314,0.030241,1.7862,0.3442,1.1992,0.6714,0.1927
scircuit,170998,958936,8,0.05,19,drift,rotate,400,256,2937.1,3140,3034,6769,3169,2.136,2.1524117249919231e-16,403,403,227,403,0.272819,0.017292,0.145175,0.09439,1.020667,0.060969,1.8792,0.2673,1.3161,0.7003,0.1422
scircuit,170998,958936,8,0.05,20,drift,rotate,400,256,1600.0,1401,1641,1820,772,2.3575,2.0309036064898926e-16,403,380,20,380,0.173463,0.009613,0.09592,0.054041,0.488327,0.032054,1.8084,0.3552,1.2244,0.677,0.1964
scircuit,170998,958936,8,0.05,21,drift,rotate,400,256,3184.7,3278,2805,5460,3198,1.7073,3.648268111842335e-16,403,403,220,403,0.283787,0.018547,0.152785,0.100382,1.042933,0.067021,1.8574,0.2721,1.2794,0.6888,0.1465
scircuit,170998,958936,8,0.25,17,drift,rotate,400,256,3349.8,2342,2837,3376,1855,1.8199,5.376366207778909e-16,403,403,1099,403,0.291947,0.019546,0.168966,0.108807,1.127955,0.071411,1.7278,0.2588,1.1699,0.6771,0.1498
scircuit,170998,958936,8,0.25,18,drift,rotate,400,256,1639.4,1478,1639,1869,774,2.4147,2.4997349521231137e-16,403,403,123,403,0.176928,0.009914,0.102839,0.058517,0.550634,0.033966,1.7204,0.3213,1.1381,0.6615,0.1868
scircuit,170998,958936,8,0.25,19,drift,rotate,400,256,3090.2,3140,2705,6769,3169,2.136,2.221364805737231e-16,403,403,513,403,0.269089,0.017662,0.15317,0.100229,1.010807,0.062553,1.7568,0.2662,1.1871,0.6757,0.1515
scircuit,170998,958936,8,0.25,20,drift,rotate,400,256,2079.0,1401,2711,1820,772,2.3575,2.1922516899903204e-16,403,403,401,403,0.194724,0.011873,0.113908,0.066009,0.632748,0.04091,1.7095,0.3077,1.1458,0.6703,0.18
scircuit,170998,958936,8,0.25,21,drift,rotate,400,256,3318.5,3278,3307,5460,3198,1.7073,3.648268111842335e-16,403,403,245,403,0.278878,0.018795,0.157698,0.10715,1.055279,0.068185,1.7684,0.2643,1.1794,0.6669,0.1494
scircuit,170998,958936,8,0.0,17,jump,rotate,400,256,2342,2342,2342,3376,1855,1.8199,4.2843442093031307e-16,1,1,0,1,0.017916,0.009087,0.07164,0.05073,0.049212,0.030929,0.2501,0.3641,0.2775,1.1098,1.4557
scircuit,170998,958936,8,0.0,18,jump,rotate,400,256,1478,1478,1478,1869,774,2.4147,2.5198463996224793e-16,1,1,0,1,0.014932,0.00612,0.051652,0.031404,0.035988,0.017979,0.2891,0.4149,0.3181,1.1005,1.4353
scircuit,170998,958936,8,0.0,19,jump,rotate,400,256,3140,3140,3140,6769,3169,2.136,1.577216667406184e-16,1,1,0,1,0.024951,0.014782,0.115451,0.092606,0.079798,0.059915,0.2161,0.3127,0.2369,1.0963,1.4468
scircuit,170998,958936,8,0.0,20,jump,rotate,400,256,1401,1401,1401,1820,772,2.3575,2.5536077656556096e-16,1,1,0,1,0.015044,0.006266,0.051502,0.031193,0.03593,0.018022,0.2921,0.4187,0.3298,1.1292,1.4334
scircuit,170998,958936,8,0.0,21,jump,rotate,400,256,3278,3278,3278,5460,3198,1.7073,6.01427435628582e-16,1,1,0,1,0.023511,0.014311,0.087439,0.066137,0.064778,0.046117,0.2689,0.3629,0.3094,1.1508,1.3498
scircuit,170998,958936,8,0.002,17,jump,rotate,400,256,1925.7,2342,1613,3376,1855,1.8199,5.168433400062601e-16,403,402,238,402,0.205143,0.016701,0.187059,0.126716,1.080077,0.07966,1.0967,0.1899,0.7004,0.6387,0.1732
scircuit,170998,958936,8,0.002,18,jump,rotate,400,256,1489.6,1478,1480,1869,774,2.4147,2.4997349521231137e-16,403,401,239,401,0.171598,0.014483,0.17107,0.111931,0.941599,0.071116,1.0031,0.1822,0.6166,0.6147,0.1817
scircuit,170998,958936,8,0.002,19,jump,rotate,400,256,2306.4,3140,1737,6769,3169,2.136,1.842127261785626e-16,403,402,246,402,0.230391,0.019057,0.2055,0.143495,1.366719,0.091434,1.1211,0.1686,0.717,0.6395,0.1504
scircuit,170998,958936,8,0.002,20,jump,rotate,400,256,1415.6,1401,1381,1820,772,2.3575,2.0309036064898926e-16,403,401,222,401,0.167659,0.013951,0.16854,0.109907,0.946626,0.069944,0.9948,0.1771,0.6029,0.6061,0.178
scircuit,170998,958936,8,0.002,21,jump,rotate,400,256,2480.0,3278,1812,5460,3198,1.7073,3.648268111842335e-16,403,403,220,403,0.24144,0.020641,0.193009,0.132368,1.168802,0.085113,1.2509,0.2066,0.7787,0.6225,0.1651
scircuit,170998,958936,8,0.01,17,jump,rotate,400,256,1648.4,2342,1376,3376,1855,1.8199,4.2843442093031307e-16,403,403,681,403,0.188717,0.016991,0.213708,0.148548,1.320853,0.093262,0.8831,0.1429,0.529,0.5991,0.1618
scircuit,170998,958936,8,0.01,18,jump,rotate,400,256,1484.9,1478,1486,1869,774,2.4147,2.4997349521231137e-16,403,403,621,403,0.174818,0.015967,0.212742,0.148257,1.321275,0.094258,0.8217,0.1323,0.4814,0.5858,0.161
scircuit,170998,958936,8,0.01,19,jump,rotate,400,256,1803.6,3140,1536,6769,3169,2.136,1.3134094301781195e-16,403,403,580,403,0.198583,0.01768,0.224792,0.159562,1.456067,0.100328,0.8834,0.1364,0.5265,0.596,0.1544
scircuit,170998,958936,8,0.01,20,jump,rotate,400,256,1439.5,1401,1389,1820,772,2.3575,2.0309036064898926e-16,403,403,569,403,0.220594,0.020008,0.259034,0.171701,1.556724,0.110679,0.8516,0.1417,0.4935,0.5795,0.1664
scircuit,170998,958936,8,0.01,21,jump,rotate,400,256,1855.4,3278,1476,5460,3198,1.7073,3.648268111842335e-16,403,403,540,403,0.222096,0.019859,0.239126,0.167207,1.507842,0.107264,0.9288,0.1473,0.5445,0.5862,0.1586
scircuit,170998,958936,8,0.05,17,jump,rotate,400,256,1472.3,2342,1460,3376,1855,1.8199,4.2843442093031307e-16,403,403,1979,403,0.180099,0.016437,0.235787,0.161035,1.429626,0.101047,0.7638,0.126,0.424,0.5552,0.1649
scircuit,170998,958936,8,0.05,18,jump,rotate,400,256,1441.3,1478,1448,1869,774,2.4147,2.4997349521231137e-16,403,403,1544,403,0.178558,0.016197,0.234407,0.162719,1.415743,0.099844,0.7617,0.1261,0.417,0.5474,0.1656
scircuit,170998,958936,8,0.05,19,jump,rotate,400,256,1564.3,3140,1814,6769,3169,2.136,1.3134094301781195e-16,403,403,1229,403,0.187917,0.017021,0.239113,0.169259,1.452428,0.10258,0.7859,0.1294,0.4305,0.5477,0.1646
scircuit,170998,958936,8,0.05,20,jump,rotate,400,256,1426.9,1401,1412,1820,772,2.3575,2.0309036064898926e-16,403,403,950,403,0.17946,0.016246,0.23345,0.166092,1.39211,0.099607,0.7687,0.1289,0.4166,0.5419,0.1677
scircuit,170998,958936,8,0.05,21,jump,rotate,400,256,1531.3,3278,1576,5460,3198,1.7073,3.648268111842335e-16,403,403,733,403,0.184807,0.016608,0.234798,0.169232,1.423091,0.101502,0.7871,0.1299,0.4279,0.5436,0.165
scircuit,170998,958936,8,0.25,17,jump,rotate,400,256,1449.3,2342,1532,3376,1855,1.8199,4.2843442093031307e-16,403,403,1883,403,0.180034,0.016377,0.246383,0.173661,1.425896,0.103464,0.7307,0.1263,0.3891,0.5325,0.1728
scircuit,170998,958936,8,0.25,18,jump,rotate,400,256,1427.8,1478,1498,1869,774,2.4147,2.4997349521231137e-16,403,403,622,403,0.178257,0.016104,0.235968,0.173303,1.404211,0.102525,0.7554,0.1269,0.4007,0.5304,0.168
scircuit,170998,958936,8,0.25,19,jump,rotate,400,256,1454.3,3140,1400,6769,3169,2.136,1.3134094301781195e-16,403,403,160,403,0.180919,0.016152,0.232367,0.174397,1.418193,0.10288,0.7786,0.1276,0.4202,0.5397,0.1638
scircuit,170998,958936,8,0.25,20,jump,rotate,400,256,1429.0,1401,1490,1820,772,2.3575,2.0309036064898926e-16,403,403,50,403,0.179914,0.016216,0.230568,0.173619,1.39715,0.101675,0.7803,0.1288,0.424,0.5434,0.165
scircuit,170998,958936,8,0.25,21,jump,rotate,400,256,1452.3,3278,1385,5460,3198,1.7073,3.648268111842335e-16,403,403,14,403,0.182016,0.016426,0.231058,0.174327,1.410323,0.102663,0.7878,0.1291,0.4244,0.5388,0.1638
bcspwr09,1723,6511,8,0.0,17,drift,rotate,400,256,1066,1066,1066,3703,1518,2.4394,3.551967130995223e-16,1,1,127,1,0.00566,0.002659,0.043391,0.034214,0.038718,0.030071,0.1304,0.1462,0.1591,1.2197,1.1207
bcspwr09,1723,6511,8,0.0,18,drift,rotate,400,256,1032,1032,1032,3668,1551,2.3649,3.6354544482329214e-16,1,1,61,1,0.005694,0.0027,0.042991,0.034068,0.039068,0.030513,0.1324,0.1457,0.1697,1.2814,1.1004
bcspwr09,1723,6511,8,0.0,19,drift,rotate,400,256,1023,1023,1023,3317,1501,2.2099,1.884101281089986e-16,1,1,9,1,0.005665,0.002619,0.040961,0.032165,0.036908,0.028489,0.1383,0.1535,0.1713,1.2389,1.1098
bcspwr09,1723,6511,8,0.0,20,drift,rotate,400,256,1027,1027,1027,3759,1539,2.4425,1.9149870381932085e-16,1,1,3,1,0.005718,0.002697,0.043577,0.034596,0.03924,0.030547,0.1312,0.1457,0.1645,1.2537,1.1105
bcspwr09,1723,6511,8,0.0,21,drift,rotate,400,256,1099,1099,1099,3633,1535,2.3668,3.6280981257362297e-16,1,1,8,1,0.005884,0.002899,0.042205,0.033272,0.037892,0.029404,0.1394,0.1553,0.1733,1.2433,1.1138
bcspwr09,1723,6511,8,0.002,17,drift,rotate,400,256,1051.3,1066,1056,3703,1518,2.4394,3.35570736004796e-16,396,180,1,180,0.098416,0.005286,0.062015,0.04259,0.274115,0.035826,1.587,0.359,1.4689,0.9256,0.2262
bcspwr09,1723,6511,8,0.002,18,drift,rotate,400,256,1036.5,1032,1025,3668,1551,2.3649,1.9279349701391987e-16,399,193,0,193,0.098673,0.005587,0.062013,0.042354,0.288526,0.035832,1.5912,0.342,1.457,0.9157,0.2149
bcspwr09,1723,6511,8,0.002,19,drift,rotate,400,256,1017.2,1023,1036,3317,1501,2.2099,2.1130658565022338e-16,395,147,0,147,0.094124,0.005166,0.058658,0.040531,0.211803,0.034919,1.6046,0.4444,1.5512,0.9667,0.2769
bcspwr09,1723,6511,8,0.002,20,drift,rotate,400,256,1028.1,1027,1030,3759,1539,2.4425,3.4040579881381605e-16,390,167,0,167,0.095303,0.004912,0.060607,0.041887,0.250473,0.03566,1.5725,0.3805,1.4799,0.9411,0.242
bcspwr09,1723,6511,8,0.002,21,drift,rotate,400,256,1062.2,1099,1052,3633,1535,2.3668,3.6280981257362297e-16,399,182,2,182,0.101252,0.005992,0.060243,0.041157,0.259265,0.035565,1.6807,0.3905,1.5356,0.9137,0.2324
bcspwr09,1723,6511,8,0.01,17,drift,rotate,400,256,1078.4,1066,1084,3703,1518,2.4394,3.35570736004796e-16,403,332,0,332,0.102798,0.005913,0.067761,0.043669,0.483189,0.036598,1.5171,0.2127,1.1904,0.7847,0.1402
bcspwr09,1723,6511,8,0.01,18,drift,rotate,400,256,1059.8,1032,1092,3668,1551,2.3649,2.039073878665716e-16,403,334,1,334,0.101769,0.005968,0.067163,0.043147,0.468598,0.036393,1.5153,0.2172,1.1959,0.7893,0.1433
bcspwr09,1723,6511,8,0.01,19,drift,rotate,400,256,1041.2,1023,1022,3317,1501,2.2099,3.5883071094422763e-16,403,331,0,331,0.099299,0.005743,0.065831,0.042093,0.443879,0.036124,1.5084,0.2237,1.1787,0.7814,0.1483
bcspwr09,1723,6511,8,0.01,20,drift,rotate,400,256,1091.1,1027,1131,3759,1539,2.4425,2.3136616175384827e-16,403,334,1,334,0.105088,0.006368,0.067369,0.043448,0.478134,0.036499,1.5599,0.2198,1.2259,0.7859,0.1409
bcspwr09,1723,6511,8,0.01,21,drift,rotate,400,256,1112.5,1099,1134,3633,1535,2.3668,3.6280981257362297e-16,403,329,0,329,0.106208,0.006497,0.066368,0.042841,0.460418,0.036467,1.6003,0.2307,1.2611,0.788,0.1441
bcspwr09,1723,6511,8,0.05,17,drift,rotate,400,256,1152.2,1066,1165,3703,1518,2.4394,3.35570736004796e-16,403,402,0,402,0.110398,0.006909,0.069258,0.043847,0.574687,0.036788,1.594,0.1921,1.1687,0.7332,0.1205
bcspwr09,1723,6511,8,0.05,18,drift,rotate,400,256,1124.0,1032,1155,3668,1551,2.3649,3.358716985239471e-16,403,403,0,403,0.108739,0.006866,0.06886,0.043444,0.564843,0.036527,1.5791,0.1925,1.1581,0.7334,0.1219
bcspwr09,1723,6511,8,0.05,19,drift,rotate,400,256,1105.8,1023,1156,3317,1501,2.2099,1.8948475437752135e-16,403,403,0,403,0.105539,0.006393,0.069159,0.043324,0.56672,0.036996,1.526,0.1862,1.117,0.732,0.122
bcspwr09,1723,6511,8,0.05,20,drift,rotate,400,256,1147.2,1027,1167,3759,1539,2.4425,1.9860343019817422e-16,403,403,0,403,0.110001,0.00685,0.069738,0.044069,0.578588,0.037103,1.5773,0.1901,1.1532,0.7311,0.1205
bcspwr09,1723,6511,8,0.05,21,drift,rotate,400,256,1153.8,1099,1189,3633,1535,2.3668,3.6280981257362297e-16,403,403,0,403,0.111389,0.00705,0.070107,0.044276,0.58981,0.03679,1.5888,0.1889,1.1653,0.7334,0.1189
bcspwr09,1723,6511,8,0.25,17,drift,rotate,400,256,1174.7,1066,1154,3703,1518,2.4394,3.35570736004796e-16,403,403,0,403,0.113107,0.007097,0.069856,0.043956,0.578936,0.037011,1.6191,0.1954,1.1682,0.7215,0.1207
bcspwr09,1723,6511,8,0.25,18,drift,rotate,400,256,1166.4,1032,1218,3668,1551,2.3649,3.128282352648402e-16,403,403,0,403,0.114597,0.007198,0.070603,0.044284,0.58256,0.036903,1.6231,0.1967,1.1567,0.7127,0.1212
bcspwr09,1723,6511,8,0.25,19,drift,rotate,400,256,1176.4,1023,1201,3317,1501,2.2099,2.0932070246044318e-16,403,403,0,403,0.112632,0.007048,0.069411,0.043621,0.569084,0.036858,1.6227,0.1979,1.1789,0.7265,0.122
bcspwr09,1723,6511,8,0.25,20,drift,rotate,400,256,1183.0,1027,1171,3759,1539,2.4425,2.133439275143642e-16,403,403,0,403,0.113695,0.007151,0.069649,0.043831,0.578491,0.036814,1.6324,0.1965,1.1883,0.7279,0.1204
bcspwr09,1723,6511,8,0.25,21,drift,rotate,400,256,1167.6,1099,1213,3633,1535,2.3668,3.6280981257362297e-16,403,403,0,403,0.112127,0.007062,0.070434,0.044349,0.58911,0.036902,1.5919,0.1903,1.1609,0.7292,0.1196
bcspwr09,1723,6511,8,0.0,17,jump,rotate,400,256,1066,1066,1066,3703,1518,2.4394,3.551967130995223e-16,1,1,0,1,0.0057,0.002671,0.043158,0.03423,0.038579,0.030046,0.1321,0.1477,0.1651,1.25,1.1187
bcspwr09,1723,6511,8,0.0,18,jump,rotate,400,256,1032,1032,1032,3668,1551,2.3649,3.6354544482329214e-16,1,1,0,1,0.005716,0.002734,0.043662,0.034716,0.038995,0.030391,0.1309,0.1466,0.1608,1.228,1.1197
bcspwr09,1723,6511,8,0.0,19,jump,rotate,400,256,1023,1023,1023,3317,1501,2.2099,1.884101281089986e-16,1,1,0,1,0.0057,0.002731,0.040352,0.031633,0.036849,0.028487,0.1413,0.1547,0.1807,1.2794,1.0951
bcspwr09,1723,6511,8,0.0,20,jump,rotate,400,256,1027,1027,1027,3759,1539,2.4425,1.9149870381932085e-16,1,1,0,1,0.00578,0.002735,0.043868,0.034951,0.039309,0.030727,0.1318,0.147,0.1598,1.2127,1.116
bcspwr09,1723,6511,8,0.0,21,jump,rotate,400,256,1099,1099,1099,3633,1535,2.3668,3.6280981257362297e-16,1,1,0,1,0.00602,0.003037,0.042303,0.033463,0.037857,0.029363,0.1423,0.159,0.18,1.2648,1.1174
bcspwr09,1723,6511,8,0.002,17,jump,rotate,400,256,1028.2,1066,1014,3703,1518,2.4394,3.35570736004796e-16,403,226,0,226,0.103823,0.006316,0.065708,0.044396,0.345006,0.037237,1.5801,0.3009,1.3583,0.8597,0.1905
bcspwr09,1723,6511,8,0.002,18,jump,rotate,400,256,995.4,1032,980,3668,1551,2.3649,2.2081643739275193e-16,403,207,0,207,0.102197,0.006198,0.066077,0.04526,0.32942,0.037991,1.5466,0.3102,1.3807,0.8927,0.2006
bcspwr09,1723,6511,8,0.002,19,jump,rotate,400,256,961.9,1023,939,3317,1501,2.2099,2.0161224334643602e-16,403,248,0,248,0.099411,0.006076,0.067731,0.045639,0.394288,0.03805,1.4677,0.2521,1.2386,0.8439,0.1718
bcspwr09,1723,6511,8,0.002,20,jump,rotate,400,256,978.0,1027,982,3759,1539,2.4425,2.1606121433945034e-16,403,237,0,237,0.1008,0.006107,0.066974,0.045368,0.368441,0.037519,1.5051,0.2736,1.3003,0.8639,0.1818
bcspwr09,1723,6511,8,0.002,21,jump,rotate,400,256,1026.8,1099,992,3633,1535,2.3668,3.6280981257362297e-16,403,224,0,224,0.104626,0.006409,0.067043,0.045564,0.357253,0.037563,1.5606,0.2929,1.3641,0.8741,0.1877
bcspwr09,1723,6511,8,0.01,17,jump,rotate,400,256,990.2,1066,942,3703,1518,2.4394,3.35570736004796e-16,403,364,0,364,0.102061,0.006031,0.071016,0.045867,0.561207,0.038334,1.4372,0.1819,1.0768,0.7493,0.1265
bcspwr09,1723,6511,8,0.01,18,jump,rotate,400,256,970.3,1032,976,3668,1551,2.3649,1.9523223404417386e-16,403,368,0,368,0.100676,0.005933,0.07228,0.047009,0.587849,0.039136,1.3929,0.1713,1.0461,0.751,0.123
bcspwr09,1723,6511,8,0.01,19,jump,rotate,400,256,986.0,1023,1025,3317,1501,2.2099,1.5331133762997147e-16,403,364,0,364,0.101135,0.006014,0.071546,0.046404,0.568091,0.038751,1.4136,0.178,1.0628,0.7519,0.1259
bcspwr09,1723,6511,8,0.01,20,jump,rotate,400,256,1003.0,1027,1013,3759,1539,2.4425,1.9149870381932085e-16,403,370,0,370,0.102754,0.006155,0.072476,0.046817,0.585092,0.038926,1.4178,0.1756,1.0645,0.7508,0.1239
bcspwr09,1723,6511,8,0.01,21,jump,rotate,400,256,982.0,1099,942,3633,1535,2.3668,3.6280981257362297e-16,403,363,0,363,0.101011,0.006082,0.071747,0.046573,0.568242,0.038777,1.4079,0.1778,1.0661,0.7572,0.1263
bcspwr09,1723,6511,8,0.05,17,jump,rotate,400,256,984.2,1066,922,3703,1518,2.4394,3.35570736004796e-16,403,403,0,403,0.101508,0.005907,0.073421,0.047172,0.639737,0.039749,1.3825,0.1587,1.0027,0.7253,0.1148
bcspwr09,1723,6511,8,0.05,18,jump,rotate,400,256,973.0,1032,992,3668,1551,2.3649,1.9279349701391987e-16,403,403,0,403,0.100346,0.005847,0.072945,0.046814,0.637156,0.039437,1.3756,0.1575,0.9966,0.7244,0.1145
bcspwr09,1723,6511,8,0.05,19,jump,rotate,400,256,965.6,1023,970,3317,1501,2.2099,1.5331133762997147e-16,403,403,0,403,0.100049,0.00577,0.073358,0.04712,0.63887,0.039701,1.3638,0.1566,0.9899,0.7258,0.1148
bcspwr09,1723,6511,8,0.05,20,jump,rotate,400,256,966.3,1027,962,3759,1539,2.4425,2.0983588415144197e-16,403,403,0,403,0.099543,0.005838,0.07245,0.046574,0.625908,0.039086,1.374,0.159,0.9972,0.7258,0.1158
bcspwr09,1723,6511,8,0.05,21,jump,rotate,400,256,988.8,1099,994,3633,1535,2.3668,3.6280981257362297e-16,403,403,0,403,0.101134,0.005988,0.072668,0.046814,0.638274,0.039761,1.3917,0.1584,1.0117,0.7269,0.1139
bcspwr09,1723,6511,8,0.25,17,jump,rotate,400,256,965.7,1066,982,3703,1518,2.4394,3.35570736004796e-16,403,403,0,403,0.099557,0.005806,0.072706,0.047064,0.636713,0.039742,1.3693,0.1564,0.9903,0.7232,0.1142
bcspwr09,1723,6511,8,0.25,18,jump,rotate,400,256,966.4,1032,972,3668,1551,2.3649,2.006059706071155e-16,403,403,0,403,0.09957,0.005782,0.072552,0.046864,0.635639,0.039572,1.3724,0.1566,0.9911,0.7221,0.1141
bcspwr09,1723,6511,8,0.25,19,jump,rotate,400,256,966.9,1023,956,3317,1501,2.2099,2.1146681895142446e-16,403,403,0,403,0.099593,0.0058,0.072331,0.046656,0.637775,0.039905,1.3769,0.1562,0.9902,0.7191,0.1134
bcspwr09,1723,6511,8,0.25,20,jump,rotate,400,256,966.8,1027,968,3759,1539,2.4425,1.9149870381932085e-16,403,403,0,403,0.099331,0.00581,0.071983,0.046523,0.635309,0.039525,1.3799,0.1564,0.9905,0.7178,0.1133
bcspwr09,1723,6511,8,0.25,21,jump,rotate,400,256,969.1,1099,993,3633,1535,2.3668,3.6280981257362297e-16,403,403,0,403,0.100156,0.005833,0.07269,0.046885,0.639152,0.039629,1.3779,0.1567,0.9908,0.7191,0.1137
bcspwr10,5300,21842,8,0.0,17,drift,rotate,400,256,1101,1101,1101,6298,3622,1.7388,2.0113041419642553e-16,1,1,190,1,0.006894,0.003152,0.06003,0.050119,0.060793,0.050659,0.1148,0.1134,0.1344,1.1704,0.9874
bcspwr10,5300,21842,8,0.0,18,drift,rotate,400,256,1153,1153,1153,6544,3653,1.7914,2.7543140383968946e-16,1,1,113,1,0.007056,0.003312,0.059474,0.049502,0.060767,0.051078,0.1186,0.1161,0.1375,1.1591,0.9787
bcspwr10,5300,21842,8,0.0,19,drift,rotate,400,256,1129,1129,1129,5871,3393,1.7303,2.3917413512454545e-16,1,1,92,1,0.006642,0.003115,0.053552,0.044038,0.055135,0.045911,0.124,0.1205,0.1431,1.1539,0.9713
bcspwr10,5300,21842,8,0.0,20,drift,rotate,400,256,1112,1112,1112,5262,3187,1.6511,2.3012622614249477e-16,1,1,67,1,0.006503,0.003021,0.05066,0.041108,0.050391,0.041245,0.1284,0.1291,0.146,1.1373,1.0053
bcspwr10,5300,21842,8,0.0,21,drift,rotate,400,256,1040,1040,1040,5602,3363,1.6658,1.8999306173348077e-16,1,1,65,1,0.006545,0.003002,0.054066,0.044506,0.054787,0.04554,0.1211,0.1195,0.1419,1.1726,0.9868
bcspwr10,5300,21842,8,0.002,17,drift,rotate,400,256,1101.8,1101,1095,6298,3622,1.7388,1.7999520773772959e-16,395,338,15,338,0.106512,0.006037,0.079947,0.054207,0.83051,0.055483,1.3323,0.1282,0.9631,0.7229,0.0963
bcspwr10,5300,21842,8,0.002,18,drift,rotate,400,256,1131.9,1153,1134,6544,3653,1.7914,1.979753568526526e-16,396,346,13,346,0.108017,0.006266,0.081312,0.055344,0.882971,0.05716,1.3284,0.1223,0.9432,0.71,0.0921
bcspwr10,5300,21842,8,0.002,19,drift,rotate,400,256,1121.1,1129,1120,5871,3393,1.7303,1.9326974719432868e-16,397,290,16,290,0.107486,0.005873,0.075506,0.051132,0.661471,0.053306,1.4235,0.1625,1.0807,0.7592,0.1141
bcspwr10,5300,21842,8,0.002,20,drift,rotate,400,256,1106.0,1112,1096,5262,3187,1.6511,2.1354935181672086e-16,394,284,12,284,0.104899,0.005741,0.071619,0.048076,0.569565,0.050677,1.4647,0.1842,1.1069,0.7557,0.1257
bcspwr10,5300,21842,8,0.002,21,drift,rotate,400,256,1034.3,1040,1045,5602,3363,1.6658,1.8695560260002038e-16,399,326,13,326,0.10211,0.005919,0.076807,0.051494,0.711344,0.052995,1.3294,0.1435,0.971,0.7303,0.108
bcspwr10,5300,21842,8,0.01,17,drift,rotate,400,256,1130.0,1101,1138,6298,3622,1.7388,1.680529624484628e-16,403,397,13,397,0.11661,0.007156,0.087338,0.058657,0.987043,0.057712,1.3352,0.1181,0.8661,0.6487,0.0885
bcspwr10,5300,21842,8,0.01,18,drift,rotate,400,256,1166.1,1153,1205,6544,3653,1.7914,1.9968920458897528e-16,403,401,9,401,0.114013,0.006972,0.083963,0.056955,1.035459,0.057846,1.3579,0.1101,0.9024,0.6645,0.0811
bcspwr10,5300,21842,8,0.01,19,drift,rotate,400,256,1135.5,1129,1128,5871,3393,1.7303,1.9311060690057195e-16,403,399,10,399,0.111623,0.006652,0.080238,0.053192,0.922965,0.054781,1.3911,0.1209,0.9339,0.6713,0.0869
bcspwr10,5300,21842,8,0.01,20,drift,rotate,400,256,1126.2,1112,1144,5262,3187,1.6511,2.09295641734535e-16,403,396,5,396,0.11121,0.006678,0.077833,0.05078,0.838917,0.052306,1.4288,0.1326,0.9585,0.6708,0.0928
bcspwr10,5300,21842,8,0.01,21,drift,rotate,400,256,1074.9,1040,1103,5602,3363,1.6658,2.2509615608514957e-16,403,402,2,402,0.10726,0.006476,0.081359,0.054262,0.947168,0.05571,1.3184,0.1132,0.8824,0.6693,0.0859
bcspwr10,5300,21842,8,0.05,17,drift,rotate,400,256,1164.9,1101,1180,6298,3622,1.7388,1.9281570752223982e-16,403,403,0,403,0.115882,0.007471,0.083648,0.056952,1.01112,0.057247,1.3854,0.1146,0.9072,0.6549,0.0827
bcspwr10,5300,21842,8,0.05,18,drift,rotate,400,256,1208.1,1153,1262,6544,3653,1.7914,1.9792865142283754e-16,403,403,3,403,0.118768,0.007693,0.085471,0.058336,1.060125,0.058258,1.3896,0.112,0.9084,0.6538,0.0806
bcspwr10,5300,21842,8,0.05,19,drift,rotate,400,256,1191.6,1129,1199,5871,3393,1.7303,1.9311060690057195e-16,403,403,2,403,0.116268,0.00736,0.082801,0.056034,1.0014,0.05694,1.4042,0.1161,0.913,0.6502,0.0827
bcspwr10,5300,21842,8,0.05,20,drift,rotate,400,256,1175.3,1112,1217,5262,3187,1.6511,1.8168758490972973e-16,403,403,1,403,0.116454,0.007393,0.081867,0.054889,0.959946,0.055389,1.4225,0.1213,0.9405,0.6612,0.0853
bcspwr10,5300,21842,8,0.05,21,drift,rotate,400,256,1139.0,1040,1196,5602,3363,1.6658,2.0927256062113153e-16,403,403,0,403,0.113558,0.00729,0.083179,0.056118,0.995999,0.056867,1.3652,0.114,0.8945,0.6552,0.0835
bcspwr10,5300,21842,8,0.25,17,drift,rotate,400,256,1234.0,1101,1258,6298,3622,1.7388,2.3639387285567285e-16,403,403,0,403,0.122309,0.007932,0.086594,0.059412,1.055434,0.058503,1.4124,0.1159,0.9058,0.6413,0.082
bcspwr10,5300,21842,8,0.25,18,drift,rotate,400,256,1290.1,1153,1309,6544,3653,1.7914,2.008471001747218e-16,403,403,0,403,0.124823,0.007871,0.085704,0.058539,1.064379,0.058186,1.4564,0.1173,0.9496,0.652,0.0805
bcspwr10,5300,21842,8,0.25,19,drift,rotate,400,256,1189.8,1129,1186,5871,3393,1.7303,2.3251858746242215e-16,403,403,0,403,0.117762,0.007471,0.08432,0.057039,1.010821,0.056717,1.3966,0.1165,0.9119,0.6529,0.0834
bcspwr10,5300,21842,8,0.25,20,drift,rotate,400,256,1227.9,1112,1181,5262,3187,1.6511,1.8713481382509393e-16,403,403,0,403,0.120389,0.007721,0.08516,0.058012,1.044699,0.057541,1.4137,0.1152,0.9186,0.6498,0.0815
bcspwr10,5300,21842,8,0.25,21,drift,rotate,400,256,1176.0,1040,1258,5602,3363,1.6658,2.9355599642956383e-16,403,403,0,403,0.117505,0.00759,0.084788,0.057636,1.019477,0.057238,1.3859,0.1153,0.9003,0.6496,0.0832
bcspwr10,5300,21842,8,0.0,17,jump,rotate,400,256,1101,1101,1101,6298,3622,1.7388,2.0113041419642553e-16,1,1,0,1,0.006697,0.00313,0.057198,0.047626,0.058621,0.049148,0.1171,0.1142,0.134,1.1444,0.9757
bcspwr10,5300,21842,8,0.0,18,jump,rotate,400,256,1153,1153,1153,6544,3653,1.7914,2.7543140383968946e-16,1,1,0,1,0.006831,0.003291,0.058429,0.048855,0.060663,0.051322,0.1169,0.1126,0.1353,1.1577,0.9632
bcspwr10,5300,21842,8,0.0,19,jump,rotate,400,256,1129,1129,1129,5871,3393,1.7303,2.3917413512454545e-16,1,1,0,1,0.00664,0.00315,0.053248,0.04373,0.05501,0.045797,0.1247,0.1207,0.1436,1.1514,0.968
bcspwr10,5300,21842,8,0.0,20,jump,rotate,400,256,1112,1112,1112,5262,3187,1.6511,2.3012622614249477e-16,1,1,0,1,0.006503,0.003014,0.050615,0.041154,0.050542,0.041446,0.1285,0.1287,0.1463,1.1383,1.0014
bcspwr10,5300,21842,8,0.0,21,jump,rotate,400,256,1040,1040,1040,5602,3363,1.6658,1.8999306173348077e-16,1,1,0,1,0.006456,0.002977,0.053873,0.044299,0.055029,0.045689,0.1198,0.1173,0.1403,1.1704,0.979
bcspwr10,5300,21842,8,0.002,17,jump,rotate,400,256,1084.4,1101,1080,6298,3622,1.7388,1.6121952353158155e-16,403,357,0,357,0.110515,0.006529,0.085785,0.058931,0.948926,0.058651,1.2883,0.1165,0.8808,0.6837,0.0904
bcspwr10,5300,21842,8,0.002,18,jump,rotate,400,256,1088.4,1153,1080,6544,3653,1.7914,1.1503232596953189e-16,403,356,0,356,0.110955,0.006668,0.086351,0.059544,0.963603,0.059267,1.2849,0.1151,0.8741,0.6803,0.0896
bcspwr10,5300,21842,8,0.002,19,jump,rotate,400,256,1099.8,1129,1078,5871,3393,1.7303,2.0707855085391767e-16,403,366,0,366,0.11147,0.006661,0.083839,0.05665,0.927439,0.057472,1.3296,0.1202,0.8945,0.6728,0.0904
bcspwr10,5300,21842,8,0.002,20,jump,rotate,400,256,1064.1,1112,1062,5262,3187,1.6511,1.6582589886389344e-16,403,368,0,368,0.109449,0.006454,0.083118,0.056011,0.883963,0.055999,1.3168,0.1238,0.8821,0.6699,0.094
bcspwr10,5300,21842,8,0.002,21,jump,rotate,400,256,1053.0,1040,1064,5602,3363,1.6658,2.1101657947030995e-16,403,358,0,358,0.108658,0.006483,0.084005,0.057065,0.894051,0.057241,1.2935,0.1215,0.8812,0.6813,0.094
bcspwr10,5300,21842,8,0.01,17,jump,rotate,400,256,1083.3,1101,1041,6298,3622,1.7388,1.331009655235152e-16,403,402,0,402,0.110233,0.006083,0.088419,0.060876,1.093273,0.059933,1.2467,0.1008,0.8062,0.6466,0.0809
bcspwr10,5300,21842,8,0.01,18,jump,rotate,400,256,1068.3,1153,1058,6544,3653,1.7914,1.2830607103811036e-16,403,403,0,403,0.109878,0.006071,0.088886,0.061227,1.102787,0.060274,1.2362,0.0996,0.7783,0.6296,0.0806
bcspwr10,5300,21842,8,0.01,19,jump,rotate,400,256,1085.1,1129,1060,5871,3393,1.7303,1.9311060690057195e-16,403,402,0,402,0.110336,0.006111,0.08719,0.059486,1.064931,0.058778,1.2655,0.1036,0.8163,0.645,0.0819
bcspwr10,5300,21842,8,0.01,20,jump,rotate,400,256,1083.2,1112,1073,5262,3187,1.6511,1.6927191258175053e-16,403,400,0,400,0.110038,0.006216,0.086643,0.05897,1.043343,0.058268,1.27,0.1055,0.818,0.6441,0.083
bcspwr10,5300,21842,8,0.01,21,jump,rotate,400,256,1040.3,1040,1035,5602,3363,1.6658,1.8695560260002038e-16,403,402,0,402,0.106838,0.005888,0.087121,0.059435,1.053886,0.058756,1.2263,0.1014,0.7913,0.6453,0.0827
bcspwr10,5300,21842,8,0.05,17,jump,rotate,400,256,1072.0,1101,1044,6298,3622,1.7388,1.331009655235152e-16,403,403,0,403,0.109577,0.005863,0.087971,0.06105,1.076648,0.059227,1.2456,0.1018,0.7868,0.6317,0.0817
bcspwr10,5300,21842,8,0.05,18,jump,rotate,400,256,1060.5,1153,1070,6544,3653,1.7914,1.7697834969339974e-16,403,403,0,403,0.108701,0.005863,0.087976,0.0609,1.080358,0.059366,1.2356,0.1006,0.7792,0.6306,0.0814
bcspwr10,5300,21842,8,0.05,19,jump,rotate,400,256,1055.2,1129,1066,5871,3393,1.7303,1.9311060690057195e-16,403,403,0,403,0.108125,0.005685,0.087429,0.06056,1.072094,0.059343,1.2367,0.1009,0.7777,0.6289,0.0815
bcspwr10,5300,21842,8,0.05,20,jump,rotate,400,256,1052.7,1112,1074,5262,3187,1.6511,1.551089986469685e-16,403,403,0,403,0.108108,0.005784,0.08792,0.060899,1.068099,0.059308,1.2296,0.1012,0.7792,0.6337,0.0823
bcspwr10,5300,21842,8,0.05,21,jump,rotate,400,256,1067.1,1040,1048,5602,3363,1.6658,1.8695560260002038e-16,403,403,0,403,0.109123,0.00589,0.08814,0.061276,1.08904,0.059556,1.2381,0.1002,0.7825,0.632,0.0809
bcspwr10,5300,21842,8,0.25,17,jump,rotate,400,256,1050.9,1101,1052,6298,3622,1.7388,2.1756120191113903e-16,403,403,0,403,0.107936,0.005678,0.089514,0.062775,1.080837,0.059446,1.2058,0.0999,0.7624,0.6323,0.0828
bcspwr10,5300,21842,8,0.25,18,jump,rotate,400,256,1056.3,1153,1068,6544,3653,1.7914,1.0748584433727372e-16,403,403,0,403,0.108341,0.005748,0.089063,0.062505,1.085471,0.059536,1.2165,0.0998,0.7677,0.6311,0.0821
bcspwr10,5300,21842,8,0.25,19,jump,rotate,400,256,1052.1,1129,1022,5871,3393,1.7303,1.9311060690057195e-16,403,403,0,403,0.108067,0.0057,0.089526,0.062681,1.080904,0.059458,1.2071,0.1,0.7634,0.6324,0.0828
bcspwr10,5300,21842,8,0.25,20,jump,rotate,400,256,1055.3,1112,1064,5262,3187,1.6511,1.551089986469685e-16,403,403,0,403,0.108594,0.005768,0.089327,0.062858,1.086688,0.059724,1.2157,0.0999,0.7626,0.6273,0.0822
bcspwr10,5300,21842,8,0.25,21,jump,rotate,400,256,1058.2,1040,1074,5602,3363,1.6658,1.8695560260002038e-16,403,403,0,403,0.108791,0.005802,0.089596,0.062733,1.090806,0.059766,1.2142,0.0997,0.7649,0.6299,0.0821
