matrix,N,nnz,B,rho,seed,churn_model,churn_alpha,steps,step,is_last,dirty_cols,rows_merged,rows_per_block,rows_patchable,merge
TSOPF_RS_b39_c30,60098,1079986,8,0.0,17,drift,0.5,200,0,False,256,30502,62106,,2.0361
TSOPF_RS_b39_c30,60098,1079986,8,0.0,17,drift,0.5,200,25,False,256,30502,62106,,2.0361
TSOPF_RS_b39_c30,60098,1079986,8,0.0,17,drift,0.5,200,50,False,256,30502,62106,,2.0361
TSOPF_RS_b39_c30,60098,1079986,8,0.0,17,drift,0.5,200,75,False,256,30502,62106,,2.0361
TSOPF_RS_b39_c30,60098,1079986,8,0.0,17,drift,0.5,200,100,False,256,30502,62106,,2.0361
TSOPF_RS_b39_c30,60098,1079986,8,0.0,17,drift,0.5,200,125,False,256,30502,62106,,2.0361
TSOPF_RS_b39_c30,60098,1079986,8,0.0,17,drift,0.5,200,150,False,256,30502,62106,,2.0361
TSOPF_RS_b39_c30,60098,1079986,8,0.0,17,drift,0.5,200,175,False,256,30502,62106,,2.0361
TSOPF_RS_b39_c30,60098,1079986,8,0.0,17,drift,0.5,200,199,True,256,30502,62106,30502,2.0361
TSOPF_RS_b39_c30,60098,1079986,8,0.0,18,drift,0.5,200,0,False,256,30502,62106,,2.0361
TSOPF_RS_b39_c30,60098,1079986,8,0.0,18,drift,0.5,200,25,False,256,30502,62106,,2.0361
TSOPF_RS_b39_c30,60098,1079986,8,0.0,18,drift,0.5,200,50,False,256,30502,62106,,2.0361
TSOPF_RS_b39_c30,60098,1079986,8,0.0,18,drift,0.5,200,75,False,256,30502,62106,,2.0361
TSOPF_RS_b39_c30,60098,1079986,8,0.0,18,drift,0.5,200,100,False,256,30502,62106,,2.0361
TSOPF_RS_b39_c30,60098,1079986,8,0.0,18,drift,0.5,200,125,False,256,30502,62106,,2.0361
TSOPF_RS_b39_c30,60098,1079986,8,0.0,18,drift,0.5,200,150,False,256,30502,62106,,2.0361
TSOPF_RS_b39_c30,60098,1079986,8,0.0,18,drift,0.5,200,175,False,256,30502,62106,,2.0361
TSOPF_RS_b39_c30,60098,1079986,8,0.0,18,drift,0.5,200,199,True,256,30502,62106,30502,2.0361
TSOPF_RS_b39_c30,60098,1079986,8,0.0,19,drift,0.5,200,0,False,256,30494,62028,,2.0341
TSOPF_RS_b39_c30,60098,1079986,8,0.0,19,drift,0.5,200,25,False,256,30494,62028,,2.0341
TSOPF_RS_b39_c30,60098,1079986,8,0.0,19,drift,0.5,200,50,False,256,30494,62028,,2.0341
TSOPF_RS_b39_c30,60098,1079986,8,0.0,19,drift,0.5,200,75,False,256,30494,62028,,2.0341
TSOPF_RS_b39_c30,60098,1079986,8,0.0,19,drift,0.5,200,100,False,256,30494,62028,,2.0341
TSOPF_RS_b39_c30,60098,1079986,8,0.0,19,drift,0.5,200,125,False,256,30494,62028,,2.0341
TSOPF_RS_b39_c30,60098,1079986,8,0.0,19,drift,0.5,200,150,False,256,30494,62028,,2.0341
TSOPF_RS_b39_c30,60098,1079986,8,0.0,19,drift,0.5,200,175,False,256,30494,62028,,2.0341
TSOPF_RS_b39_c30,60098,1079986,8,0.0,19,drift,0.5,200,199,True,256,30494,62028,30494,2.0341
TSOPF_RS_b39_c30,60098,1079986,8,0.0,20,drift,0.5,200,0,False,256,30502,62106,,2.0361
TSOPF_RS_b39_c30,60098,1079986,8,0.0,20,drift,0.5,200,25,False,256,30502,62106,,2.0361
TSOPF_RS_b39_c30,60098,1079986,8,0.0,20,drift,0.5,200,50,False,256,30502,62106,,2.0361
TSOPF_RS_b39_c30,60098,1079986,8,0.0,20,drift,0.5,200,75,False,256,30502,62106,,2.0361
TSOPF_RS_b39_c30,60098,1079986,8,0.0,20,drift,0.5,200,100,False,256,30502,62106,,2.0361
TSOPF_RS_b39_c30,60098,1079986,8,0.0,20,drift,0.5,200,125,False,256,30502,62106,,2.0361
TSOPF_RS_b39_c30,60098,1079986,8,0.0,20,drift,0.5,200,150,False,256,30502,62106,,2.0361
TSOPF_RS_b39_c30,60098,1079986,8,0.0,20,drift,0.5,200,175,False,256,30502,62106,,2.0361
TSOPF_RS_b39_c30,60098,1079986,8,0.0,20,drift,0.5,200,199,True,256,30502,62106,30502,2.0361
TSOPF_RS_b39_c30,60098,1079986,8,0.0,21,drift,0.5,200,0,False,138,30428,61516,,2.0217
TSOPF_RS_b39_c30,60098,1079986,8,0.0,21,drift,0.5,200,25,False,138,30428,61516,,2.0217
TSOPF_RS_b39_c30,60098,1079986,8,0.0,21,drift,0.5,200,50,False,138,30428,61516,,2.0217
TSOPF_RS_b39_c30,60098,1079986,8,0.0,21,drift,0.5,200,75,False,138,30428,61516,,2.0217
TSOPF_RS_b39_c30,60098,1079986,8,0.0,21,drift,0.5,200,100,False,138,30428,61516,,2.0217
TSOPF_RS_b39_c30,60098,1079986,8,0.0,21,drift,0.5,200,125,False,138,30428,61516,,2.0217
TSOPF_RS_b39_c30,60098,1079986,8,0.0,21,drift,0.5,200,150,False,138,30428,61516,,2.0217
TSOPF_RS_b39_c30,60098,1079986,8,0.0,21,drift,0.5,200,175,False,138,30428,61516,,2.0217
TSOPF_RS_b39_c30,60098,1079986,8,0.0,21,drift,0.5,200,199,True,138,30428,61516,30428,2.0217
TSOPF_RS_b39_c30,60098,1079986,8,0.002,17,drift,0.5,200,0,False,256,30502,62106,,2.0361
TSOPF_RS_b39_c30,60098,1079986,8,0.002,17,drift,0.5,200,25,False,256,30532,62256,,2.039
TSOPF_RS_b39_c30,60098,1079986,8,0.002,17,drift,0.5,200,50,False,256,30532,62256,,2.039
TSOPF_RS_b39_c30,60098,1079986,8,0.002,17,drift,0.5,200,75,False,256,30526,62256,,2.0394
TSOPF_RS_b39_c30,60098,1079986,8,0.002,17,drift,0.5,200,100,False,256,30534,62302,,2.0404
TSOPF_RS_b39_c30,60098,1079986,8,0.002,17,drift,0.5,200,125,False,256,30526,62256,,2.0394
TSOPF_RS_b39_c30,60098,1079986,8,0.002,17,drift,0.5,200,150,False,256,30526,62288,,2.0405
TSOPF_RS_b39_c30,60098,1079986,8,0.002,17,drift,0.5,200,175,False,256,30534,62334,,2.0415
TSOPF_RS_b39_c30,60098,1079986,8,0.002,17,drift,0.5,200,199,True,256,30534,62334,30534,2.0415
TSOPF_RS_b39_c30,60098,1079986,8,0.002,18,drift,0.5,200,0,False,256,30502,62106,,2.0361
TSOPF_RS_b39_c30,60098,1079986,8,0.002,18,drift,0.5,200,25,False,256,30518,62220,,2.0388
TSOPF_RS_b39_c30,60098,1079986,8,0.002,18,drift,0.5,200,50,False,256,30466,61912,,2.0322
TSOPF_RS_b39_c30,60098,1079986,8,0.002,18,drift,0.5,200,75,False,256,30550,62390,,2.0422
TSOPF_RS_b39_c30,60098,1079986,8,0.002,18,drift,0.5,200,100,False,256,30558,62394,,2.0418
TSOPF_RS_b39_c30,60098,1079986,8,0.002,18,drift,0.5,200,125,False,256,30556,62416,,2.0427
TSOPF_RS_b39_c30,60098,1079986,8,0.002,18,drift,0.5,200,150,False,256,30558,62430,,2.043
TSOPF_RS_b39_c30,60098,1079986,8,0.002,18,drift,0.5,200,175,False,256,30558,62494,,2.0451
TSOPF_RS_b39_c30,60098,1079986,8,0.002,18,drift,0.5,200,199,True,256,30558,62526,30558,2.0461
TSOPF_RS_b39_c30,60098,1079986,8,0.002,19,drift,0.5,200,0,False,256,30494,62028,,2.0341
TSOPF_RS_b39_c30,60098,1079986,8,0.002,19,drift,0.5,200,25,False,256,30518,62188,,2.0377
TSOPF_RS_b39_c30,60098,1079986,8,0.002,19,drift,0.5,200,50,False,256,30518,62252,,2.0398
TSOPF_RS_b39_c30,60098,1079986,8,0.002,19,drift,0.5,200,75,False,256,30526,62266,,2.0398
TSOPF_RS_b39_c30,60098,1079986,8,0.002,19,drift,0.5,200,100,False,256,30526,62266,,2.0398
TSOPF_RS_b39_c30,60098,1079986,8,0.002,19,drift,0.5,200,125,False,256,30534,62334,,2.0415
TSOPF_RS_b39_c30,60098,1079986,8,0.002,19,drift,0.5,200,150,False,256,30548,62380,,2.042
TSOPF_RS_b39_c30,60098,1079986,8,0.002,19,drift,0.5,200,175,False,256,30482,61990,,2.0337
TSOPF_RS_b39_c30,60098,1079986,8,0.002,19,drift,0.5,200,199,True,256,30482,61990,30482,2.0337
TSOPF_RS_b39_c30,60098,1079986,8,0.002,20,drift,0.5,200,0,False,256,30502,62106,,2.0361
TSOPF_RS_b39_c30,60098,1079986,8,0.002,20,drift,0.5,200,25,False,256,30510,62184,,2.0382
TSOPF_RS_b39_c30,60098,1079986,8,0.002,20,drift,0.5,200,50,False,256,30532,62266,,2.0394
TSOPF_RS_b39_c30,60098,1079986,8,0.002,20,drift,0.5,200,75,False,256,30534,62334,,2.0415
TSOPF_RS_b39_c30,60098,1079986,8,0.002,20,drift,0.5,200,100,False,256,30532,62298,,2.0404
TSOPF_RS_b39_c30,60098,1079986,8,0.002,20,drift,0.5,200,125,False,256,30532,62298,,2.0404
TSOPF_RS_b39_c30,60098,1079986,8,0.002,20,drift,0.5,200,150,False,256,30534,62334,,2.0415
TSOPF_RS_b39_c30,60098,1079986,8,0.002,20,drift,0.5,200,175,False,256,30534,62334,,2.0415
TSOPF_RS_b39_c30,60098,1079986,8,0.002,20,drift,0.5,200,199,True,256,30550,62426,30550,2.0434
TSOPF_RS_b39_c30,60098,1079986,8,0.002,21,drift,0.5,200,0,False,138,30428,61516,,2.0217
TSOPF_RS_b39_c30,60098,1079986,8,0.002,21,drift,0.5,200,25,False,138,30428,61516,,2.0217
TSOPF_RS_b39_c30,60098,1079986,8,0.002,21,drift,0.5,200,50,False,138,30428,61516,,2.0217
TSOPF_RS_b39_c30,60098,1079986,8,0.002,21,drift,0.5,200,75,False,138,30428,61516,,2.0217
TSOPF_RS_b39_c30,60098,1079986,8,0.002,21,drift,0.5,200,100,False,138,30428,61516,,2.0217
TSOPF_RS_b39_c30,60098,1079986,8,0.002,21,drift,0.5,200,125,False,138,30428,61516,,2.0217
TSOPF_RS_b39_c30,60098,1079986,8,0.002,21,drift,0.5,200,150,False,138,30428,61516,,2.0217
TSOPF_RS_b39_c30,60098,1079986,8,0.002,21,drift,0.5,200,175,False,138,30428,61516,,2.0217
TSOPF_RS_b39_c30,60098,1079986,8,0.002,21,drift,0.5,200,199,True,138,30428,61516,30428,2.0217
TSOPF_RS_b39_c30,60098,1079986,8,0.01,17,drift,0.5,200,0,False,256,30502,62106,,2.0361
TSOPF_RS_b39_c30,60098,1079986,8,0.01,17,drift,0.5,200,25,False,256,30534,62366,,2.0425
TSOPF_RS_b39_c30,60098,1079986,8,0.01,17,drift,0.5,200,50,False,256,30534,62366,,2.0425
TSOPF_RS_b39_c30,60098,1079986,8,0.01,17,drift,0.5,200,75,False,256,30534,62398,,2.0436
TSOPF_RS_b39_c30,60098,1079986,8,0.01,17,drift,0.5,200,100,False,256,30542,62476,,2.0456
TSOPF_RS_b39_c30,60098,1079986,8,0.01,17,drift,0.5,200,125,False,256,30484,62094,,2.0369
TSOPF_RS_b39_c30,60098,1079986,8,0.01,17,drift,0.5,200,150,False,256,30542,62466,,2.0452
TSOPF_RS_b39_c30,60098,1079986,8,0.01,17,drift,0.5,200,175,False,256,30558,62580,,2.0479
TSOPF_RS_b39_c30,60098,1079986,8,0.01,17,drift,0.5,200,199,True,256,30324,62024,30324,2.0454
TSOPF_RS_b39_c30,60098,1079986,8,0.01,18,drift,0.5,200,0,False,256,30502,62106,,2.0361
TSOPF_RS_b39_c30,60098,1079986,8,0.01,18,drift,0.5,200,25,False,256,30518,62252,,2.0398
TSOPF_RS_b39_c30,60098,1079986,8,0.01,18,drift,0.5,200,50,False,256,30550,62490,,2.0455
TSOPF_RS_b39_c30,60098,1079986,8,0.01,18,drift,0.5,200,75,False,256,30550,62508,,2.0461
TSOPF_RS_b39_c30,60098,1079986,8,0.01,18,drift,0.5,200,100,False,256,30484,62168,,2.0394
TSOPF_RS_b39_c30,60098,1079986,8,0.01,18,drift,0.5,200,125,False,256,30558,62622,,2.0493
TSOPF_RS_b39_c30,60098,1079986,8,0.01,18,drift,0.5,200,150,False,256,30572,62700,,2.0509
TSOPF_RS_b39_c30,60098,1079986,8,0.01,18,drift,0.5,200,175,False,256,30574,62736,,2.0519
TSOPF_RS_b39_c30,60098,1079986,8,0.01,18,drift,0.5,200,199,True,256,30574,62722,30574,2.0515
TSOPF_RS_b39_c30,60098,1079986,8,0.01,19,drift,0.5,200,0,False,256,30494,62028,,2.0341
TSOPF_RS_b39_c30,60098,1079986,8,0.01,19,drift,0.5,200,25,False,256,30518,62206,,2.0383
TSOPF_RS_b39_c30,60098,1079986,8,0.01,19,drift,0.5,200,50,False,256,30526,62298,,2.0408
TSOPF_RS_b39_c30,60098,1079986,8,0.01,19,drift,0.5,200,75,False,256,30476,62048,,2.036
TSOPF_RS_b39_c30,60098,1079986,8,0.01,19,drift,0.5,200,100,False,256,30558,62526,,2.0461
TSOPF_RS_b39_c30,60098,1079986,8,0.01,19,drift,0.5,200,125,False,256,30566,62700,,2.0513
TSOPF_RS_b39_c30,60098,1079986,8,0.01,19,drift,0.5,200,150,False,256,30566,62668,,2.0503
TSOPF_RS_b39_c30,60098,1079986,8,0.01,19,drift,0.5,200,175,False,256,30500,62314,,2.0431
TSOPF_RS_b39_c30,60098,1079986,8,0.01,19,drift,0.5,200,199,True,256,30574,62722,30574,2.0515
TSOPF_RS_b39_c30,60098,1079986,8,0.01,20,drift,0.5,200,0,False,256,30502,62106,,2.0361
TSOPF_RS_b39_c30,60098,1079986,8,0.01,20,drift,0.5,200,25,False,256,30534,62334,,2.0415
TSOPF_RS_b39_c30,60098,1079986,8,0.01,20,drift,0.5,200,50,False,256,30542,62430,,2.0441
TSOPF_RS_b39_c30,60098,1079986,8,0.01,20,drift,0.5,200,75,False,256,30484,62090,,2.0368
TSOPF_RS_b39_c30,60098,1079986,8,0.01,20,drift,0.5,200,100,False,256,30484,62168,,2.0394
TSOPF_RS_b39_c30,60098,1079986,8,0.01,20,drift,0.5,200,125,False,256,30516,62428,,2.0457
TSOPF_RS_b39_c30,60098,1079986,8,0.01,20,drift,0.5,200,150,False,256,30524,62446,,2.0458
TSOPF_RS_b39_c30,60098,1079986,8,0.01,20,drift,0.5,200,175,False,256,30590,62878,,2.0555
TSOPF_RS_b39_c30,60098,1079986,8,0.01,20,drift,0.5,200,199,True,256,30598,62914,30598,2.0561
TSOPF_RS_b39_c30,60098,1079986,8,0.01,21,drift,0.5,200,0,False,138,30428,61516,,2.0217
TSOPF_RS_b39_c30,60098,1079986,8,0.01,21,drift,0.5,200,25,False,138,30428,61516,,2.0217
TSOPF_RS_b39_c30,60098,1079986,8,0.01,21,drift,0.5,200,50,False,138,30428,61516,,2.0217
TSOPF_RS_b39_c30,60098,1079986,8,0.01,21,drift,0.5,200,75,False,138,30428,61516,,2.0217
TSOPF_RS_b39_c30,60098,1079986,8,0.01,21,drift,0.5,200,100,False,138,30428,61516,,2.0217
TSOPF_RS_b39_c30,60098,1079986,8,0.01,21,drift,0.5,200,125,False,138,30428,61516,,2.0217
TSOPF_RS_b39_c30,60098,1079986,8,0.01,21,drift,0.5,200,150,False,138,30428,61516,,2.0217
TSOPF_RS_b39_c30,60098,1079986,8,0.01,21,drift,0.5,200,175,False,138,30428,61516,,2.0217
TSOPF_RS_b39_c30,60098,1079986,8,0.01,21,drift,0.5,200,199,True,138,30428,61516,30428,2.0217
TSOPF_RS_b39_c30,60098,1079986,8,0.05,17,drift,0.5,200,0,False,256,30502,62106,,2.0361
TSOPF_RS_b39_c30,60098,1079986,8,0.05,17,drift,0.5,200,25,False,256,30558,62544,,2.0467
TSOPF_RS_b39_c30,60098,1079986,8,0.05,17,drift,0.5,200,50,False,256,30540,62674,,2.0522
TSOPF_RS_b39_c30,60098,1079986,8,0.05,17,drift,0.5,200,75,False,256,30548,62688,,2.0521
TSOPF_RS_b39_c30,60098,1079986,8,0.05,17,drift,0.5,200,100,False,256,30572,62870,,2.0565
TSOPF_RS_b39_c30,60098,1079986,8,0.05,17,drift,0.5,200,125,False,256,30556,62629,,2.0496
TSOPF_RS_b39_c30,60098,1079986,8,0.05,17,drift,0.5,200,150,False,256,30628,63074,,2.0594
TSOPF_RS_b39_c30,60098,1079986,8,0.05,17,drift,0.5,200,175,False,256,30638,63266,,2.065
TSOPF_RS_b39_c30,60098,1079986,8,0.05,17,drift,0.5,200,199,True,256,30572,62881,30572,2.0568
TSOPF_RS_b39_c30,60098,1079986,8,0.05,18,drift,0.5,200,0,False,256,30502,62106,,2.0361
TSOPF_RS_b39_c30,60098,1079986,8,0.05,18,drift,0.5,200,25,False,256,30574,62736,,2.0519
TSOPF_RS_b39_c30,60098,1079986,8,0.05,18,drift,0.5,200,50,False,256,30620,63074,,2.0599
TSOPF_RS_b39_c30,60098,1079986,8,0.05,18,drift,0.5,200,75,False,256,30404,62728,,2.0631
TSOPF_RS_b39_c30,60098,1079986,8,0.05,18,drift,0.5,200,100,False,256,30654,63298,,2.0649
TSOPF_RS_b39_c30,60098,1079986,8,0.05,18,drift,0.5,200,125,False,256,30348,62438,,2.0574
TSOPF_RS_b39_c30,60098,1079986,8,0.05,18,drift,0.5,200,150,False,256,30372,62411,,2.0549
TSOPF_RS_b39_c30,60098,1079986,8,0.05,18,drift,0.5,200,175,False,256,30612,63125,,2.0621
TSOPF_RS_b39_c30,60098,1079986,8,0.05,18,drift,0.5,200,199,True,256,30628,63182,30628,2.0629
TSOPF_RS_b39_c30,60098,1079986,8,0.05,19,drift,0.5,200,0,False,256,30494,62028,,2.0341
TSOPF_RS_b39_c30,60098,1079986,8,0.05,19,drift,0.5,200,25,False,256,30542,62434,,2.0442
TSOPF_RS_b39_c30,60098,1079986,8,0.05,19,drift,0.5,200,50,False,256,30558,62622,,2.0493
TSOPF_RS_b39_c30,60098,1079986,8,0.05,19,drift,0.5,200,75,False,256,30532,62428,,2.0447
TSOPF_RS_b39_c30,60098,1079986,8,0.05,19,drift,0.5,200,100,False,256,30524,62506,,2.0478
TSOPF_RS_b39_c30,60098,1079986,8,0.05,19,drift,0.5,200,125,False,256,30598,62906,,2.0559
TSOPF_RS_b39_c30,60098,1079986,8,0.05,19,drift,0.5,200,150,False,256,30548,62578,,2.0485
TSOPF_RS_b39_c30,60098,1079986,8,0.05,19,drift,0.5,200,175,False,256,30554,62578,,2.0481
TSOPF_RS_b39_c30,60098,1079986,8,0.05,19,drift,0.5,200,199,True,256,30396,62523,30396,2.0569
TSOPF_RS_b39_c30,60098,1079986,8,0.05,20,drift,0.5,200,0,False,256,30502,62106,,2.0361
TSOPF_RS_b39_c30,60098,1079986,8,0.05,20,drift,0.5,200,25,False,256,30550,62522,,2.0465
TSOPF_RS_b39_c30,60098,1079986,8,0.05,20,drift,0.5,200,50,False,256,30300,62022,,2.0469
TSOPF_RS_b39_c30,60098,1079986,8,0.05,20,drift,0.5,200,75,False,256,30630,63198,,2.0633
TSOPF_RS_b39_c30,60098,1079986,8,0.05,20,drift,0.5,200,100,False,256,30638,63266,,2.065
TSOPF_RS_b39_c30,60098,1079986,8,0.05,20,drift,0.5,200,125,False,256,30572,62848,,2.0557
TSOPF_RS_b39_c30,60098,1079986,8,0.05,20,drift,0.5,200,150,False,256,30580,62924,,2.0577
TSOPF_RS_b39_c30,60098,1079986,8,0.05,20,drift,0.5,200,175,False,256,30662,63363,,2.0665
TSOPF_RS_b39_c30,60098,1079986,8,0.05,20,drift,0.5,200,199,True,256,30662,63380,30662,2.0671
TSOPF_RS_b39_c30,60098,1079986,8,0.05,21,drift,0.5,200,0,False,138,30428,61516,,2.0217
TSOPF_RS_b39_c30,60098,1079986,8,0.05,21,drift,0.5,200,25,False,138,30508,61954,,2.0307
TSOPF_RS_b39_c30,60098,1079986,8,0.05,21,drift,0.5,200,50,False,138,30510,62032,,2.0332
TSOPF_RS_b39_c30,60098,1079986,8,0.05,21,drift,0.5,200,75,False,138,30524,62224,,2.0385
TSOPF_RS_b39_c30,60098,1079986,8,0.05,21,drift,0.5,200,100,False,138,30534,62334,,2.0415
TSOPF_RS_b39_c30,60098,1079986,8,0.05,21,drift,0.5,200,125,False,138,30534,62334,,2.0415
TSOPF_RS_b39_c30,60098,1079986,8,0.05,21,drift,0.5,200,150,False,138,30518,62256,,2.04
TSOPF_RS_b39_c30,60098,1079986,8,0.05,21,drift,0.5,200,175,False,138,30452,61834,,2.0305
TSOPF_RS_b39_c30,60098,1079986,8,0.05,21,drift,0.5,200,199,True,138,30476,61948,30476,2.0327
TSOPF_RS_b39_c30,60098,1079986,8,0.25,17,drift,0.5,200,0,False,256,30502,62106,,2.0361
TSOPF_RS_b39_c30,60098,1079986,8,0.25,17,drift,0.5,200,25,False,256,30646,63398,,2.0687
TSOPF_RS_b39_c30,60098,1079986,8,0.25,17,drift,0.5,200,50,False,256,30358,62535,,2.0599
TSOPF_RS_b39_c30,60098,1079986,8,0.25,17,drift,0.5,200,75,False,256,30742,63733,,2.0732
TSOPF_RS_b39_c30,60098,1079986,8,0.25,17,drift,0.5,200,100,False,256,30658,63285,,2.0642
TSOPF_RS_b39_c30,60098,1079986,8,0.25,17,drift,0.5,200,125,False,256,30676,63328,,2.0644
TSOPF_RS_b39_c30,60098,1079986,8,0.25,17,drift,0.5,200,150,False,256,30648,63173,,2.0612
TSOPF_RS_b39_c30,60098,1079986,8,0.25,17,drift,0.5,200,175,False,256,30710,63645,,2.0725
TSOPF_RS_b39_c30,60098,1079986,8,0.25,17,drift,0.5,200,199,True,256,30668,63307,30668,2.0643
TSOPF_RS_b39_c30,60098,1079986,8,0.25,18,drift,0.5,200,0,False,256,30502,62106,,2.0361
TSOPF_RS_b39_c30,60098,1079986,8,0.25,18,drift,0.5,200,25,False,256,30582,62782,,2.0529
TSOPF_RS_b39_c30,60098,1079986,8,0.25,18,drift,0.5,200,50,False,256,30638,63042,,2.0576
TSOPF_RS_b39_c30,60098,1079986,8,0.25,18,drift,0.5,200,75,False,256,30646,63340,,2.0668
TSOPF_RS_b39_c30,60098,1079986,8,0.25,18,drift,0.5,200,100,False,256,30574,62831,,2.055
TSOPF_RS_b39_c30,60098,1079986,8,0.25,18,drift,0.5,200,125,False,256,30662,63372,,2.0668
TSOPF_RS_b39_c30,60098,1079986,8,0.25,18,drift,0.5,200,150,False,256,30666,63518,,2.0713
TSOPF_RS_b39_c30,60098,1079986,8,0.25,18,drift,0.5,200,175,False,256,30625,63078,,2.0597
TSOPF_RS_b39_c30,60098,1079986,8,0.25,18,drift,0.5,200,199,True,256,30724,63741,30724,2.0746
TSOPF_RS_b39_c30,60098,1079986,8,0.25,19,drift,0.5,200,0,False,256,30494,62028,,2.0341
TSOPF_RS_b39_c30,60098,1079986,8,0.25,19,drift,0.5,200,25,False,256,30540,62570,,2.0488
TSOPF_RS_b39_c30,60098,1079986,8,0.25,19,drift,0.5,200,50,False,256,30594,63069,,2.0615
TSOPF_RS_b39_c30,60098,1079986,8,0.25,19,drift,0.5,200,75,False,256,30600,63079,,2.0614
TSOPF_RS_b39_c30,60098,1079986,8,0.25,19,drift,0.5,200,100,False,256,30620,63256,,2.0658
TSOPF_RS_b39_c30,60098,1079986,8,0.25,19,drift,0.5,200,125,False,256,30588,62996,,2.0595
TSOPF_RS_b39_c30,60098,1079986,8,0.25,19,drift,0.5,200,150,False,256,30556,62662,,2.0507
TSOPF_RS_b39_c30,60098,1079986,8,0.25,19,drift,0.5,200,175,False,256,30556,62694,,2.0518
TSOPF_RS_b39_c30,60098,1079986,8,0.25,19,drift,0.5,200,199,True,256,30540,62452,30540,2.0449
TSOPF_RS_b39_c30,60098,1079986,8,0.25,20,drift,0.5,200,0,False,256,30502,62106,,2.0361
TSOPF_RS_b39_c30,60098,1079986,8,0.25,20,drift,0.5,200,25,False,256,30670,63432,,2.0682
TSOPF_RS_b39_c30,60098,1079986,8,0.25,20,drift,0.5,200,50,False,256,30738,63633,,2.0702
TSOPF_RS_b39_c30,60098,1079986,8,0.25,20,drift,0.5,200,75,False,256,30672,63374,,2.0662
TSOPF_RS_b39_c30,60098,1079986,8,0.25,20,drift,0.5,200,100,False,256,30547,63225,,2.0698
TSOPF_RS_b39_c30,60098,1079986,8,0.25,20,drift,0.5,200,125,False,256,30720,63537,,2.0683
TSOPF_RS_b39_c30,60098,1079986,8,0.25,20,drift,0.5,200,150,False,256,30741,63726,,2.073
TSOPF_RS_b39_c30,60098,1079986,8,0.25,20,drift,0.5,200,175,False,256,30744,63759,,2.0739
TSOPF_RS_b39_c30,60098,1079986,8,0.25,20,drift,0.5,200,199,True,256,30672,63275,30672,2.063
TSOPF_RS_b39_c30,60098,1079986,8,0.25,21,drift,0.5,200,0,False,138,30428,61516,,2.0217
TSOPF_RS_b39_c30,60098,1079986,8,0.25,21,drift,0.5,200,25,False,138,30544,62288,,2.0393
TSOPF_RS_b39_c30,60098,1079986,8,0.25,21,drift,0.5,200,50,False,138,30576,62495,,2.0439
TSOPF_RS_b39_c30,60098,1079986,8,0.25,21,drift,0.5,200,75,False,138,30574,62544,,2.0457
TSOPF_RS_b39_c30,60098,1079986,8,0.25,21,drift,0.5,200,100,False,138,30302,61864,,2.0416
TSOPF_RS_b39_c30,60098,1079986,8,0.25,21,drift,0.5,200,125,False,138,30616,62575,,2.0439
TSOPF_RS_b39_c30,60098,1079986,8,0.25,21,drift,0.5,200,150,False,138,30628,62876,,2.0529
TSOPF_RS_b39_c30,60098,1079986,8,0.25,21,drift,0.5,200,175,False,138,30550,62459,,2.0445
TSOPF_RS_b39_c30,60098,1079986,8,0.25,21,drift,0.5,200,199,True,138,30492,62026,30492,2.0342
TSOPF_RS_b39_c30,60098,1079986,8,0.0,17,jump,0.5,200,0,False,256,30502,62106,,2.0361
TSOPF_RS_b39_c30,60098,1079986,8,0.0,17,jump,0.5,200,25,False,256,30502,62106,,2.0361
TSOPF_RS_b39_c30,60098,1079986,8,0.0,17,jump,0.5,200,50,False,256,30502,62106,,2.0361
TSOPF_RS_b39_c30,60098,1079986,8,0.0,17,jump,0.5,200,75,False,256,30502,62106,,2.0361
TSOPF_RS_b39_c30,60098,1079986,8,0.0,17,jump,0.5,200,100,False,256,30502,62106,,2.0361
TSOPF_RS_b39_c30,60098,1079986,8,0.0,17,jump,0.5,200,125,False,256,30502,62106,,2.0361
TSOPF_RS_b39_c30,60098,1079986,8,0.0,17,jump,0.5,200,150,False,256,30502,62106,,2.0361
TSOPF_RS_b39_c30,60098,1079986,8,0.0,17,jump,0.5,200,175,False,256,30502,62106,,2.0361
TSOPF_RS_b39_c30,60098,1079986,8,0.0,17,jump,0.5,200,199,True,256,30502,62106,30502,2.0361
TSOPF_RS_b39_c30,60098,1079986,8,0.0,18,jump,0.5,200,0,False,256,30502,62106,,2.0361
TSOPF_RS_b39_c30,60098,1079986,8,0.0,18,jump,0.5,200,25,False,256,30502,62106,,2.0361
TSOPF_RS_b39_c30,60098,1079986,8,0.0,18,jump,0.5,200,50,False,256,30502,62106,,2.0361
TSOPF_RS_b39_c30,60098,1079986,8,0.0,18,jump,0.5,200,75,False,256,30502,62106,,2.0361
TSOPF_RS_b39_c30,60098,1079986,8,0.0,18,jump,0.5,200,100,False,256,30502,62106,,2.0361
TSOPF_RS_b39_c30,60098,1079986,8,0.0,18,jump,0.5,200,125,False,256,30502,62106,,2.0361
TSOPF_RS_b39_c30,60098,1079986,8,0.0,18,jump,0.5,200,150,False,256,30502,62106,,2.0361
TSOPF_RS_b39_c30,60098,1079986,8,0.0,18,jump,0.5,200,175,False,256,30502,62106,,2.0361
TSOPF_RS_b39_c30,60098,1079986,8,0.0,18,jump,0.5,200,199,True,256,30502,62106,30502,2.0361
TSOPF_RS_b39_c30,60098,1079986,8,0.0,19,jump,0.5,200,0,False,256,30494,62028,,2.0341
TSOPF_RS_b39_c30,60098,1079986,8,0.0,19,jump,0.5,200,25,False,256,30494,62028,,2.0341
TSOPF_RS_b39_c30,60098,1079986,8,0.0,19,jump,0.5,200,50,False,256,30494,62028,,2.0341
TSOPF_RS_b39_c30,60098,1079986,8,0.0,19,jump,0.5,200,75,False,256,30494,62028,,2.0341
TSOPF_RS_b39_c30,60098,1079986,8,0.0,19,jump,0.5,200,100,False,256,30494,62028,,2.0341
TSOPF_RS_b39_c30,60098,1079986,8,0.0,19,jump,0.5,200,125,False,256,30494,62028,,2.0341
TSOPF_RS_b39_c30,60098,1079986,8,0.0,19,jump,0.5,200,150,False,256,30494,62028,,2.0341
TSOPF_RS_b39_c30,60098,1079986,8,0.0,19,jump,0.5,200,175,False,256,30494,62028,,2.0341
TSOPF_RS_b39_c30,60098,1079986,8,0.0,19,jump,0.5,200,199,True,256,30494,62028,30494,2.0341
TSOPF_RS_b39_c30,60098,1079986,8,0.0,20,jump,0.5,200,0,False,256,30502,62106,,2.0361
TSOPF_RS_b39_c30,60098,1079986,8,0.0,20,jump,0.5,200,25,False,256,30502,62106,,2.0361
TSOPF_RS_b39_c30,60098,1079986,8,0.0,20,jump,0.5,200,50,False,256,30502,62106,,2.0361
TSOPF_RS_b39_c30,60098,1079986,8,0.0,20,jump,0.5,200,75,False,256,30502,62106,,2.0361
TSOPF_RS_b39_c30,60098,1079986,8,0.0,20,jump,0.5,200,100,False,256,30502,62106,,2.0361
TSOPF_RS_b39_c30,60098,1079986,8,0.0,20,jump,0.5,200,125,False,256,30502,62106,,2.0361
TSOPF_RS_b39_c30,60098,1079986,8,0.0,20,jump,0.5,200,150,False,256,30502,62106,,2.0361
TSOPF_RS_b39_c30,60098,1079986,8,0.0,20,jump,0.5,200,175,False,256,30502,62106,,2.0361
TSOPF_RS_b39_c30,60098,1079986,8,0.0,20,jump,0.5,200,199,True,256,30502,62106,30502,2.0361
TSOPF_RS_b39_c30,60098,1079986,8,0.0,21,jump,0.5,200,0,False,138,30428,61516,,2.0217
TSOPF_RS_b39_c30,60098,1079986,8,0.0,21,jump,0.5,200,25,False,138,30428,61516,,2.0217
TSOPF_RS_b39_c30,60098,1079986,8,0.0,21,jump,0.5,200,50,False,138,30428,61516,,2.0217
TSOPF_RS_b39_c30,60098,1079986,8,0.0,21,jump,0.5,200,75,False,138,30428,61516,,2.0217
TSOPF_RS_b39_c30,60098,1079986,8,0.0,21,jump,0.5,200,100,False,138,30428,61516,,2.0217
TSOPF_RS_b39_c30,60098,1079986,8,0.0,21,jump,0.5,200,125,False,138,30428,61516,,2.0217
TSOPF_RS_b39_c30,60098,1079986,8,0.0,21,jump,0.5,200,150,False,138,30428,61516,,2.0217
TSOPF_RS_b39_c30,60098,1079986,8,0.0,21,jump,0.5,200,175,False,138,30428,61516,,2.0217
TSOPF_RS_b39_c30,60098,1079986,8,0.0,21,jump,0.5,200,199,True,138,30428,61516,30428,2.0217
TSOPF_RS_b39_c30,60098,1079986,8,0.002,17,jump,0.5,200,0,False,256,30502,62106,,2.0361
TSOPF_RS_b39_c30,60098,1079986,8,0.002,17,jump,0.5,200,25,False,256,30876,63002,,2.0405
TSOPF_RS_b39_c30,60098,1079986,8,0.002,17,jump,0.5,200,50,False,256,31226,63812,,2.0436
TSOPF_RS_b39_c30,60098,1079986,8,0.002,17,jump,0.5,200,75,False,256,31540,64592,,2.0479
TSOPF_RS_b39_c30,60098,1079986,8,0.002,17,jump,0.5,200,100,False,256,31686,64608,,2.039
TSOPF_RS_b39_c30,60098,1079986,8,0.002,17,jump,0.5,200,125,False,256,31958,65330,,2.0442
TSOPF_RS_b39_c30,60098,1079986,8,0.002,17,jump,0.5,200,150,False,256,32234,65966,,2.0465
TSOPF_RS_b39_c30,60098,1079986,8,0.002,17,jump,0.5,200,175,False,256,32370,66256,,2.0468
TSOPF_RS_b39_c30,60098,1079986,8,0.002,17,jump,0.5,200,199,True,256,32552,66724,32552,2.0498
TSOPF_RS_b39_c30,60098,1079986,8,0.002,18,jump,0.5,200,0,False,256,30502,62106,,2.0361
TSOPF_RS_b39_c30,60098,1079986,8,0.002,18,jump,0.5,200,25,False,256,30876,62974,,2.0396
TSOPF_RS_b39_c30,60098,1079986,8,0.002,18,jump,0.5,200,50,False,256,31258,63912,,2.0447
TSOPF_RS_b39_c30,60098,1079986,8,0.002,18,jump,0.5,200,75,False,256,31522,64512,,2.0466
TSOPF_RS_b39_c30,60098,1079986,8,0.002,18,jump,0.5,200,100,False,256,31802,65186,,2.0497
TSOPF_RS_b39_c30,60098,1079986,8,0.002,18,jump,0.5,200,125,False,256,32024,65738,,2.0528
TSOPF_RS_b39_c30,60098,1079986,8,0.002,18,jump,0.5,200,150,False,256,32274,66332,,2.0553
TSOPF_RS_b39_c30,60098,1079986,8,0.002,18,jump,0.5,200,175,False,256,32480,66822,,2.0573
TSOPF_RS_b39_c30,60098,1079986,8,0.002,18,jump,0.5,200,199,True,256,32654,67178,32654,2.0573
TSOPF_RS_b39_c30,60098,1079986,8,0.002,19,jump,0.5,200,0,False,256,30494,62028,,2.0341
TSOPF_RS_b39_c30,60098,1079986,8,0.002,19,jump,0.5,200,25,False,256,30878,62964,,2.0391
TSOPF_RS_b39_c30,60098,1079986,8,0.002,19,jump,0.5,200,50,False,256,31254,63896,,2.0444
TSOPF_RS_b39_c30,60098,1079986,8,0.002,19,jump,0.5,200,75,False,256,31542,64544,,2.0463
TSOPF_RS_b39_c30,60098,1079986,8,0.002,19,jump,0.5,200,100,False,256,31802,65216,,2.0507
TSOPF_RS_b39_c30,60098,1079986,8,0.002,19,jump,0.5,200,125,False,256,32036,65746,,2.0523
TSOPF_RS_b39_c30,60098,1079986,8,0.002,19,jump,0.5,200,150,False,256,32138,66124,,2.0575
TSOPF_RS_b39_c30,60098,1079986,8,0.002,19,jump,0.5,200,175,False,256,32372,66640,,2.0586
TSOPF_RS_b39_c30,60098,1079986,8,0.002,19,jump,0.5,200,199,True,256,32460,66702,32460,2.0549
TSOPF_RS_b39_c30,60098,1079986,8,0.002,20,jump,0.5,200,0,False,256,30502,62106,,2.0361
TSOPF_RS_b39_c30,60098,1079986,8,0.002,20,jump,0.5,200,25,False,256,30870,62954,,2.0393
TSOPF_RS_b39_c30,60098,1079986,8,0.002,20,jump,0.5,200,50,False,256,31270,63962,,2.0455
TSOPF_RS_b39_c30,60098,1079986,8,0.002,20,jump,0.5,200,75,False,256,31570,64694,,2.0492
TSOPF_RS_b39_c30,60098,1079986,8,0.002,20,jump,0.5,200,100,False,256,31828,65298,,2.0516
TSOPF_RS_b39_c30,60098,1079986,8,0.002,20,jump,0.5,200,125,False,256,32164,66082,,2.0545
TSOPF_RS_b39_c30,60098,1079986,8,0.002,20,jump,0.5,200,150,False,256,32404,66760,,2.0602
TSOPF_RS_b39_c30,60098,1079986,8,0.002,20,jump,0.5,200,175,False,256,32518,67102,,2.0635
TSOPF_RS_b39_c30,60098,1079986,8,0.002,20,jump,0.5,200,199,True,256,32656,67390,32656,2.0636
TSOPF_RS_b39_c30,60098,1079986,8,0.002,21,jump,0.5,200,0,False,138,30428,61516,,2.0217
TSOPF_RS_b39_c30,60098,1079986,8,0.002,21,jump,0.5,200,25,False,138,30428,61516,,2.0217
TSOPF_RS_b39_c30,60098,1079986,8,0.002,21,jump,0.5,200,50,False,138,30428,61516,,2.0217
TSOPF_RS_b39_c30,60098,1079986,8,0.002,21,jump,0.5,200,75,False,138,30428,61516,,2.0217
TSOPF_RS_b39_c30,60098,1079986,8,0.002,21,jump,0.5,200,100,False,138,30428,61516,,2.0217
TSOPF_RS_b39_c30,60098,1079986,8,0.002,21,jump,0.5,200,125,False,138,30428,61516,,2.0217
TSOPF_RS_b39_c30,60098,1079986,8,0.002,21,jump,0.5,200,150,False,138,30428,61516,,2.0217
TSOPF_RS_b39_c30,60098,1079986,8,0.002,21,jump,0.5,200,175,False,138,30428,61516,,2.0217
TSOPF_RS_b39_c30,60098,1079986,8,0.002,21,jump,0.5,200,199,True,138,30428,61516,30428,2.0217
TSOPF_RS_b39_c30,60098,1079986,8,0.01,17,jump,0.5,200,0,False,256,30502,62106,,2.0361
TSOPF_RS_b39_c30,60098,1079986,8,0.01,17,jump,0.5,200,25,False,256,31450,64268,,2.0435
TSOPF_RS_b39_c30,60098,1079986,8,0.01,17,jump,0.5,200,50,False,256,32190,65986,,2.0499
TSOPF_RS_b39_c30,60098,1079986,8,0.01,17,jump,0.5,200,75,False,256,32714,67134,,2.0521
TSOPF_RS_b39_c30,60098,1079986,8,0.01,17,jump,0.5,200,100,False,256,33044,67627,,2.0466
TSOPF_RS_b39_c30,60098,1079986,8,0.01,17,jump,0.5,200,125,False,256,33314,68339,,2.0514
TSOPF_RS_b39_c30,60098,1079986,8,0.01,17,jump,0.5,200,150,False,256,33582,38847,,1.1568
TSOPF_RS_b39_c30,60098,1079986,8,0.01,17,jump,0.5,200,175,False,256,33812,39150,,1.1579
TSOPF_RS_b39_c30,60098,1079986,8,0.01,17,jump,0.5,200,199,True,256,33892,39460,33892,1.1643
TSOPF_RS_b39_c30,60098,1079986,8,0.01,18,jump,0.5,200,0,False,256,30502,62106,,2.0361
TSOPF_RS_b39_c30,60098,1079986,8,0.01,18,jump,0.5,200,25,False,256,31436,64398,,2.0485
TSOPF_RS_b39_c30,60098,1079986,8,0.01,18,jump,0.5,200,50,False,256,32256,66490,,2.0613
TSOPF_RS_b39_c30,60098,1079986,8,0.01,18,jump,0.5,200,75,False,256,32834,67782,,2.0644
TSOPF_RS_b39_c30,60098,1079986,8,0.01,18,jump,0.5,200,100,False,256,33232,68666,,2.0663
TSOPF_RS_b39_c30,60098,1079986,8,0.01,18,jump,0.5,200,125,False,256,33614,69188,,2.0583
TSOPF_RS_b39_c30,60098,1079986,8,0.01,18,jump,0.5,200,150,False,256,33764,69472,,2.0576
TSOPF_RS_b39_c30,60098,1079986,8,0.01,18,jump,0.5,200,175,False,256,33826,39629,,1.1716
TSOPF_RS_b39_c30,60098,1079986,8,0.01,18,jump,0.5,200,199,True,256,33871,39643,33871,1.1704
TSOPF_RS_b39_c30,60098,1079986,8,0.01,19,jump,0.5,200,0,False,256,30494,62028,,2.0341
TSOPF_RS_b39_c30,60098,1079986,8,0.01,19,jump,0.5,200,25,False,256,31502,64420,,2.0449
TSOPF_RS_b39_c30,60098,1079986,8,0.01,19,jump,0.5,200,50,False,256,32220,66266,,2.0567
TSOPF_RS_b39_c30,60098,1079986,8,0.01,19,jump,0.5,200,75,False,256,32844,67684,,2.0608
TSOPF_RS_b39_c30,60098,1079986,8,0.01,19,jump,0.5,200,100,False,256,33238,68764,,2.0688
TSOPF_RS_b39_c30,60098,1079986,8,0.01,19,jump,0.5,200,125,False,256,33274,68736,,2.0658
TSOPF_RS_b39_c30,60098,1079986,8,0.01,19,jump,0.5,200,150,False,256,33370,38736,,1.1608
TSOPF_RS_b39_c30,60098,1079986,8,0.01,19,jump,0.5,200,175,False,256,33480,38793,,1.1587
TSOPF_RS_b39_c30,60098,1079986,8,0.01,19,jump,0.5,200,199,True,256,33646,38937,33646,1.1573
TSOPF_RS_b39_c30,60098,1079986,8,0.01,20,jump,0.5,200,0,False,256,30502,62106,,2.0361
TSOPF_RS_b39_c30,60098,1079986,8,0.01,20,jump,0.5,200,25,False,256,31522,64476,,2.0454
TSOPF_RS_b39_c30,60098,1079986,8,0.01,20,jump,0.5,200,50,False,256,32286,66256,,2.0522
TSOPF_RS_b39_c30,60098,1079986,8,0.01,20,jump,0.5,200,75,False,256,32874,67648,,2.0578
TSOPF_RS_b39_c30,60098,1079986,8,0.01,20,jump,0.5,200,100,False,256,33300,68534,,2.0581
TSOPF_RS_b39_c30,60098,1079986,8,0.01,20,jump,0.5,200,125,False,256,33516,68909,,2.056
TSOPF_RS_b39_c30,60098,1079986,8,0.01,20,jump,0.5,200,150,False,256,33606,69163,,2.0581
TSOPF_RS_b39_c30,60098,1079986,8,0.01,20,jump,0.5,200,175,False,256,33750,69532,,2.0602
TSOPF_RS_b39_c30,60098,1079986,8,0.01,20,jump,0.5,200,199,True,256,33884,69767,33884,2.059
TSOPF_RS_b39_c30,60098,1079986,8,0.01,21,jump,0.5,200,0,False,138,30428,61516,,2.0217
TSOPF_RS_b39_c30,60098,1079986,8,0.01,21,jump,0.5,200,25,False,138,30792,62376,,2.0257
TSOPF_RS_b39_c30,60098,1079986,8,0.01,21,jump,0.5,200,50,False,138,31050,62986,,2.0285
TSOPF_RS_b39_c30,60098,1079986,8,0.01,21,jump,0.5,200,75,False,138,31308,63522,,2.0289
TSOPF_RS_b39_c30,60098,1079986,8,0.01,21,jump,0.5,200,100,False,138,31498,63972,,2.031
TSOPF_RS_b39_c30,60098,1079986,8,0.01,21,jump,0.5,200,125,False,138,31706,64474,,2.0335
TSOPF_RS_b39_c30,60098,1079986,8,0.01,21,jump,0.5,200,150,False,138,31780,64594,,2.0325
TSOPF_RS_b39_c30,60098,1079986,8,0.01,21,jump,0.5,200,175,False,138,31896,64834,,2.0327
TSOPF_RS_b39_c30,60098,1079986,8,0.01,21,jump,0.5,200,199,True,138,31992,35050,31992,1.0956
TSOPF_RS_b39_c30,60098,1079986,8,0.05,17,jump,0.5,200,0,False,256,30502,62106,,2.0361
TSOPF_RS_b39_c30,60098,1079986,8,0.05,17,jump,0.5,200,25,False,256,33200,68544,,2.0646
TSOPF_RS_b39_c30,60098,1079986,8,0.05,17,jump,0.5,200,50,False,256,9100,9703,,1.0663
TSOPF_RS_b39_c30,60098,1079986,8,0.05,17,jump,0.5,200,75,False,256,9198,9734,,1.0583
TSOPF_RS_b39_c30,60098,1079986,8,0.05,17,jump,0.5,200,100,False,256,8876,9492,,1.0694
TSOPF_RS_b39_c30,60098,1079986,8,0.05,17,jump,0.5,200,125,False,256,8770,9336,,1.0645
TSOPF_RS_b39_c30,60098,1079986,8,0.05,17,jump,0.5,200,150,False,256,8862,9468,,1.0684
TSOPF_RS_b39_c30,60098,1079986,8,0.05,17,jump,0.5,200,175,False,256,8922,9502,,1.065
TSOPF_RS_b39_c30,60098,1079986,8,0.05,17,jump,0.5,200,199,True,256,8894,9352,8894,1.0515
TSOPF_RS_b39_c30,60098,1079986,8,0.05,18,jump,0.5,200,0,False,256,30502,62106,,2.0361
TSOPF_RS_b39_c30,60098,1079986,8,0.05,18,jump,0.5,200,25,False,256,33394,38760,,1.1607
TSOPF_RS_b39_c30,60098,1079986,8,0.05,18,jump,0.5,200,50,False,256,33662,39096,,1.1614
TSOPF_RS_b39_c30,60098,1079986,8,0.05,18,jump,0.5,200,75,False,256,8703,9357,,1.0751
TSOPF_RS_b39_c30,60098,1079986,8,0.05,18,jump,0.5,200,100,False,256,8852,9336,,1.0547
TSOPF_RS_b39_c30,60098,1079986,8,0.05,18,jump,0.5,200,125,False,256,8796,9406,,1.0693
TSOPF_RS_b39_c30,60098,1079986,8,0.05,18,jump,0.5,200,150,False,256,8678,9276,,1.0689
TSOPF_RS_b39_c30,60098,1079986,8,0.05,18,jump,0.5,200,175,False,256,9396,10013,,1.0657
TSOPF_RS_b39_c30,60098,1079986,8,0.05,18,jump,0.5,200,199,True,256,8758,9284,8758,1.0601
TSOPF_RS_b39_c30,60098,1079986,8,0.05,19,jump,0.5,200,0,False,256,30494,62028,,2.0341
TSOPF_RS_b39_c30,60098,1079986,8,0.05,19,jump,0.5,200,25,False,256,33456,69101,,2.0654
TSOPF_RS_b39_c30,60098,1079986,8,0.05,19,jump,0.5,200,50,False,256,33957,69823,,2.0562
TSOPF_RS_b39_c30,60098,1079986,8,0.05,19,jump,0.5,200,75,False,256,8865,9273,,1.046
TSOPF_RS_b39_c30,60098,1079986,8,0.05,19,jump,0.5,200,100,False,256,8640,9202,,1.065
TSOPF_RS_b39_c30,60098,1079986,8,0.05,19,jump,0.5,200,125,False,256,8818,9264,,1.0506
TSOPF_RS_b39_c30,60098,1079986,8,0.05,19,jump,0.5,200,150,False,256,8744,9288,,1.0622
TSOPF_RS_b39_c30,60098,1079986,8,0.05,19,jump,0.5,200,175,False,256,8656,9246,,1.0682
TSOPF_RS_b39_c30,60098,1079986,8,0.05,19,jump,0.5,200,199,True,256,8966,9500,8966,1.0596
TSOPF_RS_b39_c30,60098,1079986,8,0.05,20,jump,0.5,200,0,False,256,30502,62106,,2.0361
TSOPF_RS_b39_c30,60098,1079986,8,0.05,20,jump,0.5,200,25,False,256,33088,67930,,2.053
TSOPF_RS_b39_c30,60098,1079986,8,0.05,20,jump,0.5,200,50,False,256,33728,39163,,1.1611
TSOPF_RS_b39_c30,60098,1079986,8,0.05,20,jump,0.5,200,75,False,256,8614,9230,,1.0715
TSOPF_RS_b39_c30,60098,1079986,8,0.05,20,jump,0.5,200,100,False,256,8762,9228,,1.0532
TSOPF_RS_b39_c30,60098,1079986,8,0.05,20,jump,0.5,200,125,False,256,8892,9430,,1.0605
TSOPF_RS_b39_c30,60098,1079986,8,0.05,20,jump,0.5,200,150,False,256,8858,9326,,1.0528
TSOPF_RS_b39_c30,60098,1079986,8,0.05,20,jump,0.5,200,175,False,256,8731,9363,,1.0724
TSOPF_RS_b39_c30,60098,1079986,8,0.05,20,jump,0.5,200,199,True,256,8685,9421,8685,1.0847
TSOPF_RS_b39_c30,60098,1079986,8,0.05,21,jump,0.5,200,0,False,138,30428,61516,,2.0217
TSOPF_RS_b39_c30,60098,1079986,8,0.05,21,jump,0.5,200,25,False,138,32044,65261,,2.0366
TSOPF_RS_b39_c30,60098,1079986,8,0.05,21,jump,0.5,200,50,False,138,32118,35388,,1.1018
TSOPF_RS_b39_c30,60098,1079986,8,0.05,21,jump,0.5,200,75,False,138,4869,5127,,1.053
TSOPF_RS_b39_c30,60098,1079986,8,0.05,21,jump,0.5,200,100,False,138,4897,5015,,1.0241
TSOPF_RS_b39_c30,60098,1079986,8,0.05,21,jump,0.5,200,125,False,138,4785,5055,,1.0564
TSOPF_RS_b39_c30,60098,1079986,8,0.05,21,jump,0.5,200,150,False,138,5020,5124,,1.0207
TSOPF_RS_b39_c30,60098,1079986,8,0.05,21,jump,0.5,200,175,False,138,4934,5172,,1.0482
TSOPF_RS_b39_c30,60098,1079986,8,0.05,21,jump,0.5,200,199,True,138,5012,5140,5012,1.0255
TSOPF_RS_b39_c30,60098,1079986,8,0.25,17,jump,0.5,200,0,False,256,30502,62106,,2.0361
TSOPF_RS_b39_c30,60098,1079986,8,0.25,17,jump,0.5,200,25,False,256,8798,9288,,1.0557
TSOPF_RS_b39_c30,60098,1079986,8,0.25,17,jump,0.5,200,50,False,256,8866,9338,,1.0532
TSOPF_RS_b39_c30,60098,1079986,8,0.25,17,jump,0.5,200,75,False,256,8929,9393,,1.052
TSOPF_RS_b39_c30,60098,1079986,8,0.25,17,jump,0.5,200,100,False,256,8731,9395,,1.0761
TSOPF_RS_b39_c30,60098,1079986,8,0.25,17,jump,0.5,200,125,False,256,8556,9078,,1.061
TSOPF_RS_b39_c30,60098,1079986,8,0.25,17,jump,0.5,200,150,False,256,8674,9402,,1.0839
TSOPF_RS_b39_c30,60098,1079986,8,0.25,17,jump,0.5,200,175,False,256,33830,39412,,1.165
TSOPF_RS_b39_c30,60098,1079986,8,0.25,17,jump,0.5,200,199,True,256,8797,9315,8797,1.0589
TSOPF_RS_b39_c30,60098,1079986,8,0.25,18,jump,0.5,200,0,False,256,30502,62106,,2.0361
TSOPF_RS_b39_c30,60098,1079986,8,0.25,18,jump,0.5,200,25,False,256,8758,9186,,1.0489
TSOPF_RS_b39_c30,60098,1079986,8,0.25,18,jump,0.5,200,50,False,256,8617,9295,,1.0787
TSOPF_RS_b39_c30,60098,1079986,8,0.25,18,jump,0.5,200,75,False,256,8696,9174,,1.055
TSOPF_RS_b39_c30,60098,1079986,8,0.25,18,jump,0.5,200,100,False,256,8803,9461,,1.0747
TSOPF_RS_b39_c30,60098,1079986,8,0.25,18,jump,0.5,200,125,False,256,8660,9256,,1.0688
TSOPF_RS_b39_c30,60098,1079986,8,0.25,18,jump,0.5,200,150,False,256,8692,9162,,1.0541
TSOPF_RS_b39_c30,60098,1079986,8,0.25,18,jump,0.5,200,175,False,256,33850,39530,,1.1678
TSOPF_RS_b39_c30,60098,1079986,8,0.25,18,jump,0.5,200,199,True,256,8576,9200,8576,1.0728
TSOPF_RS_b39_c30,60098,1079986,8,0.25,19,jump,0.5,200,0,False,256,30494,62028,,2.0341
TSOPF_RS_b39_c30,60098,1079986,8,0.25,19,jump,0.5,200,25,False,256,8858,9354,,1.056
TSOPF_RS_b39_c30,60098,1079986,8,0.25,19,jump,0.5,200,50,False,256,8696,9298,,1.0692
TSOPF_RS_b39_c30,60098,1079986,8,0.25,19,jump,0.5,200,75,False,256,9028,9494,,1.0516
TSOPF_RS_b39_c30,60098,1079986,8,0.25,19,jump,0.5,200,100,False,256,8760,9308,,1.0626
TSOPF_RS_b39_c30,60098,1079986,8,0.25,19,jump,0.5,200,125,False,256,8872,9348,,1.0537
TSOPF_RS_b39_c30,60098,1079986,8,0.25,19,jump,0.5,200,150,False,256,9210,9808,,1.0649
TSOPF_RS_b39_c30,60098,1079986,8,0.25,19,jump,0.5,200,175,False,256,8850,9328,,1.054
TSOPF_RS_b39_c30,60098,1079986,8,0.25,19,jump,0.5,200,199,True,256,8758,9358,8758,1.0685
TSOPF_RS_b39_c30,60098,1079986,8,0.25,20,jump,0.5,200,0,False,256,30502,62106,,2.0361
TSOPF_RS_b39_c30,60098,1079986,8,0.25,20,jump,0.5,200,25,False,256,33770,39214,,1.1612
TSOPF_RS_b39_c30,60098,1079986,8,0.25,20,jump,0.5,200,50,False,256,8348,9162,,1.0975
TSOPF_RS_b39_c30,60098,1079986,8,0.25,20,jump,0.5,200,75,False,256,8536,9292,,1.0886
TSOPF_RS_b39_c30,60098,1079986,8,0.25,20,jump,0.5,200,100,False,256,8547,9301,,1.0882
TSOPF_RS_b39_c30,60098,1079986,8,0.25,20,jump,0.5,200,125,False,256,9016,9456,,1.0488
TSOPF_RS_b39_c30,60098,1079986,8,0.25,20,jump,0.5,200,150,False,256,8893,9403,,1.0573
TSOPF_RS_b39_c30,60098,1079986,8,0.25,20,jump,0.5,200,175,False,256,8731,9467,,1.0843
TSOPF_RS_b39_c30,60098,1079986,8,0.25,20,jump,0.5,200,199,True,256,8752,9294,8752,1.0619
TSOPF_RS_b39_c30,60098,1079986,8,0.25,21,jump,0.5,200,0,False,138,30428,61516,,2.0217
TSOPF_RS_b39_c30,60098,1079986,8,0.25,21,jump,0.5,200,25,False,138,4988,5148,,1.0321
TSOPF_RS_b39_c30,60098,1079986,8,0.25,21,jump,0.5,200,50,False,138,4800,5012,,1.0442
TSOPF_RS_b39_c30,60098,1079986,8,0.25,21,jump,0.5,200,75,False,138,4816,4996,,1.0374
TSOPF_RS_b39_c30,60098,1079986,8,0.25,21,jump,0.5,200,100,False,138,4796,5070,,1.0571
TSOPF_RS_b39_c30,60098,1079986,8,0.25,21,jump,0.5,200,125,False,138,4882,5076,,1.0397
TSOPF_RS_b39_c30,60098,1079986,8,0.25,21,jump,0.5,200,150,False,138,4910,5052,,1.0289
TSOPF_RS_b39_c30,60098,1079986,8,0.25,21,jump,0.5,200,175,False,138,4674,4944,,1.0578
TSOPF_RS_b39_c30,60098,1079986,8,0.25,21,jump,0.5,200,199,True,138,5006,5110,5006,1.0208
TSOPF_RS_b162_c3,15374,610299,8,0.0,17,drift,0.5,200,0,False,256,7920,32124,,4.0561
TSOPF_RS_b162_c3,15374,610299,8,0.0,17,drift,0.5,200,25,False,256,7920,32124,,4.0561
TSOPF_RS_b162_c3,15374,610299,8,0.0,17,drift,0.5,200,50,False,256,7920,32124,,4.0561
TSOPF_RS_b162_c3,15374,610299,8,0.0,17,drift,0.5,200,75,False,256,7920,32124,,4.0561
TSOPF_RS_b162_c3,15374,610299,8,0.0,17,drift,0.5,200,100,False,256,7920,32124,,4.0561
TSOPF_RS_b162_c3,15374,610299,8,0.0,17,drift,0.5,200,125,False,256,7920,32124,,4.0561
TSOPF_RS_b162_c3,15374,610299,8,0.0,17,drift,0.5,200,150,False,256,7920,32124,,4.0561
TSOPF_RS_b162_c3,15374,610299,8,0.0,17,drift,0.5,200,175,False,256,7920,32124,,4.0561
TSOPF_RS_b162_c3,15374,610299,8,0.0,17,drift,0.5,200,199,True,256,7920,32124,7920,4.0561
TSOPF_RS_b162_c3,15374,610299,8,0.0,18,drift,0.5,200,0,False,256,7924,32190,,4.0623
TSOPF_RS_b162_c3,15374,610299,8,0.0,18,drift,0.5,200,25,False,256,7924,32190,,4.0623
TSOPF_RS_b162_c3,15374,610299,8,0.0,18,drift,0.5,200,50,False,256,7924,32190,,4.0623
TSOPF_RS_b162_c3,15374,610299,8,0.0,18,drift,0.5,200,75,False,256,7924,32190,,4.0623
TSOPF_RS_b162_c3,15374,610299,8,0.0,18,drift,0.5,200,100,False,256,7924,32190,,4.0623
TSOPF_RS_b162_c3,15374,610299,8,0.0,18,drift,0.5,200,125,False,256,7924,32190,,4.0623
TSOPF_RS_b162_c3,15374,610299,8,0.0,18,drift,0.5,200,150,False,256,7924,32190,,4.0623
TSOPF_RS_b162_c3,15374,610299,8,0.0,18,drift,0.5,200,175,False,256,7924,32190,,4.0623
TSOPF_RS_b162_c3,15374,610299,8,0.0,18,drift,0.5,200,199,True,256,7924,32190,7924,4.0623
TSOPF_RS_b162_c3,15374,610299,8,0.0,19,drift,0.5,200,0,False,256,7924,32181,,4.0612
TSOPF_RS_b162_c3,15374,610299,8,0.0,19,drift,0.5,200,25,False,256,7924,32181,,4.0612
TSOPF_RS_b162_c3,15374,610299,8,0.0,19,drift,0.5,200,50,False,256,7924,32181,,4.0612
TSOPF_RS_b162_c3,15374,610299,8,0.0,19,drift,0.5,200,75,False,256,7924,32181,,4.0612
TSOPF_RS_b162_c3,15374,610299,8,0.0,19,drift,0.5,200,100,False,256,7924,32181,,4.0612
TSOPF_RS_b162_c3,15374,610299,8,0.0,19,drift,0.5,200,125,False,256,7924,32181,,4.0612
TSOPF_RS_b162_c3,15374,610299,8,0.0,19,drift,0.5,200,150,False,256,7924,32181,,4.0612
TSOPF_RS_b162_c3,15374,610299,8,0.0,19,drift,0.5,200,175,False,256,7924,32181,,4.0612
TSOPF_RS_b162_c3,15374,610299,8,0.0,19,drift,0.5,200,199,True,256,7924,32181,7924,4.0612
TSOPF_RS_b162_c3,15374,610299,8,0.0,20,drift,0.5,200,0,False,256,7920,32124,,4.0561
TSOPF_RS_b162_c3,15374,610299,8,0.0,20,drift,0.5,200,25,False,256,7920,32124,,4.0561
TSOPF_RS_b162_c3,15374,610299,8,0.0,20,drift,0.5,200,50,False,256,7920,32124,,4.0561
TSOPF_RS_b162_c3,15374,610299,8,0.0,20,drift,0.5,200,75,False,256,7920,32124,,4.0561
TSOPF_RS_b162_c3,15374,610299,8,0.0,20,drift,0.5,200,100,False,256,7920,32124,,4.0561
TSOPF_RS_b162_c3,15374,610299,8,0.0,20,drift,0.5,200,125,False,256,7920,32124,,4.0561
TSOPF_RS_b162_c3,15374,610299,8,0.0,20,drift,0.5,200,150,False,256,7920,32124,,4.0561
TSOPF_RS_b162_c3,15374,610299,8,0.0,20,drift,0.5,200,175,False,256,7920,32124,,4.0561
TSOPF_RS_b162_c3,15374,610299,8,0.0,20,drift,0.5,200,199,True,256,7920,32124,7920,4.0561
TSOPF_RS_b162_c3,15374,610299,8,0.0,21,drift,0.5,200,0,False,256,7926,32275,,4.072
TSOPF_RS_b162_c3,15374,610299,8,0.0,21,drift,0.5,200,25,False,256,7926,32275,,4.072
TSOPF_RS_b162_c3,15374,610299,8,0.0,21,drift,0.5,200,50,False,256,7926,32275,,4.072
TSOPF_RS_b162_c3,15374,610299,8,0.0,21,drift,0.5,200,75,False,256,7926,32275,,4.072
TSOPF_RS_b162_c3,15374,610299,8,0.0,21,drift,0.5,200,100,False,256,7926,32275,,4.072
TSOPF_RS_b162_c3,15374,610299,8,0.0,21,drift,0.5,200,125,False,256,7926,32275,,4.072
TSOPF_RS_b162_c3,15374,610299,8,0.0,21,drift,0.5,200,150,False,256,7926,32275,,4.072
TSOPF_RS_b162_c3,15374,610299,8,0.0,21,drift,0.5,200,175,False,256,7926,32275,,4.072
TSOPF_RS_b162_c3,15374,610299,8,0.0,21,drift,0.5,200,199,True,256,7926,32275,7926,4.072
TSOPF_RS_b162_c3,15374,610299,8,0.002,17,drift,0.5,200,0,False,256,7920,32124,,4.0561
TSOPF_RS_b162_c3,15374,610299,8,0.002,17,drift,0.5,200,25,False,256,8044,32683,,4.063
TSOPF_RS_b162_c3,15374,610299,8,0.002,17,drift,0.5,200,50,False,256,8069,32904,,4.0778
TSOPF_RS_b162_c3,15374,610299,8,0.002,17,drift,0.5,200,75,False,256,8069,32984,,4.0877
TSOPF_RS_b162_c3,15374,610299,8,0.002,17,drift,0.5,200,100,False,256,8088,33231,,4.1087
TSOPF_RS_b162_c3,15374,610299,8,0.002,17,drift,0.5,200,125,False,256,8103,33201,,4.0974
TSOPF_RS_b162_c3,15374,610299,8,0.002,17,drift,0.5,200,150,False,256,8092,33288,,4.1137
TSOPF_RS_b162_c3,15374,610299,8,0.002,17,drift,0.5,200,175,False,256,8103,33375,,4.1188
TSOPF_RS_b162_c3,15374,610299,8,0.002,17,drift,0.5,200,199,True,256,8112,33542,8112,4.1349
TSOPF_RS_b162_c3,15374,610299,8,0.002,18,drift,0.5,200,0,False,256,7924,32190,,4.0623
TSOPF_RS_b162_c3,15374,610299,8,0.002,18,drift,0.5,200,25,False,256,8014,32674,,4.0771
TSOPF_RS_b162_c3,15374,610299,8,0.002,18,drift,0.5,200,50,False,256,8025,32771,,4.0836
TSOPF_RS_b162_c3,15374,610299,8,0.002,18,drift,0.5,200,75,False,256,8051,32937,,4.091
TSOPF_RS_b162_c3,15374,610299,8,0.002,18,drift,0.5,200,100,False,256,8043,32965,,4.0986
TSOPF_RS_b162_c3,15374,610299,8,0.002,18,drift,0.5,200,125,False,256,8053,33050,,4.1041
TSOPF_RS_b162_c3,15374,610299,8,0.002,18,drift,0.5,200,150,False,256,8079,33254,,4.1161
TSOPF_RS_b162_c3,15374,610299,8,0.002,18,drift,0.5,200,175,False,256,8087,33392,,4.1291
TSOPF_RS_b162_c3,15374,610299,8,0.002,18,drift,0.5,200,199,True,256,8088,33381,8088,4.1272
TSOPF_RS_b162_c3,15374,610299,8,0.002,19,drift,0.5,200,0,False,256,7924,32181,,4.0612
TSOPF_RS_b162_c3,15374,610299,8,0.002,19,drift,0.5,200,25,False,256,8015,32661,,4.075
TSOPF_RS_b162_c3,15374,610299,8,0.002,19,drift,0.5,200,50,False,256,8007,32635,,4.0758
TSOPF_RS_b162_c3,15374,610299,8,0.002,19,drift,0.5,200,75,False,256,8041,32903,,4.0919
TSOPF_RS_b162_c3,15374,610299,8,0.002,19,drift,0.5,200,100,False,256,8053,33033,,4.1019
TSOPF_RS_b162_c3,15374,610299,8,0.002,19,drift,0.5,200,125,False,256,8082,33184,,4.1059
TSOPF_RS_b162_c3,15374,610299,8,0.002,19,drift,0.5,200,150,False,256,8083,33207,,4.1083
TSOPF_RS_b162_c3,15374,610299,8,0.002,19,drift,0.5,200,175,False,256,8105,33371,,4.1173
TSOPF_RS_b162_c3,15374,610299,8,0.002,19,drift,0.5,200,199,True,256,8105,33411,8105,4.1223
TSOPF_RS_b162_c3,15374,610299,8,0.002,20,drift,0.5,200,0,False,256,7920,32124,,4.0561
TSOPF_RS_b162_c3,15374,610299,8,0.002,20,drift,0.5,200,25,False,256,8007,32434,,4.0507
TSOPF_RS_b162_c3,15374,610299,8,0.002,20,drift,0.5,200,50,False,256,8031,32702,,4.072
TSOPF_RS_b162_c3,15374,610299,8,0.002,20,drift,0.5,200,75,False,256,8058,33059,,4.1026
TSOPF_RS_b162_c3,15374,610299,8,0.002,20,drift,0.5,200,100,False,256,8052,33146,,4.1165
TSOPF_RS_b162_c3,15374,610299,8,0.002,20,drift,0.5,200,125,False,256,8076,33401,,4.1358
TSOPF_RS_b162_c3,15374,610299,8,0.002,20,drift,0.5,200,150,False,256,8095,33502,,4.1386
TSOPF_RS_b162_c3,15374,610299,8,0.002,20,drift,0.5,200,175,False,256,8102,33548,,4.1407
TSOPF_RS_b162_c3,15374,610299,8,0.002,20,drift,0.5,200,199,True,256,8107,33606,8107,4.1453
TSOPF_RS_b162_c3,15374,610299,8,0.002,21,drift,0.5,200,0,False,256,7926,32275,,4.072
TSOPF_RS_b162_c3,15374,610299,8,0.002,21,drift,0.5,200,25,False,256,8025,32764,,4.0827
TSOPF_RS_b162_c3,15374,610299,8,0.002,21,drift,0.5,200,50,False,256,8055,32906,,4.0852
TSOPF_RS_b162_c3,15374,610299,8,0.002,21,drift,0.5,200,75,False,256,8070,33051,,4.0955
TSOPF_RS_b162_c3,15374,610299,8,0.002,21,drift,0.5,200,100,False,256,8069,33204,,4.115
TSOPF_RS_b162_c3,15374,610299,8,0.002,21,drift,0.5,200,125,False,256,8094,33477,,4.136
TSOPF_RS_b162_c3,15374,610299,8,0.002,21,drift,0.5,200,150,False,256,8102,33519,,4.1371
TSOPF_RS_b162_c3,15374,610299,8,0.002,21,drift,0.5,200,175,False,256,8119,33640,,4.1434
TSOPF_RS_b162_c3,15374,610299,8,0.002,21,drift,0.5,200,199,True,256,8127,33660,8127,4.1417
TSOPF_RS_b162_c3,15374,610299,8,0.01,17,drift,0.5,200,0,False,256,7920,32124,,4.0561
TSOPF_RS_b162_c3,15374,610299,8,0.01,17,drift,0.5,200,25,False,256,8085,33176,,4.1034
TSOPF_RS_b162_c3,15374,610299,8,0.01,17,drift,0.5,200,50,False,256,8097,33461,,4.1325
TSOPF_RS_b162_c3,15374,610299,8,0.01,17,drift,0.5,200,75,False,256,8091,33438,,4.1327
TSOPF_RS_b162_c3,15374,610299,8,0.01,17,drift,0.5,200,100,False,256,8112,33691,,4.1532
TSOPF_RS_b162_c3,15374,610299,8,0.01,17,drift,0.5,200,125,False,256,8130,33931,,4.1736
TSOPF_RS_b162_c3,15374,610299,8,0.01,17,drift,0.5,200,150,False,256,8139,34070,,4.186
TSOPF_RS_b162_c3,15374,610299,8,0.01,17,drift,0.5,200,175,False,256,8160,34325,,4.2065
TSOPF_RS_b162_c3,15374,610299,8,0.01,17,drift,0.5,200,199,True,256,8158,34276,8158,4.2015
TSOPF_RS_b162_c3,15374,610299,8,0.01,18,drift,0.5,200,0,False,256,7924,32190,,4.0623
TSOPF_RS_b162_c3,15374,610299,8,0.01,18,drift,0.5,200,25,False,256,8066,33026,,4.0945
TSOPF_RS_b162_c3,15374,610299,8,0.01,18,drift,0.5,200,50,False,256,8096,33475,,4.1348
TSOPF_RS_b162_c3,15374,610299,8,0.01,18,drift,0.5,200,75,False,256,8093,33423,,4.1299
TSOPF_RS_b162_c3,15374,610299,8,0.01,18,drift,0.5,200,100,False,256,8133,33801,,4.156
TSOPF_RS_b162_c3,15374,610299,8,0.01,18,drift,0.5,200,125,False,256,8099,33693,,4.1601
TSOPF_RS_b162_c3,15374,610299,8,0.01,18,drift,0.5,200,150,False,256,8143,34076,,4.1847
TSOPF_RS_b162_c3,15374,610299,8,0.01,18,drift,0.5,200,175,False,256,8136,33963,,4.1744
TSOPF_RS_b162_c3,15374,610299,8,0.01,18,drift,0.5,200,199,True,256,8146,33938,8146,4.1662
TSOPF_RS_b162_c3,15374,610299,8,0.01,19,drift,0.5,200,0,False,256,7924,32181,,4.0612
TSOPF_RS_b162_c3,15374,610299,8,0.01,19,drift,0.5,200,25,False,256,8041,33108,,4.1174
TSOPF_RS_b162_c3,15374,610299,8,0.01,19,drift,0.5,200,50,False,256,8102,33429,,4.126
TSOPF_RS_b162_c3,15374,610299,8,0.01,19,drift,0.5,200,75,False,256,8120,33653,,4.1445
TSOPF_RS_b162_c3,15374,610299,8,0.01,19,drift,0.5,200,100,False,256,8133,33777,,4.1531
TSOPF_RS_b162_c3,15374,610299,8,0.01,19,drift,0.5,200,125,False,256,8146,33924,,4.1645
TSOPF_RS_b162_c3,15374,610299,8,0.01,19,drift,0.5,200,150,False,256,8144,34111,,4.1885
TSOPF_RS_b162_c3,15374,610299,8,0.01,19,drift,0.5,200,175,False,256,8190,34496,,4.212
TSOPF_RS_b162_c3,15374,610299,8,0.01,19,drift,0.5,200,199,True,256,8211,34477,8211,4.1989
TSOPF_RS_b162_c3,15374,610299,8,0.01,20,drift,0.5,200,0,False,256,7920,32124,,4.0561
TSOPF_RS_b162_c3,15374,610299,8,0.01,20,drift,0.5,200,25,False,256,8050,32872,,4.0835
TSOPF_RS_b162_c3,15374,610299,8,0.01,20,drift,0.5,200,50,False,256,8086,33412,,4.1321
TSOPF_RS_b162_c3,15374,610299,8,0.01,20,drift,0.5,200,75,False,256,8099,33622,,4.1514
TSOPF_RS_b162_c3,15374,610299,8,0.01,20,drift,0.5,200,100,False,256,8108,33819,,4.1711
TSOPF_RS_b162_c3,15374,610299,8,0.01,20,drift,0.5,200,125,False,256,8136,34017,,4.181
TSOPF_RS_b162_c3,15374,610299,8,0.01,20,drift,0.5,200,150,False,256,8128,33999,,4.1829
TSOPF_RS_b162_c3,15374,610299,8,0.01,20,drift,0.5,200,175,False,256,8143,34196,,4.1994
TSOPF_RS_b162_c3,15374,610299,8,0.01,20,drift,0.5,200,199,True,256,8144,34176,8144,4.1965
TSOPF_RS_b162_c3,15374,610299,8,0.01,21,drift,0.5,200,0,False,256,7926,32275,,4.072
TSOPF_RS_b162_c3,15374,610299,8,0.01,21,drift,0.5,200,25,False,256,8088,33321,,4.1198
TSOPF_RS_b162_c3,15374,610299,8,0.01,21,drift,0.5,200,50,False,256,8097,33508,,4.1383
TSOPF_RS_b162_c3,15374,610299,8,0.01,21,drift,0.5,200,75,False,256,8147,33977,,4.1705
TSOPF_RS_b162_c3,15374,610299,8,0.01,21,drift,0.5,200,100,False,256,8136,33710,,4.1433
TSOPF_RS_b162_c3,15374,610299,8,0.01,21,drift,0.5,200,125,False,256,8168,34170,,4.1834
TSOPF_RS_b162_c3,15374,610299,8,0.01,21,drift,0.5,200,150,False,256,8188,34473,,4.2102
TSOPF_RS_b162_c3,15374,610299,8,0.01,21,drift,0.5,200,175,False,256,8175,34409,,4.2091
TSOPF_RS_b162_c3,15374,610299,8,0.01,21,drift,0.5,200,199,True,256,8188,34519,8188,4.2158
TSOPF_RS_b162_c3,15374,610299,8,0.05,17,drift,0.5,200,0,False,256,7920,32124,,4.0561
TSOPF_RS_b162_c3,15374,610299,8,0.05,17,drift,0.5,200,25,False,256,8152,34234,,4.1995
TSOPF_RS_b162_c3,15374,610299,8,0.05,17,drift,0.5,200,50,False,256,8152,34262,,4.2029
TSOPF_RS_b162_c3,15374,610299,8,0.05,17,drift,0.5,200,75,False,256,8205,34507,,4.2056
TSOPF_RS_b162_c3,15374,610299,8,0.05,17,drift,0.5,200,100,False,256,8166,34205,,4.1887
TSOPF_RS_b162_c3,15374,610299,8,0.05,17,drift,0.5,200,125,False,256,8168,34241,,4.1921
TSOPF_RS_b162_c3,15374,610299,8,0.05,17,drift,0.5,200,150,False,256,8138,34173,,4.1992
TSOPF_RS_b162_c3,15374,610299,8,0.05,17,drift,0.5,200,175,False,256,8247,34779,,4.2172
TSOPF_RS_b162_c3,15374,610299,8,0.05,17,drift,0.5,200,199,True,256,8285,35054,8285,4.231
TSOPF_RS_b162_c3,15374,610299,8,0.05,18,drift,0.5,200,0,False,256,7924,32190,,4.0623
TSOPF_RS_b162_c3,15374,610299,8,0.05,18,drift,0.5,200,25,False,256,8107,33824,,4.1722
TSOPF_RS_b162_c3,15374,610299,8,0.05,18,drift,0.5,200,50,False,256,8120,34112,,4.201
TSOPF_RS_b162_c3,15374,610299,8,0.05,18,drift,0.5,200,75,False,256,8151,34244,,4.2012
TSOPF_RS_b162_c3,15374,610299,8,0.05,18,drift,0.5,200,100,False,256,8140,34362,,4.2214
TSOPF_RS_b162_c3,15374,610299,8,0.05,18,drift,0.5,200,125,False,256,8148,34404,,4.2224
TSOPF_RS_b162_c3,15374,610299,8,0.05,18,drift,0.5,200,150,False,256,8196,34699,,4.2337
TSOPF_RS_b162_c3,15374,610299,8,0.05,18,drift,0.5,200,175,False,256,8209,34804,,4.2397
TSOPF_RS_b162_c3,15374,610299,8,0.05,18,drift,0.5,200,199,True,256,8282,35211,8282,4.2515
TSOPF_RS_b162_c3,15374,610299,8,0.05,19,drift,0.5,200,0,False,256,7924,32181,,4.0612
TSOPF_RS_b162_c3,15374,610299,8,0.05,19,drift,0.5,200,25,False,256,8144,34116,,4.1891
TSOPF_RS_b162_c3,15374,610299,8,0.05,19,drift,0.5,200,50,False,256,8151,34286,,4.2064
TSOPF_RS_b162_c3,15374,610299,8,0.05,19,drift,0.5,200,75,False,256,8172,34410,,4.2107
TSOPF_RS_b162_c3,15374,610299,8,0.05,19,drift,0.5,200,100,False,256,8211,34820,,4.2407
TSOPF_RS_b162_c3,15374,610299,8,0.05,19,drift,0.5,200,125,False,256,8236,34917,,4.2396
TSOPF_RS_b162_c3,15374,610299,8,0.05,19,drift,0.5,200,150,False,256,8266,35013,,4.2358
TSOPF_RS_b162_c3,15374,610299,8,0.05,19,drift,0.5,200,175,False,256,8248,34569,,4.1912
TSOPF_RS_b162_c3,15374,610299,8,0.05,19,drift,0.5,200,199,True,256,8259,34737,8259,4.206
TSOPF_RS_b162_c3,15374,610299,8,0.05,20,drift,0.5,200,0,False,256,7920,32124,,4.0561
TSOPF_RS_b162_c3,15374,610299,8,0.05,20,drift,0.5,200,25,False,256,8095,33531,,4.1422
TSOPF_RS_b162_c3,15374,610299,8,0.05,20,drift,0.5,200,50,False,256,8160,34351,,4.2097
TSOPF_RS_b162_c3,15374,610299,8,0.05,20,drift,0.5,200,75,False,256,8169,34380,,4.2086
TSOPF_RS_b162_c3,15374,610299,8,0.05,20,drift,0.5,200,100,False,256,8144,34156,,4.194
TSOPF_RS_b162_c3,15374,610299,8,0.05,20,drift,0.5,200,125,False,256,8172,34224,,4.188
TSOPF_RS_b162_c3,15374,610299,8,0.05,20,drift,0.5,200,150,False,256,8148,34223,,4.2002
TSOPF_RS_b162_c3,15374,610299,8,0.05,20,drift,0.5,200,175,False,256,8138,33995,,4.1773
TSOPF_RS_b162_c3,15374,610299,8,0.05,20,drift,0.5,200,199,True,256,8132,33833,8132,4.1605
TSOPF_RS_b162_c3,15374,610299,8,0.05,21,drift,0.5,200,0,False,256,7926,32275,,4.072
TSOPF_RS_b162_c3,15374,610299,8,0.05,21,drift,0.5,200,25,False,256,8140,34024,,4.1799
TSOPF_RS_b162_c3,15374,610299,8,0.05,21,drift,0.5,200,50,False,256,8192,34373,,4.1959
TSOPF_RS_b162_c3,15374,610299,8,0.05,21,drift,0.5,200,75,False,256,8231,34679,,4.2132
TSOPF_RS_b162_c3,15374,610299,8,0.05,21,drift,0.5,200,100,False,256,8182,34467,,4.2125
TSOPF_RS_b162_c3,15374,610299,8,0.05,21,drift,0.5,200,125,False,256,8188,34431,,4.2051
TSOPF_RS_b162_c3,15374,610299,8,0.05,21,drift,0.5,200,150,False,256,8207,34355,,4.1861
TSOPF_RS_b162_c3,15374,610299,8,0.05,21,drift,0.5,200,175,False,256,8187,34499,,4.2139
TSOPF_RS_b162_c3,15374,610299,8,0.05,21,drift,0.5,200,199,True,256,8238,34844,8238,4.2297
TSOPF_RS_b162_c3,15374,610299,8,0.25,17,drift,0.5,200,0,False,256,7920,32124,,4.0561
TSOPF_RS_b162_c3,15374,610299,8,0.25,17,drift,0.5,200,25,False,256,8119,33792,,4.1621
TSOPF_RS_b162_c3,15374,610299,8,0.25,17,drift,0.5,200,50,False,256,8196,34416,,4.1991
TSOPF_RS_b162_c3,15374,610299,8,0.25,17,drift,0.5,200,75,False,256,8198,34415,,4.198
TSOPF_RS_b162_c3,15374,610299,8,0.25,17,drift,0.5,200,100,False,256,8196,34678,,4.2311
TSOPF_RS_b162_c3,15374,610299,8,0.25,17,drift,0.5,200,125,False,256,8205,34588,,4.2155
TSOPF_RS_b162_c3,15374,610299,8,0.25,17,drift,0.5,200,150,False,256,8300,35091,,4.2278
TSOPF_RS_b162_c3,15374,610299,8,0.25,17,drift,0.5,200,175,False,256,8231,34668,,4.2119
TSOPF_RS_b162_c3,15374,610299,8,0.25,17,drift,0.5,200,199,True,256,8215,34619,8215,4.2141
TSOPF_RS_b162_c3,15374,610299,8,0.25,18,drift,0.5,200,0,False,256,7924,32190,,4.0623
TSOPF_RS_b162_c3,15374,610299,8,0.25,18,drift,0.5,200,25,False,256,8136,34204,,4.204
TSOPF_RS_b162_c3,15374,610299,8,0.25,18,drift,0.5,200,50,False,256,8202,34589,,4.2171
TSOPF_RS_b162_c3,15374,610299,8,0.25,18,drift,0.5,200,75,False,256,8164,34302,,4.2016
TSOPF_RS_b162_c3,15374,610299,8,0.25,18,drift,0.5,200,100,False,256,8172,34462,,4.2171
TSOPF_RS_b162_c3,15374,610299,8,0.25,18,drift,0.5,200,125,False,256,8235,34989,,4.2488
TSOPF_RS_b162_c3,15374,610299,8,0.25,18,drift,0.5,200,150,False,256,8226,34847,,4.2362
TSOPF_RS_b162_c3,15374,610299,8,0.25,18,drift,0.5,200,175,False,256,8186,34327,,4.1934
TSOPF_RS_b162_c3,15374,610299,8,0.25,18,drift,0.5,200,199,True,256,8209,34943,8209,4.2567
TSOPF_RS_b162_c3,15374,610299,8,0.25,19,drift,0.5,200,0,False,256,7924,32181,,4.0612
TSOPF_RS_b162_c3,15374,610299,8,0.25,19,drift,0.5,200,25,False,256,8133,34380,,4.2272
TSOPF_RS_b162_c3,15374,610299,8,0.25,19,drift,0.5,200,50,False,256,8324,35312,,4.2422
TSOPF_RS_b162_c3,15374,610299,8,0.25,19,drift,0.5,200,75,False,256,8256,35295,,4.2751
TSOPF_RS_b162_c3,15374,610299,8,0.25,19,drift,0.5,200,100,False,256,8206,34634,,4.2206
TSOPF_RS_b162_c3,15374,610299,8,0.25,19,drift,0.5,200,125,False,256,8288,34867,,4.2069
TSOPF_RS_b162_c3,15374,610299,8,0.25,19,drift,0.5,200,150,False,256,8303,35111,,4.2287
TSOPF_RS_b162_c3,15374,610299,8,0.25,19,drift,0.5,200,175,False,256,8400,36054,,4.2921
TSOPF_RS_b162_c3,15374,610299,8,0.25,19,drift,0.5,200,199,True,256,8286,34809,8286,4.2009
TSOPF_RS_b162_c3,15374,610299,8,0.25,20,drift,0.5,200,0,False,256,7920,32124,,4.0561
TSOPF_RS_b162_c3,15374,610299,8,0.25,20,drift,0.5,200,25,False,256,8043,33425,,4.1558
TSOPF_RS_b162_c3,15374,610299,8,0.25,20,drift,0.5,200,50,False,256,8210,34523,,4.205
TSOPF_RS_b162_c3,15374,610299,8,0.25,20,drift,0.5,200,75,False,256,8213,34766,,4.233
TSOPF_RS_b162_c3,15374,610299,8,0.25,20,drift,0.5,200,100,False,256,8209,35047,,4.2693
TSOPF_RS_b162_c3,15374,610299,8,0.25,20,drift,0.5,200,125,False,256,8176,33956,,4.1531
TSOPF_RS_b162_c3,15374,610299,8,0.25,20,drift,0.5,200,150,False,256,8156,33908,,4.1574
TSOPF_RS_b162_c3,15374,610299,8,0.25,20,drift,0.5,200,175,False,256,8095,33847,,4.1812
TSOPF_RS_b162_c3,15374,610299,8,0.25,20,drift,0.5,200,199,True,256,8061,33376,8061,4.1404
TSOPF_RS_b162_c3,15374,610299,8,0.25,21,drift,0.5,200,0,False,256,7926,32275,,4.072
TSOPF_RS_b162_c3,15374,610299,8,0.25,21,drift,0.5,200,25,False,256,8173,34317,,4.1988
TSOPF_RS_b162_c3,15374,610299,8,0.25,21,drift,0.5,200,50,False,256,8252,35306,,4.2785
TSOPF_RS_b162_c3,15374,610299,8,0.25,21,drift,0.5,200,75,False,256,8220,34478,,4.1944
TSOPF_RS_b162_c3,15374,610299,8,0.25,21,drift,0.5,200,100,False,256,8229,34351,,4.1744
TSOPF_RS_b162_c3,15374,610299,8,0.25,21,drift,0.5,200,125,False,256,8307,35234,,4.2415
TSOPF_RS_b162_c3,15374,610299,8,0.25,21,drift,0.5,200,150,False,256,8275,34917,,4.2196
TSOPF_RS_b162_c3,15374,610299,8,0.25,21,drift,0.5,200,175,False,256,8162,34437,,4.2192
TSOPF_RS_b162_c3,15374,610299,8,0.25,21,drift,0.5,200,199,True,256,8234,34541,8234,4.1949
TSOPF_RS_b162_c3,15374,610299,8,0.0,17,jump,0.5,200,0,False,256,7920,32124,,4.0561
TSOPF_RS_b162_c3,15374,610299,8,0.0,17,jump,0.5,200,25,False,256,7920,32124,,4.0561
TSOPF_RS_b162_c3,15374,610299,8,0.0,17,jump,0.5,200,50,False,256,7920,32124,,4.0561
TSOPF_RS_b162_c3,15374,610299,8,0.0,17,jump,0.5,200,75,False,256,7920,32124,,4.0561
TSOPF_RS_b162_c3,15374,610299,8,0.0,17,jump,0.5,200,100,False,256,7920,32124,,4.0561
TSOPF_RS_b162_c3,15374,610299,8,0.0,17,jump,0.5,200,125,False,256,7920,32124,,4.0561
TSOPF_RS_b162_c3,15374,610299,8,0.0,17,jump,0.5,200,150,False,256,7920,32124,,4.0561
TSOPF_RS_b162_c3,15374,610299,8,0.0,17,jump,0.5,200,175,False,256,7920,32124,,4.0561
TSOPF_RS_b162_c3,15374,610299,8,0.0,17,jump,0.5,200,199,True,256,7920,32124,7920,4.0561
TSOPF_RS_b162_c3,15374,610299,8,0.0,18,jump,0.5,200,0,False,256,7924,32190,,4.0623
TSOPF_RS_b162_c3,15374,610299,8,0.0,18,jump,0.5,200,25,False,256,7924,32190,,4.0623
TSOPF_RS_b162_c3,15374,610299,8,0.0,18,jump,0.5,200,50,False,256,7924,32190,,4.0623
TSOPF_RS_b162_c3,15374,610299,8,0.0,18,jump,0.5,200,75,False,256,7924,32190,,4.0623
TSOPF_RS_b162_c3,15374,610299,8,0.0,18,jump,0.5,200,100,False,256,7924,32190,,4.0623
TSOPF_RS_b162_c3,15374,610299,8,0.0,18,jump,0.5,200,125,False,256,7924,32190,,4.0623
TSOPF_RS_b162_c3,15374,610299,8,0.0,18,jump,0.5,200,150,False,256,7924,32190,,4.0623
TSOPF_RS_b162_c3,15374,610299,8,0.0,18,jump,0.5,200,175,False,256,7924,32190,,4.0623
TSOPF_RS_b162_c3,15374,610299,8,0.0,18,jump,0.5,200,199,True,256,7924,32190,7924,4.0623
TSOPF_RS_b162_c3,15374,610299,8,0.0,19,jump,0.5,200,0,False,256,7924,32181,,4.0612
TSOPF_RS_b162_c3,15374,610299,8,0.0,19,jump,0.5,200,25,False,256,7924,32181,,4.0612
TSOPF_RS_b162_c3,15374,610299,8,0.0,19,jump,0.5,200,50,False,256,7924,32181,,4.0612
TSOPF_RS_b162_c3,15374,610299,8,0.0,19,jump,0.5,200,75,False,256,7924,32181,,4.0612
TSOPF_RS_b162_c3,15374,610299,8,0.0,19,jump,0.5,200,100,False,256,7924,32181,,4.0612
TSOPF_RS_b162_c3,15374,610299,8,0.0,19,jump,0.5,200,125,False,256,7924,32181,,4.0612
TSOPF_RS_b162_c3,15374,610299,8,0.0,19,jump,0.5,200,150,False,256,7924,32181,,4.0612
TSOPF_RS_b162_c3,15374,610299,8,0.0,19,jump,0.5,200,175,False,256,7924,32181,,4.0612
TSOPF_RS_b162_c3,15374,610299,8,0.0,19,jump,0.5,200,199,True,256,7924,32181,7924,4.0612
TSOPF_RS_b162_c3,15374,610299,8,0.0,20,jump,0.5,200,0,False,256,7920,32124,,4.0561
TSOPF_RS_b162_c3,15374,610299,8,0.0,20,jump,0.5,200,25,False,256,7920,32124,,4.0561
TSOPF_RS_b162_c3,15374,610299,8,0.0,20,jump,0.5,200,50,False,256,7920,32124,,4.0561
TSOPF_RS_b162_c3,15374,610299,8,0.0,20,jump,0.5,200,75,False,256,7920,32124,,4.0561
TSOPF_RS_b162_c3,15374,610299,8,0.0,20,jump,0.5,200,100,False,256,7920,32124,,4.0561
TSOPF_RS_b162_c3,15374,610299,8,0.0,20,jump,0.5,200,125,False,256,7920,32124,,4.0561
TSOPF_RS_b162_c3,15374,610299,8,0.0,20,jump,0.5,200,150,False,256,7920,32124,,4.0561
TSOPF_RS_b162_c3,15374,610299,8,0.0,20,jump,0.5,200,175,False,256,7920,32124,,4.0561
TSOPF_RS_b162_c3,15374,610299,8,0.0,20,jump,0.5,200,199,True,256,7920,32124,7920,4.0561
TSOPF_RS_b162_c3,15374,610299,8,0.0,21,jump,0.5,200,0,False,256,7926,32275,,4.072
TSOPF_RS_b162_c3,15374,610299,8,0.0,21,jump,0.5,200,25,False,256,7926,32275,,4.072
TSOPF_RS_b162_c3,15374,610299,8,0.0,21,jump,0.5,200,50,False,256,7926,32275,,4.072
TSOPF_RS_b162_c3,15374,610299,8,0.0,21,jump,0.5,200,75,False,256,7926,32275,,4.072
TSOPF_RS_b162_c3,15374,610299,8,0.0,21,jump,0.5,200,100,False,256,7926,32275,,4.072
TSOPF_RS_b162_c3,15374,610299,8,0.0,21,jump,0.5,200,125,False,256,7926,32275,,4.072
TSOPF_RS_b162_c3,15374,610299,8,0.0,21,jump,0.5,200,150,False,256,7926,32275,,4.072
TSOPF_RS_b162_c3,15374,610299,8,0.0,21,jump,0.5,200,175,False,256,7926,32275,,4.072
TSOPF_RS_b162_c3,15374,610299,8,0.0,21,jump,0.5,200,199,True,256,7926,32275,7926,4.072
TSOPF_RS_b162_c3,15374,610299,8,0.002,17,jump,0.5,200,0,False,256,7920,32124,,4.0561
TSOPF_RS_b162_c3,15374,610299,8,0.002,17,jump,0.5,200,25,False,256,8280,33306,,4.0225
TSOPF_RS_b162_c3,15374,610299,8,0.002,17,jump,0.5,200,50,False,256,8568,34045,,3.9735
TSOPF_RS_b162_c3,15374,610299,8,0.002,17,jump,0.5,200,75,False,256,8827,35220,,3.99
TSOPF_RS_b162_c3,15374,610299,8,0.002,17,jump,0.5,200,100,False,256,9049,35677,,3.9426
TSOPF_RS_b162_c3,15374,610299,8,0.002,17,jump,0.5,200,125,False,256,9259,36252,,3.9153
TSOPF_RS_b162_c3,15374,610299,8,0.002,17,jump,0.5,200,150,False,256,9535,37273,,3.9091
TSOPF_RS_b162_c3,15374,610299,8,0.002,17,jump,0.5,200,175,False,256,9688,37704,,3.8918
TSOPF_RS_b162_c3,15374,610299,8,0.002,17,jump,0.5,200,199,True,256,9871,38448,9871,3.895
TSOPF_RS_b162_c3,15374,610299,8,0.002,18,jump,0.5,200,0,False,256,7924,32190,,4.0623
TSOPF_RS_b162_c3,15374,610299,8,0.002,18,jump,0.5,200,25,False,256,8283,33328,,4.0237
TSOPF_RS_b162_c3,15374,610299,8,0.002,18,jump,0.5,200,50,False,256,8621,34575,,4.0106
TSOPF_RS_b162_c3,15374,610299,8,0.002,18,jump,0.5,200,75,False,256,8886,35472,,3.9919
TSOPF_RS_b162_c3,15374,610299,8,0.002,18,jump,0.5,200,100,False,256,9121,36317,,3.9817
TSOPF_RS_b162_c3,15374,610299,8,0.002,18,jump,0.5,200,125,False,256,9330,37158,,3.9826
TSOPF_RS_b162_c3,15374,610299,8,0.002,18,jump,0.5,200,150,False,256,9592,37831,,3.944
TSOPF_RS_b162_c3,15374,610299,8,0.002,18,jump,0.5,200,175,False,256,9732,38530,,3.9591
TSOPF_RS_b162_c3,15374,610299,8,0.002,18,jump,0.5,200,199,True,256,9841,39007,9841,3.9637
TSOPF_RS_b162_c3,15374,610299,8,0.002,19,jump,0.5,200,0,False,256,7924,32181,,4.0612
TSOPF_RS_b162_c3,15374,610299,8,0.002,19,jump,0.5,200,25,False,256,8294,33398,,4.0268
TSOPF_RS_b162_c3,15374,610299,8,0.002,19,jump,0.5,200,50,False,256,8594,34363,,3.9985
TSOPF_RS_b162_c3,15374,610299,8,0.002,19,jump,0.5,200,75,False,256,8877,35327,,3.9796
TSOPF_RS_b162_c3,15374,610299,8,0.002,19,jump,0.5,200,100,False,256,9120,36404,,3.9917
TSOPF_RS_b162_c3,15374,610299,8,0.002,19,jump,0.5,200,125,False,256,9329,37005,,3.9667
TSOPF_RS_b162_c3,15374,610299,8,0.002,19,jump,0.5,200,150,False,256,9397,37536,,3.9945
TSOPF_RS_b162_c3,15374,610299,8,0.002,19,jump,0.5,200,175,False,256,9537,38024,,3.987
TSOPF_RS_b162_c3,15374,610299,8,0.002,19,jump,0.5,200,199,True,256,9714,38755,9714,3.9896
TSOPF_RS_b162_c3,15374,610299,8,0.002,20,jump,0.5,200,0,False,256,7920,32124,,4.0561
TSOPF_RS_b162_c3,15374,610299,8,0.002,20,jump,0.5,200,25,False,256,8280,33369,,4.0301
TSOPF_RS_b162_c3,15374,610299,8,0.002,20,jump,0.5,200,50,False,256,8642,34773,,4.0237
TSOPF_RS_b162_c3,15374,610299,8,0.002,20,jump,0.5,200,75,False,256,8884,35682,,4.0164
TSOPF_RS_b162_c3,15374,610299,8,0.002,20,jump,0.5,200,100,False,256,9116,36640,,4.0193
TSOPF_RS_b162_c3,15374,610299,8,0.002,20,jump,0.5,200,125,False,256,9438,30077,,3.1868
TSOPF_RS_b162_c3,15374,610299,8,0.002,20,jump,0.5,200,150,False,256,9621,31030,,3.2252
TSOPF_RS_b162_c3,15374,610299,8,0.002,20,jump,0.5,200,175,False,256,9754,31670,,3.2469
TSOPF_RS_b162_c3,15374,610299,8,0.002,20,jump,0.5,200,199,True,256,9809,32299,9809,3.2928
TSOPF_RS_b162_c3,15374,610299,8,0.002,21,jump,0.5,200,0,False,256,7926,32275,,4.072
TSOPF_RS_b162_c3,15374,610299,8,0.002,21,jump,0.5,200,25,False,256,8286,33465,,4.0387
TSOPF_RS_b162_c3,15374,610299,8,0.002,21,jump,0.5,200,50,False,256,8614,34607,,4.0175
TSOPF_RS_b162_c3,15374,610299,8,0.002,21,jump,0.5,200,75,False,256,8890,35657,,4.0109
TSOPF_RS_b162_c3,15374,610299,8,0.002,21,jump,0.5,200,100,False,256,9187,36710,,3.9959
TSOPF_RS_b162_c3,15374,610299,8,0.002,21,jump,0.5,200,125,False,256,9451,37730,,3.9922
TSOPF_RS_b162_c3,15374,610299,8,0.002,21,jump,0.5,200,150,False,256,9581,38209,,3.988
TSOPF_RS_b162_c3,15374,610299,8,0.002,21,jump,0.5,200,175,False,256,9677,31188,,3.2229
TSOPF_RS_b162_c3,15374,610299,8,0.002,21,jump,0.5,200,199,True,256,9895,32193,9895,3.2535
TSOPF_RS_b162_c3,15374,610299,8,0.01,17,jump,0.5,200,0,False,256,7920,32124,,4.0561
TSOPF_RS_b162_c3,15374,610299,8,0.01,17,jump,0.5,200,25,False,256,8863,35316,,3.9847
TSOPF_RS_b162_c3,15374,610299,8,0.01,17,jump,0.5,200,50,False,256,9455,37486,,3.9647
TSOPF_RS_b162_c3,15374,610299,8,0.01,17,jump,0.5,200,75,False,256,9940,39298,,3.9535
TSOPF_RS_b162_c3,15374,610299,8,0.01,17,jump,0.5,200,100,False,256,10207,39871,,3.9062
TSOPF_RS_b162_c3,15374,610299,8,0.01,17,jump,0.5,200,125,False,256,10366,40809,,3.9368
TSOPF_RS_b162_c3,15374,610299,8,0.01,17,jump,0.5,200,150,False,256,10707,41726,,3.8971
TSOPF_RS_b162_c3,15374,610299,8,0.01,17,jump,0.5,200,175,False,256,10729,41447,,3.8631
TSOPF_RS_b162_c3,15374,610299,8,0.01,17,jump,0.5,200,199,True,256,10727,41825,10727,3.899
TSOPF_RS_b162_c3,15374,610299,8,0.01,18,jump,0.5,200,0,False,256,7924,32190,,4.0623
TSOPF_RS_b162_c3,15374,610299,8,0.01,18,jump,0.5,200,25,False,256,8842,35446,,4.0088
TSOPF_RS_b162_c3,15374,610299,8,0.01,18,jump,0.5,200,50,False,256,9520,37872,,3.9782
TSOPF_RS_b162_c3,15374,610299,8,0.01,18,jump,0.5,200,75,False,256,10048,32476,,3.2321
TSOPF_RS_b162_c3,15374,610299,8,0.01,18,jump,0.5,200,100,False,256,10272,33530,,3.2642
TSOPF_RS_b162_c3,15374,610299,8,0.01,18,jump,0.5,200,125,False,256,10512,34260,,3.2591
TSOPF_RS_b162_c3,15374,610299,8,0.01,18,jump,0.5,200,150,False,256,10598,34484,,3.2538
TSOPF_RS_b162_c3,15374,610299,8,0.01,18,jump,0.5,200,175,False,256,10694,34636,,3.2388
TSOPF_RS_b162_c3,15374,610299,8,0.01,18,jump,0.5,200,199,True,256,10773,27394,10773,2.5428
TSOPF_RS_b162_c3,15374,610299,8,0.01,19,jump,0.5,200,0,False,256,7924,32181,,4.0612
TSOPF_RS_b162_c3,15374,610299,8,0.01,19,jump,0.5,200,25,False,256,8879,35401,,3.987
TSOPF_RS_b162_c3,15374,610299,8,0.01,19,jump,0.5,200,50,False,256,9557,38018,,3.978
TSOPF_RS_b162_c3,15374,610299,8,0.01,19,jump,0.5,200,75,False,256,9971,32297,,3.2391
TSOPF_RS_b162_c3,15374,610299,8,0.01,19,jump,0.5,200,100,False,256,10347,33965,,3.2826
TSOPF_RS_b162_c3,15374,610299,8,0.01,19,jump,0.5,200,125,False,256,10473,27090,,2.5867
TSOPF_RS_b162_c3,15374,610299,8,0.01,19,jump,0.5,200,150,False,256,10584,19580,,1.85
TSOPF_RS_b162_c3,15374,610299,8,0.01,19,jump,0.5,200,175,False,256,10707,19853,,1.8542
TSOPF_RS_b162_c3,15374,610299,8,0.01,19,jump,0.5,200,199,True,256,10861,20343,10861,1.873
TSOPF_RS_b162_c3,15374,610299,8,0.01,20,jump,0.5,200,0,False,256,7920,32124,,4.0561
TSOPF_RS_b162_c3,15374,610299,8,0.01,20,jump,0.5,200,25,False,256,8889,35257,,3.9664
TSOPF_RS_b162_c3,15374,610299,8,0.01,20,jump,0.5,200,50,False,256,9608,37814,,3.9357
TSOPF_RS_b162_c3,15374,610299,8,0.01,20,jump,0.5,200,75,False,256,10023,39061,,3.8971
TSOPF_RS_b162_c3,15374,610299,8,0.01,20,jump,0.5,200,100,False,256,10361,40018,,3.8624
TSOPF_RS_b162_c3,15374,610299,8,0.01,20,jump,0.5,200,125,False,256,10449,40476,,3.8737
TSOPF_RS_b162_c3,15374,610299,8,0.01,20,jump,0.5,200,150,False,256,10495,40643,,3.8726
TSOPF_RS_b162_c3,15374,610299,8,0.01,20,jump,0.5,200,175,False,256,10521,41112,,3.9076
TSOPF_RS_b162_c3,15374,610299,8,0.01,20,jump,0.5,200,199,True,256,10654,41711,10654,3.9151
TSOPF_RS_b162_c3,15374,610299,8,0.01,21,jump,0.5,200,0,False,256,7926,32275,,4.072
TSOPF_RS_b162_c3,15374,610299,8,0.01,21,jump,0.5,200,25,False,256,8951,36017,,4.0238
TSOPF_RS_b162_c3,15374,610299,8,0.01,21,jump,0.5,200,50,False,256,9607,38705,,4.0288
TSOPF_RS_b162_c3,15374,610299,8,0.01,21,jump,0.5,200,75,False,256,10006,40356,,4.0332
TSOPF_RS_b162_c3,15374,610299,8,0.01,21,jump,0.5,200,100,False,256,10290,41098,,3.994
TSOPF_RS_b162_c3,15374,610299,8,0.01,21,jump,0.5,200,125,False,256,10595,41534,,3.9202
TSOPF_RS_b162_c3,15374,610299,8,0.01,21,jump,0.5,200,150,False,256,10780,34845,,3.2324
TSOPF_RS_b162_c3,15374,610299,8,0.01,21,jump,0.5,200,175,False,256,10784,34824,,3.2292
TSOPF_RS_b162_c3,15374,610299,8,0.01,21,jump,0.5,200,199,True,256,10847,20146,10847,1.8573
TSOPF_RS_b162_c3,15374,610299,8,0.05,17,jump,0.5,200,0,False,256,7920,32124,,4.0561
TSOPF_RS_b162_c3,15374,610299,8,0.05,17,jump,0.5,200,25,False,256,10333,33856,,3.2765
TSOPF_RS_b162_c3,15374,610299,8,0.05,17,jump,0.5,200,50,False,256,10836,27877,,2.5726
TSOPF_RS_b162_c3,15374,610299,8,0.05,17,jump,0.5,200,75,False,256,8597,12711,,1.4785
TSOPF_RS_b162_c3,15374,610299,8,0.05,17,jump,0.5,200,100,False,256,10808,19817,,1.8335
TSOPF_RS_b162_c3,15374,610299,8,0.05,17,jump,0.5,200,125,False,256,8873,12721,,1.4337
TSOPF_RS_b162_c3,15374,610299,8,0.05,17,jump,0.5,200,150,False,256,8994,12966,,1.4416
TSOPF_RS_b162_c3,15374,610299,8,0.05,17,jump,0.5,200,175,False,256,8811,12707,,1.4422
TSOPF_RS_b162_c3,15374,610299,8,0.05,17,jump,0.5,200,199,True,256,8687,12843,8687,1.4784
TSOPF_RS_b162_c3,15374,610299,8,0.05,18,jump,0.5,200,0,False,256,7924,32190,,4.0623
TSOPF_RS_b162_c3,15374,610299,8,0.05,18,jump,0.5,200,25,False,256,10457,33822,,3.2344
TSOPF_RS_b162_c3,15374,610299,8,0.05,18,jump,0.5,200,50,False,256,8238,11785,,1.4306
TSOPF_RS_b162_c3,15374,610299,8,0.05,18,jump,0.5,200,75,False,256,8549,12655,,1.4803
TSOPF_RS_b162_c3,15374,610299,8,0.05,18,jump,0.5,200,100,False,256,8691,12973,,1.4927
TSOPF_RS_b162_c3,15374,610299,8,0.05,18,jump,0.5,200,125,False,256,8483,12439,,1.4663
TSOPF_RS_b162_c3,15374,610299,8,0.05,18,jump,0.5,200,150,False,256,8537,12129,,1.4208
TSOPF_RS_b162_c3,15374,610299,8,0.05,18,jump,0.5,200,175,False,256,8907,13200,,1.482
TSOPF_RS_b162_c3,15374,610299,8,0.05,18,jump,0.5,200,199,True,256,8511,12486,8511,1.467
TSOPF_RS_b162_c3,15374,610299,8,0.05,19,jump,0.5,200,0,False,256,7924,32181,,4.0612
TSOPF_RS_b162_c3,15374,610299,8,0.05,19,jump,0.5,200,25,False,256,10345,33941,,3.2809
TSOPF_RS_b162_c3,15374,610299,8,0.05,19,jump,0.5,200,50,False,256,10714,35536,,3.3168
TSOPF_RS_b162_c3,15374,610299,8,0.05,19,jump,0.5,200,75,False,256,10795,27913,,2.5857
TSOPF_RS_b162_c3,15374,610299,8,0.05,19,jump,0.5,200,100,False,256,8652,12383,,1.4312
TSOPF_RS_b162_c3,15374,610299,8,0.05,19,jump,0.5,200,125,False,256,8990,13076,,1.4545
TSOPF_RS_b162_c3,15374,610299,8,0.05,19,jump,0.5,200,150,False,256,8627,12401,,1.4375
TSOPF_RS_b162_c3,15374,610299,8,0.05,19,jump,0.5,200,175,False,256,10844,20045,,1.8485
TSOPF_RS_b162_c3,15374,610299,8,0.05,19,jump,0.5,200,199,True,256,9083,13103,9083,1.4426
TSOPF_RS_b162_c3,15374,610299,8,0.05,20,jump,0.5,200,0,False,256,7920,32124,,4.0561
TSOPF_RS_b162_c3,15374,610299,8,0.05,20,jump,0.5,200,25,False,256,10358,33193,,3.2046
TSOPF_RS_b162_c3,15374,610299,8,0.05,20,jump,0.5,200,50,False,256,10757,27107,,2.5199
TSOPF_RS_b162_c3,15374,610299,8,0.05,20,jump,0.5,200,75,False,256,8725,12928,,1.4817
TSOPF_RS_b162_c3,15374,610299,8,0.05,20,jump,0.5,200,100,False,256,8515,12660,,1.4868
TSOPF_RS_b162_c3,15374,610299,8,0.05,20,jump,0.5,200,125,False,256,10887,20236,,1.8587
TSOPF_RS_b162_c3,15374,610299,8,0.05,20,jump,0.5,200,150,False,256,8810,13347,,1.515
TSOPF_RS_b162_c3,15374,610299,8,0.05,20,jump,0.5,200,175,False,256,8843,12518,,1.4156
TSOPF_RS_b162_c3,15374,610299,8,0.05,20,jump,0.5,200,199,True,256,8711,12526,8711,1.438
TSOPF_RS_b162_c3,15374,610299,8,0.05,21,jump,0.5,200,0,False,256,7926,32275,,4.072
TSOPF_RS_b162_c3,15374,610299,8,0.05,21,jump,0.5,200,25,False,256,10367,33625,,3.2435
TSOPF_RS_b162_c3,15374,610299,8,0.05,21,jump,0.5,200,50,False,256,10819,27667,,2.5573
TSOPF_RS_b162_c3,15374,610299,8,0.05,21,jump,0.5,200,75,False,256,10748,27085,,2.52
TSOPF_RS_b162_c3,15374,610299,8,0.05,21,jump,0.5,200,100,False,256,10754,19753,,1.8368
TSOPF_RS_b162_c3,15374,610299,8,0.05,21,jump,0.5,200,125,False,256,10795,20158,,1.8673
TSOPF_RS_b162_c3,15374,610299,8,0.05,21,jump,0.5,200,150,False,256,8648,12408,,1.4348
TSOPF_RS_b162_c3,15374,610299,8,0.05,21,jump,0.5,200,175,False,256,8962,12780,,1.426
TSOPF_RS_b162_c3,15374,610299,8,0.05,21,jump,0.5,200,199,True,256,10697,27062,10697,2.5299
TSOPF_RS_b162_c3,15374,610299,8,0.25,17,jump,0.5,200,0,False,256,7920,32124,,4.0561
TSOPF_RS_b162_c3,15374,610299,8,0.25,17,jump,0.5,200,25,False,256,10832,20101,,1.8557
TSOPF_RS_b162_c3,15374,610299,8,0.25,17,jump,0.5,200,50,False,256,10765,27754,,2.5782
TSOPF_RS_b162_c3,15374,610299,8,0.25,17,jump,0.5,200,75,False,256,8697,12701,,1.4604
TSOPF_RS_b162_c3,15374,610299,8,0.25,17,jump,0.5,200,100,False,256,10836,20450,,1.8872
TSOPF_RS_b162_c3,15374,610299,8,0.25,17,jump,0.5,200,125,False,256,10773,19727,,1.8312
TSOPF_RS_b162_c3,15374,610299,8,0.25,17,jump,0.5,200,150,False,256,10670,19719,,1.8481
TSOPF_RS_b162_c3,15374,610299,8,0.25,17,jump,0.5,200,175,False,256,8475,12394,,1.4624
TSOPF_RS_b162_c3,15374,610299,8,0.25,17,jump,0.5,200,199,True,256,8947,13008,8947,1.4539
TSOPF_RS_b162_c3,15374,610299,8,0.25,18,jump,0.5,200,0,False,256,7924,32190,,4.0623
TSOPF_RS_b162_c3,15374,610299,8,0.25,18,jump,0.5,200,25,False,256,8618,12622,,1.4646
TSOPF_RS_b162_c3,15374,610299,8,0.25,18,jump,0.5,200,50,False,256,8450,12650,,1.497
TSOPF_RS_b162_c3,15374,610299,8,0.25,18,jump,0.5,200,75,False,256,8733,12666,,1.4504
TSOPF_RS_b162_c3,15374,610299,8,0.25,18,jump,0.5,200,100,False,256,10815,20253,,1.8727
TSOPF_RS_b162_c3,15374,610299,8,0.25,18,jump,0.5,200,125,False,256,10821,19824,,1.832
TSOPF_RS_b162_c3,15374,610299,8,0.25,18,jump,0.5,200,150,False,256,8283,12335,,1.4892
TSOPF_RS_b162_c3,15374,610299,8,0.25,18,jump,0.5,200,175,False,256,8939,13440,,1.5035
TSOPF_RS_b162_c3,15374,610299,8,0.25,18,jump,0.5,200,199,True,256,8415,12804,8415,1.5216
TSOPF_RS_b162_c3,15374,610299,8,0.25,19,jump,0.5,200,0,False,256,7924,32181,,4.0612
TSOPF_RS_b162_c3,15374,610299,8,0.25,19,jump,0.5,200,25,False,256,10837,27834,,2.5684
TSOPF_RS_b162_c3,15374,610299,8,0.25,19,jump,0.5,200,50,False,256,8118,12200,,1.5028
TSOPF_RS_b162_c3,15374,610299,8,0.25,19,jump,0.5,200,75,False,256,10806,20443,,1.8918
TSOPF_RS_b162_c3,15374,610299,8,0.25,19,jump,0.5,200,100,False,256,8724,12609,,1.4453
TSOPF_RS_b162_c3,15374,610299,8,0.25,19,jump,0.5,200,125,False,256,10776,20478,,1.9003
TSOPF_RS_b162_c3,15374,610299,8,0.25,19,jump,0.5,200,150,False,256,8339,12881,,1.5447
TSOPF_RS_b162_c3,15374,610299,8,0.25,19,jump,0.5,200,175,False,256,10946,20646,,1.8862
TSOPF_RS_b162_c3,15374,610299,8,0.25,19,jump,0.5,200,199,True,256,8208,12484,8208,1.521
TSOPF_RS_b162_c3,15374,610299,8,0.25,20,jump,0.5,200,0,False,256,7920,32124,,4.0561
TSOPF_RS_b162_c3,15374,610299,8,0.25,20,jump,0.5,200,25,False,256,10833,19999,,1.8461
TSOPF_RS_b162_c3,15374,610299,8,0.25,20,jump,0.5,200,50,False,256,10787,19473,,1.8052
TSOPF_RS_b162_c3,15374,610299,8,0.25,20,jump,0.5,200,75,False,256,10774,19662,,1.8249
TSOPF_RS_b162_c3,15374,610299,8,0.25,20,jump,0.5,200,100,False,256,10869,20053,,1.845
TSOPF_RS_b162_c3,15374,610299,8,0.25,20,jump,0.5,200,125,False,256,10728,20526,,1.9133
TSOPF_RS_b162_c3,15374,610299,8,0.25,20,jump,0.5,200,150,False,256,10825,20365,,1.8813
TSOPF_RS_b162_c3,15374,610299,8,0.25,20,jump,0.5,200,175,False,256,10726,20449,,1.9065
TSOPF_RS_b162_c3,15374,610299,8,0.25,20,jump,0.5,200,199,True,256,8787,12440,8787,1.4157
TSOPF_RS_b162_c3,15374,610299,8,0.25,21,jump,0.5,200,0,False,256,7926,32275,,4.072
TSOPF_RS_b162_c3,15374,610299,8,0.25,21,jump,0.5,200,25,False,256,8749,12751,,1.4574
TSOPF_RS_b162_c3,15374,610299,8,0.25,21,jump,0.5,200,50,False,256,8448,13179,,1.56
TSOPF_RS_b162_c3,15374,610299,8,0.25,21,jump,0.5,200,75,False,256,8565,12292,,1.4351
TSOPF_RS_b162_c3,15374,610299,8,0.25,21,jump,0.5,200,100,False,256,8413,12191,,1.4491
TSOPF_RS_b162_c3,15374,610299,8,0.25,21,jump,0.5,200,125,False,256,8558,12115,,1.4156
TSOPF_RS_b162_c3,15374,610299,8,0.25,21,jump,0.5,200,150,False,256,8364,12232,,1.4625
TSOPF_RS_b162_c3,15374,610299,8,0.25,21,jump,0.5,200,175,False,256,8598,12816,,1.4906
TSOPF_RS_b162_c3,15374,610299,8,0.25,21,jump,0.5,200,199,True,256,8444,12337,8444,1.461
TSOPF_RS_b300_c1,14538,1474325,8,0.0,17,drift,0.5,200,0,False,256,7435,65771,,8.8461
TSOPF_RS_b300_c1,14538,1474325,8,0.0,17,drift,0.5,200,25,False,256,7435,65771,,8.8461
TSOPF_RS_b300_c1,14538,1474325,8,0.0,17,drift,0.5,200,50,False,256,7435,65771,,8.8461
TSOPF_RS_b300_c1,14538,1474325,8,0.0,17,drift,0.5,200,75,False,256,7435,65771,,8.8461
TSOPF_RS_b300_c1,14538,1474325,8,0.0,17,drift,0.5,200,100,False,256,7435,65771,,8.8461
TSOPF_RS_b300_c1,14538,1474325,8,0.0,17,drift,0.5,200,125,False,256,7435,65771,,8.8461
TSOPF_RS_b300_c1,14538,1474325,8,0.0,17,drift,0.5,200,150,False,256,7435,65771,,8.8461
TSOPF_RS_b300_c1,14538,1474325,8,0.0,17,drift,0.5,200,175,False,256,7435,65771,,8.8461
TSOPF_RS_b300_c1,14538,1474325,8,0.0,17,drift,0.5,200,199,True,256,7435,65771,7435,8.8461
TSOPF_RS_b300_c1,14538,1474325,8,0.0,18,drift,0.5,200,0,False,256,7435,65771,,8.8461
TSOPF_RS_b300_c1,14538,1474325,8,0.0,18,drift,0.5,200,25,False,256,7435,65771,,8.8461
TSOPF_RS_b300_c1,14538,1474325,8,0.0,18,drift,0.5,200,50,False,256,7435,65771,,8.8461
TSOPF_RS_b300_c1,14538,1474325,8,0.0,18,drift,0.5,200,75,False,256,7435,65771,,8.8461
TSOPF_RS_b300_c1,14538,1474325,8,0.0,18,drift,0.5,200,100,False,256,7435,65771,,8.8461
TSOPF_RS_b300_c1,14538,1474325,8,0.0,18,drift,0.5,200,125,False,256,7435,65771,,8.8461
TSOPF_RS_b300_c1,14538,1474325,8,0.0,18,drift,0.5,200,150,False,256,7435,65771,,8.8461
TSOPF_RS_b300_c1,14538,1474325,8,0.0,18,drift,0.5,200,175,False,256,7435,65771,,8.8461
TSOPF_RS_b300_c1,14538,1474325,8,0.0,18,drift,0.5,200,199,True,256,7435,65771,7435,8.8461
TSOPF_RS_b300_c1,14538,1474325,8,0.0,19,drift,0.5,200,0,False,256,7435,65771,,8.8461
TSOPF_RS_b300_c1,14538,1474325,8,0.0,19,drift,0.5,200,25,False,256,7435,65771,,8.8461
TSOPF_RS_b300_c1,14538,1474325,8,0.0,19,drift,0.5,200,50,False,256,7435,65771,,8.8461
TSOPF_RS_b300_c1,14538,1474325,8,0.0,19,drift,0.5,200,75,False,256,7435,65771,,8.8461
TSOPF_RS_b300_c1,14538,1474325,8,0.0,19,drift,0.5,200,100,False,256,7435,65771,,8.8461
TSOPF_RS_b300_c1,14538,1474325,8,0.0,19,drift,0.5,200,125,False,256,7435,65771,,8.8461
TSOPF_RS_b300_c1,14538,1474325,8,0.0,19,drift,0.5,200,150,False,256,7435,65771,,8.8461
TSOPF_RS_b300_c1,14538,1474325,8,0.0,19,drift,0.5,200,175,False,256,7435,65771,,8.8461
TSOPF_RS_b300_c1,14538,1474325,8,0.0,19,drift,0.5,200,199,True,256,7435,65771,7435,8.8461
TSOPF_RS_b300_c1,14538,1474325,8,0.0,20,drift,0.5,200,0,False,256,7435,65771,,8.8461
TSOPF_RS_b300_c1,14538,1474325,8,0.0,20,drift,0.5,200,25,False,256,7435,65771,,8.8461
TSOPF_RS_b300_c1,14538,1474325,8,0.0,20,drift,0.5,200,50,False,256,7435,65771,,8.8461
TSOPF_RS_b300_c1,14538,1474325,8,0.0,20,drift,0.5,200,75,False,256,7435,65771,,8.8461
TSOPF_RS_b300_c1,14538,1474325,8,0.0,20,drift,0.5,200,100,False,256,7435,65771,,8.8461
TSOPF_RS_b300_c1,14538,1474325,8,0.0,20,drift,0.5,200,125,False,256,7435,65771,,8.8461
TSOPF_RS_b300_c1,14538,1474325,8,0.0,20,drift,0.5,200,150,False,256,7435,65771,,8.8461
TSOPF_RS_b300_c1,14538,1474325,8,0.0,20,drift,0.5,200,175,False,256,7435,65771,,8.8461
TSOPF_RS_b300_c1,14538,1474325,8,0.0,20,drift,0.5,200,199,True,256,7435,65771,7435,8.8461
TSOPF_RS_b300_c1,14538,1474325,8,0.0,21,drift,0.5,200,0,False,256,7314,66400,,9.0785
TSOPF_RS_b300_c1,14538,1474325,8,0.0,21,drift,0.5,200,25,False,256,7314,66400,,9.0785
TSOPF_RS_b300_c1,14538,1474325,8,0.0,21,drift,0.5,200,50,False,256,7314,66400,,9.0785
TSOPF_RS_b300_c1,14538,1474325,8,0.0,21,drift,0.5,200,75,False,256,7314,66400,,9.0785
TSOPF_RS_b300_c1,14538,1474325,8,0.0,21,drift,0.5,200,100,False,256,7314,66400,,9.0785
TSOPF_RS_b300_c1,14538,1474325,8,0.0,21,drift,0.5,200,125,False,256,7314,66400,,9.0785
TSOPF_RS_b300_c1,14538,1474325,8,0.0,21,drift,0.5,200,150,False,256,7314,66400,,9.0785
TSOPF_RS_b300_c1,14538,1474325,8,0.0,21,drift,0.5,200,175,False,256,7314,66400,,9.0785
TSOPF_RS_b300_c1,14538,1474325,8,0.0,21,drift,0.5,200,199,True,256,7314,66400,7314,9.0785
TSOPF_RS_b300_c1,14538,1474325,8,0.002,17,drift,0.5,200,0,False,256,7435,65771,,8.8461
TSOPF_RS_b300_c1,14538,1474325,8,0.002,17,drift,0.5,200,25,False,256,7666,67135,,8.7575
TSOPF_RS_b300_c1,14538,1474325,8,0.002,17,drift,0.5,200,50,False,256,7757,67811,,8.7419
TSOPF_RS_b300_c1,14538,1474325,8,0.002,17,drift,0.5,200,75,False,256,7812,68481,,8.7661
TSOPF_RS_b300_c1,14538,1474325,8,0.002,17,drift,0.5,200,100,False,256,7817,68692,,8.7875
TSOPF_RS_b300_c1,14538,1474325,8,0.002,17,drift,0.5,200,125,False,256,7894,69579,,8.8142
TSOPF_RS_b300_c1,14538,1474325,8,0.002,17,drift,0.5,200,150,False,256,7890,69591,,8.8202
TSOPF_RS_b300_c1,14538,1474325,8,0.002,17,drift,0.5,200,175,False,256,7905,69932,,8.8466
TSOPF_RS_b300_c1,14538,1474325,8,0.002,17,drift,0.5,200,199,True,256,7927,70248,7927,8.8619
TSOPF_RS_b300_c1,14538,1474325,8,0.002,18,drift,0.5,200,0,False,256,7435,65771,,8.8461
TSOPF_RS_b300_c1,14538,1474325,8,0.002,18,drift,0.5,200,25,False,256,7594,66871,,8.8058
TSOPF_RS_b300_c1,14538,1474325,8,0.002,18,drift,0.5,200,50,False,256,7728,67236,,8.7003
TSOPF_RS_b300_c1,14538,1474325,8,0.002,18,drift,0.5,200,75,False,256,7743,67998,,8.7819
TSOPF_RS_b300_c1,14538,1474325,8,0.002,18,drift,0.5,200,100,False,256,7832,69222,,8.8384
TSOPF_RS_b300_c1,14538,1474325,8,0.002,18,drift,0.5,200,125,False,256,7909,69893,,8.8371
TSOPF_RS_b300_c1,14538,1474325,8,0.002,18,drift,0.5,200,150,False,256,7910,69984,,8.8475
TSOPF_RS_b300_c1,14538,1474325,8,0.002,18,drift,0.5,200,175,False,256,7929,70272,,8.8627
TSOPF_RS_b300_c1,14538,1474325,8,0.002,18,drift,0.5,200,199,True,256,7957,70284,7957,8.833
TSOPF_RS_b300_c1,14538,1474325,8,0.002,19,drift,0.5,200,0,False,256,7435,65771,,8.8461
TSOPF_RS_b300_c1,14538,1474325,8,0.002,19,drift,0.5,200,25,False,256,7561,66947,,8.8543
TSOPF_RS_b300_c1,14538,1474325,8,0.002,19,drift,0.5,200,50,False,256,7634,67888,,8.8928
TSOPF_RS_b300_c1,14538,1474325,8,0.002,19,drift,0.5,200,75,False,256,7744,68714,,8.8732
TSOPF_RS_b300_c1,14538,1474325,8,0.002,19,drift,0.5,200,100,False,256,7759,68667,,8.85
TSOPF_RS_b300_c1,14538,1474325,8,0.002,19,drift,0.5,200,125,False,256,7775,69086,,8.8857
TSOPF_RS_b300_c1,14538,1474325,8,0.002,19,drift,0.5,200,150,False,256,7784,69165,,8.8855
TSOPF_RS_b300_c1,14538,1474325,8,0.002,19,drift,0.5,200,175,False,256,7775,69196,,8.8998
TSOPF_RS_b300_c1,14538,1474325,8,0.002,19,drift,0.5,200,199,True,256,7828,69299,7828,8.8527
TSOPF_RS_b300_c1,14538,1474325,8,0.002,20,drift,0.5,200,0,False,256,7435,65771,,8.8461
TSOPF_RS_b300_c1,14538,1474325,8,0.002,20,drift,0.5,200,25,False,256,7603,66878,,8.7963
TSOPF_RS_b300_c1,14538,1474325,8,0.002,20,drift,0.5,200,50,False,256,7645,67331,,8.8072
TSOPF_RS_b300_c1,14538,1474325,8,0.002,20,drift,0.5,200,75,False,256,7786,68211,,8.7607
TSOPF_RS_b300_c1,14538,1474325,8,0.002,20,drift,0.5,200,100,False,256,7775,68354,,8.7915
TSOPF_RS_b300_c1,14538,1474325,8,0.002,20,drift,0.5,200,125,False,256,7796,68672,,8.8086
TSOPF_RS_b300_c1,14538,1474325,8,0.002,20,drift,0.5,200,150,False,256,7854,69019,,8.7878
TSOPF_RS_b300_c1,14538,1474325,8,0.002,20,drift,0.5,200,175,False,256,7909,69567,,8.7959
TSOPF_RS_b300_c1,14538,1474325,8,0.002,20,drift,0.5,200,199,True,256,7931,69858,7931,8.8082
TSOPF_RS_b300_c1,14538,1474325,8,0.002,21,drift,0.5,200,0,False,256,7314,66400,,9.0785
TSOPF_RS_b300_c1,14538,1474325,8,0.002,21,drift,0.5,200,25,False,256,7542,67345,,8.9293
TSOPF_RS_b300_c1,14538,1474325,8,0.002,21,drift,0.5,200,50,False,256,7660,68090,,8.889
TSOPF_RS_b300_c1,14538,1474325,8,0.002,21,drift,0.5,200,75,False,256,7741,68533,,8.8532
TSOPF_RS_b300_c1,14538,1474325,8,0.002,21,drift,0.5,200,100,False,256,7751,68871,,8.8854
TSOPF_RS_b300_c1,14538,1474325,8,0.002,21,drift,0.5,200,125,False,256,7746,69251,,8.9402
TSOPF_RS_b300_c1,14538,1474325,8,0.002,21,drift,0.5,200,150,False,256,7778,69408,,8.9236
TSOPF_RS_b300_c1,14538,1474325,8,0.002,21,drift,0.5,200,175,False,256,7801,69851,,8.9541
TSOPF_RS_b300_c1,14538,1474325,8,0.002,21,drift,0.5,200,199,True,256,7821,70289,7821,8.9872
TSOPF_RS_b300_c1,14538,1474325,8,0.01,17,drift,0.5,200,0,False,256,7435,65771,,8.8461
TSOPF_RS_b300_c1,14538,1474325,8,0.01,17,drift,0.5,200,25,False,256,7782,67999,,8.738
TSOPF_RS_b300_c1,14538,1474325,8,0.01,17,drift,0.5,200,50,False,256,7845,68770,,8.7661
TSOPF_RS_b300_c1,14538,1474325,8,0.01,17,drift,0.5,200,75,False,256,7916,69558,,8.787
TSOPF_RS_b300_c1,14538,1474325,8,0.01,17,drift,0.5,200,100,False,256,7971,69931,,8.7732
TSOPF_RS_b300_c1,14538,1474325,8,0.01,17,drift,0.5,200,125,False,256,7988,69995,,8.7625
TSOPF_RS_b300_c1,14538,1474325,8,0.01,17,drift,0.5,200,150,False,256,7978,63020,,7.8992
TSOPF_RS_b300_c1,14538,1474325,8,0.01,17,drift,0.5,200,175,False,256,7985,63203,,7.9152
TSOPF_RS_b300_c1,14538,1474325,8,0.01,17,drift,0.5,200,199,True,256,7959,56046,7959,7.0418
TSOPF_RS_b300_c1,14538,1474325,8,0.01,18,drift,0.5,200,0,False,256,7435,65771,,8.8461
TSOPF_RS_b300_c1,14538,1474325,8,0.01,18,drift,0.5,200,25,False,256,7729,67841,,8.7775
TSOPF_RS_b300_c1,14538,1474325,8,0.01,18,drift,0.5,200,50,False,256,7801,68504,,8.7814
TSOPF_RS_b300_c1,14538,1474325,8,0.01,18,drift,0.5,200,75,False,256,7863,69123,,8.7909
TSOPF_RS_b300_c1,14538,1474325,8,0.01,18,drift,0.5,200,100,False,256,7873,69095,,8.7762
TSOPF_RS_b300_c1,14538,1474325,8,0.01,18,drift,0.5,200,125,False,256,7909,68988,,8.7227
TSOPF_RS_b300_c1,14538,1474325,8,0.01,18,drift,0.5,200,150,False,256,7906,69146,,8.746
TSOPF_RS_b300_c1,14538,1474325,8,0.01,18,drift,0.5,200,175,False,256,7927,68620,,8.6565
TSOPF_RS_b300_c1,14538,1474325,8,0.01,18,drift,0.5,200,199,True,256,7962,68496,7962,8.6029
TSOPF_RS_b300_c1,14538,1474325,8,0.01,19,drift,0.5,200,0,False,256,7435,65771,,8.8461
TSOPF_RS_b300_c1,14538,1474325,8,0.01,19,drift,0.5,200,25,False,256,7704,68332,,8.8697
TSOPF_RS_b300_c1,14538,1474325,8,0.01,19,drift,0.5,200,50,False,256,7854,69168,,8.8067
TSOPF_RS_b300_c1,14538,1474325,8,0.01,19,drift,0.5,200,75,False,256,7915,70020,,8.8465
TSOPF_RS_b300_c1,14538,1474325,8,0.01,19,drift,0.5,200,100,False,256,7937,62823,,7.9152
TSOPF_RS_b300_c1,14538,1474325,8,0.01,19,drift,0.5,200,125,False,256,7928,62799,,7.9212
TSOPF_RS_b300_c1,14538,1474325,8,0.01,19,drift,0.5,200,150,False,256,7966,62933,,7.9002
TSOPF_RS_b300_c1,14538,1474325,8,0.01,19,drift,0.5,200,175,False,256,7966,62592,,7.8574
TSOPF_RS_b300_c1,14538,1474325,8,0.01,19,drift,0.5,200,199,True,256,8003,55766,8003,6.9681
TSOPF_RS_b300_c1,14538,1474325,8,0.01,20,drift,0.5,200,0,False,256,7435,65771,,8.8461
TSOPF_RS_b300_c1,14538,1474325,8,0.01,20,drift,0.5,200,25,False,256,7761,67551,,8.7039
TSOPF_RS_b300_c1,14538,1474325,8,0.01,20,drift,0.5,200,50,False,256,7827,68285,,8.7243
TSOPF_RS_b300_c1,14538,1474325,8,0.01,20,drift,0.5,200,75,False,256,7889,69434,,8.8014
TSOPF_RS_b300_c1,14538,1474325,8,0.01,20,drift,0.5,200,100,False,256,7922,62596,,7.9015
TSOPF_RS_b300_c1,14538,1474325,8,0.01,20,drift,0.5,200,125,False,256,7970,63446,,7.9606
TSOPF_RS_b300_c1,14538,1474325,8,0.01,20,drift,0.5,200,150,False,256,7963,55971,,7.0289
TSOPF_RS_b300_c1,14538,1474325,8,0.01,20,drift,0.5,200,175,False,256,8002,49128,,6.1395
TSOPF_RS_b300_c1,14538,1474325,8,0.01,20,drift,0.5,200,199,True,256,7996,55358,7996,6.9232
TSOPF_RS_b300_c1,14538,1474325,8,0.01,21,drift,0.5,200,0,False,256,7314,66400,,9.0785
TSOPF_RS_b300_c1,14538,1474325,8,0.01,21,drift,0.5,200,25,False,256,7739,68678,,8.8743
TSOPF_RS_b300_c1,14538,1474325,8,0.01,21,drift,0.5,200,50,False,256,7805,69590,,8.9161
TSOPF_RS_b300_c1,14538,1474325,8,0.01,21,drift,0.5,200,75,False,256,7950,70547,,8.8738
TSOPF_RS_b300_c1,14538,1474325,8,0.01,21,drift,0.5,200,100,False,256,7945,70579,,8.8834
TSOPF_RS_b300_c1,14538,1474325,8,0.01,21,drift,0.5,200,125,False,256,8010,71060,,8.8714
TSOPF_RS_b300_c1,14538,1474325,8,0.01,21,drift,0.5,200,150,False,256,8003,70186,,8.77
TSOPF_RS_b300_c1,14538,1474325,8,0.01,21,drift,0.5,200,175,False,256,8048,70218,,8.7249
TSOPF_RS_b300_c1,14538,1474325,8,0.01,21,drift,0.5,200,199,True,256,8011,70034,8011,8.7422
TSOPF_RS_b300_c1,14538,1474325,8,0.05,17,drift,0.5,200,0,False,256,7435,65771,,8.8461
TSOPF_RS_b300_c1,14538,1474325,8,0.05,17,drift,0.5,200,25,False,256,7878,69274,,8.7933
TSOPF_RS_b300_c1,14538,1474325,8,0.05,17,drift,0.5,200,50,False,256,7929,67970,,8.5723
TSOPF_RS_b300_c1,14538,1474325,8,0.05,17,drift,0.5,200,75,False,256,7834,59494,,7.5943
TSOPF_RS_b300_c1,14538,1474325,8,0.05,17,drift,0.5,200,100,False,256,7762,66001,,8.5031
TSOPF_RS_b300_c1,14538,1474325,8,0.05,17,drift,0.5,200,125,False,256,7726,66118,,8.5579
TSOPF_RS_b300_c1,14538,1474325,8,0.05,17,drift,0.5,200,150,False,256,7685,45000,,5.8556
TSOPF_RS_b300_c1,14538,1474325,8,0.05,17,drift,0.5,200,175,False,256,7662,17171,,2.2411
TSOPF_RS_b300_c1,14538,1474325,8,0.05,17,drift,0.5,200,199,True,256,7646,10144,7646,1.3267
TSOPF_RS_b300_c1,14538,1474325,8,0.05,18,drift,0.5,200,0,False,256,7435,65771,,8.8461
TSOPF_RS_b300_c1,14538,1474325,8,0.05,18,drift,0.5,200,25,False,256,7806,68974,,8.836
TSOPF_RS_b300_c1,14538,1474325,8,0.05,18,drift,0.5,200,50,False,256,8001,70543,,8.8168
TSOPF_RS_b300_c1,14538,1474325,8,0.05,18,drift,0.5,200,75,False,256,7968,69592,,8.7339
TSOPF_RS_b300_c1,14538,1474325,8,0.05,18,drift,0.5,200,100,False,256,7903,68315,,8.6442
TSOPF_RS_b300_c1,14538,1474325,8,0.05,18,drift,0.5,200,125,False,256,7815,66726,,8.5382
TSOPF_RS_b300_c1,14538,1474325,8,0.05,18,drift,0.5,200,150,False,256,7718,52176,,6.7603
TSOPF_RS_b300_c1,14538,1474325,8,0.05,18,drift,0.5,200,175,False,256,7677,44905,,5.8493
TSOPF_RS_b300_c1,14538,1474325,8,0.05,18,drift,0.5,200,199,True,256,7637,16877,7637,2.2099
TSOPF_RS_b300_c1,14538,1474325,8,0.05,19,drift,0.5,200,0,False,256,7435,65771,,8.8461
TSOPF_RS_b300_c1,14538,1474325,8,0.05,19,drift,0.5,200,25,False,256,7950,69826,,8.7831
TSOPF_RS_b300_c1,14538,1474325,8,0.05,19,drift,0.5,200,50,False,256,7922,69078,,8.7198
TSOPF_RS_b300_c1,14538,1474325,8,0.05,19,drift,0.5,200,75,False,256,7794,67200,,8.622
TSOPF_RS_b300_c1,14538,1474325,8,0.05,19,drift,0.5,200,100,False,256,7711,59297,,7.6899
TSOPF_RS_b300_c1,14538,1474325,8,0.05,19,drift,0.5,200,125,False,256,7681,44875,,5.8423
TSOPF_RS_b300_c1,14538,1474325,8,0.05,19,drift,0.5,200,150,False,256,7634,30916,,4.0498
TSOPF_RS_b300_c1,14538,1474325,8,0.05,19,drift,0.5,200,175,False,256,805,3059,,3.8
TSOPF_RS_b300_c1,14538,1474325,8,0.05,19,drift,0.5,200,199,True,256,697,2854,697,4.0947
TSOPF_RS_b300_c1,14538,1474325,8,0.05,20,drift,0.5,200,0,False,256,7435,65771,,8.8461
TSOPF_RS_b300_c1,14538,1474325,8,0.05,20,drift,0.5,200,25,False,256,7875,70053,,8.8956
TSOPF_RS_b300_c1,14538,1474325,8,0.05,20,drift,0.5,200,50,False,256,7915,69592,,8.7924
TSOPF_RS_b300_c1,14538,1474325,8,0.05,20,drift,0.5,200,75,False,256,7939,68435,,8.6201
TSOPF_RS_b300_c1,14538,1474325,8,0.05,20,drift,0.5,200,100,False,256,7864,67649,,8.6024
TSOPF_RS_b300_c1,14538,1474325,8,0.05,20,drift,0.5,200,125,False,256,7745,59502,,7.6826
TSOPF_RS_b300_c1,14538,1474325,8,0.05,20,drift,0.5,200,150,False,256,7754,45935,,5.924
TSOPF_RS_b300_c1,14538,1474325,8,0.05,20,drift,0.5,200,175,False,256,7665,24033,,3.1354
TSOPF_RS_b300_c1,14538,1474325,8,0.05,20,drift,0.5,200,199,True,256,7678,16986,7678,2.2123
TSOPF_RS_b300_c1,14538,1474325,8,0.05,21,drift,0.5,200,0,False,256,7314,66400,,9.0785
TSOPF_RS_b300_c1,14538,1474325,8,0.05,21,drift,0.5,200,25,False,256,7879,70801,,8.986
TSOPF_RS_b300_c1,14538,1474325,8,0.05,21,drift,0.5,200,50,False,256,7994,70126,,8.7723
TSOPF_RS_b300_c1,14538,1474325,8,0.05,21,drift,0.5,200,75,False,256,7923,68559,,8.6532
TSOPF_RS_b300_c1,14538,1474325,8,0.05,21,drift,0.5,200,100,False,256,7802,67583,,8.6623
TSOPF_RS_b300_c1,14538,1474325,8,0.05,21,drift,0.5,200,125,False,256,7781,53378,,6.86
TSOPF_RS_b300_c1,14538,1474325,8,0.05,21,drift,0.5,200,150,False,256,7698,31705,,4.1186
TSOPF_RS_b300_c1,14538,1474325,8,0.05,21,drift,0.5,200,175,False,256,7656,10189,,1.3309
TSOPF_RS_b300_c1,14538,1474325,8,0.05,21,drift,0.5,200,199,True,256,673,2804,673,4.1664
TSOPF_RS_b300_c1,14538,1474325,8,0.25,17,drift,0.5,200,0,False,256,7435,65771,,8.8461
TSOPF_RS_b300_c1,14538,1474325,8,0.25,17,drift,0.5,200,25,False,256,8031,69444,,8.647
TSOPF_RS_b300_c1,14538,1474325,8,0.25,17,drift,0.5,200,50,False,256,8026,70790,,8.8201
TSOPF_RS_b300_c1,14538,1474325,8,0.25,17,drift,0.5,200,75,False,256,8000,69613,,8.7016
TSOPF_RS_b300_c1,14538,1474325,8,0.25,17,drift,0.5,200,100,False,256,7881,69791,,8.8556
TSOPF_RS_b300_c1,14538,1474325,8,0.25,17,drift,0.5,200,125,False,256,7995,70273,,8.7896
TSOPF_RS_b300_c1,14538,1474325,8,0.25,17,drift,0.5,200,150,False,256,7957,69702,,8.7598
TSOPF_RS_b300_c1,14538,1474325,8,0.25,17,drift,0.5,200,175,False,256,8028,70598,,8.794
TSOPF_RS_b300_c1,14538,1474325,8,0.25,17,drift,0.5,200,199,True,256,7911,70162,7911,8.8689
TSOPF_RS_b300_c1,14538,1474325,8,0.25,18,drift,0.5,200,0,False,256,7435,65771,,8.8461
TSOPF_RS_b300_c1,14538,1474325,8,0.25,18,drift,0.5,200,25,False,256,7883,68586,,8.7005
TSOPF_RS_b300_c1,14538,1474325,8,0.25,18,drift,0.5,200,50,False,256,7928,69203,,8.7289
TSOPF_RS_b300_c1,14538,1474325,8,0.25,18,drift,0.5,200,75,False,256,8039,70348,,8.7508
TSOPF_RS_b300_c1,14538,1474325,8,0.25,18,drift,0.5,200,100,False,256,7822,70174,,8.9714
TSOPF_RS_b300_c1,14538,1474325,8,0.25,18,drift,0.5,200,125,False,256,8000,71734,,8.9667
TSOPF_RS_b300_c1,14538,1474325,8,0.25,18,drift,0.5,200,150,False,256,7930,71691,,9.0405
TSOPF_RS_b300_c1,14538,1474325,8,0.25,18,drift,0.5,200,175,False,256,7918,71137,,8.9842
TSOPF_RS_b300_c1,14538,1474325,8,0.25,18,drift,0.5,200,199,True,256,7890,70015,7890,8.8739
TSOPF_RS_b300_c1,14538,1474325,8,0.25,19,drift,0.5,200,0,False,256,7435,65771,,8.8461
TSOPF_RS_b300_c1,14538,1474325,8,0.25,19,drift,0.5,200,25,False,256,7900,68641,,8.6887
TSOPF_RS_b300_c1,14538,1474325,8,0.25,19,drift,0.5,200,50,False,256,7864,69526,,8.841
TSOPF_RS_b300_c1,14538,1474325,8,0.25,19,drift,0.5,200,75,False,256,7739,68733,,8.8814
TSOPF_RS_b300_c1,14538,1474325,8,0.25,19,drift,0.5,200,100,False,256,7750,66673,,8.603
TSOPF_RS_b300_c1,14538,1474325,8,0.25,19,drift,0.5,200,125,False,256,7638,9906,,1.2969
TSOPF_RS_b300_c1,14538,1474325,8,0.25,19,drift,0.5,200,150,False,256,734,3113,,4.2411
TSOPF_RS_b300_c1,14538,1474325,8,0.25,19,drift,0.5,200,175,False,256,722,2822,,3.9086
TSOPF_RS_b300_c1,14538,1474325,8,0.25,19,drift,0.5,200,199,True,256,729,2924,729,4.011
TSOPF_RS_b300_c1,14538,1474325,8,0.25,20,drift,0.5,200,0,False,256,7435,65771,,8.8461
TSOPF_RS_b300_c1,14538,1474325,8,0.25,20,drift,0.5,200,25,False,256,7937,69873,,8.8035
TSOPF_RS_b300_c1,14538,1474325,8,0.25,20,drift,0.5,200,50,False,256,7977,69112,,8.6639
TSOPF_RS_b300_c1,14538,1474325,8,0.25,20,drift,0.5,200,75,False,256,8053,70876,,8.8012
TSOPF_RS_b300_c1,14538,1474325,8,0.25,20,drift,0.5,200,100,False,256,8059,71020,,8.8125
TSOPF_RS_b300_c1,14538,1474325,8,0.25,20,drift,0.5,200,125,False,256,8085,70706,,8.7453
TSOPF_RS_b300_c1,14538,1474325,8,0.25,20,drift,0.5,200,150,False,256,7864,68903,,8.7618
TSOPF_RS_b300_c1,14538,1474325,8,0.25,20,drift,0.5,200,175,False,256,7940,69619,,8.7681
TSOPF_RS_b300_c1,14538,1474325,8,0.25,20,drift,0.5,200,199,True,256,8020,70547,8020,8.7964
TSOPF_RS_b300_c1,14538,1474325,8,0.25,21,drift,0.5,200,0,False,256,7314,66400,,9.0785
TSOPF_RS_b300_c1,14538,1474325,8,0.25,21,drift,0.5,200,25,False,256,7911,70585,,8.9224
TSOPF_RS_b300_c1,14538,1474325,8,0.25,21,drift,0.5,200,50,False,256,7898,70853,,8.971
TSOPF_RS_b300_c1,14538,1474325,8,0.25,21,drift,0.5,200,75,False,256,7836,69777,,8.9047
TSOPF_RS_b300_c1,14538,1474325,8,0.25,21,drift,0.5,200,100,False,256,7961,69853,,8.7744
TSOPF_RS_b300_c1,14538,1474325,8,0.25,21,drift,0.5,200,125,False,256,8061,71117,,8.8224
TSOPF_RS_b300_c1,14538,1474325,8,0.25,21,drift,0.5,200,150,False,256,7915,69312,,8.757
TSOPF_RS_b300_c1,14538,1474325,8,0.25,21,drift,0.5,200,175,False,256,7927,69514,,8.7693
TSOPF_RS_b300_c1,14538,1474325,8,0.25,21,drift,0.5,200,199,True,256,7977,69671,7977,8.734
TSOPF_RS_b300_c1,14538,1474325,8,0.0,17,jump,0.5,200,0,False,256,7435,65771,,8.8461
TSOPF_RS_b300_c1,14538,1474325,8,0.0,17,jump,0.5,200,25,False,256,7435,65771,,8.8461
TSOPF_RS_b300_c1,14538,1474325,8,0.0,17,jump,0.5,200,50,False,256,7435,65771,,8.8461
TSOPF_RS_b300_c1,14538,1474325,8,0.0,17,jump,0.5,200,75,False,256,7435,65771,,8.8461
TSOPF_RS_b300_c1,14538,1474325,8,0.0,17,jump,0.5,200,100,False,256,7435,65771,,8.8461
TSOPF_RS_b300_c1,14538,1474325,8,0.0,17,jump,0.5,200,125,False,256,7435,65771,,8.8461
TSOPF_RS_b300_c1,14538,1474325,8,0.0,17,jump,0.5,200,150,False,256,7435,65771,,8.8461
TSOPF_RS_b300_c1,14538,1474325,8,0.0,17,jump,0.5,200,175,False,256,7435,65771,,8.8461
TSOPF_RS_b300_c1,14538,1474325,8,0.0,17,jump,0.5,200,199,True,256,7435,65771,7435,8.8461
TSOPF_RS_b300_c1,14538,1474325,8,0.0,18,jump,0.5,200,0,False,256,7435,65771,,8.8461
TSOPF_RS_b300_c1,14538,1474325,8,0.0,18,jump,0.5,200,25,False,256,7435,65771,,8.8461
TSOPF_RS_b300_c1,14538,1474325,8,0.0,18,jump,0.5,200,50,False,256,7435,65771,,8.8461
TSOPF_RS_b300_c1,14538,1474325,8,0.0,18,jump,0.5,200,75,False,256,7435,65771,,8.8461
TSOPF_RS_b300_c1,14538,1474325,8,0.0,18,jump,0.5,200,100,False,256,7435,65771,,8.8461
TSOPF_RS_b300_c1,14538,1474325,8,0.0,18,jump,0.5,200,125,False,256,7435,65771,,8.8461
TSOPF_RS_b300_c1,14538,1474325,8,0.0,18,jump,0.5,200,150,False,256,7435,65771,,8.8461
TSOPF_RS_b300_c1,14538,1474325,8,0.0,18,jump,0.5,200,175,False,256,7435,65771,,8.8461
TSOPF_RS_b300_c1,14538,1474325,8,0.0,18,jump,0.5,200,199,True,256,7435,65771,7435,8.8461
TSOPF_RS_b300_c1,14538,1474325,8,0.0,19,jump,0.5,200,0,False,256,7435,65771,,8.8461
TSOPF_RS_b300_c1,14538,1474325,8,0.0,19,jump,0.5,200,25,False,256,7435,65771,,8.8461
TSOPF_RS_b300_c1,14538,1474325,8,0.0,19,jump,0.5,200,50,False,256,7435,65771,,8.8461
TSOPF_RS_b300_c1,14538,1474325,8,0.0,19,jump,0.5,200,75,False,256,7435,65771,,8.8461
TSOPF_RS_b300_c1,14538,1474325,8,0.0,19,jump,0.5,200,100,False,256,7435,65771,,8.8461
TSOPF_RS_b300_c1,14538,1474325,8,0.0,19,jump,0.5,200,125,False,256,7435,65771,,8.8461
TSOPF_RS_b300_c1,14538,1474325,8,0.0,19,jump,0.5,200,150,False,256,7435,65771,,8.8461
TSOPF_RS_b300_c1,14538,1474325,8,0.0,19,jump,0.5,200,175,False,256,7435,65771,,8.8461
TSOPF_RS_b300_c1,14538,1474325,8,0.0,19,jump,0.5,200,199,True,256,7435,65771,7435,8.8461
TSOPF_RS_b300_c1,14538,1474325,8,0.0,20,jump,0.5,200,0,False,256,7435,65771,,8.8461
TSOPF_RS_b300_c1,14538,1474325,8,0.0,20,jump,0.5,200,25,False,256,7435,65771,,8.8461
TSOPF_RS_b300_c1,14538,1474325,8,0.0,20,jump,0.5,200,50,False,256,7435,65771,,8.8461
TSOPF_RS_b300_c1,14538,1474325,8,0.0,20,jump,0.5,200,75,False,256,7435,65771,,8.8461
TSOPF_RS_b300_c1,14538,1474325,8,0.0,20,jump,0.5,200,100,False,256,7435,65771,,8.8461
TSOPF_RS_b300_c1,14538,1474325,8,0.0,20,jump,0.5,200,125,False,256,7435,65771,,8.8461
TSOPF_RS_b300_c1,14538,1474325,8,0.0,20,jump,0.5,200,150,False,256,7435,65771,,8.8461
TSOPF_RS_b300_c1,14538,1474325,8,0.0,20,jump,0.5,200,175,False,256,7435,65771,,8.8461
TSOPF_RS_b300_c1,14538,1474325,8,0.0,20,jump,0.5,200,199,True,256,7435,65771,7435,8.8461
TSOPF_RS_b300_c1,14538,1474325,8,0.0,21,jump,0.5,200,0,False,256,7314,66400,,9.0785
TSOPF_RS_b300_c1,14538,1474325,8,0.0,21,jump,0.5,200,25,False,256,7314,66400,,9.0785
TSOPF_RS_b300_c1,14538,1474325,8,0.0,21,jump,0.5,200,50,False,256,7314,66400,,9.0785
TSOPF_RS_b300_c1,14538,1474325,8,0.0,21,jump,0.5,200,75,False,256,7314,66400,,9.0785
TSOPF_RS_b300_c1,14538,1474325,8,0.0,21,jump,0.5,200,100,False,256,7314,66400,,9.0785
TSOPF_RS_b300_c1,14538,1474325,8,0.0,21,jump,0.5,200,125,False,256,7314,66400,,9.0785
TSOPF_RS_b300_c1,14538,1474325,8,0.0,21,jump,0.5,200,150,False,256,7314,66400,,9.0785
TSOPF_RS_b300_c1,14538,1474325,8,0.0,21,jump,0.5,200,175,False,256,7314,66400,,9.0785
TSOPF_RS_b300_c1,14538,1474325,8,0.0,21,jump,0.5,200,199,True,256,7314,66400,7314,9.0785
TSOPF_RS_b300_c1,14538,1474325,8,0.002,17,jump,0.5,200,0,False,256,7435,65771,,8.8461
TSOPF_RS_b300_c1,14538,1474325,8,0.002,17,jump,0.5,200,25,False,256,7798,67807,,8.6954
TSOPF_RS_b300_c1,14538,1474325,8,0.002,17,jump,0.5,200,50,False,256,8119,69466,,8.556
TSOPF_RS_b300_c1,14538,1474325,8,0.002,17,jump,0.5,200,75,False,256,8366,71896,,8.5938
TSOPF_RS_b300_c1,14538,1474325,8,0.002,17,jump,0.5,200,100,False,256,8614,73109,,8.4872
TSOPF_RS_b300_c1,14538,1474325,8,0.002,17,jump,0.5,200,125,False,256,8773,73928,,8.4268
TSOPF_RS_b300_c1,14538,1474325,8,0.002,17,jump,0.5,200,150,False,256,8923,75075,,8.4137
TSOPF_RS_b300_c1,14538,1474325,8,0.002,17,jump,0.5,200,175,False,256,9095,75735,,8.3271
TSOPF_RS_b300_c1,14538,1474325,8,0.002,17,jump,0.5,200,199,True,256,9281,77493,9281,8.3496
TSOPF_RS_b300_c1,14538,1474325,8,0.002,18,jump,0.5,200,0,False,256,7435,65771,,8.8461
TSOPF_RS_b300_c1,14538,1474325,8,0.002,18,jump,0.5,200,25,False,256,7848,67905,,8.6525
TSOPF_RS_b300_c1,14538,1474325,8,0.002,18,jump,0.5,200,50,False,256,8205,70348,,8.5738
TSOPF_RS_b300_c1,14538,1474325,8,0.002,18,jump,0.5,200,75,False,256,8453,72311,,8.5545
TSOPF_RS_b300_c1,14538,1474325,8,0.002,18,jump,0.5,200,100,False,256,8579,73832,,8.6061
TSOPF_RS_b300_c1,14538,1474325,8,0.002,18,jump,0.5,200,125,False,256,8818,74839,,8.4871
TSOPF_RS_b300_c1,14538,1474325,8,0.002,18,jump,0.5,200,150,False,256,8983,75918,,8.4513
TSOPF_RS_b300_c1,14538,1474325,8,0.002,18,jump,0.5,200,175,False,256,9126,77380,,8.4791
TSOPF_RS_b300_c1,14538,1474325,8,0.002,18,jump,0.5,200,199,True,256,9261,78356,9261,8.4609
TSOPF_RS_b300_c1,14538,1474325,8,0.002,19,jump,0.5,200,0,False,256,7435,65771,,8.8461
TSOPF_RS_b300_c1,14538,1474325,8,0.002,19,jump,0.5,200,25,False,256,7827,68072,,8.6971
TSOPF_RS_b300_c1,14538,1474325,8,0.002,19,jump,0.5,200,50,False,256,8172,70288,,8.6011
TSOPF_RS_b300_c1,14538,1474325,8,0.002,19,jump,0.5,200,75,False,256,8466,72264,,8.5358
TSOPF_RS_b300_c1,14538,1474325,8,0.002,19,jump,0.5,200,100,False,256,8669,74253,,8.5653
TSOPF_RS_b300_c1,14538,1474325,8,0.002,19,jump,0.5,200,125,False,256,8847,75258,,8.5066
TSOPF_RS_b300_c1,14538,1474325,8,0.002,19,jump,0.5,200,150,False,256,8931,69572,,7.7899
TSOPF_RS_b300_c1,14538,1474325,8,0.002,19,jump,0.5,200,175,False,256,9158,70981,,7.7507
TSOPF_RS_b300_c1,14538,1474325,8,0.002,19,jump,0.5,200,199,True,256,9246,71693,9246,7.7539
TSOPF_RS_b300_c1,14538,1474325,8,0.002,20,jump,0.5,200,0,False,256,7435,65771,,8.8461
TSOPF_RS_b300_c1,14538,1474325,8,0.002,20,jump,0.5,200,25,False,256,7814,68194,,8.7272
TSOPF_RS_b300_c1,14538,1474325,8,0.002,20,jump,0.5,200,50,False,256,8205,70908,,8.642
TSOPF_RS_b300_c1,14538,1474325,8,0.002,20,jump,0.5,200,75,False,256,8442,72306,,8.565
TSOPF_RS_b300_c1,14538,1474325,8,0.002,20,jump,0.5,200,100,False,256,8684,74312,,8.5573
TSOPF_RS_b300_c1,14538,1474325,8,0.002,20,jump,0.5,200,125,False,256,8907,75845,,8.5152
TSOPF_RS_b300_c1,14538,1474325,8,0.002,20,jump,0.5,200,150,False,256,9095,77368,,8.5067
TSOPF_RS_b300_c1,14538,1474325,8,0.002,20,jump,0.5,200,175,False,256,9256,78223,,8.4511
TSOPF_RS_b300_c1,14538,1474325,8,0.002,20,jump,0.5,200,199,True,256,9390,78787,9390,8.3905
TSOPF_RS_b300_c1,14538,1474325,8,0.002,21,jump,0.5,200,0,False,256,7314,66400,,9.0785
TSOPF_RS_b300_c1,14538,1474325,8,0.002,21,jump,0.5,200,25,False,256,7676,68637,,8.9418
TSOPF_RS_b300_c1,14538,1474325,8,0.002,21,jump,0.5,200,50,False,256,8009,70678,,8.8248
TSOPF_RS_b300_c1,14538,1474325,8,0.002,21,jump,0.5,200,75,False,256,8343,72640,,8.7067
TSOPF_RS_b300_c1,14538,1474325,8,0.002,21,jump,0.5,200,100,False,256,8660,74570,,8.6109
TSOPF_RS_b300_c1,14538,1474325,8,0.002,21,jump,0.5,200,125,False,256,8856,76182,,8.6023
TSOPF_RS_b300_c1,14538,1474325,8,0.002,21,jump,0.5,200,150,False,256,9012,77208,,8.5672
TSOPF_RS_b300_c1,14538,1474325,8,0.002,21,jump,0.5,200,175,False,256,9220,78729,,8.5389
TSOPF_RS_b300_c1,14538,1474325,8,0.002,21,jump,0.5,200,199,True,256,9362,80452,9362,8.5935
TSOPF_RS_b300_c1,14538,1474325,8,0.01,17,jump,0.5,200,0,False,256,7435,65771,,8.8461
TSOPF_RS_b300_c1,14538,1474325,8,0.01,17,jump,0.5,200,25,False,256,8381,71092,,8.4825
TSOPF_RS_b300_c1,14538,1474325,8,0.01,17,jump,0.5,200,50,False,256,9075,75005,,8.265
TSOPF_RS_b300_c1,14538,1474325,8,0.01,17,jump,0.5,200,75,False,256,9420,76398,,8.1102
TSOPF_RS_b300_c1,14538,1474325,8,0.01,17,jump,0.5,200,100,False,256,9774,79097,,8.0926
TSOPF_RS_b300_c1,14538,1474325,8,0.01,17,jump,0.5,200,125,False,256,9893,73713,,7.451
TSOPF_RS_b300_c1,14538,1474325,8,0.01,17,jump,0.5,200,150,False,256,10031,60918,,6.073
TSOPF_RS_b300_c1,14538,1474325,8,0.01,17,jump,0.5,200,175,False,256,10127,60638,,5.9878
TSOPF_RS_b300_c1,14538,1474325,8,0.01,17,jump,0.5,200,199,True,256,10115,62276,10115,6.1568
TSOPF_RS_b300_c1,14538,1474325,8,0.01,18,jump,0.5,200,0,False,256,7435,65771,,8.8461
TSOPF_RS_b300_c1,14538,1474325,8,0.01,18,jump,0.5,200,25,False,256,8449,72092,,8.5326
TSOPF_RS_b300_c1,14538,1474325,8,0.01,18,jump,0.5,200,50,False,256,9020,75872,,8.4115
TSOPF_RS_b300_c1,14538,1474325,8,0.01,18,jump,0.5,200,75,False,256,9443,80140,,8.4867
TSOPF_RS_b300_c1,14538,1474325,8,0.01,18,jump,0.5,200,100,False,256,9651,81410,,8.4354
TSOPF_RS_b300_c1,14538,1474325,8,0.01,18,jump,0.5,200,125,False,256,9885,82966,,8.3931
TSOPF_RS_b300_c1,14538,1474325,8,0.01,18,jump,0.5,200,150,False,256,9960,82697,,8.3029
TSOPF_RS_b300_c1,14538,1474325,8,0.01,18,jump,0.5,200,175,False,256,10117,76226,,7.5344
TSOPF_RS_b300_c1,14538,1474325,8,0.01,18,jump,0.5,200,199,True,256,10156,63448,10156,6.2473
TSOPF_RS_b300_c1,14538,1474325,8,0.01,19,jump,0.5,200,0,False,256,7435,65771,,8.8461
TSOPF_RS_b300_c1,14538,1474325,8,0.01,19,jump,0.5,200,25,False,256,8419,71876,,8.5374
TSOPF_RS_b300_c1,14538,1474325,8,0.01,19,jump,0.5,200,50,False,256,8976,76835,,8.56
TSOPF_RS_b300_c1,14538,1474325,8,0.01,19,jump,0.5,200,75,False,256,9367,79202,,8.4554
TSOPF_RS_b300_c1,14538,1474325,8,0.01,19,jump,0.5,200,100,False,256,9716,82035,,8.4433
TSOPF_RS_b300_c1,14538,1474325,8,0.01,19,jump,0.5,200,125,False,256,9938,70247,,7.0685
TSOPF_RS_b300_c1,14538,1474325,8,0.01,19,jump,0.5,200,150,False,256,10117,62940,,6.2212
TSOPF_RS_b300_c1,14538,1474325,8,0.01,19,jump,0.5,200,175,False,256,10215,56658,,5.5465
TSOPF_RS_b300_c1,14538,1474325,8,0.01,19,jump,0.5,200,199,True,256,10228,50664,10228,4.9535
TSOPF_RS_b300_c1,14538,1474325,8,0.01,20,jump,0.5,200,0,False,256,7435,65771,,8.8461
TSOPF_RS_b300_c1,14538,1474325,8,0.01,20,jump,0.5,200,25,False,256,8448,71098,,8.416
TSOPF_RS_b300_c1,14538,1474325,8,0.01,20,jump,0.5,200,50,False,256,9149,75542,,8.2569
TSOPF_RS_b300_c1,14538,1474325,8,0.01,20,jump,0.5,200,75,False,256,9447,77852,,8.2409
TSOPF_RS_b300_c1,14538,1474325,8,0.01,20,jump,0.5,200,100,False,256,9683,78893,,8.1476
TSOPF_RS_b300_c1,14538,1474325,8,0.01,20,jump,0.5,200,125,False,256,9890,79513,,8.0397
TSOPF_RS_b300_c1,14538,1474325,8,0.01,20,jump,0.5,200,150,False,256,10053,67086,,6.6732
TSOPF_RS_b300_c1,14538,1474325,8,0.01,20,jump,0.5,200,175,False,256,10137,61235,,6.0407
TSOPF_RS_b300_c1,14538,1474325,8,0.01,20,jump,0.5,200,199,True,256,10174,62021,10174,6.096
TSOPF_RS_b300_c1,14538,1474325,8,0.01,21,jump,0.5,200,0,False,256,7314,66400,,9.0785
TSOPF_RS_b300_c1,14538,1474325,8,0.01,21,jump,0.5,200,25,False,256,8342,73291,,8.7858
TSOPF_RS_b300_c1,14538,1474325,8,0.01,21,jump,0.5,200,50,False,256,9160,78784,,8.6009
TSOPF_RS_b300_c1,14538,1474325,8,0.01,21,jump,0.5,200,75,False,256,9468,81330,,8.59
TSOPF_RS_b300_c1,14538,1474325,8,0.01,21,jump,0.5,200,100,False,256,9676,82004,,8.475
TSOPF_RS_b300_c1,14538,1474325,8,0.01,21,jump,0.5,200,125,False,256,9973,82127,,8.2349
TSOPF_RS_b300_c1,14538,1474325,8,0.01,21,jump,0.5,200,150,False,256,10154,70179,,6.9115
TSOPF_RS_b300_c1,14538,1474325,8,0.01,21,jump,0.5,200,175,False,256,10257,62770,,6.1197
TSOPF_RS_b300_c1,14538,1474325,8,0.01,21,jump,0.5,200,199,True,256,10325,69436,10325,6.725
TSOPF_RS_b300_c1,14538,1474325,8,0.05,17,jump,0.5,200,0,False,256,7435,65771,,8.8461
TSOPF_RS_b300_c1,14538,1474325,8,0.05,17,jump,0.5,200,25,False,256,9979,82774,,8.2948
TSOPF_RS_b300_c1,14538,1474325,8,0.05,17,jump,0.5,200,50,False,256,10335,51534,,4.9864
TSOPF_RS_b300_c1,14538,1474325,8,0.05,17,jump,0.5,200,75,False,256,10166,43165,,4.246
TSOPF_RS_b300_c1,14538,1474325,8,0.05,17,jump,0.5,200,100,False,256,10228,42890,,4.1934
TSOPF_RS_b300_c1,14538,1474325,8,0.05,17,jump,0.5,200,125,False,256,10218,28635,,2.8024
TSOPF_RS_b300_c1,14538,1474325,8,0.05,17,jump,0.5,200,150,False,256,10086,22794,,2.26
TSOPF_RS_b300_c1,14538,1474325,8,0.05,17,jump,0.5,200,175,False,256,10192,29732,,2.9172
TSOPF_RS_b300_c1,14538,1474325,8,0.05,17,jump,0.5,200,199,True,256,10290,35434,10290,3.4435
TSOPF_RS_b300_c1,14538,1474325,8,0.05,18,jump,0.5,200,0,False,256,7435,65771,,8.8461
TSOPF_RS_b300_c1,14538,1474325,8,0.05,18,jump,0.5,200,25,False,256,9793,81983,,8.3716
TSOPF_RS_b300_c1,14538,1474325,8,0.05,18,jump,0.5,200,50,False,256,10093,68273,,6.7644
TSOPF_RS_b300_c1,14538,1474325,8,0.05,18,jump,0.5,200,75,False,256,10242,43363,,4.2338
TSOPF_RS_b300_c1,14538,1474325,8,0.05,18,jump,0.5,200,100,False,256,10295,37336,,3.6266
TSOPF_RS_b300_c1,14538,1474325,8,0.05,18,jump,0.5,200,125,False,256,10150,30314,,2.9866
TSOPF_RS_b300_c1,14538,1474325,8,0.05,18,jump,0.5,200,150,False,256,10115,36033,,3.5623
TSOPF_RS_b300_c1,14538,1474325,8,0.05,18,jump,0.5,200,175,False,256,10254,38195,,3.7249
TSOPF_RS_b300_c1,14538,1474325,8,0.05,18,jump,0.5,200,199,True,256,9654,22699,9654,2.3513
TSOPF_RS_b300_c1,14538,1474325,8,0.05,19,jump,0.5,200,0,False,256,7435,65771,,8.8461
TSOPF_RS_b300_c1,14538,1474325,8,0.05,19,jump,0.5,200,25,False,256,9898,83014,,8.3869
TSOPF_RS_b300_c1,14538,1474325,8,0.05,19,jump,0.5,200,50,False,256,10208,84993,,8.3261
TSOPF_RS_b300_c1,14538,1474325,8,0.05,19,jump,0.5,200,75,False,256,10268,57824,,5.6315
TSOPF_RS_b300_c1,14538,1474325,8,0.05,19,jump,0.5,200,100,False,256,10246,37130,,3.6239
TSOPF_RS_b300_c1,14538,1474325,8,0.05,19,jump,0.5,200,125,False,256,9839,23930,,2.4322
TSOPF_RS_b300_c1,14538,1474325,8,0.05,19,jump,0.5,200,150,False,256,9839,22285,,2.265
TSOPF_RS_b300_c1,14538,1474325,8,0.05,19,jump,0.5,200,175,False,256,10190,29830,,2.9274
TSOPF_RS_b300_c1,14538,1474325,8,0.05,19,jump,0.5,200,199,True,256,10218,30226,10218,2.9581
TSOPF_RS_b300_c1,14538,1474325,8,0.05,20,jump,0.5,200,0,False,256,7435,65771,,8.8461
TSOPF_RS_b300_c1,14538,1474325,8,0.05,20,jump,0.5,200,25,False,256,9866,80342,,8.1433
TSOPF_RS_b300_c1,14538,1474325,8,0.05,20,jump,0.5,200,50,False,256,10169,48460,,4.7655
TSOPF_RS_b300_c1,14538,1474325,8,0.05,20,jump,0.5,200,75,False,256,10346,35529,,3.4341
TSOPF_RS_b300_c1,14538,1474325,8,0.05,20,jump,0.5,200,100,False,256,9797,23351,,2.3835
TSOPF_RS_b300_c1,14538,1474325,8,0.05,20,jump,0.5,200,125,False,256,10395,29969,,2.883
TSOPF_RS_b300_c1,14538,1474325,8,0.05,20,jump,0.5,200,150,False,256,10403,30848,,2.9653
TSOPF_RS_b300_c1,14538,1474325,8,0.05,20,jump,0.5,200,175,False,256,10262,30010,,2.9244
TSOPF_RS_b300_c1,14538,1474325,8,0.05,20,jump,0.5,200,199,True,256,10228,34973,10228,3.4193
TSOPF_RS_b300_c1,14538,1474325,8,0.05,21,jump,0.5,200,0,False,256,7314,66400,,9.0785
TSOPF_RS_b300_c1,14538,1474325,8,0.05,21,jump,0.5,200,25,False,256,9801,82541,,8.4217
TSOPF_RS_b300_c1,14538,1474325,8,0.05,21,jump,0.5,200,50,False,256,10219,51813,,5.0703
TSOPF_RS_b300_c1,14538,1474325,8,0.05,21,jump,0.5,200,75,False,256,9991,21914,,2.1934
TSOPF_RS_b300_c1,14538,1474325,8,0.05,21,jump,0.5,200,100,False,256,9580,20439,,2.1335
TSOPF_RS_b300_c1,14538,1474325,8,0.05,21,jump,0.5,200,125,False,256,10265,35329,,3.4417
TSOPF_RS_b300_c1,14538,1474325,8,0.05,21,jump,0.5,200,150,False,256,10290,28677,,2.7869
TSOPF_RS_b300_c1,14538,1474325,8,0.05,21,jump,0.5,200,175,False,256,10258,35958,,3.5054
TSOPF_RS_b300_c1,14538,1474325,8,0.05,21,jump,0.5,200,199,True,256,10327,28434,10327,2.7534
TSOPF_RS_b300_c1,14538,1474325,8,0.25,17,jump,0.5,200,0,False,256,7435,65771,,8.8461
TSOPF_RS_b300_c1,14538,1474325,8,0.25,17,jump,0.5,200,25,False,256,10179,35669,,3.5042
TSOPF_RS_b300_c1,14538,1474325,8,0.25,17,jump,0.5,200,50,False,256,9975,22633,,2.269
TSOPF_RS_b300_c1,14538,1474325,8,0.25,17,jump,0.5,200,75,False,256,10293,36635,,3.5592
TSOPF_RS_b300_c1,14538,1474325,8,0.25,17,jump,0.5,200,100,False,256,10324,37514,,3.6337
TSOPF_RS_b300_c1,14538,1474325,8,0.25,17,jump,0.5,200,125,False,256,10466,27956,,2.6711
TSOPF_RS_b300_c1,14538,1474325,8,0.25,17,jump,0.5,200,150,False,256,10244,36268,,3.5404
TSOPF_RS_b300_c1,14538,1474325,8,0.25,17,jump,0.5,200,175,False,256,10234,29193,,2.8526
TSOPF_RS_b300_c1,14538,1474325,8,0.25,17,jump,0.5,200,199,True,256,10328,37676,10328,3.6479
TSOPF_RS_b300_c1,14538,1474325,8,0.25,18,jump,0.5,200,0,False,256,7435,65771,,8.8461
TSOPF_RS_b300_c1,14538,1474325,8,0.25,18,jump,0.5,200,25,False,256,9653,21971,,2.2761
TSOPF_RS_b300_c1,14538,1474325,8,0.25,18,jump,0.5,200,50,False,256,10327,29578,,2.8641
TSOPF_RS_b300_c1,14538,1474325,8,0.25,18,jump,0.5,200,75,False,256,10160,36221,,3.5651
TSOPF_RS_b300_c1,14538,1474325,8,0.25,18,jump,0.5,200,100,False,256,10026,22424,,2.2366
TSOPF_RS_b300_c1,14538,1474325,8,0.25,18,jump,0.5,200,125,False,256,9670,21671,,2.2411
TSOPF_RS_b300_c1,14538,1474325,8,0.25,18,jump,0.5,200,150,False,256,10255,28652,,2.794
TSOPF_RS_b300_c1,14538,1474325,8,0.25,18,jump,0.5,200,175,False,256,9906,24154,,2.4383
TSOPF_RS_b300_c1,14538,1474325,8,0.25,18,jump,0.5,200,199,True,256,10153,30552,10153,3.0092
TSOPF_RS_b300_c1,14538,1474325,8,0.25,19,jump,0.5,200,0,False,256,7435,65771,,8.8461
TSOPF_RS_b300_c1,14538,1474325,8,0.25,19,jump,0.5,200,25,False,256,10303,30201,,2.9313
TSOPF_RS_b300_c1,14538,1474325,8,0.25,19,jump,0.5,200,50,False,256,10251,28272,,2.758
TSOPF_RS_b300_c1,14538,1474325,8,0.25,19,jump,0.5,200,75,False,256,10349,37465,,3.6202
TSOPF_RS_b300_c1,14538,1474325,8,0.25,19,jump,0.5,200,100,False,256,10166,21988,,2.1629
TSOPF_RS_b300_c1,14538,1474325,8,0.25,19,jump,0.5,200,125,False,256,10133,36638,,3.6157
TSOPF_RS_b300_c1,14538,1474325,8,0.25,19,jump,0.5,200,150,False,256,10282,36024,,3.5036
TSOPF_RS_b300_c1,14538,1474325,8,0.25,19,jump,0.5,200,175,False,256,10384,36674,,3.5318
TSOPF_RS_b300_c1,14538,1474325,8,0.25,19,jump,0.5,200,199,True,256,9658,21872,9658,2.2647
TSOPF_RS_b300_c1,14538,1474325,8,0.25,20,jump,0.5,200,0,False,256,7435,65771,,8.8461
TSOPF_RS_b300_c1,14538,1474325,8,0.25,20,jump,0.5,200,25,False,256,10305,28658,,2.781
TSOPF_RS_b300_c1,14538,1474325,8,0.25,20,jump,0.5,200,50,False,256,10177,35386,,3.4771
TSOPF_RS_b300_c1,14538,1474325,8,0.25,20,jump,0.5,200,75,False,256,10275,34733,,3.3803
TSOPF_RS_b300_c1,14538,1474325,8,0.25,20,jump,0.5,200,100,False,256,10310,37060,,3.5946
TSOPF_RS_b300_c1,14538,1474325,8,0.25,20,jump,0.5,200,125,False,256,9884,23075,,2.3346
TSOPF_RS_b300_c1,14538,1474325,8,0.25,20,jump,0.5,200,150,False,256,10223,29774,,2.9125
TSOPF_RS_b300_c1,14538,1474325,8,0.25,20,jump,0.5,200,175,False,256,9819,23972,,2.4414
TSOPF_RS_b300_c1,14538,1474325,8,0.25,20,jump,0.5,200,199,True,256,10198,42310,10198,4.1489
TSOPF_RS_b300_c1,14538,1474325,8,0.25,21,jump,0.5,200,0,False,256,7314,66400,,9.0785
TSOPF_RS_b300_c1,14538,1474325,8,0.25,21,jump,0.5,200,25,False,256,9991,36595,,3.6628
TSOPF_RS_b300_c1,14538,1474325,8,0.25,21,jump,0.5,200,50,False,256,10242,36738,,3.587
TSOPF_RS_b300_c1,14538,1474325,8,0.25,21,jump,0.5,200,75,False,256,10042,29093,,2.8971
TSOPF_RS_b300_c1,14538,1474325,8,0.25,21,jump,0.5,200,100,False,256,10235,27409,,2.678
TSOPF_RS_b300_c1,14538,1474325,8,0.25,21,jump,0.5,200,125,False,256,10260,42338,,4.1265
TSOPF_RS_b300_c1,14538,1474325,8,0.25,21,jump,0.5,200,150,False,256,10229,34780,,3.4001
TSOPF_RS_b300_c1,14538,1474325,8,0.25,21,jump,0.5,200,175,False,256,10287,31089,,3.0222
TSOPF_RS_b300_c1,14538,1474325,8,0.25,21,jump,0.5,200,199,True,256,10203,36486,10203,3.576
case9,14454,147972,8,0.0,17,drift,0.5,200,0,False,256,7516,12106,,1.6107
case9,14454,147972,8,0.0,17,drift,0.5,200,25,False,256,7516,12106,,1.6107
case9,14454,147972,8,0.0,17,drift,0.5,200,50,False,256,7516,12106,,1.6107
case9,14454,147972,8,0.0,17,drift,0.5,200,75,False,256,7516,12106,,1.6107
case9,14454,147972,8,0.0,17,drift,0.5,200,100,False,256,7516,12106,,1.6107
case9,14454,147972,8,0.0,17,drift,0.5,200,125,False,256,7516,12106,,1.6107
case9,14454,147972,8,0.0,17,drift,0.5,200,150,False,256,7516,12106,,1.6107
case9,14454,147972,8,0.0,17,drift,0.5,200,175,False,256,7516,12106,,1.6107
case9,14454,147972,8,0.0,17,drift,0.5,200,199,True,256,7516,12106,7516,1.6107
case9,14454,147972,8,0.0,18,drift,0.5,200,0,False,256,8024,13766,,1.7156
case9,14454,147972,8,0.0,18,drift,0.5,200,25,False,256,8024,13766,,1.7156
case9,14454,147972,8,0.0,18,drift,0.5,200,50,False,256,8024,13766,,1.7156
case9,14454,147972,8,0.0,18,drift,0.5,200,75,False,256,8024,13766,,1.7156
case9,14454,147972,8,0.0,18,drift,0.5,200,100,False,256,8024,13766,,1.7156
case9,14454,147972,8,0.0,18,drift,0.5,200,125,False,256,8024,13766,,1.7156
case9,14454,147972,8,0.0,18,drift,0.5,200,150,False,256,8024,13766,,1.7156
case9,14454,147972,8,0.0,18,drift,0.5,200,175,False,256,8024,13766,,1.7156
case9,14454,147972,8,0.0,18,drift,0.5,200,199,True,256,8024,13766,8024,1.7156
case9,14454,147972,8,0.0,19,drift,0.5,200,0,False,256,7524,12169,,1.6174
case9,14454,147972,8,0.0,19,drift,0.5,200,25,False,256,7524,12169,,1.6174
case9,14454,147972,8,0.0,19,drift,0.5,200,50,False,256,7524,12169,,1.6174
case9,14454,147972,8,0.0,19,drift,0.5,200,75,False,256,7524,12169,,1.6174
case9,14454,147972,8,0.0,19,drift,0.5,200,100,False,256,7524,12169,,1.6174
case9,14454,147972,8,0.0,19,drift,0.5,200,125,False,256,7524,12169,,1.6174
case9,14454,147972,8,0.0,19,drift,0.5,200,150,False,256,7524,12169,,1.6174
case9,14454,147972,8,0.0,19,drift,0.5,200,175,False,256,7524,12169,,1.6174
case9,14454,147972,8,0.0,19,drift,0.5,200,199,True,256,7524,12169,7524,1.6174
case9,14454,147972,8,0.0,20,drift,0.5,200,0,False,256,8018,13839,,1.726
case9,14454,147972,8,0.0,20,drift,0.5,200,25,False,256,8018,13839,,1.726
case9,14454,147972,8,0.0,20,drift,0.5,200,50,False,256,8018,13839,,1.726
case9,14454,147972,8,0.0,20,drift,0.5,200,75,False,256,8018,13839,,1.726
case9,14454,147972,8,0.0,20,drift,0.5,200,100,False,256,8018,13839,,1.726
case9,14454,147972,8,0.0,20,drift,0.5,200,125,False,256,8018,13839,,1.726
case9,14454,147972,8,0.0,20,drift,0.5,200,150,False,256,8018,13839,,1.726
case9,14454,147972,8,0.0,20,drift,0.5,200,175,False,256,8018,13839,,1.726
case9,14454,147972,8,0.0,20,drift,0.5,200,199,True,256,8018,13839,8018,1.726
case9,14454,147972,8,0.0,21,drift,0.5,200,0,False,256,7973,13636,,1.7103
case9,14454,147972,8,0.0,21,drift,0.5,200,25,False,256,7973,13636,,1.7103
case9,14454,147972,8,0.0,21,drift,0.5,200,50,False,256,7973,13636,,1.7103
case9,14454,147972,8,0.0,21,drift,0.5,200,75,False,256,7973,13636,,1.7103
case9,14454,147972,8,0.0,21,drift,0.5,200,100,False,256,7973,13636,,1.7103
case9,14454,147972,8,0.0,21,drift,0.5,200,125,False,256,7973,13636,,1.7103
case9,14454,147972,8,0.0,21,drift,0.5,200,150,False,256,7973,13636,,1.7103
case9,14454,147972,8,0.0,21,drift,0.5,200,175,False,256,7973,13636,,1.7103
case9,14454,147972,8,0.0,21,drift,0.5,200,199,True,256,7973,13636,7973,1.7103
case9,14454,147972,8,0.002,17,drift,0.5,200,0,False,256,7516,12106,,1.6107
case9,14454,147972,8,0.002,17,drift,0.5,200,25,False,256,7646,12436,,1.6265
case9,14454,147972,8,0.002,17,drift,0.5,200,50,False,256,7718,12701,,1.6456
case9,14454,147972,8,0.002,17,drift,0.5,200,75,False,256,7720,12745,,1.6509
case9,14454,147972,8,0.002,17,drift,0.5,200,100,False,256,7728,12840,,1.6615
case9,14454,147972,8,0.002,17,drift,0.5,200,125,False,256,7733,12862,,1.6633
case9,14454,147972,8,0.002,17,drift,0.5,200,150,False,256,7755,12939,,1.6685
case9,14454,147972,8,0.002,17,drift,0.5,200,175,False,256,7751,13077,,1.6871
case9,14454,147972,8,0.002,17,drift,0.5,200,199,True,256,7772,13099,7772,1.6854
case9,14454,147972,8,0.002,18,drift,0.5,200,0,False,256,8024,13766,,1.7156
case9,14454,147972,8,0.002,18,drift,0.5,200,25,False,256,8232,14514,,1.7631
case9,14454,147972,8,0.002,18,drift,0.5,200,50,False,256,8331,14980,,1.7981
case9,14454,147972,8,0.002,18,drift,0.5,200,75,False,256,8415,15349,,1.824
case9,14454,147972,8,0.002,18,drift,0.5,200,100,False,256,8452,15539,,1.8385
case9,14454,147972,8,0.002,18,drift,0.5,200,125,False,256,8455,15497,,1.8329
case9,14454,147972,8,0.002,18,drift,0.5,200,150,False,256,8434,15507,,1.8386
case9,14454,147972,8,0.002,18,drift,0.5,200,175,False,256,8438,15458,,1.832
case9,14454,147972,8,0.002,18,drift,0.5,200,199,True,256,8398,15381,8398,1.8315
case9,14454,147972,8,0.002,19,drift,0.5,200,0,False,256,7524,12169,,1.6174
case9,14454,147972,8,0.002,19,drift,0.5,200,25,False,256,7670,12498,,1.6295
case9,14454,147972,8,0.002,19,drift,0.5,200,50,False,256,7696,12651,,1.6438
case9,14454,147972,8,0.002,19,drift,0.5,200,75,False,256,7701,12717,,1.6513
case9,14454,147972,8,0.002,19,drift,0.5,200,100,False,256,7709,12815,,1.6623
case9,14454,147972,8,0.002,19,drift,0.5,200,125,False,256,7717,12838,,1.6636
case9,14454,147972,8,0.002,19,drift,0.5,200,150,False,256,7722,12904,,1.6711
case9,14454,147972,8,0.002,19,drift,0.5,200,175,False,256,7730,12970,,1.6779
case9,14454,147972,8,0.002,19,drift,0.5,200,199,True,256,7730,12999,7730,1.6816
case9,14454,147972,8,0.002,20,drift,0.5,200,0,False,256,8018,13839,,1.726
case9,14454,147972,8,0.002,20,drift,0.5,200,25,False,256,8190,14464,,1.7661
case9,14454,147972,8,0.002,20,drift,0.5,200,50,False,256,8287,14888,,1.7965
case9,14454,147972,8,0.002,20,drift,0.5,200,75,False,256,8367,15185,,1.8149
case9,14454,147972,8,0.002,20,drift,0.5,200,100,False,256,8398,15225,,1.8129
case9,14454,147972,8,0.002,20,drift,0.5,200,125,False,256,8396,15217,,1.8124
case9,14454,147972,8,0.002,20,drift,0.5,200,150,False,256,8413,15251,,1.8128
case9,14454,147972,8,0.002,20,drift,0.5,200,175,False,256,8434,15443,,1.831
case9,14454,147972,8,0.002,20,drift,0.5,200,199,True,256,8408,15339,8408,1.8243
case9,14454,147972,8,0.002,21,drift,0.5,200,0,False,256,7973,13636,,1.7103
case9,14454,147972,8,0.002,21,drift,0.5,200,25,False,256,8153,14313,,1.7556
case9,14454,147972,8,0.002,21,drift,0.5,200,50,False,256,8243,14670,,1.7797
case9,14454,147972,8,0.002,21,drift,0.5,200,75,False,256,8311,14947,,1.7985
case9,14454,147972,8,0.002,21,drift,0.5,200,100,False,256,8354,15173,,1.8163
case9,14454,147972,8,0.002,21,drift,0.5,200,125,False,256,8387,15287,,1.8227
case9,14454,147972,8,0.002,21,drift,0.5,200,150,False,256,8406,15381,,1.8298
case9,14454,147972,8,0.002,21,drift,0.5,200,175,False,256,8429,15518,,1.841
case9,14454,147972,8,0.002,21,drift,0.5,200,199,True,256,8413,15458,8413,1.8374
case9,14454,147972,8,0.01,17,drift,0.5,200,0,False,256,7516,12106,,1.6107
case9,14454,147972,8,0.01,17,drift,0.5,200,25,False,256,7680,9325,,1.2142
case9,14454,147972,8,0.01,17,drift,0.5,200,50,False,256,7725,13152,,1.7025
case9,14454,147972,8,0.01,17,drift,0.5,200,75,False,256,7709,13272,,1.7216
case9,14454,147972,8,0.01,17,drift,0.5,200,100,False,256,7724,13347,,1.728
case9,14454,147972,8,0.01,17,drift,0.5,200,125,False,256,7744,13379,,1.7277
case9,14454,147972,8,0.01,17,drift,0.5,200,150,False,256,7736,13314,,1.721
case9,14454,147972,8,0.01,17,drift,0.5,200,175,False,256,7736,13328,,1.7229
case9,14454,147972,8,0.01,17,drift,0.5,200,199,True,256,7710,13305,7710,1.7257
case9,14454,147972,8,0.01,18,drift,0.5,200,0,False,256,8024,13766,,1.7156
case9,14454,147972,8,0.01,18,drift,0.5,200,25,False,256,8181,14510,,1.7736
case9,14454,147972,8,0.01,18,drift,0.5,200,50,False,256,8294,15038,,1.8131
case9,14454,147972,8,0.01,18,drift,0.5,200,75,False,256,8279,14956,,1.8065
case9,14454,147972,8,0.01,18,drift,0.5,200,100,False,256,8225,14942,,1.8167
case9,14454,147972,8,0.01,18,drift,0.5,200,125,False,256,8198,14825,,1.8084
case9,14454,147972,8,0.01,18,drift,0.5,200,150,False,256,8142,14558,,1.788
case9,14454,147972,8,0.01,18,drift,0.5,200,175,False,256,8092,14389,,1.7782
case9,14454,147972,8,0.01,18,drift,0.5,200,199,True,256,8057,14438,8057,1.792
case9,14454,147972,8,0.01,19,drift,0.5,200,0,False,256,7524,12169,,1.6174
case9,14454,147972,8,0.01,19,drift,0.5,200,25,False,256,7707,12913,,1.6755
case9,14454,147972,8,0.01,19,drift,0.5,200,50,False,256,7724,13246,,1.7149
case9,14454,147972,8,0.01,19,drift,0.5,200,75,False,256,7740,13419,,1.7337
case9,14454,147972,8,0.01,19,drift,0.5,200,100,False,256,7745,13502,,1.7433
case9,14454,147972,8,0.01,19,drift,0.5,200,125,False,256,7769,13631,,1.7545
case9,14454,147972,8,0.01,19,drift,0.5,200,150,False,256,7740,13501,,1.7443
case9,14454,147972,8,0.01,19,drift,0.5,200,175,False,256,7749,13526,,1.7455
case9,14454,147972,8,0.01,19,drift,0.5,200,199,True,256,7733,13413,7733,1.7345
case9,14454,147972,8,0.01,20,drift,0.5,200,0,False,256,8018,13839,,1.726
case9,14454,147972,8,0.01,20,drift,0.5,200,25,False,256,8192,14517,,1.7721
case9,14454,147972,8,0.01,20,drift,0.5,200,50,False,256,8190,14563,,1.7781
case9,14454,147972,8,0.01,20,drift,0.5,200,75,False,256,8198,14731,,1.7969
case9,14454,147972,8,0.01,20,drift,0.5,200,100,False,256,8145,14676,,1.8018
case9,14454,147972,8,0.01,20,drift,0.5,200,125,False,256,8151,14682,,1.8013
case9,14454,147972,8,0.01,20,drift,0.5,200,150,False,256,8147,14754,,1.811
case9,14454,147972,8,0.01,20,drift,0.5,200,175,False,256,8094,14584,,1.8018
case9,14454,147972,8,0.01,20,drift,0.5,200,199,True,256,8046,14508,8046,1.8031
case9,14454,147972,8,0.01,21,drift,0.5,200,0,False,256,7973,13636,,1.7103
case9,14454,147972,8,0.01,21,drift,0.5,200,25,False,256,8154,14412,,1.7675
case9,14454,147972,8,0.01,21,drift,0.5,200,50,False,256,8234,14854,,1.804
case9,14454,147972,8,0.01,21,drift,0.5,200,75,False,256,8261,15118,,1.83
case9,14454,147972,8,0.01,21,drift,0.5,200,100,False,256,8246,15123,,1.834
case9,14454,147972,8,0.01,21,drift,0.5,200,125,False,256,8168,14707,,1.8006
case9,14454,147972,8,0.01,21,drift,0.5,200,150,False,256,8133,14733,,1.8115
case9,14454,147972,8,0.01,21,drift,0.5,200,175,False,256,8063,14548,,1.8043
case9,14454,147972,8,0.01,21,drift,0.5,200,199,True,256,8068,14426,8068,1.7881
case9,14454,147972,8,0.05,17,drift,0.5,200,0,False,256,7516,12106,,1.6107
case9,14454,147972,8,0.05,17,drift,0.5,200,25,False,256,7758,13574,,1.7497
case9,14454,147972,8,0.05,17,drift,0.5,200,50,False,256,7747,13508,,1.7436
case9,14454,147972,8,0.05,17,drift,0.5,200,75,False,256,7774,13679,,1.7596
case9,14454,147972,8,0.05,17,drift,0.5,200,100,False,256,7743,13523,,1.7465
case9,14454,147972,8,0.05,17,drift,0.5,200,125,False,256,7739,13567,,1.7531
case9,14454,147972,8,0.05,17,drift,0.5,200,150,False,256,7697,13300,,1.7279
case9,14454,147972,8,0.05,17,drift,0.5,200,175,False,256,7722,13315,,1.7243
case9,14454,147972,8,0.05,17,drift,0.5,200,199,True,256,7698,13287,7698,1.726
case9,14454,147972,8,0.05,18,drift,0.5,200,0,False,256,8024,13766,,1.7156
case9,14454,147972,8,0.05,18,drift,0.5,200,25,False,256,8109,14522,,1.7908
case9,14454,147972,8,0.05,18,drift,0.5,200,50,False,256,7960,14108,,1.7724
case9,14454,147972,8,0.05,18,drift,0.5,200,75,False,256,7860,13935,,1.7729
case9,14454,147972,8,0.05,18,drift,0.5,200,100,False,256,7908,13974,,1.7671
case9,14454,147972,8,0.05,18,drift,0.5,200,125,False,256,7863,13788,,1.7535
case9,14454,147972,8,0.05,18,drift,0.5,200,150,False,256,7751,13499,,1.7416
case9,14454,147972,8,0.05,18,drift,0.5,200,175,False,256,7767,13464,,1.7335
case9,14454,147972,8,0.05,18,drift,0.5,200,199,True,256,7809,13754,7809,1.7613
case9,14454,147972,8,0.05,19,drift,0.5,200,0,False,256,7524,12169,,1.6174
case9,14454,147972,8,0.05,19,drift,0.5,200,25,False,256,7715,13520,,1.7524
case9,14454,147972,8,0.05,19,drift,0.5,200,50,False,256,7796,13582,,1.7422
case9,14454,147972,8,0.05,19,drift,0.5,200,75,False,256,7735,13553,,1.7522
case9,14454,147972,8,0.05,19,drift,0.5,200,100,False,256,7715,13386,,1.7351
case9,14454,147972,8,0.05,19,drift,0.5,200,125,False,256,7731,13479,,1.7435
case9,14454,147972,8,0.05,19,drift,0.5,200,150,False,256,7710,13370,,1.7341
case9,14454,147972,8,0.05,19,drift,0.5,200,175,False,256,7731,13230,,1.7113
case9,14454,147972,8,0.05,19,drift,0.5,200,199,True,256,7685,13128,7685,1.7083
case9,14454,147972,8,0.05,20,drift,0.5,200,0,False,256,8018,13839,,1.726
case9,14454,147972,8,0.05,20,drift,0.5,200,25,False,256,8116,14504,,1.7871
case9,14454,147972,8,0.05,20,drift,0.5,200,50,False,256,7954,14152,,1.7792
case9,14454,147972,8,0.05,20,drift,0.5,200,75,False,256,7841,13689,,1.7458
case9,14454,147972,8,0.05,20,drift,0.5,200,100,False,256,7823,13755,,1.7583
case9,14454,147972,8,0.05,20,drift,0.5,200,125,False,256,7831,13680,,1.7469
case9,14454,147972,8,0.05,20,drift,0.5,200,150,False,256,7842,13706,,1.7478
case9,14454,147972,8,0.05,20,drift,0.5,200,175,False,256,7806,13792,,1.7668
case9,14454,147972,8,0.05,20,drift,0.5,200,199,True,256,7832,13938,7832,1.7796
case9,14454,147972,8,0.05,21,drift,0.5,200,0,False,256,7973,13636,,1.7103
case9,14454,147972,8,0.05,21,drift,0.5,200,25,False,256,8091,14533,,1.7962
case9,14454,147972,8,0.05,21,drift,0.5,200,50,False,256,7993,14460,,1.8091
case9,14454,147972,8,0.05,21,drift,0.5,200,75,False,256,7943,14127,,1.7785
case9,14454,147972,8,0.05,21,drift,0.5,200,100,False,256,7938,14037,,1.7683
case9,14454,147972,8,0.05,21,drift,0.5,200,125,False,256,7954,14194,,1.7845
case9,14454,147972,8,0.05,21,drift,0.5,200,150,False,256,7846,13879,,1.7689
case9,14454,147972,8,0.05,21,drift,0.5,200,175,False,256,7792,13846,,1.777
case9,14454,147972,8,0.05,21,drift,0.5,200,199,True,256,7712,13373,7712,1.7341
case9,14454,147972,8,0.25,17,drift,0.5,200,0,False,256,7516,12106,,1.6107
case9,14454,147972,8,0.25,17,drift,0.5,200,25,False,256,7685,13256,,1.7249
case9,14454,147972,8,0.25,17,drift,0.5,200,50,False,256,7754,13449,,1.7345
case9,14454,147972,8,0.25,17,drift,0.5,200,75,False,256,7648,13163,,1.7211
case9,14454,147972,8,0.25,17,drift,0.5,200,100,False,256,7761,13553,,1.7463
case9,14454,147972,8,0.25,17,drift,0.5,200,125,False,256,7722,13229,,1.7132
case9,14454,147972,8,0.25,17,drift,0.5,200,150,False,256,7744,13462,,1.7384
case9,14454,147972,8,0.25,17,drift,0.5,200,175,False,256,7754,13499,,1.7409
case9,14454,147972,8,0.25,17,drift,0.5,200,199,True,256,7742,13462,7742,1.7388
case9,14454,147972,8,0.25,18,drift,0.5,200,0,False,256,8024,13766,,1.7156
case9,14454,147972,8,0.25,18,drift,0.5,200,25,False,256,7856,13765,,1.7522
case9,14454,147972,8,0.25,18,drift,0.5,200,50,False,256,7773,13683,,1.7603
case9,14454,147972,8,0.25,18,drift,0.5,200,75,False,256,7770,13406,,1.7254
case9,14454,147972,8,0.25,18,drift,0.5,200,100,False,256,7791,13705,,1.7591
case9,14454,147972,8,0.25,18,drift,0.5,200,125,False,256,7632,13019,,1.7058
case9,14454,147972,8,0.25,18,drift,0.5,200,150,False,256,7712,13540,,1.7557
case9,14454,147972,8,0.25,18,drift,0.5,200,175,False,256,7687,13358,,1.7377
case9,14454,147972,8,0.25,18,drift,0.5,200,199,True,256,7693,13353,7693,1.7357
case9,14454,147972,8,0.25,19,drift,0.5,200,0,False,256,7524,12169,,1.6174
case9,14454,147972,8,0.25,19,drift,0.5,200,25,False,256,7751,13674,,1.7642
case9,14454,147972,8,0.25,19,drift,0.5,200,50,False,256,7724,13464,,1.7431
case9,14454,147972,8,0.25,19,drift,0.5,200,75,False,256,7727,13395,,1.7335
case9,14454,147972,8,0.25,19,drift,0.5,200,100,False,256,7682,13263,,1.7265
case9,14454,147972,8,0.25,19,drift,0.5,200,125,False,256,7708,13376,,1.7353
case9,14454,147972,8,0.25,19,drift,0.5,200,150,False,256,7712,13623,,1.7665
case9,14454,147972,8,0.25,19,drift,0.5,200,175,False,256,7627,13032,,1.7087
case9,14454,147972,8,0.25,19,drift,0.5,200,199,True,256,7709,13449,7709,1.7446
case9,14454,147972,8,0.25,20,drift,0.5,200,0,False,256,8018,13839,,1.726
case9,14454,147972,8,0.25,20,drift,0.5,200,25,False,256,7784,13644,,1.7528
case9,14454,147972,8,0.25,20,drift,0.5,200,50,False,256,7780,13565,,1.7436
case9,14454,147972,8,0.25,20,drift,0.5,200,75,False,256,7809,13916,,1.782
case9,14454,147972,8,0.25,20,drift,0.5,200,100,False,256,7726,13387,,1.7327
case9,14454,147972,8,0.25,20,drift,0.5,200,125,False,256,7706,13333,,1.7302
case9,14454,147972,8,0.25,20,drift,0.5,200,150,False,256,7589,12877,,1.6968
case9,14454,147972,8,0.25,20,drift,0.5,200,175,False,256,7809,13810,,1.7685
case9,14454,147972,8,0.25,20,drift,0.5,200,199,True,256,7702,13258,7702,1.7214
case9,14454,147972,8,0.25,21,drift,0.5,200,0,False,256,7973,13636,,1.7103
case9,14454,147972,8,0.25,21,drift,0.5,200,25,False,256,7794,13749,,1.764
case9,14454,147972,8,0.25,21,drift,0.5,200,50,False,256,7673,13236,,1.725
case9,14454,147972,8,0.25,21,drift,0.5,200,75,False,256,7753,13576,,1.7511
case9,14454,147972,8,0.25,21,drift,0.5,200,100,False,256,7850,13954,,1.7776
case9,14454,147972,8,0.25,21,drift,0.5,200,125,False,256,7691,13359,,1.737
case9,14454,147972,8,0.25,21,drift,0.5,200,150,False,256,7710,13379,,1.7353
case9,14454,147972,8,0.25,21,drift,0.5,200,175,False,256,7728,13711,,1.7742
case9,14454,147972,8,0.25,21,drift,0.5,200,199,True,256,7673,13227,7673,1.7238
case9,14454,147972,8,0.0,17,jump,0.5,200,0,False,256,7516,12106,,1.6107
case9,14454,147972,8,0.0,17,jump,0.5,200,25,False,256,7516,12106,,1.6107
case9,14454,147972,8,0.0,17,jump,0.5,200,50,False,256,7516,12106,,1.6107
case9,14454,147972,8,0.0,17,jump,0.5,200,75,False,256,7516,12106,,1.6107
case9,14454,147972,8,0.0,17,jump,0.5,200,100,False,256,7516,12106,,1.6107
case9,14454,147972,8,0.0,17,jump,0.5,200,125,False,256,7516,12106,,1.6107
case9,14454,147972,8,0.0,17,jump,0.5,200,150,False,256,7516,12106,,1.6107
case9,14454,147972,8,0.0,17,jump,0.5,200,175,False,256,7516,12106,,1.6107
case9,14454,147972,8,0.0,17,jump,0.5,200,199,True,256,7516,12106,7516,1.6107
case9,14454,147972,8,0.0,18,jump,0.5,200,0,False,256,8024,13766,,1.7156
case9,14454,147972,8,0.0,18,jump,0.5,200,25,False,256,8024,13766,,1.7156
case9,14454,147972,8,0.0,18,jump,0.5,200,50,False,256,8024,13766,,1.7156
case9,14454,147972,8,0.0,18,jump,0.5,200,75,False,256,8024,13766,,1.7156
case9,14454,147972,8,0.0,18,jump,0.5,200,100,False,256,8024,13766,,1.7156
case9,14454,147972,8,0.0,18,jump,0.5,200,125,False,256,8024,13766,,1.7156
case9,14454,147972,8,0.0,18,jump,0.5,200,150,False,256,8024,13766,,1.7156
case9,14454,147972,8,0.0,18,jump,0.5,200,175,False,256,8024,13766,,1.7156
case9,14454,147972,8,0.0,18,jump,0.5,200,199,True,256,8024,13766,8024,1.7156
case9,14454,147972,8,0.0,19,jump,0.5,200,0,False,256,7524,12169,,1.6174
case9,14454,147972,8,0.0,19,jump,0.5,200,25,False,256,7524,12169,,1.6174
case9,14454,147972,8,0.0,19,jump,0.5,200,50,False,256,7524,12169,,1.6174
case9,14454,147972,8,0.0,19,jump,0.5,200,75,False,256,7524,12169,,1.6174
case9,14454,147972,8,0.0,19,jump,0.5,200,100,False,256,7524,12169,,1.6174
case9,14454,147972,8,0.0,19,jump,0.5,200,125,False,256,7524,12169,,1.6174
case9,14454,147972,8,0.0,19,jump,0.5,200,150,False,256,7524,12169,,1.6174
case9,14454,147972,8,0.0,19,jump,0.5,200,175,False,256,7524,12169,,1.6174
case9,14454,147972,8,0.0,19,jump,0.5,200,199,True,256,7524,12169,7524,1.6174
case9,14454,147972,8,0.0,20,jump,0.5,200,0,False,256,8018,13839,,1.726
case9,14454,147972,8,0.0,20,jump,0.5,200,25,False,256,8018,13839,,1.726
case9,14454,147972,8,0.0,20,jump,0.5,200,50,False,256,8018,13839,,1.726
case9,14454,147972,8,0.0,20,jump,0.5,200,75,False,256,8018,13839,,1.726
case9,14454,147972,8,0.0,20,jump,0.5,200,100,False,256,8018,13839,,1.726
case9,14454,147972,8,0.0,20,jump,0.5,200,125,False,256,8018,13839,,1.726
case9,14454,147972,8,0.0,20,jump,0.5,200,150,False,256,8018,13839,,1.726
case9,14454,147972,8,0.0,20,jump,0.5,200,175,False,256,8018,13839,,1.726
case9,14454,147972,8,0.0,20,jump,0.5,200,199,True,256,8018,13839,8018,1.726
case9,14454,147972,8,0.0,21,jump,0.5,200,0,False,256,7973,13636,,1.7103
case9,14454,147972,8,0.0,21,jump,0.5,200,25,False,256,7973,13636,,1.7103
case9,14454,147972,8,0.0,21,jump,0.5,200,50,False,256,7973,13636,,1.7103
case9,14454,147972,8,0.0,21,jump,0.5,200,75,False,256,7973,13636,,1.7103
case9,14454,147972,8,0.0,21,jump,0.5,200,100,False,256,7973,13636,,1.7103
case9,14454,147972,8,0.0,21,jump,0.5,200,125,False,256,7973,13636,,1.7103
case9,14454,147972,8,0.0,21,jump,0.5,200,150,False,256,7973,13636,,1.7103
case9,14454,147972,8,0.0,21,jump,0.5,200,175,False,256,7973,13636,,1.7103
case9,14454,147972,8,0.0,21,jump,0.5,200,199,True,256,7973,13636,7973,1.7103
case9,14454,147972,8,0.002,17,jump,0.5,200,0,False,256,7516,12106,,1.6107
case9,14454,147972,8,0.002,17,jump,0.5,200,25,False,256,7788,12787,,1.6419
case9,14454,147972,8,0.002,17,jump,0.5,200,50,False,256,8048,13434,,1.6692
case9,14454,147972,8,0.002,17,jump,0.5,200,75,False,256,8267,14048,,1.6993
case9,14454,147972,8,0.002,17,jump,0.5,200,100,False,256,8439,14552,,1.7244
case9,14454,147972,8,0.002,17,jump,0.5,200,125,False,256,8573,14916,,1.7399
case9,14454,147972,8,0.002,17,jump,0.5,200,150,False,256,8692,15290,,1.7591
case9,14454,147972,8,0.002,17,jump,0.5,200,175,False,256,8766,15562,,1.7753
case9,14454,147972,8,0.002,17,jump,0.5,200,199,True,256,8871,15808,8871,1.782
case9,14454,147972,8,0.002,18,jump,0.5,200,0,False,256,8024,13766,,1.7156
case9,14454,147972,8,0.002,18,jump,0.5,200,25,False,256,8241,14335,,1.7395
case9,14454,147972,8,0.002,18,jump,0.5,200,50,False,256,8440,14843,,1.7586
case9,14454,147972,8,0.002,18,jump,0.5,200,75,False,256,8617,11661,,1.3533
case9,14454,147972,8,0.002,18,jump,0.5,200,100,False,256,8767,11967,,1.365
case9,14454,147972,8,0.002,18,jump,0.5,200,125,False,256,8926,12377,,1.3866
case9,14454,147972,8,0.002,18,jump,0.5,200,150,False,256,9023,12550,,1.3909
case9,14454,147972,8,0.002,18,jump,0.5,200,175,False,256,9090,12771,,1.405
case9,14454,147972,8,0.002,18,jump,0.5,200,199,True,256,9196,13126,9196,1.4274
case9,14454,147972,8,0.002,19,jump,0.5,200,0,False,256,7524,12169,,1.6174
case9,14454,147972,8,0.002,19,jump,0.5,200,25,False,256,7763,9170,,1.1812
case9,14454,147972,8,0.002,19,jump,0.5,200,50,False,256,8005,9783,,1.2221
case9,14454,147972,8,0.002,19,jump,0.5,200,75,False,256,8164,10333,,1.2657
case9,14454,147972,8,0.002,19,jump,0.5,200,100,False,256,8310,10651,,1.2817
case9,14454,147972,8,0.002,19,jump,0.5,200,125,False,256,8447,11022,,1.3048
case9,14454,147972,8,0.002,19,jump,0.5,200,150,False,256,8589,11357,,1.3223
case9,14454,147972,8,0.002,19,jump,0.5,200,175,False,256,8748,11790,,1.3477
case9,14454,147972,8,0.002,19,jump,0.5,200,199,True,256,8833,12087,8833,1.3684
case9,14454,147972,8,0.002,20,jump,0.5,200,0,False,256,8018,13839,,1.726
case9,14454,147972,8,0.002,20,jump,0.5,200,25,False,256,8243,14443,,1.7522
case9,14454,147972,8,0.002,20,jump,0.5,200,50,False,256,8423,14973,,1.7776
case9,14454,147972,8,0.002,20,jump,0.5,200,75,False,256,8609,15524,,1.8032
case9,14454,147972,8,0.002,20,jump,0.5,200,100,False,256,8795,12316,,1.4003
case9,14454,147972,8,0.002,20,jump,0.5,200,125,False,256,8889,12540,,1.4107
case9,14454,147972,8,0.002,20,jump,0.5,200,150,False,256,9043,12892,,1.4256
case9,14454,147972,8,0.002,20,jump,0.5,200,175,False,256,9191,13124,,1.4279
case9,14454,147972,8,0.002,20,jump,0.5,200,199,True,256,9208,13248,9208,1.4387
case9,14454,147972,8,0.002,21,jump,0.5,200,0,False,256,7973,13636,,1.7103
case9,14454,147972,8,0.002,21,jump,0.5,200,25,False,256,8220,14289,,1.7383
case9,14454,147972,8,0.002,21,jump,0.5,200,50,False,256,8411,14792,,1.7586
case9,14454,147972,8,0.002,21,jump,0.5,200,75,False,256,8600,15328,,1.7823
case9,14454,147972,8,0.002,21,jump,0.5,200,100,False,256,8742,15768,,1.8037
case9,14454,147972,8,0.002,21,jump,0.5,200,125,False,256,8922,16234,,1.8195
case9,14454,147972,8,0.002,21,jump,0.5,200,150,False,256,9007,16434,,1.8246
case9,14454,147972,8,0.002,21,jump,0.5,200,175,False,256,9081,16570,,1.8247
case9,14454,147972,8,0.002,21,jump,0.5,200,199,True,256,9173,16648,9173,1.8149
case9,14454,147972,8,0.01,17,jump,0.5,200,0,False,256,7516,12106,,1.6107
case9,14454,147972,8,0.01,17,jump,0.5,200,25,False,256,8189,10221,,1.2481
case9,14454,147972,8,0.01,17,jump,0.5,200,50,False,256,8611,11310,,1.3134
case9,14454,147972,8,0.01,17,jump,0.5,200,75,False,256,8941,12197,,1.3642
case9,14454,147972,8,0.01,17,jump,0.5,200,100,False,256,9157,12882,,1.4068
case9,14454,147972,8,0.01,17,jump,0.5,200,125,False,256,9303,13384,,1.4387
case9,14454,147972,8,0.01,17,jump,0.5,200,150,False,256,9371,13438,,1.434
case9,14454,147972,8,0.01,17,jump,0.5,200,175,False,256,9456,13728,,1.4518
case9,14454,147972,8,0.01,17,jump,0.5,200,199,True,256,5091,6636,5091,1.3035
case9,14454,147972,8,0.01,18,jump,0.5,200,0,False,256,8024,13766,,1.7156
case9,14454,147972,8,0.01,18,jump,0.5,200,25,False,256,8612,15312,,1.778
case9,14454,147972,8,0.01,18,jump,0.5,200,50,False,256,9018,16234,,1.8002
case9,14454,147972,8,0.01,18,jump,0.5,200,75,False,256,9297,16983,,1.8267
case9,14454,147972,8,0.01,18,jump,0.5,200,100,False,256,9428,17254,,1.8301
case9,14454,147972,8,0.01,18,jump,0.5,200,125,False,256,7559,10188,,1.3478
case9,14454,147972,8,0.01,18,jump,0.5,200,150,False,256,7467,10061,,1.3474
case9,14454,147972,8,0.01,18,jump,0.5,200,175,False,256,7455,10182,,1.3658
case9,14454,147972,8,0.01,18,jump,0.5,200,199,True,256,5074,6568,5074,1.2944
case9,14454,147972,8,0.01,19,jump,0.5,200,0,False,256,7524,12169,,1.6174
case9,14454,147972,8,0.01,19,jump,0.5,200,25,False,256,8234,10436,,1.2674
case9,14454,147972,8,0.01,19,jump,0.5,200,50,False,256,8634,11515,,1.3337
case9,14454,147972,8,0.01,19,jump,0.5,200,75,False,256,8947,12575,,1.4055
case9,14454,147972,8,0.01,19,jump,0.5,200,100,False,256,9198,13327,,1.4489
case9,14454,147972,8,0.01,19,jump,0.5,200,125,False,256,9365,13781,,1.4715
case9,14454,147972,8,0.01,19,jump,0.5,200,150,False,256,9478,13884,,1.4649
case9,14454,147972,8,0.01,19,jump,0.5,200,175,False,256,9522,14120,,1.4829
case9,14454,147972,8,0.01,19,jump,0.5,200,199,True,256,9553,14119,9553,1.478
case9,14454,147972,8,0.01,20,jump,0.5,200,0,False,256,8018,13839,,1.726
case9,14454,147972,8,0.01,20,jump,0.5,200,25,False,256,8600,15301,,1.7792
case9,14454,147972,8,0.01,20,jump,0.5,200,50,False,256,8960,16266,,1.8154
case9,14454,147972,8,0.01,20,jump,0.5,200,75,False,256,9140,16804,,1.8385
case9,14454,147972,8,0.01,20,jump,0.5,200,100,False,256,9289,13405,,1.4431
case9,14454,147972,8,0.01,20,jump,0.5,200,125,False,256,9397,13516,,1.4383
case9,14454,147972,8,0.01,20,jump,0.5,200,150,False,256,9424,13646,,1.448
case9,14454,147972,8,0.01,20,jump,0.5,200,175,False,256,4993,6563,,1.3144
case9,14454,147972,8,0.01,20,jump,0.5,200,199,True,256,5032,6617,5032,1.315
case9,14454,147972,8,0.01,21,jump,0.5,200,0,False,256,7973,13636,,1.7103
case9,14454,147972,8,0.01,21,jump,0.5,200,25,False,256,8591,15291,,1.7799
case9,14454,147972,8,0.01,21,jump,0.5,200,50,False,256,8919,12588,,1.4114
case9,14454,147972,8,0.01,21,jump,0.5,200,75,False,256,9179,13024,,1.4189
case9,14454,147972,8,0.01,21,jump,0.5,200,100,False,256,9320,13299,,1.4269
case9,14454,147972,8,0.01,21,jump,0.5,200,125,False,256,9375,13459,,1.4356
case9,14454,147972,8,0.01,21,jump,0.5,200,150,False,256,9445,13595,,1.4394
case9,14454,147972,8,0.01,21,jump,0.5,200,175,False,256,9488,13650,,1.4387
case9,14454,147972,8,0.01,21,jump,0.5,200,199,True,256,9582,13857,9582,1.4461
case9,14454,147972,8,0.05,17,jump,0.5,200,0,False,256,7516,12106,,1.6107
case9,14454,147972,8,0.05,17,jump,0.5,200,25,False,256,9219,16609,,1.8016
case9,14454,147972,8,0.05,17,jump,0.5,200,50,False,256,9506,13965,,1.4691
case9,14454,147972,8,0.05,17,jump,0.5,200,75,False,256,5120,6660,,1.3008
case9,14454,147972,8,0.05,17,jump,0.5,200,100,False,256,5238,6679,,1.2751
case9,14454,147972,8,0.05,17,jump,0.5,200,125,False,256,5351,6825,,1.2755
case9,14454,147972,8,0.05,17,jump,0.5,200,150,False,256,5025,6490,,1.2915
case9,14454,147972,8,0.05,17,jump,0.5,200,175,False,256,5101,6286,,1.2323
case9,14454,147972,8,0.05,17,jump,0.5,200,199,True,256,5224,6980,5224,1.3361
case9,14454,147972,8,0.05,18,jump,0.5,200,0,False,256,8024,13766,,1.7156
case9,14454,147972,8,0.05,18,jump,0.5,200,25,False,256,9438,13797,,1.4619
case9,14454,147972,8,0.05,18,jump,0.5,200,50,False,256,5085,6845,,1.3461
case9,14454,147972,8,0.05,18,jump,0.5,200,75,False,256,7660,10519,,1.3732
case9,14454,147972,8,0.05,18,jump,0.5,200,100,False,256,5298,6890,,1.3005
case9,14454,147972,8,0.05,18,jump,0.5,200,125,False,256,5292,6846,,1.2937
case9,14454,147972,8,0.05,18,jump,0.5,200,150,False,256,5148,6575,,1.2772
case9,14454,147972,8,0.05,18,jump,0.5,200,175,False,256,7469,10344,,1.3849
case9,14454,147972,8,0.05,18,jump,0.5,200,199,True,256,5181,6638,5181,1.2812
case9,14454,147972,8,0.05,19,jump,0.5,200,0,False,256,7524,12169,,1.6174
case9,14454,147972,8,0.05,19,jump,0.5,200,25,False,256,9155,13413,,1.4651
case9,14454,147972,8,0.05,19,jump,0.5,200,50,False,256,9482,13856,,1.4613
case9,14454,147972,8,0.05,19,jump,0.5,200,75,False,256,5207,6890,,1.3232
case9,14454,147972,8,0.05,19,jump,0.5,200,100,False,256,5091,6588,,1.294
case9,14454,147972,8,0.05,19,jump,0.5,200,125,False,256,5170,6564,,1.2696
case9,14454,147972,8,0.05,19,jump,0.5,200,150,False,256,9498,17285,,1.8199
case9,14454,147972,8,0.05,19,jump,0.5,200,175,False,256,5033,6555,,1.3024
case9,14454,147972,8,0.05,19,jump,0.5,200,199,True,256,5248,6590,5248,1.2557
case9,14454,147972,8,0.05,20,jump,0.5,200,0,False,256,8018,13839,,1.726
case9,14454,147972,8,0.05,20,jump,0.5,200,25,False,256,9396,13666,,1.4544
case9,14454,147972,8,0.05,20,jump,0.5,200,50,False,256,7491,10175,,1.3583
case9,14454,147972,8,0.05,20,jump,0.5,200,75,False,256,5318,6858,,1.2896
case9,14454,147972,8,0.05,20,jump,0.5,200,100,False,256,7631,10376,,1.3597
case9,14454,147972,8,0.05,20,jump,0.5,200,125,False,256,7616,10454,,1.3726
case9,14454,147972,8,0.05,20,jump,0.5,200,150,False,256,7483,10368,,1.3855
case9,14454,147972,8,0.05,20,jump,0.5,200,175,False,256,7380,10167,,1.3776
case9,14454,147972,8,0.05,20,jump,0.5,200,199,True,256,7598,10219,7598,1.345
case9,14454,147972,8,0.05,21,jump,0.5,200,0,False,256,7973,13636,,1.7103
case9,14454,147972,8,0.05,21,jump,0.5,200,25,False,256,9425,17314,,1.837
case9,14454,147972,8,0.05,21,jump,0.5,200,50,False,256,7545,10477,,1.3886
case9,14454,147972,8,0.05,21,jump,0.5,200,75,False,256,4995,6584,,1.3181
case9,14454,147972,8,0.05,21,jump,0.5,200,100,False,256,5107,6761,,1.3239
case9,14454,147972,8,0.05,21,jump,0.5,200,125,False,256,5301,6657,,1.2558
case9,14454,147972,8,0.05,21,jump,0.5,200,150,False,256,5312,6874,,1.2941
case9,14454,147972,8,0.05,21,jump,0.5,200,175,False,256,5349,6747,,1.2614
case9,14454,147972,8,0.05,21,jump,0.5,200,199,True,256,5047,6533,5047,1.2944
case9,14454,147972,8,0.25,17,jump,0.5,200,0,False,256,7516,12106,,1.6107
case9,14454,147972,8,0.25,17,jump,0.5,200,25,False,256,5201,6717,,1.2915
case9,14454,147972,8,0.25,17,jump,0.5,200,50,False,256,5312,6666,,1.2549
case9,14454,147972,8,0.25,17,jump,0.5,200,75,False,256,7465,10258,,1.3741
case9,14454,147972,8,0.25,17,jump,0.5,200,100,False,256,7361,10065,,1.3673
case9,14454,147972,8,0.25,17,jump,0.5,200,125,False,256,7659,10220,,1.3344
case9,14454,147972,8,0.25,17,jump,0.5,200,150,False,256,5210,6672,,1.2806
case9,14454,147972,8,0.25,17,jump,0.5,200,175,False,256,5026,6722,,1.3374
case9,14454,147972,8,0.25,17,jump,0.5,200,199,True,256,7565,10479,7565,1.3852
case9,14454,147972,8,0.25,18,jump,0.5,200,0,False,256,8024,13766,,1.7156
case9,14454,147972,8,0.25,18,jump,0.5,200,25,False,256,9525,13782,,1.4469
case9,14454,147972,8,0.25,18,jump,0.5,200,50,False,256,7515,10168,,1.353
case9,14454,147972,8,0.25,18,jump,0.5,200,75,False,256,5147,6641,,1.2903
case9,14454,147972,8,0.25,18,jump,0.5,200,100,False,256,5219,6799,,1.3027
case9,14454,147972,8,0.25,18,jump,0.5,200,125,False,256,5099,6502,,1.2752
case9,14454,147972,8,0.25,18,jump,0.5,200,150,False,256,5033,6653,,1.3219
case9,14454,147972,8,0.25,18,jump,0.5,200,175,False,256,5450,6919,,1.2695
case9,14454,147972,8,0.25,18,jump,0.5,200,199,True,256,5193,6729,5193,1.2958
case9,14454,147972,8,0.25,19,jump,0.5,200,0,False,256,7524,12169,,1.6174
case9,14454,147972,8,0.25,19,jump,0.5,200,25,False,256,9525,14037,,1.4737
case9,14454,147972,8,0.25,19,jump,0.5,200,50,False,256,9491,13908,,1.4654
case9,14454,147972,8,0.25,19,jump,0.5,200,75,False,256,5149,6847,,1.3298
case9,14454,147972,8,0.25,19,jump,0.5,200,100,False,256,5217,6658,,1.2762
case9,14454,147972,8,0.25,19,jump,0.5,200,125,False,256,5386,6815,,1.2653
case9,14454,147972,8,0.25,19,jump,0.5,200,150,False,256,5094,6612,,1.298
case9,14454,147972,8,0.25,19,jump,0.5,200,175,False,256,9551,13969,,1.4626
case9,14454,147972,8,0.25,19,jump,0.5,200,199,True,256,7641,10382,7641,1.3587
case9,14454,147972,8,0.25,20,jump,0.5,200,0,False,256,8018,13839,,1.726
case9,14454,147972,8,0.25,20,jump,0.5,200,25,False,256,5126,6572,,1.2821
case9,14454,147972,8,0.25,20,jump,0.5,200,50,False,256,9551,13698,,1.4342
case9,14454,147972,8,0.25,20,jump,0.5,200,75,False,256,5101,6646,,1.3029
case9,14454,147972,8,0.25,20,jump,0.5,200,100,False,256,7483,10323,,1.3795
case9,14454,147972,8,0.25,20,jump,0.5,200,125,False,256,5254,6958,,1.3243
case9,14454,147972,8,0.25,20,jump,0.5,200,150,False,256,5016,6549,,1.3056
case9,14454,147972,8,0.25,20,jump,0.5,200,175,False,256,7627,10233,,1.3417
case9,14454,147972,8,0.25,20,jump,0.5,200,199,True,256,9487,13921,9487,1.4674
case9,14454,147972,8,0.25,21,jump,0.5,200,0,False,256,7973,13636,,1.7103
case9,14454,147972,8,0.25,21,jump,0.5,200,25,False,256,5192,6493,,1.2506
case9,14454,147972,8,0.25,21,jump,0.5,200,50,False,256,5223,6729,,1.2883
case9,14454,147972,8,0.25,21,jump,0.5,200,75,False,256,7532,10053,,1.3347
case9,14454,147972,8,0.25,21,jump,0.5,200,100,False,256,5263,6555,,1.2455
case9,14454,147972,8,0.25,21,jump,0.5,200,125,False,256,9545,14001,,1.4668
case9,14454,147972,8,0.25,21,jump,0.5,200,150,False,256,5084,6679,,1.3137
case9,14454,147972,8,0.25,21,jump,0.5,200,175,False,256,5007,6530,,1.3042
case9,14454,147972,8,0.25,21,jump,0.5,200,199,True,256,5067,6567,5067,1.296
bcspwr09,1723,6511,8,0.0,17,drift,0.5,200,0,False,256,1518,3703,,2.4394
bcspwr09,1723,6511,8,0.0,17,drift,0.5,200,25,False,256,1518,3703,,2.4394
bcspwr09,1723,6511,8,0.0,17,drift,0.5,200,50,False,256,1518,3703,,2.4394
bcspwr09,1723,6511,8,0.0,17,drift,0.5,200,75,False,256,1518,3703,,2.4394
bcspwr09,1723,6511,8,0.0,17,drift,0.5,200,100,False,256,1518,3703,,2.4394
bcspwr09,1723,6511,8,0.0,17,drift,0.5,200,125,False,256,1518,3703,,2.4394
bcspwr09,1723,6511,8,0.0,17,drift,0.5,200,150,False,256,1518,3703,,2.4394
bcspwr09,1723,6511,8,0.0,17,drift,0.5,200,175,False,256,1518,3703,,2.4394
bcspwr09,1723,6511,8,0.0,17,drift,0.5,200,199,True,256,1518,3703,1518,2.4394
bcspwr09,1723,6511,8,0.0,18,drift,0.5,200,0,False,256,1551,3668,,2.3649
bcspwr09,1723,6511,8,0.0,18,drift,0.5,200,25,False,256,1551,3668,,2.3649
bcspwr09,1723,6511,8,0.0,18,drift,0.5,200,50,False,256,1551,3668,,2.3649
bcspwr09,1723,6511,8,0.0,18,drift,0.5,200,75,False,256,1551,3668,,2.3649
bcspwr09,1723,6511,8,0.0,18,drift,0.5,200,100,False,256,1551,3668,,2.3649
bcspwr09,1723,6511,8,0.0,18,drift,0.5,200,125,False,256,1551,3668,,2.3649
bcspwr09,1723,6511,8,0.0,18,drift,0.5,200,150,False,256,1551,3668,,2.3649
bcspwr09,1723,6511,8,0.0,18,drift,0.5,200,175,False,256,1551,3668,,2.3649
bcspwr09,1723,6511,8,0.0,18,drift,0.5,200,199,True,256,1551,3668,1551,2.3649
bcspwr09,1723,6511,8,0.0,19,drift,0.5,200,0,False,256,1501,3317,,2.2099
bcspwr09,1723,6511,8,0.0,19,drift,0.5,200,25,False,256,1501,3317,,2.2099
bcspwr09,1723,6511,8,0.0,19,drift,0.5,200,50,False,256,1501,3317,,2.2099
bcspwr09,1723,6511,8,0.0,19,drift,0.5,200,75,False,256,1501,3317,,2.2099
bcspwr09,1723,6511,8,0.0,19,drift,0.5,200,100,False,256,1501,3317,,2.2099
bcspwr09,1723,6511,8,0.0,19,drift,0.5,200,125,False,256,1501,3317,,2.2099
bcspwr09,1723,6511,8,0.0,19,drift,0.5,200,150,False,256,1501,3317,,2.2099
bcspwr09,1723,6511,8,0.0,19,drift,0.5,200,175,False,256,1501,3317,,2.2099
bcspwr09,1723,6511,8,0.0,19,drift,0.5,200,199,True,256,1501,3317,1501,2.2099
bcspwr09,1723,6511,8,0.0,20,drift,0.5,200,0,False,256,1539,3759,,2.4425
bcspwr09,1723,6511,8,0.0,20,drift,0.5,200,25,False,256,1539,3759,,2.4425
bcspwr09,1723,6511,8,0.0,20,drift,0.5,200,50,False,256,1539,3759,,2.4425
bcspwr09,1723,6511,8,0.0,20,drift,0.5,200,75,False,256,1539,3759,,2.4425
bcspwr09,1723,6511,8,0.0,20,drift,0.5,200,100,False,256,1539,3759,,2.4425
bcspwr09,1723,6511,8,0.0,20,drift,0.5,200,125,False,256,1539,3759,,2.4425
bcspwr09,1723,6511,8,0.0,20,drift,0.5,200,150,False,256,1539,3759,,2.4425
bcspwr09,1723,6511,8,0.0,20,drift,0.5,200,175,False,256,1539,3759,,2.4425
bcspwr09,1723,6511,8,0.0,20,drift,0.5,200,199,True,256,1539,3759,1539,2.4425
bcspwr09,1723,6511,8,0.0,21,drift,0.5,200,0,False,256,1535,3633,,2.3668
bcspwr09,1723,6511,8,0.0,21,drift,0.5,200,25,False,256,1535,3633,,2.3668
bcspwr09,1723,6511,8,0.0,21,drift,0.5,200,50,False,256,1535,3633,,2.3668
bcspwr09,1723,6511,8,0.0,21,drift,0.5,200,75,False,256,1535,3633,,2.3668
bcspwr09,1723,6511,8,0.0,21,drift,0.5,200,100,False,256,1535,3633,,2.3668
bcspwr09,1723,6511,8,0.0,21,drift,0.5,200,125,False,256,1535,3633,,2.3668
bcspwr09,1723,6511,8,0.0,21,drift,0.5,200,150,False,256,1535,3633,,2.3668
bcspwr09,1723,6511,8,0.0,21,drift,0.5,200,175,False,256,1535,3633,,2.3668
bcspwr09,1723,6511,8,0.0,21,drift,0.5,200,199,True,256,1535,3633,1535,2.3668
bcspwr09,1723,6511,8,0.002,17,drift,0.5,200,0,False,256,1518,3703,,2.4394
bcspwr09,1723,6511,8,0.002,17,drift,0.5,200,25,False,256,1542,3745,,2.4287
bcspwr09,1723,6511,8,0.002,17,drift,0.5,200,50,False,256,1546,3768,,2.4373
bcspwr09,1723,6511,8,0.002,17,drift,0.5,200,75,False,256,1561,3868,,2.4779
bcspwr09,1723,6511,8,0.002,17,drift,0.5,200,100,False,256,1560,3832,,2.4564
bcspwr09,1723,6511,8,0.002,17,drift,0.5,200,125,False,256,1575,3937,,2.4997
bcspwr09,1723,6511,8,0.002,17,drift,0.5,200,150,False,256,1555,3789,,2.4367
bcspwr09,1723,6511,8,0.002,17,drift,0.5,200,175,False,256,1552,3895,,2.5097
bcspwr09,1723,6511,8,0.002,17,drift,0.5,200,199,True,256,1564,3973,1564,2.5403
bcspwr09,1723,6511,8,0.002,18,drift,0.5,200,0,False,256,1551,3668,,2.3649
bcspwr09,1723,6511,8,0.002,18,drift,0.5,200,25,False,256,1552,3704,,2.3866
bcspwr09,1723,6511,8,0.002,18,drift,0.5,200,50,False,256,1552,3723,,2.3988
bcspwr09,1723,6511,8,0.002,18,drift,0.5,200,75,False,256,1568,3756,,2.3954
bcspwr09,1723,6511,8,0.002,18,drift,0.5,200,100,False,256,1559,3755,,2.4086
bcspwr09,1723,6511,8,0.002,18,drift,0.5,200,125,False,256,1542,3730,,2.4189
bcspwr09,1723,6511,8,0.002,18,drift,0.5,200,150,False,256,1549,3796,,2.4506
bcspwr09,1723,6511,8,0.002,18,drift,0.5,200,175,False,256,1559,3886,,2.4926
bcspwr09,1723,6511,8,0.002,18,drift,0.5,200,199,True,256,1553,3872,1553,2.4932
bcspwr09,1723,6511,8,0.002,19,drift,0.5,200,0,False,256,1501,3317,,2.2099
bcspwr09,1723,6511,8,0.002,19,drift,0.5,200,25,False,256,1503,3350,,2.2289
bcspwr09,1723,6511,8,0.002,19,drift,0.5,200,50,False,256,1506,3398,,2.2563
bcspwr09,1723,6511,8,0.002,19,drift,0.5,200,75,False,256,1517,3371,,2.2221
bcspwr09,1723,6511,8,0.002,19,drift,0.5,200,100,False,256,1522,3430,,2.2536
bcspwr09,1723,6511,8,0.002,19,drift,0.5,200,125,False,256,1533,3507,,2.2877
bcspwr09,1723,6511,8,0.002,19,drift,0.5,200,150,False,256,1546,3597,,2.3266
bcspwr09,1723,6511,8,0.002,19,drift,0.5,200,175,False,256,1548,3502,,2.2623
bcspwr09,1723,6511,8,0.002,19,drift,0.5,200,199,True,256,1558,3544,1558,2.2747
bcspwr09,1723,6511,8,0.002,20,drift,0.5,200,0,False,256,1539,3759,,2.4425
bcspwr09,1723,6511,8,0.002,20,drift,0.5,200,25,False,256,1547,3733,,2.4131
bcspwr09,1723,6511,8,0.002,20,drift,0.5,200,50,False,256,1555,3896,,2.5055
bcspwr09,1723,6511,8,0.002,20,drift,0.5,200,75,False,256,1560,3906,,2.5038
bcspwr09,1723,6511,8,0.002,20,drift,0.5,200,100,False,256,1543,3849,,2.4945
bcspwr09,1723,6511,8,0.002,20,drift,0.5,200,125,False,256,1546,3801,,2.4586
bcspwr09,1723,6511,8,0.002,20,drift,0.5,200,150,False,256,1539,3729,,2.423
bcspwr09,1723,6511,8,0.002,20,drift,0.5,200,175,False,256,1534,3643,,2.3748
bcspwr09,1723,6511,8,0.002,20,drift,0.5,200,199,True,256,1553,3780,1553,2.434
bcspwr09,1723,6511,8,0.002,21,drift,0.5,200,0,False,256,1535,3633,,2.3668
bcspwr09,1723,6511,8,0.002,21,drift,0.5,200,25,False,256,1532,3594,,2.346
bcspwr09,1723,6511,8,0.002,21,drift,0.5,200,50,False,256,1538,3683,,2.3947
bcspwr09,1723,6511,8,0.002,21,drift,0.5,200,75,False,256,1547,3710,,2.3982
bcspwr09,1723,6511,8,0.002,21,drift,0.5,200,100,False,256,1550,3653,,2.3568
bcspwr09,1723,6511,8,0.002,21,drift,0.5,200,125,False,256,1527,3583,,2.3464
bcspwr09,1723,6511,8,0.002,21,drift,0.5,200,150,False,256,1532,3587,,2.3414
bcspwr09,1723,6511,8,0.002,21,drift,0.5,200,175,False,256,1546,3633,,2.3499
bcspwr09,1723,6511,8,0.002,21,drift,0.5,200,199,True,256,1562,3772,1562,2.4149
bcspwr09,1723,6511,8,0.01,17,drift,0.5,200,0,False,256,1518,3703,,2.4394
bcspwr09,1723,6511,8,0.01,17,drift,0.5,200,25,False,256,1527,3682,,2.4113
bcspwr09,1723,6511,8,0.01,17,drift,0.5,200,50,False,256,1571,3883,,2.4717
bcspwr09,1723,6511,8,0.01,17,drift,0.5,200,75,False,256,1565,3926,,2.5086
bcspwr09,1723,6511,8,0.01,17,drift,0.5,200,100,False,256,1579,3903,,2.4718
bcspwr09,1723,6511,8,0.01,17,drift,0.5,200,125,False,256,1590,3983,,2.505
bcspwr09,1723,6511,8,0.01,17,drift,0.5,200,150,False,256,1584,4108,,2.5934
bcspwr09,1723,6511,8,0.01,17,drift,0.5,200,175,False,256,1560,4000,,2.5641
bcspwr09,1723,6511,8,0.01,17,drift,0.5,200,199,True,256,1576,4129,1576,2.6199
bcspwr09,1723,6511,8,0.01,18,drift,0.5,200,0,False,256,1551,3668,,2.3649
bcspwr09,1723,6511,8,0.01,18,drift,0.5,200,25,False,256,1562,3736,,2.3918
bcspwr09,1723,6511,8,0.01,18,drift,0.5,200,50,False,256,1590,3795,,2.3868
bcspwr09,1723,6511,8,0.01,18,drift,0.5,200,75,False,256,1589,3979,,2.5041
bcspwr09,1723,6511,8,0.01,18,drift,0.5,200,100,False,256,1562,3826,,2.4494
bcspwr09,1723,6511,8,0.01,18,drift,0.5,200,125,False,256,1570,3895,,2.4809
bcspwr09,1723,6511,8,0.01,18,drift,0.5,200,150,False,256,1574,3814,,2.4231
bcspwr09,1723,6511,8,0.01,18,drift,0.5,200,175,False,256,1552,3715,,2.3937
bcspwr09,1723,6511,8,0.01,18,drift,0.5,200,199,True,256,1549,3782,1549,2.4416
bcspwr09,1723,6511,8,0.01,19,drift,0.5,200,0,False,256,1501,3317,,2.2099
bcspwr09,1723,6511,8,0.01,19,drift,0.5,200,25,False,256,1519,3516,,2.3147
bcspwr09,1723,6511,8,0.01,19,drift,0.5,200,50,False,256,1542,3619,,2.347
bcspwr09,1723,6511,8,0.01,19,drift,0.5,200,75,False,256,1547,3617,,2.3381
bcspwr09,1723,6511,8,0.01,19,drift,0.5,200,100,False,256,1531,3595,,2.3481
bcspwr09,1723,6511,8,0.01,19,drift,0.5,200,125,False,256,1542,3709,,2.4053
bcspwr09,1723,6511,8,0.01,19,drift,0.5,200,150,False,256,1534,3680,,2.399
bcspwr09,1723,6511,8,0.01,19,drift,0.5,200,175,False,256,1552,3839,,2.4736
bcspwr09,1723,6511,8,0.01,19,drift,0.5,200,199,True,256,1565,3823,1565,2.4428
bcspwr09,1723,6511,8,0.01,20,drift,0.5,200,0,False,256,1539,3759,,2.4425
bcspwr09,1723,6511,8,0.01,20,drift,0.5,200,25,False,256,1549,3775,,2.4371
bcspwr09,1723,6511,8,0.01,20,drift,0.5,200,50,False,256,1556,3875,,2.4904
bcspwr09,1723,6511,8,0.01,20,drift,0.5,200,75,False,256,1548,3771,,2.436
bcspwr09,1723,6511,8,0.01,20,drift,0.5,200,100,False,256,1561,3938,,2.5227
bcspwr09,1723,6511,8,0.01,20,drift,0.5,200,125,False,256,1564,3908,,2.4987
bcspwr09,1723,6511,8,0.01,20,drift,0.5,200,150,False,256,1582,4067,,2.5708
bcspwr09,1723,6511,8,0.01,20,drift,0.5,200,175,False,256,1564,4076,,2.6061
bcspwr09,1723,6511,8,0.01,20,drift,0.5,200,199,True,256,1564,4121,1564,2.6349
bcspwr09,1723,6511,8,0.01,21,drift,0.5,200,0,False,256,1535,3633,,2.3668
bcspwr09,1723,6511,8,0.01,21,drift,0.5,200,25,False,256,1554,3777,,2.4305
bcspwr09,1723,6511,8,0.01,21,drift,0.5,200,50,False,256,1556,3844,,2.4704
bcspwr09,1723,6511,8,0.01,21,drift,0.5,200,75,False,256,1580,3915,,2.4778
bcspwr09,1723,6511,8,0.01,21,drift,0.5,200,100,False,256,1568,4002,,2.5523
bcspwr09,1723,6511,8,0.01,21,drift,0.5,200,125,False,256,1580,4041,,2.5576
bcspwr09,1723,6511,8,0.01,21,drift,0.5,200,150,False,256,1573,3910,,2.4857
bcspwr09,1723,6511,8,0.01,21,drift,0.5,200,175,False,256,1578,3899,,2.4708
bcspwr09,1723,6511,8,0.01,21,drift,0.5,200,199,True,256,1569,3875,1569,2.4697
bcspwr09,1723,6511,8,0.05,17,drift,0.5,200,0,False,256,1518,3703,,2.4394
bcspwr09,1723,6511,8,0.05,17,drift,0.5,200,25,False,256,1554,3874,,2.4929
bcspwr09,1723,6511,8,0.05,17,drift,0.5,200,50,False,256,1578,3944,,2.4994
bcspwr09,1723,6511,8,0.05,17,drift,0.5,200,75,False,256,1580,3896,,2.4658
bcspwr09,1723,6511,8,0.05,17,drift,0.5,200,100,False,256,1604,4092,,2.5511
bcspwr09,1723,6511,8,0.05,17,drift,0.5,200,125,False,256,1560,4007,,2.5686
bcspwr09,1723,6511,8,0.05,17,drift,0.5,200,150,False,256,1591,3996,,2.5116
bcspwr09,1723,6511,8,0.05,17,drift,0.5,200,175,False,256,1568,3943,,2.5147
bcspwr09,1723,6511,8,0.05,17,drift,0.5,200,199,True,256,1578,4156,1578,2.6337
bcspwr09,1723,6511,8,0.05,18,drift,0.5,200,0,False,256,1551,3668,,2.3649
bcspwr09,1723,6511,8,0.05,18,drift,0.5,200,25,False,256,1590,3960,,2.4906
bcspwr09,1723,6511,8,0.05,18,drift,0.5,200,50,False,256,1569,3883,,2.4748
bcspwr09,1723,6511,8,0.05,18,drift,0.5,200,75,False,256,1556,3912,,2.5141
bcspwr09,1723,6511,8,0.05,18,drift,0.5,200,100,False,256,1541,3893,,2.5263
bcspwr09,1723,6511,8,0.05,18,drift,0.5,200,125,False,256,1572,3959,,2.5184
bcspwr09,1723,6511,8,0.05,18,drift,0.5,200,150,False,256,1607,4105,,2.5544
bcspwr09,1723,6511,8,0.05,18,drift,0.5,200,175,False,256,1605,4067,,2.534
bcspwr09,1723,6511,8,0.05,18,drift,0.5,200,199,True,256,1555,3926,1555,2.5248
bcspwr09,1723,6511,8,0.05,19,drift,0.5,200,0,False,256,1501,3317,,2.2099
bcspwr09,1723,6511,8,0.05,19,drift,0.5,200,25,False,256,1502,3608,,2.4021
bcspwr09,1723,6511,8,0.05,19,drift,0.5,200,50,False,256,1549,3801,,2.4538
bcspwr09,1723,6511,8,0.05,19,drift,0.5,200,75,False,256,1559,3898,,2.5003
bcspwr09,1723,6511,8,0.05,19,drift,0.5,200,100,False,256,1571,3924,,2.4978
bcspwr09,1723,6511,8,0.05,19,drift,0.5,200,125,False,256,1631,4280,,2.6242
bcspwr09,1723,6511,8,0.05,19,drift,0.5,200,150,False,256,1621,4111,,2.5361
bcspwr09,1723,6511,8,0.05,19,drift,0.5,200,175,False,256,1589,4024,,2.5324
bcspwr09,1723,6511,8,0.05,19,drift,0.5,200,199,True,256,1627,4145,1627,2.5476
bcspwr09,1723,6511,8,0.05,20,drift,0.5,200,0,False,256,1539,3759,,2.4425
bcspwr09,1723,6511,8,0.05,20,drift,0.5,200,25,False,256,1558,3845,,2.4679
bcspwr09,1723,6511,8,0.05,20,drift,0.5,200,50,False,256,1592,3865,,2.4278
bcspwr09,1723,6511,8,0.05,20,drift,0.5,200,75,False,256,1568,3870,,2.4681
bcspwr09,1723,6511,8,0.05,20,drift,0.5,200,100,False,256,1586,4016,,2.5322
bcspwr09,1723,6511,8,0.05,20,drift,0.5,200,125,False,256,1554,3915,,2.5193
bcspwr09,1723,6511,8,0.05,20,drift,0.5,200,150,False,256,1557,3988,,2.5613
bcspwr09,1723,6511,8,0.05,20,drift,0.5,200,175,False,256,1584,4146,,2.6174
bcspwr09,1723,6511,8,0.05,20,drift,0.5,200,199,True,256,1597,4151,1597,2.5992
bcspwr09,1723,6511,8,0.05,21,drift,0.5,200,0,False,256,1535,3633,,2.3668
bcspwr09,1723,6511,8,0.05,21,drift,0.5,200,25,False,256,1584,3971,,2.5069
bcspwr09,1723,6511,8,0.05,21,drift,0.5,200,50,False,256,1589,3914,,2.4632
bcspwr09,1723,6511,8,0.05,21,drift,0.5,200,75,False,256,1604,4064,,2.5337
bcspwr09,1723,6511,8,0.05,21,drift,0.5,200,100,False,256,1613,4037,,2.5028
bcspwr09,1723,6511,8,0.05,21,drift,0.5,200,125,False,256,1597,4065,,2.5454
bcspwr09,1723,6511,8,0.05,21,drift,0.5,200,150,False,256,1579,4134,,2.6181
bcspwr09,1723,6511,8,0.05,21,drift,0.5,200,175,False,256,1580,3959,,2.5057
bcspwr09,1723,6511,8,0.05,21,drift,0.5,200,199,True,256,1544,3963,1544,2.5667
bcspwr09,1723,6511,8,0.25,17,drift,0.5,200,0,False,256,1518,3703,,2.4394
bcspwr09,1723,6511,8,0.25,17,drift,0.5,200,25,False,256,1575,4034,,2.5613
bcspwr09,1723,6511,8,0.25,17,drift,0.5,200,50,False,256,1570,4036,,2.5707
bcspwr09,1723,6511,8,0.25,17,drift,0.5,200,75,False,256,1556,3968,,2.5501
bcspwr09,1723,6511,8,0.25,17,drift,0.5,200,100,False,256,1561,3918,,2.5099
bcspwr09,1723,6511,8,0.25,17,drift,0.5,200,125,False,256,1555,3893,,2.5035
bcspwr09,1723,6511,8,0.25,17,drift,0.5,200,150,False,256,1568,4046,,2.5804
bcspwr09,1723,6511,8,0.25,17,drift,0.5,200,175,False,256,1566,3959,,2.5281
bcspwr09,1723,6511,8,0.25,17,drift,0.5,200,199,True,256,1599,4049,1599,2.5322
bcspwr09,1723,6511,8,0.25,18,drift,0.5,200,0,False,256,1551,3668,,2.3649
bcspwr09,1723,6511,8,0.25,18,drift,0.5,200,25,False,256,1568,4002,,2.5523
bcspwr09,1723,6511,8,0.25,18,drift,0.5,200,50,False,256,1546,3861,,2.4974
bcspwr09,1723,6511,8,0.25,18,drift,0.5,200,75,False,256,1512,3948,,2.6111
bcspwr09,1723,6511,8,0.25,18,drift,0.5,200,100,False,256,1576,4201,,2.6656
bcspwr09,1723,6511,8,0.25,18,drift,0.5,200,125,False,256,1556,4025,,2.5868
bcspwr09,1723,6511,8,0.25,18,drift,0.5,200,150,False,256,1568,4096,,2.6122
bcspwr09,1723,6511,8,0.25,18,drift,0.5,200,175,False,256,1581,4118,,2.6047
bcspwr09,1723,6511,8,0.25,18,drift,0.5,200,199,True,256,1584,4175,1584,2.6357
bcspwr09,1723,6511,8,0.25,19,drift,0.5,200,0,False,256,1501,3317,,2.2099
bcspwr09,1723,6511,8,0.25,19,drift,0.5,200,25,False,256,1562,3873,,2.4795
bcspwr09,1723,6511,8,0.25,19,drift,0.5,200,50,False,256,1592,4124,,2.5905
bcspwr09,1723,6511,8,0.25,19,drift,0.5,200,75,False,256,1599,4085,,2.5547
bcspwr09,1723,6511,8,0.25,19,drift,0.5,200,100,False,256,1565,3865,,2.4696
bcspwr09,1723,6511,8,0.25,19,drift,0.5,200,125,False,256,1572,3862,,2.4567
bcspwr09,1723,6511,8,0.25,19,drift,0.5,200,150,False,256,1571,4028,,2.564
bcspwr09,1723,6511,8,0.25,19,drift,0.5,200,175,False,256,1575,4021,,2.553
bcspwr09,1723,6511,8,0.25,19,drift,0.5,200,199,True,256,1587,4153,1587,2.6169
bcspwr09,1723,6511,8,0.25,20,drift,0.5,200,0,False,256,1539,3759,,2.4425
bcspwr09,1723,6511,8,0.25,20,drift,0.5,200,25,False,256,1563,3919,,2.5074
bcspwr09,1723,6511,8,0.25,20,drift,0.5,200,50,False,256,1599,4060,,2.5391
bcspwr09,1723,6511,8,0.25,20,drift,0.5,200,75,False,256,1597,4039,,2.5291
bcspwr09,1723,6511,8,0.25,20,drift,0.5,200,100,False,256,1565,3981,,2.5438
bcspwr09,1723,6511,8,0.25,20,drift,0.5,200,125,False,256,1581,4227,,2.6736
bcspwr09,1723,6511,8,0.25,20,drift,0.5,200,150,False,256,1614,4305,,2.6673
bcspwr09,1723,6511,8,0.25,20,drift,0.5,200,175,False,256,1627,4125,,2.5353
bcspwr09,1723,6511,8,0.25,20,drift,0.5,200,199,True,256,1578,3833,1578,2.429
bcspwr09,1723,6511,8,0.25,21,drift,0.5,200,0,False,256,1535,3633,,2.3668
bcspwr09,1723,6511,8,0.25,21,drift,0.5,200,25,False,256,1541,3917,,2.5419
bcspwr09,1723,6511,8,0.25,21,drift,0.5,200,50,False,256,1586,4103,,2.587
bcspwr09,1723,6511,8,0.25,21,drift,0.5,200,75,False,256,1582,4051,,2.5607
bcspwr09,1723,6511,8,0.25,21,drift,0.5,200,100,False,256,1577,4257,,2.6994
bcspwr09,1723,6511,8,0.25,21,drift,0.5,200,125,False,256,1559,3993,,2.5613
bcspwr09,1723,6511,8,0.25,21,drift,0.5,200,150,False,256,1549,4136,,2.6701
bcspwr09,1723,6511,8,0.25,21,drift,0.5,200,175,False,256,1577,4097,,2.598
bcspwr09,1723,6511,8,0.25,21,drift,0.5,200,199,True,256,1607,4282,1607,2.6646
bcspwr09,1723,6511,8,0.0,17,jump,0.5,200,0,False,256,1518,3703,,2.4394
bcspwr09,1723,6511,8,0.0,17,jump,0.5,200,25,False,256,1518,3703,,2.4394
bcspwr09,1723,6511,8,0.0,17,jump,0.5,200,50,False,256,1518,3703,,2.4394
bcspwr09,1723,6511,8,0.0,17,jump,0.5,200,75,False,256,1518,3703,,2.4394
bcspwr09,1723,6511,8,0.0,17,jump,0.5,200,100,False,256,1518,3703,,2.4394
bcspwr09,1723,6511,8,0.0,17,jump,0.5,200,125,False,256,1518,3703,,2.4394
bcspwr09,1723,6511,8,0.0,17,jump,0.5,200,150,False,256,1518,3703,,2.4394
bcspwr09,1723,6511,8,0.0,17,jump,0.5,200,175,False,256,1518,3703,,2.4394
bcspwr09,1723,6511,8,0.0,17,jump,0.5,200,199,True,256,1518,3703,1518,2.4394
bcspwr09,1723,6511,8,0.0,18,jump,0.5,200,0,False,256,1551,3668,,2.3649
bcspwr09,1723,6511,8,0.0,18,jump,0.5,200,25,False,256,1551,3668,,2.3649
bcspwr09,1723,6511,8,0.0,18,jump,0.5,200,50,False,256,1551,3668,,2.3649
bcspwr09,1723,6511,8,0.0,18,jump,0.5,200,75,False,256,1551,3668,,2.3649
bcspwr09,1723,6511,8,0.0,18,jump,0.5,200,100,False,256,1551,3668,,2.3649
bcspwr09,1723,6511,8,0.0,18,jump,0.5,200,125,False,256,1551,3668,,2.3649
bcspwr09,1723,6511,8,0.0,18,jump,0.5,200,150,False,256,1551,3668,,2.3649
bcspwr09,1723,6511,8,0.0,18,jump,0.5,200,175,False,256,1551,3668,,2.3649
bcspwr09,1723,6511,8,0.0,18,jump,0.5,200,199,True,256,1551,3668,1551,2.3649
bcspwr09,1723,6511,8,0.0,19,jump,0.5,200,0,False,256,1501,3317,,2.2099
bcspwr09,1723,6511,8,0.0,19,jump,0.5,200,25,False,256,1501,3317,,2.2099
bcspwr09,1723,6511,8,0.0,19,jump,0.5,200,50,False,256,1501,3317,,2.2099
bcspwr09,1723,6511,8,0.0,19,jump,0.5,200,75,False,256,1501,3317,,2.2099
bcspwr09,1723,6511,8,0.0,19,jump,0.5,200,100,False,256,1501,3317,,2.2099
bcspwr09,1723,6511,8,0.0,19,jump,0.5,200,125,False,256,1501,3317,,2.2099
bcspwr09,1723,6511,8,0.0,19,jump,0.5,200,150,False,256,1501,3317,,2.2099
bcspwr09,1723,6511,8,0.0,19,jump,0.5,200,175,False,256,1501,3317,,2.2099
bcspwr09,1723,6511,8,0.0,19,jump,0.5,200,199,True,256,1501,3317,1501,2.2099
bcspwr09,1723,6511,8,0.0,20,jump,0.5,200,0,False,256,1539,3759,,2.4425
bcspwr09,1723,6511,8,0.0,20,jump,0.5,200,25,False,256,1539,3759,,2.4425
bcspwr09,1723,6511,8,0.0,20,jump,0.5,200,50,False,256,1539,3759,,2.4425
bcspwr09,1723,6511,8,0.0,20,jump,0.5,200,75,False,256,1539,3759,,2.4425
bcspwr09,1723,6511,8,0.0,20,jump,0.5,200,100,False,256,1539,3759,,2.4425
bcspwr09,1723,6511,8,0.0,20,jump,0.5,200,125,False,256,1539,3759,,2.4425
bcspwr09,1723,6511,8,0.0,20,jump,0.5,200,150,False,256,1539,3759,,2.4425
bcspwr09,1723,6511,8,0.0,20,jump,0.5,200,175,False,256,1539,3759,,2.4425
bcspwr09,1723,6511,8,0.0,20,jump,0.5,200,199,True,256,1539,3759,1539,2.4425
bcspwr09,1723,6511,8,0.0,21,jump,0.5,200,0,False,256,1535,3633,,2.3668
bcspwr09,1723,6511,8,0.0,21,jump,0.5,200,25,False,256,1535,3633,,2.3668
bcspwr09,1723,6511,8,0.0,21,jump,0.5,200,50,False,256,1535,3633,,2.3668
bcspwr09,1723,6511,8,0.0,21,jump,0.5,200,75,False,256,1535,3633,,2.3668
bcspwr09,1723,6511,8,0.0,21,jump,0.5,200,100,False,256,1535,3633,,2.3668
bcspwr09,1723,6511,8,0.0,21,jump,0.5,200,125,False,256,1535,3633,,2.3668
bcspwr09,1723,6511,8,0.0,21,jump,0.5,200,150,False,256,1535,3633,,2.3668
bcspwr09,1723,6511,8,0.0,21,jump,0.5,200,175,False,256,1535,3633,,2.3668
bcspwr09,1723,6511,8,0.0,21,jump,0.5,200,199,True,256,1535,3633,1535,2.3668
bcspwr09,1723,6511,8,0.002,17,jump,0.5,200,0,False,256,1518,3703,,2.4394
bcspwr09,1723,6511,8,0.002,17,jump,0.5,200,25,False,256,1558,3908,,2.5083
bcspwr09,1723,6511,8,0.002,17,jump,0.5,200,50,False,256,1547,3672,,2.3736
bcspwr09,1723,6511,8,0.002,17,jump,0.5,200,75,False,256,1559,3654,,2.3438
bcspwr09,1723,6511,8,0.002,17,jump,0.5,200,100,False,256,1585,3726,,2.3508
bcspwr09,1723,6511,8,0.002,17,jump,0.5,200,125,False,256,1571,3727,,2.3724
bcspwr09,1723,6511,8,0.002,17,jump,0.5,200,150,False,256,1571,3734,,2.3768
bcspwr09,1723,6511,8,0.002,17,jump,0.5,200,175,False,256,1588,3815,,2.4024
bcspwr09,1723,6511,8,0.002,17,jump,0.5,200,199,True,256,1602,3964,1602,2.4744
bcspwr09,1723,6511,8,0.002,18,jump,0.5,200,0,False,256,1551,3668,,2.3649
bcspwr09,1723,6511,8,0.002,18,jump,0.5,200,25,False,256,1556,3642,,2.3406
bcspwr09,1723,6511,8,0.002,18,jump,0.5,200,50,False,256,1583,3678,,2.3234
bcspwr09,1723,6511,8,0.002,18,jump,0.5,200,75,False,256,1604,3800,,2.3691
bcspwr09,1723,6511,8,0.002,18,jump,0.5,200,100,False,256,1605,3728,,2.3227
bcspwr09,1723,6511,8,0.002,18,jump,0.5,200,125,False,256,1629,3883,,2.3837
bcspwr09,1723,6511,8,0.002,18,jump,0.5,200,150,False,256,1643,4059,,2.4705
bcspwr09,1723,6511,8,0.002,18,jump,0.5,200,175,False,256,1654,4020,,2.4305
bcspwr09,1723,6511,8,0.002,18,jump,0.5,200,199,True,256,1651,4031,1651,2.4416
bcspwr09,1723,6511,8,0.002,19,jump,0.5,200,0,False,256,1501,3317,,2.2099
bcspwr09,1723,6511,8,0.002,19,jump,0.5,200,25,False,256,1532,3502,,2.2859
bcspwr09,1723,6511,8,0.002,19,jump,0.5,200,50,False,256,1586,3827,,2.413
bcspwr09,1723,6511,8,0.002,19,jump,0.5,200,75,False,256,1582,3784,,2.3919
bcspwr09,1723,6511,8,0.002,19,jump,0.5,200,100,False,256,1628,3986,,2.4484
bcspwr09,1723,6511,8,0.002,19,jump,0.5,200,125,False,256,1633,4216,,2.5818
bcspwr09,1723,6511,8,0.002,19,jump,0.5,200,150,False,256,1651,4295,,2.6015
bcspwr09,1723,6511,8,0.002,19,jump,0.5,200,175,False,256,1671,4355,,2.6062
bcspwr09,1723,6511,8,0.002,19,jump,0.5,200,199,True,256,1664,4323,1664,2.598
bcspwr09,1723,6511,8,0.002,20,jump,0.5,200,0,False,256,1539,3759,,2.4425
bcspwr09,1723,6511,8,0.002,20,jump,0.5,200,25,False,256,1540,3729,,2.4214
bcspwr09,1723,6511,8,0.002,20,jump,0.5,200,50,False,256,1582,3860,,2.4399
bcspwr09,1723,6511,8,0.002,20,jump,0.5,200,75,False,256,1570,3855,,2.4554
bcspwr09,1723,6511,8,0.002,20,jump,0.5,200,100,False,256,1600,3870,,2.4188
bcspwr09,1723,6511,8,0.002,20,jump,0.5,200,125,False,256,1631,4167,,2.5549
bcspwr09,1723,6511,8,0.002,20,jump,0.5,200,150,False,256,1612,4141,,2.5689
bcspwr09,1723,6511,8,0.002,20,jump,0.5,200,175,False,256,1615,4067,,2.5183
bcspwr09,1723,6511,8,0.002,20,jump,0.5,200,199,True,256,1612,3977,1612,2.4671
bcspwr09,1723,6511,8,0.002,21,jump,0.5,200,0,False,256,1535,3633,,2.3668
bcspwr09,1723,6511,8,0.002,21,jump,0.5,200,25,False,256,1562,3770,,2.4136
bcspwr09,1723,6511,8,0.002,21,jump,0.5,200,50,False,256,1567,3896,,2.4863
bcspwr09,1723,6511,8,0.002,21,jump,0.5,200,75,False,256,1595,4146,,2.5994
bcspwr09,1723,6511,8,0.002,21,jump,0.5,200,100,False,256,1618,4236,,2.618
bcspwr09,1723,6511,8,0.002,21,jump,0.5,200,125,False,256,1611,4067,,2.5245
bcspwr09,1723,6511,8,0.002,21,jump,0.5,200,150,False,256,1637,4155,,2.5382
bcspwr09,1723,6511,8,0.002,21,jump,0.5,200,175,False,256,1635,4071,,2.4899
bcspwr09,1723,6511,8,0.002,21,jump,0.5,200,199,True,256,1631,4070,1631,2.4954
bcspwr09,1723,6511,8,0.01,17,jump,0.5,200,0,False,256,1518,3703,,2.4394
bcspwr09,1723,6511,8,0.01,17,jump,0.5,200,25,False,256,1574,3793,,2.4098
bcspwr09,1723,6511,8,0.01,17,jump,0.5,200,50,False,256,1611,4074,,2.5289
bcspwr09,1723,6511,8,0.01,17,jump,0.5,200,75,False,256,1631,4237,,2.5978
bcspwr09,1723,6511,8,0.01,17,jump,0.5,200,100,False,256,1648,4296,,2.6068
bcspwr09,1723,6511,8,0.01,17,jump,0.5,200,125,False,256,1660,4237,,2.5524
bcspwr09,1723,6511,8,0.01,17,jump,0.5,200,150,False,256,1625,4203,,2.5865
bcspwr09,1723,6511,8,0.01,17,jump,0.5,200,175,False,256,1611,4046,,2.5115
bcspwr09,1723,6511,8,0.01,17,jump,0.5,200,199,True,256,1636,4119,1636,2.5177
bcspwr09,1723,6511,8,0.01,18,jump,0.5,200,0,False,256,1551,3668,,2.3649
bcspwr09,1723,6511,8,0.01,18,jump,0.5,200,25,False,256,1610,3965,,2.4627
bcspwr09,1723,6511,8,0.01,18,jump,0.5,200,50,False,256,1656,4308,,2.6014
bcspwr09,1723,6511,8,0.01,18,jump,0.5,200,75,False,256,1664,4291,,2.5787
bcspwr09,1723,6511,8,0.01,18,jump,0.5,200,100,False,256,1641,4175,,2.5442
bcspwr09,1723,6511,8,0.01,18,jump,0.5,200,125,False,256,1654,4213,,2.5472
bcspwr09,1723,6511,8,0.01,18,jump,0.5,200,150,False,256,1661,4228,,2.5455
bcspwr09,1723,6511,8,0.01,18,jump,0.5,200,175,False,256,1667,4387,,2.6317
bcspwr09,1723,6511,8,0.01,18,jump,0.5,200,199,True,256,1652,4249,1652,2.572
bcspwr09,1723,6511,8,0.01,19,jump,0.5,200,0,False,256,1501,3317,,2.2099
bcspwr09,1723,6511,8,0.01,19,jump,0.5,200,25,False,256,1616,3898,,2.4121
bcspwr09,1723,6511,8,0.01,19,jump,0.5,200,50,False,256,1657,4321,,2.6077
bcspwr09,1723,6511,8,0.01,19,jump,0.5,200,75,False,256,1663,4326,,2.6013
bcspwr09,1723,6511,8,0.01,19,jump,0.5,200,100,False,256,1657,4301,,2.5957
bcspwr09,1723,6511,8,0.01,19,jump,0.5,200,125,False,256,1652,4133,,2.5018
bcspwr09,1723,6511,8,0.01,19,jump,0.5,200,150,False,256,1639,4216,,2.5723
bcspwr09,1723,6511,8,0.01,19,jump,0.5,200,175,False,256,1642,4126,,2.5128
bcspwr09,1723,6511,8,0.01,19,jump,0.5,200,199,True,256,1625,4060,1625,2.4985
bcspwr09,1723,6511,8,0.01,20,jump,0.5,200,0,False,256,1539,3759,,2.4425
bcspwr09,1723,6511,8,0.01,20,jump,0.5,200,25,False,256,1576,4008,,2.5431
bcspwr09,1723,6511,8,0.01,20,jump,0.5,200,50,False,256,1604,3954,,2.4651
bcspwr09,1723,6511,8,0.01,20,jump,0.5,200,75,False,256,1641,4055,,2.4711
bcspwr09,1723,6511,8,0.01,20,jump,0.5,200,100,False,256,1632,4165,,2.5521
bcspwr09,1723,6511,8,0.01,20,jump,0.5,200,125,False,256,1654,4325,,2.6149
bcspwr09,1723,6511,8,0.01,20,jump,0.5,200,150,False,256,1636,4034,,2.4658
bcspwr09,1723,6511,8,0.01,20,jump,0.5,200,175,False,256,1655,4179,,2.5251
bcspwr09,1723,6511,8,0.01,20,jump,0.5,200,199,True,256,1639,4083,1639,2.4912
bcspwr09,1723,6511,8,0.01,21,jump,0.5,200,0,False,256,1535,3633,,2.3668
bcspwr09,1723,6511,8,0.01,21,jump,0.5,200,25,False,256,1594,4019,,2.5213
bcspwr09,1723,6511,8,0.01,21,jump,0.5,200,50,False,256,1639,4116,,2.5113
bcspwr09,1723,6511,8,0.01,21,jump,0.5,200,75,False,256,1658,4174,,2.5175
bcspwr09,1723,6511,8,0.01,21,jump,0.5,200,100,False,256,1659,4137,,2.4937
bcspwr09,1723,6511,8,0.01,21,jump,0.5,200,125,False,256,1648,4269,,2.5904
bcspwr09,1723,6511,8,0.01,21,jump,0.5,200,150,False,256,1636,4181,,2.5556
bcspwr09,1723,6511,8,0.01,21,jump,0.5,200,175,False,256,1625,4262,,2.6228
bcspwr09,1723,6511,8,0.01,21,jump,0.5,200,199,True,256,1652,4282,1652,2.592
bcspwr09,1723,6511,8,0.05,17,jump,0.5,200,0,False,256,1518,3703,,2.4394
bcspwr09,1723,6511,8,0.05,17,jump,0.5,200,25,False,256,1676,4125,,2.4612
bcspwr09,1723,6511,8,0.05,17,jump,0.5,200,50,False,256,1633,4023,,2.4636
bcspwr09,1723,6511,8,0.05,17,jump,0.5,200,75,False,256,1646,4254,,2.5844
bcspwr09,1723,6511,8,0.05,17,jump,0.5,200,100,False,256,1658,4268,,2.5742
bcspwr09,1723,6511,8,0.05,17,jump,0.5,200,125,False,256,1672,4116,,2.4617
bcspwr09,1723,6511,8,0.05,17,jump,0.5,200,150,False,256,1674,4309,,2.5741
bcspwr09,1723,6511,8,0.05,17,jump,0.5,200,175,False,256,1660,4306,,2.594
bcspwr09,1723,6511,8,0.05,17,jump,0.5,200,199,True,256,1650,4140,1650,2.5091
bcspwr09,1723,6511,8,0.05,18,jump,0.5,200,0,False,256,1551,3668,,2.3649
bcspwr09,1723,6511,8,0.05,18,jump,0.5,200,25,False,256,1658,4137,,2.4952
bcspwr09,1723,6511,8,0.05,18,jump,0.5,200,50,False,256,1664,4505,,2.7073
bcspwr09,1723,6511,8,0.05,18,jump,0.5,200,75,False,256,1662,4120,,2.4789
bcspwr09,1723,6511,8,0.05,18,jump,0.5,200,100,False,256,1679,4325,,2.5759
bcspwr09,1723,6511,8,0.05,18,jump,0.5,200,125,False,256,1648,4271,,2.5916
bcspwr09,1723,6511,8,0.05,18,jump,0.5,200,150,False,256,1637,4221,,2.5785
bcspwr09,1723,6511,8,0.05,18,jump,0.5,200,175,False,256,1641,4004,,2.44
bcspwr09,1723,6511,8,0.05,18,jump,0.5,200,199,True,256,1621,4101,1621,2.5299
bcspwr09,1723,6511,8,0.05,19,jump,0.5,200,0,False,256,1501,3317,,2.2099
bcspwr09,1723,6511,8,0.05,19,jump,0.5,200,25,False,256,1670,4199,,2.5144
bcspwr09,1723,6511,8,0.05,19,jump,0.5,200,50,False,256,1656,4139,,2.4994
bcspwr09,1723,6511,8,0.05,19,jump,0.5,200,75,False,256,1656,4271,,2.5791
bcspwr09,1723,6511,8,0.05,19,jump,0.5,200,100,False,256,1638,4114,,2.5116
bcspwr09,1723,6511,8,0.05,19,jump,0.5,200,125,False,256,1633,3939,,2.4121
bcspwr09,1723,6511,8,0.05,19,jump,0.5,200,150,False,256,1639,4128,,2.5186
bcspwr09,1723,6511,8,0.05,19,jump,0.5,200,175,False,256,1637,3902,,2.3836
bcspwr09,1723,6511,8,0.05,19,jump,0.5,200,199,True,256,1668,4125,1668,2.473
bcspwr09,1723,6511,8,0.05,20,jump,0.5,200,0,False,256,1539,3759,,2.4425
bcspwr09,1723,6511,8,0.05,20,jump,0.5,200,25,False,256,1669,4359,,2.6117
bcspwr09,1723,6511,8,0.05,20,jump,0.5,200,50,False,256,1667,4338,,2.6023
bcspwr09,1723,6511,8,0.05,20,jump,0.5,200,75,False,256,1652,4323,,2.6168
bcspwr09,1723,6511,8,0.05,20,jump,0.5,200,100,False,256,1633,4115,,2.5199
bcspwr09,1723,6511,8,0.05,20,jump,0.5,200,125,False,256,1669,4068,,2.4374
bcspwr09,1723,6511,8,0.05,20,jump,0.5,200,150,False,256,1669,4208,,2.5213
bcspwr09,1723,6511,8,0.05,20,jump,0.5,200,175,False,256,1648,4081,,2.4763
bcspwr09,1723,6511,8,0.05,20,jump,0.5,200,199,True,256,1607,3845,1607,2.3927
bcspwr09,1723,6511,8,0.05,21,jump,0.5,200,0,False,256,1535,3633,,2.3668
bcspwr09,1723,6511,8,0.05,21,jump,0.5,200,25,False,256,1651,4221,,2.5566
bcspwr09,1723,6511,8,0.05,21,jump,0.5,200,50,False,256,1678,4461,,2.6585
bcspwr09,1723,6511,8,0.05,21,jump,0.5,200,75,False,256,1631,4180,,2.5628
bcspwr09,1723,6511,8,0.05,21,jump,0.5,200,100,False,256,1652,4232,,2.5617
bcspwr09,1723,6511,8,0.05,21,jump,0.5,200,125,False,256,1672,4390,,2.6256
bcspwr09,1723,6511,8,0.05,21,jump,0.5,200,150,False,256,1668,4302,,2.5791
bcspwr09,1723,6511,8,0.05,21,jump,0.5,200,175,False,256,1661,4459,,2.6845
bcspwr09,1723,6511,8,0.05,21,jump,0.5,200,199,True,256,1664,4196,1664,2.5216
bcspwr09,1723,6511,8,0.25,17,jump,0.5,200,0,False,256,1518,3703,,2.4394
bcspwr09,1723,6511,8,0.25,17,jump,0.5,200,25,False,256,1654,4252,,2.5707
bcspwr09,1723,6511,8,0.25,17,jump,0.5,200,50,False,256,1648,4114,,2.4964
bcspwr09,1723,6511,8,0.25,17,jump,0.5,200,75,False,256,1664,4291,,2.5787
bcspwr09,1723,6511,8,0.25,17,jump,0.5,200,100,False,256,1661,4081,,2.457
bcspwr09,1723,6511,8,0.25,17,jump,0.5,200,125,False,256,1663,4331,,2.6043
bcspwr09,1723,6511,8,0.25,17,jump,0.5,200,150,False,256,1689,4346,,2.5731
bcspwr09,1723,6511,8,0.25,17,jump,0.5,200,175,False,256,1646,4158,,2.5261
bcspwr09,1723,6511,8,0.25,17,jump,0.5,200,199,True,256,1661,4124,1661,2.4828
bcspwr09,1723,6511,8,0.25,18,jump,0.5,200,0,False,256,1551,3668,,2.3649
bcspwr09,1723,6511,8,0.25,18,jump,0.5,200,25,False,256,1655,4393,,2.6544
bcspwr09,1723,6511,8,0.25,18,jump,0.5,200,50,False,256,1658,4388,,2.6466
bcspwr09,1723,6511,8,0.25,18,jump,0.5,200,75,False,256,1661,4265,,2.5677
bcspwr09,1723,6511,8,0.25,18,jump,0.5,200,100,False,256,1644,4066,,2.4732
bcspwr09,1723,6511,8,0.25,18,jump,0.5,200,125,False,256,1649,4177,,2.5331
bcspwr09,1723,6511,8,0.25,18,jump,0.5,200,150,False,256,1651,4173,,2.5276
bcspwr09,1723,6511,8,0.25,18,jump,0.5,200,175,False,256,1644,3989,,2.4264
bcspwr09,1723,6511,8,0.25,18,jump,0.5,200,199,True,256,1654,4242,1654,2.5647
bcspwr09,1723,6511,8,0.25,19,jump,0.5,200,0,False,256,1501,3317,,2.2099
bcspwr09,1723,6511,8,0.25,19,jump,0.5,200,25,False,256,1653,4184,,2.5312
bcspwr09,1723,6511,8,0.25,19,jump,0.5,200,50,False,256,1651,3971,,2.4052
bcspwr09,1723,6511,8,0.25,19,jump,0.5,200,75,False,256,1675,4167,,2.4878
bcspwr09,1723,6511,8,0.25,19,jump,0.5,200,100,False,256,1653,4102,,2.4815
bcspwr09,1723,6511,8,0.25,19,jump,0.5,200,125,False,256,1666,4215,,2.53
bcspwr09,1723,6511,8,0.25,19,jump,0.5,200,150,False,256,1641,4067,,2.4784
bcspwr09,1723,6511,8,0.25,19,jump,0.5,200,175,False,256,1642,3999,,2.4354
bcspwr09,1723,6511,8,0.25,19,jump,0.5,200,199,True,256,1653,4226,1653,2.5566
bcspwr09,1723,6511,8,0.25,20,jump,0.5,200,0,False,256,1539,3759,,2.4425
bcspwr09,1723,6511,8,0.25,20,jump,0.5,200,25,False,256,1670,4388,,2.6275
bcspwr09,1723,6511,8,0.25,20,jump,0.5,200,50,False,256,1655,4399,,2.658
bcspwr09,1723,6511,8,0.25,20,jump,0.5,200,75,False,256,1650,4240,,2.5697
bcspwr09,1723,6511,8,0.25,20,jump,0.5,200,100,False,256,1659,4181,,2.5202
bcspwr09,1723,6511,8,0.25,20,jump,0.5,200,125,False,256,1664,4244,,2.5505
bcspwr09,1723,6511,8,0.25,20,jump,0.5,200,150,False,256,1647,4046,,2.4566
bcspwr09,1723,6511,8,0.25,20,jump,0.5,200,175,False,256,1649,4135,,2.5076
bcspwr09,1723,6511,8,0.25,20,jump,0.5,200,199,True,256,1629,3856,1629,2.3671
bcspwr09,1723,6511,8,0.25,21,jump,0.5,200,0,False,256,1535,3633,,2.3668
bcspwr09,1723,6511,8,0.25,21,jump,0.5,200,25,False,256,1604,3996,,2.4913
bcspwr09,1723,6511,8,0.25,21,jump,0.5,200,50,False,256,1644,4001,,2.4337
bcspwr09,1723,6511,8,0.25,21,jump,0.5,200,75,False,256,1617,3952,,2.444
bcspwr09,1723,6511,8,0.25,21,jump,0.5,200,100,False,256,1640,4217,,2.5713
bcspwr09,1723,6511,8,0.25,21,jump,0.5,200,125,False,256,1667,4165,,2.4985
bcspwr09,1723,6511,8,0.25,21,jump,0.5,200,150,False,256,1650,4113,,2.4927
bcspwr09,1723,6511,8,0.25,21,jump,0.5,200,175,False,256,1632,3906,,2.3934
bcspwr09,1723,6511,8,0.25,21,jump,0.5,200,199,True,256,1642,4061,1642,2.4732
bcspwr10,5300,21842,8,0.0,17,drift,0.5,200,0,False,256,3622,6298,,1.7388
bcspwr10,5300,21842,8,0.0,17,drift,0.5,200,25,False,256,3622,6298,,1.7388
bcspwr10,5300,21842,8,0.0,17,drift,0.5,200,50,False,256,3622,6298,,1.7388
bcspwr10,5300,21842,8,0.0,17,drift,0.5,200,75,False,256,3622,6298,,1.7388
bcspwr10,5300,21842,8,0.0,17,drift,0.5,200,100,False,256,3622,6298,,1.7388
bcspwr10,5300,21842,8,0.0,17,drift,0.5,200,125,False,256,3622,6298,,1.7388
bcspwr10,5300,21842,8,0.0,17,drift,0.5,200,150,False,256,3622,6298,,1.7388
bcspwr10,5300,21842,8,0.0,17,drift,0.5,200,175,False,256,3622,6298,,1.7388
bcspwr10,5300,21842,8,0.0,17,drift,0.5,200,199,True,256,3622,6298,3622,1.7388
bcspwr10,5300,21842,8,0.0,18,drift,0.5,200,0,False,256,3653,6544,,1.7914
bcspwr10,5300,21842,8,0.0,18,drift,0.5,200,25,False,256,3653,6544,,1.7914
bcspwr10,5300,21842,8,0.0,18,drift,0.5,200,50,False,256,3653,6544,,1.7914
bcspwr10,5300,21842,8,0.0,18,drift,0.5,200,75,False,256,3653,6544,,1.7914
bcspwr10,5300,21842,8,0.0,18,drift,0.5,200,100,False,256,3653,6544,,1.7914
bcspwr10,5300,21842,8,0.0,18,drift,0.5,200,125,False,256,3653,6544,,1.7914
bcspwr10,5300,21842,8,0.0,18,drift,0.5,200,150,False,256,3653,6544,,1.7914
bcspwr10,5300,21842,8,0.0,18,drift,0.5,200,175,False,256,3653,6544,,1.7914
bcspwr10,5300,21842,8,0.0,18,drift,0.5,200,199,True,256,3653,6544,3653,1.7914
bcspwr10,5300,21842,8,0.0,19,drift,0.5,200,0,False,256,3393,5871,,1.7303
bcspwr10,5300,21842,8,0.0,19,drift,0.5,200,25,False,256,3393,5871,,1.7303
bcspwr10,5300,21842,8,0.0,19,drift,0.5,200,50,False,256,3393,5871,,1.7303
bcspwr10,5300,21842,8,0.0,19,drift,0.5,200,75,False,256,3393,5871,,1.7303
bcspwr10,5300,21842,8,0.0,19,drift,0.5,200,100,False,256,3393,5871,,1.7303
bcspwr10,5300,21842,8,0.0,19,drift,0.5,200,125,False,256,3393,5871,,1.7303
bcspwr10,5300,21842,8,0.0,19,drift,0.5,200,150,False,256,3393,5871,,1.7303
bcspwr10,5300,21842,8,0.0,19,drift,0.5,200,175,False,256,3393,5871,,1.7303
bcspwr10,5300,21842,8,0.0,19,drift,0.5,200,199,True,256,3393,5871,3393,1.7303
bcspwr10,5300,21842,8,0.0,20,drift,0.5,200,0,False,256,3187,5262,,1.6511
bcspwr10,5300,21842,8,0.0,20,drift,0.5,200,25,False,256,3187,5262,,1.6511
bcspwr10,5300,21842,8,0.0,20,drift,0.5,200,50,False,256,3187,5262,,1.6511
bcspwr10,5300,21842,8,0.0,20,drift,0.5,200,75,False,256,3187,5262,,1.6511
bcspwr10,5300,21842,8,0.0,20,drift,0.5,200,100,False,256,3187,5262,,1.6511
bcspwr10,5300,21842,8,0.0,20,drift,0.5,200,125,False,256,3187,5262,,1.6511
bcspwr10,5300,21842,8,0.0,20,drift,0.5,200,150,False,256,3187,5262,,1.6511
bcspwr10,5300,21842,8,0.0,20,drift,0.5,200,175,False,256,3187,5262,,1.6511
bcspwr10,5300,21842,8,0.0,20,drift,0.5,200,199,True,256,3187,5262,3187,1.6511
bcspwr10,5300,21842,8,0.0,21,drift,0.5,200,0,False,256,3363,5602,,1.6658
bcspwr10,5300,21842,8,0.0,21,drift,0.5,200,25,False,256,3363,5602,,1.6658
bcspwr10,5300,21842,8,0.0,21,drift,0.5,200,50,False,256,3363,5602,,1.6658
bcspwr10,5300,21842,8,0.0,21,drift,0.5,200,75,False,256,3363,5602,,1.6658
bcspwr10,5300,21842,8,0.0,21,drift,0.5,200,100,False,256,3363,5602,,1.6658
bcspwr10,5300,21842,8,0.0,21,drift,0.5,200,125,False,256,3363,5602,,1.6658
bcspwr10,5300,21842,8,0.0,21,drift,0.5,200,150,False,256,3363,5602,,1.6658
bcspwr10,5300,21842,8,0.0,21,drift,0.5,200,175,False,256,3363,5602,,1.6658
bcspwr10,5300,21842,8,0.0,21,drift,0.5,200,199,True,256,3363,5602,3363,1.6658
bcspwr10,5300,21842,8,0.002,17,drift,0.5,200,0,False,256,3622,6298,,1.7388
bcspwr10,5300,21842,8,0.002,17,drift,0.5,200,25,False,256,3649,6328,,1.7342
bcspwr10,5300,21842,8,0.002,17,drift,0.5,200,50,False,256,3650,6331,,1.7345
bcspwr10,5300,21842,8,0.002,17,drift,0.5,200,75,False,256,3660,6357,,1.7369
bcspwr10,5300,21842,8,0.002,17,drift,0.5,200,100,False,256,3654,6388,,1.7482
bcspwr10,5300,21842,8,0.002,17,drift,0.5,200,125,False,256,3619,6302,,1.7414
bcspwr10,5300,21842,8,0.002,17,drift,0.5,200,150,False,256,3632,6276,,1.728
bcspwr10,5300,21842,8,0.002,17,drift,0.5,200,175,False,256,3644,6345,,1.7412
bcspwr10,5300,21842,8,0.002,17,drift,0.5,200,199,True,256,3630,6261,3630,1.7248
bcspwr10,5300,21842,8,0.002,18,drift,0.5,200,0,False,256,3653,6544,,1.7914
bcspwr10,5300,21842,8,0.002,18,drift,0.5,200,25,False,256,3670,6622,,1.8044
bcspwr10,5300,21842,8,0.002,18,drift,0.5,200,50,False,256,3668,6548,,1.7852
bcspwr10,5300,21842,8,0.002,18,drift,0.5,200,75,False,256,3684,6671,,1.8108
bcspwr10,5300,21842,8,0.002,18,drift,0.5,200,100,False,256,3664,6496,,1.7729
bcspwr10,5300,21842,8,0.002,18,drift,0.5,200,125,False,256,3661,6464,,1.7656
bcspwr10,5300,21842,8,0.002,18,drift,0.5,200,150,False,256,3697,6555,,1.7731
bcspwr10,5300,21842,8,0.002,18,drift,0.5,200,175,False,256,3685,6607,,1.7929
bcspwr10,5300,21842,8,0.002,18,drift,0.5,200,199,True,256,3718,6715,3718,1.8061
bcspwr10,5300,21842,8,0.002,19,drift,0.5,200,0,False,256,3393,5871,,1.7303
bcspwr10,5300,21842,8,0.002,19,drift,0.5,200,25,False,256,3406,5912,,1.7358
bcspwr10,5300,21842,8,0.002,19,drift,0.5,200,50,False,256,3415,5961,,1.7455
bcspwr10,5300,21842,8,0.002,19,drift,0.5,200,75,False,256,3448,6094,,1.7674
bcspwr10,5300,21842,8,0.002,19,drift,0.5,200,100,False,256,3458,6069,,1.7551
bcspwr10,5300,21842,8,0.002,19,drift,0.5,200,125,False,256,3488,6169,,1.7686
bcspwr10,5300,21842,8,0.002,19,drift,0.5,200,150,False,256,3531,6182,,1.7508
bcspwr10,5300,21842,8,0.002,19,drift,0.5,200,175,False,256,3563,6274,,1.7609
bcspwr10,5300,21842,8,0.002,19,drift,0.5,200,199,True,256,3547,6152,3547,1.7344
bcspwr10,5300,21842,8,0.002,20,drift,0.5,200,0,False,256,3187,5262,,1.6511
bcspwr10,5300,21842,8,0.002,20,drift,0.5,200,25,False,256,3152,5140,,1.6307
bcspwr10,5300,21842,8,0.002,20,drift,0.5,200,50,False,256,3111,5073,,1.6307
bcspwr10,5300,21842,8,0.002,20,drift,0.5,200,75,False,256,3128,5103,,1.6314
bcspwr10,5300,21842,8,0.002,20,drift,0.5,200,100,False,256,3191,5209,,1.6324
bcspwr10,5300,21842,8,0.002,20,drift,0.5,200,125,False,256,3256,5362,,1.6468
bcspwr10,5300,21842,8,0.002,20,drift,0.5,200,150,False,256,3319,5556,,1.674
bcspwr10,5300,21842,8,0.002,20,drift,0.5,200,175,False,256,3274,5465,,1.6692
bcspwr10,5300,21842,8,0.002,20,drift,0.5,200,199,True,256,3222,5367,3222,1.6657
bcspwr10,5300,21842,8,0.002,21,drift,0.5,200,0,False,256,3363,5602,,1.6658
bcspwr10,5300,21842,8,0.002,21,drift,0.5,200,25,False,256,3399,5619,,1.6531
bcspwr10,5300,21842,8,0.002,21,drift,0.5,200,50,False,256,3435,5688,,1.6559
bcspwr10,5300,21842,8,0.002,21,drift,0.5,200,75,False,256,3415,5618,,1.6451
bcspwr10,5300,21842,8,0.002,21,drift,0.5,200,100,False,256,3438,5675,,1.6507
bcspwr10,5300,21842,8,0.002,21,drift,0.5,200,125,False,256,3415,5732,,1.6785
bcspwr10,5300,21842,8,0.002,21,drift,0.5,200,150,False,256,3400,5640,,1.6588
bcspwr10,5300,21842,8,0.002,21,drift,0.5,200,175,False,256,3401,5611,,1.6498
bcspwr10,5300,21842,8,0.002,21,drift,0.5,200,199,True,256,3462,5770,3462,1.6667
bcspwr10,5300,21842,8,0.01,17,drift,0.5,200,0,False,256,3622,6298,,1.7388
bcspwr10,5300,21842,8,0.01,17,drift,0.5,200,25,False,256,3542,6041,,1.7055
bcspwr10,5300,21842,8,0.01,17,drift,0.5,200,50,False,256,3631,6246,,1.7202
bcspwr10,5300,21842,8,0.01,17,drift,0.5,200,75,False,256,3673,6398,,1.7419
bcspwr10,5300,21842,8,0.01,17,drift,0.5,200,100,False,256,3632,6348,,1.7478
bcspwr10,5300,21842,8,0.01,17,drift,0.5,200,125,False,256,3717,6595,,1.7743
bcspwr10,5300,21842,8,0.01,17,drift,0.5,200,150,False,256,3647,6396,,1.7538
bcspwr10,5300,21842,8,0.01,17,drift,0.5,200,175,False,256,3628,6352,,1.7508
bcspwr10,5300,21842,8,0.01,17,drift,0.5,200,199,True,256,3647,6353,3647,1.742
bcspwr10,5300,21842,8,0.01,18,drift,0.5,200,0,False,256,3653,6544,,1.7914
bcspwr10,5300,21842,8,0.01,18,drift,0.5,200,25,False,256,3653,6450,,1.7657
bcspwr10,5300,21842,8,0.01,18,drift,0.5,200,50,False,256,3724,6694,,1.7975
bcspwr10,5300,21842,8,0.01,18,drift,0.5,200,75,False,256,3742,6711,,1.7934
bcspwr10,5300,21842,8,0.01,18,drift,0.5,200,100,False,256,3719,6594,,1.7731
bcspwr10,5300,21842,8,0.01,18,drift,0.5,200,125,False,256,3740,6637,,1.7746
bcspwr10,5300,21842,8,0.01,18,drift,0.5,200,150,False,256,3776,6789,,1.7979
bcspwr10,5300,21842,8,0.01,18,drift,0.5,200,175,False,256,3805,6851,,1.8005
bcspwr10,5300,21842,8,0.01,18,drift,0.5,200,199,True,256,3714,6583,3714,1.7725
bcspwr10,5300,21842,8,0.01,19,drift,0.5,200,0,False,256,3393,5871,,1.7303
bcspwr10,5300,21842,8,0.01,19,drift,0.5,200,25,False,256,3423,5976,,1.7458
bcspwr10,5300,21842,8,0.01,19,drift,0.5,200,50,False,256,3520,6180,,1.7557
bcspwr10,5300,21842,8,0.01,19,drift,0.5,200,75,False,256,3492,6096,,1.7457
bcspwr10,5300,21842,8,0.01,19,drift,0.5,200,100,False,256,3486,6132,,1.759
bcspwr10,5300,21842,8,0.01,19,drift,0.5,200,125,False,256,3590,6281,,1.7496
bcspwr10,5300,21842,8,0.01,19,drift,0.5,200,150,False,256,3624,6350,,1.7522
bcspwr10,5300,21842,8,0.01,19,drift,0.5,200,175,False,256,3616,6206,,1.7163
bcspwr10,5300,21842,8,0.01,19,drift,0.5,200,199,True,256,3635,6433,3635,1.7697
bcspwr10,5300,21842,8,0.01,20,drift,0.5,200,0,False,256,3187,5262,,1.6511
bcspwr10,5300,21842,8,0.01,20,drift,0.5,200,25,False,256,3247,5375,,1.6554
bcspwr10,5300,21842,8,0.01,20,drift,0.5,200,50,False,256,3300,5415,,1.6409
bcspwr10,5300,21842,8,0.01,20,drift,0.5,200,75,False,256,3282,5420,,1.6514
bcspwr10,5300,21842,8,0.01,20,drift,0.5,200,100,False,256,3392,5695,,1.679
bcspwr10,5300,21842,8,0.01,20,drift,0.5,200,125,False,256,3348,5477,,1.6359
bcspwr10,5300,21842,8,0.01,20,drift,0.5,200,150,False,256,3427,5727,,1.6711
bcspwr10,5300,21842,8,0.01,20,drift,0.5,200,175,False,256,3498,5950,,1.701
bcspwr10,5300,21842,8,0.01,20,drift,0.5,200,199,True,256,3470,5829,3470,1.6798
bcspwr10,5300,21842,8,0.01,21,drift,0.5,200,0,False,256,3363,5602,,1.6658
bcspwr10,5300,21842,8,0.01,21,drift,0.5,200,25,False,256,3496,5945,,1.7005
bcspwr10,5300,21842,8,0.01,21,drift,0.5,200,50,False,256,3572,6067,,1.6985
bcspwr10,5300,21842,8,0.01,21,drift,0.5,200,75,False,256,3575,6111,,1.7094
bcspwr10,5300,21842,8,0.01,21,drift,0.5,200,100,False,256,3535,5893,,1.667
bcspwr10,5300,21842,8,0.01,21,drift,0.5,200,125,False,256,3574,5991,,1.6763
bcspwr10,5300,21842,8,0.01,21,drift,0.5,200,150,False,256,3646,6228,,1.7082
bcspwr10,5300,21842,8,0.01,21,drift,0.5,200,175,False,256,3587,5906,,1.6465
bcspwr10,5300,21842,8,0.01,21,drift,0.5,200,199,True,256,3603,5913,3603,1.6411
bcspwr10,5300,21842,8,0.05,17,drift,0.5,200,0,False,256,3622,6298,,1.7388
bcspwr10,5300,21842,8,0.05,17,drift,0.5,200,25,False,256,3656,6481,,1.7727
bcspwr10,5300,21842,8,0.05,17,drift,0.5,200,50,False,256,3659,6325,,1.7286
bcspwr10,5300,21842,8,0.05,17,drift,0.5,200,75,False,256,3690,6374,,1.7274
bcspwr10,5300,21842,8,0.05,17,drift,0.5,200,100,False,256,3677,6413,,1.7441
bcspwr10,5300,21842,8,0.05,17,drift,0.5,200,125,False,256,3696,6558,,1.7744
bcspwr10,5300,21842,8,0.05,17,drift,0.5,200,150,False,256,3652,6350,,1.7388
bcspwr10,5300,21842,8,0.05,17,drift,0.5,200,175,False,256,3806,6841,,1.7974
bcspwr10,5300,21842,8,0.05,17,drift,0.5,200,199,True,256,3752,6696,3752,1.7846
bcspwr10,5300,21842,8,0.05,18,drift,0.5,200,0,False,256,3653,6544,,1.7914
bcspwr10,5300,21842,8,0.05,18,drift,0.5,200,25,False,256,3774,6593,,1.747
bcspwr10,5300,21842,8,0.05,18,drift,0.5,200,50,False,256,3743,6623,,1.7694
bcspwr10,5300,21842,8,0.05,18,drift,0.5,200,75,False,256,3697,6524,,1.7647
bcspwr10,5300,21842,8,0.05,18,drift,0.5,200,100,False,256,3808,6866,,1.803
bcspwr10,5300,21842,8,0.05,18,drift,0.5,200,125,False,256,3842,6837,,1.7795
bcspwr10,5300,21842,8,0.05,18,drift,0.5,200,150,False,256,3783,6747,,1.7835
bcspwr10,5300,21842,8,0.05,18,drift,0.5,200,175,False,256,3839,6861,,1.7872
bcspwr10,5300,21842,8,0.05,18,drift,0.5,200,199,True,256,3871,7088,3871,1.8311
bcspwr10,5300,21842,8,0.05,19,drift,0.5,200,0,False,256,3393,5871,,1.7303
bcspwr10,5300,21842,8,0.05,19,drift,0.5,200,25,False,256,3689,6505,,1.7634
bcspwr10,5300,21842,8,0.05,19,drift,0.5,200,50,False,256,3685,6576,,1.7845
bcspwr10,5300,21842,8,0.05,19,drift,0.5,200,75,False,256,3779,6776,,1.7931
bcspwr10,5300,21842,8,0.05,19,drift,0.5,200,100,False,256,3697,6455,,1.746
bcspwr10,5300,21842,8,0.05,19,drift,0.5,200,125,False,256,3805,6743,,1.7721
bcspwr10,5300,21842,8,0.05,19,drift,0.5,200,150,False,256,3729,6473,,1.7359
bcspwr10,5300,21842,8,0.05,19,drift,0.5,200,175,False,256,3807,6918,,1.8172
bcspwr10,5300,21842,8,0.05,19,drift,0.5,200,199,True,256,3768,6663,3768,1.7683
bcspwr10,5300,21842,8,0.05,20,drift,0.5,200,0,False,256,3187,5262,,1.6511
bcspwr10,5300,21842,8,0.05,20,drift,0.5,200,25,False,256,3572,6101,,1.708
bcspwr10,5300,21842,8,0.05,20,drift,0.5,200,50,False,256,3425,5808,,1.6958
bcspwr10,5300,21842,8,0.05,20,drift,0.5,200,75,False,256,3434,5782,,1.6838
bcspwr10,5300,21842,8,0.05,20,drift,0.5,200,100,False,256,3560,6159,,1.7301
bcspwr10,5300,21842,8,0.05,20,drift,0.5,200,125,False,256,3589,6122,,1.7058
bcspwr10,5300,21842,8,0.05,20,drift,0.5,200,150,False,256,3771,6841,,1.8141
bcspwr10,5300,21842,8,0.05,20,drift,0.5,200,175,False,256,3725,6654,,1.7863
bcspwr10,5300,21842,8,0.05,20,drift,0.5,200,199,True,256,3826,6948,3826,1.816
bcspwr10,5300,21842,8,0.05,21,drift,0.5,200,0,False,256,3363,5602,,1.6658
bcspwr10,5300,21842,8,0.05,21,drift,0.5,200,25,False,256,3713,6362,,1.7134
bcspwr10,5300,21842,8,0.05,21,drift,0.5,200,50,False,256,3619,6181,,1.7079
bcspwr10,5300,21842,8,0.05,21,drift,0.5,200,75,False,256,3577,6100,,1.7053
bcspwr10,5300,21842,8,0.05,21,drift,0.5,200,100,False,256,3646,6396,,1.7543
bcspwr10,5300,21842,8,0.05,21,drift,0.5,200,125,False,256,3748,6449,,1.7207
bcspwr10,5300,21842,8,0.05,21,drift,0.5,200,150,False,256,3730,6306,,1.6906
bcspwr10,5300,21842,8,0.05,21,drift,0.5,200,175,False,256,3734,6306,,1.6888
bcspwr10,5300,21842,8,0.05,21,drift,0.5,200,199,True,256,3817,6586,3817,1.7254
bcspwr10,5300,21842,8,0.25,17,drift,0.5,200,0,False,256,3622,6298,,1.7388
bcspwr10,5300,21842,8,0.25,17,drift,0.5,200,25,False,256,3629,6244,,1.7206
bcspwr10,5300,21842,8,0.25,17,drift,0.5,200,50,False,256,3657,6479,,1.7717
bcspwr10,5300,21842,8,0.25,17,drift,0.5,200,75,False,256,3830,6531,,1.7052
bcspwr10,5300,21842,8,0.25,17,drift,0.5,200,100,False,256,3850,6858,,1.7813
bcspwr10,5300,21842,8,0.25,17,drift,0.5,200,125,False,256,3866,6945,,1.7964
bcspwr10,5300,21842,8,0.25,17,drift,0.5,200,150,False,256,3899,7064,,1.8117
bcspwr10,5300,21842,8,0.25,17,drift,0.5,200,175,False,256,3774,6809,,1.8042
bcspwr10,5300,21842,8,0.25,17,drift,0.5,200,199,True,256,3786,6678,3786,1.7639
bcspwr10,5300,21842,8,0.25,18,drift,0.5,200,0,False,256,3653,6544,,1.7914
bcspwr10,5300,21842,8,0.25,18,drift,0.5,200,25,False,256,3843,6914,,1.7991
bcspwr10,5300,21842,8,0.25,18,drift,0.5,200,50,False,256,3829,6995,,1.8268
bcspwr10,5300,21842,8,0.25,18,drift,0.5,200,75,False,256,3780,6748,,1.7852
bcspwr10,5300,21842,8,0.25,18,drift,0.5,200,100,False,256,3869,7179,,1.8555
bcspwr10,5300,21842,8,0.25,18,drift,0.5,200,125,False,256,3803,6814,,1.7917
bcspwr10,5300,21842,8,0.25,18,drift,0.5,200,150,False,256,3887,7035,,1.8099
bcspwr10,5300,21842,8,0.25,18,drift,0.5,200,175,False,256,3869,7102,,1.8356
bcspwr10,5300,21842,8,0.25,18,drift,0.5,200,199,True,256,3879,7055,3879,1.8188
bcspwr10,5300,21842,8,0.25,19,drift,0.5,200,0,False,256,3393,5871,,1.7303
bcspwr10,5300,21842,8,0.25,19,drift,0.5,200,25,False,256,3639,6438,,1.7692
bcspwr10,5300,21842,8,0.25,19,drift,0.5,200,50,False,256,3812,6908,,1.8122
bcspwr10,5300,21842,8,0.25,19,drift,0.5,200,75,False,256,3664,6508,,1.7762
bcspwr10,5300,21842,8,0.25,19,drift,0.5,200,100,False,256,3726,6725,,1.8049
bcspwr10,5300,21842,8,0.25,19,drift,0.5,200,125,False,256,3684,6638,,1.8018
bcspwr10,5300,21842,8,0.25,19,drift,0.5,200,150,False,256,3690,6400,,1.7344
bcspwr10,5300,21842,8,0.25,19,drift,0.5,200,175,False,256,3700,6670,,1.8027
bcspwr10,5300,21842,8,0.25,19,drift,0.5,200,199,True,256,3720,6587,3720,1.7707
bcspwr10,5300,21842,8,0.25,20,drift,0.5,200,0,False,256,3187,5262,,1.6511
bcspwr10,5300,21842,8,0.25,20,drift,0.5,200,25,False,256,3695,6311,,1.708
bcspwr10,5300,21842,8,0.25,20,drift,0.5,200,50,False,256,3719,6478,,1.7419
bcspwr10,5300,21842,8,0.25,20,drift,0.5,200,75,False,256,3736,6745,,1.8054
bcspwr10,5300,21842,8,0.25,20,drift,0.5,200,100,False,256,3835,6890,,1.7966
bcspwr10,5300,21842,8,0.25,20,drift,0.5,200,125,False,256,3864,6994,,1.81
bcspwr10,5300,21842,8,0.25,20,drift,0.5,200,150,False,256,3778,6712,,1.7766
bcspwr10,5300,21842,8,0.25,20,drift,0.5,200,175,False,256,3729,6614,,1.7737
bcspwr10,5300,21842,8,0.25,20,drift,0.5,200,199,True,256,3778,6844,3778,1.8115
bcspwr10,5300,21842,8,0.25,21,drift,0.5,200,0,False,256,3363,5602,,1.6658
bcspwr10,5300,21842,8,0.25,21,drift,0.5,200,25,False,256,3579,5979,,1.6706
bcspwr10,5300,21842,8,0.25,21,drift,0.5,200,50,False,256,3568,6003,,1.6825
bcspwr10,5300,21842,8,0.25,21,drift,0.5,200,75,False,256,3630,6180,,1.7025
bcspwr10,5300,21842,8,0.25,21,drift,0.5,200,100,False,256,3715,6371,,1.7149
bcspwr10,5300,21842,8,0.25,21,drift,0.5,200,125,False,256,3643,6266,,1.72
bcspwr10,5300,21842,8,0.25,21,drift,0.5,200,150,False,256,3644,6298,,1.7283
bcspwr10,5300,21842,8,0.25,21,drift,0.5,200,175,False,256,3705,6585,,1.7773
bcspwr10,5300,21842,8,0.25,21,drift,0.5,200,199,True,256,3787,6812,3787,1.7988
bcspwr10,5300,21842,8,0.0,17,jump,0.5,200,0,False,256,3622,6298,,1.7388
bcspwr10,5300,21842,8,0.0,17,jump,0.5,200,25,False,256,3622,6298,,1.7388
bcspwr10,5300,21842,8,0.0,17,jump,0.5,200,50,False,256,3622,6298,,1.7388
bcspwr10,5300,21842,8,0.0,17,jump,0.5,200,75,False,256,3622,6298,,1.7388
bcspwr10,5300,21842,8,0.0,17,jump,0.5,200,100,False,256,3622,6298,,1.7388
bcspwr10,5300,21842,8,0.0,17,jump,0.5,200,125,False,256,3622,6298,,1.7388
bcspwr10,5300,21842,8,0.0,17,jump,0.5,200,150,False,256,3622,6298,,1.7388
bcspwr10,5300,21842,8,0.0,17,jump,0.5,200,175,False,256,3622,6298,,1.7388
bcspwr10,5300,21842,8,0.0,17,jump,0.5,200,199,True,256,3622,6298,3622,1.7388
bcspwr10,5300,21842,8,0.0,18,jump,0.5,200,0,False,256,3653,6544,,1.7914
bcspwr10,5300,21842,8,0.0,18,jump,0.5,200,25,False,256,3653,6544,,1.7914
bcspwr10,5300,21842,8,0.0,18,jump,0.5,200,50,False,256,3653,6544,,1.7914
bcspwr10,5300,21842,8,0.0,18,jump,0.5,200,75,False,256,3653,6544,,1.7914
bcspwr10,5300,21842,8,0.0,18,jump,0.5,200,100,False,256,3653,6544,,1.7914
bcspwr10,5300,21842,8,0.0,18,jump,0.5,200,125,False,256,3653,6544,,1.7914
bcspwr10,5300,21842,8,0.0,18,jump,0.5,200,150,False,256,3653,6544,,1.7914
bcspwr10,5300,21842,8,0.0,18,jump,0.5,200,175,False,256,3653,6544,,1.7914
bcspwr10,5300,21842,8,0.0,18,jump,0.5,200,199,True,256,3653,6544,3653,1.7914
bcspwr10,5300,21842,8,0.0,19,jump,0.5,200,0,False,256,3393,5871,,1.7303
bcspwr10,5300,21842,8,0.0,19,jump,0.5,200,25,False,256,3393,5871,,1.7303
bcspwr10,5300,21842,8,0.0,19,jump,0.5,200,50,False,256,3393,5871,,1.7303
bcspwr10,5300,21842,8,0.0,19,jump,0.5,200,75,False,256,3393,5871,,1.7303
bcspwr10,5300,21842,8,0.0,19,jump,0.5,200,100,False,256,3393,5871,,1.7303
bcspwr10,5300,21842,8,0.0,19,jump,0.5,200,125,False,256,3393,5871,,1.7303
bcspwr10,5300,21842,8,0.0,19,jump,0.5,200,150,False,256,3393,5871,,1.7303
bcspwr10,5300,21842,8,0.0,19,jump,0.5,200,175,False,256,3393,5871,,1.7303
bcspwr10,5300,21842,8,0.0,19,jump,0.5,200,199,True,256,3393,5871,3393,1.7303
bcspwr10,5300,21842,8,0.0,20,jump,0.5,200,0,False,256,3187,5262,,1.6511
bcspwr10,5300,21842,8,0.0,20,jump,0.5,200,25,False,256,3187,5262,,1.6511
bcspwr10,5300,21842,8,0.0,20,jump,0.5,200,50,False,256,3187,5262,,1.6511
bcspwr10,5300,21842,8,0.0,20,jump,0.5,200,75,False,256,3187,5262,,1.6511
bcspwr10,5300,21842,8,0.0,20,jump,0.5,200,100,False,256,3187,5262,,1.6511
bcspwr10,5300,21842,8,0.0,20,jump,0.5,200,125,False,256,3187,5262,,1.6511
bcspwr10,5300,21842,8,0.0,20,jump,0.5,200,150,False,256,3187,5262,,1.6511
bcspwr10,5300,21842,8,0.0,20,jump,0.5,200,175,False,256,3187,5262,,1.6511
bcspwr10,5300,21842,8,0.0,20,jump,0.5,200,199,True,256,3187,5262,3187,1.6511
bcspwr10,5300,21842,8,0.0,21,jump,0.5,200,0,False,256,3363,5602,,1.6658
bcspwr10,5300,21842,8,0.0,21,jump,0.5,200,25,False,256,3363,5602,,1.6658
bcspwr10,5300,21842,8,0.0,21,jump,0.5,200,50,False,256,3363,5602,,1.6658
bcspwr10,5300,21842,8,0.0,21,jump,0.5,200,75,False,256,3363,5602,,1.6658
bcspwr10,5300,21842,8,0.0,21,jump,0.5,200,100,False,256,3363,5602,,1.6658
bcspwr10,5300,21842,8,0.0,21,jump,0.5,200,125,False,256,3363,5602,,1.6658
bcspwr10,5300,21842,8,0.0,21,jump,0.5,200,150,False,256,3363,5602,,1.6658
bcspwr10,5300,21842,8,0.0,21,jump,0.5,200,175,False,256,3363,5602,,1.6658
bcspwr10,5300,21842,8,0.0,21,jump,0.5,200,199,True,256,3363,5602,3363,1.6658
bcspwr10,5300,21842,8,0.002,17,jump,0.5,200,0,False,256,3622,6298,,1.7388
bcspwr10,5300,21842,8,0.002,17,jump,0.5,200,25,False,256,3705,6329,,1.7082
bcspwr10,5300,21842,8,0.002,17,jump,0.5,200,50,False,256,3785,6486,,1.7136
bcspwr10,5300,21842,8,0.002,17,jump,0.5,200,75,False,256,3814,6607,,1.7323
bcspwr10,5300,21842,8,0.002,17,jump,0.5,200,100,False,256,3809,6621,,1.7383
bcspwr10,5300,21842,8,0.002,17,jump,0.5,200,125,False,256,3834,6656,,1.736
bcspwr10,5300,21842,8,0.002,17,jump,0.5,200,150,False,256,3882,6861,,1.7674
bcspwr10,5300,21842,8,0.002,17,jump,0.5,200,175,False,256,3894,6854,,1.7601
bcspwr10,5300,21842,8,0.002,17,jump,0.5,200,199,True,256,3926,6865,3926,1.7486
bcspwr10,5300,21842,8,0.002,18,jump,0.5,200,0,False,256,3653,6544,,1.7914
bcspwr10,5300,21842,8,0.002,18,jump,0.5,200,25,False,256,3669,6543,,1.7833
bcspwr10,5300,21842,8,0.002,18,jump,0.5,200,50,False,256,3785,6579,,1.7382
bcspwr10,5300,21842,8,0.002,18,jump,0.5,200,75,False,256,3854,6755,,1.7527
bcspwr10,5300,21842,8,0.002,18,jump,0.5,200,100,False,256,3925,6862,,1.7483
bcspwr10,5300,21842,8,0.002,18,jump,0.5,200,125,False,256,3923,6859,,1.7484
bcspwr10,5300,21842,8,0.002,18,jump,0.5,200,150,False,256,3996,7054,,1.7653
bcspwr10,5300,21842,8,0.002,18,jump,0.5,200,175,False,256,4030,7076,,1.7558
bcspwr10,5300,21842,8,0.002,18,jump,0.5,200,199,True,256,4056,7217,4056,1.7793
bcspwr10,5300,21842,8,0.002,19,jump,0.5,200,0,False,256,3393,5871,,1.7303
bcspwr10,5300,21842,8,0.002,19,jump,0.5,200,25,False,256,3497,6109,,1.7469
bcspwr10,5300,21842,8,0.002,19,jump,0.5,200,50,False,256,3590,6191,,1.7245
bcspwr10,5300,21842,8,0.002,19,jump,0.5,200,75,False,256,3661,6422,,1.7542
bcspwr10,5300,21842,8,0.002,19,jump,0.5,200,100,False,256,3800,6683,,1.7587
bcspwr10,5300,21842,8,0.002,19,jump,0.5,200,125,False,256,3755,6558,,1.7465
bcspwr10,5300,21842,8,0.002,19,jump,0.5,200,150,False,256,3783,6655,,1.7592
bcspwr10,5300,21842,8,0.002,19,jump,0.5,200,175,False,256,3854,6705,,1.7398
bcspwr10,5300,21842,8,0.002,19,jump,0.5,200,199,True,256,3896,6738,3896,1.7295
bcspwr10,5300,21842,8,0.002,20,jump,0.5,200,0,False,256,3187,5262,,1.6511
bcspwr10,5300,21842,8,0.002,20,jump,0.5,200,25,False,256,3242,5308,,1.6373
bcspwr10,5300,21842,8,0.002,20,jump,0.5,200,50,False,256,3359,5489,,1.6341
bcspwr10,5300,21842,8,0.002,20,jump,0.5,200,75,False,256,3540,5855,,1.654
bcspwr10,5300,21842,8,0.002,20,jump,0.5,200,100,False,256,3548,5750,,1.6206
bcspwr10,5300,21842,8,0.002,20,jump,0.5,200,125,False,256,3648,6032,,1.6535
bcspwr10,5300,21842,8,0.002,20,jump,0.5,200,150,False,256,3734,6177,,1.6543
bcspwr10,5300,21842,8,0.002,20,jump,0.5,200,175,False,256,3763,6259,,1.6633
bcspwr10,5300,21842,8,0.002,20,jump,0.5,200,199,True,256,3777,6337,3777,1.6778
bcspwr10,5300,21842,8,0.002,21,jump,0.5,200,0,False,256,3363,5602,,1.6658
bcspwr10,5300,21842,8,0.002,21,jump,0.5,200,25,False,256,3499,5873,,1.6785
bcspwr10,5300,21842,8,0.002,21,jump,0.5,200,50,False,256,3607,6045,,1.6759
bcspwr10,5300,21842,8,0.002,21,jump,0.5,200,75,False,256,3707,6237,,1.6825
bcspwr10,5300,21842,8,0.002,21,jump,0.5,200,100,False,256,3788,6407,,1.6914
bcspwr10,5300,21842,8,0.002,21,jump,0.5,200,125,False,256,3815,6441,,1.6883
bcspwr10,5300,21842,8,0.002,21,jump,0.5,200,150,False,256,3891,6654,,1.7101
bcspwr10,5300,21842,8,0.002,21,jump,0.5,200,175,False,256,3863,6525,,1.6891
bcspwr10,5300,21842,8,0.002,21,jump,0.5,200,199,True,256,3838,6326,3838,1.6483
bcspwr10,5300,21842,8,0.01,17,jump,0.5,200,0,False,256,3622,6298,,1.7388
bcspwr10,5300,21842,8,0.01,17,jump,0.5,200,25,False,256,3830,6596,,1.7222
bcspwr10,5300,21842,8,0.01,17,jump,0.5,200,50,False,256,3940,6644,,1.6863
bcspwr10,5300,21842,8,0.01,17,jump,0.5,200,75,False,256,3936,6584,,1.6728
bcspwr10,5300,21842,8,0.01,17,jump,0.5,200,100,False,256,4014,6955,,1.7327
bcspwr10,5300,21842,8,0.01,17,jump,0.5,200,125,False,256,4014,6915,,1.7227
bcspwr10,5300,21842,8,0.01,17,jump,0.5,200,150,False,256,4016,6854,,1.7067
bcspwr10,5300,21842,8,0.01,17,jump,0.5,200,175,False,256,4074,7055,,1.7317
bcspwr10,5300,21842,8,0.01,17,jump,0.5,200,199,True,256,4106,7147,4106,1.7406
bcspwr10,5300,21842,8,0.01,18,jump,0.5,200,0,False,256,3653,6544,,1.7914
bcspwr10,5300,21842,8,0.01,18,jump,0.5,200,25,False,256,3830,6779,,1.77
bcspwr10,5300,21842,8,0.01,18,jump,0.5,200,50,False,256,3931,6742,,1.7151
bcspwr10,5300,21842,8,0.01,18,jump,0.5,200,75,False,256,3986,6857,,1.7203
bcspwr10,5300,21842,8,0.01,18,jump,0.5,200,100,False,256,4078,6952,,1.7048
bcspwr10,5300,21842,8,0.01,18,jump,0.5,200,125,False,256,4172,7273,,1.7433
bcspwr10,5300,21842,8,0.01,18,jump,0.5,200,150,False,256,4135,7021,,1.6979
bcspwr10,5300,21842,8,0.01,18,jump,0.5,200,175,False,256,4165,7060,,1.6951
bcspwr10,5300,21842,8,0.01,18,jump,0.5,200,199,True,256,4040,6807,4040,1.6849
bcspwr10,5300,21842,8,0.01,19,jump,0.5,200,0,False,256,3393,5871,,1.7303
bcspwr10,5300,21842,8,0.01,19,jump,0.5,200,25,False,256,3751,6482,,1.7281
bcspwr10,5300,21842,8,0.01,19,jump,0.5,200,50,False,256,3860,6772,,1.7544
bcspwr10,5300,21842,8,0.01,19,jump,0.5,200,75,False,256,3932,6795,,1.7281
bcspwr10,5300,21842,8,0.01,19,jump,0.5,200,100,False,256,3982,6806,,1.7092
bcspwr10,5300,21842,8,0.01,19,jump,0.5,200,125,False,256,4043,6972,,1.7245
bcspwr10,5300,21842,8,0.01,19,jump,0.5,200,150,False,256,4052,6918,,1.7073
bcspwr10,5300,21842,8,0.01,19,jump,0.5,200,175,False,256,3965,6700,,1.6898
bcspwr10,5300,21842,8,0.01,19,jump,0.5,200,199,True,256,3972,6603,3972,1.6624
bcspwr10,5300,21842,8,0.01,20,jump,0.5,200,0,False,256,3187,5262,,1.6511
bcspwr10,5300,21842,8,0.01,20,jump,0.5,200,25,False,256,3445,5709,,1.6572
bcspwr10,5300,21842,8,0.01,20,jump,0.5,200,50,False,256,3748,6366,,1.6985
bcspwr10,5300,21842,8,0.01,20,jump,0.5,200,75,False,256,3803,6397,,1.6821
bcspwr10,5300,21842,8,0.01,20,jump,0.5,200,100,False,256,3964,6843,,1.7263
bcspwr10,5300,21842,8,0.01,20,jump,0.5,200,125,False,256,4030,7055,,1.7506
bcspwr10,5300,21842,8,0.01,20,jump,0.5,200,150,False,256,4053,7077,,1.7461
bcspwr10,5300,21842,8,0.01,20,jump,0.5,200,175,False,256,4029,6898,,1.7121
bcspwr10,5300,21842,8,0.01,20,jump,0.5,200,199,True,256,4035,7060,4035,1.7497
bcspwr10,5300,21842,8,0.01,21,jump,0.5,200,0,False,256,3363,5602,,1.6658
bcspwr10,5300,21842,8,0.01,21,jump,0.5,200,25,False,256,3618,5968,,1.6495
bcspwr10,5300,21842,8,0.01,21,jump,0.5,200,50,False,256,3763,6224,,1.654
bcspwr10,5300,21842,8,0.01,21,jump,0.5,200,75,False,256,3821,6104,,1.5975
bcspwr10,5300,21842,8,0.01,21,jump,0.5,200,100,False,256,3894,6312,,1.621
bcspwr10,5300,21842,8,0.01,21,jump,0.5,200,125,False,256,3945,6446,,1.634
bcspwr10,5300,21842,8,0.01,21,jump,0.5,200,150,False,256,3970,6510,,1.6398
bcspwr10,5300,21842,8,0.01,21,jump,0.5,200,175,False,256,4050,6842,,1.6894
bcspwr10,5300,21842,8,0.01,21,jump,0.5,200,199,True,256,4042,6983,4042,1.7276
bcspwr10,5300,21842,8,0.05,17,jump,0.5,200,0,False,256,3622,6298,,1.7388
bcspwr10,5300,21842,8,0.05,17,jump,0.5,200,25,False,256,4094,7050,,1.722
bcspwr10,5300,21842,8,0.05,17,jump,0.5,200,50,False,256,3915,6401,,1.635
bcspwr10,5300,21842,8,0.05,17,jump,0.5,200,75,False,256,3879,6519,,1.6806
bcspwr10,5300,21842,8,0.05,17,jump,0.5,200,100,False,256,4047,6725,,1.6617
bcspwr10,5300,21842,8,0.05,17,jump,0.5,200,125,False,256,4121,7003,,1.6993
bcspwr10,5300,21842,8,0.05,17,jump,0.5,200,150,False,256,4003,6578,,1.6433
bcspwr10,5300,21842,8,0.05,17,jump,0.5,200,175,False,256,3985,6655,,1.67
bcspwr10,5300,21842,8,0.05,17,jump,0.5,200,199,True,256,4007,6711,4007,1.6748
bcspwr10,5300,21842,8,0.05,18,jump,0.5,200,0,False,256,3653,6544,,1.7914
bcspwr10,5300,21842,8,0.05,18,jump,0.5,200,25,False,256,4110,7121,,1.7326
bcspwr10,5300,21842,8,0.05,18,jump,0.5,200,50,False,256,4149,7177,,1.7298
bcspwr10,5300,21842,8,0.05,18,jump,0.5,200,75,False,256,3993,6605,,1.6541
bcspwr10,5300,21842,8,0.05,18,jump,0.5,200,100,False,256,4056,6876,,1.6953
bcspwr10,5300,21842,8,0.05,18,jump,0.5,200,125,False,256,4037,6842,,1.6948
bcspwr10,5300,21842,8,0.05,18,jump,0.5,200,150,False,256,4067,6897,,1.6958
bcspwr10,5300,21842,8,0.05,18,jump,0.5,200,175,False,256,4061,6811,,1.6772
bcspwr10,5300,21842,8,0.05,18,jump,0.5,200,199,True,256,3982,6571,3982,1.6502
bcspwr10,5300,21842,8,0.05,19,jump,0.5,200,0,False,256,3393,5871,,1.7303
bcspwr10,5300,21842,8,0.05,19,jump,0.5,200,25,False,256,3899,6535,,1.6761
bcspwr10,5300,21842,8,0.05,19,jump,0.5,200,50,False,256,4045,6638,,1.641
bcspwr10,5300,21842,8,0.05,19,jump,0.5,200,75,False,256,4036,6677,,1.6544
bcspwr10,5300,21842,8,0.05,19,jump,0.5,200,100,False,256,4081,6808,,1.6682
bcspwr10,5300,21842,8,0.05,19,jump,0.5,200,125,False,256,4052,6825,,1.6844
bcspwr10,5300,21842,8,0.05,19,jump,0.5,200,150,False,256,4055,6813,,1.6801
bcspwr10,5300,21842,8,0.05,19,jump,0.5,200,175,False,256,3994,6593,,1.6507
bcspwr10,5300,21842,8,0.05,19,jump,0.5,200,199,True,256,4156,6838,4156,1.6453
bcspwr10,5300,21842,8,0.05,20,jump,0.5,200,0,False,256,3187,5262,,1.6511
bcspwr10,5300,21842,8,0.05,20,jump,0.5,200,25,False,256,3930,6714,,1.7084
bcspwr10,5300,21842,8,0.05,20,jump,0.5,200,50,False,256,4063,6933,,1.7064
bcspwr10,5300,21842,8,0.05,20,jump,0.5,200,75,False,256,4094,6936,,1.6942
bcspwr10,5300,21842,8,0.05,20,jump,0.5,200,100,False,256,4055,6871,,1.6945
bcspwr10,5300,21842,8,0.05,20,jump,0.5,200,125,False,256,4130,7136,,1.7278
bcspwr10,5300,21842,8,0.05,20,jump,0.5,200,150,False,256,4025,6754,,1.678
bcspwr10,5300,21842,8,0.05,20,jump,0.5,200,175,False,256,3905,6374,,1.6323
bcspwr10,5300,21842,8,0.05,20,jump,0.5,200,199,True,256,4034,6815,4034,1.6894
bcspwr10,5300,21842,8,0.05,21,jump,0.5,200,0,False,256,3363,5602,,1.6658
bcspwr10,5300,21842,8,0.05,21,jump,0.5,200,25,False,256,3986,6708,,1.6829
bcspwr10,5300,21842,8,0.05,21,jump,0.5,200,50,False,256,4057,6741,,1.6616
bcspwr10,5300,21842,8,0.05,21,jump,0.5,200,75,False,256,4113,7062,,1.717
bcspwr10,5300,21842,8,0.05,21,jump,0.5,200,100,False,256,4075,7064,,1.7335
bcspwr10,5300,21842,8,0.05,21,jump,0.5,200,125,False,256,4209,7313,,1.7375
bcspwr10,5300,21842,8,0.05,21,jump,0.5,200,150,False,256,4134,7143,,1.7279
bcspwr10,5300,21842,8,0.05,21,jump,0.5,200,175,False,256,4168,6991,,1.6773
bcspwr10,5300,21842,8,0.05,21,jump,0.5,200,199,True,256,4036,6952,4036,1.7225
bcspwr10,5300,21842,8,0.25,17,jump,0.5,200,0,False,256,3622,6298,,1.7388
bcspwr10,5300,21842,8,0.25,17,jump,0.5,200,25,False,256,4114,6725,,1.6347
bcspwr10,5300,21842,8,0.25,17,jump,0.5,200,50,False,256,4089,7119,,1.741
bcspwr10,5300,21842,8,0.25,17,jump,0.5,200,75,False,256,4088,6855,,1.6769
bcspwr10,5300,21842,8,0.25,17,jump,0.5,200,100,False,256,4054,6828,,1.6843
bcspwr10,5300,21842,8,0.25,17,jump,0.5,200,125,False,256,4034,6910,,1.7129
bcspwr10,5300,21842,8,0.25,17,jump,0.5,200,150,False,256,4116,6924,,1.6822
bcspwr10,5300,21842,8,0.25,17,jump,0.5,200,175,False,256,3983,6638,,1.6666
bcspwr10,5300,21842,8,0.25,17,jump,0.5,200,199,True,256,4079,6880,4079,1.6867
bcspwr10,5300,21842,8,0.25,18,jump,0.5,200,0,False,256,3653,6544,,1.7914
bcspwr10,5300,21842,8,0.25,18,jump,0.5,200,25,False,256,4087,7131,,1.7448
bcspwr10,5300,21842,8,0.25,18,jump,0.5,200,50,False,256,4039,6874,,1.7019
bcspwr10,5300,21842,8,0.25,18,jump,0.5,200,75,False,256,4051,6724,,1.6598
bcspwr10,5300,21842,8,0.25,18,jump,0.5,200,100,False,256,4052,6959,,1.7174
bcspwr10,5300,21842,8,0.25,18,jump,0.5,200,125,False,256,4070,6876,,1.6894
bcspwr10,5300,21842,8,0.25,18,jump,0.5,200,150,False,256,3976,6627,,1.6668
bcspwr10,5300,21842,8,0.25,18,jump,0.5,200,175,False,256,3998,6685,,1.6721
bcspwr10,5300,21842,8,0.25,18,jump,0.5,200,199,True,256,4053,6889,4053,1.6997
bcspwr10,5300,21842,8,0.25,19,jump,0.5,200,0,False,256,3393,5871,,1.7303
bcspwr10,5300,21842,8,0.25,19,jump,0.5,200,25,False,256,4076,6784,,1.6644
bcspwr10,5300,21842,8,0.25,19,jump,0.5,200,50,False,256,4010,6631,,1.6536
bcspwr10,5300,21842,8,0.25,19,jump,0.5,200,75,False,256,3986,6477,,1.6249
bcspwr10,5300,21842,8,0.25,19,jump,0.5,200,100,False,256,4026,6808,,1.691
bcspwr10,5300,21842,8,0.25,19,jump,0.5,200,125,False,256,4064,6779,,1.6681
bcspwr10,5300,21842,8,0.25,19,jump,0.5,200,150,False,256,3990,6523,,1.6348
bcspwr10,5300,21842,8,0.25,19,jump,0.5,200,175,False,256,4046,6768,,1.6728
bcspwr10,5300,21842,8,0.25,19,jump,0.5,200,199,True,256,4079,6885,4079,1.6879
bcspwr10,5300,21842,8,0.25,20,jump,0.5,200,0,False,256,3187,5262,,1.6511
bcspwr10,5300,21842,8,0.25,20,jump,0.5,200,25,False,256,3952,6434,,1.628
bcspwr10,5300,21842,8,0.25,20,jump,0.5,200,50,False,256,4127,7069,,1.7129
bcspwr10,5300,21842,8,0.25,20,jump,0.5,200,75,False,256,3964,6713,,1.6935
bcspwr10,5300,21842,8,0.25,20,jump,0.5,200,100,False,256,3977,6418,,1.6138
bcspwr10,5300,21842,8,0.25,20,jump,0.5,200,125,False,256,4001,6735,,1.6833
bcspwr10,5300,21842,8,0.25,20,jump,0.5,200,150,False,256,4103,6894,,1.6802
bcspwr10,5300,21842,8,0.25,20,jump,0.5,200,175,False,256,4011,6918,,1.7248
bcspwr10,5300,21842,8,0.25,20,jump,0.5,200,199,True,256,4099,6947,4099,1.6948
bcspwr10,5300,21842,8,0.25,21,jump,0.5,200,0,False,256,3363,5602,,1.6658
bcspwr10,5300,21842,8,0.25,21,jump,0.5,200,25,False,256,4046,6729,,1.6631
bcspwr10,5300,21842,8,0.25,21,jump,0.5,200,50,False,256,4027,6891,,1.7112
bcspwr10,5300,21842,8,0.25,21,jump,0.5,200,75,False,256,4067,6902,,1.6971
bcspwr10,5300,21842,8,0.25,21,jump,0.5,200,100,False,256,4071,6961,,1.7099
bcspwr10,5300,21842,8,0.25,21,jump,0.5,200,125,False,256,4030,6740,,1.6725
bcspwr10,5300,21842,8,0.25,21,jump,0.5,200,150,False,256,4067,6866,,1.6882
bcspwr10,5300,21842,8,0.25,21,jump,0.5,200,175,False,256,3993,6531,,1.6356
bcspwr10,5300,21842,8,0.25,21,jump,0.5,200,199,True,256,3964,6657,3964,1.6794
scircuit,170998,958936,8,0.0,17,drift,0.5,200,0,False,256,1855,3376,,1.8199
scircuit,170998,958936,8,0.0,17,drift,0.5,200,25,False,256,1855,3376,,1.8199
scircuit,170998,958936,8,0.0,17,drift,0.5,200,50,False,256,1855,3376,,1.8199
scircuit,170998,958936,8,0.0,17,drift,0.5,200,75,False,256,1855,3376,,1.8199
scircuit,170998,958936,8,0.0,17,drift,0.5,200,100,False,256,1855,3376,,1.8199
scircuit,170998,958936,8,0.0,17,drift,0.5,200,125,False,256,1855,3376,,1.8199
scircuit,170998,958936,8,0.0,17,drift,0.5,200,150,False,256,1855,3376,,1.8199
scircuit,170998,958936,8,0.0,17,drift,0.5,200,175,False,256,1855,3376,,1.8199
scircuit,170998,958936,8,0.0,17,drift,0.5,200,199,True,256,1855,3376,1855,1.8199
scircuit,170998,958936,8,0.0,18,drift,0.5,200,0,False,256,774,1869,,2.4147
scircuit,170998,958936,8,0.0,18,drift,0.5,200,25,False,256,774,1869,,2.4147
scircuit,170998,958936,8,0.0,18,drift,0.5,200,50,False,256,774,1869,,2.4147
scircuit,170998,958936,8,0.0,18,drift,0.5,200,75,False,256,774,1869,,2.4147
scircuit,170998,958936,8,0.0,18,drift,0.5,200,100,False,256,774,1869,,2.4147
scircuit,170998,958936,8,0.0,18,drift,0.5,200,125,False,256,774,1869,,2.4147
scircuit,170998,958936,8,0.0,18,drift,0.5,200,150,False,256,774,1869,,2.4147
scircuit,170998,958936,8,0.0,18,drift,0.5,200,175,False,256,774,1869,,2.4147
scircuit,170998,958936,8,0.0,18,drift,0.5,200,199,True,256,774,1869,774,2.4147
scircuit,170998,958936,8,0.0,19,drift,0.5,200,0,False,256,3169,6769,,2.136
scircuit,170998,958936,8,0.0,19,drift,0.5,200,25,False,256,3169,6769,,2.136
scircuit,170998,958936,8,0.0,19,drift,0.5,200,50,False,256,3169,6769,,2.136
scircuit,170998,958936,8,0.0,19,drift,0.5,200,75,False,256,3169,6769,,2.136
scircuit,170998,958936,8,0.0,19,drift,0.5,200,100,False,256,3169,6769,,2.136
scircuit,170998,958936,8,0.0,19,drift,0.5,200,125,False,256,3169,6769,,2.136
scircuit,170998,958936,8,0.0,19,drift,0.5,200,150,False,256,3169,6769,,2.136
scircuit,170998,958936,8,0.0,19,drift,0.5,200,175,False,256,3169,6769,,2.136
scircuit,170998,958936,8,0.0,19,drift,0.5,200,199,True,256,3169,6769,3169,2.136
scircuit,170998,958936,8,0.0,20,drift,0.5,200,0,False,256,772,1820,,2.3575
scircuit,170998,958936,8,0.0,20,drift,0.5,200,25,False,256,772,1820,,2.3575
scircuit,170998,958936,8,0.0,20,drift,0.5,200,50,False,256,772,1820,,2.3575
scircuit,170998,958936,8,0.0,20,drift,0.5,200,75,False,256,772,1820,,2.3575
scircuit,170998,958936,8,0.0,20,drift,0.5,200,100,False,256,772,1820,,2.3575
scircuit,170998,958936,8,0.0,20,drift,0.5,200,125,False,256,772,1820,,2.3575
scircuit,170998,958936,8,0.0,20,drift,0.5,200,150,False,256,772,1820,,2.3575
scircuit,170998,958936,8,0.0,20,drift,0.5,200,175,False,256,772,1820,,2.3575
scircuit,170998,958936,8,0.0,20,drift,0.5,200,199,True,256,772,1820,772,2.3575
scircuit,170998,958936,8,0.0,21,drift,0.5,200,0,False,256,3198,5460,,1.7073
scircuit,170998,958936,8,0.0,21,drift,0.5,200,25,False,256,3198,5460,,1.7073
scircuit,170998,958936,8,0.0,21,drift,0.5,200,50,False,256,3198,5460,,1.7073
scircuit,170998,958936,8,0.0,21,drift,0.5,200,75,False,256,3198,5460,,1.7073
scircuit,170998,958936,8,0.0,21,drift,0.5,200,100,False,256,3198,5460,,1.7073
scircuit,170998,958936,8,0.0,21,drift,0.5,200,125,False,256,3198,5460,,1.7073
scircuit,170998,958936,8,0.0,21,drift,0.5,200,150,False,256,3198,5460,,1.7073
scircuit,170998,958936,8,0.0,21,drift,0.5,200,175,False,256,3198,5460,,1.7073
scircuit,170998,958936,8,0.0,21,drift,0.5,200,199,True,256,3198,5460,3198,1.7073
scircuit,170998,958936,8,0.002,17,drift,0.5,200,0,False,256,1855,3376,,1.8199
scircuit,170998,958936,8,0.002,17,drift,0.5,200,25,False,256,1875,3381,,1.8032
scircuit,170998,958936,8,0.002,17,drift,0.5,200,50,False,256,2106,3856,,1.831
scircuit,170998,958936,8,0.002,17,drift,0.5,200,75,False,256,2095,3767,,1.7981
scircuit,170998,958936,8,0.002,17,drift,0.5,200,100,False,256,1994,3636,,1.8235
scircuit,170998,958936,8,0.002,17,drift,0.5,200,125,False,256,1825,3504,,1.92
scircuit,170998,958936,8,0.002,17,drift,0.5,200,150,False,256,1801,3464,,1.9234
scircuit,170998,958936,8,0.002,17,drift,0.5,200,175,False,256,1994,3741,,1.8761
scircuit,170998,958936,8,0.002,17,drift,0.5,200,199,True,256,2183,3998,2183,1.8314
scircuit,170998,958936,8,0.002,18,drift,0.5,200,0,False,256,774,1869,,2.4147
scircuit,170998,958936,8,0.002,18,drift,0.5,200,25,False,256,773,1890,,2.445
scircuit,170998,958936,8,0.002,18,drift,0.5,200,50,False,256,807,1983,,2.4572
scircuit,170998,958936,8,0.002,18,drift,0.5,200,75,False,256,825,2055,,2.4909
scircuit,170998,958936,8,0.002,18,drift,0.5,200,100,False,256,827,2055,,2.4849
scircuit,170998,958936,8,0.002,18,drift,0.5,200,125,False,256,833,2067,,2.4814
scircuit,170998,958936,8,0.002,18,drift,0.5,200,150,False,256,842,2051,,2.4359
scircuit,170998,958936,8,0.002,18,drift,0.5,200,175,False,256,892,2192,,2.4574
scircuit,170998,958936,8,0.002,18,drift,0.5,200,199,True,256,892,2192,892,2.4574
scircuit,170998,958936,8,0.002,19,drift,0.5,200,0,False,256,3169,6769,,2.136
scircuit,170998,958936,8,0.002,19,drift,0.5,200,25,False,256,3047,6445,,2.1152
scircuit,170998,958936,8,0.002,19,drift,0.5,200,50,False,256,2908,6049,,2.0801
scircuit,170998,958936,8,0.002,19,drift,0.5,200,75,False,256,2811,5727,,2.0374
scircuit,170998,958936,8,0.002,19,drift,0.5,200,100,False,256,2768,5618,,2.0296
scircuit,170998,958936,8,0.002,19,drift,0.5,200,125,False,256,2851,5608,,1.967
scircuit,170998,958936,8,0.002,19,drift,0.5,200,150,False,256,2786,5406,,1.9404
scircuit,170998,958936,8,0.002,19,drift,0.5,200,175,False,256,2756,5413,,1.9641
scircuit,170998,958936,8,0.002,19,drift,0.5,200,199,True,256,2833,5620,2833,1.9838
scircuit,170998,958936,8,0.002,20,drift,0.5,200,0,False,256,772,1820,,2.3575
scircuit,170998,958936,8,0.002,20,drift,0.5,200,25,False,256,798,1907,,2.3897
scircuit,170998,958936,8,0.002,20,drift,0.5,200,50,False,256,838,2006,,2.3938
scircuit,170998,958936,8,0.002,20,drift,0.5,200,75,False,256,846,2040,,2.4113
scircuit,170998,958936,8,0.002,20,drift,0.5,200,100,False,256,837,2017,,2.4098
scircuit,170998,958936,8,0.002,20,drift,0.5,200,125,False,256,868,2102,,2.4217
scircuit,170998,958936,8,0.002,20,drift,0.5,200,150,False,256,881,2118,,2.4041
scircuit,170998,958936,8,0.002,20,drift,0.5,200,175,False,256,881,2118,,2.4041
scircuit,170998,958936,8,0.002,20,drift,0.5,200,199,True,256,879,2086,879,2.3732
scircuit,170998,958936,8,0.002,21,drift,0.5,200,0,False,256,3198,5460,,1.7073
scircuit,170998,958936,8,0.002,21,drift,0.5,200,25,False,256,3417,5821,,1.7035
scircuit,170998,958936,8,0.002,21,drift,0.5,200,50,False,256,3549,5904,,1.6636
scircuit,170998,958936,8,0.002,21,drift,0.5,200,75,False,256,3747,6256,,1.6696
scircuit,170998,958936,8,0.002,21,drift,0.5,200,100,False,256,3714,6191,,1.6669
scircuit,170998,958936,8,0.002,21,drift,0.5,200,125,False,256,3427,5743,,1.6758
scircuit,170998,958936,8,0.002,21,drift,0.5,200,150,False,256,3596,5949,,1.6543
scircuit,170998,958936,8,0.002,21,drift,0.5,200,175,False,256,3675,6106,,1.6615
scircuit,170998,958936,8,0.002,21,drift,0.5,200,199,True,256,3778,6299,3778,1.6673
scircuit,170998,958936,8,0.01,17,drift,0.5,200,0,False,256,1855,3376,,1.8199
scircuit,170998,958936,8,0.01,17,drift,0.5,200,25,False,256,1975,3669,,1.8577
scircuit,170998,958936,8,0.01,17,drift,0.5,200,50,False,256,2000,3753,,1.8765
scircuit,170998,958936,8,0.01,17,drift,0.5,200,75,False,256,1984,3798,,1.9143
scircuit,170998,958936,8,0.01,17,drift,0.5,200,100,False,256,2020,3873,,1.9173
scircuit,170998,958936,8,0.01,17,drift,0.5,200,125,False,256,1992,3754,,1.8845
scircuit,170998,958936,8,0.01,17,drift,0.5,200,150,False,256,2684,4747,,1.7686
scircuit,170998,958936,8,0.01,17,drift,0.5,200,175,False,256,2603,4610,,1.771
scircuit,170998,958936,8,0.01,17,drift,0.5,200,199,True,256,2580,4538,2580,1.7589
scircuit,170998,958936,8,0.01,18,drift,0.5,200,0,False,256,774,1869,,2.4147
scircuit,170998,958936,8,0.01,18,drift,0.5,200,25,False,256,820,2001,,2.4402
scircuit,170998,958936,8,0.01,18,drift,0.5,200,50,False,256,823,1980,,2.4058
scircuit,170998,958936,8,0.01,18,drift,0.5,200,75,False,256,834,2073,,2.4856
scircuit,170998,958936,8,0.01,18,drift,0.5,200,100,False,256,832,2026,,2.4351
scircuit,170998,958936,8,0.01,18,drift,0.5,200,125,False,256,843,2054,,2.4365
scircuit,170998,958936,8,0.01,18,drift,0.5,200,150,False,256,819,2042,,2.4933
scircuit,170998,958936,8,0.01,18,drift,0.5,200,175,False,256,869,2144,,2.4672
scircuit,170998,958936,8,0.01,18,drift,0.5,200,199,True,256,910,2197,910,2.4143
scircuit,170998,958936,8,0.01,19,drift,0.5,200,0,False,256,3169,6769,,2.136
scircuit,170998,958936,8,0.01,19,drift,0.5,200,25,False,256,3091,6244,,2.0201
scircuit,170998,958936,8,0.01,19,drift,0.5,200,50,False,256,3004,5989,,1.9937
scircuit,170998,958936,8,0.01,19,drift,0.5,200,75,False,256,3167,6046,,1.9091
scircuit,170998,958936,8,0.01,19,drift,0.5,200,100,False,256,3114,5979,,1.92
scircuit,170998,958936,8,0.01,19,drift,0.5,200,125,False,256,3195,6151,,1.9252
scircuit,170998,958936,8,0.01,19,drift,0.5,200,150,False,256,3432,6661,,1.9409
scircuit,170998,958936,8,0.01,19,drift,0.5,200,175,False,256,3270,6260,,1.9144
scircuit,170998,958936,8,0.01,19,drift,0.5,200,199,True,256,3398,6570,3398,1.9335
scircuit,170998,958936,8,0.01,20,drift,0.5,200,0,False,256,772,1820,,2.3575
scircuit,170998,958936,8,0.01,20,drift,0.5,200,25,False,256,817,1955,,2.3929
scircuit,170998,958936,8,0.01,20,drift,0.5,200,50,False,256,909,2209,,2.4301
scircuit,170998,958936,8,0.01,20,drift,0.5,200,75,False,256,964,2291,,2.3766
scircuit,170998,958936,8,0.01,20,drift,0.5,200,100,False,256,950,2232,,2.3495
scircuit,170998,958936,8,0.01,20,drift,0.5,200,125,False,256,977,2336,,2.391
scircuit,170998,958936,8,0.01,20,drift,0.5,200,150,False,256,996,2461,,2.4709
scircuit,170998,958936,8,0.01,20,drift,0.5,200,175,False,256,1007,2470,,2.4528
scircuit,170998,958936,8,0.01,20,drift,0.5,200,199,True,256,1032,2510,1032,2.4322
scircuit,170998,958936,8,0.01,21,drift,0.5,200,0,False,256,3198,5460,,1.7073
scircuit,170998,958936,8,0.01,21,drift,0.5,200,25,False,256,3214,5469,,1.7016
scircuit,170998,958936,8,0.01,21,drift,0.5,200,50,False,256,2913,5187,,1.7806
scircuit,170998,958936,8,0.01,21,drift,0.5,200,75,False,256,3300,5840,,1.7697
scircuit,170998,958936,8,0.01,21,drift,0.5,200,100,False,256,3142,5582,,1.7766
scircuit,170998,958936,8,0.01,21,drift,0.5,200,125,False,256,3207,5618,,1.7518
scircuit,170998,958936,8,0.01,21,drift,0.5,200,150,False,256,3055,5319,,1.7411
scircuit,170998,958936,8,0.01,21,drift,0.5,200,175,False,256,2875,5176,,1.8003
scircuit,170998,958936,8,0.01,21,drift,0.5,200,199,True,256,2896,5304,2896,1.8315
scircuit,170998,958936,8,0.05,17,drift,0.5,200,0,False,256,1855,3376,,1.8199
scircuit,170998,958936,8,0.05,17,drift,0.5,200,25,False,256,2945,5244,,1.7806
scircuit,170998,958936,8,0.05,17,drift,0.5,200,50,False,256,2547,4534,,1.7801
scircuit,170998,958936,8,0.05,17,drift,0.5,200,75,False,256,3025,5189,,1.7154
scircuit,170998,958936,8,0.05,17,drift,0.5,200,100,False,256,3018,5223,,1.7306
scircuit,170998,958936,8,0.05,17,drift,0.5,200,125,False,256,3463,6115,,1.7658
scircuit,170998,958936,8,0.05,17,drift,0.5,200,150,False,256,3612,6289,,1.7411
scircuit,170998,958936,8,0.05,17,drift,0.5,200,175,False,256,3836,6667,,1.738
scircuit,170998,958936,8,0.05,17,drift,0.5,200,199,True,256,3871,6583,3871,1.7006
scircuit,170998,958936,8,0.05,18,drift,0.5,200,0,False,256,774,1869,,2.4147
scircuit,170998,958936,8,0.05,18,drift,0.5,200,25,False,256,965,2318,,2.4021
scircuit,170998,958936,8,0.05,18,drift,0.5,200,50,False,256,972,2410,,2.4794
scircuit,170998,958936,8,0.05,18,drift,0.5,200,75,False,256,958,2354,,2.4572
scircuit,170998,958936,8,0.05,18,drift,0.5,200,100,False,256,1060,2687,,2.5349
scircuit,170998,958936,8,0.05,18,drift,0.5,200,125,False,256,1069,2657,,2.4855
scircuit,170998,958936,8,0.05,18,drift,0.5,200,150,False,256,1145,2790,,2.4367
scircuit,170998,958936,8,0.05,18,drift,0.5,200,175,False,256,1187,2863,,2.412
scircuit,170998,958936,8,0.05,18,drift,0.5,200,199,True,256,1148,2785,1148,2.426
scircuit,170998,958936,8,0.05,19,drift,0.5,200,0,False,256,3169,6769,,2.136
scircuit,170998,958936,8,0.05,19,drift,0.5,200,25,False,256,3305,6767,,2.0475
scircuit,170998,958936,8,0.05,19,drift,0.5,200,50,False,256,2970,6086,,2.0492
scircuit,170998,958936,8,0.05,19,drift,0.5,200,75,False,256,2913,6185,,2.1232
scircuit,170998,958936,8,0.05,19,drift,0.5,200,100,False,256,3338,6630,,1.9862
scircuit,170998,958936,8,0.05,19,drift,0.5,200,125,False,256,3560,7054,,1.9815
scircuit,170998,958936,8,0.05,19,drift,0.5,200,150,False,256,3277,6105,,1.863
scircuit,170998,958936,8,0.05,19,drift,0.5,200,175,False,256,3312,6340,,1.9143
scircuit,170998,958936,8,0.05,19,drift,0.5,200,199,True,256,3191,6026,3191,1.8884
scircuit,170998,958936,8,0.05,20,drift,0.5,200,0,False,256,772,1820,,2.3575
scircuit,170998,958936,8,0.05,20,drift,0.5,200,25,False,256,996,2411,,2.4207
scircuit,170998,958936,8,0.05,20,drift,0.5,200,50,False,256,1058,2709,,2.5605
scircuit,170998,958936,8,0.05,20,drift,0.5,200,75,False,256,1076,2764,,2.5688
scircuit,170998,958936,8,0.05,20,drift,0.5,200,100,False,256,1133,2884,,2.5455
scircuit,170998,958936,8,0.05,20,drift,0.5,200,125,False,256,1162,3021,,2.5998
scircuit,170998,958936,8,0.05,20,drift,0.5,200,150,False,256,1299,3334,,2.5666
scircuit,170998,958936,8,0.05,20,drift,0.5,200,175,False,256,1268,3182,,2.5095
scircuit,170998,958936,8,0.05,20,drift,0.5,200,199,True,256,1217,3098,1217,2.5456
scircuit,170998,958936,8,0.05,21,drift,0.5,200,0,False,256,3198,5460,,1.7073
scircuit,170998,958936,8,0.05,21,drift,0.5,200,25,False,256,3178,5214,,1.6407
scircuit,170998,958936,8,0.05,21,drift,0.5,200,50,False,256,2929,5147,,1.7573
scircuit,170998,958936,8,0.05,21,drift,0.5,200,75,False,256,4045,6860,,1.6959
scircuit,170998,958936,8,0.05,21,drift,0.5,200,100,False,256,4144,7050,,1.7013
scircuit,170998,958936,8,0.05,21,drift,0.5,200,125,False,256,4643,7437,,1.6018
scircuit,170998,958936,8,0.05,21,drift,0.5,200,150,False,256,4331,6943,,1.6031
scircuit,170998,958936,8,0.05,21,drift,0.5,200,175,False,256,4296,6785,,1.5794
scircuit,170998,958936,8,0.05,21,drift,0.5,200,199,True,256,5118,8311,5118,1.6239
scircuit,170998,958936,8,0.25,17,drift,0.5,200,0,False,256,1855,3376,,1.8199
scircuit,170998,958936,8,0.25,17,drift,0.5,200,25,False,256,4047,7502,,1.8537
scircuit,170998,958936,8,0.25,17,drift,0.5,200,50,False,256,3695,6993,,1.8926
scircuit,170998,958936,8,0.25,17,drift,0.5,200,75,False,256,4232,7587,,1.7928
scircuit,170998,958936,8,0.25,17,drift,0.5,200,100,False,256,4315,7418,,1.7191
scircuit,170998,958936,8,0.25,17,drift,0.5,200,125,False,256,4395,7074,,1.6096
scircuit,170998,958936,8,0.25,17,drift,0.5,200,150,False,256,4470,7503,,1.6785
scircuit,170998,958936,8,0.25,17,drift,0.5,200,175,False,256,5638,9116,,1.6169
scircuit,170998,958936,8,0.25,17,drift,0.5,200,199,True,256,4602,7795,4602,1.6938
scircuit,170998,958936,8,0.25,18,drift,0.5,200,0,False,256,774,1869,,2.4147
scircuit,170998,958936,8,0.25,18,drift,0.5,200,25,False,256,1067,2589,,2.4264
scircuit,170998,958936,8,0.25,18,drift,0.5,200,50,False,256,1180,2987,,2.5314
scircuit,170998,958936,8,0.25,18,drift,0.5,200,75,False,256,1276,3150,,2.4687
scircuit,170998,958936,8,0.25,18,drift,0.5,200,100,False,256,1166,2991,,2.5652
scircuit,170998,958936,8,0.25,18,drift,0.5,200,125,False,256,1328,3244,,2.4428
scircuit,170998,958936,8,0.25,18,drift,0.5,200,150,False,256,1327,3362,,2.5335
scircuit,170998,958936,8,0.25,18,drift,0.5,200,175,False,256,1411,3620,,2.5656
scircuit,170998,958936,8,0.25,18,drift,0.5,200,199,True,256,1359,3562,1359,2.621
scircuit,170998,958936,8,0.25,19,drift,0.5,200,0,False,256,3169,6769,,2.136
scircuit,170998,958936,8,0.25,19,drift,0.5,200,25,False,256,3381,6433,,1.9027
scircuit,170998,958936,8,0.25,19,drift,0.5,200,50,False,256,3418,6609,,1.9336
scircuit,170998,958936,8,0.25,19,drift,0.5,200,75,False,256,3732,7120,,1.9078
scircuit,170998,958936,8,0.25,19,drift,0.5,200,100,False,256,3355,6585,,1.9627
scircuit,170998,958936,8,0.25,19,drift,0.5,200,125,False,256,3501,6607,,1.8872
scircuit,170998,958936,8,0.25,19,drift,0.5,200,150,False,256,3052,5822,,1.9076
scircuit,170998,958936,8,0.25,19,drift,0.5,200,175,False,256,3719,7594,,2.0419
scircuit,170998,958936,8,0.25,19,drift,0.5,200,199,True,256,3667,7123,3667,1.9425
scircuit,170998,958936,8,0.25,20,drift,0.5,200,0,False,256,772,1820,,2.3575
scircuit,170998,958936,8,0.25,20,drift,0.5,200,25,False,256,1076,2724,,2.5316
scircuit,170998,958936,8,0.25,20,drift,0.5,200,50,False,256,1252,3107,,2.4816
scircuit,170998,958936,8,0.25,20,drift,0.5,200,75,False,256,1316,3266,,2.4818
scircuit,170998,958936,8,0.25,20,drift,0.5,200,100,False,256,1255,3256,,2.5944
scircuit,170998,958936,8,0.25,20,drift,0.5,200,125,False,256,1342,3493,,2.6028
scircuit,170998,958936,8,0.25,20,drift,0.5,200,150,False,256,1343,3374,,2.5123
scircuit,170998,958936,8,0.25,20,drift,0.5,200,175,False,256,1562,4020,,2.5736
scircuit,170998,958936,8,0.25,20,drift,0.5,200,199,True,256,1548,3774,1548,2.438
scircuit,170998,958936,8,0.25,21,drift,0.5,200,0,False,256,3198,5460,,1.7073
scircuit,170998,958936,8,0.25,21,drift,0.5,200,25,False,256,4137,6668,,1.6118
scircuit,170998,958936,8,0.25,21,drift,0.5,200,50,False,256,3551,6027,,1.6973
scircuit,170998,958936,8,0.25,21,drift,0.5,200,75,False,256,4548,7664,,1.6851
scircuit,170998,958936,8,0.25,21,drift,0.5,200,100,False,256,3843,6322,,1.6451
scircuit,170998,958936,8,0.25,21,drift,0.5,200,125,False,256,3540,5721,,1.6161
scircuit,170998,958936,8,0.25,21,drift,0.5,200,150,False,256,4526,7403,,1.6357
scircuit,170998,958936,8,0.25,21,drift,0.5,200,175,False,256,4392,7019,,1.5981
scircuit,170998,958936,8,0.25,21,drift,0.5,200,199,True,256,4185,6544,4185,1.5637
scircuit,170998,958936,8,0.0,17,jump,0.5,200,0,False,256,1855,3376,,1.8199
scircuit,170998,958936,8,0.0,17,jump,0.5,200,25,False,256,1855,3376,,1.8199
scircuit,170998,958936,8,0.0,17,jump,0.5,200,50,False,256,1855,3376,,1.8199
scircuit,170998,958936,8,0.0,17,jump,0.5,200,75,False,256,1855,3376,,1.8199
scircuit,170998,958936,8,0.0,17,jump,0.5,200,100,False,256,1855,3376,,1.8199
scircuit,170998,958936,8,0.0,17,jump,0.5,200,125,False,256,1855,3376,,1.8199
scircuit,170998,958936,8,0.0,17,jump,0.5,200,150,False,256,1855,3376,,1.8199
scircuit,170998,958936,8,0.0,17,jump,0.5,200,175,False,256,1855,3376,,1.8199
scircuit,170998,958936,8,0.0,17,jump,0.5,200,199,True,256,1855,3376,1855,1.8199
scircuit,170998,958936,8,0.0,18,jump,0.5,200,0,False,256,774,1869,,2.4147
scircuit,170998,958936,8,0.0,18,jump,0.5,200,25,False,256,774,1869,,2.4147
scircuit,170998,958936,8,0.0,18,jump,0.5,200,50,False,256,774,1869,,2.4147
scircuit,170998,958936,8,0.0,18,jump,0.5,200,75,False,256,774,1869,,2.4147
scircuit,170998,958936,8,0.0,18,jump,0.5,200,100,False,256,774,1869,,2.4147
scircuit,170998,958936,8,0.0,18,jump,0.5,200,125,False,256,774,1869,,2.4147
scircuit,170998,958936,8,0.0,18,jump,0.5,200,150,False,256,774,1869,,2.4147
scircuit,170998,958936,8,0.0,18,jump,0.5,200,175,False,256,774,1869,,2.4147
scircuit,170998,958936,8,0.0,18,jump,0.5,200,199,True,256,774,1869,774,2.4147
scircuit,170998,958936,8,0.0,19,jump,0.5,200,0,False,256,3169,6769,,2.136
scircuit,170998,958936,8,0.0,19,jump,0.5,200,25,False,256,3169,6769,,2.136
scircuit,170998,958936,8,0.0,19,jump,0.5,200,50,False,256,3169,6769,,2.136
scircuit,170998,958936,8,0.0,19,jump,0.5,200,75,False,256,3169,6769,,2.136
scircuit,170998,958936,8,0.0,19,jump,0.5,200,100,False,256,3169,6769,,2.136
scircuit,170998,958936,8,0.0,19,jump,0.5,200,125,False,256,3169,6769,,2.136
scircuit,170998,958936,8,0.0,19,jump,0.5,200,150,False,256,3169,6769,,2.136
scircuit,170998,958936,8,0.0,19,jump,0.5,200,175,False,256,3169,6769,,2.136
scircuit,170998,958936,8,0.0,19,jump,0.5,200,199,True,256,3169,6769,3169,2.136
scircuit,170998,958936,8,0.0,20,jump,0.5,200,0,False,256,772,1820,,2.3575
scircuit,170998,958936,8,0.0,20,jump,0.5,200,25,False,256,772,1820,,2.3575
scircuit,170998,958936,8,0.0,20,jump,0.5,200,50,False,256,772,1820,,2.3575
scircuit,170998,958936,8,0.0,20,jump,0.5,200,75,False,256,772,1820,,2.3575
scircuit,170998,958936,8,0.0,20,jump,0.5,200,100,False,256,772,1820,,2.3575
scircuit,170998,958936,8,0.0,20,jump,0.5,200,125,False,256,772,1820,,2.3575
scircuit,170998,958936,8,0.0,20,jump,0.5,200,150,False,256,772,1820,,2.3575
scircuit,170998,958936,8,0.0,20,jump,0.5,200,175,False,256,772,1820,,2.3575
scircuit,170998,958936,8,0.0,20,jump,0.5,200,199,True,256,772,1820,772,2.3575
scircuit,170998,958936,8,0.0,21,jump,0.5,200,0,False,256,3198,5460,,1.7073
scircuit,170998,958936,8,0.0,21,jump,0.5,200,25,False,256,3198,5460,,1.7073
scircuit,170998,958936,8,0.0,21,jump,0.5,200,50,False,256,3198,5460,,1.7073
scircuit,170998,958936,8,0.0,21,jump,0.5,200,75,False,256,3198,5460,,1.7073
scircuit,170998,958936,8,0.0,21,jump,0.5,200,100,False,256,3198,5460,,1.7073
scircuit,170998,958936,8,0.0,21,jump,0.5,200,125,False,256,3198,5460,,1.7073
scircuit,170998,958936,8,0.0,21,jump,0.5,200,150,False,256,3198,5460,,1.7073
scircuit,170998,958936,8,0.0,21,jump,0.5,200,175,False,256,3198,5460,,1.7073
scircuit,170998,958936,8,0.0,21,jump,0.5,200,199,True,256,3198,5460,3198,1.7073
scircuit,170998,958936,8,0.002,17,jump,0.5,200,0,False,256,1855,3376,,1.8199
scircuit,170998,958936,8,0.002,17,jump,0.5,200,25,False,256,2331,3724,,1.5976
scircuit,170998,958936,8,0.002,17,jump,0.5,200,50,False,256,3050,4410,,1.4459
scircuit,170998,958936,8,0.002,17,jump,0.5,200,75,False,256,3648,4923,,1.3495
scircuit,170998,958936,8,0.002,17,jump,0.5,200,100,False,256,4016,5207,,1.2966
scircuit,170998,958936,8,0.002,17,jump,0.5,200,125,False,256,4330,5455,,1.2598
scircuit,170998,958936,8,0.002,17,jump,0.5,200,150,False,256,4427,5527,,1.2485
scircuit,170998,958936,8,0.002,17,jump,0.5,200,175,False,256,4656,5745,,1.2339
scircuit,170998,958936,8,0.002,17,jump,0.5,200,199,True,256,4897,5925,4897,1.2099
scircuit,170998,958936,8,0.002,18,jump,0.5,200,0,False,256,774,1869,,2.4147
scircuit,170998,958936,8,0.002,18,jump,0.5,200,25,False,256,1477,2523,,1.7082
scircuit,170998,958936,8,0.002,18,jump,0.5,200,50,False,256,2042,3084,,1.5103
scircuit,170998,958936,8,0.002,18,jump,0.5,200,75,False,256,2486,3509,,1.4115
scircuit,170998,958936,8,0.002,18,jump,0.5,200,100,False,256,2960,3975,,1.3429
scircuit,170998,958936,8,0.002,18,jump,0.5,200,125,False,256,3258,4265,,1.3091
scircuit,170998,958936,8,0.002,18,jump,0.5,200,150,False,256,3895,4905,,1.2593
scircuit,170998,958936,8,0.002,18,jump,0.5,200,175,False,256,4164,5156,,1.2382
scircuit,170998,958936,8,0.002,18,jump,0.5,200,199,True,256,4408,5371,4408,1.2185
scircuit,170998,958936,8,0.002,19,jump,0.5,200,0,False,256,3169,6769,,2.136
scircuit,170998,958936,8,0.002,19,jump,0.5,200,25,False,256,3663,6983,,1.9064
scircuit,170998,958936,8,0.002,19,jump,0.5,200,50,False,256,3965,6956,,1.7544
scircuit,170998,958936,8,0.002,19,jump,0.5,200,75,False,256,4241,7011,,1.6531
scircuit,170998,958936,8,0.002,19,jump,0.5,200,100,False,256,4548,7176,,1.5778
scircuit,170998,958936,8,0.002,19,jump,0.5,200,125,False,256,4743,7230,,1.5244
scircuit,170998,958936,8,0.002,19,jump,0.5,200,150,False,256,5031,7431,,1.477
scircuit,170998,958936,8,0.002,19,jump,0.5,200,175,False,256,5463,7768,,1.4219
scircuit,170998,958936,8,0.002,19,jump,0.5,200,199,True,256,5630,7737,5630,1.3742
scircuit,170998,958936,8,0.002,20,jump,0.5,200,0,False,256,772,1820,,2.3575
scircuit,170998,958936,8,0.002,20,jump,0.5,200,25,False,256,1358,2370,,1.7452
scircuit,170998,958936,8,0.002,20,jump,0.5,200,50,False,256,1919,2926,,1.5248
scircuit,170998,958936,8,0.002,20,jump,0.5,200,75,False,256,2472,3446,,1.394
scircuit,170998,958936,8,0.002,20,jump,0.5,200,100,False,256,2903,3861,,1.33
scircuit,170998,958936,8,0.002,20,jump,0.5,200,125,False,256,3297,4183,,1.2687
scircuit,170998,958936,8,0.002,20,jump,0.5,200,150,False,256,3666,4541,,1.2387
scircuit,170998,958936,8,0.002,20,jump,0.5,200,175,False,256,4110,4930,,1.1995
scircuit,170998,958936,8,0.002,20,jump,0.5,200,199,True,256,4285,5100,4285,1.1902
scircuit,170998,958936,8,0.002,21,jump,0.5,200,0,False,256,3198,5460,,1.7073
scircuit,170998,958936,8,0.002,21,jump,0.5,200,25,False,256,3680,5912,,1.6065
scircuit,170998,958936,8,0.002,21,jump,0.5,200,50,False,256,4164,6232,,1.4966
scircuit,170998,958936,8,0.002,21,jump,0.5,200,75,False,256,4711,6643,,1.4101
scircuit,170998,958936,8,0.002,21,jump,0.5,200,100,False,256,4923,6603,,1.3413
scircuit,170998,958936,8,0.002,21,jump,0.5,200,125,False,256,5178,6629,,1.2802
scircuit,170998,958936,8,0.002,21,jump,0.5,200,150,False,256,5082,6415,,1.2623
scircuit,170998,958936,8,0.002,21,jump,0.5,200,175,False,256,5211,6470,,1.2416
scircuit,170998,958936,8,0.002,21,jump,0.5,200,199,True,256,5291,6427,5291,1.2147
scircuit,170998,958936,8,0.01,17,jump,0.5,200,0,False,256,1855,3376,,1.8199
scircuit,170998,958936,8,0.01,17,jump,0.5,200,25,False,256,3349,4789,,1.43
scircuit,170998,958936,8,0.01,17,jump,0.5,200,50,False,256,4527,5914,,1.3064
scircuit,170998,958936,8,0.01,17,jump,0.5,200,75,False,256,5250,6508,,1.2396
scircuit,170998,958936,8,0.01,17,jump,0.5,200,100,False,256,5372,6258,,1.1649
scircuit,170998,958936,8,0.01,17,jump,0.5,200,125,False,256,5640,6289,,1.1151
scircuit,170998,958936,8,0.01,17,jump,0.5,200,150,False,256,5894,6452,,1.0947
scircuit,170998,958936,8,0.01,17,jump,0.5,200,175,False,256,5960,6453,,1.0827
scircuit,170998,958936,8,0.01,17,jump,0.5,200,199,True,256,6235,6647,6235,1.0661
scircuit,170998,958936,8,0.01,18,jump,0.5,200,0,False,256,774,1869,,2.4147
scircuit,170998,958936,8,0.01,18,jump,0.5,200,25,False,256,2428,3509,,1.4452
scircuit,170998,958936,8,0.01,18,jump,0.5,200,50,False,256,3817,4856,,1.2722
scircuit,170998,958936,8,0.01,18,jump,0.5,200,75,False,256,5279,6187,,1.172
scircuit,170998,958936,8,0.01,18,jump,0.5,200,100,False,256,5758,6639,,1.153
scircuit,170998,958936,8,0.01,18,jump,0.5,200,125,False,256,6534,7309,,1.1186
scircuit,170998,958936,8,0.01,18,jump,0.5,200,150,False,256,6495,7162,,1.1027
scircuit,170998,958936,8,0.01,18,jump,0.5,200,175,False,256,6676,7296,,1.0929
scircuit,170998,958936,8,0.01,18,jump,0.5,200,199,True,256,6654,7111,6654,1.0687
scircuit,170998,958936,8,0.01,19,jump,0.5,200,0,False,256,3169,6769,,2.136
scircuit,170998,958936,8,0.01,19,jump,0.5,200,25,False,256,4416,7253,,1.6424
scircuit,170998,958936,8,0.01,19,jump,0.5,200,50,False,256,5458,7556,,1.3844
scircuit,170998,958936,8,0.01,19,jump,0.5,200,75,False,256,5944,7524,,1.2658
scircuit,170998,958936,8,0.01,19,jump,0.5,200,100,False,256,6340,7415,,1.1696
scircuit,170998,958936,8,0.01,19,jump,0.5,200,125,False,256,6515,7391,,1.1345
scircuit,170998,958936,8,0.01,19,jump,0.5,200,150,False,256,6658,7399,,1.1113
scircuit,170998,958936,8,0.01,19,jump,0.5,200,175,False,256,6495,7022,,1.0811
scircuit,170998,958936,8,0.01,19,jump,0.5,200,199,True,256,6487,6858,6487,1.0572
scircuit,170998,958936,8,0.01,20,jump,0.5,200,0,False,256,772,1820,,2.3575
scircuit,170998,958936,8,0.01,20,jump,0.5,200,25,False,256,2453,3494,,1.4244
scircuit,170998,958936,8,0.01,20,jump,0.5,200,50,False,256,3572,4489,,1.2567
scircuit,170998,958936,8,0.01,20,jump,0.5,200,75,False,256,4709,5551,,1.1788
scircuit,170998,958936,8,0.01,20,jump,0.5,200,100,False,256,5247,5963,,1.1365
scircuit,170998,958936,8,0.01,20,jump,0.5,200,125,False,256,5585,6218,,1.1133
scircuit,170998,958936,8,0.01,20,jump,0.5,200,150,False,256,6046,6522,,1.0787
scircuit,170998,958936,8,0.01,20,jump,0.5,200,175,False,256,6359,6776,,1.0656
scircuit,170998,958936,8,0.01,20,jump,0.5,200,199,True,256,6471,6812,6471,1.0527
scircuit,170998,958936,8,0.01,21,jump,0.5,200,0,False,256,3198,5460,,1.7073
scircuit,170998,958936,8,0.01,21,jump,0.5,200,25,False,256,4139,6093,,1.4721
scircuit,170998,958936,8,0.01,21,jump,0.5,200,50,False,256,5251,6846,,1.3038
scircuit,170998,958936,8,0.01,21,jump,0.5,200,75,False,256,5898,7182,,1.2177
scircuit,170998,958936,8,0.01,21,jump,0.5,200,100,False,256,6734,7728,,1.1476
scircuit,170998,958936,8,0.01,21,jump,0.5,200,125,False,256,6910,7704,,1.1149
scircuit,170998,958936,8,0.01,21,jump,0.5,200,150,False,256,7045,7688,,1.0913
scircuit,170998,958936,8,0.01,21,jump,0.5,200,175,False,256,6735,7181,,1.0662
scircuit,170998,958936,8,0.01,21,jump,0.5,200,199,True,256,6863,7280,6863,1.0608
scircuit,170998,958936,8,0.05,17,jump,0.5,200,0,False,256,1855,3376,,1.8199
scircuit,170998,958936,8,0.05,17,jump,0.5,200,25,False,256,5504,6195,,1.1255
scircuit,170998,958936,8,0.05,17,jump,0.5,200,50,False,256,6277,6548,,1.0432
scircuit,170998,958936,8,0.05,17,jump,0.5,200,75,False,256,6585,6844,,1.0393
scircuit,170998,958936,8,0.05,17,jump,0.5,200,100,False,256,6626,6797,,1.0258
scircuit,170998,958936,8,0.05,17,jump,0.5,200,125,False,256,6626,6762,,1.0205
scircuit,170998,958936,8,0.05,17,jump,0.5,200,150,False,256,6521,6620,,1.0152
scircuit,170998,958936,8,0.05,17,jump,0.5,200,175,False,256,6898,7069,,1.0248
scircuit,170998,958936,8,0.05,17,jump,0.5,200,199,True,256,6398,6563,6398,1.0258
scircuit,170998,958936,8,0.05,18,jump,0.5,200,0,False,256,774,1869,,2.4147
scircuit,170998,958936,8,0.05,18,jump,0.5,200,25,False,256,5403,6324,,1.1705
scircuit,170998,958936,8,0.05,18,jump,0.5,200,50,False,256,5969,6327,,1.06
scircuit,170998,958936,8,0.05,18,jump,0.5,200,75,False,256,6469,6621,,1.0235
scircuit,170998,958936,8,0.05,18,jump,0.5,200,100,False,256,6559,6738,,1.0273
scircuit,170998,958936,8,0.05,18,jump,0.5,200,125,False,256,6076,6199,,1.0202
scircuit,170998,958936,8,0.05,18,jump,0.5,200,150,False,256,6322,6488,,1.0263
scircuit,170998,958936,8,0.05,18,jump,0.5,200,175,False,256,6761,6912,,1.0223
scircuit,170998,958936,8,0.05,18,jump,0.5,200,199,True,256,7398,7647,7398,1.0337
scircuit,170998,958936,8,0.05,19,jump,0.5,200,0,False,256,3169,6769,,2.136
scircuit,170998,958936,8,0.05,19,jump,0.5,200,25,False,256,6332,7243,,1.1439
scircuit,170998,958936,8,0.05,19,jump,0.5,200,50,False,256,6878,7201,,1.047
scircuit,170998,958936,8,0.05,19,jump,0.5,200,75,False,256,6764,6954,,1.0281
scircuit,170998,958936,8,0.05,19,jump,0.5,200,100,False,256,6942,7080,,1.0199
scircuit,170998,958936,8,0.05,19,jump,0.5,200,125,False,256,6497,6637,,1.0215
scircuit,170998,958936,8,0.05,19,jump,0.5,200,150,False,256,6531,6693,,1.0248
scircuit,170998,958936,8,0.05,19,jump,0.5,200,175,False,256,6584,6714,,1.0197
scircuit,170998,958936,8,0.05,19,jump,0.5,200,199,True,256,6924,7046,6924,1.0176
scircuit,170998,958936,8,0.05,20,jump,0.5,200,0,False,256,772,1820,,2.3575
scircuit,170998,958936,8,0.05,20,jump,0.5,200,25,False,256,5453,6164,,1.1304
scircuit,170998,958936,8,0.05,20,jump,0.5,200,50,False,256,6104,6407,,1.0496
scircuit,170998,958936,8,0.05,20,jump,0.5,200,75,False,256,6259,6429,,1.0272
scircuit,170998,958936,8,0.05,20,jump,0.5,200,100,False,256,6543,6697,,1.0235
scircuit,170998,958936,8,0.05,20,jump,0.5,200,125,False,256,6364,6516,,1.0239
scircuit,170998,958936,8,0.05,20,jump,0.5,200,150,False,256,6493,6624,,1.0202
scircuit,170998,958936,8,0.05,20,jump,0.5,200,175,False,256,6655,6770,,1.0173
scircuit,170998,958936,8,0.05,20,jump,0.5,200,199,True,256,6597,6740,6597,1.0217
scircuit,170998,958936,8,0.05,21,jump,0.5,200,0,False,256,3198,5460,,1.7073
scircuit,170998,958936,8,0.05,21,jump,0.5,200,25,False,256,6651,7622,,1.146
scircuit,170998,958936,8,0.05,21,jump,0.5,200,50,False,256,6704,7050,,1.0516
scircuit,170998,958936,8,0.05,21,jump,0.5,200,75,False,256,6649,6841,,1.0289
scircuit,170998,958936,8,0.05,21,jump,0.5,200,100,False,256,6395,6568,,1.0271
scircuit,170998,958936,8,0.05,21,jump,0.5,200,125,False,256,6402,6565,,1.0255
scircuit,170998,958936,8,0.05,21,jump,0.5,200,150,False,256,6645,6791,,1.022
scircuit,170998,958936,8,0.05,21,jump,0.5,200,175,False,256,6449,6562,,1.0175
scircuit,170998,958936,8,0.05,21,jump,0.5,200,199,True,256,6799,6992,6799,1.0284
scircuit,170998,958936,8,0.25,17,jump,0.5,200,0,False,256,1855,3376,,1.8199
scircuit,170998,958936,8,0.25,17,jump,0.5,200,25,False,256,6789,6946,,1.0231
scircuit,170998,958936,8,0.25,17,jump,0.5,200,50,False,256,6715,6810,,1.0141
scircuit,170998,958936,8,0.25,17,jump,0.5,200,75,False,256,6586,6748,,1.0246
scircuit,170998,958936,8,0.25,17,jump,0.5,200,100,False,256,7087,7239,,1.0214
scircuit,170998,958936,8,0.25,17,jump,0.5,200,125,False,256,6501,6721,,1.0338
scircuit,170998,958936,8,0.25,17,jump,0.5,200,150,False,256,6538,6710,,1.0263
scircuit,170998,958936,8,0.25,17,jump,0.5,200,175,False,256,6939,7155,,1.0311
scircuit,170998,958936,8,0.25,17,jump,0.5,200,199,True,256,6213,6353,6213,1.0225
scircuit,170998,958936,8,0.25,18,jump,0.5,200,0,False,256,774,1869,,2.4147
scircuit,170998,958936,8,0.25,18,jump,0.5,200,25,False,256,6817,6938,,1.0177
scircuit,170998,958936,8,0.25,18,jump,0.5,200,50,False,256,6491,6646,,1.0239
scircuit,170998,958936,8,0.25,18,jump,0.5,200,75,False,256,6878,7100,,1.0323
scircuit,170998,958936,8,0.25,18,jump,0.5,200,100,False,256,6538,6734,,1.03
scircuit,170998,958936,8,0.25,18,jump,0.5,200,125,False,256,6403,6551,,1.0231
scircuit,170998,958936,8,0.25,18,jump,0.5,200,150,False,256,6872,7052,,1.0262
scircuit,170998,958936,8,0.25,18,jump,0.5,200,175,False,256,6554,6758,,1.0311
scircuit,170998,958936,8,0.25,18,jump,0.5,200,199,True,256,6972,7124,6972,1.0218
scircuit,170998,958936,8,0.25,19,jump,0.5,200,0,False,256,3169,6769,,2.136
scircuit,170998,958936,8,0.25,19,jump,0.5,200,25,False,256,6517,6655,,1.0212
scircuit,170998,958936,8,0.25,19,jump,0.5,200,50,False,256,6850,7003,,1.0223
scircuit,170998,958936,8,0.25,19,jump,0.5,200,75,False,256,7120,7262,,1.0199
scircuit,170998,958936,8,0.25,19,jump,0.5,200,100,False,256,6434,6564,,1.0202
scircuit,170998,958936,8,0.25,19,jump,0.5,200,125,False,256,6554,6708,,1.0235
scircuit,170998,958936,8,0.25,19,jump,0.5,200,150,False,256,6663,6874,,1.0317
scircuit,170998,958936,8,0.25,19,jump,0.5,200,175,False,256,6584,6777,,1.0293
scircuit,170998,958936,8,0.25,19,jump,0.5,200,199,True,256,7418,7746,7418,1.0442
scircuit,170998,958936,8,0.25,20,jump,0.5,200,0,False,256,772,1820,,2.3575
scircuit,170998,958936,8,0.25,20,jump,0.5,200,25,False,256,6362,6491,,1.0203
scircuit,170998,958936,8,0.25,20,jump,0.5,200,50,False,256,6534,6728,,1.0297
scircuit,170998,958936,8,0.25,20,jump,0.5,200,75,False,256,6612,6776,,1.0248
scircuit,170998,958936,8,0.25,20,jump,0.5,200,100,False,256,6670,6793,,1.0184
scircuit,170998,958936,8,0.25,20,jump,0.5,200,125,False,256,6817,6953,,1.02
scircuit,170998,958936,8,0.25,20,jump,0.5,200,150,False,256,6432,6618,,1.0289
scircuit,170998,958936,8,0.25,20,jump,0.5,200,175,False,256,6558,6660,,1.0156
scircuit,170998,958936,8,0.25,20,jump,0.5,200,199,True,256,6484,6685,6484,1.031
scircuit,170998,958936,8,0.25,21,jump,0.5,200,0,False,256,3198,5460,,1.7073
scircuit,170998,958936,8,0.25,21,jump,0.5,200,25,False,256,6838,7040,,1.0295
scircuit,170998,958936,8,0.25,21,jump,0.5,200,50,False,256,6633,6854,,1.0333
scircuit,170998,958936,8,0.25,21,jump,0.5,200,75,False,256,6576,6844,,1.0408
scircuit,170998,958936,8,0.25,21,jump,0.5,200,100,False,256,6336,6474,,1.0218
scircuit,170998,958936,8,0.25,21,jump,0.5,200,125,False,256,6379,6569,,1.0298
scircuit,170998,958936,8,0.25,21,jump,0.5,200,150,False,256,6833,7011,,1.0261
scircuit,170998,958936,8,0.25,21,jump,0.5,200,175,False,256,6620,6829,,1.0316
scircuit,170998,958936,8,0.25,21,jump,0.5,200,199,True,256,6581,6715,6581,1.0204
memplus,17758,99147,8,0.0,17,drift,0.5,200,0,False,256,8170,13904,,1.7018
memplus,17758,99147,8,0.0,17,drift,0.5,200,25,False,256,8170,13904,,1.7018
memplus,17758,99147,8,0.0,17,drift,0.5,200,50,False,256,8170,13904,,1.7018
memplus,17758,99147,8,0.0,17,drift,0.5,200,75,False,256,8170,13904,,1.7018
memplus,17758,99147,8,0.0,17,drift,0.5,200,100,False,256,8170,13904,,1.7018
memplus,17758,99147,8,0.0,17,drift,0.5,200,125,False,256,8170,13904,,1.7018
memplus,17758,99147,8,0.0,17,drift,0.5,200,150,False,256,8170,13904,,1.7018
memplus,17758,99147,8,0.0,17,drift,0.5,200,175,False,256,8170,13904,,1.7018
memplus,17758,99147,8,0.0,17,drift,0.5,200,199,True,256,8170,13904,8170,1.7018
memplus,17758,99147,8,0.0,18,drift,0.5,200,0,False,256,8169,13933,,1.7056
memplus,17758,99147,8,0.0,18,drift,0.5,200,25,False,256,8169,13933,,1.7056
memplus,17758,99147,8,0.0,18,drift,0.5,200,50,False,256,8169,13933,,1.7056
memplus,17758,99147,8,0.0,18,drift,0.5,200,75,False,256,8169,13933,,1.7056
memplus,17758,99147,8,0.0,18,drift,0.5,200,100,False,256,8169,13933,,1.7056
memplus,17758,99147,8,0.0,18,drift,0.5,200,125,False,256,8169,13933,,1.7056
memplus,17758,99147,8,0.0,18,drift,0.5,200,150,False,256,8169,13933,,1.7056
memplus,17758,99147,8,0.0,18,drift,0.5,200,175,False,256,8169,13933,,1.7056
memplus,17758,99147,8,0.0,18,drift,0.5,200,199,True,256,8169,13933,8169,1.7056
memplus,17758,99147,8,0.0,19,drift,0.5,200,0,False,256,7075,11177,,1.5798
memplus,17758,99147,8,0.0,19,drift,0.5,200,25,False,256,7075,11177,,1.5798
memplus,17758,99147,8,0.0,19,drift,0.5,200,50,False,256,7075,11177,,1.5798
memplus,17758,99147,8,0.0,19,drift,0.5,200,75,False,256,7075,11177,,1.5798
memplus,17758,99147,8,0.0,19,drift,0.5,200,100,False,256,7075,11177,,1.5798
memplus,17758,99147,8,0.0,19,drift,0.5,200,125,False,256,7075,11177,,1.5798
memplus,17758,99147,8,0.0,19,drift,0.5,200,150,False,256,7075,11177,,1.5798
memplus,17758,99147,8,0.0,19,drift,0.5,200,175,False,256,7075,11177,,1.5798
memplus,17758,99147,8,0.0,19,drift,0.5,200,199,True,256,7075,11177,7075,1.5798
memplus,17758,99147,8,0.0,20,drift,0.5,200,0,False,256,8190,13941,,1.7022
memplus,17758,99147,8,0.0,20,drift,0.5,200,25,False,256,8190,13941,,1.7022
memplus,17758,99147,8,0.0,20,drift,0.5,200,50,False,256,8190,13941,,1.7022
memplus,17758,99147,8,0.0,20,drift,0.5,200,75,False,256,8190,13941,,1.7022
memplus,17758,99147,8,0.0,20,drift,0.5,200,100,False,256,8190,13941,,1.7022
memplus,17758,99147,8,0.0,20,drift,0.5,200,125,False,256,8190,13941,,1.7022
memplus,17758,99147,8,0.0,20,drift,0.5,200,150,False,256,8190,13941,,1.7022
memplus,17758,99147,8,0.0,20,drift,0.5,200,175,False,256,8190,13941,,1.7022
memplus,17758,99147,8,0.0,20,drift,0.5,200,199,True,256,8190,13941,8190,1.7022
memplus,17758,99147,8,0.0,21,drift,0.5,200,0,False,256,8145,13860,,1.7017
memplus,17758,99147,8,0.0,21,drift,0.5,200,25,False,256,8145,13860,,1.7017
memplus,17758,99147,8,0.0,21,drift,0.5,200,50,False,256,8145,13860,,1.7017
memplus,17758,99147,8,0.0,21,drift,0.5,200,75,False,256,8145,13860,,1.7017
memplus,17758,99147,8,0.0,21,drift,0.5,200,100,False,256,8145,13860,,1.7017
memplus,17758,99147,8,0.0,21,drift,0.5,200,125,False,256,8145,13860,,1.7017
memplus,17758,99147,8,0.0,21,drift,0.5,200,150,False,256,8145,13860,,1.7017
memplus,17758,99147,8,0.0,21,drift,0.5,200,175,False,256,8145,13860,,1.7017
memplus,17758,99147,8,0.0,21,drift,0.5,200,199,True,256,8145,13860,8145,1.7017
memplus,17758,99147,8,0.002,17,drift,0.5,200,0,False,256,8170,13904,,1.7018
memplus,17758,99147,8,0.002,17,drift,0.5,200,25,False,256,8266,14096,,1.7053
memplus,17758,99147,8,0.002,17,drift,0.5,200,50,False,256,8362,14288,,1.7087
memplus,17758,99147,8,0.002,17,drift,0.5,200,75,False,256,8394,14347,,1.7092
memplus,17758,99147,8,0.002,17,drift,0.5,200,100,False,256,8426,14389,,1.7077
memplus,17758,99147,8,0.002,17,drift,0.5,200,125,False,256,8426,14396,,1.7085
memplus,17758,99147,8,0.002,17,drift,0.5,200,150,False,256,8370,14319,,1.7108
memplus,17758,99147,8,0.002,17,drift,0.5,200,175,False,256,8373,14333,,1.7118
memplus,17758,99147,8,0.002,17,drift,0.5,200,199,True,256,8029,13580,8029,1.6914
memplus,17758,99147,8,0.002,18,drift,0.5,200,0,False,256,8169,13933,,1.7056
memplus,17758,99147,8,0.002,18,drift,0.5,200,25,False,256,8271,14170,,1.7132
memplus,17758,99147,8,0.002,18,drift,0.5,200,50,False,256,8335,14298,,1.7154
memplus,17758,99147,8,0.002,18,drift,0.5,200,75,False,256,8335,14276,,1.7128
memplus,17758,99147,8,0.002,18,drift,0.5,200,100,False,256,8335,14296,,1.7152
memplus,17758,99147,8,0.002,18,drift,0.5,200,125,False,256,8399,14388,,1.7131
memplus,17758,99147,8,0.002,18,drift,0.5,200,150,False,256,8165,13880,,1.6999
memplus,17758,99147,8,0.002,18,drift,0.5,200,175,False,256,8197,13906,,1.6965
memplus,17758,99147,8,0.002,18,drift,0.5,200,199,True,256,8196,13926,8196,1.6991
memplus,17758,99147,8,0.002,19,drift,0.5,200,0,False,256,7075,11177,,1.5798
memplus,17758,99147,8,0.002,19,drift,0.5,200,25,False,256,7501,12032,,1.6041
memplus,17758,99147,8,0.002,19,drift,0.5,200,50,False,256,7803,12775,,1.6372
memplus,17758,99147,8,0.002,19,drift,0.5,200,75,False,256,8034,13306,,1.6562
memplus,17758,99147,8,0.002,19,drift,0.5,200,100,False,256,8130,13522,,1.6632
memplus,17758,99147,8,0.002,19,drift,0.5,200,125,False,256,8132,13554,,1.6667
memplus,17758,99147,8,0.002,19,drift,0.5,200,150,False,256,8100,13514,,1.6684
memplus,17758,99147,8,0.002,19,drift,0.5,200,175,False,256,8226,13746,,1.671
memplus,17758,99147,8,0.002,19,drift,0.5,200,199,True,256,8202,13664,8202,1.6659
memplus,17758,99147,8,0.002,20,drift,0.5,200,0,False,256,8190,13941,,1.7022
memplus,17758,99147,8,0.002,20,drift,0.5,200,25,False,256,8318,14173,,1.7039
memplus,17758,99147,8,0.002,20,drift,0.5,200,50,False,256,8690,14717,,1.6936
memplus,17758,99147,8,0.002,20,drift,0.5,200,75,False,256,8819,14985,,1.6992
memplus,17758,99147,8,0.002,20,drift,0.5,200,100,False,256,8848,15007,,1.6961
memplus,17758,99147,8,0.002,20,drift,0.5,200,125,False,256,8813,14915,,1.6924
memplus,17758,99147,8,0.002,20,drift,0.5,200,150,False,256,8770,14867,,1.6952
memplus,17758,99147,8,0.002,20,drift,0.5,200,175,False,256,8738,14852,,1.6997
memplus,17758,99147,8,0.002,20,drift,0.5,200,199,True,256,8738,14899,8738,1.7051
memplus,17758,99147,8,0.002,21,drift,0.5,200,0,False,256,8145,13860,,1.7017
memplus,17758,99147,8,0.002,21,drift,0.5,200,25,False,256,8209,14013,,1.707
memplus,17758,99147,8,0.002,21,drift,0.5,200,50,False,256,8401,14327,,1.7054
memplus,17758,99147,8,0.002,21,drift,0.5,200,75,False,256,8718,14756,,1.6926
memplus,17758,99147,8,0.002,21,drift,0.5,200,100,False,256,8781,14858,,1.6921
memplus,17758,99147,8,0.002,21,drift,0.5,200,125,False,256,8811,14890,,1.6899
memplus,17758,99147,8,0.002,21,drift,0.5,200,150,False,256,8843,14916,,1.6868
memplus,17758,99147,8,0.002,21,drift,0.5,200,175,False,256,8843,14955,,1.6912
memplus,17758,99147,8,0.002,21,drift,0.5,200,199,True,256,8845,15051,8845,1.7016
memplus,17758,99147,8,0.01,17,drift,0.5,200,0,False,256,8170,13904,,1.7018
memplus,17758,99147,8,0.01,17,drift,0.5,200,25,False,256,8432,14430,,1.7113
memplus,17758,99147,8,0.01,17,drift,0.5,200,50,False,256,8527,14575,,1.7093
memplus,17758,99147,8,0.01,17,drift,0.5,200,75,False,256,8510,14544,,1.709
memplus,17758,99147,8,0.01,17,drift,0.5,200,100,False,256,8408,14414,,1.7143
memplus,17758,99147,8,0.01,17,drift,0.5,200,125,False,256,8636,14874,,1.7223
memplus,17758,99147,8,0.01,17,drift,0.5,200,150,False,256,8642,14895,,1.7236
memplus,17758,99147,8,0.01,17,drift,0.5,200,175,False,256,8095,13834,,1.709
memplus,17758,99147,8,0.01,17,drift,0.5,200,199,True,256,8095,13720,8095,1.6949
memplus,17758,99147,8,0.01,18,drift,0.5,200,0,False,256,8169,13933,,1.7056
memplus,17758,99147,8,0.01,18,drift,0.5,200,25,False,256,8723,14911,,1.7094
memplus,17758,99147,8,0.01,18,drift,0.5,200,50,False,256,9055,15755,,1.7399
memplus,17758,99147,8,0.01,18,drift,0.5,200,75,False,256,9018,15586,,1.7283
memplus,17758,99147,8,0.01,18,drift,0.5,200,100,False,256,8991,15550,,1.7295
memplus,17758,99147,8,0.01,18,drift,0.5,200,125,False,256,8956,15516,,1.7325
memplus,17758,99147,8,0.01,18,drift,0.5,200,150,False,256,8941,15391,,1.7214
memplus,17758,99147,8,0.01,18,drift,0.5,200,175,False,256,8631,14754,,1.7094
memplus,17758,99147,8,0.01,18,drift,0.5,200,199,True,256,8636,14628,8636,1.6938
memplus,17758,99147,8,0.01,19,drift,0.5,200,0,False,256,7075,11177,,1.5798
memplus,17758,99147,8,0.01,19,drift,0.5,200,25,False,256,7876,13131,,1.6672
memplus,17758,99147,8,0.01,19,drift,0.5,200,50,False,256,8098,13591,,1.6783
memplus,17758,99147,8,0.01,19,drift,0.5,200,75,False,256,8196,13814,,1.6855
memplus,17758,99147,8,0.01,19,drift,0.5,200,100,False,256,8386,14110,,1.6826
memplus,17758,99147,8,0.01,19,drift,0.5,200,125,False,256,8420,14213,,1.688
memplus,17758,99147,8,0.01,19,drift,0.5,200,150,False,256,8458,14316,,1.6926
memplus,17758,99147,8,0.01,19,drift,0.5,200,175,False,256,8434,14306,,1.6962
memplus,17758,99147,8,0.01,19,drift,0.5,200,199,True,256,8466,14364,8466,1.6967
memplus,17758,99147,8,0.01,20,drift,0.5,200,0,False,256,8190,13941,,1.7022
memplus,17758,99147,8,0.01,20,drift,0.5,200,25,False,256,8219,13806,,1.6798
memplus,17758,99147,8,0.01,20,drift,0.5,200,50,False,256,8395,14249,,1.6973
memplus,17758,99147,8,0.01,20,drift,0.5,200,75,False,256,8394,14372,,1.7122
memplus,17758,99147,8,0.01,20,drift,0.5,200,100,False,256,8352,14396,,1.7237
memplus,17758,99147,8,0.01,20,drift,0.5,200,125,False,256,8311,14297,,1.7203
memplus,17758,99147,8,0.01,20,drift,0.5,200,150,False,256,8634,14763,,1.7099
memplus,17758,99147,8,0.01,20,drift,0.5,200,175,False,256,8154,13725,,1.6832
memplus,17758,99147,8,0.01,20,drift,0.5,200,199,True,256,8273,14117,8273,1.7064
memplus,17758,99147,8,0.01,21,drift,0.5,200,0,False,256,8145,13860,,1.7017
memplus,17758,99147,8,0.01,21,drift,0.5,200,25,False,256,8628,14636,,1.6963
memplus,17758,99147,8,0.01,21,drift,0.5,200,50,False,256,8805,15034,,1.7074
memplus,17758,99147,8,0.01,21,drift,0.5,200,75,False,256,8769,14975,,1.7077
memplus,17758,99147,8,0.01,21,drift,0.5,200,100,False,256,8702,14831,,1.7043
memplus,17758,99147,8,0.01,21,drift,0.5,200,125,False,256,8643,14706,,1.7015
memplus,17758,99147,8,0.01,21,drift,0.5,200,150,False,256,8773,14929,,1.7017
memplus,17758,99147,8,0.01,21,drift,0.5,200,175,False,256,8676,14532,,1.675
memplus,17758,99147,8,0.01,21,drift,0.5,200,199,True,256,8420,14120,8420,1.677
memplus,17758,99147,8,0.05,17,drift,0.5,200,0,False,256,8170,13904,,1.7018
memplus,17758,99147,8,0.05,17,drift,0.5,200,25,False,256,9028,15533,,1.7205
memplus,17758,99147,8,0.05,17,drift,0.5,200,50,False,256,8834,14858,,1.6819
memplus,17758,99147,8,0.05,17,drift,0.5,200,75,False,256,8863,15038,,1.6967
memplus,17758,99147,8,0.05,17,drift,0.5,200,100,False,256,8453,14242,,1.6848
memplus,17758,99147,8,0.05,17,drift,0.5,200,125,False,256,8471,14326,,1.6912
memplus,17758,99147,8,0.05,17,drift,0.5,200,150,False,256,8633,14518,,1.6817
memplus,17758,99147,8,0.05,17,drift,0.5,200,175,False,256,8547,14373,,1.6816
memplus,17758,99147,8,0.05,17,drift,0.5,200,199,True,256,8590,14349,8590,1.6704
memplus,17758,99147,8,0.05,18,drift,0.5,200,0,False,256,8169,13933,,1.7056
memplus,17758,99147,8,0.05,18,drift,0.5,200,25,False,256,8629,14709,,1.7046
memplus,17758,99147,8,0.05,18,drift,0.5,200,50,False,256,8204,13840,,1.687
memplus,17758,99147,8,0.05,18,drift,0.5,200,75,False,256,8614,14554,,1.6896
memplus,17758,99147,8,0.05,18,drift,0.5,200,100,False,256,8490,14454,,1.7025
memplus,17758,99147,8,0.05,18,drift,0.5,200,125,False,256,8303,14098,,1.6979
memplus,17758,99147,8,0.05,18,drift,0.5,200,150,False,256,8637,14582,,1.6883
memplus,17758,99147,8,0.05,18,drift,0.5,200,175,False,256,8495,14468,,1.7031
memplus,17758,99147,8,0.05,18,drift,0.5,200,199,True,256,8288,13860,8288,1.6723
memplus,17758,99147,8,0.05,19,drift,0.5,200,0,False,256,7075,11177,,1.5798
memplus,17758,99147,8,0.05,19,drift,0.5,200,25,False,256,8308,14114,,1.6988
memplus,17758,99147,8,0.05,19,drift,0.5,200,50,False,256,8508,14462,,1.6998
memplus,17758,99147,8,0.05,19,drift,0.5,200,75,False,256,8710,14678,,1.6852
memplus,17758,99147,8,0.05,19,drift,0.5,200,100,False,256,8474,14223,,1.6784
memplus,17758,99147,8,0.05,19,drift,0.5,200,125,False,256,8404,14200,,1.6897
memplus,17758,99147,8,0.05,19,drift,0.5,200,150,False,256,8643,14536,,1.6818
memplus,17758,99147,8,0.05,19,drift,0.5,200,175,False,256,8540,14311,,1.6758
memplus,17758,99147,8,0.05,19,drift,0.5,200,199,True,256,8331,13831,8331,1.6602
memplus,17758,99147,8,0.05,20,drift,0.5,200,0,False,256,8190,13941,,1.7022
memplus,17758,99147,8,0.05,20,drift,0.5,200,25,False,256,8441,14507,,1.7186
memplus,17758,99147,8,0.05,20,drift,0.5,200,50,False,256,8320,14091,,1.6936
memplus,17758,99147,8,0.05,20,drift,0.5,200,75,False,256,8430,14288,,1.6949
memplus,17758,99147,8,0.05,20,drift,0.5,200,100,False,256,8568,14462,,1.6879
memplus,17758,99147,8,0.05,20,drift,0.5,200,125,False,256,8484,14262,,1.681
memplus,17758,99147,8,0.05,20,drift,0.5,200,150,False,256,8710,14656,,1.6827
memplus,17758,99147,8,0.05,20,drift,0.5,200,175,False,256,8515,14400,,1.6911
memplus,17758,99147,8,0.05,20,drift,0.5,200,199,True,256,8183,13706,8183,1.6749
memplus,17758,99147,8,0.05,21,drift,0.5,200,0,False,256,8145,13860,,1.7017
memplus,17758,99147,8,0.05,21,drift,0.5,200,25,False,256,8598,14637,,1.7024
memplus,17758,99147,8,0.05,21,drift,0.5,200,50,False,256,8654,14535,,1.6796
memplus,17758,99147,8,0.05,21,drift,0.5,200,75,False,256,8772,14838,,1.6915
memplus,17758,99147,8,0.05,21,drift,0.5,200,100,False,256,8609,14599,,1.6958
memplus,17758,99147,8,0.05,21,drift,0.5,200,125,False,256,8756,14637,,1.6717
memplus,17758,99147,8,0.05,21,drift,0.5,200,150,False,256,8747,14612,,1.6705
memplus,17758,99147,8,0.05,21,drift,0.5,200,175,False,256,8633,14436,,1.6722
memplus,17758,99147,8,0.05,21,drift,0.5,200,199,True,256,8678,14656,8678,1.6889
memplus,17758,99147,8,0.25,17,drift,0.5,200,0,False,256,8170,13904,,1.7018
memplus,17758,99147,8,0.25,17,drift,0.5,200,25,False,256,8649,14435,,1.669
memplus,17758,99147,8,0.25,17,drift,0.5,200,50,False,256,8586,14033,,1.6344
memplus,17758,99147,8,0.25,17,drift,0.5,200,75,False,256,9058,15134,,1.6708
memplus,17758,99147,8,0.25,17,drift,0.5,200,100,False,256,8794,14753,,1.6776
memplus,17758,99147,8,0.25,17,drift,0.5,200,125,False,256,9026,15142,,1.6776
memplus,17758,99147,8,0.25,17,drift,0.5,200,150,False,256,8334,13321,,1.5984
memplus,17758,99147,8,0.25,17,drift,0.5,200,175,False,256,9444,15917,,1.6854
memplus,17758,99147,8,0.25,17,drift,0.5,200,199,True,256,9958,16205,9958,1.6273
memplus,17758,99147,8,0.25,18,drift,0.5,200,0,False,256,8169,13933,,1.7056
memplus,17758,99147,8,0.25,18,drift,0.5,200,25,False,256,8051,12252,,1.5218
memplus,17758,99147,8,0.25,18,drift,0.5,200,50,False,256,9450,15616,,1.6525
memplus,17758,99147,8,0.25,18,drift,0.5,200,75,False,256,9036,15040,,1.6645
memplus,17758,99147,8,0.25,18,drift,0.5,200,100,False,256,8547,14010,,1.6392
memplus,17758,99147,8,0.25,18,drift,0.5,200,125,False,256,7810,12894,,1.651
memplus,17758,99147,8,0.25,18,drift,0.5,200,150,False,256,8839,14923,,1.6883
memplus,17758,99147,8,0.25,18,drift,0.5,200,175,False,256,9018,16635,,1.8446
memplus,17758,99147,8,0.25,18,drift,0.5,200,199,True,256,8825,15767,8825,1.7866
memplus,17758,99147,8,0.25,19,drift,0.5,200,0,False,256,7075,11177,,1.5798
memplus,17758,99147,8,0.25,19,drift,0.5,200,25,False,256,8950,14934,,1.6686
memplus,17758,99147,8,0.25,19,drift,0.5,200,50,False,256,9464,15741,,1.6633
memplus,17758,99147,8,0.25,19,drift,0.5,200,75,False,256,9170,15203,,1.6579
memplus,17758,99147,8,0.25,19,drift,0.5,200,100,False,256,8912,14941,,1.6765
memplus,17758,99147,8,0.25,19,drift,0.5,200,125,False,256,8424,13257,,1.5737
memplus,17758,99147,8,0.25,19,drift,0.5,200,150,False,256,9084,15213,,1.6747
memplus,17758,99147,8,0.25,19,drift,0.5,200,175,False,256,8602,14229,,1.6542
memplus,17758,99147,8,0.25,19,drift,0.5,200,199,True,256,9396,15567,9396,1.6568
memplus,17758,99147,8,0.25,20,drift,0.5,200,0,False,256,8190,13941,,1.7022
memplus,17758,99147,8,0.25,20,drift,0.5,200,25,False,256,8760,14633,,1.6704
memplus,17758,99147,8,0.25,20,drift,0.5,200,50,False,256,8978,14729,,1.6406
memplus,17758,99147,8,0.25,20,drift,0.5,200,75,False,256,9474,15488,,1.6348
memplus,17758,99147,8,0.25,20,drift,0.5,200,100,False,256,9232,15120,,1.6378
memplus,17758,99147,8,0.25,20,drift,0.5,200,125,False,256,8812,13800,,1.566
memplus,17758,99147,8,0.25,20,drift,0.5,200,150,False,256,8761,14524,,1.6578
memplus,17758,99147,8,0.25,20,drift,0.5,200,175,False,256,9010,14771,,1.6394
memplus,17758,99147,8,0.25,20,drift,0.5,200,199,True,256,8876,14882,8876,1.6767
memplus,17758,99147,8,0.25,21,drift,0.5,200,0,False,256,8145,13860,,1.7017
memplus,17758,99147,8,0.25,21,drift,0.5,200,25,False,256,9113,15406,,1.6906
memplus,17758,99147,8,0.25,21,drift,0.5,200,50,False,256,9163,15349,,1.6751
memplus,17758,99147,8,0.25,21,drift,0.5,200,75,False,256,9285,15224,,1.6396
memplus,17758,99147,8,0.25,21,drift,0.5,200,100,False,256,8960,14830,,1.6551
memplus,17758,99147,8,0.25,21,drift,0.5,200,125,False,256,8824,13906,,1.5759
memplus,17758,99147,8,0.25,21,drift,0.5,200,150,False,256,9089,16696,,1.8369
memplus,17758,99147,8,0.25,21,drift,0.5,200,175,False,256,8991,15272,,1.6986
memplus,17758,99147,8,0.25,21,drift,0.5,200,199,True,256,8925,14921,8925,1.6718
memplus,17758,99147,8,0.0,17,jump,0.5,200,0,False,256,8170,13904,,1.7018
memplus,17758,99147,8,0.0,17,jump,0.5,200,25,False,256,8170,13904,,1.7018
memplus,17758,99147,8,0.0,17,jump,0.5,200,50,False,256,8170,13904,,1.7018
memplus,17758,99147,8,0.0,17,jump,0.5,200,75,False,256,8170,13904,,1.7018
memplus,17758,99147,8,0.0,17,jump,0.5,200,100,False,256,8170,13904,,1.7018
memplus,17758,99147,8,0.0,17,jump,0.5,200,125,False,256,8170,13904,,1.7018
memplus,17758,99147,8,0.0,17,jump,0.5,200,150,False,256,8170,13904,,1.7018
memplus,17758,99147,8,0.0,17,jump,0.5,200,175,False,256,8170,13904,,1.7018
memplus,17758,99147,8,0.0,17,jump,0.5,200,199,True,256,8170,13904,8170,1.7018
memplus,17758,99147,8,0.0,18,jump,0.5,200,0,False,256,8169,13933,,1.7056
memplus,17758,99147,8,0.0,18,jump,0.5,200,25,False,256,8169,13933,,1.7056
memplus,17758,99147,8,0.0,18,jump,0.5,200,50,False,256,8169,13933,,1.7056
memplus,17758,99147,8,0.0,18,jump,0.5,200,75,False,256,8169,13933,,1.7056
memplus,17758,99147,8,0.0,18,jump,0.5,200,100,False,256,8169,13933,,1.7056
memplus,17758,99147,8,0.0,18,jump,0.5,200,125,False,256,8169,13933,,1.7056
memplus,17758,99147,8,0.0,18,jump,0.5,200,150,False,256,8169,13933,,1.7056
memplus,17758,99147,8,0.0,18,jump,0.5,200,175,False,256,8169,13933,,1.7056
memplus,17758,99147,8,0.0,18,jump,0.5,200,199,True,256,8169,13933,8169,1.7056
memplus,17758,99147,8,0.0,19,jump,0.5,200,0,False,256,7075,11177,,1.5798
memplus,17758,99147,8,0.0,19,jump,0.5,200,25,False,256,7075,11177,,1.5798
memplus,17758,99147,8,0.0,19,jump,0.5,200,50,False,256,7075,11177,,1.5798
memplus,17758,99147,8,0.0,19,jump,0.5,200,75,False,256,7075,11177,,1.5798
memplus,17758,99147,8,0.0,19,jump,0.5,200,100,False,256,7075,11177,,1.5798
memplus,17758,99147,8,0.0,19,jump,0.5,200,125,False,256,7075,11177,,1.5798
memplus,17758,99147,8,0.0,19,jump,0.5,200,150,False,256,7075,11177,,1.5798
memplus,17758,99147,8,0.0,19,jump,0.5,200,175,False,256,7075,11177,,1.5798
memplus,17758,99147,8,0.0,19,jump,0.5,200,199,True,256,7075,11177,7075,1.5798
memplus,17758,99147,8,0.0,20,jump,0.5,200,0,False,256,8190,13941,,1.7022
memplus,17758,99147,8,0.0,20,jump,0.5,200,25,False,256,8190,13941,,1.7022
memplus,17758,99147,8,0.0,20,jump,0.5,200,50,False,256,8190,13941,,1.7022
memplus,17758,99147,8,0.0,20,jump,0.5,200,75,False,256,8190,13941,,1.7022
memplus,17758,99147,8,0.0,20,jump,0.5,200,100,False,256,8190,13941,,1.7022
memplus,17758,99147,8,0.0,20,jump,0.5,200,125,False,256,8190,13941,,1.7022
memplus,17758,99147,8,0.0,20,jump,0.5,200,150,False,256,8190,13941,,1.7022
memplus,17758,99147,8,0.0,20,jump,0.5,200,175,False,256,8190,13941,,1.7022
memplus,17758,99147,8,0.0,20,jump,0.5,200,199,True,256,8190,13941,8190,1.7022
memplus,17758,99147,8,0.0,21,jump,0.5,200,0,False,256,8145,13860,,1.7017
memplus,17758,99147,8,0.0,21,jump,0.5,200,25,False,256,8145,13860,,1.7017
memplus,17758,99147,8,0.0,21,jump,0.5,200,50,False,256,8145,13860,,1.7017
memplus,17758,99147,8,0.0,21,jump,0.5,200,75,False,256,8145,13860,,1.7017
memplus,17758,99147,8,0.0,21,jump,0.5,200,100,False,256,8145,13860,,1.7017
memplus,17758,99147,8,0.0,21,jump,0.5,200,125,False,256,8145,13860,,1.7017
memplus,17758,99147,8,0.0,21,jump,0.5,200,150,False,256,8145,13860,,1.7017
memplus,17758,99147,8,0.0,21,jump,0.5,200,175,False,256,8145,13860,,1.7017
memplus,17758,99147,8,0.0,21,jump,0.5,200,199,True,256,8145,13860,8145,1.7017
memplus,17758,99147,8,0.002,17,jump,0.5,200,0,False,256,8170,13904,,1.7018
memplus,17758,99147,8,0.002,17,jump,0.5,200,25,False,256,8380,14351,,1.7125
memplus,17758,99147,8,0.002,17,jump,0.5,200,50,False,256,8446,14399,,1.7048
memplus,17758,99147,8,0.002,17,jump,0.5,200,75,False,256,8543,14470,,1.6938
memplus,17758,99147,8,0.002,17,jump,0.5,200,100,False,256,8689,14720,,1.6941
memplus,17758,99147,8,0.002,17,jump,0.5,200,125,False,256,8660,14548,,1.6799
memplus,17758,99147,8,0.002,17,jump,0.5,200,150,False,256,8550,14359,,1.6794
memplus,17758,99147,8,0.002,17,jump,0.5,200,175,False,256,8632,14429,,1.6716
memplus,17758,99147,8,0.002,17,jump,0.5,200,199,True,256,8785,14653,8785,1.668
memplus,17758,99147,8,0.002,18,jump,0.5,200,0,False,256,8169,13933,,1.7056
memplus,17758,99147,8,0.002,18,jump,0.5,200,25,False,256,8458,14490,,1.7132
memplus,17758,99147,8,0.002,18,jump,0.5,200,50,False,256,8639,14827,,1.7163
memplus,17758,99147,8,0.002,18,jump,0.5,200,75,False,256,8485,14420,,1.6995
memplus,17758,99147,8,0.002,18,jump,0.5,200,100,False,256,8344,13898,,1.6656
memplus,17758,99147,8,0.002,18,jump,0.5,200,125,False,256,8507,14170,,1.6657
memplus,17758,99147,8,0.002,18,jump,0.5,200,150,False,256,8531,14132,,1.6565
memplus,17758,99147,8,0.002,18,jump,0.5,200,175,False,256,8429,13741,,1.6302
memplus,17758,99147,8,0.002,18,jump,0.5,200,199,True,256,8395,13303,8395,1.5846
memplus,17758,99147,8,0.002,19,jump,0.5,200,0,False,256,7075,11177,,1.5798
memplus,17758,99147,8,0.002,19,jump,0.5,200,25,False,256,7309,11713,,1.6025
memplus,17758,99147,8,0.002,19,jump,0.5,200,50,False,256,6947,10751,,1.5476
memplus,17758,99147,8,0.002,19,jump,0.5,200,75,False,256,7056,10914,,1.5468
memplus,17758,99147,8,0.002,19,jump,0.5,200,100,False,256,7162,11211,,1.5653
memplus,17758,99147,8,0.002,19,jump,0.5,200,125,False,256,7088,11046,,1.5584
memplus,17758,99147,8,0.002,19,jump,0.5,200,150,False,256,7065,10972,,1.553
memplus,17758,99147,8,0.002,19,jump,0.5,200,175,False,256,7241,11193,,1.5458
memplus,17758,99147,8,0.002,19,jump,0.5,200,199,True,256,7407,11495,7407,1.5519
memplus,17758,99147,8,0.002,20,jump,0.5,200,0,False,256,8190,13941,,1.7022
memplus,17758,99147,8,0.002,20,jump,0.5,200,25,False,256,8354,14312,,1.7132
memplus,17758,99147,8,0.002,20,jump,0.5,200,50,False,256,8412,14219,,1.6903
memplus,17758,99147,8,0.002,20,jump,0.5,200,75,False,256,8479,14263,,1.6822
memplus,17758,99147,8,0.002,20,jump,0.5,200,100,False,256,8233,13511,,1.6411
memplus,17758,99147,8,0.002,20,jump,0.5,200,125,False,256,8428,13868,,1.6455
memplus,17758,99147,8,0.002,20,jump,0.5,200,150,False,256,8495,13818,,1.6266
memplus,17758,99147,8,0.002,20,jump,0.5,200,175,False,256,8706,14313,,1.644
memplus,17758,99147,8,0.002,20,jump,0.5,200,199,True,256,8749,14225,8749,1.6259
memplus,17758,99147,8,0.002,21,jump,0.5,200,0,False,256,8145,13860,,1.7017
memplus,17758,99147,8,0.002,21,jump,0.5,200,25,False,256,8323,14098,,1.6939
memplus,17758,99147,8,0.002,21,jump,0.5,200,50,False,256,8543,14420,,1.6879
memplus,17758,99147,8,0.002,21,jump,0.5,200,75,False,256,8457,14068,,1.6635
memplus,17758,99147,8,0.002,21,jump,0.5,200,100,False,256,8515,14052,,1.6503
memplus,17758,99147,8,0.002,21,jump,0.5,200,125,False,256,8706,14592,,1.6761
memplus,17758,99147,8,0.002,21,jump,0.5,200,150,False,256,8575,14121,,1.6468
memplus,17758,99147,8,0.002,21,jump,0.5,200,175,False,256,8622,14063,,1.6311
memplus,17758,99147,8,0.002,21,jump,0.5,200,199,True,256,8659,14111,8659,1.6296
memplus,17758,99147,8,0.01,17,jump,0.5,200,0,False,256,8170,13904,,1.7018
memplus,17758,99147,8,0.01,17,jump,0.5,200,25,False,256,8399,14082,,1.6766
memplus,17758,99147,8,0.01,17,jump,0.5,200,50,False,256,8744,14581,,1.6675
memplus,17758,99147,8,0.01,17,jump,0.5,200,75,False,256,8626,14240,,1.6508
memplus,17758,99147,8,0.01,17,jump,0.5,200,100,False,256,8548,13566,,1.587
memplus,17758,99147,8,0.01,17,jump,0.5,200,125,False,256,8365,12956,,1.5488
memplus,17758,99147,8,0.01,17,jump,0.5,200,150,False,256,7833,11775,,1.5033
memplus,17758,99147,8,0.01,17,jump,0.5,200,175,False,256,7414,11103,,1.4976
memplus,17758,99147,8,0.01,17,jump,0.5,200,199,True,256,6511,8984,6511,1.3798
memplus,17758,99147,8,0.01,18,jump,0.5,200,0,False,256,8169,13933,,1.7056
memplus,17758,99147,8,0.01,18,jump,0.5,200,25,False,256,8459,14117,,1.6689
memplus,17758,99147,8,0.01,18,jump,0.5,200,50,False,256,8369,13697,,1.6366
memplus,17758,99147,8,0.01,18,jump,0.5,200,75,False,256,8646,13802,,1.5963
memplus,17758,99147,8,0.01,18,jump,0.5,200,100,False,256,8323,13046,,1.5675
memplus,17758,99147,8,0.01,18,jump,0.5,200,125,False,256,7569,11204,,1.4802
memplus,17758,99147,8,0.01,18,jump,0.5,200,150,False,256,7251,10475,,1.4446
memplus,17758,99147,8,0.01,18,jump,0.5,200,175,False,256,6941,9797,,1.4115
memplus,17758,99147,8,0.01,18,jump,0.5,200,199,True,256,6085,8133,6085,1.3366
memplus,17758,99147,8,0.01,19,jump,0.5,200,0,False,256,7075,11177,,1.5798
memplus,17758,99147,8,0.01,19,jump,0.5,200,25,False,256,7633,12411,,1.626
memplus,17758,99147,8,0.01,19,jump,0.5,200,50,False,256,8047,13046,,1.6212
memplus,17758,99147,8,0.01,19,jump,0.5,200,75,False,256,8148,12758,,1.5658
memplus,17758,99147,8,0.01,19,jump,0.5,200,100,False,256,8370,13141,,1.57
memplus,17758,99147,8,0.01,19,jump,0.5,200,125,False,256,7508,11249,,1.4983
memplus,17758,99147,8,0.01,19,jump,0.5,200,150,False,256,7214,10777,,1.4939
memplus,17758,99147,8,0.01,19,jump,0.5,200,175,False,256,6787,9976,,1.4699
memplus,17758,99147,8,0.01,19,jump,0.5,200,199,True,256,6870,9878,6870,1.4378
memplus,17758,99147,8,0.01,20,jump,0.5,200,0,False,256,8190,13941,,1.7022
memplus,17758,99147,8,0.01,20,jump,0.5,200,25,False,256,8256,13863,,1.6791
memplus,17758,99147,8,0.01,20,jump,0.5,200,50,False,256,8493,13979,,1.6459
memplus,17758,99147,8,0.01,20,jump,0.5,200,75,False,256,8515,13777,,1.618
memplus,17758,99147,8,0.01,20,jump,0.5,200,100,False,256,7859,12075,,1.5365
memplus,17758,99147,8,0.01,20,jump,0.5,200,125,False,256,7970,12135,,1.5226
memplus,17758,99147,8,0.01,20,jump,0.5,200,150,False,256,7844,11825,,1.5075
memplus,17758,99147,8,0.01,20,jump,0.5,200,175,False,256,7432,10636,,1.4311
memplus,17758,99147,8,0.01,20,jump,0.5,200,199,True,256,7143,10004,7143,1.4005
memplus,17758,99147,8,0.01,21,jump,0.5,200,0,False,256,8145,13860,,1.7017
memplus,17758,99147,8,0.01,21,jump,0.5,200,25,False,256,8727,14592,,1.6721
memplus,17758,99147,8,0.01,21,jump,0.5,200,50,False,256,8816,14396,,1.6329
memplus,17758,99147,8,0.01,21,jump,0.5,200,75,False,256,8811,13984,,1.5871
memplus,17758,99147,8,0.01,21,jump,0.5,200,100,False,256,8658,13982,,1.6149
memplus,17758,99147,8,0.01,21,jump,0.5,200,125,False,256,8187,12774,,1.5603
memplus,17758,99147,8,0.01,21,jump,0.5,200,150,False,256,8169,12315,,1.5075
memplus,17758,99147,8,0.01,21,jump,0.5,200,175,False,256,7268,10588,,1.4568
memplus,17758,99147,8,0.01,21,jump,0.5,200,199,True,256,6191,8547,6191,1.3806
memplus,17758,99147,8,0.05,17,jump,0.5,200,0,False,256,8170,13904,,1.7018
memplus,17758,99147,8,0.05,17,jump,0.5,200,25,False,256,8284,12514,,1.5106
memplus,17758,99147,8,0.05,17,jump,0.5,200,50,False,256,6549,9029,,1.3787
memplus,17758,99147,8,0.05,17,jump,0.5,200,75,False,256,4965,6337,,1.2763
memplus,17758,99147,8,0.05,17,jump,0.5,200,100,False,256,4892,6362,,1.3005
memplus,17758,99147,8,0.05,17,jump,0.5,200,125,False,256,5484,6925,,1.2628
memplus,17758,99147,8,0.05,17,jump,0.5,200,150,False,256,5167,6671,,1.2911
memplus,17758,99147,8,0.05,17,jump,0.5,200,175,False,256,4257,5367,,1.2607
memplus,17758,99147,8,0.05,17,jump,0.5,200,199,True,256,5296,6988,5296,1.3195
memplus,17758,99147,8,0.05,18,jump,0.5,200,0,False,256,8169,13933,,1.7056
memplus,17758,99147,8,0.05,18,jump,0.5,200,25,False,256,7752,11569,,1.4924
memplus,17758,99147,8,0.05,18,jump,0.5,200,50,False,256,5704,7697,,1.3494
memplus,17758,99147,8,0.05,18,jump,0.5,200,75,False,256,6152,8218,,1.3358
memplus,17758,99147,8,0.05,18,jump,0.5,200,100,False,256,5694,7131,,1.2524
memplus,17758,99147,8,0.05,18,jump,0.5,200,125,False,256,4561,5557,,1.2184
memplus,17758,99147,8,0.05,18,jump,0.5,200,150,False,256,4092,4896,,1.1965
memplus,17758,99147,8,0.05,18,jump,0.5,200,175,False,256,5314,6858,,1.2906
memplus,17758,99147,8,0.05,18,jump,0.5,200,199,True,256,5138,6518,5138,1.2686
memplus,17758,99147,8,0.05,19,jump,0.5,200,0,False,256,7075,11177,,1.5798
memplus,17758,99147,8,0.05,19,jump,0.5,200,25,False,256,7885,11942,,1.5145
memplus,17758,99147,8,0.05,19,jump,0.5,200,50,False,256,6403,8736,,1.3644
memplus,17758,99147,8,0.05,19,jump,0.5,200,75,False,256,6213,8352,,1.3443
memplus,17758,99147,8,0.05,19,jump,0.5,200,100,False,256,5221,6871,,1.316
memplus,17758,99147,8,0.05,19,jump,0.5,200,125,False,256,4815,6064,,1.2594
memplus,17758,99147,8,0.05,19,jump,0.5,200,150,False,256,4990,6516,,1.3058
memplus,17758,99147,8,0.05,19,jump,0.5,200,175,False,256,4643,5946,,1.2806
memplus,17758,99147,8,0.05,19,jump,0.5,200,199,True,256,4546,5818,4546,1.2798
memplus,17758,99147,8,0.05,20,jump,0.5,200,0,False,256,8190,13941,,1.7022
memplus,17758,99147,8,0.05,20,jump,0.5,200,25,False,256,8211,12332,,1.5019
memplus,17758,99147,8,0.05,20,jump,0.5,200,50,False,256,6198,8382,,1.3524
memplus,17758,99147,8,0.05,20,jump,0.5,200,75,False,256,5047,6392,,1.2665
memplus,17758,99147,8,0.05,20,jump,0.5,200,100,False,256,5441,7065,,1.2985
memplus,17758,99147,8,0.05,20,jump,0.5,200,125,False,256,5553,7525,,1.3551
memplus,17758,99147,8,0.05,20,jump,0.5,200,150,False,256,6057,8389,,1.385
memplus,17758,99147,8,0.05,20,jump,0.5,200,175,False,256,5056,6654,,1.3161
memplus,17758,99147,8,0.05,20,jump,0.5,200,199,True,256,4854,6326,4854,1.3033
memplus,17758,99147,8,0.05,21,jump,0.5,200,0,False,256,8145,13860,,1.7017
memplus,17758,99147,8,0.05,21,jump,0.5,200,25,False,256,8324,12552,,1.5079
memplus,17758,99147,8,0.05,21,jump,0.5,200,50,False,256,7326,10287,,1.4042
memplus,17758,99147,8,0.05,21,jump,0.5,200,75,False,256,5724,7450,,1.3015
memplus,17758,99147,8,0.05,21,jump,0.5,200,100,False,256,4885,6120,,1.2528
memplus,17758,99147,8,0.05,21,jump,0.5,200,125,False,256,4821,6120,,1.2694
memplus,17758,99147,8,0.05,21,jump,0.5,200,150,False,256,4996,6511,,1.3032
memplus,17758,99147,8,0.05,21,jump,0.5,200,175,False,256,4994,6468,,1.2952
memplus,17758,99147,8,0.05,21,jump,0.5,200,199,True,256,4922,6324,4922,1.2848
memplus,17758,99147,8,0.25,17,jump,0.5,200,0,False,256,8170,13904,,1.7018
memplus,17758,99147,8,0.25,17,jump,0.5,200,25,False,256,4778,5973,,1.2501
memplus,17758,99147,8,0.25,17,jump,0.5,200,50,False,256,5001,6449,,1.2895
memplus,17758,99147,8,0.25,17,jump,0.5,200,75,False,256,5111,6358,,1.244
memplus,17758,99147,8,0.25,17,jump,0.5,200,100,False,256,4989,6511,,1.3051
memplus,17758,99147,8,0.25,17,jump,0.5,200,125,False,256,5371,7343,,1.3672
memplus,17758,99147,8,0.25,17,jump,0.5,200,150,False,256,4945,6479,,1.3102
memplus,17758,99147,8,0.25,17,jump,0.5,200,175,False,256,5959,8038,,1.3489
memplus,17758,99147,8,0.25,17,jump,0.5,200,199,True,256,5503,7132,5503,1.296
memplus,17758,99147,8,0.25,18,jump,0.5,200,0,False,256,8169,13933,,1.7056
memplus,17758,99147,8,0.25,18,jump,0.5,200,25,False,256,4962,6213,,1.2521
memplus,17758,99147,8,0.25,18,jump,0.5,200,50,False,256,5383,7158,,1.3297
memplus,17758,99147,8,0.25,18,jump,0.5,200,75,False,256,4838,5944,,1.2286
memplus,17758,99147,8,0.25,18,jump,0.5,200,100,False,256,5327,7169,,1.3458
memplus,17758,99147,8,0.25,18,jump,0.5,200,125,False,256,4727,5917,,1.2517
memplus,17758,99147,8,0.25,18,jump,0.5,200,150,False,256,5050,6661,,1.319
memplus,17758,99147,8,0.25,18,jump,0.5,200,175,False,256,6073,8157,,1.3432
memplus,17758,99147,8,0.25,18,jump,0.5,200,199,True,256,4582,5942,4582,1.2968
memplus,17758,99147,8,0.25,19,jump,0.5,200,0,False,256,7075,11177,,1.5798
memplus,17758,99147,8,0.25,19,jump,0.5,200,25,False,256,4936,6151,,1.2462
memplus,17758,99147,8,0.25,19,jump,0.5,200,50,False,256,6093,8101,,1.3296
memplus,17758,99147,8,0.25,19,jump,0.5,200,75,False,256,5457,7215,,1.3222
memplus,17758,99147,8,0.25,19,jump,0.5,200,100,False,256,4486,5830,,1.2996
memplus,17758,99147,8,0.25,19,jump,0.5,200,125,False,256,5816,7857,,1.3509
memplus,17758,99147,8,0.25,19,jump,0.5,200,150,False,256,5406,7356,,1.3607
memplus,17758,99147,8,0.25,19,jump,0.5,200,175,False,256,6036,8288,,1.3731
memplus,17758,99147,8,0.25,19,jump,0.5,200,199,True,256,5740,7980,5740,1.3902
memplus,17758,99147,8,0.25,20,jump,0.5,200,0,False,256,8190,13941,,1.7022
memplus,17758,99147,8,0.25,20,jump,0.5,200,25,False,256,4983,6326,,1.2695
memplus,17758,99147,8,0.25,20,jump,0.5,200,50,False,256,4556,5861,,1.2864
memplus,17758,99147,8,0.25,20,jump,0.5,200,75,False,256,4336,5418,,1.2495
memplus,17758,99147,8,0.25,20,jump,0.5,200,100,False,256,5496,7320,,1.3319
memplus,17758,99147,8,0.25,20,jump,0.5,200,125,False,256,4397,5680,,1.2918
memplus,17758,99147,8,0.25,20,jump,0.5,200,150,False,256,4736,6067,,1.281
memplus,17758,99147,8,0.25,20,jump,0.5,200,175,False,256,5083,6532,,1.2851
memplus,17758,99147,8,0.25,20,jump,0.5,200,199,True,256,5052,6487,5052,1.284
memplus,17758,99147,8,0.25,21,jump,0.5,200,0,False,256,8145,13860,,1.7017
memplus,17758,99147,8,0.25,21,jump,0.5,200,25,False,256,5316,6783,,1.276
memplus,17758,99147,8,0.25,21,jump,0.5,200,50,False,256,4892,6118,,1.2506
memplus,17758,99147,8,0.25,21,jump,0.5,200,75,False,256,4403,5624,,1.2773
memplus,17758,99147,8,0.25,21,jump,0.5,200,100,False,256,4997,6404,,1.2816
memplus,17758,99147,8,0.25,21,jump,0.5,200,125,False,256,5034,6870,,1.3647
memplus,17758,99147,8,0.25,21,jump,0.5,200,150,False,256,4574,5851,,1.2792
memplus,17758,99147,8,0.25,21,jump,0.5,200,175,False,256,5191,6686,,1.288
memplus,17758,99147,8,0.25,21,jump,0.5,200,199,True,256,4441,5520,4441,1.243
add32,4960,19848,8,0.0,17,drift,0.5,200,0,False,256,595,1185,,1.9916
add32,4960,19848,8,0.0,17,drift,0.5,200,25,False,256,595,1185,,1.9916
add32,4960,19848,8,0.0,17,drift,0.5,200,50,False,256,595,1185,,1.9916
add32,4960,19848,8,0.0,17,drift,0.5,200,75,False,256,595,1185,,1.9916
add32,4960,19848,8,0.0,17,drift,0.5,200,100,False,256,595,1185,,1.9916
add32,4960,19848,8,0.0,17,drift,0.5,200,125,False,256,595,1185,,1.9916
add32,4960,19848,8,0.0,17,drift,0.5,200,150,False,256,595,1185,,1.9916
add32,4960,19848,8,0.0,17,drift,0.5,200,175,False,256,595,1185,,1.9916
add32,4960,19848,8,0.0,17,drift,0.5,200,199,True,256,595,1185,595,1.9916
add32,4960,19848,8,0.0,18,drift,0.5,200,0,False,256,531,1114,,2.0979
add32,4960,19848,8,0.0,18,drift,0.5,200,25,False,256,531,1114,,2.0979
add32,4960,19848,8,0.0,18,drift,0.5,200,50,False,256,531,1114,,2.0979
add32,4960,19848,8,0.0,18,drift,0.5,200,75,False,256,531,1114,,2.0979
add32,4960,19848,8,0.0,18,drift,0.5,200,100,False,256,531,1114,,2.0979
add32,4960,19848,8,0.0,18,drift,0.5,200,125,False,256,531,1114,,2.0979
add32,4960,19848,8,0.0,18,drift,0.5,200,150,False,256,531,1114,,2.0979
add32,4960,19848,8,0.0,18,drift,0.5,200,175,False,256,531,1114,,2.0979
add32,4960,19848,8,0.0,18,drift,0.5,200,199,True,256,531,1114,531,2.0979
add32,4960,19848,8,0.0,19,drift,0.5,200,0,False,256,390,864,,2.2154
add32,4960,19848,8,0.0,19,drift,0.5,200,25,False,256,390,864,,2.2154
add32,4960,19848,8,0.0,19,drift,0.5,200,50,False,256,390,864,,2.2154
add32,4960,19848,8,0.0,19,drift,0.5,200,75,False,256,390,864,,2.2154
add32,4960,19848,8,0.0,19,drift,0.5,200,100,False,256,390,864,,2.2154
add32,4960,19848,8,0.0,19,drift,0.5,200,125,False,256,390,864,,2.2154
add32,4960,19848,8,0.0,19,drift,0.5,200,150,False,256,390,864,,2.2154
add32,4960,19848,8,0.0,19,drift,0.5,200,175,False,256,390,864,,2.2154
add32,4960,19848,8,0.0,19,drift,0.5,200,199,True,256,390,864,390,2.2154
add32,4960,19848,8,0.0,20,drift,0.5,200,0,False,256,516,1020,,1.9767
add32,4960,19848,8,0.0,20,drift,0.5,200,25,False,256,516,1020,,1.9767
add32,4960,19848,8,0.0,20,drift,0.5,200,50,False,256,516,1020,,1.9767
add32,4960,19848,8,0.0,20,drift,0.5,200,75,False,256,516,1020,,1.9767
add32,4960,19848,8,0.0,20,drift,0.5,200,100,False,256,516,1020,,1.9767
add32,4960,19848,8,0.0,20,drift,0.5,200,125,False,256,516,1020,,1.9767
add32,4960,19848,8,0.0,20,drift,0.5,200,150,False,256,516,1020,,1.9767
add32,4960,19848,8,0.0,20,drift,0.5,200,175,False,256,516,1020,,1.9767
add32,4960,19848,8,0.0,20,drift,0.5,200,199,True,256,516,1020,516,1.9767
add32,4960,19848,8,0.0,21,drift,0.5,200,0,False,256,447,975,,2.1812
add32,4960,19848,8,0.0,21,drift,0.5,200,25,False,256,447,975,,2.1812
add32,4960,19848,8,0.0,21,drift,0.5,200,50,False,256,447,975,,2.1812
add32,4960,19848,8,0.0,21,drift,0.5,200,75,False,256,447,975,,2.1812
add32,4960,19848,8,0.0,21,drift,0.5,200,100,False,256,447,975,,2.1812
add32,4960,19848,8,0.0,21,drift,0.5,200,125,False,256,447,975,,2.1812
add32,4960,19848,8,0.0,21,drift,0.5,200,150,False,256,447,975,,2.1812
add32,4960,19848,8,0.0,21,drift,0.5,200,175,False,256,447,975,,2.1812
add32,4960,19848,8,0.0,21,drift,0.5,200,199,True,256,447,975,447,2.1812
add32,4960,19848,8,0.002,17,drift,0.5,200,0,False,256,595,1185,,1.9916
add32,4960,19848,8,0.002,17,drift,0.5,200,25,False,256,595,1185,,1.9916
add32,4960,19848,8,0.002,17,drift,0.5,200,50,False,256,595,1185,,1.9916
add32,4960,19848,8,0.002,17,drift,0.5,200,75,False,256,595,1200,,2.0168
add32,4960,19848,8,0.002,17,drift,0.5,200,100,False,256,596,1215,,2.0386
add32,4960,19848,8,0.002,17,drift,0.5,200,125,False,256,596,1228,,2.0604
add32,4960,19848,8,0.002,17,drift,0.5,200,150,False,256,596,1228,,2.0604
add32,4960,19848,8,0.002,17,drift,0.5,200,175,False,256,596,1228,,2.0604
add32,4960,19848,8,0.002,17,drift,0.5,200,199,True,256,596,1241,596,2.0822
add32,4960,19848,8,0.002,18,drift,0.5,200,0,False,256,531,1114,,2.0979
add32,4960,19848,8,0.002,18,drift,0.5,200,25,False,256,531,1114,,2.0979
add32,4960,19848,8,0.002,18,drift,0.5,200,50,False,256,531,1099,,2.0697
add32,4960,19848,8,0.002,18,drift,0.5,200,75,False,256,563,1146,,2.0355
add32,4960,19848,8,0.002,18,drift,0.5,200,100,False,256,563,1146,,2.0355
add32,4960,19848,8,0.002,18,drift,0.5,200,125,False,256,563,1161,,2.0622
add32,4960,19848,8,0.002,18,drift,0.5,200,150,False,256,563,1161,,2.0622
add32,4960,19848,8,0.002,18,drift,0.5,200,175,False,256,553,1145,,2.0705
add32,4960,19848,8,0.002,18,drift,0.5,200,199,True,256,553,1145,553,2.0705
add32,4960,19848,8,0.002,19,drift,0.5,200,0,False,256,390,864,,2.2154
add32,4960,19848,8,0.002,19,drift,0.5,200,25,False,256,390,864,,2.2154
add32,4960,19848,8,0.002,19,drift,0.5,200,50,False,256,422,911,,2.1588
add32,4960,19848,8,0.002,19,drift,0.5,200,75,False,256,422,911,,2.1588
add32,4960,19848,8,0.002,19,drift,0.5,200,100,False,256,424,924,,2.1792
add32,4960,19848,8,0.002,19,drift,0.5,200,125,False,256,424,924,,2.1792
add32,4960,19848,8,0.002,19,drift,0.5,200,150,False,256,426,935,,2.1948
add32,4960,19848,8,0.002,19,drift,0.5,200,175,False,256,426,935,,2.1948
add32,4960,19848,8,0.002,19,drift,0.5,200,199,True,256,426,935,426,2.1948
add32,4960,19848,8,0.002,20,drift,0.5,200,0,False,256,516,1020,,1.9767
add32,4960,19848,8,0.002,20,drift,0.5,200,25,False,256,518,1078,,2.0811
add32,4960,19848,8,0.002,20,drift,0.5,200,50,False,256,524,1129,,2.1546
add32,4960,19848,8,0.002,20,drift,0.5,200,75,False,256,528,1142,,2.1629
add32,4960,19848,8,0.002,20,drift,0.5,200,100,False,256,520,1126,,2.1654
add32,4960,19848,8,0.002,20,drift,0.5,200,125,False,256,514,1088,,2.1167
add32,4960,19848,8,0.002,20,drift,0.5,200,150,False,256,514,1088,,2.1167
add32,4960,19848,8,0.002,20,drift,0.5,200,175,False,256,520,1139,,2.1904
add32,4960,19848,8,0.002,20,drift,0.5,200,199,True,256,523,1113,523,2.1281
add32,4960,19848,8,0.002,21,drift,0.5,200,0,False,256,447,975,,2.1812
add32,4960,19848,8,0.002,21,drift,0.5,200,25,False,256,550,1132,,2.0582
add32,4960,19848,8,0.002,21,drift,0.5,200,50,False,256,550,1132,,2.0582
add32,4960,19848,8,0.002,21,drift,0.5,200,75,False,256,550,1147,,2.0855
add32,4960,19848,8,0.002,21,drift,0.5,200,100,False,256,550,1147,,2.0855
add32,4960,19848,8,0.002,21,drift,0.5,200,125,False,256,551,1177,,2.1361
add32,4960,19848,8,0.002,21,drift,0.5,200,150,False,256,550,1148,,2.0873
add32,4960,19848,8,0.002,21,drift,0.5,200,175,False,256,550,1147,,2.0855
add32,4960,19848,8,0.002,21,drift,0.5,200,199,True,256,551,1162,551,2.1089
add32,4960,19848,8,0.01,17,drift,0.5,200,0,False,256,595,1185,,1.9916
add32,4960,19848,8,0.01,17,drift,0.5,200,25,False,256,595,1185,,1.9916
add32,4960,19848,8,0.01,17,drift,0.5,200,50,False,256,571,1164,,2.0385
add32,4960,19848,8,0.01,17,drift,0.5,200,75,False,256,589,1198,,2.034
add32,4960,19848,8,0.01,17,drift,0.5,200,100,False,256,589,1198,,2.034
add32,4960,19848,8,0.01,17,drift,0.5,200,125,False,256,589,1197,,2.0323
add32,4960,19848,8,0.01,17,drift,0.5,200,150,False,256,589,1183,,2.0085
add32,4960,19848,8,0.01,17,drift,0.5,200,175,False,256,600,1251,,2.085
add32,4960,19848,8,0.01,17,drift,0.5,200,199,True,256,600,1251,600,2.085
add32,4960,19848,8,0.01,18,drift,0.5,200,0,False,256,531,1114,,2.0979
add32,4960,19848,8,0.01,18,drift,0.5,200,25,False,256,512,1094,,2.1367
add32,4960,19848,8,0.01,18,drift,0.5,200,50,False,256,528,1129,,2.1383
add32,4960,19848,8,0.01,18,drift,0.5,200,75,False,256,516,1113,,2.157
add32,4960,19848,8,0.01,18,drift,0.5,200,100,False,256,510,1110,,2.1765
add32,4960,19848,8,0.01,18,drift,0.5,200,125,False,256,510,1123,,2.202
add32,4960,19848,8,0.01,18,drift,0.5,200,150,False,256,520,1139,,2.1904
add32,4960,19848,8,0.01,18,drift,0.5,200,175,False,256,530,1166,,2.2
add32,4960,19848,8,0.01,18,drift,0.5,200,199,True,256,528,1155,528,2.1875
add32,4960,19848,8,0.01,19,drift,0.5,200,0,False,256,390,864,,2.2154
add32,4960,19848,8,0.01,19,drift,0.5,200,25,False,256,426,935,,2.1948
add32,4960,19848,8,0.01,19,drift,0.5,200,50,False,256,426,935,,2.1948
add32,4960,19848,8,0.01,19,drift,0.5,200,75,False,256,417,932,,2.235
add32,4960,19848,8,0.01,19,drift,0.5,200,100,False,256,428,963,,2.25
add32,4960,19848,8,0.01,19,drift,0.5,200,125,False,256,427,948,,2.2201
add32,4960,19848,8,0.01,19,drift,0.5,200,150,False,256,428,963,,2.25
add32,4960,19848,8,0.01,19,drift,0.5,200,175,False,256,428,963,,2.25
add32,4960,19848,8,0.01,19,drift,0.5,200,199,True,256,428,963,428,2.25
add32,4960,19848,8,0.01,20,drift,0.5,200,0,False,256,516,1020,,1.9767
add32,4960,19848,8,0.01,20,drift,0.5,200,25,False,256,524,1129,,2.1546
add32,4960,19848,8,0.01,20,drift,0.5,200,50,False,256,528,1142,,2.1629
add32,4960,19848,8,0.01,20,drift,0.5,200,75,False,256,528,1142,,2.1629
add32,4960,19848,8,0.01,20,drift,0.5,200,100,False,256,532,1141,,2.1447
add32,4960,19848,8,0.01,20,drift,0.5,200,125,False,256,564,1188,,2.1064
add32,4960,19848,8,0.01,20,drift,0.5,200,150,False,256,531,1141,,2.1488
add32,4960,19848,8,0.01,20,drift,0.5,200,175,False,256,565,1187,,2.1009
add32,4960,19848,8,0.01,20,drift,0.5,200,199,True,256,534,1138,534,2.1311
add32,4960,19848,8,0.01,21,drift,0.5,200,0,False,256,447,975,,2.1812
add32,4960,19848,8,0.01,21,drift,0.5,200,25,False,256,512,1129,,2.2051
add32,4960,19848,8,0.01,21,drift,0.5,200,50,False,256,552,1189,,2.154
add32,4960,19848,8,0.01,21,drift,0.5,200,75,False,256,552,1189,,2.154
add32,4960,19848,8,0.01,21,drift,0.5,200,100,False,256,554,1204,,2.1733
add32,4960,19848,8,0.01,21,drift,0.5,200,125,False,256,605,1283,,2.1207
add32,4960,19848,8,0.01,21,drift,0.5,200,150,False,256,595,1268,,2.1311
add32,4960,19848,8,0.01,21,drift,0.5,200,175,False,256,558,1205,,2.1595
add32,4960,19848,8,0.01,21,drift,0.5,200,199,True,256,619,1299,619,2.0985
add32,4960,19848,8,0.05,17,drift,0.5,200,0,False,256,595,1185,,1.9916
add32,4960,19848,8,0.05,17,drift,0.5,200,25,False,256,598,1241,,2.0753
add32,4960,19848,8,0.05,17,drift,0.5,200,50,False,256,640,1323,,2.0672
add32,4960,19848,8,0.05,17,drift,0.5,200,75,False,256,704,1481,,2.1037
add32,4960,19848,8,0.05,17,drift,0.5,200,100,False,256,729,1518,,2.0823
add32,4960,19848,8,0.05,17,drift,0.5,200,125,False,256,719,1515,,2.1071
add32,4960,19848,8,0.05,17,drift,0.5,200,150,False,256,717,1539,,2.1464
add32,4960,19848,8,0.05,17,drift,0.5,200,175,False,256,703,1582,,2.2504
add32,4960,19848,8,0.05,17,drift,0.5,200,199,True,256,739,1582,739,2.1407
add32,4960,19848,8,0.05,18,drift,0.5,200,0,False,256,531,1114,,2.0979
add32,4960,19848,8,0.05,18,drift,0.5,200,25,False,256,567,1214,,2.1411
add32,4960,19848,8,0.05,18,drift,0.5,200,50,False,256,567,1243,,2.1922
add32,4960,19848,8,0.05,18,drift,0.5,200,75,False,256,682,1418,,2.0792
add32,4960,19848,8,0.05,18,drift,0.5,200,100,False,256,681,1432,,2.1028
add32,4960,19848,8,0.05,18,drift,0.5,200,125,False,256,650,1426,,2.1938
add32,4960,19848,8,0.05,18,drift,0.5,200,150,False,256,707,1578,,2.232
add32,4960,19848,8,0.05,18,drift,0.5,200,175,False,256,708,1565,,2.2105
add32,4960,19848,8,0.05,18,drift,0.5,200,199,True,256,722,1632,722,2.2604
add32,4960,19848,8,0.05,19,drift,0.5,200,0,False,256,390,864,,2.2154
add32,4960,19848,8,0.05,19,drift,0.5,200,25,False,256,400,888,,2.22
add32,4960,19848,8,0.05,19,drift,0.5,200,50,False,256,427,948,,2.2201
add32,4960,19848,8,0.05,19,drift,0.5,200,75,False,256,428,963,,2.25
add32,4960,19848,8,0.05,19,drift,0.5,200,100,False,256,520,1176,,2.2615
add32,4960,19848,8,0.05,19,drift,0.5,200,125,False,256,534,1208,,2.2622
add32,4960,19848,8,0.05,19,drift,0.5,200,150,False,256,567,1228,,2.1658
add32,4960,19848,8,0.05,19,drift,0.5,200,175,False,256,572,1283,,2.243
add32,4960,19848,8,0.05,19,drift,0.5,200,199,True,256,570,1256,570,2.2035
add32,4960,19848,8,0.05,20,drift,0.5,200,0,False,256,516,1020,,1.9767
add32,4960,19848,8,0.05,20,drift,0.5,200,25,False,256,667,1397,,2.0945
add32,4960,19848,8,0.05,20,drift,0.5,200,50,False,256,717,1514,,2.1116
add32,4960,19848,8,0.05,20,drift,0.5,200,75,False,256,689,1475,,2.1408
add32,4960,19848,8,0.05,20,drift,0.5,200,100,False,256,717,1558,,2.1729
add32,4960,19848,8,0.05,20,drift,0.5,200,125,False,256,679,1489,,2.1929
add32,4960,19848,8,0.05,20,drift,0.5,200,150,False,256,708,1542,,2.178
add32,4960,19848,8,0.05,20,drift,0.5,200,175,False,256,751,1652,,2.1997
add32,4960,19848,8,0.05,20,drift,0.5,200,199,True,256,766,1669,766,2.1789
add32,4960,19848,8,0.05,21,drift,0.5,200,0,False,256,447,975,,2.1812
add32,4960,19848,8,0.05,21,drift,0.5,200,25,False,256,556,1216,,2.1871
add32,4960,19848,8,0.05,21,drift,0.5,200,50,False,256,633,1358,,2.1453
add32,4960,19848,8,0.05,21,drift,0.5,200,75,False,256,641,1397,,2.1794
add32,4960,19848,8,0.05,21,drift,0.5,200,100,False,256,621,1366,,2.1997
add32,4960,19848,8,0.05,21,drift,0.5,200,125,False,256,641,1388,,2.1654
add32,4960,19848,8,0.05,21,drift,0.5,200,150,False,256,713,1526,,2.1403
add32,4960,19848,8,0.05,21,drift,0.5,200,175,False,256,703,1525,,2.1693
add32,4960,19848,8,0.05,21,drift,0.5,200,199,True,256,721,1576,721,2.1859
add32,4960,19848,8,0.25,17,drift,0.5,200,0,False,256,595,1185,,1.9916
add32,4960,19848,8,0.25,17,drift,0.5,200,25,False,256,677,1414,,2.0886
add32,4960,19848,8,0.25,17,drift,0.5,200,50,False,256,738,1540,,2.0867
add32,4960,19848,8,0.25,17,drift,0.5,200,75,False,256,728,1546,,2.1236
add32,4960,19848,8,0.25,17,drift,0.5,200,100,False,256,694,1523,,2.1945
add32,4960,19848,8,0.25,17,drift,0.5,200,125,False,256,813,1708,,2.1009
add32,4960,19848,8,0.25,17,drift,0.5,200,150,False,256,849,1789,,2.1072
add32,4960,19848,8,0.25,17,drift,0.5,200,175,False,256,882,1740,,1.9728
add32,4960,19848,8,0.25,17,drift,0.5,200,199,True,256,889,1921,889,2.1609
add32,4960,19848,8,0.25,18,drift,0.5,200,0,False,256,531,1114,,2.0979
add32,4960,19848,8,0.25,18,drift,0.5,200,25,False,256,653,1424,,2.1807
add32,4960,19848,8,0.25,18,drift,0.5,200,50,False,256,820,1830,,2.2317
add32,4960,19848,8,0.25,18,drift,0.5,200,75,False,256,783,1702,,2.1737
add32,4960,19848,8,0.25,18,drift,0.5,200,100,False,256,873,1828,,2.0939
add32,4960,19848,8,0.25,18,drift,0.5,200,125,False,256,925,1931,,2.0876
add32,4960,19848,8,0.25,18,drift,0.5,200,150,False,256,829,1726,,2.082
add32,4960,19848,8,0.25,18,drift,0.5,200,175,False,256,877,1899,,2.1653
add32,4960,19848,8,0.25,18,drift,0.5,200,199,True,256,988,1922,988,1.9453
add32,4960,19848,8,0.25,19,drift,0.5,200,0,False,256,390,864,,2.2154
add32,4960,19848,8,0.25,19,drift,0.5,200,25,False,256,546,1173,,2.1484
add32,4960,19848,8,0.25,19,drift,0.5,200,50,False,256,569,1263,,2.2197
add32,4960,19848,8,0.25,19,drift,0.5,200,75,False,256,660,1404,,2.1273
add32,4960,19848,8,0.25,19,drift,0.5,200,100,False,256,654,1429,,2.185
add32,4960,19848,8,0.25,19,drift,0.5,200,125,False,256,672,1465,,2.1801
add32,4960,19848,8,0.25,19,drift,0.5,200,150,False,256,654,1424,,2.1774
add32,4960,19848,8,0.25,19,drift,0.5,200,175,False,256,668,1520,,2.2754
add32,4960,19848,8,0.25,19,drift,0.5,200,199,True,256,665,1491,665,2.2421
add32,4960,19848,8,0.25,20,drift,0.5,200,0,False,256,516,1020,,1.9767
add32,4960,19848,8,0.25,20,drift,0.5,200,25,False,256,780,1635,,2.0962
add32,4960,19848,8,0.25,20,drift,0.5,200,50,False,256,914,1850,,2.0241
add32,4960,19848,8,0.25,20,drift,0.5,200,75,False,256,860,1782,,2.0721
add32,4960,19848,8,0.25,20,drift,0.5,200,100,False,256,874,1784,,2.0412
add32,4960,19848,8,0.25,20,drift,0.5,200,125,False,256,867,1791,,2.0657
add32,4960,19848,8,0.25,20,drift,0.5,200,150,False,256,824,1759,,2.1347
add32,4960,19848,8,0.25,20,drift,0.5,200,175,False,256,838,1740,,2.0764
add32,4960,19848,8,0.25,20,drift,0.5,200,199,True,256,840,1692,840,2.0143
add32,4960,19848,8,0.25,21,drift,0.5,200,0,False,256,447,975,,2.1812
add32,4960,19848,8,0.25,21,drift,0.5,200,25,False,256,677,1490,,2.2009
add32,4960,19848,8,0.25,21,drift,0.5,200,50,False,256,772,1646,,2.1321
add32,4960,19848,8,0.25,21,drift,0.5,200,75,False,256,882,1874,,2.1247
add32,4960,19848,8,0.25,21,drift,0.5,200,100,False,256,898,1860,,2.0713
add32,4960,19848,8,0.25,21,drift,0.5,200,125,False,256,1004,2081,,2.0727
add32,4960,19848,8,0.25,21,drift,0.5,200,150,False,256,939,1906,,2.0298
add32,4960,19848,8,0.25,21,drift,0.5,200,175,False,256,1107,2223,,2.0081
add32,4960,19848,8,0.25,21,drift,0.5,200,199,True,256,1040,2138,1040,2.0558
add32,4960,19848,8,0.0,17,jump,0.5,200,0,False,256,595,1185,,1.9916
add32,4960,19848,8,0.0,17,jump,0.5,200,25,False,256,595,1185,,1.9916
add32,4960,19848,8,0.0,17,jump,0.5,200,50,False,256,595,1185,,1.9916
add32,4960,19848,8,0.0,17,jump,0.5,200,75,False,256,595,1185,,1.9916
add32,4960,19848,8,0.0,17,jump,0.5,200,100,False,256,595,1185,,1.9916
add32,4960,19848,8,0.0,17,jump,0.5,200,125,False,256,595,1185,,1.9916
add32,4960,19848,8,0.0,17,jump,0.5,200,150,False,256,595,1185,,1.9916
add32,4960,19848,8,0.0,17,jump,0.5,200,175,False,256,595,1185,,1.9916
add32,4960,19848,8,0.0,17,jump,0.5,200,199,True,256,595,1185,595,1.9916
add32,4960,19848,8,0.0,18,jump,0.5,200,0,False,256,531,1114,,2.0979
add32,4960,19848,8,0.0,18,jump,0.5,200,25,False,256,531,1114,,2.0979
add32,4960,19848,8,0.0,18,jump,0.5,200,50,False,256,531,1114,,2.0979
add32,4960,19848,8,0.0,18,jump,0.5,200,75,False,256,531,1114,,2.0979
add32,4960,19848,8,0.0,18,jump,0.5,200,100,False,256,531,1114,,2.0979
add32,4960,19848,8,0.0,18,jump,0.5,200,125,False,256,531,1114,,2.0979
add32,4960,19848,8,0.0,18,jump,0.5,200,150,False,256,531,1114,,2.0979
add32,4960,19848,8,0.0,18,jump,0.5,200,175,False,256,531,1114,,2.0979
add32,4960,19848,8,0.0,18,jump,0.5,200,199,True,256,531,1114,531,2.0979
add32,4960,19848,8,0.0,19,jump,0.5,200,0,False,256,390,864,,2.2154
add32,4960,19848,8,0.0,19,jump,0.5,200,25,False,256,390,864,,2.2154
add32,4960,19848,8,0.0,19,jump,0.5,200,50,False,256,390,864,,2.2154
add32,4960,19848,8,0.0,19,jump,0.5,200,75,False,256,390,864,,2.2154
add32,4960,19848,8,0.0,19,jump,0.5,200,100,False,256,390,864,,2.2154
add32,4960,19848,8,0.0,19,jump,0.5,200,125,False,256,390,864,,2.2154
add32,4960,19848,8,0.0,19,jump,0.5,200,150,False,256,390,864,,2.2154
add32,4960,19848,8,0.0,19,jump,0.5,200,175,False,256,390,864,,2.2154
add32,4960,19848,8,0.0,19,jump,0.5,200,199,True,256,390,864,390,2.2154
add32,4960,19848,8,0.0,20,jump,0.5,200,0,False,256,516,1020,,1.9767
add32,4960,19848,8,0.0,20,jump,0.5,200,25,False,256,516,1020,,1.9767
add32,4960,19848,8,0.0,20,jump,0.5,200,50,False,256,516,1020,,1.9767
add32,4960,19848,8,0.0,20,jump,0.5,200,75,False,256,516,1020,,1.9767
add32,4960,19848,8,0.0,20,jump,0.5,200,100,False,256,516,1020,,1.9767
add32,4960,19848,8,0.0,20,jump,0.5,200,125,False,256,516,1020,,1.9767
add32,4960,19848,8,0.0,20,jump,0.5,200,150,False,256,516,1020,,1.9767
add32,4960,19848,8,0.0,20,jump,0.5,200,175,False,256,516,1020,,1.9767
add32,4960,19848,8,0.0,20,jump,0.5,200,199,True,256,516,1020,516,1.9767
add32,4960,19848,8,0.0,21,jump,0.5,200,0,False,256,447,975,,2.1812
add32,4960,19848,8,0.0,21,jump,0.5,200,25,False,256,447,975,,2.1812
add32,4960,19848,8,0.0,21,jump,0.5,200,50,False,256,447,975,,2.1812
add32,4960,19848,8,0.0,21,jump,0.5,200,75,False,256,447,975,,2.1812
add32,4960,19848,8,0.0,21,jump,0.5,200,100,False,256,447,975,,2.1812
add32,4960,19848,8,0.0,21,jump,0.5,200,125,False,256,447,975,,2.1812
add32,4960,19848,8,0.0,21,jump,0.5,200,150,False,256,447,975,,2.1812
add32,4960,19848,8,0.0,21,jump,0.5,200,175,False,256,447,975,,2.1812
add32,4960,19848,8,0.0,21,jump,0.5,200,199,True,256,447,975,447,2.1812
add32,4960,19848,8,0.002,17,jump,0.5,200,0,False,256,595,1185,,1.9916
add32,4960,19848,8,0.002,17,jump,0.5,200,25,False,256,979,1598,,1.6323
add32,4960,19848,8,0.002,17,jump,0.5,200,50,False,256,1180,1870,,1.5847
add32,4960,19848,8,0.002,17,jump,0.5,200,75,False,256,1474,2226,,1.5102
add32,4960,19848,8,0.002,17,jump,0.5,200,100,False,256,1741,2554,,1.467
add32,4960,19848,8,0.002,17,jump,0.5,200,125,False,256,1905,2779,,1.4588
add32,4960,19848,8,0.002,17,jump,0.5,200,150,False,256,2123,3099,,1.4597
add32,4960,19848,8,0.002,17,jump,0.5,200,175,False,256,2242,3256,,1.4523
add32,4960,19848,8,0.002,17,jump,0.5,200,199,True,256,2371,3391,2371,1.4302
add32,4960,19848,8,0.002,18,jump,0.5,200,0,False,256,531,1114,,2.0979
add32,4960,19848,8,0.002,18,jump,0.5,200,25,False,256,1028,1600,,1.5564
add32,4960,19848,8,0.002,18,jump,0.5,200,50,False,256,1439,2018,,1.4024
add32,4960,19848,8,0.002,18,jump,0.5,200,75,False,256,1642,2271,,1.3831
add32,4960,19848,8,0.002,18,jump,0.5,200,100,False,256,1933,2593,,1.3414
add32,4960,19848,8,0.002,18,jump,0.5,200,125,False,256,2199,2951,,1.342
add32,4960,19848,8,0.002,18,jump,0.5,200,150,False,256,2242,2962,,1.3211
add32,4960,19848,8,0.002,18,jump,0.5,200,175,False,256,2361,3228,,1.3672
add32,4960,19848,8,0.002,18,jump,0.5,200,199,True,256,2411,3312,2411,1.3737
add32,4960,19848,8,0.002,19,jump,0.5,200,0,False,256,390,864,,2.2154
add32,4960,19848,8,0.002,19,jump,0.5,200,25,False,256,778,1265,,1.626
add32,4960,19848,8,0.002,19,jump,0.5,200,50,False,256,1152,1661,,1.4418
add32,4960,19848,8,0.002,19,jump,0.5,200,75,False,256,1476,1998,,1.3537
add32,4960,19848,8,0.002,19,jump,0.5,200,100,False,256,1755,2405,,1.3704
add32,4960,19848,8,0.002,19,jump,0.5,200,125,False,256,1865,2582,,1.3845
add32,4960,19848,8,0.002,19,jump,0.5,200,150,False,256,2027,2875,,1.4184
add32,4960,19848,8,0.002,19,jump,0.5,200,175,False,256,2203,3102,,1.4081
add32,4960,19848,8,0.002,19,jump,0.5,200,199,True,256,2327,3294,2327,1.4156
add32,4960,19848,8,0.002,20,jump,0.5,200,0,False,256,516,1020,,1.9767
add32,4960,19848,8,0.002,20,jump,0.5,200,25,False,256,868,1432,,1.6498
add32,4960,19848,8,0.002,20,jump,0.5,200,50,False,256,1225,1760,,1.4367
add32,4960,19848,8,0.002,20,jump,0.5,200,75,False,256,1534,2166,,1.412
add32,4960,19848,8,0.002,20,jump,0.5,200,100,False,256,1781,2462,,1.3824
add32,4960,19848,8,0.002,20,jump,0.5,200,125,False,256,1958,2729,,1.3938
add32,4960,19848,8,0.002,20,jump,0.5,200,150,False,256,2162,2994,,1.3848
add32,4960,19848,8,0.002,20,jump,0.5,200,175,False,256,2368,3245,,1.3704
add32,4960,19848,8,0.002,20,jump,0.5,200,199,True,256,2465,3456,2465,1.402
add32,4960,19848,8,0.002,21,jump,0.5,200,0,False,256,447,975,,2.1812
add32,4960,19848,8,0.002,21,jump,0.5,200,25,False,256,903,1461,,1.6179
add32,4960,19848,8,0.002,21,jump,0.5,200,50,False,256,1245,1828,,1.4683
add32,4960,19848,8,0.002,21,jump,0.5,200,75,False,256,1424,2066,,1.4508
add32,4960,19848,8,0.002,21,jump,0.5,200,100,False,256,1634,2369,,1.4498
add32,4960,19848,8,0.002,21,jump,0.5,200,125,False,256,1876,2701,,1.4398
add32,4960,19848,8,0.002,21,jump,0.5,200,150,False,256,1989,2868,,1.4419
add32,4960,19848,8,0.002,21,jump,0.5,200,175,False,256,2161,3089,,1.4294
add32,4960,19848,8,0.002,21,jump,0.5,200,199,True,256,2232,3210,2232,1.4382
add32,4960,19848,8,0.01,17,jump,0.5,200,0,False,256,595,1185,,1.9916
add32,4960,19848,8,0.01,17,jump,0.5,200,25,False,256,1608,2271,,1.4123
add32,4960,19848,8,0.01,17,jump,0.5,200,50,False,256,2057,2856,,1.3884
add32,4960,19848,8,0.01,17,jump,0.5,200,75,False,256,2477,3385,,1.3666
add32,4960,19848,8,0.01,17,jump,0.5,200,100,False,256,2640,3629,,1.3746
add32,4960,19848,8,0.01,17,jump,0.5,200,125,False,256,2795,3889,,1.3914
add32,4960,19848,8,0.01,17,jump,0.5,200,150,False,256,2922,4037,,1.3816
add32,4960,19848,8,0.01,17,jump,0.5,200,175,False,256,2910,4060,,1.3952
add32,4960,19848,8,0.01,17,jump,0.5,200,199,True,256,3045,4179,3045,1.3724
add32,4960,19848,8,0.01,18,jump,0.5,200,0,False,256,531,1114,,2.0979
add32,4960,19848,8,0.01,18,jump,0.5,200,25,False,256,1529,2229,,1.4578
add32,4960,19848,8,0.01,18,jump,0.5,200,50,False,256,2115,2922,,1.3816
add32,4960,19848,8,0.01,18,jump,0.5,200,75,False,256,2511,3455,,1.3759
add32,4960,19848,8,0.01,18,jump,0.5,200,100,False,256,2674,3769,,1.4095
add32,4960,19848,8,0.01,18,jump,0.5,200,125,False,256,2929,3988,,1.3616
add32,4960,19848,8,0.01,18,jump,0.5,200,150,False,256,2946,4000,,1.3578
add32,4960,19848,8,0.01,18,jump,0.5,200,175,False,256,3038,4220,,1.3891
add32,4960,19848,8,0.01,18,jump,0.5,200,199,True,256,3117,4298,3117,1.3789
add32,4960,19848,8,0.01,19,jump,0.5,200,0,False,256,390,864,,2.2154
add32,4960,19848,8,0.01,19,jump,0.5,200,25,False,256,1401,1891,,1.3498
add32,4960,19848,8,0.01,19,jump,0.5,200,50,False,256,2066,2793,,1.3519
add32,4960,19848,8,0.01,19,jump,0.5,200,75,False,256,2442,3476,,1.4234
add32,4960,19848,8,0.01,19,jump,0.5,200,100,False,256,2774,3844,,1.3857
add32,4960,19848,8,0.01,19,jump,0.5,200,125,False,256,2841,3829,,1.3478
add32,4960,19848,8,0.01,19,jump,0.5,200,150,False,256,2874,3898,,1.3563
add32,4960,19848,8,0.01,19,jump,0.5,200,175,False,256,2890,3978,,1.3765
add32,4960,19848,8,0.01,19,jump,0.5,200,199,True,256,2867,3957,2867,1.3802
add32,4960,19848,8,0.01,20,jump,0.5,200,0,False,256,516,1020,,1.9767
add32,4960,19848,8,0.01,20,jump,0.5,200,25,False,256,1405,2005,,1.427
add32,4960,19848,8,0.01,20,jump,0.5,200,50,False,256,2104,2899,,1.3779
add32,4960,19848,8,0.01,20,jump,0.5,200,75,False,256,2463,3451,,1.4011
add32,4960,19848,8,0.01,20,jump,0.5,200,100,False,256,2573,3605,,1.4011
add32,4960,19848,8,0.01,20,jump,0.5,200,125,False,256,2711,3824,,1.4105
add32,4960,19848,8,0.01,20,jump,0.5,200,150,False,256,2982,4217,,1.4142
add32,4960,19848,8,0.01,20,jump,0.5,200,175,False,256,3082,4233,,1.3735
add32,4960,19848,8,0.01,20,jump,0.5,200,199,True,256,3090,4345,3090,1.4061
add32,4960,19848,8,0.01,21,jump,0.5,200,0,False,256,447,975,,2.1812
add32,4960,19848,8,0.01,21,jump,0.5,200,25,False,256,1521,2218,,1.4583
add32,4960,19848,8,0.01,21,jump,0.5,200,50,False,256,2257,3146,,1.3939
add32,4960,19848,8,0.01,21,jump,0.5,200,75,False,256,2667,3692,,1.3843
add32,4960,19848,8,0.01,21,jump,0.5,200,100,False,256,2775,3877,,1.3971
add32,4960,19848,8,0.01,21,jump,0.5,200,125,False,256,2923,4029,,1.3784
add32,4960,19848,8,0.01,21,jump,0.5,200,150,False,256,2879,3948,,1.3713
add32,4960,19848,8,0.01,21,jump,0.5,200,175,False,256,2780,3729,,1.3414
add32,4960,19848,8,0.01,21,jump,0.5,200,199,True,256,2937,3917,2937,1.3337
add32,4960,19848,8,0.05,17,jump,0.5,200,0,False,256,595,1185,,1.9916
add32,4960,19848,8,0.05,17,jump,0.5,200,25,False,256,2811,3752,,1.3348
add32,4960,19848,8,0.05,17,jump,0.5,200,50,False,256,3082,4278,,1.3881
add32,4960,19848,8,0.05,17,jump,0.5,200,75,False,256,3171,4248,,1.3396
add32,4960,19848,8,0.05,17,jump,0.5,200,100,False,256,3077,4131,,1.3425
add32,4960,19848,8,0.05,17,jump,0.5,200,125,False,256,3231,4543,,1.4061
add32,4960,19848,8,0.05,17,jump,0.5,200,150,False,256,3059,4154,,1.358
add32,4960,19848,8,0.05,17,jump,0.5,200,175,False,256,3038,4134,,1.3608
add32,4960,19848,8,0.05,17,jump,0.5,200,199,True,256,3031,4034,3031,1.3309
add32,4960,19848,8,0.05,18,jump,0.5,200,0,False,256,531,1114,,2.0979
add32,4960,19848,8,0.05,18,jump,0.5,200,25,False,256,2847,3985,,1.3997
add32,4960,19848,8,0.05,18,jump,0.5,200,50,False,256,2935,3966,,1.3513
add32,4960,19848,8,0.05,18,jump,0.5,200,75,False,256,3164,4304,,1.3603
add32,4960,19848,8,0.05,18,jump,0.5,200,100,False,256,3135,4238,,1.3518
add32,4960,19848,8,0.05,18,jump,0.5,200,125,False,256,2923,4026,,1.3774
add32,4960,19848,8,0.05,18,jump,0.5,200,150,False,256,3046,4040,,1.3263
add32,4960,19848,8,0.05,18,jump,0.5,200,175,False,256,3242,4444,,1.3708
add32,4960,19848,8,0.05,18,jump,0.5,200,199,True,256,3107,4231,3107,1.3618
add32,4960,19848,8,0.05,19,jump,0.5,200,0,False,256,390,864,,2.2154
add32,4960,19848,8,0.05,19,jump,0.5,200,25,False,256,2791,3831,,1.3726
add32,4960,19848,8,0.05,19,jump,0.5,200,50,False,256,2868,3942,,1.3745
add32,4960,19848,8,0.05,19,jump,0.5,200,75,False,256,3218,4519,,1.4043
add32,4960,19848,8,0.05,19,jump,0.5,200,100,False,256,3090,4333,,1.4023
add32,4960,19848,8,0.05,19,jump,0.5,200,125,False,256,3183,4342,,1.3641
add32,4960,19848,8,0.05,19,jump,0.5,200,150,False,256,3064,4196,,1.3695
add32,4960,19848,8,0.05,19,jump,0.5,200,175,False,256,2898,3922,,1.3533
add32,4960,19848,8,0.05,19,jump,0.5,200,199,True,256,3080,4366,3080,1.4175
add32,4960,19848,8,0.05,20,jump,0.5,200,0,False,256,516,1020,,1.9767
add32,4960,19848,8,0.05,20,jump,0.5,200,25,False,256,2827,4003,,1.416
add32,4960,19848,8,0.05,20,jump,0.5,200,50,False,256,3077,4209,,1.3679
add32,4960,19848,8,0.05,20,jump,0.5,200,75,False,256,3142,4338,,1.3806
add32,4960,19848,8,0.05,20,jump,0.5,200,100,False,256,3270,4540,,1.3884
add32,4960,19848,8,0.05,20,jump,0.5,200,125,False,256,3394,4677,,1.378
add32,4960,19848,8,0.05,20,jump,0.5,200,150,False,256,3115,4418,,1.4183
add32,4960,19848,8,0.05,20,jump,0.5,200,175,False,256,3166,4332,,1.3683
add32,4960,19848,8,0.05,20,jump,0.5,200,199,True,256,2949,3997,2949,1.3554
add32,4960,19848,8,0.05,21,jump,0.5,200,0,False,256,447,975,,2.1812
add32,4960,19848,8,0.05,21,jump,0.5,200,25,False,256,2959,4196,,1.418
add32,4960,19848,8,0.05,21,jump,0.5,200,50,False,256,3215,4378,,1.3617
add32,4960,19848,8,0.05,21,jump,0.5,200,75,False,256,3020,4128,,1.3669
add32,4960,19848,8,0.05,21,jump,0.5,200,100,False,256,3115,4235,,1.3596
add32,4960,19848,8,0.05,21,jump,0.5,200,125,False,256,3068,4220,,1.3755
add32,4960,19848,8,0.05,21,jump,0.5,200,150,False,256,3157,4337,,1.3738
add32,4960,19848,8,0.05,21,jump,0.5,200,175,False,256,3166,4318,,1.3639
add32,4960,19848,8,0.05,21,jump,0.5,200,199,True,256,2870,4022,2870,1.4014
add32,4960,19848,8,0.25,17,jump,0.5,200,0,False,256,595,1185,,1.9916
add32,4960,19848,8,0.25,17,jump,0.5,200,25,False,256,3116,4295,,1.3784
add32,4960,19848,8,0.25,17,jump,0.5,200,50,False,256,3192,4477,,1.4026
add32,4960,19848,8,0.25,17,jump,0.5,200,75,False,256,3032,4147,,1.3677
add32,4960,19848,8,0.25,17,jump,0.5,200,100,False,256,3078,4207,,1.3668
add32,4960,19848,8,0.25,17,jump,0.5,200,125,False,256,2890,3849,,1.3318
add32,4960,19848,8,0.25,17,jump,0.5,200,150,False,256,3095,4323,,1.3968
add32,4960,19848,8,0.25,17,jump,0.5,200,175,False,256,3230,4424,,1.3697
add32,4960,19848,8,0.25,17,jump,0.5,200,199,True,256,3169,4374,3169,1.3802
add32,4960,19848,8,0.25,18,jump,0.5,200,0,False,256,531,1114,,2.0979
add32,4960,19848,8,0.25,18,jump,0.5,200,25,False,256,2962,3954,,1.3349
add32,4960,19848,8,0.25,18,jump,0.5,200,50,False,256,3285,4430,,1.3486
add32,4960,19848,8,0.25,18,jump,0.5,200,75,False,256,3137,4410,,1.4058
add32,4960,19848,8,0.25,18,jump,0.5,200,100,False,256,3135,4325,,1.3796
add32,4960,19848,8,0.25,18,jump,0.5,200,125,False,256,3004,4091,,1.3619
add32,4960,19848,8,0.25,18,jump,0.5,200,150,False,256,3079,4261,,1.3839
add32,4960,19848,8,0.25,18,jump,0.5,200,175,False,256,3150,4457,,1.4149
add32,4960,19848,8,0.25,18,jump,0.5,200,199,True,256,3031,4198,3031,1.385
add32,4960,19848,8,0.25,19,jump,0.5,200,0,False,256,390,864,,2.2154
add32,4960,19848,8,0.25,19,jump,0.5,200,25,False,256,3270,4614,,1.411
add32,4960,19848,8,0.25,19,jump,0.5,200,50,False,256,3118,4312,,1.3829
add32,4960,19848,8,0.25,19,jump,0.5,200,75,False,256,3137,4440,,1.4154
add32,4960,19848,8,0.25,19,jump,0.5,200,100,False,256,3122,4325,,1.3853
add32,4960,19848,8,0.25,19,jump,0.5,200,125,False,256,3164,4434,,1.4014
add32,4960,19848,8,0.25,19,jump,0.5,200,150,False,256,3105,4170,,1.343
add32,4960,19848,8,0.25,19,jump,0.5,200,175,False,256,3314,4642,,1.4007
add32,4960,19848,8,0.25,19,jump,0.5,200,199,True,256,3085,4241,3085,1.3747
add32,4960,19848,8,0.25,20,jump,0.5,200,0,False,256,516,1020,,1.9767
add32,4960,19848,8,0.25,20,jump,0.5,200,25,False,256,2993,4278,,1.4293
add32,4960,19848,8,0.25,20,jump,0.5,200,50,False,256,2949,4008,,1.3591
add32,4960,19848,8,0.25,20,jump,0.5,200,75,False,256,3010,3994,,1.3269
add32,4960,19848,8,0.25,20,jump,0.5,200,100,False,256,3111,4298,,1.3815
add32,4960,19848,8,0.25,20,jump,0.5,200,125,False,256,3211,4418,,1.3759
add32,4960,19848,8,0.25,20,jump,0.5,200,150,False,256,3179,4449,,1.3995
add32,4960,19848,8,0.25,20,jump,0.5,200,175,False,256,3035,4158,,1.37
add32,4960,19848,8,0.25,20,jump,0.5,200,199,True,256,3182,4365,3182,1.3718
add32,4960,19848,8,0.25,21,jump,0.5,200,0,False,256,447,975,,2.1812
add32,4960,19848,8,0.25,21,jump,0.5,200,25,False,256,3126,4372,,1.3986
add32,4960,19848,8,0.25,21,jump,0.5,200,50,False,256,2994,4185,,1.3978
add32,4960,19848,8,0.25,21,jump,0.5,200,75,False,256,2967,3999,,1.3478
add32,4960,19848,8,0.25,21,jump,0.5,200,100,False,256,2972,4181,,1.4068
add32,4960,19848,8,0.25,21,jump,0.5,200,125,False,256,3083,4284,,1.3896
add32,4960,19848,8,0.25,21,jump,0.5,200,150,False,256,3104,4233,,1.3637
add32,4960,19848,8,0.25,21,jump,0.5,200,175,False,256,3082,4197,,1.3618
add32,4960,19848,8,0.25,21,jump,0.5,200,199,True,256,3029,4096,3029,1.3523
circuit_3,12127,48137,8,0.0,17,drift,0.5,200,0,False,256,6334,7598,,1.1996
circuit_3,12127,48137,8,0.0,17,drift,0.5,200,25,False,256,6334,7598,,1.1996
circuit_3,12127,48137,8,0.0,17,drift,0.5,200,50,False,256,6334,7598,,1.1996
circuit_3,12127,48137,8,0.0,17,drift,0.5,200,75,False,256,6334,7598,,1.1996
circuit_3,12127,48137,8,0.0,17,drift,0.5,200,100,False,256,6334,7598,,1.1996
circuit_3,12127,48137,8,0.0,17,drift,0.5,200,125,False,256,6334,7598,,1.1996
circuit_3,12127,48137,8,0.0,17,drift,0.5,200,150,False,256,6334,7598,,1.1996
circuit_3,12127,48137,8,0.0,17,drift,0.5,200,175,False,256,6334,7598,,1.1996
circuit_3,12127,48137,8,0.0,17,drift,0.5,200,199,True,256,6334,7598,6334,1.1996
circuit_3,12127,48137,8,0.0,18,drift,0.5,200,0,False,256,6359,7619,,1.1981
circuit_3,12127,48137,8,0.0,18,drift,0.5,200,25,False,256,6359,7619,,1.1981
circuit_3,12127,48137,8,0.0,18,drift,0.5,200,50,False,256,6359,7619,,1.1981
circuit_3,12127,48137,8,0.0,18,drift,0.5,200,75,False,256,6359,7619,,1.1981
circuit_3,12127,48137,8,0.0,18,drift,0.5,200,100,False,256,6359,7619,,1.1981
circuit_3,12127,48137,8,0.0,18,drift,0.5,200,125,False,256,6359,7619,,1.1981
circuit_3,12127,48137,8,0.0,18,drift,0.5,200,150,False,256,6359,7619,,1.1981
circuit_3,12127,48137,8,0.0,18,drift,0.5,200,175,False,256,6359,7619,,1.1981
circuit_3,12127,48137,8,0.0,18,drift,0.5,200,199,True,256,6359,7619,6359,1.1981
circuit_3,12127,48137,8,0.0,19,drift,0.5,200,0,False,256,6690,8088,,1.209
circuit_3,12127,48137,8,0.0,19,drift,0.5,200,25,False,256,6690,8088,,1.209
circuit_3,12127,48137,8,0.0,19,drift,0.5,200,50,False,256,6690,8088,,1.209
circuit_3,12127,48137,8,0.0,19,drift,0.5,200,75,False,256,6690,8088,,1.209
circuit_3,12127,48137,8,0.0,19,drift,0.5,200,100,False,256,6690,8088,,1.209
circuit_3,12127,48137,8,0.0,19,drift,0.5,200,125,False,256,6690,8088,,1.209
circuit_3,12127,48137,8,0.0,19,drift,0.5,200,150,False,256,6690,8088,,1.209
circuit_3,12127,48137,8,0.0,19,drift,0.5,200,175,False,256,6690,8088,,1.209
circuit_3,12127,48137,8,0.0,19,drift,0.5,200,199,True,256,6690,8088,6690,1.209
circuit_3,12127,48137,8,0.0,20,drift,0.5,200,0,False,256,6362,7619,,1.1976
circuit_3,12127,48137,8,0.0,20,drift,0.5,200,25,False,256,6362,7619,,1.1976
circuit_3,12127,48137,8,0.0,20,drift,0.5,200,50,False,256,6362,7619,,1.1976
circuit_3,12127,48137,8,0.0,20,drift,0.5,200,75,False,256,6362,7619,,1.1976
circuit_3,12127,48137,8,0.0,20,drift,0.5,200,100,False,256,6362,7619,,1.1976
circuit_3,12127,48137,8,0.0,20,drift,0.5,200,125,False,256,6362,7619,,1.1976
circuit_3,12127,48137,8,0.0,20,drift,0.5,200,150,False,256,6362,7619,,1.1976
circuit_3,12127,48137,8,0.0,20,drift,0.5,200,175,False,256,6362,7619,,1.1976
circuit_3,12127,48137,8,0.0,20,drift,0.5,200,199,True,256,6362,7619,6362,1.1976
circuit_3,12127,48137,8,0.0,21,drift,0.5,200,0,False,256,6968,8381,,1.2028
circuit_3,12127,48137,8,0.0,21,drift,0.5,200,25,False,256,6968,8381,,1.2028
circuit_3,12127,48137,8,0.0,21,drift,0.5,200,50,False,256,6968,8381,,1.2028
circuit_3,12127,48137,8,0.0,21,drift,0.5,200,75,False,256,6968,8381,,1.2028
circuit_3,12127,48137,8,0.0,21,drift,0.5,200,100,False,256,6968,8381,,1.2028
circuit_3,12127,48137,8,0.0,21,drift,0.5,200,125,False,256,6968,8381,,1.2028
circuit_3,12127,48137,8,0.0,21,drift,0.5,200,150,False,256,6968,8381,,1.2028
circuit_3,12127,48137,8,0.0,21,drift,0.5,200,175,False,256,6968,8381,,1.2028
circuit_3,12127,48137,8,0.0,21,drift,0.5,200,199,True,256,6968,8381,6968,1.2028
circuit_3,12127,48137,8,0.002,17,drift,0.5,200,0,False,256,6334,7598,,1.1996
circuit_3,12127,48137,8,0.002,17,drift,0.5,200,25,False,256,6380,7754,,1.2154
circuit_3,12127,48137,8,0.002,17,drift,0.5,200,50,False,256,6420,7864,,1.2249
circuit_3,12127,48137,8,0.002,17,drift,0.5,200,75,False,256,6442,7896,,1.2257
circuit_3,12127,48137,8,0.002,17,drift,0.5,200,100,False,256,6460,7928,,1.2272
circuit_3,12127,48137,8,0.002,17,drift,0.5,200,125,False,256,6487,7979,,1.23
circuit_3,12127,48137,8,0.002,17,drift,0.5,200,150,False,256,6514,8039,,1.2341
circuit_3,12127,48137,8,0.002,17,drift,0.5,200,175,False,256,6506,8006,,1.2306
circuit_3,12127,48137,8,0.002,17,drift,0.5,200,199,True,256,6558,8104,6558,1.2357
circuit_3,12127,48137,8,0.002,18,drift,0.5,200,0,False,256,6359,7619,,1.1981
circuit_3,12127,48137,8,0.002,18,drift,0.5,200,25,False,256,6437,7898,,1.227
circuit_3,12127,48137,8,0.002,18,drift,0.5,200,50,False,256,6464,7982,,1.2348
circuit_3,12127,48137,8,0.002,18,drift,0.5,200,75,False,256,6533,8070,,1.2353
circuit_3,12127,48137,8,0.002,18,drift,0.5,200,100,False,256,6522,8027,,1.2308
circuit_3,12127,48137,8,0.002,18,drift,0.5,200,125,False,256,6532,8016,,1.2272
circuit_3,12127,48137,8,0.002,18,drift,0.5,200,150,False,256,6539,8036,,1.2289
circuit_3,12127,48137,8,0.002,18,drift,0.5,200,175,False,256,6552,8078,,1.2329
circuit_3,12127,48137,8,0.002,18,drift,0.5,200,199,True,256,6549,8049,6549,1.229
circuit_3,12127,48137,8,0.002,19,drift,0.5,200,0,False,256,6690,8088,,1.209
circuit_3,12127,48137,8,0.002,19,drift,0.5,200,25,False,256,6731,8198,,1.2179
circuit_3,12127,48137,8,0.002,19,drift,0.5,200,50,False,256,6818,8448,,1.2391
circuit_3,12127,48137,8,0.002,19,drift,0.5,200,75,False,256,6862,8560,,1.2474
circuit_3,12127,48137,8,0.002,19,drift,0.5,200,100,False,256,6890,8622,,1.2514
circuit_3,12127,48137,8,0.002,19,drift,0.5,200,125,False,256,6863,8585,,1.2509
circuit_3,12127,48137,8,0.002,19,drift,0.5,200,150,False,256,6862,8558,,1.2472
circuit_3,12127,48137,8,0.002,19,drift,0.5,200,175,False,256,6899,8643,,1.2528
circuit_3,12127,48137,8,0.002,19,drift,0.5,200,199,True,256,6911,8695,6911,1.2581
circuit_3,12127,48137,8,0.002,20,drift,0.5,200,0,False,256,6362,7619,,1.1976
circuit_3,12127,48137,8,0.002,20,drift,0.5,200,25,False,256,6392,7784,,1.2178
circuit_3,12127,48137,8,0.002,20,drift,0.5,200,50,False,256,6398,7808,,1.2204
circuit_3,12127,48137,8,0.002,20,drift,0.5,200,75,False,256,6413,7828,,1.2206
circuit_3,12127,48137,8,0.002,20,drift,0.5,200,100,False,256,6428,7830,,1.2181
circuit_3,12127,48137,8,0.002,20,drift,0.5,200,125,False,256,6428,7855,,1.222
circuit_3,12127,48137,8,0.002,20,drift,0.5,200,150,False,256,6427,7843,,1.2203
circuit_3,12127,48137,8,0.002,20,drift,0.5,200,175,False,256,6451,7885,,1.2223
circuit_3,12127,48137,8,0.002,20,drift,0.5,200,199,True,256,6457,7919,6457,1.2264
circuit_3,12127,48137,8,0.002,21,drift,0.5,200,0,False,256,6968,8381,,1.2028
circuit_3,12127,48137,8,0.002,21,drift,0.5,200,25,False,256,7075,8632,,1.2201
circuit_3,12127,48137,8,0.002,21,drift,0.5,200,50,False,256,7112,8688,,1.2216
circuit_3,12127,48137,8,0.002,21,drift,0.5,200,75,False,256,7044,8627,,1.2247
circuit_3,12127,48137,8,0.002,21,drift,0.5,200,100,False,256,6985,8534,,1.2218
circuit_3,12127,48137,8,0.002,21,drift,0.5,200,125,False,256,6945,8482,,1.2213
circuit_3,12127,48137,8,0.002,21,drift,0.5,200,150,False,256,7051,8699,,1.2337
circuit_3,12127,48137,8,0.002,21,drift,0.5,200,175,False,256,7032,8646,,1.2295
circuit_3,12127,48137,8,0.002,21,drift,0.5,200,199,True,256,7013,8624,7013,1.2297
circuit_3,12127,48137,8,0.01,17,drift,0.5,200,0,False,256,6334,7598,,1.1996
circuit_3,12127,48137,8,0.01,17,drift,0.5,200,25,False,256,6431,7925,,1.2323
circuit_3,12127,48137,8,0.01,17,drift,0.5,200,50,False,256,6429,7849,,1.2209
circuit_3,12127,48137,8,0.01,17,drift,0.5,200,75,False,256,6496,7983,,1.2289
circuit_3,12127,48137,8,0.01,17,drift,0.5,200,100,False,256,6447,7860,,1.2192
circuit_3,12127,48137,8,0.01,17,drift,0.5,200,125,False,256,6470,7877,,1.2175
circuit_3,12127,48137,8,0.01,17,drift,0.5,200,150,False,256,6577,7992,,1.2151
circuit_3,12127,48137,8,0.01,17,drift,0.5,200,175,False,256,6589,7976,,1.2105
circuit_3,12127,48137,8,0.01,17,drift,0.5,200,199,True,256,6572,7907,6572,1.2031
circuit_3,12127,48137,8,0.01,18,drift,0.5,200,0,False,256,6359,7619,,1.1981
circuit_3,12127,48137,8,0.01,18,drift,0.5,200,25,False,256,6473,7975,,1.232
circuit_3,12127,48137,8,0.01,18,drift,0.5,200,50,False,256,6462,7938,,1.2284
circuit_3,12127,48137,8,0.01,18,drift,0.5,200,75,False,256,6571,8094,,1.2318
circuit_3,12127,48137,8,0.01,18,drift,0.5,200,100,False,256,6565,7972,,1.2143
circuit_3,12127,48137,8,0.01,18,drift,0.5,200,125,False,256,6513,7852,,1.2056
circuit_3,12127,48137,8,0.01,18,drift,0.5,200,150,False,256,6557,7939,,1.2108
circuit_3,12127,48137,8,0.01,18,drift,0.5,200,175,False,256,6608,8005,,1.2114
circuit_3,12127,48137,8,0.01,18,drift,0.5,200,199,True,256,6613,7975,6613,1.206
circuit_3,12127,48137,8,0.01,19,drift,0.5,200,0,False,256,6690,8088,,1.209
circuit_3,12127,48137,8,0.01,19,drift,0.5,200,25,False,256,6714,8240,,1.2273
circuit_3,12127,48137,8,0.01,19,drift,0.5,200,50,False,256,6869,8511,,1.239
circuit_3,12127,48137,8,0.01,19,drift,0.5,200,75,False,256,6934,8657,,1.2485
circuit_3,12127,48137,8,0.01,19,drift,0.5,200,100,False,256,7047,8905,,1.2637
circuit_3,12127,48137,8,0.01,19,drift,0.5,200,125,False,256,7033,8829,,1.2554
circuit_3,12127,48137,8,0.01,19,drift,0.5,200,150,False,256,6906,8567,,1.2405
circuit_3,12127,48137,8,0.01,19,drift,0.5,200,175,False,256,6911,8554,,1.2377
circuit_3,12127,48137,8,0.01,19,drift,0.5,200,199,True,256,6851,8321,6851,1.2146
circuit_3,12127,48137,8,0.01,20,drift,0.5,200,0,False,256,6362,7619,,1.1976
circuit_3,12127,48137,8,0.01,20,drift,0.5,200,25,False,256,6450,7875,,1.2209
circuit_3,12127,48137,8,0.01,20,drift,0.5,200,50,False,256,6479,7953,,1.2275
circuit_3,12127,48137,8,0.01,20,drift,0.5,200,75,False,256,6476,7860,,1.2137
circuit_3,12127,48137,8,0.01,20,drift,0.5,200,100,False,256,6511,7915,,1.2156
circuit_3,12127,48137,8,0.01,20,drift,0.5,200,125,False,256,6526,7963,,1.2202
circuit_3,12127,48137,8,0.01,20,drift,0.5,200,150,False,256,6522,7837,,1.2016
circuit_3,12127,48137,8,0.01,20,drift,0.5,200,175,False,256,6526,7851,,1.203
circuit_3,12127,48137,8,0.01,20,drift,0.5,200,199,True,256,6572,7876,6572,1.1984
circuit_3,12127,48137,8,0.01,21,drift,0.5,200,0,False,256,6968,8381,,1.2028
circuit_3,12127,48137,8,0.01,21,drift,0.5,200,25,False,256,7059,8591,,1.217
circuit_3,12127,48137,8,0.01,21,drift,0.5,200,50,False,256,7037,8536,,1.213
circuit_3,12127,48137,8,0.01,21,drift,0.5,200,75,False,256,7127,8814,,1.2367
circuit_3,12127,48137,8,0.01,21,drift,0.5,200,100,False,256,7083,8653,,1.2217
circuit_3,12127,48137,8,0.01,21,drift,0.5,200,125,False,256,7051,8594,,1.2188
circuit_3,12127,48137,8,0.01,21,drift,0.5,200,150,False,256,7188,8785,,1.2222
circuit_3,12127,48137,8,0.01,21,drift,0.5,200,175,False,256,7198,8736,,1.2137
circuit_3,12127,48137,8,0.01,21,drift,0.5,200,199,True,256,7374,9011,7374,1.222
circuit_3,12127,48137,8,0.05,17,drift,0.5,200,0,False,256,6334,7598,,1.1996
circuit_3,12127,48137,8,0.05,17,drift,0.5,200,25,False,256,6529,7910,,1.2115
circuit_3,12127,48137,8,0.05,17,drift,0.5,200,50,False,256,6690,8100,,1.2108
circuit_3,12127,48137,8,0.05,17,drift,0.5,200,75,False,256,6973,8557,,1.2272
circuit_3,12127,48137,8,0.05,17,drift,0.5,200,100,False,256,7275,9019,,1.2397
circuit_3,12127,48137,8,0.05,17,drift,0.5,200,125,False,256,7439,9376,,1.2604
circuit_3,12127,48137,8,0.05,17,drift,0.5,200,150,False,256,7379,9269,,1.2561
circuit_3,12127,48137,8,0.05,17,drift,0.5,200,175,False,256,7441,9303,,1.2502
circuit_3,12127,48137,8,0.05,17,drift,0.5,200,199,True,256,7553,9529,7553,1.2616
circuit_3,12127,48137,8,0.05,18,drift,0.5,200,0,False,256,6359,7619,,1.1981
circuit_3,12127,48137,8,0.05,18,drift,0.5,200,25,False,256,6471,7914,,1.223
circuit_3,12127,48137,8,0.05,18,drift,0.5,200,50,False,256,6609,7889,,1.1937
circuit_3,12127,48137,8,0.05,18,drift,0.5,200,75,False,256,6628,7895,,1.1912
circuit_3,12127,48137,8,0.05,18,drift,0.5,200,100,False,256,6647,7992,,1.2023
circuit_3,12127,48137,8,0.05,18,drift,0.5,200,125,False,256,6695,7989,,1.1933
circuit_3,12127,48137,8,0.05,18,drift,0.5,200,150,False,256,6824,8287,,1.2144
circuit_3,12127,48137,8,0.05,18,drift,0.5,200,175,False,256,6932,8375,,1.2082
circuit_3,12127,48137,8,0.05,18,drift,0.5,200,199,True,256,6812,8197,6812,1.2033
circuit_3,12127,48137,8,0.05,19,drift,0.5,200,0,False,256,6690,8088,,1.209
circuit_3,12127,48137,8,0.05,19,drift,0.5,200,25,False,256,7046,8732,,1.2393
circuit_3,12127,48137,8,0.05,19,drift,0.5,200,50,False,256,7018,8630,,1.2297
circuit_3,12127,48137,8,0.05,19,drift,0.5,200,75,False,256,7345,9053,,1.2325
circuit_3,12127,48137,8,0.05,19,drift,0.5,200,100,False,256,7227,8891,,1.2302
circuit_3,12127,48137,8,0.05,19,drift,0.5,200,125,False,256,7425,9280,,1.2498
circuit_3,12127,48137,8,0.05,19,drift,0.5,200,150,False,256,7601,9704,,1.2767
circuit_3,12127,48137,8,0.05,19,drift,0.5,200,175,False,256,7638,9789,,1.2816
circuit_3,12127,48137,8,0.05,19,drift,0.5,200,199,True,256,7555,9688,7555,1.2823
circuit_3,12127,48137,8,0.05,20,drift,0.5,200,0,False,256,6362,7619,,1.1976
circuit_3,12127,48137,8,0.05,20,drift,0.5,200,25,False,256,6649,8071,,1.2139
circuit_3,12127,48137,8,0.05,20,drift,0.5,200,50,False,256,6686,8131,,1.2161
circuit_3,12127,48137,8,0.05,20,drift,0.5,200,75,False,256,6702,8039,,1.1995
circuit_3,12127,48137,8,0.05,20,drift,0.5,200,100,False,256,6830,8334,,1.2202
circuit_3,12127,48137,8,0.05,20,drift,0.5,200,125,False,256,6735,8098,,1.2024
circuit_3,12127,48137,8,0.05,20,drift,0.5,200,150,False,256,6859,8443,,1.2309
circuit_3,12127,48137,8,0.05,20,drift,0.5,200,175,False,256,6913,8605,,1.2448
circuit_3,12127,48137,8,0.05,20,drift,0.5,200,199,True,256,6942,8470,6942,1.2201
circuit_3,12127,48137,8,0.05,21,drift,0.5,200,0,False,256,6968,8381,,1.2028
circuit_3,12127,48137,8,0.05,21,drift,0.5,200,25,False,256,7268,8928,,1.2284
circuit_3,12127,48137,8,0.05,21,drift,0.5,200,50,False,256,7358,9027,,1.2268
circuit_3,12127,48137,8,0.05,21,drift,0.5,200,75,False,256,7291,8973,,1.2307
circuit_3,12127,48137,8,0.05,21,drift,0.5,200,100,False,256,7208,8789,,1.2193
circuit_3,12127,48137,8,0.05,21,drift,0.5,200,125,False,256,7312,9049,,1.2376
circuit_3,12127,48137,8,0.05,21,drift,0.5,200,150,False,256,7301,8979,,1.2298
circuit_3,12127,48137,8,0.05,21,drift,0.5,200,175,False,256,7417,9148,,1.2334
circuit_3,12127,48137,8,0.05,21,drift,0.5,200,199,True,256,7076,8581,7076,1.2127
circuit_3,12127,48137,8,0.25,17,drift,0.5,200,0,False,256,6334,7598,,1.1996
circuit_3,12127,48137,8,0.25,17,drift,0.5,200,25,False,256,7116,8831,,1.241
circuit_3,12127,48137,8,0.25,17,drift,0.5,200,50,False,256,6963,8558,,1.2291
circuit_3,12127,48137,8,0.25,17,drift,0.5,200,75,False,256,7267,8987,,1.2367
circuit_3,12127,48137,8,0.25,17,drift,0.5,200,100,False,256,7249,9151,,1.2624
circuit_3,12127,48137,8,0.25,17,drift,0.5,200,125,False,256,6902,8355,,1.2105
circuit_3,12127,48137,8,0.25,17,drift,0.5,200,150,False,256,7213,8803,,1.2204
circuit_3,12127,48137,8,0.25,17,drift,0.5,200,175,False,256,6906,8286,,1.1998
circuit_3,12127,48137,8,0.25,17,drift,0.5,200,199,True,256,6911,8228,6911,1.1906
circuit_3,12127,48137,8,0.25,18,drift,0.5,200,0,False,256,6359,7619,,1.1981
circuit_3,12127,48137,8,0.25,18,drift,0.5,200,25,False,256,6750,8154,,1.208
circuit_3,12127,48137,8,0.25,18,drift,0.5,200,50,False,256,6850,8496,,1.2403
circuit_3,12127,48137,8,0.25,18,drift,0.5,200,75,False,256,6935,8469,,1.2212
circuit_3,12127,48137,8,0.25,18,drift,0.5,200,100,False,256,6999,8779,,1.2543
circuit_3,12127,48137,8,0.25,18,drift,0.5,200,125,False,256,7350,8906,,1.2117
circuit_3,12127,48137,8,0.25,18,drift,0.5,200,150,False,256,7147,8716,,1.2195
circuit_3,12127,48137,8,0.25,18,drift,0.5,200,175,False,256,7165,8796,,1.2276
circuit_3,12127,48137,8,0.25,18,drift,0.5,200,199,True,256,7220,8995,7220,1.2458
circuit_3,12127,48137,8,0.25,19,drift,0.5,200,0,False,256,6690,8088,,1.209
circuit_3,12127,48137,8,0.25,19,drift,0.5,200,25,False,256,7409,9177,,1.2386
circuit_3,12127,48137,8,0.25,19,drift,0.5,200,50,False,256,7206,8957,,1.243
circuit_3,12127,48137,8,0.25,19,drift,0.5,200,75,False,256,6933,8431,,1.2161
circuit_3,12127,48137,8,0.25,19,drift,0.5,200,100,False,256,7233,8926,,1.2341
circuit_3,12127,48137,8,0.25,19,drift,0.5,200,125,False,256,7245,9109,,1.2573
circuit_3,12127,48137,8,0.25,19,drift,0.5,200,150,False,256,7169,8718,,1.2161
circuit_3,12127,48137,8,0.25,19,drift,0.5,200,175,False,256,7175,8849,,1.2333
circuit_3,12127,48137,8,0.25,19,drift,0.5,200,199,True,256,6958,8338,6958,1.1983
circuit_3,12127,48137,8,0.25,20,drift,0.5,200,0,False,256,6362,7619,,1.1976
circuit_3,12127,48137,8,0.25,20,drift,0.5,200,25,False,256,6587,7874,,1.1954
circuit_3,12127,48137,8,0.25,20,drift,0.5,200,50,False,256,7051,8494,,1.2047
circuit_3,12127,48137,8,0.25,20,drift,0.5,200,75,False,256,7434,9221,,1.2404
circuit_3,12127,48137,8,0.25,20,drift,0.5,200,100,False,256,7388,9064,,1.2269
circuit_3,12127,48137,8,0.25,20,drift,0.5,200,125,False,256,7416,9282,,1.2516
circuit_3,12127,48137,8,0.25,20,drift,0.5,200,150,False,256,7469,9456,,1.266
circuit_3,12127,48137,8,0.25,20,drift,0.5,200,175,False,256,7478,9407,,1.258
circuit_3,12127,48137,8,0.25,20,drift,0.5,200,199,True,256,6997,8563,6997,1.2238
circuit_3,12127,48137,8,0.25,21,drift,0.5,200,0,False,256,6968,8381,,1.2028
circuit_3,12127,48137,8,0.25,21,drift,0.5,200,25,False,256,7000,8554,,1.222
circuit_3,12127,48137,8,0.25,21,drift,0.5,200,50,False,256,7002,8517,,1.2164
circuit_3,12127,48137,8,0.25,21,drift,0.5,200,75,False,256,7040,8722,,1.2389
circuit_3,12127,48137,8,0.25,21,drift,0.5,200,100,False,256,6979,8629,,1.2364
circuit_3,12127,48137,8,0.25,21,drift,0.5,200,125,False,256,7060,8704,,1.2329
circuit_3,12127,48137,8,0.25,21,drift,0.5,200,150,False,256,6875,8185,,1.1905
circuit_3,12127,48137,8,0.25,21,drift,0.5,200,175,False,256,7026,8511,,1.2114
circuit_3,12127,48137,8,0.25,21,drift,0.5,200,199,True,256,7278,8911,7278,1.2244
circuit_3,12127,48137,8,0.0,17,jump,0.5,200,0,False,256,6334,7598,,1.1996
circuit_3,12127,48137,8,0.0,17,jump,0.5,200,25,False,256,6334,7598,,1.1996
circuit_3,12127,48137,8,0.0,17,jump,0.5,200,50,False,256,6334,7598,,1.1996
circuit_3,12127,48137,8,0.0,17,jump,0.5,200,75,False,256,6334,7598,,1.1996
circuit_3,12127,48137,8,0.0,17,jump,0.5,200,100,False,256,6334,7598,,1.1996
circuit_3,12127,48137,8,0.0,17,jump,0.5,200,125,False,256,6334,7598,,1.1996
circuit_3,12127,48137,8,0.0,17,jump,0.5,200,150,False,256,6334,7598,,1.1996
circuit_3,12127,48137,8,0.0,17,jump,0.5,200,175,False,256,6334,7598,,1.1996
circuit_3,12127,48137,8,0.0,17,jump,0.5,200,199,True,256,6334,7598,6334,1.1996
circuit_3,12127,48137,8,0.0,18,jump,0.5,200,0,False,256,6359,7619,,1.1981
circuit_3,12127,48137,8,0.0,18,jump,0.5,200,25,False,256,6359,7619,,1.1981
circuit_3,12127,48137,8,0.0,18,jump,0.5,200,50,False,256,6359,7619,,1.1981
circuit_3,12127,48137,8,0.0,18,jump,0.5,200,75,False,256,6359,7619,,1.1981
circuit_3,12127,48137,8,0.0,18,jump,0.5,200,100,False,256,6359,7619,,1.1981
circuit_3,12127,48137,8,0.0,18,jump,0.5,200,125,False,256,6359,7619,,1.1981
circuit_3,12127,48137,8,0.0,18,jump,0.5,200,150,False,256,6359,7619,,1.1981
circuit_3,12127,48137,8,0.0,18,jump,0.5,200,175,False,256,6359,7619,,1.1981
circuit_3,12127,48137,8,0.0,18,jump,0.5,200,199,True,256,6359,7619,6359,1.1981
circuit_3,12127,48137,8,0.0,19,jump,0.5,200,0,False,256,6690,8088,,1.209
circuit_3,12127,48137,8,0.0,19,jump,0.5,200,25,False,256,6690,8088,,1.209
circuit_3,12127,48137,8,0.0,19,jump,0.5,200,50,False,256,6690,8088,,1.209
circuit_3,12127,48137,8,0.0,19,jump,0.5,200,75,False,256,6690,8088,,1.209
circuit_3,12127,48137,8,0.0,19,jump,0.5,200,100,False,256,6690,8088,,1.209
circuit_3,12127,48137,8,0.0,19,jump,0.5,200,125,False,256,6690,8088,,1.209
circuit_3,12127,48137,8,0.0,19,jump,0.5,200,150,False,256,6690,8088,,1.209
circuit_3,12127,48137,8,0.0,19,jump,0.5,200,175,False,256,6690,8088,,1.209
circuit_3,12127,48137,8,0.0,19,jump,0.5,200,199,True,256,6690,8088,6690,1.209
circuit_3,12127,48137,8,0.0,20,jump,0.5,200,0,False,256,6362,7619,,1.1976
circuit_3,12127,48137,8,0.0,20,jump,0.5,200,25,False,256,6362,7619,,1.1976
circuit_3,12127,48137,8,0.0,20,jump,0.5,200,50,False,256,6362,7619,,1.1976
circuit_3,12127,48137,8,0.0,20,jump,0.5,200,75,False,256,6362,7619,,1.1976
circuit_3,12127,48137,8,0.0,20,jump,0.5,200,100,False,256,6362,7619,,1.1976
circuit_3,12127,48137,8,0.0,20,jump,0.5,200,125,False,256,6362,7619,,1.1976
circuit_3,12127,48137,8,0.0,20,jump,0.5,200,150,False,256,6362,7619,,1.1976
circuit_3,12127,48137,8,0.0,20,jump,0.5,200,175,False,256,6362,7619,,1.1976
circuit_3,12127,48137,8,0.0,20,jump,0.5,200,199,True,256,6362,7619,6362,1.1976
circuit_3,12127,48137,8,0.0,21,jump,0.5,200,0,False,256,6968,8381,,1.2028
circuit_3,12127,48137,8,0.0,21,jump,0.5,200,25,False,256,6968,8381,,1.2028
circuit_3,12127,48137,8,0.0,21,jump,0.5,200,50,False,256,6968,8381,,1.2028
circuit_3,12127,48137,8,0.0,21,jump,0.5,200,75,False,256,6968,8381,,1.2028
circuit_3,12127,48137,8,0.0,21,jump,0.5,200,100,False,256,6968,8381,,1.2028
circuit_3,12127,48137,8,0.0,21,jump,0.5,200,125,False,256,6968,8381,,1.2028
circuit_3,12127,48137,8,0.0,21,jump,0.5,200,150,False,256,6968,8381,,1.2028
circuit_3,12127,48137,8,0.0,21,jump,0.5,200,175,False,256,6968,8381,,1.2028
circuit_3,12127,48137,8,0.0,21,jump,0.5,200,199,True,256,6968,8381,6968,1.2028
circuit_3,12127,48137,8,0.002,17,jump,0.5,200,0,False,256,6334,7598,,1.1996
circuit_3,12127,48137,8,0.002,17,jump,0.5,200,25,False,256,1464,2125,,1.4515
circuit_3,12127,48137,8,0.002,17,jump,0.5,200,50,False,256,6640,8258,,1.2437
circuit_3,12127,48137,8,0.002,17,jump,0.5,200,75,False,256,6757,8517,,1.2605
circuit_3,12127,48137,8,0.002,17,jump,0.5,200,100,False,256,6897,8744,,1.2678
circuit_3,12127,48137,8,0.002,17,jump,0.5,200,125,False,256,6968,8854,,1.2707
circuit_3,12127,48137,8,0.002,17,jump,0.5,200,150,False,256,7088,9060,,1.2782
circuit_3,12127,48137,8,0.002,17,jump,0.5,200,175,False,256,2694,3479,,1.2914
circuit_3,12127,48137,8,0.002,17,jump,0.5,200,199,True,256,2709,3464,2709,1.2787
circuit_3,12127,48137,8,0.002,18,jump,0.5,200,0,False,256,6359,7619,,1.1981
circuit_3,12127,48137,8,0.002,18,jump,0.5,200,25,False,256,6509,7853,,1.2065
circuit_3,12127,48137,8,0.002,18,jump,0.5,200,50,False,256,6858,8348,,1.2173
circuit_3,12127,48137,8,0.002,18,jump,0.5,200,75,False,256,6952,8602,,1.2373
circuit_3,12127,48137,8,0.002,18,jump,0.5,200,100,False,256,7057,8799,,1.2468
circuit_3,12127,48137,8,0.002,18,jump,0.5,200,125,False,256,7171,8934,,1.2459
circuit_3,12127,48137,8,0.002,18,jump,0.5,200,150,False,256,7276,9189,,1.2629
circuit_3,12127,48137,8,0.002,18,jump,0.5,200,175,False,256,7416,9349,,1.2607
circuit_3,12127,48137,8,0.002,18,jump,0.5,200,199,True,256,7350,9262,7350,1.2601
circuit_3,12127,48137,8,0.002,19,jump,0.5,200,0,False,256,6690,8088,,1.209
circuit_3,12127,48137,8,0.002,19,jump,0.5,200,25,False,256,6881,8401,,1.2209
circuit_3,12127,48137,8,0.002,19,jump,0.5,200,50,False,256,6995,8644,,1.2357
circuit_3,12127,48137,8,0.002,19,jump,0.5,200,75,False,256,7152,8853,,1.2378
circuit_3,12127,48137,8,0.002,19,jump,0.5,200,100,False,256,7250,8955,,1.2352
circuit_3,12127,48137,8,0.002,19,jump,0.5,200,125,False,256,7293,9104,,1.2483
circuit_3,12127,48137,8,0.002,19,jump,0.5,200,150,False,256,7420,9219,,1.2425
circuit_3,12127,48137,8,0.002,19,jump,0.5,200,175,False,256,7406,9383,,1.2669
circuit_3,12127,48137,8,0.002,19,jump,0.5,200,199,True,256,7414,9442,7414,1.2735
circuit_3,12127,48137,8,0.002,20,jump,0.5,200,0,False,256,6362,7619,,1.1976
circuit_3,12127,48137,8,0.002,20,jump,0.5,200,25,False,256,6595,8086,,1.2261
circuit_3,12127,48137,8,0.002,20,jump,0.5,200,50,False,256,6753,8378,,1.2406
circuit_3,12127,48137,8,0.002,20,jump,0.5,200,75,False,256,6935,8693,,1.2535
circuit_3,12127,48137,8,0.002,20,jump,0.5,200,100,False,256,7094,8944,,1.2608
circuit_3,12127,48137,8,0.002,20,jump,0.5,200,125,False,256,7226,9155,,1.267
circuit_3,12127,48137,8,0.002,20,jump,0.5,200,150,False,256,7157,9102,,1.2718
circuit_3,12127,48137,8,0.002,20,jump,0.5,200,175,False,256,7252,9192,,1.2675
circuit_3,12127,48137,8,0.002,20,jump,0.5,200,199,True,256,7194,9168,7194,1.2744
circuit_3,12127,48137,8,0.002,21,jump,0.5,200,0,False,256,6968,8381,,1.2028
circuit_3,12127,48137,8,0.002,21,jump,0.5,200,25,False,256,6993,8476,,1.2121
circuit_3,12127,48137,8,0.002,21,jump,0.5,200,50,False,256,7100,8689,,1.2238
circuit_3,12127,48137,8,0.002,21,jump,0.5,200,75,False,256,7134,8790,,1.2321
circuit_3,12127,48137,8,0.002,21,jump,0.5,200,100,False,256,7242,8999,,1.2426
circuit_3,12127,48137,8,0.002,21,jump,0.5,200,125,False,256,7225,9100,,1.2595
circuit_3,12127,48137,8,0.002,21,jump,0.5,200,150,False,256,7273,9258,,1.2729
circuit_3,12127,48137,8,0.002,21,jump,0.5,200,175,False,256,7271,9258,,1.2733
circuit_3,12127,48137,8,0.002,21,jump,0.5,200,199,True,256,7405,9342,7405,1.2616
circuit_3,12127,48137,8,0.01,17,jump,0.5,200,0,False,256,6334,7598,,1.1996
circuit_3,12127,48137,8,0.01,17,jump,0.5,200,25,False,256,6755,8310,,1.2302
circuit_3,12127,48137,8,0.01,17,jump,0.5,200,50,False,256,7062,8866,,1.2555
circuit_3,12127,48137,8,0.01,17,jump,0.5,200,75,False,256,2914,3592,,1.2327
circuit_3,12127,48137,8,0.01,17,jump,0.5,200,100,False,256,3231,3999,,1.2377
circuit_3,12127,48137,8,0.01,17,jump,0.5,200,125,False,256,3275,4019,,1.2272
circuit_3,12127,48137,8,0.01,17,jump,0.5,200,150,False,256,3200,3841,,1.2003
circuit_3,12127,48137,8,0.01,17,jump,0.5,200,175,False,256,3387,4025,,1.1884
circuit_3,12127,48137,8,0.01,17,jump,0.5,200,199,True,256,3257,3833,3257,1.1768
circuit_3,12127,48137,8,0.01,18,jump,0.5,200,0,False,256,6359,7619,,1.1981
circuit_3,12127,48137,8,0.01,18,jump,0.5,200,25,False,256,6822,8472,,1.2419
circuit_3,12127,48137,8,0.01,18,jump,0.5,200,50,False,256,6991,8766,,1.2539
circuit_3,12127,48137,8,0.01,18,jump,0.5,200,75,False,256,7263,9202,,1.267
circuit_3,12127,48137,8,0.01,18,jump,0.5,200,100,False,256,7343,9320,,1.2692
circuit_3,12127,48137,8,0.01,18,jump,0.5,200,125,False,256,7414,9579,,1.292
circuit_3,12127,48137,8,0.01,18,jump,0.5,200,150,False,256,3191,3811,,1.1943
circuit_3,12127,48137,8,0.01,18,jump,0.5,200,175,False,256,3279,3922,,1.1961
circuit_3,12127,48137,8,0.01,18,jump,0.5,200,199,True,256,3410,4047,3410,1.1868
circuit_3,12127,48137,8,0.01,19,jump,0.5,200,0,False,256,6690,8088,,1.209
circuit_3,12127,48137,8,0.01,19,jump,0.5,200,25,False,256,7253,9097,,1.2542
circuit_3,12127,48137,8,0.01,19,jump,0.5,200,50,False,256,2794,3661,,1.3103
circuit_3,12127,48137,8,0.01,19,jump,0.5,200,75,False,256,3230,4095,,1.2678
circuit_3,12127,48137,8,0.01,19,jump,0.5,200,100,False,256,3428,4290,,1.2515
circuit_3,12127,48137,8,0.01,19,jump,0.5,200,125,False,256,3425,4224,,1.2333
circuit_3,12127,48137,8,0.01,19,jump,0.5,200,150,False,256,3539,4318,,1.2201
circuit_3,12127,48137,8,0.01,19,jump,0.5,200,175,False,256,3536,4340,,1.2274
circuit_3,12127,48137,8,0.01,19,jump,0.5,200,199,True,256,3595,4435,3595,1.2337
circuit_3,12127,48137,8,0.01,20,jump,0.5,200,0,False,256,6362,7619,,1.1976
circuit_3,12127,48137,8,0.01,20,jump,0.5,200,25,False,256,7031,8636,,1.2283
circuit_3,12127,48137,8,0.01,20,jump,0.5,200,50,False,256,7313,9137,,1.2494
circuit_3,12127,48137,8,0.01,20,jump,0.5,200,75,False,256,7479,9430,,1.2609
circuit_3,12127,48137,8,0.01,20,jump,0.5,200,100,False,256,7561,9667,,1.2785
circuit_3,12127,48137,8,0.01,20,jump,0.5,200,125,False,256,7619,9746,,1.2792
circuit_3,12127,48137,8,0.01,20,jump,0.5,200,150,False,256,7644,9828,,1.2857
circuit_3,12127,48137,8,0.01,20,jump,0.5,200,175,False,256,3371,4027,,1.1946
circuit_3,12127,48137,8,0.01,20,jump,0.5,200,199,True,256,3349,4001,3349,1.1947
circuit_3,12127,48137,8,0.01,21,jump,0.5,200,0,False,256,6968,8381,,1.2028
circuit_3,12127,48137,8,0.01,21,jump,0.5,200,25,False,256,7271,8856,,1.218
circuit_3,12127,48137,8,0.01,21,jump,0.5,200,50,False,256,7416,9206,,1.2414
circuit_3,12127,48137,8,0.01,21,jump,0.5,200,75,False,256,7545,9491,,1.2579
circuit_3,12127,48137,8,0.01,21,jump,0.5,200,100,False,256,7633,9603,,1.2581
circuit_3,12127,48137,8,0.01,21,jump,0.5,200,125,False,256,7703,9734,,1.2637
circuit_3,12127,48137,8,0.01,21,jump,0.5,200,150,False,256,7630,9653,,1.2651
circuit_3,12127,48137,8,0.01,21,jump,0.5,200,175,False,256,7705,9765,,1.2674
circuit_3,12127,48137,8,0.01,21,jump,0.5,200,199,True,256,7628,9677,7628,1.2686
circuit_3,12127,48137,8,0.05,17,jump,0.5,200,0,False,256,6334,7598,,1.1996
circuit_3,12127,48137,8,0.05,17,jump,0.5,200,25,False,256,3422,4154,,1.2139
circuit_3,12127,48137,8,0.05,17,jump,0.5,200,50,False,256,7692,9753,,1.2679
circuit_3,12127,48137,8,0.05,17,jump,0.5,200,75,False,256,3398,3972,,1.1689
circuit_3,12127,48137,8,0.05,17,jump,0.5,200,100,False,256,3269,3828,,1.171
circuit_3,12127,48137,8,0.05,17,jump,0.5,200,125,False,256,7713,9808,,1.2716
circuit_3,12127,48137,8,0.05,17,jump,0.5,200,150,False,256,3461,4153,,1.1999
circuit_3,12127,48137,8,0.05,17,jump,0.5,200,175,False,256,3199,3648,,1.1404
circuit_3,12127,48137,8,0.05,17,jump,0.5,200,199,True,256,3320,3879,3320,1.1684
circuit_3,12127,48137,8,0.05,18,jump,0.5,200,0,False,256,6359,7619,,1.1981
circuit_3,12127,48137,8,0.05,18,jump,0.5,200,25,False,256,3223,4032,,1.251
circuit_3,12127,48137,8,0.05,18,jump,0.5,200,50,False,256,3259,3862,,1.185
circuit_3,12127,48137,8,0.05,18,jump,0.5,200,75,False,256,3290,3878,,1.1787
circuit_3,12127,48137,8,0.05,18,jump,0.5,200,100,False,256,3377,3956,,1.1715
circuit_3,12127,48137,8,0.05,18,jump,0.5,200,125,False,256,3466,4172,,1.2037
circuit_3,12127,48137,8,0.05,18,jump,0.5,200,150,False,256,3305,3911,,1.1834
circuit_3,12127,48137,8,0.05,18,jump,0.5,200,175,False,256,3291,3908,,1.1875
circuit_3,12127,48137,8,0.05,18,jump,0.5,200,199,True,256,7510,9521,7510,1.2678
circuit_3,12127,48137,8,0.05,19,jump,0.5,200,0,False,256,6690,8088,,1.209
circuit_3,12127,48137,8,0.05,19,jump,0.5,200,25,False,256,7716,9799,,1.27
circuit_3,12127,48137,8,0.05,19,jump,0.5,200,50,False,256,3612,4413,,1.2218
circuit_3,12127,48137,8,0.05,19,jump,0.5,200,75,False,256,3528,4284,,1.2143
circuit_3,12127,48137,8,0.05,19,jump,0.5,200,100,False,256,7915,10061,,1.2711
circuit_3,12127,48137,8,0.05,19,jump,0.5,200,125,False,256,3350,3938,,1.1755
circuit_3,12127,48137,8,0.05,19,jump,0.5,200,150,False,256,3502,4204,,1.2005
circuit_3,12127,48137,8,0.05,19,jump,0.5,200,175,False,256,3504,4155,,1.1858
circuit_3,12127,48137,8,0.05,19,jump,0.5,200,199,True,256,3353,3990,3353,1.19
circuit_3,12127,48137,8,0.05,20,jump,0.5,200,0,False,256,6362,7619,,1.1976
circuit_3,12127,48137,8,0.05,20,jump,0.5,200,25,False,256,3048,3648,,1.1969
circuit_3,12127,48137,8,0.05,20,jump,0.5,200,50,False,256,3213,3801,,1.183
circuit_3,12127,48137,8,0.05,20,jump,0.5,200,75,False,256,3363,3947,,1.1737
circuit_3,12127,48137,8,0.05,20,jump,0.5,200,100,False,256,3486,4144,,1.1888
circuit_3,12127,48137,8,0.05,20,jump,0.5,200,125,False,256,3432,4058,,1.1824
circuit_3,12127,48137,8,0.05,20,jump,0.5,200,150,False,256,3564,4170,,1.17
circuit_3,12127,48137,8,0.05,20,jump,0.5,200,175,False,256,3433,4081,,1.1888
circuit_3,12127,48137,8,0.05,20,jump,0.5,200,199,True,256,3366,3921,3366,1.1649
circuit_3,12127,48137,8,0.05,21,jump,0.5,200,0,False,256,6968,8381,,1.2028
circuit_3,12127,48137,8,0.05,21,jump,0.5,200,25,False,256,7753,9860,,1.2718
circuit_3,12127,48137,8,0.05,21,jump,0.5,200,50,False,256,3458,4206,,1.2163
circuit_3,12127,48137,8,0.05,21,jump,0.5,200,75,False,256,3550,4276,,1.2045
circuit_3,12127,48137,8,0.05,21,jump,0.5,200,100,False,256,3280,3894,,1.1872
circuit_3,12127,48137,8,0.05,21,jump,0.5,200,125,False,256,3276,3829,,1.1688
circuit_3,12127,48137,8,0.05,21,jump,0.5,200,150,False,256,3320,3950,,1.1898
circuit_3,12127,48137,8,0.05,21,jump,0.5,200,175,False,256,3562,4221,,1.185
circuit_3,12127,48137,8,0.05,21,jump,0.5,200,199,True,256,3267,3850,3267,1.1785
circuit_3,12127,48137,8,0.25,17,jump,0.5,200,0,False,256,6334,7598,,1.1996
circuit_3,12127,48137,8,0.25,17,jump,0.5,200,25,False,256,3430,4041,,1.1781
circuit_3,12127,48137,8,0.25,17,jump,0.5,200,50,False,256,3292,3863,,1.1735
circuit_3,12127,48137,8,0.25,17,jump,0.5,200,75,False,256,3214,3703,,1.1521
circuit_3,12127,48137,8,0.25,17,jump,0.5,200,100,False,256,7656,9716,,1.2691
circuit_3,12127,48137,8,0.25,17,jump,0.5,200,125,False,256,3198,3726,,1.1651
circuit_3,12127,48137,8,0.25,17,jump,0.5,200,150,False,256,3115,3672,,1.1788
circuit_3,12127,48137,8,0.25,17,jump,0.5,200,175,False,256,3271,3865,,1.1816
circuit_3,12127,48137,8,0.25,17,jump,0.5,200,199,True,256,3411,3991,3411,1.17
circuit_3,12127,48137,8,0.25,18,jump,0.5,200,0,False,256,6359,7619,,1.1981
circuit_3,12127,48137,8,0.25,18,jump,0.5,200,25,False,256,3466,4136,,1.1933
circuit_3,12127,48137,8,0.25,18,jump,0.5,200,50,False,256,3480,4176,,1.2
circuit_3,12127,48137,8,0.25,18,jump,0.5,200,75,False,256,3508,4206,,1.199
circuit_3,12127,48137,8,0.25,18,jump,0.5,200,100,False,256,7892,10030,,1.2709
circuit_3,12127,48137,8,0.25,18,jump,0.5,200,125,False,256,3354,3975,,1.1852
circuit_3,12127,48137,8,0.25,18,jump,0.5,200,150,False,256,3408,4032,,1.1831
circuit_3,12127,48137,8,0.25,18,jump,0.5,200,175,False,256,3173,3713,,1.1702
circuit_3,12127,48137,8,0.25,18,jump,0.5,200,199,True,256,3491,4121,3491,1.1805
circuit_3,12127,48137,8,0.25,19,jump,0.5,200,0,False,256,6690,8088,,1.209
circuit_3,12127,48137,8,0.25,19,jump,0.5,200,25,False,256,7614,9553,,1.2547
circuit_3,12127,48137,8,0.25,19,jump,0.5,200,50,False,256,3368,4003,,1.1885
circuit_3,12127,48137,8,0.25,19,jump,0.5,200,75,False,256,3479,4176,,1.2003
circuit_3,12127,48137,8,0.25,19,jump,0.5,200,100,False,256,3301,3888,,1.1778
circuit_3,12127,48137,8,0.25,19,jump,0.5,200,125,False,256,3421,4040,,1.1809
circuit_3,12127,48137,8,0.25,19,jump,0.5,200,150,False,256,3337,3955,,1.1852
circuit_3,12127,48137,8,0.25,19,jump,0.5,200,175,False,256,3262,3803,,1.1658
circuit_3,12127,48137,8,0.25,19,jump,0.5,200,199,True,256,3196,3788,3196,1.1852
circuit_3,12127,48137,8,0.25,20,jump,0.5,200,0,False,256,6362,7619,,1.1976
circuit_3,12127,48137,8,0.25,20,jump,0.5,200,25,False,256,3352,4032,,1.2029
circuit_3,12127,48137,8,0.25,20,jump,0.5,200,50,False,256,7674,9763,,1.2722
circuit_3,12127,48137,8,0.25,20,jump,0.5,200,75,False,256,3322,3869,,1.1647
circuit_3,12127,48137,8,0.25,20,jump,0.5,200,100,False,256,3251,3868,,1.1898
circuit_3,12127,48137,8,0.25,20,jump,0.5,200,125,False,256,3275,3831,,1.1698
circuit_3,12127,48137,8,0.25,20,jump,0.5,200,150,False,256,3316,3847,,1.1601
circuit_3,12127,48137,8,0.25,20,jump,0.5,200,175,False,256,3518,4184,,1.1893
circuit_3,12127,48137,8,0.25,20,jump,0.5,200,199,True,256,7785,10056,7785,1.2917
circuit_3,12127,48137,8,0.25,21,jump,0.5,200,0,False,256,6968,8381,,1.2028
circuit_3,12127,48137,8,0.25,21,jump,0.5,200,25,False,256,3373,4040,,1.1977
circuit_3,12127,48137,8,0.25,21,jump,0.5,200,50,False,256,7736,9926,,1.2831
circuit_3,12127,48137,8,0.25,21,jump,0.5,200,75,False,256,3590,4273,,1.1903
circuit_3,12127,48137,8,0.25,21,jump,0.5,200,100,False,256,3281,3941,,1.2012
circuit_3,12127,48137,8,0.25,21,jump,0.5,200,125,False,256,3409,4002,,1.174
circuit_3,12127,48137,8,0.25,21,jump,0.5,200,150,False,256,7642,9471,,1.2393
circuit_3,12127,48137,8,0.25,21,jump,0.5,200,175,False,256,3233,3861,,1.1942
circuit_3,12127,48137,8,0.25,21,jump,0.5,200,199,True,256,3215,3751,3215,1.1667
rajat03,7602,32653,8,0.0,17,drift,0.5,200,0,False,256,1007,2165,,2.15
rajat03,7602,32653,8,0.0,17,drift,0.5,200,25,False,256,1007,2165,,2.15
rajat03,7602,32653,8,0.0,17,drift,0.5,200,50,False,256,1007,2165,,2.15
rajat03,7602,32653,8,0.0,17,drift,0.5,200,75,False,256,1007,2165,,2.15
rajat03,7602,32653,8,0.0,17,drift,0.5,200,100,False,256,1007,2165,,2.15
rajat03,7602,32653,8,0.0,17,drift,0.5,200,125,False,256,1007,2165,,2.15
rajat03,7602,32653,8,0.0,17,drift,0.5,200,150,False,256,1007,2165,,2.15
rajat03,7602,32653,8,0.0,17,drift,0.5,200,175,False,256,1007,2165,,2.15
rajat03,7602,32653,8,0.0,17,drift,0.5,200,199,True,256,1007,2165,1007,2.15
rajat03,7602,32653,8,0.0,18,drift,0.5,200,0,False,256,821,1771,,2.1571
rajat03,7602,32653,8,0.0,18,drift,0.5,200,25,False,256,821,1771,,2.1571
rajat03,7602,32653,8,0.0,18,drift,0.5,200,50,False,256,821,1771,,2.1571
rajat03,7602,32653,8,0.0,18,drift,0.5,200,75,False,256,821,1771,,2.1571
rajat03,7602,32653,8,0.0,18,drift,0.5,200,100,False,256,821,1771,,2.1571
rajat03,7602,32653,8,0.0,18,drift,0.5,200,125,False,256,821,1771,,2.1571
rajat03,7602,32653,8,0.0,18,drift,0.5,200,150,False,256,821,1771,,2.1571
rajat03,7602,32653,8,0.0,18,drift,0.5,200,175,False,256,821,1771,,2.1571
rajat03,7602,32653,8,0.0,18,drift,0.5,200,199,True,256,821,1771,821,2.1571
rajat03,7602,32653,8,0.0,19,drift,0.5,200,0,False,256,655,1525,,2.3282
rajat03,7602,32653,8,0.0,19,drift,0.5,200,25,False,256,655,1525,,2.3282
rajat03,7602,32653,8,0.0,19,drift,0.5,200,50,False,256,655,1525,,2.3282
rajat03,7602,32653,8,0.0,19,drift,0.5,200,75,False,256,655,1525,,2.3282
rajat03,7602,32653,8,0.0,19,drift,0.5,200,100,False,256,655,1525,,2.3282
rajat03,7602,32653,8,0.0,19,drift,0.5,200,125,False,256,655,1525,,2.3282
rajat03,7602,32653,8,0.0,19,drift,0.5,200,150,False,256,655,1525,,2.3282
rajat03,7602,32653,8,0.0,19,drift,0.5,200,175,False,256,655,1525,,2.3282
rajat03,7602,32653,8,0.0,19,drift,0.5,200,199,True,256,655,1525,655,2.3282
rajat03,7602,32653,8,0.0,20,drift,0.5,200,0,False,256,911,1956,,2.1471
rajat03,7602,32653,8,0.0,20,drift,0.5,200,25,False,256,911,1956,,2.1471
rajat03,7602,32653,8,0.0,20,drift,0.5,200,50,False,256,911,1956,,2.1471
rajat03,7602,32653,8,0.0,20,drift,0.5,200,75,False,256,911,1956,,2.1471
rajat03,7602,32653,8,0.0,20,drift,0.5,200,100,False,256,911,1956,,2.1471
rajat03,7602,32653,8,0.0,20,drift,0.5,200,125,False,256,911,1956,,2.1471
rajat03,7602,32653,8,0.0,20,drift,0.5,200,150,False,256,911,1956,,2.1471
rajat03,7602,32653,8,0.0,20,drift,0.5,200,175,False,256,911,1956,,2.1471
rajat03,7602,32653,8,0.0,20,drift,0.5,200,199,True,256,911,1956,911,2.1471
rajat03,7602,32653,8,0.0,21,drift,0.5,200,0,False,256,850,1894,,2.2282
rajat03,7602,32653,8,0.0,21,drift,0.5,200,25,False,256,850,1894,,2.2282
rajat03,7602,32653,8,0.0,21,drift,0.5,200,50,False,256,850,1894,,2.2282
rajat03,7602,32653,8,0.0,21,drift,0.5,200,75,False,256,850,1894,,2.2282
rajat03,7602,32653,8,0.0,21,drift,0.5,200,100,False,256,850,1894,,2.2282
rajat03,7602,32653,8,0.0,21,drift,0.5,200,125,False,256,850,1894,,2.2282
rajat03,7602,32653,8,0.0,21,drift,0.5,200,150,False,256,850,1894,,2.2282
rajat03,7602,32653,8,0.0,21,drift,0.5,200,175,False,256,850,1894,,2.2282
rajat03,7602,32653,8,0.0,21,drift,0.5,200,199,True,256,850,1894,850,2.2282
rajat03,7602,32653,8,0.002,17,drift,0.5,200,0,False,256,1007,2165,,2.15
rajat03,7602,32653,8,0.002,17,drift,0.5,200,25,False,256,1025,2193,,2.1395
rajat03,7602,32653,8,0.002,17,drift,0.5,200,50,False,256,1051,2197,,2.0904
rajat03,7602,32653,8,0.002,17,drift,0.5,200,75,False,256,1057,2253,,2.1315
rajat03,7602,32653,8,0.002,17,drift,0.5,200,100,False,256,1087,2332,,2.1454
rajat03,7602,32653,8,0.002,17,drift,0.5,200,125,False,256,1072,2324,,2.1679
rajat03,7602,32653,8,0.002,17,drift,0.5,200,150,False,256,1106,2434,,2.2007
rajat03,7602,32653,8,0.002,17,drift,0.5,200,175,False,256,1114,2386,,2.1418
rajat03,7602,32653,8,0.002,17,drift,0.5,200,199,True,256,1099,2359,1099,2.1465
rajat03,7602,32653,8,0.002,18,drift,0.5,200,0,False,256,821,1771,,2.1571
rajat03,7602,32653,8,0.002,18,drift,0.5,200,25,False,256,868,1827,,2.1048
rajat03,7602,32653,8,0.002,18,drift,0.5,200,50,False,256,899,1881,,2.0923
rajat03,7602,32653,8,0.002,18,drift,0.5,200,75,False,256,872,1825,,2.0929
rajat03,7602,32653,8,0.002,18,drift,0.5,200,100,False,256,888,1853,,2.0867
rajat03,7602,32653,8,0.002,18,drift,0.5,200,125,False,256,945,1937,,2.0497
rajat03,7602,32653,8,0.002,18,drift,0.5,200,150,False,256,988,2021,,2.0455
rajat03,7602,32653,8,0.002,18,drift,0.5,200,175,False,256,948,1965,,2.0728
rajat03,7602,32653,8,0.002,18,drift,0.5,200,199,True,256,939,1963,939,2.0905
rajat03,7602,32653,8,0.002,19,drift,0.5,200,0,False,256,655,1525,,2.3282
rajat03,7602,32653,8,0.002,19,drift,0.5,200,25,False,256,692,1606,,2.3208
rajat03,7602,32653,8,0.002,19,drift,0.5,200,50,False,256,713,1634,,2.2917
rajat03,7602,32653,8,0.002,19,drift,0.5,200,75,False,256,731,1635,,2.2367
rajat03,7602,32653,8,0.002,19,drift,0.5,200,100,False,256,732,1662,,2.2705
rajat03,7602,32653,8,0.002,19,drift,0.5,200,125,False,256,732,1662,,2.2705
rajat03,7602,32653,8,0.002,19,drift,0.5,200,150,False,256,769,1718,,2.2341
rajat03,7602,32653,8,0.002,19,drift,0.5,200,175,False,256,769,1718,,2.2341
rajat03,7602,32653,8,0.002,19,drift,0.5,200,199,True,256,769,1718,769,2.2341
rajat03,7602,32653,8,0.002,20,drift,0.5,200,0,False,256,911,1956,,2.1471
rajat03,7602,32653,8,0.002,20,drift,0.5,200,25,False,256,915,1960,,2.1421
rajat03,7602,32653,8,0.002,20,drift,0.5,200,50,False,256,923,1935,,2.0964
rajat03,7602,32653,8,0.002,20,drift,0.5,200,75,False,256,981,2009,,2.0479
rajat03,7602,32653,8,0.002,20,drift,0.5,200,100,False,256,927,1976,,2.1316
rajat03,7602,32653,8,0.002,20,drift,0.5,200,125,False,256,972,2060,,2.1193
rajat03,7602,32653,8,0.002,20,drift,0.5,200,150,False,256,1002,2116,,2.1118
rajat03,7602,32653,8,0.002,20,drift,0.5,200,175,False,256,1002,2064,,2.0599
rajat03,7602,32653,8,0.002,20,drift,0.5,200,199,True,256,1049,2172,1049,2.0705
rajat03,7602,32653,8,0.002,21,drift,0.5,200,0,False,256,850,1894,,2.2282
rajat03,7602,32653,8,0.002,21,drift,0.5,200,25,False,256,908,2002,,2.2048
rajat03,7602,32653,8,0.002,21,drift,0.5,200,50,False,256,907,2026,,2.2337
rajat03,7602,32653,8,0.002,21,drift,0.5,200,75,False,256,909,1978,,2.176
rajat03,7602,32653,8,0.002,21,drift,0.5,200,100,False,256,928,2004,,2.1595
rajat03,7602,32653,8,0.002,21,drift,0.5,200,125,False,256,963,2064,,2.1433
rajat03,7602,32653,8,0.002,21,drift,0.5,200,150,False,256,980,2116,,2.1592
rajat03,7602,32653,8,0.002,21,drift,0.5,200,175,False,256,982,2192,,2.2322
rajat03,7602,32653,8,0.002,21,drift,0.5,200,199,True,256,946,2138,946,2.26
rajat03,7602,32653,8,0.01,17,drift,0.5,200,0,False,256,1007,2165,,2.15
rajat03,7602,32653,8,0.01,17,drift,0.5,200,25,False,256,1054,2390,,2.2676
rajat03,7602,32653,8,0.01,17,drift,0.5,200,50,False,256,1062,2365,,2.2269
rajat03,7602,32653,8,0.01,17,drift,0.5,200,75,False,256,1098,2457,,2.2377
rajat03,7602,32653,8,0.01,17,drift,0.5,200,100,False,256,1111,2555,,2.2997
rajat03,7602,32653,8,0.01,17,drift,0.5,200,125,False,256,1098,2455,,2.2359
rajat03,7602,32653,8,0.01,17,drift,0.5,200,150,False,256,1161,2589,,2.23
rajat03,7602,32653,8,0.01,17,drift,0.5,200,175,False,256,1188,2647,,2.2281
rajat03,7602,32653,8,0.01,17,drift,0.5,200,199,True,256,1165,2665,1165,2.2876
rajat03,7602,32653,8,0.01,18,drift,0.5,200,0,False,256,821,1771,,2.1571
rajat03,7602,32653,8,0.01,18,drift,0.5,200,25,False,256,896,1929,,2.1529
rajat03,7602,32653,8,0.01,18,drift,0.5,200,50,False,256,1032,2247,,2.1773
rajat03,7602,32653,8,0.01,18,drift,0.5,200,75,False,256,1006,2239,,2.2256
rajat03,7602,32653,8,0.01,18,drift,0.5,200,100,False,256,1039,2243,,2.1588
rajat03,7602,32653,8,0.01,18,drift,0.5,200,125,False,256,1106,2409,,2.1781
rajat03,7602,32653,8,0.01,18,drift,0.5,200,150,False,256,1031,2374,,2.3026
rajat03,7602,32653,8,0.01,18,drift,0.5,200,175,False,256,1088,2357,,2.1664
rajat03,7602,32653,8,0.01,18,drift,0.5,200,199,True,256,1106,2409,1106,2.1781
rajat03,7602,32653,8,0.01,19,drift,0.5,200,0,False,256,655,1525,,2.3282
rajat03,7602,32653,8,0.01,19,drift,0.5,200,25,False,256,712,1636,,2.2978
rajat03,7602,32653,8,0.01,19,drift,0.5,200,50,False,256,810,1818,,2.2444
rajat03,7602,32653,8,0.01,19,drift,0.5,200,75,False,256,851,1900,,2.2327
rajat03,7602,32653,8,0.01,19,drift,0.5,200,100,False,256,883,1980,,2.2424
rajat03,7602,32653,8,0.01,19,drift,0.5,200,125,False,256,916,2061,,2.25
rajat03,7602,32653,8,0.01,19,drift,0.5,200,150,False,256,946,2188,,2.3129
rajat03,7602,32653,8,0.01,19,drift,0.5,200,175,False,256,934,2185,,2.3394
rajat03,7602,32653,8,0.01,19,drift,0.5,200,199,True,256,952,2190,952,2.3004
rajat03,7602,32653,8,0.01,20,drift,0.5,200,0,False,256,911,1956,,2.1471
rajat03,7602,32653,8,0.01,20,drift,0.5,200,25,False,256,914,2004,,2.1926
rajat03,7602,32653,8,0.01,20,drift,0.5,200,50,False,256,945,2065,,2.1852
rajat03,7602,32653,8,0.01,20,drift,0.5,200,75,False,256,1028,2255,,2.1936
rajat03,7602,32653,8,0.01,20,drift,0.5,200,100,False,256,1029,2300,,2.2352
rajat03,7602,32653,8,0.01,20,drift,0.5,200,125,False,256,1005,2198,,2.1871
rajat03,7602,32653,8,0.01,20,drift,0.5,200,150,False,256,995,2222,,2.2332
rajat03,7602,32653,8,0.01,20,drift,0.5,200,175,False,256,993,2219,,2.2346
rajat03,7602,32653,8,0.01,20,drift,0.5,200,199,True,256,1020,2269,1020,2.2245
rajat03,7602,32653,8,0.01,21,drift,0.5,200,0,False,256,850,1894,,2.2282
rajat03,7602,32653,8,0.01,21,drift,0.5,200,25,False,256,905,1998,,2.2077
rajat03,7602,32653,8,0.01,21,drift,0.5,200,50,False,256,960,2126,,2.2146
rajat03,7602,32653,8,0.01,21,drift,0.5,200,75,False,256,998,2204,,2.2084
rajat03,7602,32653,8,0.01,21,drift,0.5,200,100,False,256,1030,2258,,2.1922
rajat03,7602,32653,8,0.01,21,drift,0.5,200,125,False,256,1086,2376,,2.1878
rajat03,7602,32653,8,0.01,21,drift,0.5,200,150,False,256,1095,2448,,2.2356
rajat03,7602,32653,8,0.01,21,drift,0.5,200,175,False,256,1120,2476,,2.2107
rajat03,7602,32653,8,0.01,21,drift,0.5,200,199,True,256,1109,2476,1109,2.2326
rajat03,7602,32653,8,0.05,17,drift,0.5,200,0,False,256,1007,2165,,2.15
rajat03,7602,32653,8,0.05,17,drift,0.5,200,25,False,256,1182,2635,,2.2293
rajat03,7602,32653,8,0.05,17,drift,0.5,200,50,False,256,1363,2881,,2.1137
rajat03,7602,32653,8,0.05,17,drift,0.5,200,75,False,256,1475,2923,,1.9817
rajat03,7602,32653,8,0.05,17,drift,0.5,200,100,False,256,1490,3137,,2.1054
rajat03,7602,32653,8,0.05,17,drift,0.5,200,125,False,256,1549,3219,,2.0781
rajat03,7602,32653,8,0.05,17,drift,0.5,200,150,False,256,1603,3433,,2.1416
rajat03,7602,32653,8,0.05,17,drift,0.5,200,175,False,256,1626,3300,,2.0295
rajat03,7602,32653,8,0.05,17,drift,0.5,200,199,True,256,1583,3259,1583,2.0587
rajat03,7602,32653,8,0.05,18,drift,0.5,200,0,False,256,821,1771,,2.1571
rajat03,7602,32653,8,0.05,18,drift,0.5,200,25,False,256,995,2240,,2.2513
rajat03,7602,32653,8,0.05,18,drift,0.5,200,50,False,256,952,2127,,2.2342
rajat03,7602,32653,8,0.05,18,drift,0.5,200,75,False,256,1070,2501,,2.3374
rajat03,7602,32653,8,0.05,18,drift,0.5,200,100,False,256,1169,2582,,2.2087
rajat03,7602,32653,8,0.05,18,drift,0.5,200,125,False,256,1239,2688,,2.1695
rajat03,7602,32653,8,0.05,18,drift,0.5,200,150,False,256,1308,2847,,2.1766
rajat03,7602,32653,8,0.05,18,drift,0.5,200,175,False,256,1279,2844,,2.2236
rajat03,7602,32653,8,0.05,18,drift,0.5,200,199,True,256,1222,2817,1222,2.3052
rajat03,7602,32653,8,0.05,19,drift,0.5,200,0,False,256,655,1525,,2.3282
rajat03,7602,32653,8,0.05,19,drift,0.5,200,25,False,256,895,2003,,2.238
rajat03,7602,32653,8,0.05,19,drift,0.5,200,50,False,256,975,2160,,2.2154
rajat03,7602,32653,8,0.05,19,drift,0.5,200,75,False,256,953,2156,,2.2623
rajat03,7602,32653,8,0.05,19,drift,0.5,200,100,False,256,1011,2245,,2.2206
rajat03,7602,32653,8,0.05,19,drift,0.5,200,125,False,256,1024,2272,,2.2188
rajat03,7602,32653,8,0.05,19,drift,0.5,200,150,False,256,1084,2619,,2.4161
rajat03,7602,32653,8,0.05,19,drift,0.5,200,175,False,256,1152,2682,,2.3281
rajat03,7602,32653,8,0.05,19,drift,0.5,200,199,True,256,1241,2709,1241,2.1829
rajat03,7602,32653,8,0.05,20,drift,0.5,200,0,False,256,911,1956,,2.1471
rajat03,7602,32653,8,0.05,20,drift,0.5,200,25,False,256,1010,2142,,2.1208
rajat03,7602,32653,8,0.05,20,drift,0.5,200,50,False,256,1164,2634,,2.2629
rajat03,7602,32653,8,0.05,20,drift,0.5,200,75,False,256,1336,2852,,2.1347
rajat03,7602,32653,8,0.05,20,drift,0.5,200,100,False,256,1366,2970,,2.1742
rajat03,7602,32653,8,0.05,20,drift,0.5,200,125,False,256,1357,2927,,2.157
rajat03,7602,32653,8,0.05,20,drift,0.5,200,150,False,256,1425,3110,,2.1825
rajat03,7602,32653,8,0.05,20,drift,0.5,200,175,False,256,1422,3054,,2.1477
rajat03,7602,32653,8,0.05,20,drift,0.5,200,199,True,256,1464,3179,1464,2.1714
rajat03,7602,32653,8,0.05,21,drift,0.5,200,0,False,256,850,1894,,2.2282
rajat03,7602,32653,8,0.05,21,drift,0.5,200,25,False,256,1080,2512,,2.3259
rajat03,7602,32653,8,0.05,21,drift,0.5,200,50,False,256,1239,2784,,2.247
rajat03,7602,32653,8,0.05,21,drift,0.5,200,75,False,256,1319,2928,,2.2199
rajat03,7602,32653,8,0.05,21,drift,0.5,200,100,False,256,1210,2790,,2.3058
rajat03,7602,32653,8,0.05,21,drift,0.5,200,125,False,256,1337,3118,,2.3321
rajat03,7602,32653,8,0.05,21,drift,0.5,200,150,False,256,1449,3268,,2.2553
rajat03,7602,32653,8,0.05,21,drift,0.5,200,175,False,256,1501,3154,,2.1013
rajat03,7602,32653,8,0.05,21,drift,0.5,200,199,True,256,1466,3122,1466,2.1296
rajat03,7602,32653,8,0.25,17,drift,0.5,200,0,False,256,1007,2165,,2.15
rajat03,7602,32653,8,0.25,17,drift,0.5,200,25,False,256,1224,2699,,2.2051
rajat03,7602,32653,8,0.25,17,drift,0.5,200,50,False,256,1372,3050,,2.223
rajat03,7602,32653,8,0.25,17,drift,0.5,200,75,False,256,1433,3030,,2.1144
rajat03,7602,32653,8,0.25,17,drift,0.5,200,100,False,256,1522,3195,,2.0992
rajat03,7602,32653,8,0.25,17,drift,0.5,200,125,False,256,1576,3376,,2.1421
rajat03,7602,32653,8,0.25,17,drift,0.5,200,150,False,256,1539,3121,,2.0279
rajat03,7602,32653,8,0.25,17,drift,0.5,200,175,False,256,1745,3409,,1.9536
rajat03,7602,32653,8,0.25,17,drift,0.5,200,199,True,256,1606,3158,1606,1.9664
rajat03,7602,32653,8,0.25,18,drift,0.5,200,0,False,256,821,1771,,2.1571
rajat03,7602,32653,8,0.25,18,drift,0.5,200,25,False,256,1192,2655,,2.2273
rajat03,7602,32653,8,0.25,18,drift,0.5,200,50,False,256,1325,2983,,2.2513
rajat03,7602,32653,8,0.25,18,drift,0.5,200,75,False,256,1488,3151,,2.1176
rajat03,7602,32653,8,0.25,18,drift,0.5,200,100,False,256,1595,3100,,1.9436
rajat03,7602,32653,8,0.25,18,drift,0.5,200,125,False,256,1492,3033,,2.0328
rajat03,7602,32653,8,0.25,18,drift,0.5,200,150,False,256,1659,3373,,2.0332
rajat03,7602,32653,8,0.25,18,drift,0.5,200,175,False,256,1661,3334,,2.0072
rajat03,7602,32653,8,0.25,18,drift,0.5,200,199,True,256,1587,3245,1587,2.0447
rajat03,7602,32653,8,0.25,19,drift,0.5,200,0,False,256,655,1525,,2.3282
rajat03,7602,32653,8,0.25,19,drift,0.5,200,25,False,256,980,2258,,2.3041
rajat03,7602,32653,8,0.25,19,drift,0.5,200,50,False,256,1177,2686,,2.2821
rajat03,7602,32653,8,0.25,19,drift,0.5,200,75,False,256,1157,2673,,2.3103
rajat03,7602,32653,8,0.25,19,drift,0.5,200,100,False,256,1323,2836,,2.1436
rajat03,7602,32653,8,0.25,19,drift,0.5,200,125,False,256,1365,2955,,2.1648
rajat03,7602,32653,8,0.25,19,drift,0.5,200,150,False,256,1414,3119,,2.2058
rajat03,7602,32653,8,0.25,19,drift,0.5,200,175,False,256,1604,3236,,2.0175
rajat03,7602,32653,8,0.25,19,drift,0.5,200,199,True,256,1572,3336,1572,2.1221
rajat03,7602,32653,8,0.25,20,drift,0.5,200,0,False,256,911,1956,,2.1471
rajat03,7602,32653,8,0.25,20,drift,0.5,200,25,False,256,1232,2841,,2.306
rajat03,7602,32653,8,0.25,20,drift,0.5,200,50,False,256,1349,3052,,2.2624
rajat03,7602,32653,8,0.25,20,drift,0.5,200,75,False,256,1653,3491,,2.1119
rajat03,7602,32653,8,0.25,20,drift,0.5,200,100,False,256,1533,3077,,2.0072
rajat03,7602,32653,8,0.25,20,drift,0.5,200,125,False,256,1777,3452,,1.9426
rajat03,7602,32653,8,0.25,20,drift,0.5,200,150,False,256,1498,3116,,2.0801
rajat03,7602,32653,8,0.25,20,drift,0.5,200,175,False,256,1954,3574,,1.8291
rajat03,7602,32653,8,0.25,20,drift,0.5,200,199,True,256,1855,3655,1855,1.9704
rajat03,7602,32653,8,0.25,21,drift,0.5,200,0,False,256,850,1894,,2.2282
rajat03,7602,32653,8,0.25,21,drift,0.5,200,25,False,256,1335,2886,,2.1618
rajat03,7602,32653,8,0.25,21,drift,0.5,200,50,False,256,1473,2976,,2.0204
rajat03,7602,32653,8,0.25,21,drift,0.5,200,75,False,256,1752,3507,,2.0017
rajat03,7602,32653,8,0.25,21,drift,0.5,200,100,False,256,1744,3321,,1.9042
rajat03,7602,32653,8,0.25,21,drift,0.5,200,125,False,256,1839,3354,,1.8238
rajat03,7602,32653,8,0.25,21,drift,0.5,200,150,False,256,1796,3549,,1.9761
rajat03,7602,32653,8,0.25,21,drift,0.5,200,175,False,256,1953,3661,,1.8746
rajat03,7602,32653,8,0.25,21,drift,0.5,200,199,True,256,1829,3644,1829,1.9923
rajat03,7602,32653,8,0.0,17,jump,0.5,200,0,False,256,1007,2165,,2.15
rajat03,7602,32653,8,0.0,17,jump,0.5,200,25,False,256,1007,2165,,2.15
rajat03,7602,32653,8,0.0,17,jump,0.5,200,50,False,256,1007,2165,,2.15
rajat03,7602,32653,8,0.0,17,jump,0.5,200,75,False,256,1007,2165,,2.15
rajat03,7602,32653,8,0.0,17,jump,0.5,200,100,False,256,1007,2165,,2.15
rajat03,7602,32653,8,0.0,17,jump,0.5,200,125,False,256,1007,2165,,2.15
rajat03,7602,32653,8,0.0,17,jump,0.5,200,150,False,256,1007,2165,,2.15
rajat03,7602,32653,8,0.0,17,jump,0.5,200,175,False,256,1007,2165,,2.15
rajat03,7602,32653,8,0.0,17,jump,0.5,200,199,True,256,1007,2165,1007,2.15
rajat03,7602,32653,8,0.0,18,jump,0.5,200,0,False,256,821,1771,,2.1571
rajat03,7602,32653,8,0.0,18,jump,0.5,200,25,False,256,821,1771,,2.1571
rajat03,7602,32653,8,0.0,18,jump,0.5,200,50,False,256,821,1771,,2.1571
rajat03,7602,32653,8,0.0,18,jump,0.5,200,75,False,256,821,1771,,2.1571
rajat03,7602,32653,8,0.0,18,jump,0.5,200,100,False,256,821,1771,,2.1571
rajat03,7602,32653,8,0.0,18,jump,0.5,200,125,False,256,821,1771,,2.1571
rajat03,7602,32653,8,0.0,18,jump,0.5,200,150,False,256,821,1771,,2.1571
rajat03,7602,32653,8,0.0,18,jump,0.5,200,175,False,256,821,1771,,2.1571
rajat03,7602,32653,8,0.0,18,jump,0.5,200,199,True,256,821,1771,821,2.1571
rajat03,7602,32653,8,0.0,19,jump,0.5,200,0,False,256,655,1525,,2.3282
rajat03,7602,32653,8,0.0,19,jump,0.5,200,25,False,256,655,1525,,2.3282
rajat03,7602,32653,8,0.0,19,jump,0.5,200,50,False,256,655,1525,,2.3282
rajat03,7602,32653,8,0.0,19,jump,0.5,200,75,False,256,655,1525,,2.3282
rajat03,7602,32653,8,0.0,19,jump,0.5,200,100,False,256,655,1525,,2.3282
rajat03,7602,32653,8,0.0,19,jump,0.5,200,125,False,256,655,1525,,2.3282
rajat03,7602,32653,8,0.0,19,jump,0.5,200,150,False,256,655,1525,,2.3282
rajat03,7602,32653,8,0.0,19,jump,0.5,200,175,False,256,655,1525,,2.3282
rajat03,7602,32653,8,0.0,19,jump,0.5,200,199,True,256,655,1525,655,2.3282
rajat03,7602,32653,8,0.0,20,jump,0.5,200,0,False,256,911,1956,,2.1471
rajat03,7602,32653,8,0.0,20,jump,0.5,200,25,False,256,911,1956,,2.1471
rajat03,7602,32653,8,0.0,20,jump,0.5,200,50,False,256,911,1956,,2.1471
rajat03,7602,32653,8,0.0,20,jump,0.5,200,75,False,256,911,1956,,2.1471
rajat03,7602,32653,8,0.0,20,jump,0.5,200,100,False,256,911,1956,,2.1471
rajat03,7602,32653,8,0.0,20,jump,0.5,200,125,False,256,911,1956,,2.1471
rajat03,7602,32653,8,0.0,20,jump,0.5,200,150,False,256,911,1956,,2.1471
rajat03,7602,32653,8,0.0,20,jump,0.5,200,175,False,256,911,1956,,2.1471
rajat03,7602,32653,8,0.0,20,jump,0.5,200,199,True,256,911,1956,911,2.1471
rajat03,7602,32653,8,0.0,21,jump,0.5,200,0,False,256,850,1894,,2.2282
rajat03,7602,32653,8,0.0,21,jump,0.5,200,25,False,256,850,1894,,2.2282
rajat03,7602,32653,8,0.0,21,jump,0.5,200,50,False,256,850,1894,,2.2282
rajat03,7602,32653,8,0.0,21,jump,0.5,200,75,False,256,850,1894,,2.2282
rajat03,7602,32653,8,0.0,21,jump,0.5,200,100,False,256,850,1894,,2.2282
rajat03,7602,32653,8,0.0,21,jump,0.5,200,125,False,256,850,1894,,2.2282
rajat03,7602,32653,8,0.0,21,jump,0.5,200,150,False,256,850,1894,,2.2282
rajat03,7602,32653,8,0.0,21,jump,0.5,200,175,False,256,850,1894,,2.2282
rajat03,7602,32653,8,0.0,21,jump,0.5,200,199,True,256,850,1894,850,2.2282
rajat03,7602,32653,8,0.002,17,jump,0.5,200,0,False,256,1007,2165,,2.15
rajat03,7602,32653,8,0.002,17,jump,0.5,200,25,False,256,1520,2671,,1.7572
rajat03,7602,32653,8,0.002,17,jump,0.5,200,50,False,256,1885,3094,,1.6414
rajat03,7602,32653,8,0.002,17,jump,0.5,200,75,False,256,2354,3573,,1.5178
rajat03,7602,32653,8,0.002,17,jump,0.5,200,100,False,256,2707,3948,,1.4584
rajat03,7602,32653,8,0.002,17,jump,0.5,200,125,False,256,2977,4285,,1.4394
rajat03,7602,32653,8,0.002,17,jump,0.5,200,150,False,256,3152,4489,,1.4242
rajat03,7602,32653,8,0.002,17,jump,0.5,200,175,False,256,3326,4799,,1.4429
rajat03,7602,32653,8,0.002,17,jump,0.5,200,199,True,256,3484,4973,3484,1.4274
rajat03,7602,32653,8,0.002,18,jump,0.5,200,0,False,256,821,1771,,2.1571
rajat03,7602,32653,8,0.002,18,jump,0.5,200,25,False,256,1252,2240,,1.7891
rajat03,7602,32653,8,0.002,18,jump,0.5,200,50,False,256,1761,2771,,1.5735
rajat03,7602,32653,8,0.002,18,jump,0.5,200,75,False,256,2213,3239,,1.4636
rajat03,7602,32653,8,0.002,18,jump,0.5,200,100,False,256,2530,3666,,1.449
rajat03,7602,32653,8,0.002,18,jump,0.5,200,125,False,256,2731,4002,,1.4654
rajat03,7602,32653,8,0.002,18,jump,0.5,200,150,False,256,2990,4362,,1.4589
rajat03,7602,32653,8,0.002,18,jump,0.5,200,175,False,256,3176,4507,,1.4191
rajat03,7602,32653,8,0.002,18,jump,0.5,200,199,True,256,3323,4792,3323,1.4421
rajat03,7602,32653,8,0.002,19,jump,0.5,200,0,False,256,655,1525,,2.3282
rajat03,7602,32653,8,0.002,19,jump,0.5,200,25,False,256,1210,2102,,1.7372
rajat03,7602,32653,8,0.002,19,jump,0.5,200,50,False,256,1568,2517,,1.6052
rajat03,7602,32653,8,0.002,19,jump,0.5,200,75,False,256,1977,2953,,1.4937
rajat03,7602,32653,8,0.002,19,jump,0.5,200,100,False,256,2359,3388,,1.4362
rajat03,7602,32653,8,0.002,19,jump,0.5,200,125,False,256,2465,3642,,1.4775
rajat03,7602,32653,8,0.002,19,jump,0.5,200,150,False,256,2609,3812,,1.4611
rajat03,7602,32653,8,0.002,19,jump,0.5,200,175,False,256,2898,4158,,1.4348
rajat03,7602,32653,8,0.002,19,jump,0.5,200,199,True,256,3082,4365,3082,1.4163
rajat03,7602,32653,8,0.002,20,jump,0.5,200,0,False,256,911,1956,,2.1471
rajat03,7602,32653,8,0.002,20,jump,0.5,200,25,False,256,1479,2536,,1.7147
rajat03,7602,32653,8,0.002,20,jump,0.5,200,50,False,256,1955,3033,,1.5514
rajat03,7602,32653,8,0.002,20,jump,0.5,200,75,False,256,2390,3533,,1.4782
rajat03,7602,32653,8,0.002,20,jump,0.5,200,100,False,256,2663,3918,,1.4713
rajat03,7602,32653,8,0.002,20,jump,0.5,200,125,False,256,2893,4162,,1.4386
rajat03,7602,32653,8,0.002,20,jump,0.5,200,150,False,256,3101,4489,,1.4476
rajat03,7602,32653,8,0.002,20,jump,0.5,200,175,False,256,3363,4759,,1.4151
rajat03,7602,32653,8,0.002,20,jump,0.5,200,199,True,256,3535,4949,3535,1.4
rajat03,7602,32653,8,0.002,21,jump,0.5,200,0,False,256,850,1894,,2.2282
rajat03,7602,32653,8,0.002,21,jump,0.5,200,25,False,256,1383,2420,,1.7498
rajat03,7602,32653,8,0.002,21,jump,0.5,200,50,False,256,1881,2920,,1.5524
rajat03,7602,32653,8,0.002,21,jump,0.5,200,75,False,256,2240,3314,,1.4795
rajat03,7602,32653,8,0.002,21,jump,0.5,200,100,False,256,2576,3637,,1.4119
rajat03,7602,32653,8,0.002,21,jump,0.5,200,125,False,256,2894,4044,,1.3974
rajat03,7602,32653,8,0.002,21,jump,0.5,200,150,False,256,3067,4244,,1.3838
rajat03,7602,32653,8,0.002,21,jump,0.5,200,175,False,256,3235,4455,,1.3771
rajat03,7602,32653,8,0.002,21,jump,0.5,200,199,True,256,3420,4709,3420,1.3769
rajat03,7602,32653,8,0.01,17,jump,0.5,200,0,False,256,1007,2165,,2.15
rajat03,7602,32653,8,0.01,17,jump,0.5,200,25,False,256,2370,3571,,1.5068
rajat03,7602,32653,8,0.01,17,jump,0.5,200,50,False,256,3140,4463,,1.4213
rajat03,7602,32653,8,0.01,17,jump,0.5,200,75,False,256,3826,5208,,1.3612
rajat03,7602,32653,8,0.01,17,jump,0.5,200,100,False,256,4058,5386,,1.3273
rajat03,7602,32653,8,0.01,17,jump,0.5,200,125,False,256,4208,5660,,1.3451
rajat03,7602,32653,8,0.01,17,jump,0.5,200,150,False,256,4311,5904,,1.3695
rajat03,7602,32653,8,0.01,17,jump,0.5,200,175,False,256,4359,5855,,1.3432
rajat03,7602,32653,8,0.01,17,jump,0.5,200,199,True,256,4325,5819,4325,1.3454
rajat03,7602,32653,8,0.01,18,jump,0.5,200,0,False,256,821,1771,,2.1571
rajat03,7602,32653,8,0.01,18,jump,0.5,200,25,False,256,2192,3239,,1.4776
rajat03,7602,32653,8,0.01,18,jump,0.5,200,50,False,256,3099,4252,,1.3721
rajat03,7602,32653,8,0.01,18,jump,0.5,200,75,False,256,3694,5088,,1.3774
rajat03,7602,32653,8,0.01,18,jump,0.5,200,100,False,256,3923,5271,,1.3436
rajat03,7602,32653,8,0.01,18,jump,0.5,200,125,False,256,4222,5589,,1.3238
rajat03,7602,32653,8,0.01,18,jump,0.5,200,150,False,256,4285,5783,,1.3496
rajat03,7602,32653,8,0.01,18,jump,0.5,200,175,False,256,4480,5995,,1.3382
rajat03,7602,32653,8,0.01,18,jump,0.5,200,199,True,256,4360,5939,4360,1.3622
rajat03,7602,32653,8,0.01,19,jump,0.5,200,0,False,256,655,1525,,2.3282
rajat03,7602,32653,8,0.01,19,jump,0.5,200,25,False,256,2049,3012,,1.47
rajat03,7602,32653,8,0.01,19,jump,0.5,200,50,False,256,2844,3938,,1.3847
rajat03,7602,32653,8,0.01,19,jump,0.5,200,75,False,256,3411,4670,,1.3691
rajat03,7602,32653,8,0.01,19,jump,0.5,200,100,False,256,3747,5197,,1.387
rajat03,7602,32653,8,0.01,19,jump,0.5,200,125,False,256,3963,5435,,1.3714
rajat03,7602,32653,8,0.01,19,jump,0.5,200,150,False,256,4149,5596,,1.3488
rajat03,7602,32653,8,0.01,19,jump,0.5,200,175,False,256,4239,5696,,1.3437
rajat03,7602,32653,8,0.01,19,jump,0.5,200,199,True,256,4326,5914,4326,1.3671
rajat03,7602,32653,8,0.01,20,jump,0.5,200,0,False,256,911,1956,,2.1471
rajat03,7602,32653,8,0.01,20,jump,0.5,200,25,False,256,2206,3345,,1.5163
rajat03,7602,32653,8,0.01,20,jump,0.5,200,50,False,256,3060,4323,,1.4127
rajat03,7602,32653,8,0.01,20,jump,0.5,200,75,False,256,3686,5046,,1.369
rajat03,7602,32653,8,0.01,20,jump,0.5,200,100,False,256,3940,5434,,1.3792
rajat03,7602,32653,8,0.01,20,jump,0.5,200,125,False,256,4140,5682,,1.3725
rajat03,7602,32653,8,0.01,20,jump,0.5,200,150,False,256,4148,5666,,1.366
rajat03,7602,32653,8,0.01,20,jump,0.5,200,175,False,256,4316,5927,,1.3733
rajat03,7602,32653,8,0.01,20,jump,0.5,200,199,True,256,4412,6043,4412,1.3697
rajat03,7602,32653,8,0.01,21,jump,0.5,200,0,False,256,850,1894,,2.2282
rajat03,7602,32653,8,0.01,21,jump,0.5,200,25,False,256,2317,3457,,1.492
rajat03,7602,32653,8,0.01,21,jump,0.5,200,50,False,256,3068,4382,,1.4283
rajat03,7602,32653,8,0.01,21,jump,0.5,200,75,False,256,3513,4868,,1.3857
rajat03,7602,32653,8,0.01,21,jump,0.5,200,100,False,256,3718,5236,,1.4083
rajat03,7602,32653,8,0.01,21,jump,0.5,200,125,False,256,4073,5447,,1.3373
rajat03,7602,32653,8,0.01,21,jump,0.5,200,150,False,256,4242,5665,,1.3355
rajat03,7602,32653,8,0.01,21,jump,0.5,200,175,False,256,4526,5971,,1.3193
rajat03,7602,32653,8,0.01,21,jump,0.5,200,199,True,256,4489,6098,4489,1.3584
rajat03,7602,32653,8,0.05,17,jump,0.5,200,0,False,256,1007,2165,,2.15
rajat03,7602,32653,8,0.05,17,jump,0.5,200,25,False,256,4092,5626,,1.3749
rajat03,7602,32653,8,0.05,17,jump,0.5,200,50,False,256,4552,5991,,1.3161
rajat03,7602,32653,8,0.05,17,jump,0.5,200,75,False,256,4536,5991,,1.3208
rajat03,7602,32653,8,0.05,17,jump,0.5,200,100,False,256,4435,6028,,1.3592
rajat03,7602,32653,8,0.05,17,jump,0.5,200,125,False,256,4518,5987,,1.3251
rajat03,7602,32653,8,0.05,17,jump,0.5,200,150,False,256,4549,6138,,1.3493
rajat03,7602,32653,8,0.05,17,jump,0.5,200,175,False,256,4321,5935,,1.3735
rajat03,7602,32653,8,0.05,17,jump,0.5,200,199,True,256,4366,5912,4366,1.3541
rajat03,7602,32653,8,0.05,18,jump,0.5,200,0,False,256,821,1771,,2.1571
rajat03,7602,32653,8,0.05,18,jump,0.5,200,25,False,256,4037,5505,,1.3636
rajat03,7602,32653,8,0.05,18,jump,0.5,200,50,False,256,4226,5649,,1.3367
rajat03,7602,32653,8,0.05,18,jump,0.5,200,75,False,256,4414,5753,,1.3034
rajat03,7602,32653,8,0.05,18,jump,0.5,200,100,False,256,4454,5993,,1.3455
rajat03,7602,32653,8,0.05,18,jump,0.5,200,125,False,256,4569,5976,,1.3079
rajat03,7602,32653,8,0.05,18,jump,0.5,200,150,False,256,4557,6070,,1.332
rajat03,7602,32653,8,0.05,18,jump,0.5,200,175,False,256,4473,6059,,1.3546
rajat03,7602,32653,8,0.05,18,jump,0.5,200,199,True,256,4511,5939,4511,1.3166
rajat03,7602,32653,8,0.05,19,jump,0.5,200,0,False,256,655,1525,,2.3282
rajat03,7602,32653,8,0.05,19,jump,0.5,200,25,False,256,3869,5536,,1.4309
rajat03,7602,32653,8,0.05,19,jump,0.5,200,50,False,256,4401,5884,,1.337
rajat03,7602,32653,8,0.05,19,jump,0.5,200,75,False,256,4418,5997,,1.3574
rajat03,7602,32653,8,0.05,19,jump,0.5,200,100,False,256,4486,5915,,1.3185
rajat03,7602,32653,8,0.05,19,jump,0.5,200,125,False,256,4545,6101,,1.3424
rajat03,7602,32653,8,0.05,19,jump,0.5,200,150,False,256,4472,6011,,1.3441
rajat03,7602,32653,8,0.05,19,jump,0.5,200,175,False,256,4398,5932,,1.3488
rajat03,7602,32653,8,0.05,19,jump,0.5,200,199,True,256,4565,6028,4565,1.3205
rajat03,7602,32653,8,0.05,20,jump,0.5,200,0,False,256,911,1956,,2.1471
rajat03,7602,32653,8,0.05,20,jump,0.5,200,25,False,256,4161,5623,,1.3514
rajat03,7602,32653,8,0.05,20,jump,0.5,200,50,False,256,4502,5971,,1.3263
rajat03,7602,32653,8,0.05,20,jump,0.5,200,75,False,256,4674,6110,,1.3072
rajat03,7602,32653,8,0.05,20,jump,0.5,200,100,False,256,4452,5948,,1.336
rajat03,7602,32653,8,0.05,20,jump,0.5,200,125,False,256,4566,6138,,1.3443
rajat03,7602,32653,8,0.05,20,jump,0.5,200,150,False,256,4616,6186,,1.3401
rajat03,7602,32653,8,0.05,20,jump,0.5,200,175,False,256,4448,5818,,1.308
rajat03,7602,32653,8,0.05,20,jump,0.5,200,199,True,256,4578,6008,4578,1.3124
rajat03,7602,32653,8,0.05,21,jump,0.5,200,0,False,256,850,1894,,2.2282
rajat03,7602,32653,8,0.05,21,jump,0.5,200,25,False,256,4015,5465,,1.3611
rajat03,7602,32653,8,0.05,21,jump,0.5,200,50,False,256,4437,6022,,1.3572
rajat03,7602,32653,8,0.05,21,jump,0.5,200,75,False,256,4477,5880,,1.3134
rajat03,7602,32653,8,0.05,21,jump,0.5,200,100,False,256,4542,5882,,1.295
rajat03,7602,32653,8,0.05,21,jump,0.5,200,125,False,256,4518,5885,,1.3026
rajat03,7602,32653,8,0.05,21,jump,0.5,200,150,False,256,4527,6128,,1.3537
rajat03,7602,32653,8,0.05,21,jump,0.5,200,175,False,256,4497,5937,,1.3202
rajat03,7602,32653,8,0.05,21,jump,0.5,200,199,True,256,4458,5995,4458,1.3448
rajat03,7602,32653,8,0.25,17,jump,0.5,200,0,False,256,1007,2165,,2.15
rajat03,7602,32653,8,0.25,17,jump,0.5,200,25,False,256,4449,6065,,1.3632
rajat03,7602,32653,8,0.25,17,jump,0.5,200,50,False,256,4549,6097,,1.3403
rajat03,7602,32653,8,0.25,17,jump,0.5,200,75,False,256,4507,6069,,1.3466
rajat03,7602,32653,8,0.25,17,jump,0.5,200,100,False,256,4547,6102,,1.342
rajat03,7602,32653,8,0.25,17,jump,0.5,200,125,False,256,4513,6100,,1.3517
rajat03,7602,32653,8,0.25,17,jump,0.5,200,150,False,256,4515,6059,,1.342
rajat03,7602,32653,8,0.25,17,jump,0.5,200,175,False,256,4267,5786,,1.356
rajat03,7602,32653,8,0.25,17,jump,0.5,200,199,True,256,4284,5852,4284,1.366
rajat03,7602,32653,8,0.25,18,jump,0.5,200,0,False,256,821,1771,,2.1571
rajat03,7602,32653,8,0.25,18,jump,0.5,200,25,False,256,4414,6013,,1.3623
rajat03,7602,32653,8,0.25,18,jump,0.5,200,50,False,256,4563,6187,,1.3559
rajat03,7602,32653,8,0.25,18,jump,0.5,200,75,False,256,4512,6106,,1.3533
rajat03,7602,32653,8,0.25,18,jump,0.5,200,100,False,256,4532,5979,,1.3193
rajat03,7602,32653,8,0.25,18,jump,0.5,200,125,False,256,4415,5853,,1.3257
rajat03,7602,32653,8,0.25,18,jump,0.5,200,150,False,256,4448,5856,,1.3165
rajat03,7602,32653,8,0.25,18,jump,0.5,200,175,False,256,4580,6035,,1.3177
rajat03,7602,32653,8,0.25,18,jump,0.5,200,199,True,256,4591,6066,4591,1.3213
rajat03,7602,32653,8,0.25,19,jump,0.5,200,0,False,256,655,1525,,2.3282
rajat03,7602,32653,8,0.25,19,jump,0.5,200,25,False,256,4433,5920,,1.3354
rajat03,7602,32653,8,0.25,19,jump,0.5,200,50,False,256,4199,5823,,1.3868
rajat03,7602,32653,8,0.25,19,jump,0.5,200,75,False,256,4586,6138,,1.3384
rajat03,7602,32653,8,0.25,19,jump,0.5,200,100,False,256,4599,6108,,1.3281
rajat03,7602,32653,8,0.25,19,jump,0.5,200,125,False,256,4523,5978,,1.3217
rajat03,7602,32653,8,0.25,19,jump,0.5,200,150,False,256,4411,5865,,1.3296
rajat03,7602,32653,8,0.25,19,jump,0.5,200,175,False,256,4435,5889,,1.3278
rajat03,7602,32653,8,0.25,19,jump,0.5,200,199,True,256,4361,6005,4361,1.377
rajat03,7602,32653,8,0.25,20,jump,0.5,200,0,False,256,911,1956,,2.1471
rajat03,7602,32653,8,0.25,20,jump,0.5,200,25,False,256,4420,5837,,1.3206
rajat03,7602,32653,8,0.25,20,jump,0.5,200,50,False,256,4484,5991,,1.3361
rajat03,7602,32653,8,0.25,20,jump,0.5,200,75,False,256,4492,5946,,1.3237
rajat03,7602,32653,8,0.25,20,jump,0.5,200,100,False,256,4625,6245,,1.3503
rajat03,7602,32653,8,0.25,20,jump,0.5,200,125,False,256,4377,5737,,1.3107
rajat03,7602,32653,8,0.25,20,jump,0.5,200,150,False,256,4472,6049,,1.3526
rajat03,7602,32653,8,0.25,20,jump,0.5,200,175,False,256,4404,5858,,1.3302
rajat03,7602,32653,8,0.25,20,jump,0.5,200,199,True,256,4429,5911,4429,1.3346
rajat03,7602,32653,8,0.25,21,jump,0.5,200,0,False,256,850,1894,,2.2282
rajat03,7602,32653,8,0.25,21,jump,0.5,200,25,False,256,4574,6082,,1.3297
rajat03,7602,32653,8,0.25,21,jump,0.5,200,50,False,256,4551,5917,,1.3002
rajat03,7602,32653,8,0.25,21,jump,0.5,200,75,False,256,4309,5896,,1.3683
rajat03,7602,32653,8,0.25,21,jump,0.5,200,100,False,256,4523,6005,,1.3277
rajat03,7602,32653,8,0.25,21,jump,0.5,200,125,False,256,4390,5795,,1.32
rajat03,7602,32653,8,0.25,21,jump,0.5,200,150,False,256,4303,5800,,1.3479
rajat03,7602,32653,8,0.25,21,jump,0.5,200,175,False,256,4444,6098,,1.3722
rajat03,7602,32653,8,0.25,21,jump,0.5,200,199,True,256,4486,5854,4486,1.3049
wang3,26064,177168,8,0.0,17,drift,0.5,200,0,False,256,1445,3890,,2.692
wang3,26064,177168,8,0.0,17,drift,0.5,200,25,False,256,1445,3890,,2.692
wang3,26064,177168,8,0.0,17,drift,0.5,200,50,False,256,1445,3890,,2.692
wang3,26064,177168,8,0.0,17,drift,0.5,200,75,False,256,1445,3890,,2.692
wang3,26064,177168,8,0.0,17,drift,0.5,200,100,False,256,1445,3890,,2.692
wang3,26064,177168,8,0.0,17,drift,0.5,200,125,False,256,1445,3890,,2.692
wang3,26064,177168,8,0.0,17,drift,0.5,200,150,False,256,1445,3890,,2.692
wang3,26064,177168,8,0.0,17,drift,0.5,200,175,False,256,1445,3890,,2.692
wang3,26064,177168,8,0.0,17,drift,0.5,200,199,True,256,1445,3890,1445,2.692
wang3,26064,177168,8,0.0,18,drift,0.5,200,0,False,256,1212,3371,,2.7814
wang3,26064,177168,8,0.0,18,drift,0.5,200,25,False,256,1212,3371,,2.7814
wang3,26064,177168,8,0.0,18,drift,0.5,200,50,False,256,1212,3371,,2.7814
wang3,26064,177168,8,0.0,18,drift,0.5,200,75,False,256,1212,3371,,2.7814
wang3,26064,177168,8,0.0,18,drift,0.5,200,100,False,256,1212,3371,,2.7814
wang3,26064,177168,8,0.0,18,drift,0.5,200,125,False,256,1212,3371,,2.7814
wang3,26064,177168,8,0.0,18,drift,0.5,200,150,False,256,1212,3371,,2.7814
wang3,26064,177168,8,0.0,18,drift,0.5,200,175,False,256,1212,3371,,2.7814
wang3,26064,177168,8,0.0,18,drift,0.5,200,199,True,256,1212,3371,1212,2.7814
wang3,26064,177168,8,0.0,19,drift,0.5,200,0,False,256,1150,3212,,2.793
wang3,26064,177168,8,0.0,19,drift,0.5,200,25,False,256,1150,3212,,2.793
wang3,26064,177168,8,0.0,19,drift,0.5,200,50,False,256,1150,3212,,2.793
wang3,26064,177168,8,0.0,19,drift,0.5,200,75,False,256,1150,3212,,2.793
wang3,26064,177168,8,0.0,19,drift,0.5,200,100,False,256,1150,3212,,2.793
wang3,26064,177168,8,0.0,19,drift,0.5,200,125,False,256,1150,3212,,2.793
wang3,26064,177168,8,0.0,19,drift,0.5,200,150,False,256,1150,3212,,2.793
wang3,26064,177168,8,0.0,19,drift,0.5,200,175,False,256,1150,3212,,2.793
wang3,26064,177168,8,0.0,19,drift,0.5,200,199,True,256,1150,3212,1150,2.793
wang3,26064,177168,8,0.0,20,drift,0.5,200,0,False,256,1305,3645,,2.7931
wang3,26064,177168,8,0.0,20,drift,0.5,200,25,False,256,1305,3645,,2.7931
wang3,26064,177168,8,0.0,20,drift,0.5,200,50,False,256,1305,3645,,2.7931
wang3,26064,177168,8,0.0,20,drift,0.5,200,75,False,256,1305,3645,,2.7931
wang3,26064,177168,8,0.0,20,drift,0.5,200,100,False,256,1305,3645,,2.7931
wang3,26064,177168,8,0.0,20,drift,0.5,200,125,False,256,1305,3645,,2.7931
wang3,26064,177168,8,0.0,20,drift,0.5,200,150,False,256,1305,3645,,2.7931
wang3,26064,177168,8,0.0,20,drift,0.5,200,175,False,256,1305,3645,,2.7931
wang3,26064,177168,8,0.0,20,drift,0.5,200,199,True,256,1305,3645,1305,2.7931
wang3,26064,177168,8,0.0,21,drift,0.5,200,0,False,256,1461,3888,,2.6612
wang3,26064,177168,8,0.0,21,drift,0.5,200,25,False,256,1461,3888,,2.6612
wang3,26064,177168,8,0.0,21,drift,0.5,200,50,False,256,1461,3888,,2.6612
wang3,26064,177168,8,0.0,21,drift,0.5,200,75,False,256,1461,3888,,2.6612
wang3,26064,177168,8,0.0,21,drift,0.5,200,100,False,256,1461,3888,,2.6612
wang3,26064,177168,8,0.0,21,drift,0.5,200,125,False,256,1461,3888,,2.6612
wang3,26064,177168,8,0.0,21,drift,0.5,200,150,False,256,1461,3888,,2.6612
wang3,26064,177168,8,0.0,21,drift,0.5,200,175,False,256,1461,3888,,2.6612
wang3,26064,177168,8,0.0,21,drift,0.5,200,199,True,256,1461,3888,1461,2.6612
wang3,26064,177168,8,0.002,17,drift,0.5,200,0,False,256,1445,3890,,2.692
wang3,26064,177168,8,0.002,17,drift,0.5,200,25,False,256,1523,4100,,2.6921
wang3,26064,177168,8,0.002,17,drift,0.5,200,50,False,256,1540,4140,,2.6883
wang3,26064,177168,8,0.002,17,drift,0.5,200,75,False,256,1580,4222,,2.6722
wang3,26064,177168,8,0.002,17,drift,0.5,200,100,False,256,1630,4263,,2.6153
wang3,26064,177168,8,0.002,17,drift,0.5,200,125,False,256,1666,4347,,2.6092
wang3,26064,177168,8,0.002,17,drift,0.5,200,150,False,256,1695,4390,,2.59
wang3,26064,177168,8,0.002,17,drift,0.5,200,175,False,256,1735,4475,,2.5793
wang3,26064,177168,8,0.002,17,drift,0.5,200,199,True,256,1704,4390,1704,2.5763
wang3,26064,177168,8,0.002,18,drift,0.5,200,0,False,256,1212,3371,,2.7814
wang3,26064,177168,8,0.002,18,drift,0.5,200,25,False,256,1200,3288,,2.74
wang3,26064,177168,8,0.002,18,drift,0.5,200,50,False,256,1227,3414,,2.7824
wang3,26064,177168,8,0.002,18,drift,0.5,200,75,False,256,1324,3656,,2.7613
wang3,26064,177168,8,0.002,18,drift,0.5,200,100,False,256,1372,3782,,2.7566
wang3,26064,177168,8,0.002,18,drift,0.5,200,125,False,256,1396,3900,,2.7937
wang3,26064,177168,8,0.002,18,drift,0.5,200,150,False,256,1427,4018,,2.8157
wang3,26064,177168,8,0.002,18,drift,0.5,200,175,False,256,1429,4052,,2.8355
wang3,26064,177168,8,0.002,18,drift,0.5,200,199,True,256,1452,4027,1452,2.7734
wang3,26064,177168,8,0.002,19,drift,0.5,200,0,False,256,1150,3212,,2.793
wang3,26064,177168,8,0.002,19,drift,0.5,200,25,False,256,1186,3245,,2.7361
wang3,26064,177168,8,0.002,19,drift,0.5,200,50,False,256,1203,3329,,2.7672
wang3,26064,177168,8,0.002,19,drift,0.5,200,75,False,256,1194,3293,,2.758
wang3,26064,177168,8,0.002,19,drift,0.5,200,100,False,256,1223,3360,,2.7473
wang3,26064,177168,8,0.002,19,drift,0.5,200,125,False,256,1200,3280,,2.7333
wang3,26064,177168,8,0.002,19,drift,0.5,200,150,False,256,1210,3363,,2.7793
wang3,26064,177168,8,0.002,19,drift,0.5,200,175,False,256,1186,3237,,2.7293
wang3,26064,177168,8,0.002,19,drift,0.5,200,199,True,256,1220,3319,1220,2.7205
wang3,26064,177168,8,0.002,20,drift,0.5,200,0,False,256,1305,3645,,2.7931
wang3,26064,177168,8,0.002,20,drift,0.5,200,25,False,256,1357,3680,,2.7119
wang3,26064,177168,8,0.002,20,drift,0.5,200,50,False,256,1378,3813,,2.7671
wang3,26064,177168,8,0.002,20,drift,0.5,200,75,False,256,1443,3937,,2.7283
wang3,26064,177168,8,0.002,20,drift,0.5,200,100,False,256,1461,3859,,2.6413
wang3,26064,177168,8,0.002,20,drift,0.5,200,125,False,256,1517,3984,,2.6262
wang3,26064,177168,8,0.002,20,drift,0.5,200,150,False,256,1562,4112,,2.6325
wang3,26064,177168,8,0.002,20,drift,0.5,200,175,False,256,1601,4155,,2.5953
wang3,26064,177168,8,0.002,20,drift,0.5,200,199,True,256,1632,4280,1632,2.6225
wang3,26064,177168,8,0.002,21,drift,0.5,200,0,False,256,1461,3888,,2.6612
wang3,26064,177168,8,0.002,21,drift,0.5,200,25,False,256,1532,4055,,2.6469
wang3,26064,177168,8,0.002,21,drift,0.5,200,50,False,256,1473,3763,,2.5547
wang3,26064,177168,8,0.002,21,drift,0.5,200,75,False,256,1539,3929,,2.553
wang3,26064,177168,8,0.002,21,drift,0.5,200,100,False,256,1588,4140,,2.6071
wang3,26064,177168,8,0.002,21,drift,0.5,200,125,False,256,1602,4183,,2.6111
wang3,26064,177168,8,0.002,21,drift,0.5,200,150,False,256,1669,4351,,2.607
wang3,26064,177168,8,0.002,21,drift,0.5,200,175,False,256,1716,4383,,2.5542
wang3,26064,177168,8,0.002,21,drift,0.5,200,199,True,256,1689,4349,1689,2.5749
wang3,26064,177168,8,0.01,17,drift,0.5,200,0,False,256,1445,3890,,2.692
wang3,26064,177168,8,0.01,17,drift,0.5,200,25,False,256,1520,4059,,2.6704
wang3,26064,177168,8,0.01,17,drift,0.5,200,50,False,256,1629,4268,,2.62
wang3,26064,177168,8,0.01,17,drift,0.5,200,75,False,256,1642,4310,,2.6248
wang3,26064,177168,8,0.01,17,drift,0.5,200,100,False,256,1670,4434,,2.6551
wang3,26064,177168,8,0.01,17,drift,0.5,200,125,False,256,1785,4641,,2.6
wang3,26064,177168,8,0.01,17,drift,0.5,200,150,False,256,1865,4894,,2.6241
wang3,26064,177168,8,0.01,17,drift,0.5,200,175,False,256,1954,4977,,2.5471
wang3,26064,177168,8,0.01,17,drift,0.5,200,199,True,256,1996,4937,1996,2.4734
wang3,26064,177168,8,0.01,18,drift,0.5,200,0,False,256,1212,3371,,2.7814
wang3,26064,177168,8,0.01,18,drift,0.5,200,25,False,256,1247,3446,,2.7634
wang3,26064,177168,8,0.01,18,drift,0.5,200,50,False,256,1410,3898,,2.7645
wang3,26064,177168,8,0.01,18,drift,0.5,200,75,False,256,1513,4075,,2.6933
wang3,26064,177168,8,0.01,18,drift,0.5,200,100,False,256,1587,4286,,2.7007
wang3,26064,177168,8,0.01,18,drift,0.5,200,125,False,256,1643,4409,,2.6835
wang3,26064,177168,8,0.01,18,drift,0.5,200,150,False,256,1750,4662,,2.664
wang3,26064,177168,8,0.01,18,drift,0.5,200,175,False,256,1788,4824,,2.698
wang3,26064,177168,8,0.01,18,drift,0.5,200,199,True,256,1822,4938,1822,2.7102
wang3,26064,177168,8,0.01,19,drift,0.5,200,0,False,256,1150,3212,,2.793
wang3,26064,177168,8,0.01,19,drift,0.5,200,25,False,256,1177,3261,,2.7706
wang3,26064,177168,8,0.01,19,drift,0.5,200,50,False,256,1357,3708,,2.7325
wang3,26064,177168,8,0.01,19,drift,0.5,200,75,False,256,1350,3637,,2.6941
wang3,26064,177168,8,0.01,19,drift,0.5,200,100,False,256,1382,3783,,2.7373
wang3,26064,177168,8,0.01,19,drift,0.5,200,125,False,256,1441,3852,,2.6731
wang3,26064,177168,8,0.01,19,drift,0.5,200,150,False,256,1462,3970,,2.7155
wang3,26064,177168,8,0.01,19,drift,0.5,200,175,False,256,1597,4269,,2.6731
wang3,26064,177168,8,0.01,19,drift,0.5,200,199,True,256,1681,4409,1681,2.6228
wang3,26064,177168,8,0.01,20,drift,0.5,200,0,False,256,1305,3645,,2.7931
wang3,26064,177168,8,0.01,20,drift,0.5,200,25,False,256,1328,3652,,2.75
wang3,26064,177168,8,0.01,20,drift,0.5,200,50,False,256,1448,3903,,2.6954
wang3,26064,177168,8,0.01,20,drift,0.5,200,75,False,256,1524,4188,,2.748
wang3,26064,177168,8,0.01,20,drift,0.5,200,100,False,256,1597,4500,,2.8178
wang3,26064,177168,8,0.01,20,drift,0.5,200,125,False,256,1544,4132,,2.6762
wang3,26064,177168,8,0.01,20,drift,0.5,200,150,False,256,1568,4257,,2.7149
wang3,26064,177168,8,0.01,20,drift,0.5,200,175,False,256,1612,4459,,2.7661
wang3,26064,177168,8,0.01,20,drift,0.5,200,199,True,256,1633,4420,1633,2.7067
wang3,26064,177168,8,0.01,21,drift,0.5,200,0,False,256,1461,3888,,2.6612
wang3,26064,177168,8,0.01,21,drift,0.5,200,25,False,256,1686,4475,,2.6542
wang3,26064,177168,8,0.01,21,drift,0.5,200,50,False,256,1730,4433,,2.5624
wang3,26064,177168,8,0.01,21,drift,0.5,200,75,False,256,1864,4600,,2.4678
wang3,26064,177168,8,0.01,21,drift,0.5,200,100,False,256,1908,4765,,2.4974
wang3,26064,177168,8,0.01,21,drift,0.5,200,125,False,256,1950,4884,,2.5046
wang3,26064,177168,8,0.01,21,drift,0.5,200,150,False,256,1998,4924,,2.4645
wang3,26064,177168,8,0.01,21,drift,0.5,200,175,False,256,2064,5058,,2.4506
wang3,26064,177168,8,0.01,21,drift,0.5,200,199,True,256,1982,4765,1982,2.4041
wang3,26064,177168,8,0.05,17,drift,0.5,200,0,False,256,1445,3890,,2.692
wang3,26064,177168,8,0.05,17,drift,0.5,200,25,False,256,1825,4719,,2.5858
wang3,26064,177168,8,0.05,17,drift,0.5,200,50,False,256,1931,4974,,2.5759
wang3,26064,177168,8,0.05,17,drift,0.5,200,75,False,256,2104,5091,,2.4197
wang3,26064,177168,8,0.05,17,drift,0.5,200,100,False,256,2259,5477,,2.4245
wang3,26064,177168,8,0.05,17,drift,0.5,200,125,False,256,2457,5893,,2.3985
wang3,26064,177168,8,0.05,17,drift,0.5,200,150,False,256,2645,6213,,2.349
wang3,26064,177168,8,0.05,17,drift,0.5,200,175,False,256,2384,5735,,2.4056
wang3,26064,177168,8,0.05,17,drift,0.5,200,199,True,256,2490,5624,2490,2.2586
wang3,26064,177168,8,0.05,18,drift,0.5,200,0,False,256,1212,3371,,2.7814
wang3,26064,177168,8,0.05,18,drift,0.5,200,25,False,256,1487,4160,,2.7976
wang3,26064,177168,8,0.05,18,drift,0.5,200,50,False,256,1580,4337,,2.7449
wang3,26064,177168,8,0.05,18,drift,0.5,200,75,False,256,1765,4631,,2.6238
wang3,26064,177168,8,0.05,18,drift,0.5,200,100,False,256,1863,4975,,2.6704
wang3,26064,177168,8,0.05,18,drift,0.5,200,125,False,256,1960,5021,,2.5617
wang3,26064,177168,8,0.05,18,drift,0.5,200,150,False,256,2050,5166,,2.52
wang3,26064,177168,8,0.05,18,drift,0.5,200,175,False,256,2031,5166,,2.5436
wang3,26064,177168,8,0.05,18,drift,0.5,200,199,True,256,2089,5396,2089,2.5831
wang3,26064,177168,8,0.05,19,drift,0.5,200,0,False,256,1150,3212,,2.793
wang3,26064,177168,8,0.05,19,drift,0.5,200,25,False,256,1445,4018,,2.7806
wang3,26064,177168,8,0.05,19,drift,0.5,200,50,False,256,1579,4209,,2.6656
wang3,26064,177168,8,0.05,19,drift,0.5,200,75,False,256,1828,4751,,2.599
wang3,26064,177168,8,0.05,19,drift,0.5,200,100,False,256,1830,4667,,2.5503
wang3,26064,177168,8,0.05,19,drift,0.5,200,125,False,256,2042,5212,,2.5524
wang3,26064,177168,8,0.05,19,drift,0.5,200,150,False,256,2084,5124,,2.4587
wang3,26064,177168,8,0.05,19,drift,0.5,200,175,False,256,2078,5472,,2.6333
wang3,26064,177168,8,0.05,19,drift,0.5,200,199,True,256,2201,5419,2201,2.4621
wang3,26064,177168,8,0.05,20,drift,0.5,200,0,False,256,1305,3645,,2.7931
wang3,26064,177168,8,0.05,20,drift,0.5,200,25,False,256,1521,4278,,2.8126
wang3,26064,177168,8,0.05,20,drift,0.5,200,50,False,256,1710,4847,,2.8345
wang3,26064,177168,8,0.05,20,drift,0.5,200,75,False,256,1913,5001,,2.6142
wang3,26064,177168,8,0.05,20,drift,0.5,200,100,False,256,1726,4537,,2.6286
wang3,26064,177168,8,0.05,20,drift,0.5,200,125,False,256,1895,4776,,2.5203
wang3,26064,177168,8,0.05,20,drift,0.5,200,150,False,256,2036,5274,,2.5904
wang3,26064,177168,8,0.05,20,drift,0.5,200,175,False,256,2074,5393,,2.6003
wang3,26064,177168,8,0.05,20,drift,0.5,200,199,True,256,2079,5214,2079,2.5079
wang3,26064,177168,8,0.05,21,drift,0.5,200,0,False,256,1461,3888,,2.6612
wang3,26064,177168,8,0.05,21,drift,0.5,200,25,False,256,1786,4516,,2.5286
wang3,26064,177168,8,0.05,21,drift,0.5,200,50,False,256,2270,5339,,2.352
wang3,26064,177168,8,0.05,21,drift,0.5,200,75,False,256,2405,5626,,2.3393
wang3,26064,177168,8,0.05,21,drift,0.5,200,100,False,256,2496,5944,,2.3814
wang3,26064,177168,8,0.05,21,drift,0.5,200,125,False,256,2391,5706,,2.3864
wang3,26064,177168,8,0.05,21,drift,0.5,200,150,False,256,2517,5696,,2.263
wang3,26064,177168,8,0.05,21,drift,0.5,200,175,False,256,2760,6070,,2.1993
wang3,26064,177168,8,0.05,21,drift,0.5,200,199,True,256,2604,6101,2604,2.3429
wang3,26064,177168,8,0.25,17,drift,0.5,200,0,False,256,1445,3890,,2.692
wang3,26064,177168,8,0.25,17,drift,0.5,200,25,False,256,2456,5518,,2.2467
wang3,26064,177168,8,0.25,17,drift,0.5,200,50,False,256,2904,6286,,2.1646
wang3,26064,177168,8,0.25,17,drift,0.5,200,75,False,256,3017,6145,,2.0368
wang3,26064,177168,8,0.25,17,drift,0.5,200,100,False,256,3230,6611,,2.0467
wang3,26064,177168,8,0.25,17,drift,0.5,200,125,False,256,2914,6037,,2.0717
wang3,26064,177168,8,0.25,17,drift,0.5,200,150,False,256,2930,5996,,2.0464
wang3,26064,177168,8,0.25,17,drift,0.5,200,175,False,256,3175,6265,,1.9732
wang3,26064,177168,8,0.25,17,drift,0.5,200,199,True,256,3367,6739,3367,2.0015
wang3,26064,177168,8,0.25,18,drift,0.5,200,0,False,256,1212,3371,,2.7814
wang3,26064,177168,8,0.25,18,drift,0.5,200,25,False,256,1852,4749,,2.5643
wang3,26064,177168,8,0.25,18,drift,0.5,200,50,False,256,2500,6152,,2.4608
wang3,26064,177168,8,0.25,18,drift,0.5,200,75,False,256,2569,6147,,2.3928
wang3,26064,177168,8,0.25,18,drift,0.5,200,100,False,256,2574,5925,,2.3019
wang3,26064,177168,8,0.25,18,drift,0.5,200,125,False,256,2929,6453,,2.2031
wang3,26064,177168,8,0.25,18,drift,0.5,200,150,False,256,3130,6490,,2.0735
wang3,26064,177168,8,0.25,18,drift,0.5,200,175,False,256,3102,6343,,2.0448
wang3,26064,177168,8,0.25,18,drift,0.5,200,199,True,256,2910,6146,2910,2.112
wang3,26064,177168,8,0.25,19,drift,0.5,200,0,False,256,1150,3212,,2.793
wang3,26064,177168,8,0.25,19,drift,0.5,200,25,False,256,1804,4647,,2.5759
wang3,26064,177168,8,0.25,19,drift,0.5,200,50,False,256,1930,4707,,2.4389
wang3,26064,177168,8,0.25,19,drift,0.5,200,75,False,256,2439,6107,,2.5039
wang3,26064,177168,8,0.25,19,drift,0.5,200,100,False,256,2788,5911,,2.1202
wang3,26064,177168,8,0.25,19,drift,0.5,200,125,False,256,2892,6090,,2.1058
wang3,26064,177168,8,0.25,19,drift,0.5,200,150,False,256,2889,6318,,2.1869
wang3,26064,177168,8,0.25,19,drift,0.5,200,175,False,256,3164,6523,,2.0616
wang3,26064,177168,8,0.25,19,drift,0.5,200,199,True,256,2948,6410,2948,2.1744
wang3,26064,177168,8,0.25,20,drift,0.5,200,0,False,256,1305,3645,,2.7931
wang3,26064,177168,8,0.25,20,drift,0.5,200,25,False,256,1948,5045,,2.5898
wang3,26064,177168,8,0.25,20,drift,0.5,200,50,False,256,2513,5940,,2.3637
wang3,26064,177168,8,0.25,20,drift,0.5,200,75,False,256,2679,6087,,2.2721
wang3,26064,177168,8,0.25,20,drift,0.5,200,100,False,256,2387,5768,,2.4164
wang3,26064,177168,8,0.25,20,drift,0.5,200,125,False,256,2746,5935,,2.1613
wang3,26064,177168,8,0.25,20,drift,0.5,200,150,False,256,2808,5818,,2.0719
wang3,26064,177168,8,0.25,20,drift,0.5,200,175,False,256,2595,5633,,2.1707
wang3,26064,177168,8,0.25,20,drift,0.5,200,199,True,256,3094,6580,3094,2.1267
wang3,26064,177168,8,0.25,21,drift,0.5,200,0,False,256,1461,3888,,2.6612
wang3,26064,177168,8,0.25,21,drift,0.5,200,25,False,256,2567,6105,,2.3783
wang3,26064,177168,8,0.25,21,drift,0.5,200,50,False,256,2461,5588,,2.2706
wang3,26064,177168,8,0.25,21,drift,0.5,200,75,False,256,3111,6646,,2.1363
wang3,26064,177168,8,0.25,21,drift,0.5,200,100,False,256,3047,6271,,2.0581
wang3,26064,177168,8,0.25,21,drift,0.5,200,125,False,256,2824,6154,,2.1792
wang3,26064,177168,8,0.25,21,drift,0.5,200,150,False,256,2745,6235,,2.2714
wang3,26064,177168,8,0.25,21,drift,0.5,200,175,False,256,2617,5724,,2.1872
wang3,26064,177168,8,0.25,21,drift,0.5,200,199,True,256,3128,6532,3128,2.0882
wang3,26064,177168,8,0.0,17,jump,0.5,200,0,False,256,1445,3890,,2.692
wang3,26064,177168,8,0.0,17,jump,0.5,200,25,False,256,1445,3890,,2.692
wang3,26064,177168,8,0.0,17,jump,0.5,200,50,False,256,1445,3890,,2.692
wang3,26064,177168,8,0.0,17,jump,0.5,200,75,False,256,1445,3890,,2.692
wang3,26064,177168,8,0.0,17,jump,0.5,200,100,False,256,1445,3890,,2.692
wang3,26064,177168,8,0.0,17,jump,0.5,200,125,False,256,1445,3890,,2.692
wang3,26064,177168,8,0.0,17,jump,0.5,200,150,False,256,1445,3890,,2.692
wang3,26064,177168,8,0.0,17,jump,0.5,200,175,False,256,1445,3890,,2.692
wang3,26064,177168,8,0.0,17,jump,0.5,200,199,True,256,1445,3890,1445,2.692
wang3,26064,177168,8,0.0,18,jump,0.5,200,0,False,256,1212,3371,,2.7814
wang3,26064,177168,8,0.0,18,jump,0.5,200,25,False,256,1212,3371,,2.7814
wang3,26064,177168,8,0.0,18,jump,0.5,200,50,False,256,1212,3371,,2.7814
wang3,26064,177168,8,0.0,18,jump,0.5,200,75,False,256,1212,3371,,2.7814
wang3,26064,177168,8,0.0,18,jump,0.5,200,100,False,256,1212,3371,,2.7814
wang3,26064,177168,8,0.0,18,jump,0.5,200,125,False,256,1212,3371,,2.7814
wang3,26064,177168,8,0.0,18,jump,0.5,200,150,False,256,1212,3371,,2.7814
wang3,26064,177168,8,0.0,18,jump,0.5,200,175,False,256,1212,3371,,2.7814
wang3,26064,177168,8,0.0,18,jump,0.5,200,199,True,256,1212,3371,1212,2.7814
wang3,26064,177168,8,0.0,19,jump,0.5,200,0,False,256,1150,3212,,2.793
wang3,26064,177168,8,0.0,19,jump,0.5,200,25,False,256,1150,3212,,2.793
wang3,26064,177168,8,0.0,19,jump,0.5,200,50,False,256,1150,3212,,2.793
wang3,26064,177168,8,0.0,19,jump,0.5,200,75,False,256,1150,3212,,2.793
wang3,26064,177168,8,0.0,19,jump,0.5,200,100,False,256,1150,3212,,2.793
wang3,26064,177168,8,0.0,19,jump,0.5,200,125,False,256,1150,3212,,2.793
wang3,26064,177168,8,0.0,19,jump,0.5,200,150,False,256,1150,3212,,2.793
wang3,26064,177168,8,0.0,19,jump,0.5,200,175,False,256,1150,3212,,2.793
wang3,26064,177168,8,0.0,19,jump,0.5,200,199,True,256,1150,3212,1150,2.793
wang3,26064,177168,8,0.0,20,jump,0.5,200,0,False,256,1305,3645,,2.7931
wang3,26064,177168,8,0.0,20,jump,0.5,200,25,False,256,1305,3645,,2.7931
wang3,26064,177168,8,0.0,20,jump,0.5,200,50,False,256,1305,3645,,2.7931
wang3,26064,177168,8,0.0,20,jump,0.5,200,75,False,256,1305,3645,,2.7931
wang3,26064,177168,8,0.0,20,jump,0.5,200,100,False,256,1305,3645,,2.7931
wang3,26064,177168,8,0.0,20,jump,0.5,200,125,False,256,1305,3645,,2.7931
wang3,26064,177168,8,0.0,20,jump,0.5,200,150,False,256,1305,3645,,2.7931
wang3,26064,177168,8,0.0,20,jump,0.5,200,175,False,256,1305,3645,,2.7931
wang3,26064,177168,8,0.0,20,jump,0.5,200,199,True,256,1305,3645,1305,2.7931
wang3,26064,177168,8,0.0,21,jump,0.5,200,0,False,256,1461,3888,,2.6612
wang3,26064,177168,8,0.0,21,jump,0.5,200,25,False,256,1461,3888,,2.6612
wang3,26064,177168,8,0.0,21,jump,0.5,200,50,False,256,1461,3888,,2.6612
wang3,26064,177168,8,0.0,21,jump,0.5,200,75,False,256,1461,3888,,2.6612
wang3,26064,177168,8,0.0,21,jump,0.5,200,100,False,256,1461,3888,,2.6612
wang3,26064,177168,8,0.0,21,jump,0.5,200,125,False,256,1461,3888,,2.6612
wang3,26064,177168,8,0.0,21,jump,0.5,200,150,False,256,1461,3888,,2.6612
wang3,26064,177168,8,0.0,21,jump,0.5,200,175,False,256,1461,3888,,2.6612
wang3,26064,177168,8,0.0,21,jump,0.5,200,199,True,256,1461,3888,1461,2.6612
wang3,26064,177168,8,0.002,17,jump,0.5,200,0,False,256,1445,3890,,2.692
wang3,26064,177168,8,0.002,17,jump,0.5,200,25,False,256,2333,4702,,2.0154
wang3,26064,177168,8,0.002,17,jump,0.5,200,50,False,256,3078,5380,,1.7479
wang3,26064,177168,8,0.002,17,jump,0.5,200,75,False,256,3761,5923,,1.5748
wang3,26064,177168,8,0.002,17,jump,0.5,200,100,False,256,4410,6513,,1.4769
wang3,26064,177168,8,0.002,17,jump,0.5,200,125,False,256,5104,7180,,1.4067
wang3,26064,177168,8,0.002,17,jump,0.5,200,150,False,256,5473,7534,,1.3766
wang3,26064,177168,8,0.002,17,jump,0.5,200,175,False,256,5828,7901,,1.3557
wang3,26064,177168,8,0.002,17,jump,0.5,200,199,True,256,6053,8137,6053,1.3443
wang3,26064,177168,8,0.002,18,jump,0.5,200,0,False,256,1212,3371,,2.7814
wang3,26064,177168,8,0.002,18,jump,0.5,200,25,False,256,2102,4305,,2.048
wang3,26064,177168,8,0.002,18,jump,0.5,200,50,False,256,2842,5048,,1.7762
wang3,26064,177168,8,0.002,18,jump,0.5,200,75,False,256,3566,5707,,1.6004
wang3,26064,177168,8,0.002,18,jump,0.5,200,100,False,256,4149,6236,,1.503
wang3,26064,177168,8,0.002,18,jump,0.5,200,125,False,256,4685,6750,,1.4408
wang3,26064,177168,8,0.002,18,jump,0.5,200,150,False,256,5166,7246,,1.4026
wang3,26064,177168,8,0.002,18,jump,0.5,200,175,False,256,5668,7736,,1.3649
wang3,26064,177168,8,0.002,18,jump,0.5,200,199,True,256,6006,7952,6006,1.324
wang3,26064,177168,8,0.002,19,jump,0.5,200,0,False,256,1150,3212,,2.793
wang3,26064,177168,8,0.002,19,jump,0.5,200,25,False,256,1981,3972,,2.005
wang3,26064,177168,8,0.002,19,jump,0.5,200,50,False,256,2721,4697,,1.7262
wang3,26064,177168,8,0.002,19,jump,0.5,200,75,False,256,3378,5371,,1.59
wang3,26064,177168,8,0.002,19,jump,0.5,200,100,False,256,4053,5989,,1.4777
wang3,26064,177168,8,0.002,19,jump,0.5,200,125,False,256,4609,6632,,1.4389
wang3,26064,177168,8,0.002,19,jump,0.5,200,150,False,256,4908,7021,,1.4305
wang3,26064,177168,8,0.002,19,jump,0.5,200,175,False,256,5570,7676,,1.3781
wang3,26064,177168,8,0.002,19,jump,0.5,200,199,True,256,5901,8073,5901,1.3681
wang3,26064,177168,8,0.002,20,jump,0.5,200,0,False,256,1305,3645,,2.7931
wang3,26064,177168,8,0.002,20,jump,0.5,200,25,False,256,2215,4548,,2.0533
wang3,26064,177168,8,0.002,20,jump,0.5,200,50,False,256,2880,5098,,1.7701
wang3,26064,177168,8,0.002,20,jump,0.5,200,75,False,256,3622,5833,,1.6104
wang3,26064,177168,8,0.002,20,jump,0.5,200,100,False,256,4307,6548,,1.5203
wang3,26064,177168,8,0.002,20,jump,0.5,200,125,False,256,4777,7033,,1.4723
wang3,26064,177168,8,0.002,20,jump,0.5,200,150,False,256,5272,7503,,1.4232
wang3,26064,177168,8,0.002,20,jump,0.5,200,175,False,256,5779,7942,,1.3743
wang3,26064,177168,8,0.002,20,jump,0.5,200,199,True,256,6079,8135,6079,1.3382
wang3,26064,177168,8,0.002,21,jump,0.5,200,0,False,256,1461,3888,,2.6612
wang3,26064,177168,8,0.002,21,jump,0.5,200,25,False,256,2356,4743,,2.0132
wang3,26064,177168,8,0.002,21,jump,0.5,200,50,False,256,3173,5616,,1.7699
wang3,26064,177168,8,0.002,21,jump,0.5,200,75,False,256,3973,6304,,1.5867
wang3,26064,177168,8,0.002,21,jump,0.5,200,100,False,256,4477,6724,,1.5019
wang3,26064,177168,8,0.002,21,jump,0.5,200,125,False,256,4928,7216,,1.4643
wang3,26064,177168,8,0.002,21,jump,0.5,200,150,False,256,5269,7627,,1.4475
wang3,26064,177168,8,0.002,21,jump,0.5,200,175,False,256,5528,7771,,1.4058
wang3,26064,177168,8,0.002,21,jump,0.5,200,199,True,256,5863,8053,5863,1.3735
wang3,26064,177168,8,0.01,17,jump,0.5,200,0,False,256,1445,3890,,2.692
wang3,26064,177168,8,0.01,17,jump,0.5,200,25,False,256,3768,5848,,1.552
wang3,26064,177168,8,0.01,17,jump,0.5,200,50,False,256,5316,7321,,1.3772
wang3,26064,177168,8,0.01,17,jump,0.5,200,75,False,256,6471,8547,,1.3208
wang3,26064,177168,8,0.01,17,jump,0.5,200,100,False,256,7173,9289,,1.295
wang3,26064,177168,8,0.01,17,jump,0.5,200,125,False,256,7575,9570,,1.2634
wang3,26064,177168,8,0.01,17,jump,0.5,200,150,False,256,8040,9966,,1.2396
wang3,26064,177168,8,0.01,17,jump,0.5,200,175,False,256,8178,9975,,1.2197
wang3,26064,177168,8,0.01,17,jump,0.5,200,199,True,256,8116,9972,8116,1.2287
wang3,26064,177168,8,0.01,18,jump,0.5,200,0,False,256,1212,3371,,2.7814
wang3,26064,177168,8,0.01,18,jump,0.5,200,25,False,256,3714,5874,,1.5816
wang3,26064,177168,8,0.01,18,jump,0.5,200,50,False,256,5254,7391,,1.4067
wang3,26064,177168,8,0.01,18,jump,0.5,200,75,False,256,6357,8437,,1.3272
wang3,26064,177168,8,0.01,18,jump,0.5,200,100,False,256,7031,8885,,1.2637
wang3,26064,177168,8,0.01,18,jump,0.5,200,125,False,256,7469,9311,,1.2466
wang3,26064,177168,8,0.01,18,jump,0.5,200,150,False,256,7796,9620,,1.234
wang3,26064,177168,8,0.01,18,jump,0.5,200,175,False,256,8043,9834,,1.2227
wang3,26064,177168,8,0.01,18,jump,0.5,200,199,True,256,8295,10073,8295,1.2143
wang3,26064,177168,8,0.01,19,jump,0.5,200,0,False,256,1150,3212,,2.793
wang3,26064,177168,8,0.01,19,jump,0.5,200,25,False,256,3272,5197,,1.5883
wang3,26064,177168,8,0.01,19,jump,0.5,200,50,False,256,4910,6836,,1.3923
wang3,26064,177168,8,0.01,19,jump,0.5,200,75,False,256,5995,7897,,1.3173
wang3,26064,177168,8,0.01,19,jump,0.5,200,100,False,256,6743,8498,,1.2603
wang3,26064,177168,8,0.01,19,jump,0.5,200,125,False,256,7221,8971,,1.2423
wang3,26064,177168,8,0.01,19,jump,0.5,200,150,False,256,7470,9425,,1.2617
wang3,26064,177168,8,0.01,19,jump,0.5,200,175,False,256,7742,9718,,1.2552
wang3,26064,177168,8,0.01,19,jump,0.5,200,199,True,256,8104,9837,8104,1.2138
wang3,26064,177168,8,0.01,20,jump,0.5,200,0,False,256,1305,3645,,2.7931
wang3,26064,177168,8,0.01,20,jump,0.5,200,25,False,256,3584,5856,,1.6339
wang3,26064,177168,8,0.01,20,jump,0.5,200,50,False,256,4994,7208,,1.4433
wang3,26064,177168,8,0.01,20,jump,0.5,200,75,False,256,6253,8240,,1.3178
wang3,26064,177168,8,0.01,20,jump,0.5,200,100,False,256,6798,8727,,1.2838
wang3,26064,177168,8,0.01,20,jump,0.5,200,125,False,256,7231,9254,,1.2798
wang3,26064,177168,8,0.01,20,jump,0.5,200,150,False,256,7671,9574,,1.2481
wang3,26064,177168,8,0.01,20,jump,0.5,200,175,False,256,8082,9898,,1.2247
wang3,26064,177168,8,0.01,20,jump,0.5,200,199,True,256,8441,10067,8441,1.1926
wang3,26064,177168,8,0.01,21,jump,0.5,200,0,False,256,1461,3888,,2.6612
wang3,26064,177168,8,0.01,21,jump,0.5,200,25,False,256,3724,5911,,1.5873
wang3,26064,177168,8,0.01,21,jump,0.5,200,50,False,256,5357,7280,,1.359
wang3,26064,177168,8,0.01,21,jump,0.5,200,75,False,256,6268,7971,,1.2717
wang3,26064,177168,8,0.01,21,jump,0.5,200,100,False,256,7125,8781,,1.2324
wang3,26064,177168,8,0.01,21,jump,0.5,200,125,False,256,7752,9519,,1.2279
wang3,26064,177168,8,0.01,21,jump,0.5,200,150,False,256,8160,9744,,1.1941
wang3,26064,177168,8,0.01,21,jump,0.5,200,175,False,256,8392,10037,,1.196
wang3,26064,177168,8,0.01,21,jump,0.5,200,199,True,256,8460,10078,8460,1.1913
wang3,26064,177168,8,0.05,17,jump,0.5,200,0,False,256,1445,3890,,2.692
wang3,26064,177168,8,0.05,17,jump,0.5,200,25,False,256,7405,9611,,1.2979
wang3,26064,177168,8,0.05,17,jump,0.5,200,50,False,256,8573,10035,,1.1705
wang3,26064,177168,8,0.05,17,jump,0.5,200,75,False,256,8623,10061,,1.1668
wang3,26064,177168,8,0.05,17,jump,0.5,200,100,False,256,8711,10071,,1.1561
wang3,26064,177168,8,0.05,17,jump,0.5,200,125,False,256,8492,10004,,1.178
wang3,26064,177168,8,0.05,17,jump,0.5,200,150,False,256,8577,10043,,1.1709
wang3,26064,177168,8,0.05,17,jump,0.5,200,175,False,256,8790,10245,,1.1655
wang3,26064,177168,8,0.05,17,jump,0.5,200,199,True,256,8827,10287,8827,1.1654
wang3,26064,177168,8,0.05,18,jump,0.5,200,0,False,256,1212,3371,,2.7814
wang3,26064,177168,8,0.05,18,jump,0.5,200,25,False,256,7069,9002,,1.2734
wang3,26064,177168,8,0.05,18,jump,0.5,200,50,False,256,8178,9925,,1.2136
wang3,26064,177168,8,0.05,18,jump,0.5,200,75,False,256,8731,10053,,1.1514
wang3,26064,177168,8,0.05,18,jump,0.5,200,100,False,256,8813,10239,,1.1618
wang3,26064,177168,8,0.05,18,jump,0.5,200,125,False,256,8436,10019,,1.1876
wang3,26064,177168,8,0.05,18,jump,0.5,200,150,False,256,8758,10223,,1.1673
wang3,26064,177168,8,0.05,18,jump,0.5,200,175,False,256,8762,10191,,1.1631
wang3,26064,177168,8,0.05,18,jump,0.5,200,199,True,256,8555,10002,8555,1.1691
wang3,26064,177168,8,0.05,19,jump,0.5,200,0,False,256,1150,3212,,2.793
wang3,26064,177168,8,0.05,19,jump,0.5,200,25,False,256,7355,9018,,1.2261
wang3,26064,177168,8,0.05,19,jump,0.5,200,50,False,256,8379,9921,,1.184
wang3,26064,177168,8,0.05,19,jump,0.5,200,75,False,256,8635,10004,,1.1585
wang3,26064,177168,8,0.05,19,jump,0.5,200,100,False,256,8548,9904,,1.1586
wang3,26064,177168,8,0.05,19,jump,0.5,200,125,False,256,8629,10080,,1.1682
wang3,26064,177168,8,0.05,19,jump,0.5,200,150,False,256,8639,10038,,1.1619
wang3,26064,177168,8,0.05,19,jump,0.5,200,175,False,256,8710,10167,,1.1673
wang3,26064,177168,8,0.05,19,jump,0.5,200,199,True,256,8782,10237,8782,1.1657
wang3,26064,177168,8,0.05,20,jump,0.5,200,0,False,256,1305,3645,,2.7931
wang3,26064,177168,8,0.05,20,jump,0.5,200,25,False,256,7406,9352,,1.2628
wang3,26064,177168,8,0.05,20,jump,0.5,200,50,False,256,8257,9738,,1.1794
wang3,26064,177168,8,0.05,20,jump,0.5,200,75,False,256,8519,9893,,1.1613
wang3,26064,177168,8,0.05,20,jump,0.5,200,100,False,256,8636,10054,,1.1642
wang3,26064,177168,8,0.05,20,jump,0.5,200,125,False,256,8795,10189,,1.1585
wang3,26064,177168,8,0.05,20,jump,0.5,200,150,False,256,8688,10100,,1.1625
wang3,26064,177168,8,0.05,20,jump,0.5,200,175,False,256,8486,9985,,1.1766
wang3,26064,177168,8,0.05,20,jump,0.5,200,199,True,256,8450,9988,8450,1.182
wang3,26064,177168,8,0.05,21,jump,0.5,200,0,False,256,1461,3888,,2.6612
wang3,26064,177168,8,0.05,21,jump,0.5,200,25,False,256,7303,9389,,1.2856
wang3,26064,177168,8,0.05,21,jump,0.5,200,50,False,256,8286,9907,,1.1956
wang3,26064,177168,8,0.05,21,jump,0.5,200,75,False,256,8488,9997,,1.1778
wang3,26064,177168,8,0.05,21,jump,0.5,200,100,False,256,8656,10058,,1.162
wang3,26064,177168,8,0.05,21,jump,0.5,200,125,False,256,8578,10072,,1.1742
wang3,26064,177168,8,0.05,21,jump,0.5,200,150,False,256,8769,10316,,1.1764
wang3,26064,177168,8,0.05,21,jump,0.5,200,175,False,256,8724,10075,,1.1549
wang3,26064,177168,8,0.05,21,jump,0.5,200,199,True,256,8528,9995,8528,1.172
wang3,26064,177168,8,0.25,17,jump,0.5,200,0,False,256,1445,3890,,2.692
wang3,26064,177168,8,0.25,17,jump,0.5,200,25,False,256,8870,10154,,1.1448
wang3,26064,177168,8,0.25,17,jump,0.5,200,50,False,256,8699,10313,,1.1855
wang3,26064,177168,8,0.25,17,jump,0.5,200,75,False,256,8572,9965,,1.1625
wang3,26064,177168,8,0.25,17,jump,0.5,200,100,False,256,8755,10288,,1.1751
wang3,26064,177168,8,0.25,17,jump,0.5,200,125,False,256,8570,9922,,1.1578
wang3,26064,177168,8,0.25,17,jump,0.5,200,150,False,256,8476,10010,,1.181
wang3,26064,177168,8,0.25,17,jump,0.5,200,175,False,256,8423,10010,,1.1884
wang3,26064,177168,8,0.25,17,jump,0.5,200,199,True,256,8699,10193,8699,1.1717
wang3,26064,177168,8,0.25,18,jump,0.5,200,0,False,256,1212,3371,,2.7814
wang3,26064,177168,8,0.25,18,jump,0.5,200,25,False,256,8857,10296,,1.1625
wang3,26064,177168,8,0.25,18,jump,0.5,200,50,False,256,8505,9976,,1.173
wang3,26064,177168,8,0.25,18,jump,0.5,200,75,False,256,8647,10002,,1.1567
wang3,26064,177168,8,0.25,18,jump,0.5,200,100,False,256,8753,10089,,1.1526
wang3,26064,177168,8,0.25,18,jump,0.5,200,125,False,256,8418,9916,,1.178
wang3,26064,177168,8,0.25,18,jump,0.5,200,150,False,256,8592,10028,,1.1671
wang3,26064,177168,8,0.25,18,jump,0.5,200,175,False,256,8784,10227,,1.1643
wang3,26064,177168,8,0.25,18,jump,0.5,200,199,True,256,8728,10094,8728,1.1565
wang3,26064,177168,8,0.25,19,jump,0.5,200,0,False,256,1150,3212,,2.793
wang3,26064,177168,8,0.25,19,jump,0.5,200,25,False,256,8470,10070,,1.1889
wang3,26064,177168,8,0.25,19,jump,0.5,200,50,False,256,8425,10050,,1.1929
wang3,26064,177168,8,0.25,19,jump,0.5,200,75,False,256,8817,10094,,1.1448
wang3,26064,177168,8,0.25,19,jump,0.5,200,100,False,256,8595,10114,,1.1767
wang3,26064,177168,8,0.25,19,jump,0.5,200,125,False,256,8553,10154,,1.1872
wang3,26064,177168,8,0.25,19,jump,0.5,200,150,False,256,8428,10092,,1.1974
wang3,26064,177168,8,0.25,19,jump,0.5,200,175,False,256,8554,10061,,1.1762
wang3,26064,177168,8,0.25,19,jump,0.5,200,199,True,256,8597,9905,8597,1.1521
wang3,26064,177168,8,0.25,20,jump,0.5,200,0,False,256,1305,3645,,2.7931
wang3,26064,177168,8,0.25,20,jump,0.5,200,25,False,256,8636,10005,,1.1585
wang3,26064,177168,8,0.25,20,jump,0.5,200,50,False,256,8523,9890,,1.1604
wang3,26064,177168,8,0.25,20,jump,0.5,200,75,False,256,8588,9906,,1.1535
wang3,26064,177168,8,0.25,20,jump,0.5,200,100,False,256,8784,10038,,1.1428
wang3,26064,177168,8,0.25,20,jump,0.5,200,125,False,256,8483,9969,,1.1752
wang3,26064,177168,8,0.25,20,jump,0.5,200,150,False,256,8729,10299,,1.1799
wang3,26064,177168,8,0.25,20,jump,0.5,200,175,False,256,8587,10108,,1.1771
wang3,26064,177168,8,0.25,20,jump,0.5,200,199,True,256,8498,10053,8498,1.183
wang3,26064,177168,8,0.25,21,jump,0.5,200,0,False,256,1461,3888,,2.6612
wang3,26064,177168,8,0.25,21,jump,0.5,200,25,False,256,8448,9911,,1.1732
wang3,26064,177168,8,0.25,21,jump,0.5,200,50,False,256,8563,10066,,1.1755
wang3,26064,177168,8,0.25,21,jump,0.5,200,75,False,256,8490,10002,,1.1781
wang3,26064,177168,8,0.25,21,jump,0.5,200,100,False,256,8562,9986,,1.1663
wang3,26064,177168,8,0.25,21,jump,0.5,200,125,False,256,8606,10213,,1.1867
wang3,26064,177168,8,0.25,21,jump,0.5,200,150,False,256,8569,9953,,1.1615
wang3,26064,177168,8,0.25,21,jump,0.5,200,175,False,256,8573,10258,,1.1965
wang3,26064,177168,8,0.25,21,jump,0.5,200,199,True,256,8687,9938,8687,1.144
ct20stif,52329,2600295,8,0.0,17,drift,0.5,200,0,False,256,1371,5557,,4.0532
ct20stif,52329,2600295,8,0.0,17,drift,0.5,200,25,False,256,1371,5557,,4.0532
ct20stif,52329,2600295,8,0.0,17,drift,0.5,200,50,False,256,1371,5557,,4.0532
ct20stif,52329,2600295,8,0.0,17,drift,0.5,200,75,False,256,1371,5557,,4.0532
ct20stif,52329,2600295,8,0.0,17,drift,0.5,200,100,False,256,1371,5557,,4.0532
ct20stif,52329,2600295,8,0.0,17,drift,0.5,200,125,False,256,1371,5557,,4.0532
ct20stif,52329,2600295,8,0.0,17,drift,0.5,200,150,False,256,1371,5557,,4.0532
ct20stif,52329,2600295,8,0.0,17,drift,0.5,200,175,False,256,1371,5557,,4.0532
ct20stif,52329,2600295,8,0.0,17,drift,0.5,200,199,True,256,1371,5557,1371,4.0532
ct20stif,52329,2600295,8,0.0,18,drift,0.5,200,0,False,256,708,3050,,4.3079
ct20stif,52329,2600295,8,0.0,18,drift,0.5,200,25,False,256,708,3050,,4.3079
ct20stif,52329,2600295,8,0.0,18,drift,0.5,200,50,False,256,708,3050,,4.3079
ct20stif,52329,2600295,8,0.0,18,drift,0.5,200,75,False,256,708,3050,,4.3079
ct20stif,52329,2600295,8,0.0,18,drift,0.5,200,100,False,256,708,3050,,4.3079
ct20stif,52329,2600295,8,0.0,18,drift,0.5,200,125,False,256,708,3050,,4.3079
ct20stif,52329,2600295,8,0.0,18,drift,0.5,200,150,False,256,708,3050,,4.3079
ct20stif,52329,2600295,8,0.0,18,drift,0.5,200,175,False,256,708,3050,,4.3079
ct20stif,52329,2600295,8,0.0,18,drift,0.5,200,199,True,256,708,3050,708,4.3079
ct20stif,52329,2600295,8,0.0,19,drift,0.5,200,0,False,256,1065,3944,,3.7033
ct20stif,52329,2600295,8,0.0,19,drift,0.5,200,25,False,256,1065,3944,,3.7033
ct20stif,52329,2600295,8,0.0,19,drift,0.5,200,50,False,256,1065,3944,,3.7033
ct20stif,52329,2600295,8,0.0,19,drift,0.5,200,75,False,256,1065,3944,,3.7033
ct20stif,52329,2600295,8,0.0,19,drift,0.5,200,100,False,256,1065,3944,,3.7033
ct20stif,52329,2600295,8,0.0,19,drift,0.5,200,125,False,256,1065,3944,,3.7033
ct20stif,52329,2600295,8,0.0,19,drift,0.5,200,150,False,256,1065,3944,,3.7033
ct20stif,52329,2600295,8,0.0,19,drift,0.5,200,175,False,256,1065,3944,,3.7033
ct20stif,52329,2600295,8,0.0,19,drift,0.5,200,199,True,256,1065,3944,1065,3.7033
ct20stif,52329,2600295,8,0.0,20,drift,0.5,200,0,False,256,1140,4142,,3.6333
ct20stif,52329,2600295,8,0.0,20,drift,0.5,200,25,False,256,1140,4142,,3.6333
ct20stif,52329,2600295,8,0.0,20,drift,0.5,200,50,False,256,1140,4142,,3.6333
ct20stif,52329,2600295,8,0.0,20,drift,0.5,200,75,False,256,1140,4142,,3.6333
ct20stif,52329,2600295,8,0.0,20,drift,0.5,200,100,False,256,1140,4142,,3.6333
ct20stif,52329,2600295,8,0.0,20,drift,0.5,200,125,False,256,1140,4142,,3.6333
ct20stif,52329,2600295,8,0.0,20,drift,0.5,200,150,False,256,1140,4142,,3.6333
ct20stif,52329,2600295,8,0.0,20,drift,0.5,200,175,False,256,1140,4142,,3.6333
ct20stif,52329,2600295,8,0.0,20,drift,0.5,200,199,True,256,1140,4142,1140,3.6333
ct20stif,52329,2600295,8,0.0,21,drift,0.5,200,0,False,256,1421,4613,,3.2463
ct20stif,52329,2600295,8,0.0,21,drift,0.5,200,25,False,256,1421,4613,,3.2463
ct20stif,52329,2600295,8,0.0,21,drift,0.5,200,50,False,256,1421,4613,,3.2463
ct20stif,52329,2600295,8,0.0,21,drift,0.5,200,75,False,256,1421,4613,,3.2463
ct20stif,52329,2600295,8,0.0,21,drift,0.5,200,100,False,256,1421,4613,,3.2463
ct20stif,52329,2600295,8,0.0,21,drift,0.5,200,125,False,256,1421,4613,,3.2463
ct20stif,52329,2600295,8,0.0,21,drift,0.5,200,150,False,256,1421,4613,,3.2463
ct20stif,52329,2600295,8,0.0,21,drift,0.5,200,175,False,256,1421,4613,,3.2463
ct20stif,52329,2600295,8,0.0,21,drift,0.5,200,199,True,256,1421,4613,1421,3.2463
ct20stif,52329,2600295,8,0.002,17,drift,0.5,200,0,False,256,1371,5557,,4.0532
ct20stif,52329,2600295,8,0.002,17,drift,0.5,200,25,False,256,1651,6480,,3.9249
ct20stif,52329,2600295,8,0.002,17,drift,0.5,200,50,False,256,1737,6748,,3.8849
ct20stif,52329,2600295,8,0.002,17,drift,0.5,200,75,False,256,1737,6724,,3.871
ct20stif,52329,2600295,8,0.002,17,drift,0.5,200,100,False,256,1815,7160,,3.9449
ct20stif,52329,2600295,8,0.002,17,drift,0.5,200,125,False,256,1883,7450,,3.9565
ct20stif,52329,2600295,8,0.002,17,drift,0.5,200,150,False,256,1896,7167,,3.7801
ct20stif,52329,2600295,8,0.002,17,drift,0.5,200,175,False,256,1920,7313,,3.8089
ct20stif,52329,2600295,8,0.002,17,drift,0.5,200,199,True,256,1892,7058,1892,3.7304
ct20stif,52329,2600295,8,0.002,18,drift,0.5,200,0,False,256,708,3050,,4.3079
ct20stif,52329,2600295,8,0.002,18,drift,0.5,200,25,False,256,756,3286,,4.3466
ct20stif,52329,2600295,8,0.002,18,drift,0.5,200,50,False,256,764,3416,,4.4712
ct20stif,52329,2600295,8,0.002,18,drift,0.5,200,75,False,256,773,3482,,4.5045
ct20stif,52329,2600295,8,0.002,18,drift,0.5,200,100,False,256,750,3472,,4.6293
ct20stif,52329,2600295,8,0.002,18,drift,0.5,200,125,False,256,744,3400,,4.5699
ct20stif,52329,2600295,8,0.002,18,drift,0.5,200,150,False,256,744,3400,,4.5699
ct20stif,52329,2600295,8,0.002,18,drift,0.5,200,175,False,256,750,3496,,4.6613
ct20stif,52329,2600295,8,0.002,18,drift,0.5,200,199,True,256,750,3496,750,4.6613
ct20stif,52329,2600295,8,0.002,19,drift,0.5,200,0,False,256,1065,3944,,3.7033
ct20stif,52329,2600295,8,0.002,19,drift,0.5,200,25,False,256,1133,4582,,4.0441
ct20stif,52329,2600295,8,0.002,19,drift,0.5,200,50,False,256,1293,4859,,3.7579
ct20stif,52329,2600295,8,0.002,19,drift,0.5,200,75,False,256,1185,4901,,4.1359
ct20stif,52329,2600295,8,0.002,19,drift,0.5,200,100,False,256,1370,5278,,3.8526
ct20stif,52329,2600295,8,0.002,19,drift,0.5,200,125,False,256,1397,5449,,3.9005
ct20stif,52329,2600295,8,0.002,19,drift,0.5,200,150,False,256,1453,5550,,3.8197
ct20stif,52329,2600295,8,0.002,19,drift,0.5,200,175,False,256,1479,5554,,3.7552
ct20stif,52329,2600295,8,0.002,19,drift,0.5,200,199,True,256,1335,5544,1335,4.1528
ct20stif,52329,2600295,8,0.002,20,drift,0.5,200,0,False,256,1140,4142,,3.6333
ct20stif,52329,2600295,8,0.002,20,drift,0.5,200,25,False,256,1359,5040,,3.7086
ct20stif,52329,2600295,8,0.002,20,drift,0.5,200,50,False,256,1365,5451,,3.9934
ct20stif,52329,2600295,8,0.002,20,drift,0.5,200,75,False,256,1359,5466,,4.0221
ct20stif,52329,2600295,8,0.002,20,drift,0.5,200,100,False,256,1439,5656,,3.9305
ct20stif,52329,2600295,8,0.002,20,drift,0.5,200,125,False,256,1466,5887,,4.0157
ct20stif,52329,2600295,8,0.002,20,drift,0.5,200,150,False,256,1454,6003,,4.1286
ct20stif,52329,2600295,8,0.002,20,drift,0.5,200,175,False,256,1559,6237,,4.0006
ct20stif,52329,2600295,8,0.002,20,drift,0.5,200,199,True,256,1568,6337,1568,4.0415
ct20stif,52329,2600295,8,0.002,21,drift,0.5,200,0,False,256,1421,4613,,3.2463
ct20stif,52329,2600295,8,0.002,21,drift,0.5,200,25,False,256,1498,4948,,3.3031
ct20stif,52329,2600295,8,0.002,21,drift,0.5,200,50,False,256,1677,5439,,3.2433
ct20stif,52329,2600295,8,0.002,21,drift,0.5,200,75,False,256,1635,5499,,3.3633
ct20stif,52329,2600295,8,0.002,21,drift,0.5,200,100,False,256,1733,5663,,3.2677
ct20stif,52329,2600295,8,0.002,21,drift,0.5,200,125,False,256,1784,5963,,3.3425
ct20stif,52329,2600295,8,0.002,21,drift,0.5,200,150,False,256,1802,5999,,3.3291
ct20stif,52329,2600295,8,0.002,21,drift,0.5,200,175,False,256,1787,5839,,3.2675
ct20stif,52329,2600295,8,0.002,21,drift,0.5,200,199,True,256,1817,5911,1817,3.2532
ct20stif,52329,2600295,8,0.01,17,drift,0.5,200,0,False,256,1371,5557,,4.0532
ct20stif,52329,2600295,8,0.01,17,drift,0.5,200,25,False,256,1485,6430,,4.33
ct20stif,52329,2600295,8,0.01,17,drift,0.5,200,50,False,256,1675,7157,,4.2728
ct20stif,52329,2600295,8,0.01,17,drift,0.5,200,75,False,256,1785,7557,,4.2336
ct20stif,52329,2600295,8,0.01,17,drift,0.5,200,100,False,256,1864,7524,,4.0365
ct20stif,52329,2600295,8,0.01,17,drift,0.5,200,125,False,256,2046,7710,,3.7683
ct20stif,52329,2600295,8,0.01,17,drift,0.5,200,150,False,256,2070,8082,,3.9043
ct20stif,52329,2600295,8,0.01,17,drift,0.5,200,175,False,256,2096,8474,,4.0429
ct20stif,52329,2600295,8,0.01,17,drift,0.5,200,199,True,256,2089,8373,2089,4.0081
ct20stif,52329,2600295,8,0.01,18,drift,0.5,200,0,False,256,708,3050,,4.3079
ct20stif,52329,2600295,8,0.01,18,drift,0.5,200,25,False,256,788,3608,,4.5787
ct20stif,52329,2600295,8,0.01,18,drift,0.5,200,50,False,256,852,3906,,4.5845
ct20stif,52329,2600295,8,0.01,18,drift,0.5,200,75,False,256,886,4058,,4.5801
ct20stif,52329,2600295,8,0.01,18,drift,0.5,200,100,False,256,886,4058,,4.5801
ct20stif,52329,2600295,8,0.01,18,drift,0.5,200,125,False,256,886,4058,,4.5801
ct20stif,52329,2600295,8,0.01,18,drift,0.5,200,150,False,256,881,3961,,4.496
ct20stif,52329,2600295,8,0.01,18,drift,0.5,200,175,False,256,836,3765,,4.5036
ct20stif,52329,2600295,8,0.01,18,drift,0.5,200,199,True,256,859,3862,859,4.4959
ct20stif,52329,2600295,8,0.01,19,drift,0.5,200,0,False,256,1065,3944,,3.7033
ct20stif,52329,2600295,8,0.01,19,drift,0.5,200,25,False,256,1252,4804,,3.8371
ct20stif,52329,2600295,8,0.01,19,drift,0.5,200,50,False,256,1262,5142,,4.0745
ct20stif,52329,2600295,8,0.01,19,drift,0.5,200,75,False,256,1351,5484,,4.0592
ct20stif,52329,2600295,8,0.01,19,drift,0.5,200,100,False,256,1094,5009,,4.5786
ct20stif,52329,2600295,8,0.01,19,drift,0.5,200,125,False,256,1169,5297,,4.5312
ct20stif,52329,2600295,8,0.01,19,drift,0.5,200,150,False,256,1199,5422,,4.5221
ct20stif,52329,2600295,8,0.01,19,drift,0.5,200,175,False,256,1192,5504,,4.6174
ct20stif,52329,2600295,8,0.01,19,drift,0.5,200,199,True,256,1244,5490,1244,4.4132
ct20stif,52329,2600295,8,0.01,20,drift,0.5,200,0,False,256,1140,4142,,3.6333
ct20stif,52329,2600295,8,0.01,20,drift,0.5,200,25,False,256,1290,5085,,3.9419
ct20stif,52329,2600295,8,0.01,20,drift,0.5,200,50,False,256,1492,5782,,3.8753
ct20stif,52329,2600295,8,0.01,20,drift,0.5,200,75,False,256,1579,6333,,4.0108
ct20stif,52329,2600295,8,0.01,20,drift,0.5,200,100,False,256,1543,6425,,4.164
ct20stif,52329,2600295,8,0.01,20,drift,0.5,200,125,False,256,1615,6774,,4.1944
ct20stif,52329,2600295,8,0.01,20,drift,0.5,200,150,False,256,1787,7206,,4.0325
ct20stif,52329,2600295,8,0.01,20,drift,0.5,200,175,False,256,1844,7475,,4.0537
ct20stif,52329,2600295,8,0.01,20,drift,0.5,200,199,True,256,1895,7756,1895,4.0929
ct20stif,52329,2600295,8,0.01,21,drift,0.5,200,0,False,256,1421,4613,,3.2463
ct20stif,52329,2600295,8,0.01,21,drift,0.5,200,25,False,256,1773,5718,,3.225
ct20stif,52329,2600295,8,0.01,21,drift,0.5,200,50,False,256,1902,6176,,3.2471
ct20stif,52329,2600295,8,0.01,21,drift,0.5,200,75,False,256,1956,6458,,3.3016
ct20stif,52329,2600295,8,0.01,21,drift,0.5,200,100,False,256,1878,6294,,3.3514
ct20stif,52329,2600295,8,0.01,21,drift,0.5,200,125,False,256,2091,6704,,3.2061
ct20stif,52329,2600295,8,0.01,21,drift,0.5,200,150,False,256,2066,6498,,3.1452
ct20stif,52329,2600295,8,0.01,21,drift,0.5,200,175,False,256,1993,6388,,3.2052
ct20stif,52329,2600295,8,0.01,21,drift,0.5,200,199,True,256,2077,6759,2077,3.2542
ct20stif,52329,2600295,8,0.05,17,drift,0.5,200,0,False,256,1371,5557,,4.0532
ct20stif,52329,2600295,8,0.05,17,drift,0.5,200,25,False,256,1760,8075,,4.5881
ct20stif,52329,2600295,8,0.05,17,drift,0.5,200,50,False,256,1951,8359,,4.2845
ct20stif,52329,2600295,8,0.05,17,drift,0.5,200,75,False,256,2248,8578,,3.8158
ct20stif,52329,2600295,8,0.05,17,drift,0.5,200,100,False,256,2270,8769,,3.863
ct20stif,52329,2600295,8,0.05,17,drift,0.5,200,125,False,256,2040,8091,,3.9662
ct20stif,52329,2600295,8,0.05,17,drift,0.5,200,150,False,256,2382,8542,,3.5861
ct20stif,52329,2600295,8,0.05,17,drift,0.5,200,175,False,256,2798,9715,,3.4721
ct20stif,52329,2600295,8,0.05,17,drift,0.5,200,199,True,256,2835,8933,2835,3.151
ct20stif,52329,2600295,8,0.05,18,drift,0.5,200,0,False,256,708,3050,,4.3079
ct20stif,52329,2600295,8,0.05,18,drift,0.5,200,25,False,256,959,4436,,4.6257
ct20stif,52329,2600295,8,0.05,18,drift,0.5,200,50,False,256,1107,5047,,4.5592
ct20stif,52329,2600295,8,0.05,18,drift,0.5,200,75,False,256,1502,5925,,3.9447
ct20stif,52329,2600295,8,0.05,18,drift,0.5,200,100,False,256,1647,5759,,3.4967
ct20stif,52329,2600295,8,0.05,18,drift,0.5,200,125,False,256,1953,6702,,3.4316
ct20stif,52329,2600295,8,0.05,18,drift,0.5,200,150,False,256,2042,6536,,3.2008
ct20stif,52329,2600295,8,0.05,18,drift,0.5,200,175,False,256,1857,6819,,3.6721
ct20stif,52329,2600295,8,0.05,18,drift,0.5,200,199,True,256,2142,6667,2142,3.1125
ct20stif,52329,2600295,8,0.05,19,drift,0.5,200,0,False,256,1065,3944,,3.7033
ct20stif,52329,2600295,8,0.05,19,drift,0.5,200,25,False,256,1124,5220,,4.6441
ct20stif,52329,2600295,8,0.05,19,drift,0.5,200,50,False,256,1261,5638,,4.4711
ct20stif,52329,2600295,8,0.05,19,drift,0.5,200,75,False,256,1259,5994,,4.7609
ct20stif,52329,2600295,8,0.05,19,drift,0.5,200,100,False,256,1378,6016,,4.3657
ct20stif,52329,2600295,8,0.05,19,drift,0.5,200,125,False,256,1287,5755,,4.4716
ct20stif,52329,2600295,8,0.05,19,drift,0.5,200,150,False,256,1274,6159,,4.8344
ct20stif,52329,2600295,8,0.05,19,drift,0.5,200,175,False,256,1519,6516,,4.2897
ct20stif,52329,2600295,8,0.05,19,drift,0.5,200,199,True,256,1444,6081,1444,4.2112
ct20stif,52329,2600295,8,0.05,20,drift,0.5,200,0,False,256,1140,4142,,3.6333
ct20stif,52329,2600295,8,0.05,20,drift,0.5,200,25,False,256,1536,6108,,3.9766
ct20stif,52329,2600295,8,0.05,20,drift,0.5,200,50,False,256,1748,7817,,4.472
ct20stif,52329,2600295,8,0.05,20,drift,0.5,200,75,False,256,1847,8008,,4.3357
ct20stif,52329,2600295,8,0.05,20,drift,0.5,200,100,False,256,2105,8728,,4.1463
ct20stif,52329,2600295,8,0.05,20,drift,0.5,200,125,False,256,1971,7735,,3.9244
ct20stif,52329,2600295,8,0.05,20,drift,0.5,200,150,False,256,2175,8309,,3.8202
ct20stif,52329,2600295,8,0.05,20,drift,0.5,200,175,False,256,2251,7871,,3.4967
ct20stif,52329,2600295,8,0.05,20,drift,0.5,200,199,True,256,2354,8766,2354,3.7239
ct20stif,52329,2600295,8,0.05,21,drift,0.5,200,0,False,256,1421,4613,,3.2463
ct20stif,52329,2600295,8,0.05,21,drift,0.5,200,25,False,256,1886,6257,,3.3176
ct20stif,52329,2600295,8,0.05,21,drift,0.5,200,50,False,256,1730,6392,,3.6948
ct20stif,52329,2600295,8,0.05,21,drift,0.5,200,75,False,256,1937,7259,,3.7475
ct20stif,52329,2600295,8,0.05,21,drift,0.5,200,100,False,256,2102,7547,,3.5904
ct20stif,52329,2600295,8,0.05,21,drift,0.5,200,125,False,256,2289,7916,,3.4583
ct20stif,52329,2600295,8,0.05,21,drift,0.5,200,150,False,256,2400,7958,,3.3158
ct20stif,52329,2600295,8,0.05,21,drift,0.5,200,175,False,256,2553,7835,,3.0689
ct20stif,52329,2600295,8,0.05,21,drift,0.5,200,199,True,256,2484,7385,2484,2.973
ct20stif,52329,2600295,8,0.25,17,drift,0.5,200,0,False,256,1371,5557,,4.0532
ct20stif,52329,2600295,8,0.25,17,drift,0.5,200,25,False,256,3026,9522,,3.1467
ct20stif,52329,2600295,8,0.25,17,drift,0.5,200,50,False,256,2768,8119,,2.9332
ct20stif,52329,2600295,8,0.25,17,drift,0.5,200,75,False,256,2540,7817,,3.0776
ct20stif,52329,2600295,8,0.25,17,drift,0.5,200,100,False,256,3040,9180,,3.0197
ct20stif,52329,2600295,8,0.25,17,drift,0.5,200,125,False,256,3025,10076,,3.3309
ct20stif,52329,2600295,8,0.25,17,drift,0.5,200,150,False,256,2103,8951,,4.2563
ct20stif,52329,2600295,8,0.25,17,drift,0.5,200,175,False,256,2197,8747,,3.9813
ct20stif,52329,2600295,8,0.25,17,drift,0.5,200,199,True,256,3176,9778,3176,3.0787
ct20stif,52329,2600295,8,0.25,18,drift,0.5,200,0,False,256,708,3050,,4.3079
ct20stif,52329,2600295,8,0.25,18,drift,0.5,200,25,False,256,1726,5770,,3.343
ct20stif,52329,2600295,8,0.25,18,drift,0.5,200,50,False,256,1604,6056,,3.7756
ct20stif,52329,2600295,8,0.25,18,drift,0.5,200,75,False,256,1782,6385,,3.5831
ct20stif,52329,2600295,8,0.25,18,drift,0.5,200,100,False,256,1609,6316,,3.9254
ct20stif,52329,2600295,8,0.25,18,drift,0.5,200,125,False,256,1753,6927,,3.9515
ct20stif,52329,2600295,8,0.25,18,drift,0.5,200,150,False,256,2004,7550,,3.7675
ct20stif,52329,2600295,8,0.25,18,drift,0.5,200,175,False,256,1466,5540,,3.779
ct20stif,52329,2600295,8,0.25,18,drift,0.5,200,199,True,256,1391,6666,1391,4.7922
ct20stif,52329,2600295,8,0.25,19,drift,0.5,200,0,False,256,1065,3944,,3.7033
ct20stif,52329,2600295,8,0.25,19,drift,0.5,200,25,False,256,1508,5971,,3.9595
ct20stif,52329,2600295,8,0.25,19,drift,0.5,200,50,False,256,1605,5959,,3.7128
ct20stif,52329,2600295,8,0.25,19,drift,0.5,200,75,False,256,2011,6781,,3.372
ct20stif,52329,2600295,8,0.25,19,drift,0.5,200,100,False,256,2758,8288,,3.0051
ct20stif,52329,2600295,8,0.25,19,drift,0.5,200,125,False,256,1996,7264,,3.6393
ct20stif,52329,2600295,8,0.25,19,drift,0.5,200,150,False,256,2513,9122,,3.6299
ct20stif,52329,2600295,8,0.25,19,drift,0.5,200,175,False,256,2556,8164,,3.1941
ct20stif,52329,2600295,8,0.25,19,drift,0.5,200,199,True,256,1964,6401,1964,3.2592
ct20stif,52329,2600295,8,0.25,20,drift,0.5,200,0,False,256,1140,4142,,3.6333
ct20stif,52329,2600295,8,0.25,20,drift,0.5,200,25,False,256,1326,6216,,4.6878
ct20stif,52329,2600295,8,0.25,20,drift,0.5,200,50,False,256,1577,7175,,4.5498
ct20stif,52329,2600295,8,0.25,20,drift,0.5,200,75,False,256,1759,7445,,4.2325
ct20stif,52329,2600295,8,0.25,20,drift,0.5,200,100,False,256,1302,6725,,5.1651
ct20stif,52329,2600295,8,0.25,20,drift,0.5,200,125,False,256,1550,6768,,4.3665
ct20stif,52329,2600295,8,0.25,20,drift,0.5,200,150,False,256,1869,7330,,3.9219
ct20stif,52329,2600295,8,0.25,20,drift,0.5,200,175,False,256,1611,7647,,4.7467
ct20stif,52329,2600295,8,0.25,20,drift,0.5,200,199,True,256,1336,6823,1336,5.107
ct20stif,52329,2600295,8,0.25,21,drift,0.5,200,0,False,256,1421,4613,,3.2463
ct20stif,52329,2600295,8,0.25,21,drift,0.5,200,25,False,256,2939,10218,,3.4767
ct20stif,52329,2600295,8,0.25,21,drift,0.5,200,50,False,256,2586,10458,,4.0441
ct20stif,52329,2600295,8,0.25,21,drift,0.5,200,75,False,256,2863,10649,,3.7195
ct20stif,52329,2600295,8,0.25,21,drift,0.5,200,100,False,256,3552,11583,,3.261
ct20stif,52329,2600295,8,0.25,21,drift,0.5,200,125,False,256,2586,8364,,3.2343
ct20stif,52329,2600295,8,0.25,21,drift,0.5,200,150,False,256,3334,9094,,2.7277
ct20stif,52329,2600295,8,0.25,21,drift,0.5,200,175,False,256,2814,9531,,3.387
ct20stif,52329,2600295,8,0.25,21,drift,0.5,200,199,True,256,1985,7557,1985,3.8071
ct20stif,52329,2600295,8,0.0,17,jump,0.5,200,0,False,256,1371,5557,,4.0532
ct20stif,52329,2600295,8,0.0,17,jump,0.5,200,25,False,256,1371,5557,,4.0532
ct20stif,52329,2600295,8,0.0,17,jump,0.5,200,50,False,256,1371,5557,,4.0532
ct20stif,52329,2600295,8,0.0,17,jump,0.5,200,75,False,256,1371,5557,,4.0532
ct20stif,52329,2600295,8,0.0,17,jump,0.5,200,100,False,256,1371,5557,,4.0532
ct20stif,52329,2600295,8,0.0,17,jump,0.5,200,125,False,256,1371,5557,,4.0532
ct20stif,52329,2600295,8,0.0,17,jump,0.5,200,150,False,256,1371,5557,,4.0532
ct20stif,52329,2600295,8,0.0,17,jump,0.5,200,175,False,256,1371,5557,,4.0532
ct20stif,52329,2600295,8,0.0,17,jump,0.5,200,199,True,256,1371,5557,1371,4.0532
ct20stif,52329,2600295,8,0.0,18,jump,0.5,200,0,False,256,708,3050,,4.3079
ct20stif,52329,2600295,8,0.0,18,jump,0.5,200,25,False,256,708,3050,,4.3079
ct20stif,52329,2600295,8,0.0,18,jump,0.5,200,50,False,256,708,3050,,4.3079
ct20stif,52329,2600295,8,0.0,18,jump,0.5,200,75,False,256,708,3050,,4.3079
ct20stif,52329,2600295,8,0.0,18,jump,0.5,200,100,False,256,708,3050,,4.3079
ct20stif,52329,2600295,8,0.0,18,jump,0.5,200,125,False,256,708,3050,,4.3079
ct20stif,52329,2600295,8,0.0,18,jump,0.5,200,150,False,256,708,3050,,4.3079
ct20stif,52329,2600295,8,0.0,18,jump,0.5,200,175,False,256,708,3050,,4.3079
ct20stif,52329,2600295,8,0.0,18,jump,0.5,200,199,True,256,708,3050,708,4.3079
ct20stif,52329,2600295,8,0.0,19,jump,0.5,200,0,False,256,1065,3944,,3.7033
ct20stif,52329,2600295,8,0.0,19,jump,0.5,200,25,False,256,1065,3944,,3.7033
ct20stif,52329,2600295,8,0.0,19,jump,0.5,200,50,False,256,1065,3944,,3.7033
ct20stif,52329,2600295,8,0.0,19,jump,0.5,200,75,False,256,1065,3944,,3.7033
ct20stif,52329,2600295,8,0.0,19,jump,0.5,200,100,False,256,1065,3944,,3.7033
ct20stif,52329,2600295,8,0.0,19,jump,0.5,200,125,False,256,1065,3944,,3.7033
ct20stif,52329,2600295,8,0.0,19,jump,0.5,200,150,False,256,1065,3944,,3.7033
ct20stif,52329,2600295,8,0.0,19,jump,0.5,200,175,False,256,1065,3944,,3.7033
ct20stif,52329,2600295,8,0.0,19,jump,0.5,200,199,True,256,1065,3944,1065,3.7033
ct20stif,52329,2600295,8,0.0,20,jump,0.5,200,0,False,256,1140,4142,,3.6333
ct20stif,52329,2600295,8,0.0,20,jump,0.5,200,25,False,256,1140,4142,,3.6333
ct20stif,52329,2600295,8,0.0,20,jump,0.5,200,50,False,256,1140,4142,,3.6333
ct20stif,52329,2600295,8,0.0,20,jump,0.5,200,75,False,256,1140,4142,,3.6333
ct20stif,52329,2600295,8,0.0,20,jump,0.5,200,100,False,256,1140,4142,,3.6333
ct20stif,52329,2600295,8,0.0,20,jump,0.5,200,125,False,256,1140,4142,,3.6333
ct20stif,52329,2600295,8,0.0,20,jump,0.5,200,150,False,256,1140,4142,,3.6333
ct20stif,52329,2600295,8,0.0,20,jump,0.5,200,175,False,256,1140,4142,,3.6333
ct20stif,52329,2600295,8,0.0,20,jump,0.5,200,199,True,256,1140,4142,1140,3.6333
ct20stif,52329,2600295,8,0.0,21,jump,0.5,200,0,False,256,1421,4613,,3.2463
ct20stif,52329,2600295,8,0.0,21,jump,0.5,200,25,False,256,1421,4613,,3.2463
ct20stif,52329,2600295,8,0.0,21,jump,0.5,200,50,False,256,1421,4613,,3.2463
ct20stif,52329,2600295,8,0.0,21,jump,0.5,200,75,False,256,1421,4613,,3.2463
ct20stif,52329,2600295,8,0.0,21,jump,0.5,200,100,False,256,1421,4613,,3.2463
ct20stif,52329,2600295,8,0.0,21,jump,0.5,200,125,False,256,1421,4613,,3.2463
ct20stif,52329,2600295,8,0.0,21,jump,0.5,200,150,False,256,1421,4613,,3.2463
ct20stif,52329,2600295,8,0.0,21,jump,0.5,200,175,False,256,1421,4613,,3.2463
ct20stif,52329,2600295,8,0.0,21,jump,0.5,200,199,True,256,1421,4613,1421,3.2463
ct20stif,52329,2600295,8,0.002,17,jump,0.5,200,0,False,256,1371,5557,,4.0532
ct20stif,52329,2600295,8,0.002,17,jump,0.5,200,25,False,256,3649,7772,,2.1299
ct20stif,52329,2600295,8,0.002,17,jump,0.5,200,50,False,256,5334,9547,,1.7898
ct20stif,52329,2600295,8,0.002,17,jump,0.5,200,75,False,256,7010,11416,,1.6285
ct20stif,52329,2600295,8,0.002,17,jump,0.5,200,100,False,256,8433,13020,,1.5439
ct20stif,52329,2600295,8,0.002,17,jump,0.5,200,125,False,256,9540,14131,,1.4812
ct20stif,52329,2600295,8,0.002,17,jump,0.5,200,150,False,256,10136,14755,,1.4557
ct20stif,52329,2600295,8,0.002,17,jump,0.5,200,175,False,256,11056,15943,,1.442
ct20stif,52329,2600295,8,0.002,17,jump,0.5,200,199,True,256,12111,16998,12111,1.4035
ct20stif,52329,2600295,8,0.002,18,jump,0.5,200,0,False,256,708,3050,,4.3079
ct20stif,52329,2600295,8,0.002,18,jump,0.5,200,25,False,256,2796,5149,,1.8416
ct20stif,52329,2600295,8,0.002,18,jump,0.5,200,50,False,256,4309,6835,,1.5862
ct20stif,52329,2600295,8,0.002,18,jump,0.5,200,75,False,256,6183,8898,,1.4391
ct20stif,52329,2600295,8,0.002,18,jump,0.5,200,100,False,256,7448,10333,,1.3874
ct20stif,52329,2600295,8,0.002,18,jump,0.5,200,125,False,256,8556,11779,,1.3767
ct20stif,52329,2600295,8,0.002,18,jump,0.5,200,150,False,256,9629,12736,,1.3227
ct20stif,52329,2600295,8,0.002,18,jump,0.5,200,175,False,256,10712,14107,,1.3169
ct20stif,52329,2600295,8,0.002,18,jump,0.5,200,199,True,256,11267,15129,11267,1.3428
ct20stif,52329,2600295,8,0.002,19,jump,0.5,200,0,False,256,1065,3944,,3.7033
ct20stif,52329,2600295,8,0.002,19,jump,0.5,200,25,False,256,2897,5547,,1.9147
ct20stif,52329,2600295,8,0.002,19,jump,0.5,200,50,False,256,4477,7386,,1.6498
ct20stif,52329,2600295,8,0.002,19,jump,0.5,200,75,False,256,6484,9337,,1.44
ct20stif,52329,2600295,8,0.002,19,jump,0.5,200,100,False,256,7827,10948,,1.3987
ct20stif,52329,2600295,8,0.002,19,jump,0.5,200,125,False,256,8910,12271,,1.3772
ct20stif,52329,2600295,8,0.002,19,jump,0.5,200,150,False,256,9448,12805,,1.3553
ct20stif,52329,2600295,8,0.002,19,jump,0.5,200,175,False,256,10712,14255,,1.3308
ct20stif,52329,2600295,8,0.002,19,jump,0.5,200,199,True,256,11271,14985,11271,1.3295
ct20stif,52329,2600295,8,0.002,20,jump,0.5,200,0,False,256,1140,4142,,3.6333
ct20stif,52329,2600295,8,0.002,20,jump,0.5,200,25,False,256,3154,6210,,1.9689
ct20stif,52329,2600295,8,0.002,20,jump,0.5,200,50,False,256,4722,7748,,1.6408
ct20stif,52329,2600295,8,0.002,20,jump,0.5,200,75,False,256,6337,9544,,1.5061
ct20stif,52329,2600295,8,0.002,20,jump,0.5,200,100,False,256,7907,11271,,1.4254
ct20stif,52329,2600295,8,0.002,20,jump,0.5,200,125,False,256,8848,12439,,1.4059
ct20stif,52329,2600295,8,0.002,20,jump,0.5,200,150,False,256,10257,14127,,1.3773
ct20stif,52329,2600295,8,0.002,20,jump,0.5,200,175,False,256,11488,15722,,1.3686
ct20stif,52329,2600295,8,0.002,20,jump,0.5,200,199,True,256,12517,16768,12517,1.3396
ct20stif,52329,2600295,8,0.002,21,jump,0.5,200,0,False,256,1421,4613,,3.2463
ct20stif,52329,2600295,8,0.002,21,jump,0.5,200,25,False,256,3549,6623,,1.8662
ct20stif,52329,2600295,8,0.002,21,jump,0.5,200,50,False,256,5448,8714,,1.5995
ct20stif,52329,2600295,8,0.002,21,jump,0.5,200,75,False,256,7202,10528,,1.4618
ct20stif,52329,2600295,8,0.002,21,jump,0.5,200,100,False,256,8375,11801,,1.4091
ct20stif,52329,2600295,8,0.002,21,jump,0.5,200,125,False,256,9590,13193,,1.3757
ct20stif,52329,2600295,8,0.002,21,jump,0.5,200,150,False,256,10505,14095,,1.3417
ct20stif,52329,2600295,8,0.002,21,jump,0.5,200,175,False,256,11036,14706,,1.3325
ct20stif,52329,2600295,8,0.002,21,jump,0.5,200,199,True,256,11677,15410,11677,1.3197
ct20stif,52329,2600295,8,0.01,17,jump,0.5,200,0,False,256,1371,5557,,4.0532
ct20stif,52329,2600295,8,0.01,17,jump,0.5,200,25,False,256,6692,11069,,1.6541
ct20stif,52329,2600295,8,0.01,17,jump,0.5,200,50,False,256,10406,15272,,1.4676
ct20stif,52329,2600295,8,0.01,17,jump,0.5,200,75,False,256,12978,18592,,1.4326
ct20stif,52329,2600295,8,0.01,17,jump,0.5,200,100,False,256,14356,19861,,1.3835
ct20stif,52329,2600295,8,0.01,17,jump,0.5,200,125,False,256,15488,21115,,1.3633
ct20stif,52329,2600295,8,0.01,17,jump,0.5,200,150,False,256,16314,21744,,1.3328
ct20stif,52329,2600295,8,0.01,17,jump,0.5,200,175,False,256,16971,21681,,1.2775
ct20stif,52329,2600295,8,0.01,17,jump,0.5,200,199,True,256,17395,21834,17395,1.2552
ct20stif,52329,2600295,8,0.01,18,jump,0.5,200,0,False,256,708,3050,,4.3079
ct20stif,52329,2600295,8,0.01,18,jump,0.5,200,25,False,256,6562,9099,,1.3866
ct20stif,52329,2600295,8,0.01,18,jump,0.5,200,50,False,256,10408,13688,,1.3151
ct20stif,52329,2600295,8,0.01,18,jump,0.5,200,75,False,256,13053,16792,,1.2864
ct20stif,52329,2600295,8,0.01,18,jump,0.5,200,100,False,256,15164,19147,,1.2627
ct20stif,52329,2600295,8,0.01,18,jump,0.5,200,125,False,256,15748,19941,,1.2663
ct20stif,52329,2600295,8,0.01,18,jump,0.5,200,150,False,256,16643,21162,,1.2715
ct20stif,52329,2600295,8,0.01,18,jump,0.5,200,175,False,256,17116,21684,,1.2669
ct20stif,52329,2600295,8,0.01,18,jump,0.5,200,199,True,256,17363,21977,17363,1.2657
ct20stif,52329,2600295,8,0.01,19,jump,0.5,200,0,False,256,1065,3944,,3.7033
ct20stif,52329,2600295,8,0.01,19,jump,0.5,200,25,False,256,6072,8864,,1.4598
ct20stif,52329,2600295,8,0.01,19,jump,0.5,200,50,False,256,9092,12415,,1.3655
ct20stif,52329,2600295,8,0.01,19,jump,0.5,200,75,False,256,11428,15097,,1.3211
ct20stif,52329,2600295,8,0.01,19,jump,0.5,200,100,False,256,13275,17356,,1.3074
ct20stif,52329,2600295,8,0.01,19,jump,0.5,200,125,False,256,14144,18525,,1.3097
ct20stif,52329,2600295,8,0.01,19,jump,0.5,200,150,False,256,15005,19306,,1.2866
ct20stif,52329,2600295,8,0.01,19,jump,0.5,200,175,False,256,15545,20390,,1.3117
ct20stif,52329,2600295,8,0.01,19,jump,0.5,200,199,True,256,16288,20539,16288,1.261
ct20stif,52329,2600295,8,0.01,20,jump,0.5,200,0,False,256,1140,4142,,3.6333
ct20stif,52329,2600295,8,0.01,20,jump,0.5,200,25,False,256,5886,9141,,1.553
ct20stif,52329,2600295,8,0.01,20,jump,0.5,200,50,False,256,9400,13177,,1.4018
ct20stif,52329,2600295,8,0.01,20,jump,0.5,200,75,False,256,12060,15858,,1.3149
ct20stif,52329,2600295,8,0.01,20,jump,0.5,200,100,False,256,13011,17044,,1.31
ct20stif,52329,2600295,8,0.01,20,jump,0.5,200,125,False,256,14280,18358,,1.2856
ct20stif,52329,2600295,8,0.01,20,jump,0.5,200,150,False,256,14901,19517,,1.3098
ct20stif,52329,2600295,8,0.01,20,jump,0.5,200,175,False,256,16134,20880,,1.2942
ct20stif,52329,2600295,8,0.01,20,jump,0.5,200,199,True,256,16589,21065,16589,1.2698
ct20stif,52329,2600295,8,0.01,21,jump,0.5,200,0,False,256,1421,4613,,3.2463
ct20stif,52329,2600295,8,0.01,21,jump,0.5,200,25,False,256,6689,10368,,1.55
ct20stif,52329,2600295,8,0.01,21,jump,0.5,200,50,False,256,10474,14650,,1.3987
ct20stif,52329,2600295,8,0.01,21,jump,0.5,200,75,False,256,12658,17573,,1.3883
ct20stif,52329,2600295,8,0.01,21,jump,0.5,200,100,False,256,14989,19867,,1.3254
ct20stif,52329,2600295,8,0.01,21,jump,0.5,200,125,False,256,15705,20688,,1.3173
ct20stif,52329,2600295,8,0.01,21,jump,0.5,200,150,False,256,17038,21812,,1.2802
ct20stif,52329,2600295,8,0.01,21,jump,0.5,200,175,False,256,17440,21663,,1.2421
ct20stif,52329,2600295,8,0.01,21,jump,0.5,200,199,True,256,17239,21759,17239,1.2622
ct20stif,52329,2600295,8,0.05,17,jump,0.5,200,0,False,256,1371,5557,,4.0532
ct20stif,52329,2600295,8,0.05,17,jump,0.5,200,25,False,256,14208,19242,,1.3543
ct20stif,52329,2600295,8,0.05,17,jump,0.5,200,50,False,256,17573,22334,,1.2709
ct20stif,52329,2600295,8,0.05,17,jump,0.5,200,75,False,256,17650,22850,,1.2946
ct20stif,52329,2600295,8,0.05,17,jump,0.5,200,100,False,256,18218,22272,,1.2225
ct20stif,52329,2600295,8,0.05,17,jump,0.5,200,125,False,256,18066,21902,,1.2123
ct20stif,52329,2600295,8,0.05,17,jump,0.5,200,150,False,256,18697,22469,,1.2017
ct20stif,52329,2600295,8,0.05,17,jump,0.5,200,175,False,256,18187,22651,,1.2455
ct20stif,52329,2600295,8,0.05,17,jump,0.5,200,199,True,256,18144,22067,18144,1.2162
ct20stif,52329,2600295,8,0.05,18,jump,0.5,200,0,False,256,708,3050,,4.3079
ct20stif,52329,2600295,8,0.05,18,jump,0.5,200,25,False,256,14137,18513,,1.3095
ct20stif,52329,2600295,8,0.05,18,jump,0.5,200,50,False,256,16934,21285,,1.2569
ct20stif,52329,2600295,8,0.05,18,jump,0.5,200,75,False,256,18018,22291,,1.2372
ct20stif,52329,2600295,8,0.05,18,jump,0.5,200,100,False,256,17771,22596,,1.2715
ct20stif,52329,2600295,8,0.05,18,jump,0.5,200,125,False,256,16968,20845,,1.2285
ct20stif,52329,2600295,8,0.05,18,jump,0.5,200,150,False,256,18199,22375,,1.2295
ct20stif,52329,2600295,8,0.05,18,jump,0.5,200,175,False,256,18093,22608,,1.2495
ct20stif,52329,2600295,8,0.05,18,jump,0.5,200,199,True,256,17664,21909,17664,1.2403
ct20stif,52329,2600295,8,0.05,19,jump,0.5,200,0,False,256,1065,3944,,3.7033
ct20stif,52329,2600295,8,0.05,19,jump,0.5,200,25,False,256,14690,18870,,1.2845
ct20stif,52329,2600295,8,0.05,19,jump,0.5,200,50,False,256,17377,21465,,1.2353
ct20stif,52329,2600295,8,0.05,19,jump,0.5,200,75,False,256,18028,22358,,1.2402
ct20stif,52329,2600295,8,0.05,19,jump,0.5,200,100,False,256,17462,21796,,1.2482
ct20stif,52329,2600295,8,0.05,19,jump,0.5,200,125,False,256,18090,21852,,1.208
ct20stif,52329,2600295,8,0.05,19,jump,0.5,200,150,False,256,17924,21949,,1.2246
ct20stif,52329,2600295,8,0.05,19,jump,0.5,200,175,False,256,17892,21773,,1.2169
ct20stif,52329,2600295,8,0.05,19,jump,0.5,200,199,True,256,18657,22373,18657,1.1992
ct20stif,52329,2600295,8,0.05,20,jump,0.5,200,0,False,256,1140,4142,,3.6333
ct20stif,52329,2600295,8,0.05,20,jump,0.5,200,25,False,256,15114,19639,,1.2994
ct20stif,52329,2600295,8,0.05,20,jump,0.5,200,50,False,256,16522,21257,,1.2866
ct20stif,52329,2600295,8,0.05,20,jump,0.5,200,75,False,256,17447,21803,,1.2497
ct20stif,52329,2600295,8,0.05,20,jump,0.5,200,100,False,256,17628,21554,,1.2227
ct20stif,52329,2600295,8,0.05,20,jump,0.5,200,125,False,256,18010,22093,,1.2267
ct20stif,52329,2600295,8,0.05,20,jump,0.5,200,150,False,256,17918,21801,,1.2167
ct20stif,52329,2600295,8,0.05,20,jump,0.5,200,175,False,256,17677,22016,,1.2455
ct20stif,52329,2600295,8,0.05,20,jump,0.5,200,199,True,256,18400,22062,18400,1.199
ct20stif,52329,2600295,8,0.05,21,jump,0.5,200,0,False,256,1421,4613,,3.2463
ct20stif,52329,2600295,8,0.05,21,jump,0.5,200,25,False,256,14333,19557,,1.3645
ct20stif,52329,2600295,8,0.05,21,jump,0.5,200,50,False,256,16548,20980,,1.2678
ct20stif,52329,2600295,8,0.05,21,jump,0.5,200,75,False,256,17329,21659,,1.2499
ct20stif,52329,2600295,8,0.05,21,jump,0.5,200,100,False,256,17449,21816,,1.2503
ct20stif,52329,2600295,8,0.05,21,jump,0.5,200,125,False,256,17766,22014,,1.2391
ct20stif,52329,2600295,8,0.05,21,jump,0.5,200,150,False,256,18154,21948,,1.209
ct20stif,52329,2600295,8,0.05,21,jump,0.5,200,175,False,256,18267,22279,,1.2196
ct20stif,52329,2600295,8,0.05,21,jump,0.5,200,199,True,256,17792,21121,17792,1.1871
ct20stif,52329,2600295,8,0.25,17,jump,0.5,200,0,False,256,1371,5557,,4.0532
ct20stif,52329,2600295,8,0.25,17,jump,0.5,200,25,False,256,17823,21698,,1.2174
ct20stif,52329,2600295,8,0.25,17,jump,0.5,200,50,False,256,17445,21509,,1.233
ct20stif,52329,2600295,8,0.25,17,jump,0.5,200,75,False,256,18215,22133,,1.2151
ct20stif,52329,2600295,8,0.25,17,jump,0.5,200,100,False,256,17956,21954,,1.2227
ct20stif,52329,2600295,8,0.25,17,jump,0.5,200,125,False,256,17324,21128,,1.2196
ct20stif,52329,2600295,8,0.25,17,jump,0.5,200,150,False,256,18392,22818,,1.2406
ct20stif,52329,2600295,8,0.25,17,jump,0.5,200,175,False,256,17535,21922,,1.2502
ct20stif,52329,2600295,8,0.25,17,jump,0.5,200,199,True,256,17693,22049,17693,1.2462
ct20stif,52329,2600295,8,0.25,18,jump,0.5,200,0,False,256,708,3050,,4.3079
ct20stif,52329,2600295,8,0.25,18,jump,0.5,200,25,False,256,18120,21715,,1.1984
ct20stif,52329,2600295,8,0.25,18,jump,0.5,200,50,False,256,17143,21306,,1.2428
ct20stif,52329,2600295,8,0.25,18,jump,0.5,200,75,False,256,17719,21912,,1.2366
ct20stif,52329,2600295,8,0.25,18,jump,0.5,200,100,False,256,18180,22393,,1.2317
ct20stif,52329,2600295,8,0.25,18,jump,0.5,200,125,False,256,17627,21674,,1.2296
ct20stif,52329,2600295,8,0.25,18,jump,0.5,200,150,False,256,18353,22643,,1.2337
ct20stif,52329,2600295,8,0.25,18,jump,0.5,200,175,False,256,18106,22514,,1.2435
ct20stif,52329,2600295,8,0.25,18,jump,0.5,200,199,True,256,18180,21820,18180,1.2002
ct20stif,52329,2600295,8,0.25,19,jump,0.5,200,0,False,256,1065,3944,,3.7033
ct20stif,52329,2600295,8,0.25,19,jump,0.5,200,25,False,256,17773,21286,,1.1977
ct20stif,52329,2600295,8,0.25,19,jump,0.5,200,50,False,256,17746,22581,,1.2725
ct20stif,52329,2600295,8,0.25,19,jump,0.5,200,75,False,256,18224,21918,,1.2027
ct20stif,52329,2600295,8,0.25,19,jump,0.5,200,100,False,256,17839,21661,,1.2142
ct20stif,52329,2600295,8,0.25,19,jump,0.5,200,125,False,256,18849,23173,,1.2294
ct20stif,52329,2600295,8,0.25,19,jump,0.5,200,150,False,256,17477,21697,,1.2415
ct20stif,52329,2600295,8,0.25,19,jump,0.5,200,175,False,256,17905,21942,,1.2255
ct20stif,52329,2600295,8,0.25,19,jump,0.5,200,199,True,256,17452,22207,17452,1.2725
ct20stif,52329,2600295,8,0.25,20,jump,0.5,200,0,False,256,1140,4142,,3.6333
ct20stif,52329,2600295,8,0.25,20,jump,0.5,200,25,False,256,16997,21225,,1.2487
ct20stif,52329,2600295,8,0.25,20,jump,0.5,200,50,False,256,17368,21439,,1.2344
ct20stif,52329,2600295,8,0.25,20,jump,0.5,200,75,False,256,17722,21715,,1.2253
ct20stif,52329,2600295,8,0.25,20,jump,0.5,200,100,False,256,17469,21551,,1.2337
ct20stif,52329,2600295,8,0.25,20,jump,0.5,200,125,False,256,17740,21408,,1.2068
ct20stif,52329,2600295,8,0.25,20,jump,0.5,200,150,False,256,17696,22163,,1.2524
ct20stif,52329,2600295,8,0.25,20,jump,0.5,200,175,False,256,17563,21753,,1.2386
ct20stif,52329,2600295,8,0.25,20,jump,0.5,200,199,True,256,17267,21061,17267,1.2197
ct20stif,52329,2600295,8,0.25,21,jump,0.5,200,0,False,256,1421,4613,,3.2463
ct20stif,52329,2600295,8,0.25,21,jump,0.5,200,25,False,256,17333,21796,,1.2575
ct20stif,52329,2600295,8,0.25,21,jump,0.5,200,50,False,256,17208,21061,,1.2239
ct20stif,52329,2600295,8,0.25,21,jump,0.5,200,75,False,256,17117,21445,,1.2528
ct20stif,52329,2600295,8,0.25,21,jump,0.5,200,100,False,256,17633,21472,,1.2177
ct20stif,52329,2600295,8,0.25,21,jump,0.5,200,125,False,256,18234,21972,,1.205
ct20stif,52329,2600295,8,0.25,21,jump,0.5,200,150,False,256,18040,22343,,1.2385
ct20stif,52329,2600295,8,0.25,21,jump,0.5,200,175,False,256,17445,21276,,1.2196
ct20stif,52329,2600295,8,0.25,21,jump,0.5,200,199,True,256,17251,21837,17251,1.2658
bcsstk18,11948,149090,8,0.0,17,drift,0.5,200,0,False,256,1010,3818,,3.7802
bcsstk18,11948,149090,8,0.0,17,drift,0.5,200,25,False,256,1010,3818,,3.7802
bcsstk18,11948,149090,8,0.0,17,drift,0.5,200,50,False,256,1010,3818,,3.7802
bcsstk18,11948,149090,8,0.0,17,drift,0.5,200,75,False,256,1010,3818,,3.7802
bcsstk18,11948,149090,8,0.0,17,drift,0.5,200,100,False,256,1010,3818,,3.7802
bcsstk18,11948,149090,8,0.0,17,drift,0.5,200,125,False,256,1010,3818,,3.7802
bcsstk18,11948,149090,8,0.0,17,drift,0.5,200,150,False,256,1010,3818,,3.7802
bcsstk18,11948,149090,8,0.0,17,drift,0.5,200,175,False,256,1010,3818,,3.7802
bcsstk18,11948,149090,8,0.0,17,drift,0.5,200,199,True,256,1010,3818,1010,3.7802
bcsstk18,11948,149090,8,0.0,18,drift,0.5,200,0,False,256,1131,3871,,3.4226
bcsstk18,11948,149090,8,0.0,18,drift,0.5,200,25,False,256,1131,3871,,3.4226
bcsstk18,11948,149090,8,0.0,18,drift,0.5,200,50,False,256,1131,3871,,3.4226
bcsstk18,11948,149090,8,0.0,18,drift,0.5,200,75,False,256,1131,3871,,3.4226
bcsstk18,11948,149090,8,0.0,18,drift,0.5,200,100,False,256,1131,3871,,3.4226
bcsstk18,11948,149090,8,0.0,18,drift,0.5,200,125,False,256,1131,3871,,3.4226
bcsstk18,11948,149090,8,0.0,18,drift,0.5,200,150,False,256,1131,3871,,3.4226
bcsstk18,11948,149090,8,0.0,18,drift,0.5,200,175,False,256,1131,3871,,3.4226
bcsstk18,11948,149090,8,0.0,18,drift,0.5,200,199,True,256,1131,3871,1131,3.4226
bcsstk18,11948,149090,8,0.0,19,drift,0.5,200,0,False,256,1151,3099,,2.6924
bcsstk18,11948,149090,8,0.0,19,drift,0.5,200,25,False,256,1151,3099,,2.6924
bcsstk18,11948,149090,8,0.0,19,drift,0.5,200,50,False,256,1151,3099,,2.6924
bcsstk18,11948,149090,8,0.0,19,drift,0.5,200,75,False,256,1151,3099,,2.6924
bcsstk18,11948,149090,8,0.0,19,drift,0.5,200,100,False,256,1151,3099,,2.6924
bcsstk18,11948,149090,8,0.0,19,drift,0.5,200,125,False,256,1151,3099,,2.6924
bcsstk18,11948,149090,8,0.0,19,drift,0.5,200,150,False,256,1151,3099,,2.6924
bcsstk18,11948,149090,8,0.0,19,drift,0.5,200,175,False,256,1151,3099,,2.6924
bcsstk18,11948,149090,8,0.0,19,drift,0.5,200,199,True,256,1151,3099,1151,2.6924
bcsstk18,11948,149090,8,0.0,20,drift,0.5,200,0,False,256,1194,3263,,2.7328
bcsstk18,11948,149090,8,0.0,20,drift,0.5,200,25,False,256,1194,3263,,2.7328
bcsstk18,11948,149090,8,0.0,20,drift,0.5,200,50,False,256,1194,3263,,2.7328
bcsstk18,11948,149090,8,0.0,20,drift,0.5,200,75,False,256,1194,3263,,2.7328
bcsstk18,11948,149090,8,0.0,20,drift,0.5,200,100,False,256,1194,3263,,2.7328
bcsstk18,11948,149090,8,0.0,20,drift,0.5,200,125,False,256,1194,3263,,2.7328
bcsstk18,11948,149090,8,0.0,20,drift,0.5,200,150,False,256,1194,3263,,2.7328
bcsstk18,11948,149090,8,0.0,20,drift,0.5,200,175,False,256,1194,3263,,2.7328
bcsstk18,11948,149090,8,0.0,20,drift,0.5,200,199,True,256,1194,3263,1194,2.7328
bcsstk18,11948,149090,8,0.0,21,drift,0.5,200,0,False,256,918,3278,,3.5708
bcsstk18,11948,149090,8,0.0,21,drift,0.5,200,25,False,256,918,3278,,3.5708
bcsstk18,11948,149090,8,0.0,21,drift,0.5,200,50,False,256,918,3278,,3.5708
bcsstk18,11948,149090,8,0.0,21,drift,0.5,200,75,False,256,918,3278,,3.5708
bcsstk18,11948,149090,8,0.0,21,drift,0.5,200,100,False,256,918,3278,,3.5708
bcsstk18,11948,149090,8,0.0,21,drift,0.5,200,125,False,256,918,3278,,3.5708
bcsstk18,11948,149090,8,0.0,21,drift,0.5,200,150,False,256,918,3278,,3.5708
bcsstk18,11948,149090,8,0.0,21,drift,0.5,200,175,False,256,918,3278,,3.5708
bcsstk18,11948,149090,8,0.0,21,drift,0.5,200,199,True,256,918,3278,918,3.5708
bcsstk18,11948,149090,8,0.002,17,drift,0.5,200,0,False,256,1010,3818,,3.7802
bcsstk18,11948,149090,8,0.002,17,drift,0.5,200,25,False,256,1058,4110,,3.8847
bcsstk18,11948,149090,8,0.002,17,drift,0.5,200,50,False,256,1083,4270,,3.9428
bcsstk18,11948,149090,8,0.002,17,drift,0.5,200,75,False,256,1105,4537,,4.1059
bcsstk18,11948,149090,8,0.002,17,drift,0.5,200,100,False,256,1115,4499,,4.035
bcsstk18,11948,149090,8,0.002,17,drift,0.5,200,125,False,256,1130,4533,,4.0115
bcsstk18,11948,149090,8,0.002,17,drift,0.5,200,150,False,256,1197,4687,,3.9156
bcsstk18,11948,149090,8,0.002,17,drift,0.5,200,175,False,256,1224,4907,,4.009
bcsstk18,11948,149090,8,0.002,17,drift,0.5,200,199,True,256,1180,4847,1180,4.1076
bcsstk18,11948,149090,8,0.002,18,drift,0.5,200,0,False,256,1131,3871,,3.4226
bcsstk18,11948,149090,8,0.002,18,drift,0.5,200,25,False,256,1188,4322,,3.638
bcsstk18,11948,149090,8,0.002,18,drift,0.5,200,50,False,256,1264,4450,,3.5206
bcsstk18,11948,149090,8,0.002,18,drift,0.5,200,75,False,256,1349,4586,,3.3996
bcsstk18,11948,149090,8,0.002,18,drift,0.5,200,100,False,256,1366,4627,,3.3873
bcsstk18,11948,149090,8,0.002,18,drift,0.5,200,125,False,256,1373,4672,,3.4028
bcsstk18,11948,149090,8,0.002,18,drift,0.5,200,150,False,256,1386,4757,,3.4322
bcsstk18,11948,149090,8,0.002,18,drift,0.5,200,175,False,256,1427,4954,,3.4716
bcsstk18,11948,149090,8,0.002,18,drift,0.5,200,199,True,256,1419,4794,1419,3.3784
bcsstk18,11948,149090,8,0.002,19,drift,0.5,200,0,False,256,1151,3099,,2.6924
bcsstk18,11948,149090,8,0.002,19,drift,0.5,200,25,False,256,1327,3584,,2.7008
bcsstk18,11948,149090,8,0.002,19,drift,0.5,200,50,False,256,1478,3815,,2.5812
bcsstk18,11948,149090,8,0.002,19,drift,0.5,200,75,False,256,1446,3818,,2.6404
bcsstk18,11948,149090,8,0.002,19,drift,0.5,200,100,False,256,1496,3957,,2.6451
bcsstk18,11948,149090,8,0.002,19,drift,0.5,200,125,False,256,1624,4120,,2.5369
bcsstk18,11948,149090,8,0.002,19,drift,0.5,200,150,False,256,1614,4311,,2.671
bcsstk18,11948,149090,8,0.002,19,drift,0.5,200,175,False,256,1666,4430,,2.6591
bcsstk18,11948,149090,8,0.002,19,drift,0.5,200,199,True,256,1639,4391,1639,2.6791
bcsstk18,11948,149090,8,0.002,20,drift,0.5,200,0,False,256,1194,3263,,2.7328
bcsstk18,11948,149090,8,0.002,20,drift,0.5,200,25,False,256,1493,3951,,2.6463
bcsstk18,11948,149090,8,0.002,20,drift,0.5,200,50,False,256,1595,4398,,2.7574
bcsstk18,11948,149090,8,0.002,20,drift,0.5,200,75,False,256,1642,4605,,2.8045
bcsstk18,11948,149090,8,0.002,20,drift,0.5,200,100,False,256,1732,4949,,2.8574
bcsstk18,11948,149090,8,0.002,20,drift,0.5,200,125,False,256,1751,5151,,2.9417
bcsstk18,11948,149090,8,0.002,20,drift,0.5,200,150,False,256,1780,5427,,3.0489
bcsstk18,11948,149090,8,0.002,20,drift,0.5,200,175,False,256,1806,5575,,3.0869
bcsstk18,11948,149090,8,0.002,20,drift,0.5,200,199,True,256,1862,5583,1862,2.9984
bcsstk18,11948,149090,8,0.002,21,drift,0.5,200,0,False,256,918,3278,,3.5708
bcsstk18,11948,149090,8,0.002,21,drift,0.5,200,25,False,256,983,3629,,3.6918
bcsstk18,11948,149090,8,0.002,21,drift,0.5,200,50,False,256,1042,3795,,3.642
bcsstk18,11948,149090,8,0.002,21,drift,0.5,200,75,False,256,1132,3981,,3.5168
bcsstk18,11948,149090,8,0.002,21,drift,0.5,200,100,False,256,1194,4244,,3.5544
bcsstk18,11948,149090,8,0.002,21,drift,0.5,200,125,False,256,1194,4319,,3.6173
bcsstk18,11948,149090,8,0.002,21,drift,0.5,200,150,False,256,1214,4294,,3.5371
bcsstk18,11948,149090,8,0.002,21,drift,0.5,200,175,False,256,1291,4409,,3.4152
bcsstk18,11948,149090,8,0.002,21,drift,0.5,200,199,True,256,1260,4441,1260,3.5246
bcsstk18,11948,149090,8,0.01,17,drift,0.5,200,0,False,256,1010,3818,,3.7802
bcsstk18,11948,149090,8,0.01,17,drift,0.5,200,25,False,256,1181,4797,,4.0618
bcsstk18,11948,149090,8,0.01,17,drift,0.5,200,50,False,256,1205,4842,,4.0183
bcsstk18,11948,149090,8,0.01,17,drift,0.5,200,75,False,256,1340,5147,,3.841
bcsstk18,11948,149090,8,0.01,17,drift,0.5,200,100,False,256,1360,5779,,4.2493
bcsstk18,11948,149090,8,0.01,17,drift,0.5,200,125,False,256,1410,5894,,4.1801
bcsstk18,11948,149090,8,0.01,17,drift,0.5,200,150,False,256,1535,6209,,4.045
bcsstk18,11948,149090,8,0.01,17,drift,0.5,200,175,False,256,1588,6503,,4.0951
bcsstk18,11948,149090,8,0.01,17,drift,0.5,200,199,True,256,1642,6587,1642,4.0116
bcsstk18,11948,149090,8,0.01,18,drift,0.5,200,0,False,256,1131,3871,,3.4226
bcsstk18,11948,149090,8,0.01,18,drift,0.5,200,25,False,256,1276,4623,,3.623
bcsstk18,11948,149090,8,0.01,18,drift,0.5,200,50,False,256,1291,4923,,3.8133
bcsstk18,11948,149090,8,0.01,18,drift,0.5,200,75,False,256,1292,4767,,3.6896
bcsstk18,11948,149090,8,0.01,18,drift,0.5,200,100,False,256,1399,5224,,3.7341
bcsstk18,11948,149090,8,0.01,18,drift,0.5,200,125,False,256,1335,5021,,3.761
bcsstk18,11948,149090,8,0.01,18,drift,0.5,200,150,False,256,1306,5040,,3.8591
bcsstk18,11948,149090,8,0.01,18,drift,0.5,200,175,False,256,1422,5357,,3.7672
bcsstk18,11948,149090,8,0.01,18,drift,0.5,200,199,True,256,1379,5360,1379,3.8869
bcsstk18,11948,149090,8,0.01,19,drift,0.5,200,0,False,256,1151,3099,,2.6924
bcsstk18,11948,149090,8,0.01,19,drift,0.5,200,25,False,256,1493,3928,,2.6309
bcsstk18,11948,149090,8,0.01,19,drift,0.5,200,50,False,256,1714,4495,,2.6225
bcsstk18,11948,149090,8,0.01,19,drift,0.5,200,75,False,256,1703,4421,,2.596
bcsstk18,11948,149090,8,0.01,19,drift,0.5,200,100,False,256,1759,4751,,2.701
bcsstk18,11948,149090,8,0.01,19,drift,0.5,200,125,False,256,1821,4965,,2.7265
bcsstk18,11948,149090,8,0.01,19,drift,0.5,200,150,False,256,1756,4796,,2.7312
bcsstk18,11948,149090,8,0.01,19,drift,0.5,200,175,False,256,1799,4860,,2.7015
bcsstk18,11948,149090,8,0.01,19,drift,0.5,200,199,True,256,1789,4837,1789,2.7037
bcsstk18,11948,149090,8,0.01,20,drift,0.5,200,0,False,256,1194,3263,,2.7328
bcsstk18,11948,149090,8,0.01,20,drift,0.5,200,25,False,256,1503,4071,,2.7086
bcsstk18,11948,149090,8,0.01,20,drift,0.5,200,50,False,256,1840,4860,,2.6413
bcsstk18,11948,149090,8,0.01,20,drift,0.5,200,75,False,256,1867,5289,,2.8329
bcsstk18,11948,149090,8,0.01,20,drift,0.5,200,100,False,256,2056,5998,,2.9173
bcsstk18,11948,149090,8,0.01,20,drift,0.5,200,125,False,256,2063,6018,,2.9171
bcsstk18,11948,149090,8,0.01,20,drift,0.5,200,150,False,256,2052,6179,,3.0112
bcsstk18,11948,149090,8,0.01,20,drift,0.5,200,175,False,256,2162,6468,,2.9917
bcsstk18,11948,149090,8,0.01,20,drift,0.5,200,199,True,256,2226,6664,2226,2.9937
bcsstk18,11948,149090,8,0.01,21,drift,0.5,200,0,False,256,918,3278,,3.5708
bcsstk18,11948,149090,8,0.01,21,drift,0.5,200,25,False,256,1093,4141,,3.7887
bcsstk18,11948,149090,8,0.01,21,drift,0.5,200,50,False,256,1251,4690,,3.749
bcsstk18,11948,149090,8,0.01,21,drift,0.5,200,75,False,256,1280,4501,,3.5164
bcsstk18,11948,149090,8,0.01,21,drift,0.5,200,100,False,256,1311,4506,,3.4371
bcsstk18,11948,149090,8,0.01,21,drift,0.5,200,125,False,256,1400,5010,,3.5786
bcsstk18,11948,149090,8,0.01,21,drift,0.5,200,150,False,256,1432,5092,,3.5559
bcsstk18,11948,149090,8,0.01,21,drift,0.5,200,175,False,256,1372,5054,,3.6837
bcsstk18,11948,149090,8,0.01,21,drift,0.5,200,199,True,256,1332,4832,1332,3.6276
bcsstk18,11948,149090,8,0.05,17,drift,0.5,200,0,False,256,1010,3818,,3.7802
bcsstk18,11948,149090,8,0.05,17,drift,0.5,200,25,False,256,1247,5175,,4.15
bcsstk18,11948,149090,8,0.05,17,drift,0.5,200,50,False,256,1353,6245,,4.6157
bcsstk18,11948,149090,8,0.05,17,drift,0.5,200,75,False,256,1569,6702,,4.2715
bcsstk18,11948,149090,8,0.05,17,drift,0.5,200,100,False,256,1547,6737,,4.3549
bcsstk18,11948,149090,8,0.05,17,drift,0.5,200,125,False,256,1589,7030,,4.4242
bcsstk18,11948,149090,8,0.05,17,drift,0.5,200,150,False,256,1600,7565,,4.7281
bcsstk18,11948,149090,8,0.05,17,drift,0.5,200,175,False,256,1961,8381,,4.2738
bcsstk18,11948,149090,8,0.05,17,drift,0.5,200,199,True,256,1937,8025,1937,4.143
bcsstk18,11948,149090,8,0.05,18,drift,0.5,200,0,False,256,1131,3871,,3.4226
bcsstk18,11948,149090,8,0.05,18,drift,0.5,200,25,False,256,1382,5530,,4.0014
bcsstk18,11948,149090,8,0.05,18,drift,0.5,200,50,False,256,1419,5996,,4.2255
bcsstk18,11948,149090,8,0.05,18,drift,0.5,200,75,False,256,1283,5511,,4.2954
bcsstk18,11948,149090,8,0.05,18,drift,0.5,200,100,False,256,1443,6187,,4.2876
bcsstk18,11948,149090,8,0.05,18,drift,0.5,200,125,False,256,1601,6778,,4.2336
bcsstk18,11948,149090,8,0.05,18,drift,0.5,200,150,False,256,1545,6655,,4.3074
bcsstk18,11948,149090,8,0.05,18,drift,0.5,200,175,False,256,1672,7421,,4.4384
bcsstk18,11948,149090,8,0.05,18,drift,0.5,200,199,True,256,1976,7226,1976,3.6569
bcsstk18,11948,149090,8,0.05,19,drift,0.5,200,0,False,256,1151,3099,,2.6924
bcsstk18,11948,149090,8,0.05,19,drift,0.5,200,25,False,256,1610,4807,,2.9857
bcsstk18,11948,149090,8,0.05,19,drift,0.5,200,50,False,256,1980,6272,,3.1677
bcsstk18,11948,149090,8,0.05,19,drift,0.5,200,75,False,256,2379,7589,,3.19
bcsstk18,11948,149090,8,0.05,19,drift,0.5,200,100,False,256,2278,7208,,3.1642
bcsstk18,11948,149090,8,0.05,19,drift,0.5,200,125,False,256,1889,6188,,3.2758
bcsstk18,11948,149090,8,0.05,19,drift,0.5,200,150,False,256,1918,6215,,3.2404
bcsstk18,11948,149090,8,0.05,19,drift,0.5,200,175,False,256,1917,6726,,3.5086
bcsstk18,11948,149090,8,0.05,19,drift,0.5,200,199,True,256,1867,6419,1867,3.4381
bcsstk18,11948,149090,8,0.05,20,drift,0.5,200,0,False,256,1194,3263,,2.7328
bcsstk18,11948,149090,8,0.05,20,drift,0.5,200,25,False,256,1929,6737,,3.4925
bcsstk18,11948,149090,8,0.05,20,drift,0.5,200,50,False,256,1941,7284,,3.7527
bcsstk18,11948,149090,8,0.05,20,drift,0.5,200,75,False,256,1964,7229,,3.6808
bcsstk18,11948,149090,8,0.05,20,drift,0.5,200,100,False,256,1935,6584,,3.4026
bcsstk18,11948,149090,8,0.05,20,drift,0.5,200,125,False,256,2182,6867,,3.1471
bcsstk18,11948,149090,8,0.05,20,drift,0.5,200,150,False,256,2358,7287,,3.0903
bcsstk18,11948,149090,8,0.05,20,drift,0.5,200,175,False,256,2345,7509,,3.2021
bcsstk18,11948,149090,8,0.05,20,drift,0.5,200,199,True,256,2542,8496,2542,3.3423
bcsstk18,11948,149090,8,0.05,21,drift,0.5,200,0,False,256,918,3278,,3.5708
bcsstk18,11948,149090,8,0.05,21,drift,0.5,200,25,False,256,1482,5470,,3.691
bcsstk18,11948,149090,8,0.05,21,drift,0.5,200,50,False,256,1586,5869,,3.7005
bcsstk18,11948,149090,8,0.05,21,drift,0.5,200,75,False,256,1800,6536,,3.6311
bcsstk18,11948,149090,8,0.05,21,drift,0.5,200,100,False,256,1750,6508,,3.7189
bcsstk18,11948,149090,8,0.05,21,drift,0.5,200,125,False,256,1911,6483,,3.3925
bcsstk18,11948,149090,8,0.05,21,drift,0.5,200,150,False,256,1854,6583,,3.5507
bcsstk18,11948,149090,8,0.05,21,drift,0.5,200,175,False,256,1754,6512,,3.7127
bcsstk18,11948,149090,8,0.05,21,drift,0.5,200,199,True,256,1604,5409,1604,3.3722
bcsstk18,11948,149090,8,0.25,17,drift,0.5,200,0,False,256,1010,3818,,3.7802
bcsstk18,11948,149090,8,0.25,17,drift,0.5,200,25,False,256,2171,7978,,3.6748
bcsstk18,11948,149090,8,0.25,17,drift,0.5,200,50,False,256,2216,8952,,4.0397
bcsstk18,11948,149090,8,0.25,17,drift,0.5,200,75,False,256,1932,7646,,3.9576
bcsstk18,11948,149090,8,0.25,17,drift,0.5,200,100,False,256,1829,6599,,3.608
bcsstk18,11948,149090,8,0.25,17,drift,0.5,200,125,False,256,2049,7901,,3.856
bcsstk18,11948,149090,8,0.25,17,drift,0.5,200,150,False,256,1957,7369,,3.7655
bcsstk18,11948,149090,8,0.25,17,drift,0.5,200,175,False,256,2261,7745,,3.4255
bcsstk18,11948,149090,8,0.25,17,drift,0.5,200,199,True,256,2125,7610,2125,3.5812
bcsstk18,11948,149090,8,0.25,18,drift,0.5,200,0,False,256,1131,3871,,3.4226
bcsstk18,11948,149090,8,0.25,18,drift,0.5,200,25,False,256,1648,6476,,3.9296
bcsstk18,11948,149090,8,0.25,18,drift,0.5,200,50,False,256,2020,7842,,3.8822
bcsstk18,11948,149090,8,0.25,18,drift,0.5,200,75,False,256,1733,6860,,3.9585
bcsstk18,11948,149090,8,0.25,18,drift,0.5,200,100,False,256,1724,6636,,3.8492
bcsstk18,11948,149090,8,0.25,18,drift,0.5,200,125,False,256,2041,6513,,3.1911
bcsstk18,11948,149090,8,0.25,18,drift,0.5,200,150,False,256,1531,6267,,4.0934
bcsstk18,11948,149090,8,0.25,18,drift,0.5,200,175,False,256,1591,6070,,3.8152
bcsstk18,11948,149090,8,0.25,18,drift,0.5,200,199,True,256,1753,7513,1753,4.2858
bcsstk18,11948,149090,8,0.25,19,drift,0.5,200,0,False,256,1151,3099,,2.6924
bcsstk18,11948,149090,8,0.25,19,drift,0.5,200,25,False,256,2165,6500,,3.0023
bcsstk18,11948,149090,8,0.25,19,drift,0.5,200,50,False,256,2314,7377,,3.188
bcsstk18,11948,149090,8,0.25,19,drift,0.5,200,75,False,256,2396,7768,,3.2421
bcsstk18,11948,149090,8,0.25,19,drift,0.5,200,100,False,256,2431,7155,,2.9432
bcsstk18,11948,149090,8,0.25,19,drift,0.5,200,125,False,256,2194,7271,,3.314
bcsstk18,11948,149090,8,0.25,19,drift,0.5,200,150,False,256,2695,7959,,2.9532
bcsstk18,11948,149090,8,0.25,19,drift,0.5,200,175,False,256,2279,7434,,3.262
bcsstk18,11948,149090,8,0.25,19,drift,0.5,200,199,True,256,1249,5798,1249,4.6421
bcsstk18,11948,149090,8,0.25,20,drift,0.5,200,0,False,256,1194,3263,,2.7328
bcsstk18,11948,149090,8,0.25,20,drift,0.5,200,25,False,256,1931,6553,,3.3936
bcsstk18,11948,149090,8,0.25,20,drift,0.5,200,50,False,256,2350,8244,,3.5081
bcsstk18,11948,149090,8,0.25,20,drift,0.5,200,75,False,256,2169,8028,,3.7012
bcsstk18,11948,149090,8,0.25,20,drift,0.5,200,100,False,256,2129,7409,,3.48
bcsstk18,11948,149090,8,0.25,20,drift,0.5,200,125,False,256,2046,7262,,3.5494
bcsstk18,11948,149090,8,0.25,20,drift,0.5,200,150,False,256,2099,8428,,4.0152
bcsstk18,11948,149090,8,0.25,20,drift,0.5,200,175,False,256,2362,8504,,3.6003
bcsstk18,11948,149090,8,0.25,20,drift,0.5,200,199,True,256,2203,7900,2203,3.586
bcsstk18,11948,149090,8,0.25,21,drift,0.5,200,0,False,256,918,3278,,3.5708
bcsstk18,11948,149090,8,0.25,21,drift,0.5,200,25,False,256,1769,6908,,3.905
bcsstk18,11948,149090,8,0.25,21,drift,0.5,200,50,False,256,1612,6260,,3.8834
bcsstk18,11948,149090,8,0.25,21,drift,0.5,200,75,False,256,1797,6720,,3.7396
bcsstk18,11948,149090,8,0.25,21,drift,0.5,200,100,False,256,1863,6405,,3.438
bcsstk18,11948,149090,8,0.25,21,drift,0.5,200,125,False,256,1787,6304,,3.5277
bcsstk18,11948,149090,8,0.25,21,drift,0.5,200,150,False,256,1842,6747,,3.6629
bcsstk18,11948,149090,8,0.25,21,drift,0.5,200,175,False,256,1804,6857,,3.801
bcsstk18,11948,149090,8,0.25,21,drift,0.5,200,199,True,256,1743,6822,1743,3.9139
bcsstk18,11948,149090,8,0.0,17,jump,0.5,200,0,False,256,1010,3818,,3.7802
bcsstk18,11948,149090,8,0.0,17,jump,0.5,200,25,False,256,1010,3818,,3.7802
bcsstk18,11948,149090,8,0.0,17,jump,0.5,200,50,False,256,1010,3818,,3.7802
bcsstk18,11948,149090,8,0.0,17,jump,0.5,200,75,False,256,1010,3818,,3.7802
bcsstk18,11948,149090,8,0.0,17,jump,0.5,200,100,False,256,1010,3818,,3.7802
bcsstk18,11948,149090,8,0.0,17,jump,0.5,200,125,False,256,1010,3818,,3.7802
bcsstk18,11948,149090,8,0.0,17,jump,0.5,200,150,False,256,1010,3818,,3.7802
bcsstk18,11948,149090,8,0.0,17,jump,0.5,200,175,False,256,1010,3818,,3.7802
bcsstk18,11948,149090,8,0.0,17,jump,0.5,200,199,True,256,1010,3818,1010,3.7802
bcsstk18,11948,149090,8,0.0,18,jump,0.5,200,0,False,256,1131,3871,,3.4226
bcsstk18,11948,149090,8,0.0,18,jump,0.5,200,25,False,256,1131,3871,,3.4226
bcsstk18,11948,149090,8,0.0,18,jump,0.5,200,50,False,256,1131,3871,,3.4226
bcsstk18,11948,149090,8,0.0,18,jump,0.5,200,75,False,256,1131,3871,,3.4226
bcsstk18,11948,149090,8,0.0,18,jump,0.5,200,100,False,256,1131,3871,,3.4226
bcsstk18,11948,149090,8,0.0,18,jump,0.5,200,125,False,256,1131,3871,,3.4226
bcsstk18,11948,149090,8,0.0,18,jump,0.5,200,150,False,256,1131,3871,,3.4226
bcsstk18,11948,149090,8,0.0,18,jump,0.5,200,175,False,256,1131,3871,,3.4226
bcsstk18,11948,149090,8,0.0,18,jump,0.5,200,199,True,256,1131,3871,1131,3.4226
bcsstk18,11948,149090,8,0.0,19,jump,0.5,200,0,False,256,1151,3099,,2.6924
bcsstk18,11948,149090,8,0.0,19,jump,0.5,200,25,False,256,1151,3099,,2.6924
bcsstk18,11948,149090,8,0.0,19,jump,0.5,200,50,False,256,1151,3099,,2.6924
bcsstk18,11948,149090,8,0.0,19,jump,0.5,200,75,False,256,1151,3099,,2.6924
bcsstk18,11948,149090,8,0.0,19,jump,0.5,200,100,False,256,1151,3099,,2.6924
bcsstk18,11948,149090,8,0.0,19,jump,0.5,200,125,False,256,1151,3099,,2.6924
bcsstk18,11948,149090,8,0.0,19,jump,0.5,200,150,False,256,1151,3099,,2.6924
bcsstk18,11948,149090,8,0.0,19,jump,0.5,200,175,False,256,1151,3099,,2.6924
bcsstk18,11948,149090,8,0.0,19,jump,0.5,200,199,True,256,1151,3099,1151,2.6924
bcsstk18,11948,149090,8,0.0,20,jump,0.5,200,0,False,256,1194,3263,,2.7328
bcsstk18,11948,149090,8,0.0,20,jump,0.5,200,25,False,256,1194,3263,,2.7328
bcsstk18,11948,149090,8,0.0,20,jump,0.5,200,50,False,256,1194,3263,,2.7328
bcsstk18,11948,149090,8,0.0,20,jump,0.5,200,75,False,256,1194,3263,,2.7328
bcsstk18,11948,149090,8,0.0,20,jump,0.5,200,100,False,256,1194,3263,,2.7328
bcsstk18,11948,149090,8,0.0,20,jump,0.5,200,125,False,256,1194,3263,,2.7328
bcsstk18,11948,149090,8,0.0,20,jump,0.5,200,150,False,256,1194,3263,,2.7328
bcsstk18,11948,149090,8,0.0,20,jump,0.5,200,175,False,256,1194,3263,,2.7328
bcsstk18,11948,149090,8,0.0,20,jump,0.5,200,199,True,256,1194,3263,1194,2.7328
bcsstk18,11948,149090,8,0.0,21,jump,0.5,200,0,False,256,918,3278,,3.5708
bcsstk18,11948,149090,8,0.0,21,jump,0.5,200,25,False,256,918,3278,,3.5708
bcsstk18,11948,149090,8,0.0,21,jump,0.5,200,50,False,256,918,3278,,3.5708
bcsstk18,11948,149090,8,0.0,21,jump,0.5,200,75,False,256,918,3278,,3.5708
bcsstk18,11948,149090,8,0.0,21,jump,0.5,200,100,False,256,918,3278,,3.5708
bcsstk18,11948,149090,8,0.0,21,jump,0.5,200,125,False,256,918,3278,,3.5708
bcsstk18,11948,149090,8,0.0,21,jump,0.5,200,150,False,256,918,3278,,3.5708
bcsstk18,11948,149090,8,0.0,21,jump,0.5,200,175,False,256,918,3278,,3.5708
bcsstk18,11948,149090,8,0.0,21,jump,0.5,200,199,True,256,918,3278,918,3.5708
bcsstk18,11948,149090,8,0.002,17,jump,0.5,200,0,False,256,1010,3818,,3.7802
bcsstk18,11948,149090,8,0.002,17,jump,0.5,200,25,False,256,2143,5080,,2.3705
bcsstk18,11948,149090,8,0.002,17,jump,0.5,200,50,False,256,2833,6043,,2.1331
bcsstk18,11948,149090,8,0.002,17,jump,0.5,200,75,False,256,3528,6793,,1.9255
bcsstk18,11948,149090,8,0.002,17,jump,0.5,200,100,False,256,4250,7904,,1.8598
bcsstk18,11948,149090,8,0.002,17,jump,0.5,200,125,False,256,4711,8794,,1.8667
bcsstk18,11948,149090,8,0.002,17,jump,0.5,200,150,False,256,5082,9321,,1.8341
bcsstk18,11948,149090,8,0.002,17,jump,0.5,200,175,False,256,5383,9698,,1.8016
bcsstk18,11948,149090,8,0.002,17,jump,0.5,200,199,True,256,5839,10318,5839,1.7671
bcsstk18,11948,149090,8,0.002,18,jump,0.5,200,0,False,256,1131,3871,,3.4226
bcsstk18,11948,149090,8,0.002,18,jump,0.5,200,25,False,256,2228,5065,,2.2733
bcsstk18,11948,149090,8,0.002,18,jump,0.5,200,50,False,256,2967,5928,,1.998
bcsstk18,11948,149090,8,0.002,18,jump,0.5,200,75,False,256,3735,6953,,1.8616
bcsstk18,11948,149090,8,0.002,18,jump,0.5,200,100,False,256,4367,7833,,1.7937
bcsstk18,11948,149090,8,0.002,18,jump,0.5,200,125,False,256,4829,8653,,1.7919
bcsstk18,11948,149090,8,0.002,18,jump,0.5,200,150,False,256,5095,9340,,1.8332
bcsstk18,11948,149090,8,0.002,18,jump,0.5,200,175,False,256,5421,9812,,1.81
bcsstk18,11948,149090,8,0.002,18,jump,0.5,200,199,True,256,5728,10238,5728,1.7874
bcsstk18,11948,149090,8,0.002,19,jump,0.5,200,0,False,256,1151,3099,,2.6924
bcsstk18,11948,149090,8,0.002,19,jump,0.5,200,25,False,256,2167,4308,,1.988
bcsstk18,11948,149090,8,0.002,19,jump,0.5,200,50,False,256,2832,5134,,1.8129
bcsstk18,11948,149090,8,0.002,19,jump,0.5,200,75,False,256,3491,5836,,1.6717
bcsstk18,11948,149090,8,0.002,19,jump,0.5,200,100,False,256,4253,6885,,1.6189
bcsstk18,11948,149090,8,0.002,19,jump,0.5,200,125,False,256,4775,7747,,1.6224
bcsstk18,11948,149090,8,0.002,19,jump,0.5,200,150,False,256,4810,7996,,1.6624
bcsstk18,11948,149090,8,0.002,19,jump,0.5,200,175,False,256,5333,8619,,1.6162
bcsstk18,11948,149090,8,0.002,19,jump,0.5,200,199,True,256,5713,9117,5713,1.5958
bcsstk18,11948,149090,8,0.002,20,jump,0.5,200,0,False,256,1194,3263,,2.7328
bcsstk18,11948,149090,8,0.002,20,jump,0.5,200,25,False,256,2230,4436,,1.9892
bcsstk18,11948,149090,8,0.002,20,jump,0.5,200,50,False,256,3056,5331,,1.7444
bcsstk18,11948,149090,8,0.002,20,jump,0.5,200,75,False,256,3818,6414,,1.6799
bcsstk18,11948,149090,8,0.002,20,jump,0.5,200,100,False,256,4238,7254,,1.7117
bcsstk18,11948,149090,8,0.002,20,jump,0.5,200,125,False,256,4743,7982,,1.6829
bcsstk18,11948,149090,8,0.002,20,jump,0.5,200,150,False,256,5313,8813,,1.6588
bcsstk18,11948,149090,8,0.002,20,jump,0.5,200,175,False,256,5483,9203,,1.6785
bcsstk18,11948,149090,8,0.002,20,jump,0.5,200,199,True,256,5709,9455,5709,1.6562
bcsstk18,11948,149090,8,0.002,21,jump,0.5,200,0,False,256,918,3278,,3.5708
bcsstk18,11948,149090,8,0.002,21,jump,0.5,200,25,False,256,2127,4512,,2.1213
bcsstk18,11948,149090,8,0.002,21,jump,0.5,200,50,False,256,3168,5812,,1.8346
bcsstk18,11948,149090,8,0.002,21,jump,0.5,200,75,False,256,3856,6683,,1.7331
bcsstk18,11948,149090,8,0.002,21,jump,0.5,200,100,False,256,4422,7565,,1.7108
bcsstk18,11948,149090,8,0.002,21,jump,0.5,200,125,False,256,4845,8021,,1.6555
bcsstk18,11948,149090,8,0.002,21,jump,0.5,200,150,False,256,5057,8582,,1.6971
bcsstk18,11948,149090,8,0.002,21,jump,0.5,200,175,False,256,5398,9147,,1.6945
bcsstk18,11948,149090,8,0.002,21,jump,0.5,200,199,True,256,5688,9783,5688,1.7199
bcsstk18,11948,149090,8,0.01,17,jump,0.5,200,0,False,256,1010,3818,,3.7802
bcsstk18,11948,149090,8,0.01,17,jump,0.5,200,25,False,256,3665,6884,,1.8783
bcsstk18,11948,149090,8,0.01,17,jump,0.5,200,50,False,256,5328,9761,,1.832
bcsstk18,11948,149090,8,0.01,17,jump,0.5,200,75,False,256,6223,11100,,1.7837
bcsstk18,11948,149090,8,0.01,17,jump,0.5,200,100,False,256,6408,11858,,1.8505
bcsstk18,11948,149090,8,0.01,17,jump,0.5,200,125,False,256,6624,11911,,1.7982
bcsstk18,11948,149090,8,0.01,17,jump,0.5,200,150,False,256,6772,12129,,1.7911
bcsstk18,11948,149090,8,0.01,17,jump,0.5,200,175,False,256,7116,12290,,1.7271
bcsstk18,11948,149090,8,0.01,17,jump,0.5,200,199,True,256,7082,12247,7082,1.7293
bcsstk18,11948,149090,8,0.01,18,jump,0.5,200,0,False,256,1131,3871,,3.4226
bcsstk18,11948,149090,8,0.01,18,jump,0.5,200,25,False,256,3694,7054,,1.9096
bcsstk18,11948,149090,8,0.01,18,jump,0.5,200,50,False,256,5253,9054,,1.7236
bcsstk18,11948,149090,8,0.01,18,jump,0.5,200,75,False,256,6048,10390,,1.7179
bcsstk18,11948,149090,8,0.01,18,jump,0.5,200,100,False,256,6452,11250,,1.7436
bcsstk18,11948,149090,8,0.01,18,jump,0.5,200,125,False,256,6806,11568,,1.6997
bcsstk18,11948,149090,8,0.01,18,jump,0.5,200,150,False,256,6806,11918,,1.7511
bcsstk18,11948,149090,8,0.01,18,jump,0.5,200,175,False,256,7042,12231,,1.7369
bcsstk18,11948,149090,8,0.01,18,jump,0.5,200,199,True,256,7181,12098,7181,1.6847
bcsstk18,11948,149090,8,0.01,19,jump,0.5,200,0,False,256,1151,3099,,2.6924
bcsstk18,11948,149090,8,0.01,19,jump,0.5,200,25,False,256,3363,5932,,1.7639
bcsstk18,11948,149090,8,0.01,19,jump,0.5,200,50,False,256,4869,8104,,1.6644
bcsstk18,11948,149090,8,0.01,19,jump,0.5,200,75,False,256,5745,9667,,1.6827
bcsstk18,11948,149090,8,0.01,19,jump,0.5,200,100,False,256,6388,10435,,1.6335
bcsstk18,11948,149090,8,0.01,19,jump,0.5,200,125,False,256,6731,11222,,1.6672
bcsstk18,11948,149090,8,0.01,19,jump,0.5,200,150,False,256,7170,11791,,1.6445
bcsstk18,11948,149090,8,0.01,19,jump,0.5,200,175,False,256,7142,11883,,1.6638
bcsstk18,11948,149090,8,0.01,19,jump,0.5,200,199,True,256,7408,11814,7408,1.5948
bcsstk18,11948,149090,8,0.01,20,jump,0.5,200,0,False,256,1194,3263,,2.7328
bcsstk18,11948,149090,8,0.01,20,jump,0.5,200,25,False,256,3524,6424,,1.8229
bcsstk18,11948,149090,8,0.01,20,jump,0.5,200,50,False,256,4931,8807,,1.786
bcsstk18,11948,149090,8,0.01,20,jump,0.5,200,75,False,256,5932,10309,,1.7379
bcsstk18,11948,149090,8,0.01,20,jump,0.5,200,100,False,256,6124,10392,,1.6969
bcsstk18,11948,149090,8,0.01,20,jump,0.5,200,125,False,256,6404,10880,,1.6989
bcsstk18,11948,149090,8,0.01,20,jump,0.5,200,150,False,256,6841,11715,,1.7125
bcsstk18,11948,149090,8,0.01,20,jump,0.5,200,175,False,256,6992,11875,,1.6984
bcsstk18,11948,149090,8,0.01,20,jump,0.5,200,199,True,256,6902,11620,6902,1.6836
bcsstk18,11948,149090,8,0.01,21,jump,0.5,200,0,False,256,918,3278,,3.5708
bcsstk18,11948,149090,8,0.01,21,jump,0.5,200,25,False,256,3589,6321,,1.7612
bcsstk18,11948,149090,8,0.01,21,jump,0.5,200,50,False,256,5011,8219,,1.6402
bcsstk18,11948,149090,8,0.01,21,jump,0.5,200,75,False,256,5528,9534,,1.7247
bcsstk18,11948,149090,8,0.01,21,jump,0.5,200,100,False,256,6162,10477,,1.7003
bcsstk18,11948,149090,8,0.01,21,jump,0.5,200,125,False,256,6668,11433,,1.7146
bcsstk18,11948,149090,8,0.01,21,jump,0.5,200,150,False,256,6946,11832,,1.7034
bcsstk18,11948,149090,8,0.01,21,jump,0.5,200,175,False,256,7358,12550,,1.7056
bcsstk18,11948,149090,8,0.01,21,jump,0.5,200,199,True,256,7401,12768,7401,1.7252
bcsstk18,11948,149090,8,0.05,17,jump,0.5,200,0,False,256,1010,3818,,3.7802
bcsstk18,11948,149090,8,0.05,17,jump,0.5,200,25,False,256,6845,11327,,1.6548
bcsstk18,11948,149090,8,0.05,17,jump,0.5,200,50,False,256,7194,11956,,1.6619
bcsstk18,11948,149090,8,0.05,17,jump,0.5,200,75,False,256,7688,12249,,1.5933
bcsstk18,11948,149090,8,0.05,17,jump,0.5,200,100,False,256,7558,12206,,1.615
bcsstk18,11948,149090,8,0.05,17,jump,0.5,200,125,False,256,7400,12335,,1.6669
bcsstk18,11948,149090,8,0.05,17,jump,0.5,200,150,False,256,7454,12444,,1.6694
bcsstk18,11948,149090,8,0.05,17,jump,0.5,200,175,False,256,7629,12380,,1.6228
bcsstk18,11948,149090,8,0.05,17,jump,0.5,200,199,True,256,7359,12294,7359,1.6706
bcsstk18,11948,149090,8,0.05,18,jump,0.5,200,0,False,256,1131,3871,,3.4226
bcsstk18,11948,149090,8,0.05,18,jump,0.5,200,25,False,256,6581,10863,,1.6507
bcsstk18,11948,149090,8,0.05,18,jump,0.5,200,50,False,256,7043,12123,,1.7213
bcsstk18,11948,149090,8,0.05,18,jump,0.5,200,75,False,256,7340,12051,,1.6418
bcsstk18,11948,149090,8,0.05,18,jump,0.5,200,100,False,256,7504,12460,,1.6604
bcsstk18,11948,149090,8,0.05,18,jump,0.5,200,125,False,256,7506,12637,,1.6836
bcsstk18,11948,149090,8,0.05,18,jump,0.5,200,150,False,256,7444,12101,,1.6256
bcsstk18,11948,149090,8,0.05,18,jump,0.5,200,175,False,256,7566,12249,,1.619
bcsstk18,11948,149090,8,0.05,18,jump,0.5,200,199,True,256,7505,12496,7505,1.665
bcsstk18,11948,149090,8,0.05,19,jump,0.5,200,0,False,256,1151,3099,,2.6924
bcsstk18,11948,149090,8,0.05,19,jump,0.5,200,25,False,256,6698,11031,,1.6469
bcsstk18,11948,149090,8,0.05,19,jump,0.5,200,50,False,256,7379,11968,,1.6219
bcsstk18,11948,149090,8,0.05,19,jump,0.5,200,75,False,256,7236,11922,,1.6476
bcsstk18,11948,149090,8,0.05,19,jump,0.5,200,100,False,256,7547,12375,,1.6397
bcsstk18,11948,149090,8,0.05,19,jump,0.5,200,125,False,256,7454,12257,,1.6444
bcsstk18,11948,149090,8,0.05,19,jump,0.5,200,150,False,256,7372,12476,,1.6923
bcsstk18,11948,149090,8,0.05,19,jump,0.5,200,175,False,256,7533,12330,,1.6368
bcsstk18,11948,149090,8,0.05,19,jump,0.5,200,199,True,256,7631,11872,7631,1.5558
bcsstk18,11948,149090,8,0.05,20,jump,0.5,200,0,False,256,1194,3263,,2.7328
bcsstk18,11948,149090,8,0.05,20,jump,0.5,200,25,False,256,6610,11096,,1.6787
bcsstk18,11948,149090,8,0.05,20,jump,0.5,200,50,False,256,7001,12256,,1.7506
bcsstk18,11948,149090,8,0.05,20,jump,0.5,200,75,False,256,7609,12524,,1.6459
bcsstk18,11948,149090,8,0.05,20,jump,0.5,200,100,False,256,7589,12363,,1.6291
bcsstk18,11948,149090,8,0.05,20,jump,0.5,200,125,False,256,7441,12395,,1.6658
bcsstk18,11948,149090,8,0.05,20,jump,0.5,200,150,False,256,7213,12455,,1.7267
bcsstk18,11948,149090,8,0.05,20,jump,0.5,200,175,False,256,7312,11801,,1.6139
bcsstk18,11948,149090,8,0.05,20,jump,0.5,200,199,True,256,7355,11917,7355,1.6203
bcsstk18,11948,149090,8,0.05,21,jump,0.5,200,0,False,256,918,3278,,3.5708
bcsstk18,11948,149090,8,0.05,21,jump,0.5,200,25,False,256,6520,11168,,1.7129
bcsstk18,11948,149090,8,0.05,21,jump,0.5,200,50,False,256,7363,12646,,1.7175
bcsstk18,11948,149090,8,0.05,21,jump,0.5,200,75,False,256,7376,12597,,1.7078
bcsstk18,11948,149090,8,0.05,21,jump,0.5,200,100,False,256,7298,12400,,1.6991
bcsstk18,11948,149090,8,0.05,21,jump,0.5,200,125,False,256,7429,12453,,1.6763
bcsstk18,11948,149090,8,0.05,21,jump,0.5,200,150,False,256,7536,12662,,1.6802
bcsstk18,11948,149090,8,0.05,21,jump,0.5,200,175,False,256,7677,12332,,1.6064
bcsstk18,11948,149090,8,0.05,21,jump,0.5,200,199,True,256,7634,13098,7634,1.7157
bcsstk18,11948,149090,8,0.25,17,jump,0.5,200,0,False,256,1010,3818,,3.7802
bcsstk18,11948,149090,8,0.25,17,jump,0.5,200,25,False,256,7304,12037,,1.648
bcsstk18,11948,149090,8,0.25,17,jump,0.5,200,50,False,256,7122,12175,,1.7095
bcsstk18,11948,149090,8,0.25,17,jump,0.5,200,75,False,256,7400,12640,,1.7081
bcsstk18,11948,149090,8,0.25,17,jump,0.5,200,100,False,256,7383,12135,,1.6436
bcsstk18,11948,149090,8,0.25,17,jump,0.5,200,125,False,256,7537,12625,,1.6751
bcsstk18,11948,149090,8,0.25,17,jump,0.5,200,150,False,256,7344,12349,,1.6815
bcsstk18,11948,149090,8,0.25,17,jump,0.5,200,175,False,256,7403,12595,,1.7013
bcsstk18,11948,149090,8,0.25,17,jump,0.5,200,199,True,256,7537,11810,7537,1.5669
bcsstk18,11948,149090,8,0.25,18,jump,0.5,200,0,False,256,1131,3871,,3.4226
bcsstk18,11948,149090,8,0.25,18,jump,0.5,200,25,False,256,7348,12172,,1.6565
bcsstk18,11948,149090,8,0.25,18,jump,0.5,200,50,False,256,7536,12859,,1.7063
bcsstk18,11948,149090,8,0.25,18,jump,0.5,200,75,False,256,7560,12748,,1.6862
bcsstk18,11948,149090,8,0.25,18,jump,0.5,200,100,False,256,7592,12500,,1.6465
bcsstk18,11948,149090,8,0.25,18,jump,0.5,200,125,False,256,7191,12051,,1.6758
bcsstk18,11948,149090,8,0.25,18,jump,0.5,200,150,False,256,7289,12112,,1.6617
bcsstk18,11948,149090,8,0.25,18,jump,0.5,200,175,False,256,7350,12236,,1.6648
bcsstk18,11948,149090,8,0.25,18,jump,0.5,200,199,True,256,7419,12311,7419,1.6594
bcsstk18,11948,149090,8,0.25,19,jump,0.5,200,0,False,256,1151,3099,,2.6924
bcsstk18,11948,149090,8,0.25,19,jump,0.5,200,25,False,256,7278,11753,,1.6149
bcsstk18,11948,149090,8,0.25,19,jump,0.5,200,50,False,256,7297,12057,,1.6523
bcsstk18,11948,149090,8,0.25,19,jump,0.5,200,75,False,256,7341,12338,,1.6807
bcsstk18,11948,149090,8,0.25,19,jump,0.5,200,100,False,256,7350,12149,,1.6529
bcsstk18,11948,149090,8,0.25,19,jump,0.5,200,125,False,256,7411,12492,,1.6856
bcsstk18,11948,149090,8,0.25,19,jump,0.5,200,150,False,256,7434,12592,,1.6938
bcsstk18,11948,149090,8,0.25,19,jump,0.5,200,175,False,256,7500,11789,,1.5719
bcsstk18,11948,149090,8,0.25,19,jump,0.5,200,199,True,256,7229,12004,7229,1.6605
bcsstk18,11948,149090,8,0.25,20,jump,0.5,200,0,False,256,1194,3263,,2.7328
bcsstk18,11948,149090,8,0.25,20,jump,0.5,200,25,False,256,7274,11763,,1.6171
bcsstk18,11948,149090,8,0.25,20,jump,0.5,200,50,False,256,7405,12666,,1.7105
bcsstk18,11948,149090,8,0.25,20,jump,0.5,200,75,False,256,7431,12644,,1.7015
bcsstk18,11948,149090,8,0.25,20,jump,0.5,200,100,False,256,7098,12039,,1.6961
bcsstk18,11948,149090,8,0.25,20,jump,0.5,200,125,False,256,7239,12106,,1.6723
bcsstk18,11948,149090,8,0.25,20,jump,0.5,200,150,False,256,7215,12485,,1.7304
bcsstk18,11948,149090,8,0.25,20,jump,0.5,200,175,False,256,7399,12318,,1.6648
bcsstk18,11948,149090,8,0.25,20,jump,0.5,200,199,True,256,7538,12333,7538,1.6361
bcsstk18,11948,149090,8,0.25,21,jump,0.5,200,0,False,256,918,3278,,3.5708
bcsstk18,11948,149090,8,0.25,21,jump,0.5,200,25,False,256,7333,12272,,1.6735
bcsstk18,11948,149090,8,0.25,21,jump,0.5,200,50,False,256,7293,11581,,1.588
bcsstk18,11948,149090,8,0.25,21,jump,0.5,200,75,False,256,7548,12198,,1.6161
bcsstk18,11948,149090,8,0.25,21,jump,0.5,200,100,False,256,7314,11839,,1.6187
bcsstk18,11948,149090,8,0.25,21,jump,0.5,200,125,False,256,7468,12144,,1.6261
bcsstk18,11948,149090,8,0.25,21,jump,0.5,200,150,False,256,7592,12306,,1.6209
bcsstk18,11948,149090,8,0.25,21,jump,0.5,200,175,False,256,7493,12672,,1.6912
bcsstk18,11948,149090,8,0.25,21,jump,0.5,200,199,True,256,7276,11832,7276,1.6262
bcsstk25,15439,252241,8,0.0,17,drift,0.5,200,0,False,256,978,3233,,3.3057
bcsstk25,15439,252241,8,0.0,17,drift,0.5,200,25,False,256,978,3233,,3.3057
bcsstk25,15439,252241,8,0.0,17,drift,0.5,200,50,False,256,978,3233,,3.3057
bcsstk25,15439,252241,8,0.0,17,drift,0.5,200,75,False,256,978,3233,,3.3057
bcsstk25,15439,252241,8,0.0,17,drift,0.5,200,100,False,256,978,3233,,3.3057
bcsstk25,15439,252241,8,0.0,17,drift,0.5,200,125,False,256,978,3233,,3.3057
bcsstk25,15439,252241,8,0.0,17,drift,0.5,200,150,False,256,978,3233,,3.3057
bcsstk25,15439,252241,8,0.0,17,drift,0.5,200,175,False,256,978,3233,,3.3057
bcsstk25,15439,252241,8,0.0,17,drift,0.5,200,199,True,256,978,3233,978,3.3057
bcsstk25,15439,252241,8,0.0,18,drift,0.5,200,0,False,256,729,2770,,3.7997
bcsstk25,15439,252241,8,0.0,18,drift,0.5,200,25,False,256,729,2770,,3.7997
bcsstk25,15439,252241,8,0.0,18,drift,0.5,200,50,False,256,729,2770,,3.7997
bcsstk25,15439,252241,8,0.0,18,drift,0.5,200,75,False,256,729,2770,,3.7997
bcsstk25,15439,252241,8,0.0,18,drift,0.5,200,100,False,256,729,2770,,3.7997
bcsstk25,15439,252241,8,0.0,18,drift,0.5,200,125,False,256,729,2770,,3.7997
bcsstk25,15439,252241,8,0.0,18,drift,0.5,200,150,False,256,729,2770,,3.7997
bcsstk25,15439,252241,8,0.0,18,drift,0.5,200,175,False,256,729,2770,,3.7997
bcsstk25,15439,252241,8,0.0,18,drift,0.5,200,199,True,256,729,2770,729,3.7997
bcsstk25,15439,252241,8,0.0,19,drift,0.5,200,0,False,256,1204,4521,,3.755
bcsstk25,15439,252241,8,0.0,19,drift,0.5,200,25,False,256,1204,4521,,3.755
bcsstk25,15439,252241,8,0.0,19,drift,0.5,200,50,False,256,1204,4521,,3.755
bcsstk25,15439,252241,8,0.0,19,drift,0.5,200,75,False,256,1204,4521,,3.755
bcsstk25,15439,252241,8,0.0,19,drift,0.5,200,100,False,256,1204,4521,,3.755
bcsstk25,15439,252241,8,0.0,19,drift,0.5,200,125,False,256,1204,4521,,3.755
bcsstk25,15439,252241,8,0.0,19,drift,0.5,200,150,False,256,1204,4521,,3.755
bcsstk25,15439,252241,8,0.0,19,drift,0.5,200,175,False,256,1204,4521,,3.755
bcsstk25,15439,252241,8,0.0,19,drift,0.5,200,199,True,256,1204,4521,1204,3.755
bcsstk25,15439,252241,8,0.0,20,drift,0.5,200,0,False,256,742,2632,,3.5472
bcsstk25,15439,252241,8,0.0,20,drift,0.5,200,25,False,256,742,2632,,3.5472
bcsstk25,15439,252241,8,0.0,20,drift,0.5,200,50,False,256,742,2632,,3.5472
bcsstk25,15439,252241,8,0.0,20,drift,0.5,200,75,False,256,742,2632,,3.5472
bcsstk25,15439,252241,8,0.0,20,drift,0.5,200,100,False,256,742,2632,,3.5472
bcsstk25,15439,252241,8,0.0,20,drift,0.5,200,125,False,256,742,2632,,3.5472
bcsstk25,15439,252241,8,0.0,20,drift,0.5,200,150,False,256,742,2632,,3.5472
bcsstk25,15439,252241,8,0.0,20,drift,0.5,200,175,False,256,742,2632,,3.5472
bcsstk25,15439,252241,8,0.0,20,drift,0.5,200,199,True,256,742,2632,742,3.5472
bcsstk25,15439,252241,8,0.0,21,drift,0.5,200,0,False,256,1192,3990,,3.3473
bcsstk25,15439,252241,8,0.0,21,drift,0.5,200,25,False,256,1192,3990,,3.3473
bcsstk25,15439,252241,8,0.0,21,drift,0.5,200,50,False,256,1192,3990,,3.3473
bcsstk25,15439,252241,8,0.0,21,drift,0.5,200,75,False,256,1192,3990,,3.3473
bcsstk25,15439,252241,8,0.0,21,drift,0.5,200,100,False,256,1192,3990,,3.3473
bcsstk25,15439,252241,8,0.0,21,drift,0.5,200,125,False,256,1192,3990,,3.3473
bcsstk25,15439,252241,8,0.0,21,drift,0.5,200,150,False,256,1192,3990,,3.3473
bcsstk25,15439,252241,8,0.0,21,drift,0.5,200,175,False,256,1192,3990,,3.3473
bcsstk25,15439,252241,8,0.0,21,drift,0.5,200,199,True,256,1192,3990,1192,3.3473
bcsstk25,15439,252241,8,0.002,17,drift,0.5,200,0,False,256,978,3233,,3.3057
bcsstk25,15439,252241,8,0.002,17,drift,0.5,200,25,False,256,1048,3572,,3.4084
bcsstk25,15439,252241,8,0.002,17,drift,0.5,200,50,False,256,1048,3598,,3.4332
bcsstk25,15439,252241,8,0.002,17,drift,0.5,200,75,False,256,1067,3717,,3.4836
bcsstk25,15439,252241,8,0.002,17,drift,0.5,200,100,False,256,1119,3844,,3.4352
bcsstk25,15439,252241,8,0.002,17,drift,0.5,200,125,False,256,1084,3726,,3.4373
bcsstk25,15439,252241,8,0.002,17,drift,0.5,200,150,False,256,1135,3855,,3.3965
bcsstk25,15439,252241,8,0.002,17,drift,0.5,200,175,False,256,1187,4026,,3.3917
bcsstk25,15439,252241,8,0.002,17,drift,0.5,200,199,True,256,1213,4017,1213,3.3116
bcsstk25,15439,252241,8,0.002,18,drift,0.5,200,0,False,256,729,2770,,3.7997
bcsstk25,15439,252241,8,0.002,18,drift,0.5,200,25,False,256,772,3030,,3.9249
bcsstk25,15439,252241,8,0.002,18,drift,0.5,200,50,False,256,851,3283,,3.8578
bcsstk25,15439,252241,8,0.002,18,drift,0.5,200,75,False,256,827,3231,,3.9069
bcsstk25,15439,252241,8,0.002,18,drift,0.5,200,100,False,256,881,3508,,3.9818
bcsstk25,15439,252241,8,0.002,18,drift,0.5,200,125,False,256,895,3663,,4.0927
bcsstk25,15439,252241,8,0.002,18,drift,0.5,200,150,False,256,925,3817,,4.1265
bcsstk25,15439,252241,8,0.002,18,drift,0.5,200,175,False,256,947,3988,,4.2112
bcsstk25,15439,252241,8,0.002,18,drift,0.5,200,199,True,256,1003,4212,1003,4.1994
bcsstk25,15439,252241,8,0.002,19,drift,0.5,200,0,False,256,1204,4521,,3.755
bcsstk25,15439,252241,8,0.002,19,drift,0.5,200,25,False,256,1276,4986,,3.9075
bcsstk25,15439,252241,8,0.002,19,drift,0.5,200,50,False,256,1317,4967,,3.7715
bcsstk25,15439,252241,8,0.002,19,drift,0.5,200,75,False,256,1269,4966,,3.9133
bcsstk25,15439,252241,8,0.002,19,drift,0.5,200,100,False,256,1353,5249,,3.8795
bcsstk25,15439,252241,8,0.002,19,drift,0.5,200,125,False,256,1463,5577,,3.812
bcsstk25,15439,252241,8,0.002,19,drift,0.5,200,150,False,256,1389,5375,,3.8697
bcsstk25,15439,252241,8,0.002,19,drift,0.5,200,175,False,256,1448,5452,,3.7652
bcsstk25,15439,252241,8,0.002,19,drift,0.5,200,199,True,256,1466,5517,1466,3.7633
bcsstk25,15439,252241,8,0.002,20,drift,0.5,200,0,False,256,742,2632,,3.5472
bcsstk25,15439,252241,8,0.002,20,drift,0.5,200,25,False,256,770,2915,,3.7857
bcsstk25,15439,252241,8,0.002,20,drift,0.5,200,50,False,256,790,2957,,3.743
bcsstk25,15439,252241,8,0.002,20,drift,0.5,200,75,False,256,870,3364,,3.8667
bcsstk25,15439,252241,8,0.002,20,drift,0.5,200,100,False,256,886,3462,,3.9074
bcsstk25,15439,252241,8,0.002,20,drift,0.5,200,125,False,256,949,3777,,3.98
bcsstk25,15439,252241,8,0.002,20,drift,0.5,200,150,False,256,1012,3793,,3.748
bcsstk25,15439,252241,8,0.002,20,drift,0.5,200,175,False,256,1007,3868,,3.8411
bcsstk25,15439,252241,8,0.002,20,drift,0.5,200,199,True,256,986,3860,986,3.9148
bcsstk25,15439,252241,8,0.002,21,drift,0.5,200,0,False,256,1192,3990,,3.3473
bcsstk25,15439,252241,8,0.002,21,drift,0.5,200,25,False,256,1222,4273,,3.4967
bcsstk25,15439,252241,8,0.002,21,drift,0.5,200,50,False,256,1250,4459,,3.5672
bcsstk25,15439,252241,8,0.002,21,drift,0.5,200,75,False,256,1299,4569,,3.5173
bcsstk25,15439,252241,8,0.002,21,drift,0.5,200,100,False,256,1276,4496,,3.5235
bcsstk25,15439,252241,8,0.002,21,drift,0.5,200,125,False,256,1301,4670,,3.5895
bcsstk25,15439,252241,8,0.002,21,drift,0.5,200,150,False,256,1289,4545,,3.526
bcsstk25,15439,252241,8,0.002,21,drift,0.5,200,175,False,256,1408,4728,,3.358
bcsstk25,15439,252241,8,0.002,21,drift,0.5,200,199,True,256,1464,4956,1464,3.3852
bcsstk25,15439,252241,8,0.01,17,drift,0.5,200,0,False,256,978,3233,,3.3057
bcsstk25,15439,252241,8,0.01,17,drift,0.5,200,25,False,256,1051,3608,,3.4329
bcsstk25,15439,252241,8,0.01,17,drift,0.5,200,50,False,256,1068,3653,,3.4204
bcsstk25,15439,252241,8,0.01,17,drift,0.5,200,75,False,256,1127,3823,,3.3922
bcsstk25,15439,252241,8,0.01,17,drift,0.5,200,100,False,256,1138,3827,,3.3629
bcsstk25,15439,252241,8,0.01,17,drift,0.5,200,125,False,256,1177,3997,,3.3959
bcsstk25,15439,252241,8,0.01,17,drift,0.5,200,150,False,256,1295,4462,,3.4456
bcsstk25,15439,252241,8,0.01,17,drift,0.5,200,175,False,256,1336,4553,,3.4079
bcsstk25,15439,252241,8,0.01,17,drift,0.5,200,199,True,256,1479,5187,1479,3.5071
bcsstk25,15439,252241,8,0.01,18,drift,0.5,200,0,False,256,729,2770,,3.7997
bcsstk25,15439,252241,8,0.01,18,drift,0.5,200,25,False,256,842,3427,,4.0701
bcsstk25,15439,252241,8,0.01,18,drift,0.5,200,50,False,256,914,3522,,3.8534
bcsstk25,15439,252241,8,0.01,18,drift,0.5,200,75,False,256,878,3444,,3.9226
bcsstk25,15439,252241,8,0.01,18,drift,0.5,200,100,False,256,905,3868,,4.274
bcsstk25,15439,252241,8,0.01,18,drift,0.5,200,125,False,256,996,3911,,3.9267
bcsstk25,15439,252241,8,0.01,18,drift,0.5,200,150,False,256,1052,4072,,3.8707
bcsstk25,15439,252241,8,0.01,18,drift,0.5,200,175,False,256,1171,4382,,3.7421
bcsstk25,15439,252241,8,0.01,18,drift,0.5,200,199,True,256,1227,4390,1227,3.5778
bcsstk25,15439,252241,8,0.01,19,drift,0.5,200,0,False,256,1204,4521,,3.755
bcsstk25,15439,252241,8,0.01,19,drift,0.5,200,25,False,256,1333,5377,,4.0338
bcsstk25,15439,252241,8,0.01,19,drift,0.5,200,50,False,256,1423,5628,,3.955
bcsstk25,15439,252241,8,0.01,19,drift,0.5,200,75,False,256,1401,5522,,3.9415
bcsstk25,15439,252241,8,0.01,19,drift,0.5,200,100,False,256,1378,5519,,4.0051
bcsstk25,15439,252241,8,0.01,19,drift,0.5,200,125,False,256,1472,5653,,3.8404
bcsstk25,15439,252241,8,0.01,19,drift,0.5,200,150,False,256,1546,5913,,3.8247
bcsstk25,15439,252241,8,0.01,19,drift,0.5,200,175,False,256,1579,5861,,3.7118
bcsstk25,15439,252241,8,0.01,19,drift,0.5,200,199,True,256,1676,6177,1676,3.6856
bcsstk25,15439,252241,8,0.01,20,drift,0.5,200,0,False,256,742,2632,,3.5472
bcsstk25,15439,252241,8,0.01,20,drift,0.5,200,25,False,256,866,3271,,3.7771
bcsstk25,15439,252241,8,0.01,20,drift,0.5,200,50,False,256,906,3579,,3.9503
bcsstk25,15439,252241,8,0.01,20,drift,0.5,200,75,False,256,878,3515,,4.0034
bcsstk25,15439,252241,8,0.01,20,drift,0.5,200,100,False,256,925,3760,,4.0649
bcsstk25,15439,252241,8,0.01,20,drift,0.5,200,125,False,256,918,3677,,4.0054
bcsstk25,15439,252241,8,0.01,20,drift,0.5,200,150,False,256,908,3794,,4.1784
bcsstk25,15439,252241,8,0.01,20,drift,0.5,200,175,False,256,1060,4182,,3.9453
bcsstk25,15439,252241,8,0.01,20,drift,0.5,200,199,True,256,1012,4033,1012,3.9852
bcsstk25,15439,252241,8,0.01,21,drift,0.5,200,0,False,256,1192,3990,,3.3473
bcsstk25,15439,252241,8,0.01,21,drift,0.5,200,25,False,256,1407,4821,,3.4264
bcsstk25,15439,252241,8,0.01,21,drift,0.5,200,50,False,256,1498,4888,,3.263
bcsstk25,15439,252241,8,0.01,21,drift,0.5,200,75,False,256,1606,5391,,3.3568
bcsstk25,15439,252241,8,0.01,21,drift,0.5,200,100,False,256,1716,5451,,3.1766
bcsstk25,15439,252241,8,0.01,21,drift,0.5,200,125,False,256,1768,5815,,3.289
bcsstk25,15439,252241,8,0.01,21,drift,0.5,200,150,False,256,1740,5969,,3.4305
bcsstk25,15439,252241,8,0.01,21,drift,0.5,200,175,False,256,1734,5835,,3.3651
bcsstk25,15439,252241,8,0.01,21,drift,0.5,200,199,True,256,1744,5525,1744,3.168
bcsstk25,15439,252241,8,0.05,17,drift,0.5,200,0,False,256,978,3233,,3.3057
bcsstk25,15439,252241,8,0.05,17,drift,0.5,200,25,False,256,1409,4823,,3.423
bcsstk25,15439,252241,8,0.05,17,drift,0.5,200,50,False,256,1488,5056,,3.3978
bcsstk25,15439,252241,8,0.05,17,drift,0.5,200,75,False,256,1478,5074,,3.433
bcsstk25,15439,252241,8,0.05,17,drift,0.5,200,100,False,256,1566,5718,,3.6513
bcsstk25,15439,252241,8,0.05,17,drift,0.5,200,125,False,256,1789,5734,,3.2051
bcsstk25,15439,252241,8,0.05,17,drift,0.5,200,150,False,256,1750,6128,,3.5017
bcsstk25,15439,252241,8,0.05,17,drift,0.5,200,175,False,256,1947,6455,,3.3154
bcsstk25,15439,252241,8,0.05,17,drift,0.5,200,199,True,256,1725,5617,1725,3.2562
bcsstk25,15439,252241,8,0.05,18,drift,0.5,200,0,False,256,729,2770,,3.7997
bcsstk25,15439,252241,8,0.05,18,drift,0.5,200,25,False,256,954,3663,,3.8396
bcsstk25,15439,252241,8,0.05,18,drift,0.5,200,50,False,256,1028,4317,,4.1994
bcsstk25,15439,252241,8,0.05,18,drift,0.5,200,75,False,256,1133,4706,,4.1536
bcsstk25,15439,252241,8,0.05,18,drift,0.5,200,100,False,256,1078,4588,,4.256
bcsstk25,15439,252241,8,0.05,18,drift,0.5,200,125,False,256,1281,4944,,3.8595
bcsstk25,15439,252241,8,0.05,18,drift,0.5,200,150,False,256,1374,5440,,3.9592
bcsstk25,15439,252241,8,0.05,18,drift,0.5,200,175,False,256,1414,5243,,3.7079
bcsstk25,15439,252241,8,0.05,18,drift,0.5,200,199,True,256,1408,4999,1408,3.5504
bcsstk25,15439,252241,8,0.05,19,drift,0.5,200,0,False,256,1204,4521,,3.755
bcsstk25,15439,252241,8,0.05,19,drift,0.5,200,25,False,256,1278,5260,,4.1158
bcsstk25,15439,252241,8,0.05,19,drift,0.5,200,50,False,256,1374,5496,,4.0
bcsstk25,15439,252241,8,0.05,19,drift,0.5,200,75,False,256,1516,5866,,3.8694
bcsstk25,15439,252241,8,0.05,19,drift,0.5,200,100,False,256,1516,5786,,3.8166
bcsstk25,15439,252241,8,0.05,19,drift,0.5,200,125,False,256,1531,5669,,3.7028
bcsstk25,15439,252241,8,0.05,19,drift,0.5,200,150,False,256,1712,5849,,3.4165
bcsstk25,15439,252241,8,0.05,19,drift,0.5,200,175,False,256,1737,6044,,3.4796
bcsstk25,15439,252241,8,0.05,19,drift,0.5,200,199,True,256,1811,6481,1811,3.5787
bcsstk25,15439,252241,8,0.05,20,drift,0.5,200,0,False,256,742,2632,,3.5472
bcsstk25,15439,252241,8,0.05,20,drift,0.5,200,25,False,256,939,3887,,4.1395
bcsstk25,15439,252241,8,0.05,20,drift,0.5,200,50,False,256,1106,4587,,4.1474
bcsstk25,15439,252241,8,0.05,20,drift,0.5,200,75,False,256,1120,4305,,3.8438
bcsstk25,15439,252241,8,0.05,20,drift,0.5,200,100,False,256,1101,4308,,3.9128
bcsstk25,15439,252241,8,0.05,20,drift,0.5,200,125,False,256,1169,4589,,3.9256
bcsstk25,15439,252241,8,0.05,20,drift,0.5,200,150,False,256,1467,5406,,3.6851
bcsstk25,15439,252241,8,0.05,20,drift,0.5,200,175,False,256,1500,5355,,3.57
bcsstk25,15439,252241,8,0.05,20,drift,0.5,200,199,True,256,1745,5920,1745,3.3926
bcsstk25,15439,252241,8,0.05,21,drift,0.5,200,0,False,256,1192,3990,,3.3473
bcsstk25,15439,252241,8,0.05,21,drift,0.5,200,25,False,256,1459,5039,,3.4537
bcsstk25,15439,252241,8,0.05,21,drift,0.5,200,50,False,256,1466,5396,,3.6808
bcsstk25,15439,252241,8,0.05,21,drift,0.5,200,75,False,256,1654,5561,,3.3622
bcsstk25,15439,252241,8,0.05,21,drift,0.5,200,100,False,256,1951,6202,,3.1789
bcsstk25,15439,252241,8,0.05,21,drift,0.5,200,125,False,256,1877,5887,,3.1364
bcsstk25,15439,252241,8,0.05,21,drift,0.5,200,150,False,256,1745,5819,,3.3347
bcsstk25,15439,252241,8,0.05,21,drift,0.5,200,175,False,256,1918,6220,,3.243
bcsstk25,15439,252241,8,0.05,21,drift,0.5,200,199,True,256,1850,5960,1850,3.2216
bcsstk25,15439,252241,8,0.25,17,drift,0.5,200,0,False,256,978,3233,,3.3057
bcsstk25,15439,252241,8,0.25,17,drift,0.5,200,25,False,256,1853,5920,,3.1948
bcsstk25,15439,252241,8,0.25,17,drift,0.5,200,50,False,256,2221,6450,,2.9041
bcsstk25,15439,252241,8,0.25,17,drift,0.5,200,75,False,256,1930,5689,,2.9477
bcsstk25,15439,252241,8,0.25,17,drift,0.5,200,100,False,256,1965,5294,,2.6941
bcsstk25,15439,252241,8,0.25,17,drift,0.5,200,125,False,256,1692,4956,,2.9291
bcsstk25,15439,252241,8,0.25,17,drift,0.5,200,150,False,256,2372,5974,,2.5185
bcsstk25,15439,252241,8,0.25,17,drift,0.5,200,175,False,256,2092,5818,,2.7811
bcsstk25,15439,252241,8,0.25,17,drift,0.5,200,199,True,256,2315,6224,2315,2.6886
bcsstk25,15439,252241,8,0.25,18,drift,0.5,200,0,False,256,729,2770,,3.7997
bcsstk25,15439,252241,8,0.25,18,drift,0.5,200,25,False,256,1190,4367,,3.6697
bcsstk25,15439,252241,8,0.25,18,drift,0.5,200,50,False,256,1430,5024,,3.5133
bcsstk25,15439,252241,8,0.25,18,drift,0.5,200,75,False,256,1717,5640,,3.2848
bcsstk25,15439,252241,8,0.25,18,drift,0.5,200,100,False,256,1893,5823,,3.0761
bcsstk25,15439,252241,8,0.25,18,drift,0.5,200,125,False,256,1725,5143,,2.9814
bcsstk25,15439,252241,8,0.25,18,drift,0.5,200,150,False,256,1483,5102,,3.4403
bcsstk25,15439,252241,8,0.25,18,drift,0.5,200,175,False,256,1290,4781,,3.7062
bcsstk25,15439,252241,8,0.25,18,drift,0.5,200,199,True,256,1217,4721,1217,3.8792
bcsstk25,15439,252241,8,0.25,19,drift,0.5,200,0,False,256,1204,4521,,3.755
bcsstk25,15439,252241,8,0.25,19,drift,0.5,200,25,False,256,1521,4846,,3.1861
bcsstk25,15439,252241,8,0.25,19,drift,0.5,200,50,False,256,1916,6254,,3.2641
bcsstk25,15439,252241,8,0.25,19,drift,0.5,200,75,False,256,1711,5360,,3.1327
bcsstk25,15439,252241,8,0.25,19,drift,0.5,200,100,False,256,1753,5341,,3.0468
bcsstk25,15439,252241,8,0.25,19,drift,0.5,200,125,False,256,1422,5361,,3.77
bcsstk25,15439,252241,8,0.25,19,drift,0.5,200,150,False,256,1383,5237,,3.7867
bcsstk25,15439,252241,8,0.25,19,drift,0.5,200,175,False,256,1829,5448,,2.9787
bcsstk25,15439,252241,8,0.25,19,drift,0.5,200,199,True,256,1329,4861,1329,3.6576
bcsstk25,15439,252241,8,0.25,20,drift,0.5,200,0,False,256,742,2632,,3.5472
bcsstk25,15439,252241,8,0.25,20,drift,0.5,200,25,False,256,1445,4949,,3.4249
bcsstk25,15439,252241,8,0.25,20,drift,0.5,200,50,False,256,1565,5152,,3.292
bcsstk25,15439,252241,8,0.25,20,drift,0.5,200,75,False,256,1729,5326,,3.0804
bcsstk25,15439,252241,8,0.25,20,drift,0.5,200,100,False,256,1347,4779,,3.5479
bcsstk25,15439,252241,8,0.25,20,drift,0.5,200,125,False,256,1415,5010,,3.5406
bcsstk25,15439,252241,8,0.25,20,drift,0.5,200,150,False,256,1535,5241,,3.4143
bcsstk25,15439,252241,8,0.25,20,drift,0.5,200,175,False,256,1740,5712,,3.2828
bcsstk25,15439,252241,8,0.25,20,drift,0.5,200,199,True,256,1676,5449,1676,3.2512
bcsstk25,15439,252241,8,0.25,21,drift,0.5,200,0,False,256,1192,3990,,3.3473
bcsstk25,15439,252241,8,0.25,21,drift,0.5,200,25,False,256,1502,5367,,3.5732
bcsstk25,15439,252241,8,0.25,21,drift,0.5,200,50,False,256,1545,5262,,3.4058
bcsstk25,15439,252241,8,0.25,21,drift,0.5,200,75,False,256,2010,6028,,2.999
bcsstk25,15439,252241,8,0.25,21,drift,0.5,200,100,False,256,2120,5799,,2.7354
bcsstk25,15439,252241,8,0.25,21,drift,0.5,200,125,False,256,2074,5475,,2.6398
bcsstk25,15439,252241,8,0.25,21,drift,0.5,200,150,False,256,2092,5723,,2.7357
bcsstk25,15439,252241,8,0.25,21,drift,0.5,200,175,False,256,2054,5703,,2.7765
bcsstk25,15439,252241,8,0.25,21,drift,0.5,200,199,True,256,2219,5786,2219,2.6075
bcsstk25,15439,252241,8,0.0,17,jump,0.5,200,0,False,256,978,3233,,3.3057
bcsstk25,15439,252241,8,0.0,17,jump,0.5,200,25,False,256,978,3233,,3.3057
bcsstk25,15439,252241,8,0.0,17,jump,0.5,200,50,False,256,978,3233,,3.3057
bcsstk25,15439,252241,8,0.0,17,jump,0.5,200,75,False,256,978,3233,,3.3057
bcsstk25,15439,252241,8,0.0,17,jump,0.5,200,100,False,256,978,3233,,3.3057
bcsstk25,15439,252241,8,0.0,17,jump,0.5,200,125,False,256,978,3233,,3.3057
bcsstk25,15439,252241,8,0.0,17,jump,0.5,200,150,False,256,978,3233,,3.3057
bcsstk25,15439,252241,8,0.0,17,jump,0.5,200,175,False,256,978,3233,,3.3057
bcsstk25,15439,252241,8,0.0,17,jump,0.5,200,199,True,256,978,3233,978,3.3057
bcsstk25,15439,252241,8,0.0,18,jump,0.5,200,0,False,256,729,2770,,3.7997
bcsstk25,15439,252241,8,0.0,18,jump,0.5,200,25,False,256,729,2770,,3.7997
bcsstk25,15439,252241,8,0.0,18,jump,0.5,200,50,False,256,729,2770,,3.7997
bcsstk25,15439,252241,8,0.0,18,jump,0.5,200,75,False,256,729,2770,,3.7997
bcsstk25,15439,252241,8,0.0,18,jump,0.5,200,100,False,256,729,2770,,3.7997
bcsstk25,15439,252241,8,0.0,18,jump,0.5,200,125,False,256,729,2770,,3.7997
bcsstk25,15439,252241,8,0.0,18,jump,0.5,200,150,False,256,729,2770,,3.7997
bcsstk25,15439,252241,8,0.0,18,jump,0.5,200,175,False,256,729,2770,,3.7997
bcsstk25,15439,252241,8,0.0,18,jump,0.5,200,199,True,256,729,2770,729,3.7997
bcsstk25,15439,252241,8,0.0,19,jump,0.5,200,0,False,256,1204,4521,,3.755
bcsstk25,15439,252241,8,0.0,19,jump,0.5,200,25,False,256,1204,4521,,3.755
bcsstk25,15439,252241,8,0.0,19,jump,0.5,200,50,False,256,1204,4521,,3.755
bcsstk25,15439,252241,8,0.0,19,jump,0.5,200,75,False,256,1204,4521,,3.755
bcsstk25,15439,252241,8,0.0,19,jump,0.5,200,100,False,256,1204,4521,,3.755
bcsstk25,15439,252241,8,0.0,19,jump,0.5,200,125,False,256,1204,4521,,3.755
bcsstk25,15439,252241,8,0.0,19,jump,0.5,200,150,False,256,1204,4521,,3.755
bcsstk25,15439,252241,8,0.0,19,jump,0.5,200,175,False,256,1204,4521,,3.755
bcsstk25,15439,252241,8,0.0,19,jump,0.5,200,199,True,256,1204,4521,1204,3.755
bcsstk25,15439,252241,8,0.0,20,jump,0.5,200,0,False,256,742,2632,,3.5472
bcsstk25,15439,252241,8,0.0,20,jump,0.5,200,25,False,256,742,2632,,3.5472
bcsstk25,15439,252241,8,0.0,20,jump,0.5,200,50,False,256,742,2632,,3.5472
bcsstk25,15439,252241,8,0.0,20,jump,0.5,200,75,False,256,742,2632,,3.5472
bcsstk25,15439,252241,8,0.0,20,jump,0.5,200,100,False,256,742,2632,,3.5472
bcsstk25,15439,252241,8,0.0,20,jump,0.5,200,125,False,256,742,2632,,3.5472
bcsstk25,15439,252241,8,0.0,20,jump,0.5,200,150,False,256,742,2632,,3.5472
bcsstk25,15439,252241,8,0.0,20,jump,0.5,200,175,False,256,742,2632,,3.5472
bcsstk25,15439,252241,8,0.0,20,jump,0.5,200,199,True,256,742,2632,742,3.5472
bcsstk25,15439,252241,8,0.0,21,jump,0.5,200,0,False,256,1192,3990,,3.3473
bcsstk25,15439,252241,8,0.0,21,jump,0.5,200,25,False,256,1192,3990,,3.3473
bcsstk25,15439,252241,8,0.0,21,jump,0.5,200,50,False,256,1192,3990,,3.3473
bcsstk25,15439,252241,8,0.0,21,jump,0.5,200,75,False,256,1192,3990,,3.3473
bcsstk25,15439,252241,8,0.0,21,jump,0.5,200,100,False,256,1192,3990,,3.3473
bcsstk25,15439,252241,8,0.0,21,jump,0.5,200,125,False,256,1192,3990,,3.3473
bcsstk25,15439,252241,8,0.0,21,jump,0.5,200,150,False,256,1192,3990,,3.3473
bcsstk25,15439,252241,8,0.0,21,jump,0.5,200,175,False,256,1192,3990,,3.3473
bcsstk25,15439,252241,8,0.0,21,jump,0.5,200,199,True,256,1192,3990,1192,3.3473
bcsstk25,15439,252241,8,0.002,17,jump,0.5,200,0,False,256,978,3233,,3.3057
bcsstk25,15439,252241,8,0.002,17,jump,0.5,200,25,False,256,2292,4579,,1.9978
bcsstk25,15439,252241,8,0.002,17,jump,0.5,200,50,False,256,3135,5506,,1.7563
bcsstk25,15439,252241,8,0.002,17,jump,0.5,200,75,False,256,4016,6598,,1.6429
bcsstk25,15439,252241,8,0.002,17,jump,0.5,200,100,False,256,4868,7754,,1.5929
bcsstk25,15439,252241,8,0.002,17,jump,0.5,200,125,False,256,5564,8719,,1.567
bcsstk25,15439,252241,8,0.002,17,jump,0.5,200,150,False,256,6086,9396,,1.5439
bcsstk25,15439,252241,8,0.002,17,jump,0.5,200,175,False,256,6438,10115,,1.5711
bcsstk25,15439,252241,8,0.002,17,jump,0.5,200,199,True,256,6803,10621,6803,1.5612
bcsstk25,15439,252241,8,0.002,18,jump,0.5,200,0,False,256,729,2770,,3.7997
bcsstk25,15439,252241,8,0.002,18,jump,0.5,200,25,False,256,1976,4070,,2.0597
bcsstk25,15439,252241,8,0.002,18,jump,0.5,200,50,False,256,2847,5005,,1.758
bcsstk25,15439,252241,8,0.002,18,jump,0.5,200,75,False,256,3724,6012,,1.6144
bcsstk25,15439,252241,8,0.002,18,jump,0.5,200,100,False,256,4545,7145,,1.5721
bcsstk25,15439,252241,8,0.002,18,jump,0.5,200,125,False,256,5189,8053,,1.5519
bcsstk25,15439,252241,8,0.002,18,jump,0.5,200,150,False,256,5690,8748,,1.5374
bcsstk25,15439,252241,8,0.002,18,jump,0.5,200,175,False,256,5995,9121,,1.5214
bcsstk25,15439,252241,8,0.002,18,jump,0.5,200,199,True,256,6379,9851,6379,1.5443
bcsstk25,15439,252241,8,0.002,19,jump,0.5,200,0,False,256,1204,4521,,3.755
bcsstk25,15439,252241,8,0.002,19,jump,0.5,200,25,False,256,2235,5603,,2.5069
bcsstk25,15439,252241,8,0.002,19,jump,0.5,200,50,False,256,3205,6586,,2.0549
bcsstk25,15439,252241,8,0.002,19,jump,0.5,200,75,False,256,4195,7557,,1.8014
bcsstk25,15439,252241,8,0.002,19,jump,0.5,200,100,False,256,4888,8454,,1.7295
bcsstk25,15439,252241,8,0.002,19,jump,0.5,200,125,False,256,5378,8801,,1.6365
bcsstk25,15439,252241,8,0.002,19,jump,0.5,200,150,False,256,5506,9008,,1.636
bcsstk25,15439,252241,8,0.002,19,jump,0.5,200,175,False,256,6069,9742,,1.6052
bcsstk25,15439,252241,8,0.002,19,jump,0.5,200,199,True,256,6309,10037,6309,1.5909
bcsstk25,15439,252241,8,0.002,20,jump,0.5,200,0,False,256,742,2632,,3.5472
bcsstk25,15439,252241,8,0.002,20,jump,0.5,200,25,False,256,1980,3947,,1.9934
bcsstk25,15439,252241,8,0.002,20,jump,0.5,200,50,False,256,3013,5045,,1.6744
bcsstk25,15439,252241,8,0.002,20,jump,0.5,200,75,False,256,3875,6123,,1.5801
bcsstk25,15439,252241,8,0.002,20,jump,0.5,200,100,False,256,4574,7007,,1.5319
bcsstk25,15439,252241,8,0.002,20,jump,0.5,200,125,False,256,5168,7864,,1.5217
bcsstk25,15439,252241,8,0.002,20,jump,0.5,200,150,False,256,5687,8622,,1.5161
bcsstk25,15439,252241,8,0.002,20,jump,0.5,200,175,False,256,6210,9354,,1.5063
bcsstk25,15439,252241,8,0.002,20,jump,0.5,200,199,True,256,6507,9805,6507,1.5068
bcsstk25,15439,252241,8,0.002,21,jump,0.5,200,0,False,256,1192,3990,,3.3473
bcsstk25,15439,252241,8,0.002,21,jump,0.5,200,25,False,256,2361,5185,,2.1961
bcsstk25,15439,252241,8,0.002,21,jump,0.5,200,50,False,256,3397,6300,,1.8546
bcsstk25,15439,252241,8,0.002,21,jump,0.5,200,75,False,256,4207,7351,,1.7473
bcsstk25,15439,252241,8,0.002,21,jump,0.5,200,100,False,256,4939,8218,,1.6639
bcsstk25,15439,252241,8,0.002,21,jump,0.5,200,125,False,256,5475,8893,,1.6243
bcsstk25,15439,252241,8,0.002,21,jump,0.5,200,150,False,256,5764,9330,,1.6187
bcsstk25,15439,252241,8,0.002,21,jump,0.5,200,175,False,256,6076,9864,,1.6234
bcsstk25,15439,252241,8,0.002,21,jump,0.5,200,199,True,256,6242,10318,6242,1.653
bcsstk25,15439,252241,8,0.01,17,jump,0.5,200,0,False,256,978,3233,,3.3057
bcsstk25,15439,252241,8,0.01,17,jump,0.5,200,25,False,256,3887,6502,,1.6728
bcsstk25,15439,252241,8,0.01,17,jump,0.5,200,50,False,256,5822,8805,,1.5124
bcsstk25,15439,252241,8,0.01,17,jump,0.5,200,75,False,256,7151,10663,,1.4911
bcsstk25,15439,252241,8,0.01,17,jump,0.5,200,100,False,256,7637,11738,,1.537
bcsstk25,15439,252241,8,0.01,17,jump,0.5,200,125,False,256,8173,12162,,1.4881
bcsstk25,15439,252241,8,0.01,17,jump,0.5,200,150,False,256,8429,12628,,1.4982
bcsstk25,15439,252241,8,0.01,17,jump,0.5,200,175,False,256,8185,12356,,1.5096
bcsstk25,15439,252241,8,0.01,17,jump,0.5,200,199,True,256,8431,12805,8431,1.5188
bcsstk25,15439,252241,8,0.01,18,jump,0.5,200,0,False,256,729,2770,,3.7997
bcsstk25,15439,252241,8,0.01,18,jump,0.5,200,25,False,256,3853,6213,,1.6125
bcsstk25,15439,252241,8,0.01,18,jump,0.5,200,50,False,256,5835,9013,,1.5446
bcsstk25,15439,252241,8,0.01,18,jump,0.5,200,75,False,256,7030,10495,,1.4929
bcsstk25,15439,252241,8,0.01,18,jump,0.5,200,100,False,256,7908,11697,,1.4791
bcsstk25,15439,252241,8,0.01,18,jump,0.5,200,125,False,256,8286,12253,,1.4788
bcsstk25,15439,252241,8,0.01,18,jump,0.5,200,150,False,256,8260,12643,,1.5306
bcsstk25,15439,252241,8,0.01,18,jump,0.5,200,175,False,256,8700,13209,,1.5183
bcsstk25,15439,252241,8,0.01,18,jump,0.5,200,199,True,256,8875,13430,8875,1.5132
bcsstk25,15439,252241,8,0.01,19,jump,0.5,200,0,False,256,1204,4521,,3.755
bcsstk25,15439,252241,8,0.01,19,jump,0.5,200,25,False,256,3959,7369,,1.8613
bcsstk25,15439,252241,8,0.01,19,jump,0.5,200,50,False,256,5571,9371,,1.6821
bcsstk25,15439,252241,8,0.01,19,jump,0.5,200,75,False,256,6678,10990,,1.6457
bcsstk25,15439,252241,8,0.01,19,jump,0.5,200,100,False,256,7170,11463,,1.5987
bcsstk25,15439,252241,8,0.01,19,jump,0.5,200,125,False,256,7701,12229,,1.588
bcsstk25,15439,252241,8,0.01,19,jump,0.5,200,150,False,256,8181,12648,,1.546
bcsstk25,15439,252241,8,0.01,19,jump,0.5,200,175,False,256,8401,12901,,1.5357
bcsstk25,15439,252241,8,0.01,19,jump,0.5,200,199,True,256,8625,13006,8625,1.5079
bcsstk25,15439,252241,8,0.01,20,jump,0.5,200,0,False,256,742,2632,,3.5472
bcsstk25,15439,252241,8,0.01,20,jump,0.5,200,25,False,256,3513,5876,,1.6726
bcsstk25,15439,252241,8,0.01,20,jump,0.5,200,50,False,256,5286,8435,,1.5957
bcsstk25,15439,252241,8,0.01,20,jump,0.5,200,75,False,256,6585,9997,,1.5181
bcsstk25,15439,252241,8,0.01,20,jump,0.5,200,100,False,256,7103,10769,,1.5161
bcsstk25,15439,252241,8,0.01,20,jump,0.5,200,125,False,256,7772,11783,,1.5161
bcsstk25,15439,252241,8,0.01,20,jump,0.5,200,150,False,256,8122,12319,,1.5167
bcsstk25,15439,252241,8,0.01,20,jump,0.5,200,175,False,256,8511,12698,,1.492
bcsstk25,15439,252241,8,0.01,20,jump,0.5,200,199,True,256,8530,12718,8530,1.491
bcsstk25,15439,252241,8,0.01,21,jump,0.5,200,0,False,256,1192,3990,,3.3473
bcsstk25,15439,252241,8,0.01,21,jump,0.5,200,25,False,256,4184,7319,,1.7493
bcsstk25,15439,252241,8,0.01,21,jump,0.5,200,50,False,256,5814,9459,,1.6269
bcsstk25,15439,252241,8,0.01,21,jump,0.5,200,75,False,256,6547,10501,,1.6039
bcsstk25,15439,252241,8,0.01,21,jump,0.5,200,100,False,256,7338,11544,,1.5732
bcsstk25,15439,252241,8,0.01,21,jump,0.5,200,125,False,256,7918,12285,,1.5515
bcsstk25,15439,252241,8,0.01,21,jump,0.5,200,150,False,256,8391,12683,,1.5115
bcsstk25,15439,252241,8,0.01,21,jump,0.5,200,175,False,256,8726,13052,,1.4958
bcsstk25,15439,252241,8,0.01,21,jump,0.5,200,199,True,256,8822,13119,8822,1.4871
bcsstk25,15439,252241,8,0.05,17,jump,0.5,200,0,False,256,978,3233,,3.3057
bcsstk25,15439,252241,8,0.05,17,jump,0.5,200,25,False,256,7914,12048,,1.5224
bcsstk25,15439,252241,8,0.05,17,jump,0.5,200,50,False,256,9202,13310,,1.4464
bcsstk25,15439,252241,8,0.05,17,jump,0.5,200,75,False,256,8962,13261,,1.4797
bcsstk25,15439,252241,8,0.05,17,jump,0.5,200,100,False,256,9085,13241,,1.4575
bcsstk25,15439,252241,8,0.05,17,jump,0.5,200,125,False,256,9178,13300,,1.4491
bcsstk25,15439,252241,8,0.05,17,jump,0.5,200,150,False,256,9153,13295,,1.4525
bcsstk25,15439,252241,8,0.05,17,jump,0.5,200,175,False,256,8967,13491,,1.5045
bcsstk25,15439,252241,8,0.05,17,jump,0.5,200,199,True,256,9164,13305,9164,1.4519
bcsstk25,15439,252241,8,0.05,18,jump,0.5,200,0,False,256,729,2770,,3.7997
bcsstk25,15439,252241,8,0.05,18,jump,0.5,200,25,False,256,8031,11700,,1.4569
bcsstk25,15439,252241,8,0.05,18,jump,0.5,200,50,False,256,8491,12907,,1.5201
bcsstk25,15439,252241,8,0.05,18,jump,0.5,200,75,False,256,9270,13276,,1.4321
bcsstk25,15439,252241,8,0.05,18,jump,0.5,200,100,False,256,9260,13405,,1.4476
bcsstk25,15439,252241,8,0.05,18,jump,0.5,200,125,False,256,9127,13337,,1.4613
bcsstk25,15439,252241,8,0.05,18,jump,0.5,200,150,False,256,8991,13330,,1.4826
bcsstk25,15439,252241,8,0.05,18,jump,0.5,200,175,False,256,9252,13365,,1.4446
bcsstk25,15439,252241,8,0.05,18,jump,0.5,200,199,True,256,9102,13165,9102,1.4464
bcsstk25,15439,252241,8,0.05,19,jump,0.5,200,0,False,256,1204,4521,,3.755
bcsstk25,15439,252241,8,0.05,19,jump,0.5,200,25,False,256,7972,11877,,1.4898
bcsstk25,15439,252241,8,0.05,19,jump,0.5,200,50,False,256,8934,12950,,1.4495
bcsstk25,15439,252241,8,0.05,19,jump,0.5,200,75,False,256,9194,13277,,1.4441
bcsstk25,15439,252241,8,0.05,19,jump,0.5,200,100,False,256,9098,13386,,1.4713
bcsstk25,15439,252241,8,0.05,19,jump,0.5,200,125,False,256,9272,13297,,1.4341
bcsstk25,15439,252241,8,0.05,19,jump,0.5,200,150,False,256,9283,12975,,1.3977
bcsstk25,15439,252241,8,0.05,19,jump,0.5,200,175,False,256,8998,13282,,1.4761
bcsstk25,15439,252241,8,0.05,19,jump,0.5,200,199,True,256,9144,13085,9144,1.431
bcsstk25,15439,252241,8,0.05,20,jump,0.5,200,0,False,256,742,2632,,3.5472
bcsstk25,15439,252241,8,0.05,20,jump,0.5,200,25,False,256,7774,11899,,1.5306
bcsstk25,15439,252241,8,0.05,20,jump,0.5,200,50,False,256,8791,13062,,1.4858
bcsstk25,15439,252241,8,0.05,20,jump,0.5,200,75,False,256,9529,13577,,1.4248
bcsstk25,15439,252241,8,0.05,20,jump,0.5,200,100,False,256,9061,12933,,1.4273
bcsstk25,15439,252241,8,0.05,20,jump,0.5,200,125,False,256,9185,13110,,1.4273
bcsstk25,15439,252241,8,0.05,20,jump,0.5,200,150,False,256,9328,13369,,1.4332
bcsstk25,15439,252241,8,0.05,20,jump,0.5,200,175,False,256,8903,12484,,1.4022
bcsstk25,15439,252241,8,0.05,20,jump,0.5,200,199,True,256,9193,13399,9193,1.4575
bcsstk25,15439,252241,8,0.05,21,jump,0.5,200,0,False,256,1192,3990,,3.3473
bcsstk25,15439,252241,8,0.05,21,jump,0.5,200,25,False,256,7939,12106,,1.5249
bcsstk25,15439,252241,8,0.05,21,jump,0.5,200,50,False,256,8821,13115,,1.4868
bcsstk25,15439,252241,8,0.05,21,jump,0.5,200,75,False,256,8813,13084,,1.4846
bcsstk25,15439,252241,8,0.05,21,jump,0.5,200,100,False,256,8853,13103,,1.4801
bcsstk25,15439,252241,8,0.05,21,jump,0.5,200,125,False,256,9067,13274,,1.464
bcsstk25,15439,252241,8,0.05,21,jump,0.5,200,150,False,256,9297,13280,,1.4284
bcsstk25,15439,252241,8,0.05,21,jump,0.5,200,175,False,256,9055,13076,,1.4441
bcsstk25,15439,252241,8,0.05,21,jump,0.5,200,199,True,256,9046,13209,9046,1.4602
bcsstk25,15439,252241,8,0.25,17,jump,0.5,200,0,False,256,978,3233,,3.3057
bcsstk25,15439,252241,8,0.25,17,jump,0.5,200,25,False,256,8974,13137,,1.4639
bcsstk25,15439,252241,8,0.25,17,jump,0.5,200,50,False,256,8754,12974,,1.4821
bcsstk25,15439,252241,8,0.25,17,jump,0.5,200,75,False,256,9047,13316,,1.4719
bcsstk25,15439,252241,8,0.25,17,jump,0.5,200,100,False,256,8826,13197,,1.4952
bcsstk25,15439,252241,8,0.25,17,jump,0.5,200,125,False,256,8815,13029,,1.478
bcsstk25,15439,252241,8,0.25,17,jump,0.5,200,150,False,256,8805,13009,,1.4775
bcsstk25,15439,252241,8,0.25,17,jump,0.5,200,175,False,256,8868,12953,,1.4606
bcsstk25,15439,252241,8,0.25,17,jump,0.5,200,199,True,256,9085,13343,9085,1.4687
bcsstk25,15439,252241,8,0.25,18,jump,0.5,200,0,False,256,729,2770,,3.7997
bcsstk25,15439,252241,8,0.25,18,jump,0.5,200,25,False,256,9027,12962,,1.4359
bcsstk25,15439,252241,8,0.25,18,jump,0.5,200,50,False,256,8976,13051,,1.454
bcsstk25,15439,252241,8,0.25,18,jump,0.5,200,75,False,256,9106,13187,,1.4482
bcsstk25,15439,252241,8,0.25,18,jump,0.5,200,100,False,256,9021,12963,,1.437
bcsstk25,15439,252241,8,0.25,18,jump,0.5,200,125,False,256,9125,13151,,1.4412
bcsstk25,15439,252241,8,0.25,18,jump,0.5,200,150,False,256,8647,12604,,1.4576
bcsstk25,15439,252241,8,0.25,18,jump,0.5,200,175,False,256,9096,13284,,1.4604
bcsstk25,15439,252241,8,0.25,18,jump,0.5,200,199,True,256,9222,13328,9222,1.4452
bcsstk25,15439,252241,8,0.25,19,jump,0.5,200,0,False,256,1204,4521,,3.755
bcsstk25,15439,252241,8,0.25,19,jump,0.5,200,25,False,256,8960,13407,,1.4963
bcsstk25,15439,252241,8,0.25,19,jump,0.5,200,50,False,256,8649,12776,,1.4772
bcsstk25,15439,252241,8,0.25,19,jump,0.5,200,75,False,256,9046,13314,,1.4718
bcsstk25,15439,252241,8,0.25,19,jump,0.5,200,100,False,256,9167,13472,,1.4696
bcsstk25,15439,252241,8,0.25,19,jump,0.5,200,125,False,256,8988,13193,,1.4678
bcsstk25,15439,252241,8,0.25,19,jump,0.5,200,150,False,256,9116,13042,,1.4307
bcsstk25,15439,252241,8,0.25,19,jump,0.5,200,175,False,256,8972,13220,,1.4735
bcsstk25,15439,252241,8,0.25,19,jump,0.5,200,199,True,256,9198,13188,9198,1.4338
bcsstk25,15439,252241,8,0.25,20,jump,0.5,200,0,False,256,742,2632,,3.5472
bcsstk25,15439,252241,8,0.25,20,jump,0.5,200,25,False,256,8725,13022,,1.4925
bcsstk25,15439,252241,8,0.25,20,jump,0.5,200,50,False,256,8864,13225,,1.492
bcsstk25,15439,252241,8,0.25,20,jump,0.5,200,75,False,256,8837,12820,,1.4507
bcsstk25,15439,252241,8,0.25,20,jump,0.5,200,100,False,256,9008,13482,,1.4967
bcsstk25,15439,252241,8,0.25,20,jump,0.5,200,125,False,256,8801,12580,,1.4294
bcsstk25,15439,252241,8,0.25,20,jump,0.5,200,150,False,256,8971,13086,,1.4587
bcsstk25,15439,252241,8,0.25,20,jump,0.5,200,175,False,256,8947,13057,,1.4594
bcsstk25,15439,252241,8,0.25,20,jump,0.5,200,199,True,256,9019,13162,9019,1.4594
bcsstk25,15439,252241,8,0.25,21,jump,0.5,200,0,False,256,1192,3990,,3.3473
bcsstk25,15439,252241,8,0.25,21,jump,0.5,200,25,False,256,8972,12759,,1.4221
bcsstk25,15439,252241,8,0.25,21,jump,0.5,200,50,False,256,9050,13194,,1.4579
bcsstk25,15439,252241,8,0.25,21,jump,0.5,200,75,False,256,8962,13216,,1.4747
bcsstk25,15439,252241,8,0.25,21,jump,0.5,200,100,False,256,9116,13197,,1.4477
bcsstk25,15439,252241,8,0.25,21,jump,0.5,200,125,False,256,9423,13680,,1.4518
bcsstk25,15439,252241,8,0.25,21,jump,0.5,200,150,False,256,9071,12780,,1.4089
bcsstk25,15439,252241,8,0.25,21,jump,0.5,200,175,False,256,8740,13051,,1.4932
bcsstk25,15439,252241,8,0.25,21,jump,0.5,200,199,True,256,8883,12829,8883,1.4442
msc10848,10848,1229776,8,0.0,17,drift,0.5,200,0,False,256,3609,12327,,3.4156
msc10848,10848,1229776,8,0.0,17,drift,0.5,200,25,False,256,3609,12327,,3.4156
msc10848,10848,1229776,8,0.0,17,drift,0.5,200,50,False,256,3609,12327,,3.4156
msc10848,10848,1229776,8,0.0,17,drift,0.5,200,75,False,256,3609,12327,,3.4156
msc10848,10848,1229776,8,0.0,17,drift,0.5,200,100,False,256,3609,12327,,3.4156
msc10848,10848,1229776,8,0.0,17,drift,0.5,200,125,False,256,3609,12327,,3.4156
msc10848,10848,1229776,8,0.0,17,drift,0.5,200,150,False,256,3609,12327,,3.4156
msc10848,10848,1229776,8,0.0,17,drift,0.5,200,175,False,256,3609,12327,,3.4156
msc10848,10848,1229776,8,0.0,17,drift,0.5,200,199,True,256,3609,12327,3609,3.4156
msc10848,10848,1229776,8,0.0,18,drift,0.5,200,0,False,256,2700,10407,,3.8544
msc10848,10848,1229776,8,0.0,18,drift,0.5,200,25,False,256,2700,10407,,3.8544
msc10848,10848,1229776,8,0.0,18,drift,0.5,200,50,False,256,2700,10407,,3.8544
msc10848,10848,1229776,8,0.0,18,drift,0.5,200,75,False,256,2700,10407,,3.8544
msc10848,10848,1229776,8,0.0,18,drift,0.5,200,100,False,256,2700,10407,,3.8544
msc10848,10848,1229776,8,0.0,18,drift,0.5,200,125,False,256,2700,10407,,3.8544
msc10848,10848,1229776,8,0.0,18,drift,0.5,200,150,False,256,2700,10407,,3.8544
msc10848,10848,1229776,8,0.0,18,drift,0.5,200,175,False,256,2700,10407,,3.8544
msc10848,10848,1229776,8,0.0,18,drift,0.5,200,199,True,256,2700,10407,2700,3.8544
msc10848,10848,1229776,8,0.0,19,drift,0.5,200,0,False,256,3738,12117,,3.2416
msc10848,10848,1229776,8,0.0,19,drift,0.5,200,25,False,256,3738,12117,,3.2416
msc10848,10848,1229776,8,0.0,19,drift,0.5,200,50,False,256,3738,12117,,3.2416
msc10848,10848,1229776,8,0.0,19,drift,0.5,200,75,False,256,3738,12117,,3.2416
msc10848,10848,1229776,8,0.0,19,drift,0.5,200,100,False,256,3738,12117,,3.2416
msc10848,10848,1229776,8,0.0,19,drift,0.5,200,125,False,256,3738,12117,,3.2416
msc10848,10848,1229776,8,0.0,19,drift,0.5,200,150,False,256,3738,12117,,3.2416
msc10848,10848,1229776,8,0.0,19,drift,0.5,200,175,False,256,3738,12117,,3.2416
msc10848,10848,1229776,8,0.0,19,drift,0.5,200,199,True,256,3738,12117,3738,3.2416
msc10848,10848,1229776,8,0.0,20,drift,0.5,200,0,False,256,3195,11886,,3.7202
msc10848,10848,1229776,8,0.0,20,drift,0.5,200,25,False,256,3195,11886,,3.7202
msc10848,10848,1229776,8,0.0,20,drift,0.5,200,50,False,256,3195,11886,,3.7202
msc10848,10848,1229776,8,0.0,20,drift,0.5,200,75,False,256,3195,11886,,3.7202
msc10848,10848,1229776,8,0.0,20,drift,0.5,200,100,False,256,3195,11886,,3.7202
msc10848,10848,1229776,8,0.0,20,drift,0.5,200,125,False,256,3195,11886,,3.7202
msc10848,10848,1229776,8,0.0,20,drift,0.5,200,150,False,256,3195,11886,,3.7202
msc10848,10848,1229776,8,0.0,20,drift,0.5,200,175,False,256,3195,11886,,3.7202
msc10848,10848,1229776,8,0.0,20,drift,0.5,200,199,True,256,3195,11886,3195,3.7202
msc10848,10848,1229776,8,0.0,21,drift,0.5,200,0,False,256,4146,12993,,3.1339
msc10848,10848,1229776,8,0.0,21,drift,0.5,200,25,False,256,4146,12993,,3.1339
msc10848,10848,1229776,8,0.0,21,drift,0.5,200,50,False,256,4146,12993,,3.1339
msc10848,10848,1229776,8,0.0,21,drift,0.5,200,75,False,256,4146,12993,,3.1339
msc10848,10848,1229776,8,0.0,21,drift,0.5,200,100,False,256,4146,12993,,3.1339
msc10848,10848,1229776,8,0.0,21,drift,0.5,200,125,False,256,4146,12993,,3.1339
msc10848,10848,1229776,8,0.0,21,drift,0.5,200,150,False,256,4146,12993,,3.1339
msc10848,10848,1229776,8,0.0,21,drift,0.5,200,175,False,256,4146,12993,,3.1339
msc10848,10848,1229776,8,0.0,21,drift,0.5,200,199,True,256,4146,12993,4146,3.1339
msc10848,10848,1229776,8,0.002,17,drift,0.5,200,0,False,256,3609,12327,,3.4156
msc10848,10848,1229776,8,0.002,17,drift,0.5,200,25,False,256,3876,13620,,3.5139
msc10848,10848,1229776,8,0.002,17,drift,0.5,200,50,False,256,3972,13992,,3.5227
msc10848,10848,1229776,8,0.002,17,drift,0.5,200,75,False,256,5010,15981,,3.1898
msc10848,10848,1229776,8,0.002,17,drift,0.5,200,100,False,256,5106,16260,,3.1845
msc10848,10848,1229776,8,0.002,17,drift,0.5,200,125,False,256,5352,16755,,3.1306
msc10848,10848,1229776,8,0.002,17,drift,0.5,200,150,False,256,5304,17640,,3.3258
msc10848,10848,1229776,8,0.002,17,drift,0.5,200,175,False,256,5268,17586,,3.3383
msc10848,10848,1229776,8,0.002,17,drift,0.5,200,199,True,256,5409,17463,5409,3.2285
msc10848,10848,1229776,8,0.002,18,drift,0.5,200,0,False,256,2700,10407,,3.8544
msc10848,10848,1229776,8,0.002,18,drift,0.5,200,25,False,256,3375,12471,,3.6951
msc10848,10848,1229776,8,0.002,18,drift,0.5,200,50,False,256,3537,13164,,3.7218
msc10848,10848,1229776,8,0.002,18,drift,0.5,200,75,False,256,3549,13596,,3.8309
msc10848,10848,1229776,8,0.002,18,drift,0.5,200,100,False,256,3792,14655,,3.8647
msc10848,10848,1229776,8,0.002,18,drift,0.5,200,125,False,256,3897,14838,,3.8075
msc10848,10848,1229776,8,0.002,18,drift,0.5,200,150,False,256,3990,15102,,3.785
msc10848,10848,1229776,8,0.002,18,drift,0.5,200,175,False,256,4071,15396,,3.7819
msc10848,10848,1229776,8,0.002,18,drift,0.5,200,199,True,256,4197,15879,4197,3.7834
msc10848,10848,1229776,8,0.002,19,drift,0.5,200,0,False,256,3738,12117,,3.2416
msc10848,10848,1229776,8,0.002,19,drift,0.5,200,25,False,256,4272,13329,,3.1201
msc10848,10848,1229776,8,0.002,19,drift,0.5,200,50,False,256,4497,14199,,3.1574
msc10848,10848,1229776,8,0.002,19,drift,0.5,200,75,False,256,4446,14235,,3.2018
msc10848,10848,1229776,8,0.002,19,drift,0.5,200,100,False,256,4593,14766,,3.2149
msc10848,10848,1229776,8,0.002,19,drift,0.5,200,125,False,256,4755,15276,,3.2126
msc10848,10848,1229776,8,0.002,19,drift,0.5,200,150,False,256,4764,15528,,3.2594
msc10848,10848,1229776,8,0.002,19,drift,0.5,200,175,False,256,4782,15720,,3.2873
msc10848,10848,1229776,8,0.002,19,drift,0.5,200,199,True,256,5022,16587,5022,3.3029
msc10848,10848,1229776,8,0.002,20,drift,0.5,200,0,False,256,3195,11886,,3.7202
msc10848,10848,1229776,8,0.002,20,drift,0.5,200,25,False,256,3669,13635,,3.7163
msc10848,10848,1229776,8,0.002,20,drift,0.5,200,50,False,256,3831,14298,,3.7322
msc10848,10848,1229776,8,0.002,20,drift,0.5,200,75,False,256,4002,14994,,3.7466
msc10848,10848,1229776,8,0.002,20,drift,0.5,200,100,False,256,4215,16242,,3.8534
msc10848,10848,1229776,8,0.002,20,drift,0.5,200,125,False,256,4221,16122,,3.8195
msc10848,10848,1229776,8,0.002,20,drift,0.5,200,150,False,256,4386,16896,,3.8523
msc10848,10848,1229776,8,0.002,20,drift,0.5,200,175,False,256,4566,16926,,3.707
msc10848,10848,1229776,8,0.002,20,drift,0.5,200,199,True,256,4569,16695,4569,3.654
msc10848,10848,1229776,8,0.002,21,drift,0.5,200,0,False,256,4146,12993,,3.1339
msc10848,10848,1229776,8,0.002,21,drift,0.5,200,25,False,256,4488,14802,,3.2981
msc10848,10848,1229776,8,0.002,21,drift,0.5,200,50,False,256,4587,15333,,3.3427
msc10848,10848,1229776,8,0.002,21,drift,0.5,200,75,False,256,4707,15720,,3.3397
msc10848,10848,1229776,8,0.002,21,drift,0.5,200,100,False,256,4851,16353,,3.3711
msc10848,10848,1229776,8,0.002,21,drift,0.5,200,125,False,256,5031,17085,,3.3959
msc10848,10848,1229776,8,0.002,21,drift,0.5,200,150,False,256,5031,16488,,3.2773
msc10848,10848,1229776,8,0.002,21,drift,0.5,200,175,False,256,5316,17082,,3.2133
msc10848,10848,1229776,8,0.002,21,drift,0.5,200,199,True,256,5208,16794,5208,3.2247
msc10848,10848,1229776,8,0.01,17,drift,0.5,200,0,False,256,3609,12327,,3.4156
msc10848,10848,1229776,8,0.01,17,drift,0.5,200,25,False,256,4041,14922,,3.6927
msc10848,10848,1229776,8,0.01,17,drift,0.5,200,50,False,256,4608,16362,,3.5508
msc10848,10848,1229776,8,0.01,17,drift,0.5,200,75,False,256,5118,17265,,3.3734
msc10848,10848,1229776,8,0.01,17,drift,0.5,200,100,False,256,5421,17637,,3.2535
msc10848,10848,1229776,8,0.01,17,drift,0.5,200,125,False,256,5250,16881,,3.2154
msc10848,10848,1229776,8,0.01,17,drift,0.5,200,150,False,256,5511,17838,,3.2368
msc10848,10848,1229776,8,0.01,17,drift,0.5,200,175,False,256,5157,16896,,3.2763
msc10848,10848,1229776,8,0.01,17,drift,0.5,200,199,True,256,4887,16992,4887,3.477
msc10848,10848,1229776,8,0.01,18,drift,0.5,200,0,False,256,2700,10407,,3.8544
msc10848,10848,1229776,8,0.01,18,drift,0.5,200,25,False,256,3615,14163,,3.9178
msc10848,10848,1229776,8,0.01,18,drift,0.5,200,50,False,256,3918,15063,,3.8446
msc10848,10848,1229776,8,0.01,18,drift,0.5,200,75,False,256,4176,16083,,3.8513
msc10848,10848,1229776,8,0.01,18,drift,0.5,200,100,False,256,4737,18354,,3.8746
msc10848,10848,1229776,8,0.01,18,drift,0.5,200,125,False,256,5025,18243,,3.6304
msc10848,10848,1229776,8,0.01,18,drift,0.5,200,150,False,256,4956,18021,,3.6362
msc10848,10848,1229776,8,0.01,18,drift,0.5,200,175,False,256,4983,17997,,3.6117
msc10848,10848,1229776,8,0.01,18,drift,0.5,200,199,True,256,4989,16806,4989,3.3686
msc10848,10848,1229776,8,0.01,19,drift,0.5,200,0,False,256,3738,12117,,3.2416
msc10848,10848,1229776,8,0.01,19,drift,0.5,200,25,False,256,4641,15021,,3.2366
msc10848,10848,1229776,8,0.01,19,drift,0.5,200,50,False,256,4935,16533,,3.3502
msc10848,10848,1229776,8,0.01,19,drift,0.5,200,75,False,256,4980,16203,,3.2536
msc10848,10848,1229776,8,0.01,19,drift,0.5,200,100,False,256,4986,17220,,3.4537
msc10848,10848,1229776,8,0.01,19,drift,0.5,200,125,False,256,5112,17532,,3.4296
msc10848,10848,1229776,8,0.01,19,drift,0.5,200,150,False,256,5136,17295,,3.3674
msc10848,10848,1229776,8,0.01,19,drift,0.5,200,175,False,256,5046,17595,,3.4869
msc10848,10848,1229776,8,0.01,19,drift,0.5,200,199,True,256,4953,17454,4953,3.5239
msc10848,10848,1229776,8,0.01,20,drift,0.5,200,0,False,256,3195,11886,,3.7202
msc10848,10848,1229776,8,0.01,20,drift,0.5,200,25,False,256,4176,15081,,3.6114
msc10848,10848,1229776,8,0.01,20,drift,0.5,200,50,False,256,4413,16671,,3.7777
msc10848,10848,1229776,8,0.01,20,drift,0.5,200,75,False,256,4539,17334,,3.8189
msc10848,10848,1229776,8,0.01,20,drift,0.5,200,100,False,256,4956,19080,,3.8499
msc10848,10848,1229776,8,0.01,20,drift,0.5,200,125,False,256,5277,19650,,3.7237
msc10848,10848,1229776,8,0.01,20,drift,0.5,200,150,False,256,5196,19956,,3.8406
msc10848,10848,1229776,8,0.01,20,drift,0.5,200,175,False,256,5388,20529,,3.8101
msc10848,10848,1229776,8,0.01,20,drift,0.5,200,199,True,256,5373,20523,5373,3.8197
msc10848,10848,1229776,8,0.01,21,drift,0.5,200,0,False,256,4146,12993,,3.1339
msc10848,10848,1229776,8,0.01,21,drift,0.5,200,25,False,256,4722,15507,,3.284
msc10848,10848,1229776,8,0.01,21,drift,0.5,200,50,False,256,4722,16080,,3.4053
msc10848,10848,1229776,8,0.01,21,drift,0.5,200,75,False,256,4782,16509,,3.4523
msc10848,10848,1229776,8,0.01,21,drift,0.5,200,100,False,256,5223,17484,,3.3475
msc10848,10848,1229776,8,0.01,21,drift,0.5,200,125,False,256,5430,17805,,3.279
msc10848,10848,1229776,8,0.01,21,drift,0.5,200,150,False,256,5280,17292,,3.275
msc10848,10848,1229776,8,0.01,21,drift,0.5,200,175,False,256,5394,17670,,3.2759
msc10848,10848,1229776,8,0.01,21,drift,0.5,200,199,True,256,5730,18756,5730,3.2733
msc10848,10848,1229776,8,0.05,17,drift,0.5,200,0,False,256,3609,12327,,3.4156
msc10848,10848,1229776,8,0.05,17,drift,0.5,200,25,False,256,5736,18735,,3.2662
msc10848,10848,1229776,8,0.05,17,drift,0.5,200,50,False,256,5613,19257,,3.4308
msc10848,10848,1229776,8,0.05,17,drift,0.5,200,75,False,256,5640,18585,,3.2952
msc10848,10848,1229776,8,0.05,17,drift,0.5,200,100,False,256,5874,19542,,3.3269
msc10848,10848,1229776,8,0.05,17,drift,0.5,200,125,False,256,6363,20436,,3.2117
msc10848,10848,1229776,8,0.05,17,drift,0.5,200,150,False,256,6543,21783,,3.3292
msc10848,10848,1229776,8,0.05,17,drift,0.5,200,175,False,256,5910,19455,,3.2919
msc10848,10848,1229776,8,0.05,17,drift,0.5,200,199,True,256,6270,20115,6270,3.2081
msc10848,10848,1229776,8,0.05,18,drift,0.5,200,0,False,256,2700,10407,,3.8544
msc10848,10848,1229776,8,0.05,18,drift,0.5,200,25,False,256,4551,18255,,4.0112
msc10848,10848,1229776,8,0.05,18,drift,0.5,200,50,False,256,5004,19011,,3.7992
msc10848,10848,1229776,8,0.05,18,drift,0.5,200,75,False,256,4809,17319,,3.6014
msc10848,10848,1229776,8,0.05,18,drift,0.5,200,100,False,256,5304,17619,,3.3218
msc10848,10848,1229776,8,0.05,18,drift,0.5,200,125,False,256,5724,19728,,3.4465
msc10848,10848,1229776,8,0.05,18,drift,0.5,200,150,False,256,5481,18582,,3.3903
msc10848,10848,1229776,8,0.05,18,drift,0.5,200,175,False,256,5436,18195,,3.3471
msc10848,10848,1229776,8,0.05,18,drift,0.5,200,199,True,256,5298,16992,5298,3.2072
msc10848,10848,1229776,8,0.05,19,drift,0.5,200,0,False,256,3738,12117,,3.2416
msc10848,10848,1229776,8,0.05,19,drift,0.5,200,25,False,256,5118,19263,,3.7638
msc10848,10848,1229776,8,0.05,19,drift,0.5,200,50,False,256,5328,19677,,3.6931
msc10848,10848,1229776,8,0.05,19,drift,0.5,200,75,False,256,5127,19077,,3.7209
msc10848,10848,1229776,8,0.05,19,drift,0.5,200,100,False,256,4611,16722,,3.6265
msc10848,10848,1229776,8,0.05,19,drift,0.5,200,125,False,256,4464,16050,,3.5954
msc10848,10848,1229776,8,0.05,19,drift,0.5,200,150,False,256,3648,14190,,3.8898
msc10848,10848,1229776,8,0.05,19,drift,0.5,200,175,False,256,3888,14964,,3.8488
msc10848,10848,1229776,8,0.05,19,drift,0.5,200,199,True,256,3429,14289,3429,4.1671
msc10848,10848,1229776,8,0.05,20,drift,0.5,200,0,False,256,3195,11886,,3.7202
msc10848,10848,1229776,8,0.05,20,drift,0.5,200,25,False,256,4734,18213,,3.8473
msc10848,10848,1229776,8,0.05,20,drift,0.5,200,50,False,256,5307,19524,,3.6789
msc10848,10848,1229776,8,0.05,20,drift,0.5,200,75,False,256,5451,19230,,3.5278
msc10848,10848,1229776,8,0.05,20,drift,0.5,200,100,False,256,5475,18672,,3.4104
msc10848,10848,1229776,8,0.05,20,drift,0.5,200,125,False,256,5469,19317,,3.5321
msc10848,10848,1229776,8,0.05,20,drift,0.5,200,150,False,256,5127,18474,,3.6033
msc10848,10848,1229776,8,0.05,20,drift,0.5,200,175,False,256,4950,17754,,3.5867
msc10848,10848,1229776,8,0.05,20,drift,0.5,200,199,True,256,4473,14451,4473,3.2307
msc10848,10848,1229776,8,0.05,21,drift,0.5,200,0,False,256,4146,12993,,3.1339
msc10848,10848,1229776,8,0.05,21,drift,0.5,200,25,False,256,5034,18948,,3.764
msc10848,10848,1229776,8,0.05,21,drift,0.5,200,50,False,256,5037,18357,,3.6444
msc10848,10848,1229776,8,0.05,21,drift,0.5,200,75,False,256,5349,18117,,3.387
msc10848,10848,1229776,8,0.05,21,drift,0.5,200,100,False,256,5742,19668,,3.4253
msc10848,10848,1229776,8,0.05,21,drift,0.5,200,125,False,256,5253,17772,,3.3832
msc10848,10848,1229776,8,0.05,21,drift,0.5,200,150,False,256,5220,17157,,3.2868
msc10848,10848,1229776,8,0.05,21,drift,0.5,200,175,False,256,6234,19116,,3.0664
msc10848,10848,1229776,8,0.05,21,drift,0.5,200,199,True,256,6099,18084,6099,2.9651
msc10848,10848,1229776,8,0.25,17,drift,0.5,200,0,False,256,3609,12327,,3.4156
msc10848,10848,1229776,8,0.25,17,drift,0.5,200,25,False,256,4653,17316,,3.7215
msc10848,10848,1229776,8,0.25,17,drift,0.5,200,50,False,256,5235,19155,,3.659
msc10848,10848,1229776,8,0.25,17,drift,0.5,200,75,False,256,3855,14055,,3.6459
msc10848,10848,1229776,8,0.25,17,drift,0.5,200,100,False,256,4017,15558,,3.873
msc10848,10848,1229776,8,0.25,17,drift,0.5,200,125,False,256,3882,15606,,4.0201
msc10848,10848,1229776,8,0.25,17,drift,0.5,200,150,False,256,4098,15123,,3.6903
msc10848,10848,1229776,8,0.25,17,drift,0.5,200,175,False,256,4716,17121,,3.6304
msc10848,10848,1229776,8,0.25,17,drift,0.5,200,199,True,256,4755,18096,4755,3.8057
msc10848,10848,1229776,8,0.25,18,drift,0.5,200,0,False,256,2700,10407,,3.8544
msc10848,10848,1229776,8,0.25,18,drift,0.5,200,25,False,256,4692,18006,,3.8376
msc10848,10848,1229776,8,0.25,18,drift,0.5,200,50,False,256,4959,18009,,3.6316
msc10848,10848,1229776,8,0.25,18,drift,0.5,200,75,False,256,5370,18837,,3.5078
msc10848,10848,1229776,8,0.25,18,drift,0.5,200,100,False,256,4044,15885,,3.928
msc10848,10848,1229776,8,0.25,18,drift,0.5,200,125,False,256,5202,20283,,3.8991
msc10848,10848,1229776,8,0.25,18,drift,0.5,200,150,False,256,4494,17319,,3.8538
msc10848,10848,1229776,8,0.25,18,drift,0.5,200,175,False,256,4590,19260,,4.1961
msc10848,10848,1229776,8,0.25,18,drift,0.5,200,199,True,256,4185,15879,4185,3.7943
msc10848,10848,1229776,8,0.25,19,drift,0.5,200,0,False,256,3738,12117,,3.2416
msc10848,10848,1229776,8,0.25,19,drift,0.5,200,25,False,256,3384,15399,,4.5505
msc10848,10848,1229776,8,0.25,19,drift,0.5,200,50,False,256,2883,13992,,4.8533
msc10848,10848,1229776,8,0.25,19,drift,0.5,200,75,False,256,3429,15426,,4.4987
msc10848,10848,1229776,8,0.25,19,drift,0.5,200,100,False,256,3465,16068,,4.6372
msc10848,10848,1229776,8,0.25,19,drift,0.5,200,125,False,256,3474,15306,,4.4059
msc10848,10848,1229776,8,0.25,19,drift,0.5,200,150,False,256,3111,14079,,4.5256
msc10848,10848,1229776,8,0.25,19,drift,0.5,200,175,False,256,4062,18114,,4.4594
msc10848,10848,1229776,8,0.25,19,drift,0.5,200,199,True,256,2781,12687,2781,4.562
msc10848,10848,1229776,8,0.25,20,drift,0.5,200,0,False,256,3195,11886,,3.7202
msc10848,10848,1229776,8,0.25,20,drift,0.5,200,25,False,256,4965,18702,,3.7668
msc10848,10848,1229776,8,0.25,20,drift,0.5,200,50,False,256,4734,23217,,4.9043
msc10848,10848,1229776,8,0.25,20,drift,0.5,200,75,False,256,5577,21459,,3.8478
msc10848,10848,1229776,8,0.25,20,drift,0.5,200,100,False,256,4203,17658,,4.2013
msc10848,10848,1229776,8,0.25,20,drift,0.5,200,125,False,256,2895,12507,,4.3202
msc10848,10848,1229776,8,0.25,20,drift,0.5,200,150,False,256,3030,14079,,4.6465
msc10848,10848,1229776,8,0.25,20,drift,0.5,200,175,False,256,3447,16443,,4.7702
msc10848,10848,1229776,8,0.25,20,drift,0.5,200,199,True,256,2565,13014,2565,5.0737
msc10848,10848,1229776,8,0.25,21,drift,0.5,200,0,False,256,4146,12993,,3.1339
msc10848,10848,1229776,8,0.25,21,drift,0.5,200,25,False,256,4416,16356,,3.7038
msc10848,10848,1229776,8,0.25,21,drift,0.5,200,50,False,256,6375,20418,,3.2028
msc10848,10848,1229776,8,0.25,21,drift,0.5,200,75,False,256,3681,12855,,3.4923
msc10848,10848,1229776,8,0.25,21,drift,0.5,200,100,False,256,3645,13758,,3.7745
msc10848,10848,1229776,8,0.25,21,drift,0.5,200,125,False,256,4044,13812,,3.4154
msc10848,10848,1229776,8,0.25,21,drift,0.5,200,150,False,256,3486,11541,,3.3107
msc10848,10848,1229776,8,0.25,21,drift,0.5,200,175,False,256,4494,15123,,3.3652
msc10848,10848,1229776,8,0.25,21,drift,0.5,200,199,True,256,4146,15342,4146,3.7004
msc10848,10848,1229776,8,0.0,17,jump,0.5,200,0,False,256,3609,12327,,3.4156
msc10848,10848,1229776,8,0.0,17,jump,0.5,200,25,False,256,3609,12327,,3.4156
msc10848,10848,1229776,8,0.0,17,jump,0.5,200,50,False,256,3609,12327,,3.4156
msc10848,10848,1229776,8,0.0,17,jump,0.5,200,75,False,256,3609,12327,,3.4156
msc10848,10848,1229776,8,0.0,17,jump,0.5,200,100,False,256,3609,12327,,3.4156
msc10848,10848,1229776,8,0.0,17,jump,0.5,200,125,False,256,3609,12327,,3.4156
msc10848,10848,1229776,8,0.0,17,jump,0.5,200,150,False,256,3609,12327,,3.4156
msc10848,10848,1229776,8,0.0,17,jump,0.5,200,175,False,256,3609,12327,,3.4156
msc10848,10848,1229776,8,0.0,17,jump,0.5,200,199,True,256,3609,12327,3609,3.4156
msc10848,10848,1229776,8,0.0,18,jump,0.5,200,0,False,256,2700,10407,,3.8544
msc10848,10848,1229776,8,0.0,18,jump,0.5,200,25,False,256,2700,10407,,3.8544
msc10848,10848,1229776,8,0.0,18,jump,0.5,200,50,False,256,2700,10407,,3.8544
msc10848,10848,1229776,8,0.0,18,jump,0.5,200,75,False,256,2700,10407,,3.8544
msc10848,10848,1229776,8,0.0,18,jump,0.5,200,100,False,256,2700,10407,,3.8544
msc10848,10848,1229776,8,0.0,18,jump,0.5,200,125,False,256,2700,10407,,3.8544
msc10848,10848,1229776,8,0.0,18,jump,0.5,200,150,False,256,2700,10407,,3.8544
msc10848,10848,1229776,8,0.0,18,jump,0.5,200,175,False,256,2700,10407,,3.8544
msc10848,10848,1229776,8,0.0,18,jump,0.5,200,199,True,256,2700,10407,2700,3.8544
msc10848,10848,1229776,8,0.0,19,jump,0.5,200,0,False,256,3738,12117,,3.2416
msc10848,10848,1229776,8,0.0,19,jump,0.5,200,25,False,256,3738,12117,,3.2416
msc10848,10848,1229776,8,0.0,19,jump,0.5,200,50,False,256,3738,12117,,3.2416
msc10848,10848,1229776,8,0.0,19,jump,0.5,200,75,False,256,3738,12117,,3.2416
msc10848,10848,1229776,8,0.0,19,jump,0.5,200,100,False,256,3738,12117,,3.2416
msc10848,10848,1229776,8,0.0,19,jump,0.5,200,125,False,256,3738,12117,,3.2416
msc10848,10848,1229776,8,0.0,19,jump,0.5,200,150,False,256,3738,12117,,3.2416
msc10848,10848,1229776,8,0.0,19,jump,0.5,200,175,False,256,3738,12117,,3.2416
msc10848,10848,1229776,8,0.0,19,jump,0.5,200,199,True,256,3738,12117,3738,3.2416
msc10848,10848,1229776,8,0.0,20,jump,0.5,200,0,False,256,3195,11886,,3.7202
msc10848,10848,1229776,8,0.0,20,jump,0.5,200,25,False,256,3195,11886,,3.7202
msc10848,10848,1229776,8,0.0,20,jump,0.5,200,50,False,256,3195,11886,,3.7202
msc10848,10848,1229776,8,0.0,20,jump,0.5,200,75,False,256,3195,11886,,3.7202
msc10848,10848,1229776,8,0.0,20,jump,0.5,200,100,False,256,3195,11886,,3.7202
msc10848,10848,1229776,8,0.0,20,jump,0.5,200,125,False,256,3195,11886,,3.7202
msc10848,10848,1229776,8,0.0,20,jump,0.5,200,150,False,256,3195,11886,,3.7202
msc10848,10848,1229776,8,0.0,20,jump,0.5,200,175,False,256,3195,11886,,3.7202
msc10848,10848,1229776,8,0.0,20,jump,0.5,200,199,True,256,3195,11886,3195,3.7202
msc10848,10848,1229776,8,0.0,21,jump,0.5,200,0,False,256,4146,12993,,3.1339
msc10848,10848,1229776,8,0.0,21,jump,0.5,200,25,False,256,4146,12993,,3.1339
msc10848,10848,1229776,8,0.0,21,jump,0.5,200,50,False,256,4146,12993,,3.1339
msc10848,10848,1229776,8,0.0,21,jump,0.5,200,75,False,256,4146,12993,,3.1339
msc10848,10848,1229776,8,0.0,21,jump,0.5,200,100,False,256,4146,12993,,3.1339
msc10848,10848,1229776,8,0.0,21,jump,0.5,200,125,False,256,4146,12993,,3.1339
msc10848,10848,1229776,8,0.0,21,jump,0.5,200,150,False,256,4146,12993,,3.1339
msc10848,10848,1229776,8,0.0,21,jump,0.5,200,175,False,256,4146,12993,,3.1339
msc10848,10848,1229776,8,0.0,21,jump,0.5,200,199,True,256,4146,12993,4146,3.1339
msc10848,10848,1229776,8,0.002,17,jump,0.5,200,0,False,256,3609,12327,,3.4156
msc10848,10848,1229776,8,0.002,17,jump,0.5,200,25,False,256,5721,16971,,2.9664
msc10848,10848,1229776,8,0.002,17,jump,0.5,200,50,False,256,7272,20913,,2.8758
msc10848,10848,1229776,8,0.002,17,jump,0.5,200,75,False,256,8115,24420,,3.0092
msc10848,10848,1229776,8,0.002,17,jump,0.5,200,100,False,256,8499,27333,,3.216
msc10848,10848,1229776,8,0.002,17,jump,0.5,200,125,False,256,8898,30000,,3.3715
msc10848,10848,1229776,8,0.002,17,jump,0.5,200,150,False,256,9375,32289,,3.4442
msc10848,10848,1229776,8,0.002,17,jump,0.5,200,175,False,256,9852,34809,,3.5332
msc10848,10848,1229776,8,0.002,17,jump,0.5,200,199,True,256,10035,36024,10035,3.5898
msc10848,10848,1229776,8,0.002,18,jump,0.5,200,0,False,256,2700,10407,,3.8544
msc10848,10848,1229776,8,0.002,18,jump,0.5,200,25,False,256,5751,15294,,2.6594
msc10848,10848,1229776,8,0.002,18,jump,0.5,200,50,False,256,6807,18645,,2.7391
msc10848,10848,1229776,8,0.002,18,jump,0.5,200,75,False,256,8406,22278,,2.6502
msc10848,10848,1229776,8,0.002,18,jump,0.5,200,100,False,256,9075,26181,,2.885
msc10848,10848,1229776,8,0.002,18,jump,0.5,200,125,False,256,9531,29025,,3.0453
msc10848,10848,1229776,8,0.002,18,jump,0.5,200,150,False,256,9918,31293,,3.1552
msc10848,10848,1229776,8,0.002,18,jump,0.5,200,175,False,256,9912,32520,,3.2809
msc10848,10848,1229776,8,0.002,18,jump,0.5,200,199,True,256,10044,34560,10044,3.4409
msc10848,10848,1229776,8,0.002,19,jump,0.5,200,0,False,256,3738,12117,,3.2416
msc10848,10848,1229776,8,0.002,19,jump,0.5,200,25,False,256,6087,16011,,2.6304
msc10848,10848,1229776,8,0.002,19,jump,0.5,200,50,False,256,7782,20367,,2.6172
msc10848,10848,1229776,8,0.002,19,jump,0.5,200,75,False,256,8352,23556,,2.8204
msc10848,10848,1229776,8,0.002,19,jump,0.5,200,100,False,256,8919,26202,,2.9378
msc10848,10848,1229776,8,0.002,19,jump,0.5,200,125,False,256,9141,28755,,3.1457
msc10848,10848,1229776,8,0.002,19,jump,0.5,200,150,False,256,9261,29478,,3.183
msc10848,10848,1229776,8,0.002,19,jump,0.5,200,175,False,256,9696,32250,,3.3261
msc10848,10848,1229776,8,0.002,19,jump,0.5,200,199,True,256,10062,35016,10062,3.48
msc10848,10848,1229776,8,0.002,20,jump,0.5,200,0,False,256,3195,11886,,3.7202
msc10848,10848,1229776,8,0.002,20,jump,0.5,200,25,False,256,5964,16266,,2.7274
msc10848,10848,1229776,8,0.002,20,jump,0.5,200,50,False,256,7326,20136,,2.7486
msc10848,10848,1229776,8,0.002,20,jump,0.5,200,75,False,256,8466,23928,,2.8264
msc10848,10848,1229776,8,0.002,20,jump,0.5,200,100,False,256,9150,27789,,3.037
msc10848,10848,1229776,8,0.002,20,jump,0.5,200,125,False,256,9309,29610,,3.1808
msc10848,10848,1229776,8,0.002,20,jump,0.5,200,150,False,256,9498,32277,,3.3983
msc10848,10848,1229776,8,0.002,20,jump,0.5,200,175,False,256,9777,34227,,3.5008
msc10848,10848,1229776,8,0.002,20,jump,0.5,200,199,True,256,10011,36261,10011,3.6221
msc10848,10848,1229776,8,0.002,21,jump,0.5,200,0,False,256,4146,12993,,3.1339
msc10848,10848,1229776,8,0.002,21,jump,0.5,200,25,False,256,6204,17490,,2.8191
msc10848,10848,1229776,8,0.002,21,jump,0.5,200,50,False,256,8061,21777,,2.7015
msc10848,10848,1229776,8,0.002,21,jump,0.5,200,75,False,256,8640,25275,,2.9253
msc10848,10848,1229776,8,0.002,21,jump,0.5,200,100,False,256,9054,27405,,3.0268
msc10848,10848,1229776,8,0.002,21,jump,0.5,200,125,False,256,9453,29094,,3.0778
msc10848,10848,1229776,8,0.002,21,jump,0.5,200,150,False,256,9585,31374,,3.2732
msc10848,10848,1229776,8,0.002,21,jump,0.5,200,175,False,256,9660,33360,,3.4534
msc10848,10848,1229776,8,0.002,21,jump,0.5,200,199,True,256,10116,35622,10116,3.5214
msc10848,10848,1229776,8,0.01,17,jump,0.5,200,0,False,256,3609,12327,,3.4156
msc10848,10848,1229776,8,0.01,17,jump,0.5,200,25,False,256,8397,24183,,2.88
msc10848,10848,1229776,8,0.01,17,jump,0.5,200,50,False,256,9645,33972,,3.5222
msc10848,10848,1229776,8,0.01,17,jump,0.5,200,75,False,256,10092,40173,,3.9807
msc10848,10848,1229776,8,0.01,17,jump,0.5,200,100,False,256,10359,42165,,4.0704
msc10848,10848,1229776,8,0.01,17,jump,0.5,200,125,False,256,10470,42657,,4.0742
msc10848,10848,1229776,8,0.01,17,jump,0.5,200,150,False,256,10512,44085,,4.1938
msc10848,10848,1229776,8,0.01,17,jump,0.5,200,175,False,256,10467,46320,,4.4253
msc10848,10848,1229776,8,0.01,17,jump,0.5,200,199,True,256,10458,46941,10458,4.4885
msc10848,10848,1229776,8,0.01,18,jump,0.5,200,0,False,256,2700,10407,,3.8544
msc10848,10848,1229776,8,0.01,18,jump,0.5,200,25,False,256,8436,23664,,2.8051
msc10848,10848,1229776,8,0.01,18,jump,0.5,200,50,False,256,9699,33363,,3.4398
msc10848,10848,1229776,8,0.01,18,jump,0.5,200,75,False,256,10134,37689,,3.7191
msc10848,10848,1229776,8,0.01,18,jump,0.5,200,100,False,256,10425,41766,,4.0063
msc10848,10848,1229776,8,0.01,18,jump,0.5,200,125,False,256,10443,45618,,4.3683
msc10848,10848,1229776,8,0.01,18,jump,0.5,200,150,False,256,10392,43926,,4.2269
msc10848,10848,1229776,8,0.01,18,jump,0.5,200,175,False,256,10551,45690,,4.3304
msc10848,10848,1229776,8,0.01,18,jump,0.5,200,199,True,256,10587,45108,10587,4.2607
msc10848,10848,1229776,8,0.01,19,jump,0.5,200,0,False,256,3738,12117,,3.2416
msc10848,10848,1229776,8,0.01,19,jump,0.5,200,25,False,256,8538,24279,,2.8436
msc10848,10848,1229776,8,0.01,19,jump,0.5,200,50,False,256,9696,30732,,3.1696
msc10848,10848,1229776,8,0.01,19,jump,0.5,200,75,False,256,9957,36555,,3.6713
msc10848,10848,1229776,8,0.01,19,jump,0.5,200,100,False,256,10287,38775,,3.7693
msc10848,10848,1229776,8,0.01,19,jump,0.5,200,125,False,256,10344,41697,,4.031
msc10848,10848,1229776,8,0.01,19,jump,0.5,200,150,False,256,10386,43776,,4.2149
msc10848,10848,1229776,8,0.01,19,jump,0.5,200,175,False,256,10314,46602,,4.5183
msc10848,10848,1229776,8,0.01,19,jump,0.5,200,199,True,256,10227,46449,10227,4.5418
msc10848,10848,1229776,8,0.01,20,jump,0.5,200,0,False,256,3195,11886,,3.7202
msc10848,10848,1229776,8,0.01,20,jump,0.5,200,25,False,256,8124,22566,,2.7777
msc10848,10848,1229776,8,0.01,20,jump,0.5,200,50,False,256,9648,31224,,3.2363
msc10848,10848,1229776,8,0.01,20,jump,0.5,200,75,False,256,9954,35199,,3.5362
msc10848,10848,1229776,8,0.01,20,jump,0.5,200,100,False,256,10269,40356,,3.9299
msc10848,10848,1229776,8,0.01,20,jump,0.5,200,125,False,256,10422,42645,,4.0918
msc10848,10848,1229776,8,0.01,20,jump,0.5,200,150,False,256,10449,44865,,4.2937
msc10848,10848,1229776,8,0.01,20,jump,0.5,200,175,False,256,10410,46092,,4.4277
msc10848,10848,1229776,8,0.01,20,jump,0.5,200,199,True,256,10410,45324,10410,4.3539
msc10848,10848,1229776,8,0.01,21,jump,0.5,200,0,False,256,4146,12993,,3.1339
msc10848,10848,1229776,8,0.01,21,jump,0.5,200,25,False,256,8265,22875,,2.7677
msc10848,10848,1229776,8,0.01,21,jump,0.5,200,50,False,256,9675,29814,,3.0816
msc10848,10848,1229776,8,0.01,21,jump,0.5,200,75,False,256,10014,34389,,3.4341
msc10848,10848,1229776,8,0.01,21,jump,0.5,200,100,False,256,10275,39594,,3.8534
msc10848,10848,1229776,8,0.01,21,jump,0.5,200,125,False,256,10560,44499,,4.2139
msc10848,10848,1229776,8,0.01,21,jump,0.5,200,150,False,256,10506,43650,,4.1548
msc10848,10848,1229776,8,0.01,21,jump,0.5,200,175,False,256,10551,45192,,4.2832
msc10848,10848,1229776,8,0.01,21,jump,0.5,200,199,True,256,10602,46593,10602,4.3947
msc10848,10848,1229776,8,0.05,17,jump,0.5,200,0,False,256,3609,12327,,3.4156
msc10848,10848,1229776,8,0.05,17,jump,0.5,200,25,False,256,10398,42462,,4.0837
msc10848,10848,1229776,8,0.05,17,jump,0.5,200,50,False,256,10518,44163,,4.1988
msc10848,10848,1229776,8,0.05,17,jump,0.5,200,75,False,256,10551,46407,,4.3984
msc10848,10848,1229776,8,0.05,17,jump,0.5,200,100,False,256,10551,47481,,4.5001
msc10848,10848,1229776,8,0.05,17,jump,0.5,200,125,False,256,10512,45942,,4.3704
msc10848,10848,1229776,8,0.05,17,jump,0.5,200,150,False,256,10614,45831,,4.318
msc10848,10848,1229776,8,0.05,17,jump,0.5,200,175,False,256,10680,47010,,4.4017
msc10848,10848,1229776,8,0.05,17,jump,0.5,200,199,True,256,10590,49743,10590,4.6972
msc10848,10848,1229776,8,0.05,18,jump,0.5,200,0,False,256,2700,10407,,3.8544
msc10848,10848,1229776,8,0.05,18,jump,0.5,200,25,False,256,10326,42168,,4.0837
msc10848,10848,1229776,8,0.05,18,jump,0.5,200,50,False,256,10578,46116,,4.3596
msc10848,10848,1229776,8,0.05,18,jump,0.5,200,75,False,256,10515,46767,,4.4476
msc10848,10848,1229776,8,0.05,18,jump,0.5,200,100,False,256,10629,46218,,4.3483
msc10848,10848,1229776,8,0.05,18,jump,0.5,200,125,False,256,10617,46617,,4.3908
msc10848,10848,1229776,8,0.05,18,jump,0.5,200,150,False,256,10671,47655,,4.4658
msc10848,10848,1229776,8,0.05,18,jump,0.5,200,175,False,256,10692,46602,,4.3586
msc10848,10848,1229776,8,0.05,18,jump,0.5,200,199,True,256,10566,47709,10566,4.5153
msc10848,10848,1229776,8,0.05,19,jump,0.5,200,0,False,256,3738,12117,,3.2416
msc10848,10848,1229776,8,0.05,19,jump,0.5,200,25,False,256,10272,42618,,4.1489
msc10848,10848,1229776,8,0.05,19,jump,0.5,200,50,False,256,10530,46626,,4.4279
msc10848,10848,1229776,8,0.05,19,jump,0.5,200,75,False,256,10668,47238,,4.428
msc10848,10848,1229776,8,0.05,19,jump,0.5,200,100,False,256,10488,45681,,4.3555
msc10848,10848,1229776,8,0.05,19,jump,0.5,200,125,False,256,10572,46977,,4.4435
msc10848,10848,1229776,8,0.05,19,jump,0.5,200,150,False,256,10584,47073,,4.4476
msc10848,10848,1229776,8,0.05,19,jump,0.5,200,175,False,256,10629,46518,,4.3765
msc10848,10848,1229776,8,0.05,19,jump,0.5,200,199,True,256,10596,46938,10596,4.4298
msc10848,10848,1229776,8,0.05,20,jump,0.5,200,0,False,256,3195,11886,,3.7202
msc10848,10848,1229776,8,0.05,20,jump,0.5,200,25,False,256,10494,43140,,4.1109
msc10848,10848,1229776,8,0.05,20,jump,0.5,200,50,False,256,10614,46050,,4.3386
msc10848,10848,1229776,8,0.05,20,jump,0.5,200,75,False,256,10623,45105,,4.246
msc10848,10848,1229776,8,0.05,20,jump,0.5,200,100,False,256,10749,46506,,4.3265
msc10848,10848,1229776,8,0.05,20,jump,0.5,200,125,False,256,10737,46809,,4.3596
msc10848,10848,1229776,8,0.05,20,jump,0.5,200,150,False,256,10554,47319,,4.4835
msc10848,10848,1229776,8,0.05,20,jump,0.5,200,175,False,256,10602,44781,,4.2238
msc10848,10848,1229776,8,0.05,20,jump,0.5,200,199,True,256,10575,47556,10575,4.497
msc10848,10848,1229776,8,0.05,21,jump,0.5,200,0,False,256,4146,12993,,3.1339
msc10848,10848,1229776,8,0.05,21,jump,0.5,200,25,False,256,10299,40077,,3.8913
msc10848,10848,1229776,8,0.05,21,jump,0.5,200,50,False,256,10485,45582,,4.3474
msc10848,10848,1229776,8,0.05,21,jump,0.5,200,75,False,256,10551,47055,,4.4598
msc10848,10848,1229776,8,0.05,21,jump,0.5,200,100,False,256,10695,44712,,4.1806
msc10848,10848,1229776,8,0.05,21,jump,0.5,200,125,False,256,10632,46233,,4.3485
msc10848,10848,1229776,8,0.05,21,jump,0.5,200,150,False,256,10650,48777,,4.58
msc10848,10848,1229776,8,0.05,21,jump,0.5,200,175,False,256,10680,47301,,4.4289
msc10848,10848,1229776,8,0.05,21,jump,0.5,200,199,True,256,10641,46989,10641,4.4158
msc10848,10848,1229776,8,0.25,17,jump,0.5,200,0,False,256,3609,12327,,3.4156
msc10848,10848,1229776,8,0.25,17,jump,0.5,200,25,False,256,10593,45588,,4.3036
msc10848,10848,1229776,8,0.25,17,jump,0.5,200,50,False,256,10545,45996,,4.3619
msc10848,10848,1229776,8,0.25,17,jump,0.5,200,75,False,256,10731,46239,,4.3089
msc10848,10848,1229776,8,0.25,17,jump,0.5,200,100,False,256,10608,43686,,4.1182
msc10848,10848,1229776,8,0.25,17,jump,0.5,200,125,False,256,10581,47847,,4.522
msc10848,10848,1229776,8,0.25,17,jump,0.5,200,150,False,256,10668,46218,,4.3324
msc10848,10848,1229776,8,0.25,17,jump,0.5,200,175,False,256,10605,43773,,4.1276
msc10848,10848,1229776,8,0.25,17,jump,0.5,200,199,True,256,10722,44526,10722,4.1528
msc10848,10848,1229776,8,0.25,18,jump,0.5,200,0,False,256,2700,10407,,3.8544
msc10848,10848,1229776,8,0.25,18,jump,0.5,200,25,False,256,10629,45645,,4.2944
msc10848,10848,1229776,8,0.25,18,jump,0.5,200,50,False,256,10605,46356,,4.3711
msc10848,10848,1229776,8,0.25,18,jump,0.5,200,75,False,256,10584,44772,,4.2302
msc10848,10848,1229776,8,0.25,18,jump,0.5,200,100,False,256,10638,45369,,4.2648
msc10848,10848,1229776,8,0.25,18,jump,0.5,200,125,False,256,10563,46068,,4.3613
msc10848,10848,1229776,8,0.25,18,jump,0.5,200,150,False,256,10653,45051,,4.2289
msc10848,10848,1229776,8,0.25,18,jump,0.5,200,175,False,256,10647,45399,,4.264
msc10848,10848,1229776,8,0.25,18,jump,0.5,200,199,True,256,10713,45921,10713,4.2865
msc10848,10848,1229776,8,0.25,19,jump,0.5,200,0,False,256,3738,12117,,3.2416
msc10848,10848,1229776,8,0.25,19,jump,0.5,200,25,False,256,10617,43884,,4.1334
msc10848,10848,1229776,8,0.25,19,jump,0.5,200,50,False,256,10545,43536,,4.1286
msc10848,10848,1229776,8,0.25,19,jump,0.5,200,75,False,256,10680,44985,,4.2121
msc10848,10848,1229776,8,0.25,19,jump,0.5,200,100,False,256,10467,46014,,4.3961
msc10848,10848,1229776,8,0.25,19,jump,0.5,200,125,False,256,10674,46092,,4.3182
msc10848,10848,1229776,8,0.25,19,jump,0.5,200,150,False,256,10554,47124,,4.465
msc10848,10848,1229776,8,0.25,19,jump,0.5,200,175,False,256,10635,47007,,4.42
msc10848,10848,1229776,8,0.25,19,jump,0.5,200,199,True,256,10581,45939,10581,4.3417
msc10848,10848,1229776,8,0.25,20,jump,0.5,200,0,False,256,3195,11886,,3.7202
msc10848,10848,1229776,8,0.25,20,jump,0.5,200,25,False,256,10602,45927,,4.3319
msc10848,10848,1229776,8,0.25,20,jump,0.5,200,50,False,256,10650,46494,,4.3656
msc10848,10848,1229776,8,0.25,20,jump,0.5,200,75,False,256,10605,45417,,4.2826
msc10848,10848,1229776,8,0.25,20,jump,0.5,200,100,False,256,10608,45525,,4.2916
msc10848,10848,1229776,8,0.25,20,jump,0.5,200,125,False,256,10599,46467,,4.3841
msc10848,10848,1229776,8,0.25,20,jump,0.5,200,150,False,256,10536,45819,,4.3488
msc10848,10848,1229776,8,0.25,20,jump,0.5,200,175,False,256,10584,45276,,4.2778
msc10848,10848,1229776,8,0.25,20,jump,0.5,200,199,True,256,10569,44814,10569,4.2401
msc10848,10848,1229776,8,0.25,21,jump,0.5,200,0,False,256,4146,12993,,3.1339
msc10848,10848,1229776,8,0.25,21,jump,0.5,200,25,False,256,10356,46299,,4.4707
msc10848,10848,1229776,8,0.25,21,jump,0.5,200,50,False,256,10590,42990,,4.0595
msc10848,10848,1229776,8,0.25,21,jump,0.5,200,75,False,256,10689,47064,,4.403
msc10848,10848,1229776,8,0.25,21,jump,0.5,200,100,False,256,10641,47934,,4.5047
msc10848,10848,1229776,8,0.25,21,jump,0.5,200,125,False,256,10701,48603,,4.5419
msc10848,10848,1229776,8,0.25,21,jump,0.5,200,150,False,256,10656,45759,,4.2942
msc10848,10848,1229776,8,0.25,21,jump,0.5,200,175,False,256,10485,47028,,4.4853
msc10848,10848,1229776,8,0.25,21,jump,0.5,200,199,True,256,10548,45660,10548,4.3288
nasa2910,2910,174296,8,0.0,17,drift,0.5,200,0,False,256,1090,6219,,5.7055
nasa2910,2910,174296,8,0.0,17,drift,0.5,200,25,False,256,1090,6219,,5.7055
nasa2910,2910,174296,8,0.0,17,drift,0.5,200,50,False,256,1090,6219,,5.7055
nasa2910,2910,174296,8,0.0,17,drift,0.5,200,75,False,256,1090,6219,,5.7055
nasa2910,2910,174296,8,0.0,17,drift,0.5,200,100,False,256,1090,6219,,5.7055
nasa2910,2910,174296,8,0.0,17,drift,0.5,200,125,False,256,1090,6219,,5.7055
nasa2910,2910,174296,8,0.0,17,drift,0.5,200,150,False,256,1090,6219,,5.7055
nasa2910,2910,174296,8,0.0,17,drift,0.5,200,175,False,256,1090,6219,,5.7055
nasa2910,2910,174296,8,0.0,17,drift,0.5,200,199,True,256,1090,6219,1090,5.7055
nasa2910,2910,174296,8,0.0,18,drift,0.5,200,0,False,256,733,4516,,6.161
nasa2910,2910,174296,8,0.0,18,drift,0.5,200,25,False,256,733,4516,,6.161
nasa2910,2910,174296,8,0.0,18,drift,0.5,200,50,False,256,733,4516,,6.161
nasa2910,2910,174296,8,0.0,18,drift,0.5,200,75,False,256,733,4516,,6.161
nasa2910,2910,174296,8,0.0,18,drift,0.5,200,100,False,256,733,4516,,6.161
nasa2910,2910,174296,8,0.0,18,drift,0.5,200,125,False,256,733,4516,,6.161
nasa2910,2910,174296,8,0.0,18,drift,0.5,200,150,False,256,733,4516,,6.161
nasa2910,2910,174296,8,0.0,18,drift,0.5,200,175,False,256,733,4516,,6.161
nasa2910,2910,174296,8,0.0,18,drift,0.5,200,199,True,256,733,4516,733,6.161
nasa2910,2910,174296,8,0.0,19,drift,0.5,200,0,False,256,775,5243,,6.7652
nasa2910,2910,174296,8,0.0,19,drift,0.5,200,25,False,256,775,5243,,6.7652
nasa2910,2910,174296,8,0.0,19,drift,0.5,200,50,False,256,775,5243,,6.7652
nasa2910,2910,174296,8,0.0,19,drift,0.5,200,75,False,256,775,5243,,6.7652
nasa2910,2910,174296,8,0.0,19,drift,0.5,200,100,False,256,775,5243,,6.7652
nasa2910,2910,174296,8,0.0,19,drift,0.5,200,125,False,256,775,5243,,6.7652
nasa2910,2910,174296,8,0.0,19,drift,0.5,200,150,False,256,775,5243,,6.7652
nasa2910,2910,174296,8,0.0,19,drift,0.5,200,175,False,256,775,5243,,6.7652
nasa2910,2910,174296,8,0.0,19,drift,0.5,200,199,True,256,775,5243,775,6.7652
nasa2910,2910,174296,8,0.0,20,drift,0.5,200,0,False,256,733,4516,,6.161
nasa2910,2910,174296,8,0.0,20,drift,0.5,200,25,False,256,733,4516,,6.161
nasa2910,2910,174296,8,0.0,20,drift,0.5,200,50,False,256,733,4516,,6.161
nasa2910,2910,174296,8,0.0,20,drift,0.5,200,75,False,256,733,4516,,6.161
nasa2910,2910,174296,8,0.0,20,drift,0.5,200,100,False,256,733,4516,,6.161
nasa2910,2910,174296,8,0.0,20,drift,0.5,200,125,False,256,733,4516,,6.161
nasa2910,2910,174296,8,0.0,20,drift,0.5,200,150,False,256,733,4516,,6.161
nasa2910,2910,174296,8,0.0,20,drift,0.5,200,175,False,256,733,4516,,6.161
nasa2910,2910,174296,8,0.0,20,drift,0.5,200,199,True,256,733,4516,733,6.161
nasa2910,2910,174296,8,0.0,21,drift,0.5,200,0,False,256,673,5023,,7.4636
nasa2910,2910,174296,8,0.0,21,drift,0.5,200,25,False,256,673,5023,,7.4636
nasa2910,2910,174296,8,0.0,21,drift,0.5,200,50,False,256,673,5023,,7.4636
nasa2910,2910,174296,8,0.0,21,drift,0.5,200,75,False,256,673,5023,,7.4636
nasa2910,2910,174296,8,0.0,21,drift,0.5,200,100,False,256,673,5023,,7.4636
nasa2910,2910,174296,8,0.0,21,drift,0.5,200,125,False,256,673,5023,,7.4636
nasa2910,2910,174296,8,0.0,21,drift,0.5,200,150,False,256,673,5023,,7.4636
nasa2910,2910,174296,8,0.0,21,drift,0.5,200,175,False,256,673,5023,,7.4636
nasa2910,2910,174296,8,0.0,21,drift,0.5,200,199,True,256,673,5023,673,7.4636
nasa2910,2910,174296,8,0.002,17,drift,0.5,200,0,False,256,1090,6219,,5.7055
nasa2910,2910,174296,8,0.002,17,drift,0.5,200,25,False,256,1254,7188,,5.7321
nasa2910,2910,174296,8,0.002,17,drift,0.5,200,50,False,256,1280,7523,,5.8773
nasa2910,2910,174296,8,0.002,17,drift,0.5,200,75,False,256,1340,7843,,5.853
nasa2910,2910,174296,8,0.002,17,drift,0.5,200,100,False,256,1442,8042,,5.577
nasa2910,2910,174296,8,0.002,17,drift,0.5,200,125,False,256,1362,8034,,5.8987
nasa2910,2910,174296,8,0.002,17,drift,0.5,200,150,False,256,1359,7969,,5.8639
nasa2910,2910,174296,8,0.002,17,drift,0.5,200,175,False,256,1451,8100,,5.5824
nasa2910,2910,174296,8,0.002,17,drift,0.5,200,199,True,256,1481,8209,1481,5.5429
nasa2910,2910,174296,8,0.002,18,drift,0.5,200,0,False,256,733,4516,,6.161
nasa2910,2910,174296,8,0.002,18,drift,0.5,200,25,False,256,810,5105,,6.3025
nasa2910,2910,174296,8,0.002,18,drift,0.5,200,50,False,256,1044,5885,,5.637
nasa2910,2910,174296,8,0.002,18,drift,0.5,200,75,False,256,1236,6105,,4.9393
nasa2910,2910,174296,8,0.002,18,drift,0.5,200,100,False,256,1226,6309,,5.146
nasa2910,2910,174296,8,0.002,18,drift,0.5,200,125,False,256,1240,6494,,5.2371
nasa2910,2910,174296,8,0.002,18,drift,0.5,200,150,False,256,1344,6769,,5.0365
nasa2910,2910,174296,8,0.002,18,drift,0.5,200,175,False,256,1498,7399,,4.9393
nasa2910,2910,174296,8,0.002,18,drift,0.5,200,199,True,256,1511,7304,1511,4.8339
nasa2910,2910,174296,8,0.002,19,drift,0.5,200,0,False,256,775,5243,,6.7652
nasa2910,2910,174296,8,0.002,19,drift,0.5,200,25,False,256,898,5775,,6.431
nasa2910,2910,174296,8,0.002,19,drift,0.5,200,50,False,256,925,5998,,6.4843
nasa2910,2910,174296,8,0.002,19,drift,0.5,200,75,False,256,976,6273,,6.4273
nasa2910,2910,174296,8,0.002,19,drift,0.5,200,100,False,256,1085,6725,,6.1982
nasa2910,2910,174296,8,0.002,19,drift,0.5,200,125,False,256,1105,7160,,6.4796
nasa2910,2910,174296,8,0.002,19,drift,0.5,200,150,False,256,1105,7153,,6.4733
nasa2910,2910,174296,8,0.002,19,drift,0.5,200,175,False,256,1165,7345,,6.3047
nasa2910,2910,174296,8,0.002,19,drift,0.5,200,199,True,256,1165,7415,1165,6.3648
nasa2910,2910,174296,8,0.002,20,drift,0.5,200,0,False,256,733,4516,,6.161
nasa2910,2910,174296,8,0.002,20,drift,0.5,200,25,False,256,890,5211,,5.8551
nasa2910,2910,174296,8,0.002,20,drift,0.5,200,50,False,256,970,5850,,6.0309
nasa2910,2910,174296,8,0.002,20,drift,0.5,200,75,False,256,1098,6135,,5.5874
nasa2910,2910,174296,8,0.002,20,drift,0.5,200,100,False,256,1286,6734,,5.2364
nasa2910,2910,174296,8,0.002,20,drift,0.5,200,125,False,256,1350,7404,,5.4844
nasa2910,2910,174296,8,0.002,20,drift,0.5,200,150,False,256,1389,7774,,5.5968
nasa2910,2910,174296,8,0.002,20,drift,0.5,200,175,False,256,1409,7824,,5.5529
nasa2910,2910,174296,8,0.002,20,drift,0.5,200,199,True,256,1409,7824,1409,5.5529
nasa2910,2910,174296,8,0.002,21,drift,0.5,200,0,False,256,673,5023,,7.4636
nasa2910,2910,174296,8,0.002,21,drift,0.5,200,25,False,256,700,5348,,7.64
nasa2910,2910,174296,8,0.002,21,drift,0.5,200,50,False,256,700,5495,,7.85
nasa2910,2910,174296,8,0.002,21,drift,0.5,200,75,False,256,700,5570,,7.9571
nasa2910,2910,174296,8,0.002,21,drift,0.5,200,100,False,256,700,5528,,7.8971
nasa2910,2910,174296,8,0.002,21,drift,0.5,200,125,False,256,700,5613,,8.0186
nasa2910,2910,174296,8,0.002,21,drift,0.5,200,150,False,256,700,5613,,8.0186
nasa2910,2910,174296,8,0.002,21,drift,0.5,200,175,False,256,700,5613,,8.0186
nasa2910,2910,174296,8,0.002,21,drift,0.5,200,199,True,256,700,5613,700,8.0186
nasa2910,2910,174296,8,0.01,17,drift,0.5,200,0,False,256,1090,6219,,5.7055
nasa2910,2910,174296,8,0.01,17,drift,0.5,200,25,False,256,1332,7305,,5.4842
nasa2910,2910,174296,8,0.01,17,drift,0.5,200,50,False,256,1468,8702,,5.9278
nasa2910,2910,174296,8,0.01,17,drift,0.5,200,75,False,256,1608,9925,,6.1723
nasa2910,2910,174296,8,0.01,17,drift,0.5,200,100,False,256,1615,9663,,5.9833
nasa2910,2910,174296,8,0.01,17,drift,0.5,200,125,False,256,1575,9542,,6.0584
nasa2910,2910,174296,8,0.01,17,drift,0.5,200,150,False,256,1631,10189,,6.2471
nasa2910,2910,174296,8,0.01,17,drift,0.5,200,175,False,256,1601,9485,,5.9244
nasa2910,2910,174296,8,0.01,17,drift,0.5,200,199,True,256,1690,9965,1690,5.8964
nasa2910,2910,174296,8,0.01,18,drift,0.5,200,0,False,256,733,4516,,6.161
nasa2910,2910,174296,8,0.01,18,drift,0.5,200,25,False,256,960,5685,,5.9219
nasa2910,2910,174296,8,0.01,18,drift,0.5,200,50,False,256,1256,6890,,5.4857
nasa2910,2910,174296,8,0.01,18,drift,0.5,200,75,False,256,1160,6877,,5.9284
nasa2910,2910,174296,8,0.01,18,drift,0.5,200,100,False,256,1310,7472,,5.7038
nasa2910,2910,174296,8,0.01,18,drift,0.5,200,125,False,256,1420,8077,,5.688
nasa2910,2910,174296,8,0.01,18,drift,0.5,200,150,False,256,1520,8786,,5.7803
nasa2910,2910,174296,8,0.01,18,drift,0.5,200,175,False,256,1678,8701,,5.1853
nasa2910,2910,174296,8,0.01,18,drift,0.5,200,199,True,256,1691,9289,1691,5.4932
nasa2910,2910,174296,8,0.01,19,drift,0.5,200,0,False,256,775,5243,,6.7652
nasa2910,2910,174296,8,0.01,19,drift,0.5,200,25,False,256,1005,6402,,6.3701
nasa2910,2910,174296,8,0.01,19,drift,0.5,200,50,False,256,1083,7692,,7.1025
nasa2910,2910,174296,8,0.01,19,drift,0.5,200,75,False,256,1163,8204,,7.0542
nasa2910,2910,174296,8,0.01,19,drift,0.5,200,100,False,256,1258,8622,,6.8537
nasa2910,2910,174296,8,0.01,19,drift,0.5,200,125,False,256,1258,8339,,6.6288
nasa2910,2910,174296,8,0.01,19,drift,0.5,200,150,False,256,1238,8049,,6.5016
nasa2910,2910,174296,8,0.01,19,drift,0.5,200,175,False,256,1189,8062,,6.7805
nasa2910,2910,174296,8,0.01,19,drift,0.5,200,199,True,256,1189,8251,1189,6.9394
nasa2910,2910,174296,8,0.01,20,drift,0.5,200,0,False,256,733,4516,,6.161
nasa2910,2910,174296,8,0.01,20,drift,0.5,200,25,False,256,966,5930,,6.1387
nasa2910,2910,174296,8,0.01,20,drift,0.5,200,50,False,256,1200,7013,,5.8442
nasa2910,2910,174296,8,0.01,20,drift,0.5,200,75,False,256,1260,7299,,5.7929
nasa2910,2910,174296,8,0.01,20,drift,0.5,200,100,False,256,1409,8068,,5.726
nasa2910,2910,174296,8,0.01,20,drift,0.5,200,125,False,256,1510,8014,,5.3073
nasa2910,2910,174296,8,0.01,20,drift,0.5,200,150,False,256,1578,8054,,5.1039
nasa2910,2910,174296,8,0.01,20,drift,0.5,200,175,False,256,1693,8656,,5.1128
nasa2910,2910,174296,8,0.01,20,drift,0.5,200,199,True,256,1746,9144,1746,5.2371
nasa2910,2910,174296,8,0.01,21,drift,0.5,200,0,False,256,673,5023,,7.4636
nasa2910,2910,174296,8,0.01,21,drift,0.5,200,25,False,256,698,5298,,7.5903
nasa2910,2910,174296,8,0.01,21,drift,0.5,200,50,False,256,678,5433,,8.0133
nasa2910,2910,174296,8,0.01,21,drift,0.5,200,75,False,256,678,5718,,8.4336
nasa2910,2910,174296,8,0.01,21,drift,0.5,200,100,False,256,680,5843,,8.5926
nasa2910,2910,174296,8,0.01,21,drift,0.5,200,125,False,256,855,5948,,6.9567
nasa2910,2910,174296,8,0.01,21,drift,0.5,200,150,False,256,855,6006,,7.0246
nasa2910,2910,174296,8,0.01,21,drift,0.5,200,175,False,256,855,6101,,7.1357
nasa2910,2910,174296,8,0.01,21,drift,0.5,200,199,True,256,855,6056,855,7.083
nasa2910,2910,174296,8,0.05,17,drift,0.5,200,0,False,256,1090,6219,,5.7055
nasa2910,2910,174296,8,0.05,17,drift,0.5,200,25,False,256,1501,9371,,6.2432
nasa2910,2910,174296,8,0.05,17,drift,0.5,200,50,False,256,1700,11407,,6.71
nasa2910,2910,174296,8,0.05,17,drift,0.5,200,75,False,256,1666,10713,,6.4304
nasa2910,2910,174296,8,0.05,17,drift,0.5,200,100,False,256,1566,10223,,6.5281
nasa2910,2910,174296,8,0.05,17,drift,0.5,200,125,False,256,1482,9925,,6.697
nasa2910,2910,174296,8,0.05,17,drift,0.5,200,150,False,256,1368,8931,,6.5285
nasa2910,2910,174296,8,0.05,17,drift,0.5,200,175,False,256,1310,8794,,6.713
nasa2910,2910,174296,8,0.05,17,drift,0.5,200,199,True,256,1228,7614,1228,6.2003
nasa2910,2910,174296,8,0.05,18,drift,0.5,200,0,False,256,733,4516,,6.161
nasa2910,2910,174296,8,0.05,18,drift,0.5,200,25,False,256,1090,7672,,7.0385
nasa2910,2910,174296,8,0.05,18,drift,0.5,200,50,False,256,1040,7127,,6.8529
nasa2910,2910,174296,8,0.05,18,drift,0.5,200,75,False,256,1692,10701,,6.3245
nasa2910,2910,174296,8,0.05,18,drift,0.5,200,100,False,256,2058,11700,,5.6851
nasa2910,2910,174296,8,0.05,18,drift,0.5,200,125,False,256,1950,9660,,4.9538
nasa2910,2910,174296,8,0.05,18,drift,0.5,200,150,False,256,2064,9313,,4.5121
nasa2910,2910,174296,8,0.05,18,drift,0.5,200,175,False,256,2070,10031,,4.8459
nasa2910,2910,174296,8,0.05,18,drift,0.5,200,199,True,256,1834,9454,1834,5.1549
nasa2910,2910,174296,8,0.05,19,drift,0.5,200,0,False,256,775,5243,,6.7652
nasa2910,2910,174296,8,0.05,19,drift,0.5,200,25,False,256,1000,7479,,7.479
nasa2910,2910,174296,8,0.05,19,drift,0.5,200,50,False,256,1056,8071,,7.643
nasa2910,2910,174296,8,0.05,19,drift,0.5,200,75,False,256,1052,8361,,7.9477
nasa2910,2910,174296,8,0.05,19,drift,0.5,200,100,False,256,970,7132,,7.3526
nasa2910,2910,174296,8,0.05,19,drift,0.5,200,125,False,256,996,6892,,6.9197
nasa2910,2910,174296,8,0.05,19,drift,0.5,200,150,False,256,928,6702,,7.222
nasa2910,2910,174296,8,0.05,19,drift,0.5,200,175,False,256,938,6310,,6.7271
nasa2910,2910,174296,8,0.05,19,drift,0.5,200,199,True,256,757,5301,757,7.0026
nasa2910,2910,174296,8,0.05,20,drift,0.5,200,0,False,256,733,4516,,6.161
nasa2910,2910,174296,8,0.05,20,drift,0.5,200,25,False,256,1170,8713,,7.447
nasa2910,2910,174296,8,0.05,20,drift,0.5,200,50,False,256,1710,10792,,6.3111
nasa2910,2910,174296,8,0.05,20,drift,0.5,200,75,False,256,2027,12780,,6.3049
nasa2910,2910,174296,8,0.05,20,drift,0.5,200,100,False,256,2195,12234,,5.5736
nasa2910,2910,174296,8,0.05,20,drift,0.5,200,125,False,256,2072,10051,,4.8509
nasa2910,2910,174296,8,0.05,20,drift,0.5,200,150,False,256,1988,8859,,4.4562
nasa2910,2910,174296,8,0.05,20,drift,0.5,200,175,False,256,2074,9808,,4.729
nasa2910,2910,174296,8,0.05,20,drift,0.5,200,199,True,256,1814,8496,1814,4.6836
nasa2910,2910,174296,8,0.05,21,drift,0.5,200,0,False,256,673,5023,,7.4636
nasa2910,2910,174296,8,0.05,21,drift,0.5,200,25,False,256,1109,6700,,6.0415
nasa2910,2910,174296,8,0.05,21,drift,0.5,200,50,False,256,1120,7264,,6.4857
nasa2910,2910,174296,8,0.05,21,drift,0.5,200,75,False,256,1100,6791,,6.1736
nasa2910,2910,174296,8,0.05,21,drift,0.5,200,100,False,256,1224,7476,,6.1078
nasa2910,2910,174296,8,0.05,21,drift,0.5,200,125,False,256,1286,8365,,6.5047
nasa2910,2910,174296,8,0.05,21,drift,0.5,200,150,False,256,1156,7169,,6.2016
nasa2910,2910,174296,8,0.05,21,drift,0.5,200,175,False,256,1310,9006,,6.8748
nasa2910,2910,174296,8,0.05,21,drift,0.5,200,199,True,256,1298,8753,1298,6.7435
nasa2910,2910,174296,8,0.25,17,drift,0.5,200,0,False,256,1090,6219,,5.7055
nasa2910,2910,174296,8,0.25,17,drift,0.5,200,25,False,256,1510,9659,,6.3967
nasa2910,2910,174296,8,0.25,17,drift,0.5,200,50,False,256,1280,9026,,7.0516
nasa2910,2910,174296,8,0.25,17,drift,0.5,200,75,False,256,1418,9504,,6.7024
nasa2910,2910,174296,8,0.25,17,drift,0.5,200,100,False,256,1420,9840,,6.9296
nasa2910,2910,174296,8,0.25,17,drift,0.5,200,125,False,256,2035,11159,,5.4835
nasa2910,2910,174296,8,0.25,17,drift,0.5,200,150,False,256,927,7304,,7.8792
nasa2910,2910,174296,8,0.25,17,drift,0.5,200,175,False,256,1210,7720,,6.3802
nasa2910,2910,174296,8,0.25,17,drift,0.5,200,199,True,256,1554,10079,1554,6.4858
nasa2910,2910,174296,8,0.25,18,drift,0.5,200,0,False,256,733,4516,,6.161
nasa2910,2910,174296,8,0.25,18,drift,0.5,200,25,False,256,978,7480,,7.6483
nasa2910,2910,174296,8,0.25,18,drift,0.5,200,50,False,256,1520,8815,,5.7993
nasa2910,2910,174296,8,0.25,18,drift,0.5,200,75,False,256,1350,9314,,6.8993
nasa2910,2910,174296,8,0.25,18,drift,0.5,200,100,False,256,1871,8808,,4.7076
nasa2910,2910,174296,8,0.25,18,drift,0.5,200,125,False,256,1060,7317,,6.9028
nasa2910,2910,174296,8,0.25,18,drift,0.5,200,150,False,256,1237,7437,,6.0121
nasa2910,2910,174296,8,0.25,18,drift,0.5,200,175,False,256,1282,8986,,7.0094
nasa2910,2910,174296,8,0.25,18,drift,0.5,200,199,True,256,1500,9564,1500,6.376
nasa2910,2910,174296,8,0.25,19,drift,0.5,200,0,False,256,775,5243,,6.7652
nasa2910,2910,174296,8,0.25,19,drift,0.5,200,25,False,256,1180,9470,,8.0254
nasa2910,2910,174296,8,0.25,19,drift,0.5,200,50,False,256,1240,9287,,7.4895
nasa2910,2910,174296,8,0.25,19,drift,0.5,200,75,False,256,1220,9320,,7.6393
nasa2910,2910,174296,8,0.25,19,drift,0.5,200,100,False,256,1010,7217,,7.1455
nasa2910,2910,174296,8,0.25,19,drift,0.5,200,125,False,256,1006,8059,,8.0109
nasa2910,2910,174296,8,0.25,19,drift,0.5,200,150,False,256,1040,7627,,7.3337
nasa2910,2910,174296,8,0.25,19,drift,0.5,200,175,False,256,1426,9729,,6.8226
nasa2910,2910,174296,8,0.25,19,drift,0.5,200,199,True,256,1146,9453,1146,8.2487
nasa2910,2910,174296,8,0.25,20,drift,0.5,200,0,False,256,733,4516,,6.161
nasa2910,2910,174296,8,0.25,20,drift,0.5,200,25,False,256,978,7607,,7.7781
nasa2910,2910,174296,8,0.25,20,drift,0.5,200,50,False,256,1375,8862,,6.4451
nasa2910,2910,174296,8,0.25,20,drift,0.5,200,75,False,256,1415,8686,,6.1385
nasa2910,2910,174296,8,0.25,20,drift,0.5,200,100,False,256,1563,9678,,6.1919
nasa2910,2910,174296,8,0.25,20,drift,0.5,200,125,False,256,1365,9721,,7.1216
nasa2910,2910,174296,8,0.25,20,drift,0.5,200,150,False,256,1588,10211,,6.4301
nasa2910,2910,174296,8,0.25,20,drift,0.5,200,175,False,256,1430,8609,,6.0203
nasa2910,2910,174296,8,0.25,20,drift,0.5,200,199,True,256,1189,7704,1189,6.4794
nasa2910,2910,174296,8,0.25,21,drift,0.5,200,0,False,256,673,5023,,7.4636
nasa2910,2910,174296,8,0.25,21,drift,0.5,200,25,False,256,1060,8446,,7.9679
nasa2910,2910,174296,8,0.25,21,drift,0.5,200,50,False,256,1669,10136,,6.0731
nasa2910,2910,174296,8,0.25,21,drift,0.5,200,75,False,256,1769,11514,,6.5088
nasa2910,2910,174296,8,0.25,21,drift,0.5,200,100,False,256,1411,8715,,6.1765
nasa2910,2910,174296,8,0.25,21,drift,0.5,200,125,False,256,1274,8039,,6.31
nasa2910,2910,174296,8,0.25,21,drift,0.5,200,150,False,256,1441,8630,,5.9889
nasa2910,2910,174296,8,0.25,21,drift,0.5,200,175,False,256,1641,9812,,5.9793
nasa2910,2910,174296,8,0.25,21,drift,0.5,200,199,True,256,1220,8186,1220,6.7098
nasa2910,2910,174296,8,0.0,17,jump,0.5,200,0,False,256,1090,6219,,5.7055
nasa2910,2910,174296,8,0.0,17,jump,0.5,200,25,False,256,1090,6219,,5.7055
nasa2910,2910,174296,8,0.0,17,jump,0.5,200,50,False,256,1090,6219,,5.7055
nasa2910,2910,174296,8,0.0,17,jump,0.5,200,75,False,256,1090,6219,,5.7055
nasa2910,2910,174296,8,0.0,17,jump,0.5,200,100,False,256,1090,6219,,5.7055
nasa2910,2910,174296,8,0.0,17,jump,0.5,200,125,False,256,1090,6219,,5.7055
nasa2910,2910,174296,8,0.0,17,jump,0.5,200,150,False,256,1090,6219,,5.7055
nasa2910,2910,174296,8,0.0,17,jump,0.5,200,175,False,256,1090,6219,,5.7055
nasa2910,2910,174296,8,0.0,17,jump,0.5,200,199,True,256,1090,6219,1090,5.7055
nasa2910,2910,174296,8,0.0,18,jump,0.5,200,0,False,256,733,4516,,6.161
nasa2910,2910,174296,8,0.0,18,jump,0.5,200,25,False,256,733,4516,,6.161
nasa2910,2910,174296,8,0.0,18,jump,0.5,200,50,False,256,733,4516,,6.161
nasa2910,2910,174296,8,0.0,18,jump,0.5,200,75,False,256,733,4516,,6.161
nasa2910,2910,174296,8,0.0,18,jump,0.5,200,100,False,256,733,4516,,6.161
nasa2910,2910,174296,8,0.0,18,jump,0.5,200,125,False,256,733,4516,,6.161
nasa2910,2910,174296,8,0.0,18,jump,0.5,200,150,False,256,733,4516,,6.161
nasa2910,2910,174296,8,0.0,18,jump,0.5,200,175,False,256,733,4516,,6.161
nasa2910,2910,174296,8,0.0,18,jump,0.5,200,199,True,256,733,4516,733,6.161
nasa2910,2910,174296,8,0.0,19,jump,0.5,200,0,False,256,775,5243,,6.7652
nasa2910,2910,174296,8,0.0,19,jump,0.5,200,25,False,256,775,5243,,6.7652
nasa2910,2910,174296,8,0.0,19,jump,0.5,200,50,False,256,775,5243,,6.7652
nasa2910,2910,174296,8,0.0,19,jump,0.5,200,75,False,256,775,5243,,6.7652
nasa2910,2910,174296,8,0.0,19,jump,0.5,200,100,False,256,775,5243,,6.7652
nasa2910,2910,174296,8,0.0,19,jump,0.5,200,125,False,256,775,5243,,6.7652
nasa2910,2910,174296,8,0.0,19,jump,0.5,200,150,False,256,775,5243,,6.7652
nasa2910,2910,174296,8,0.0,19,jump,0.5,200,175,False,256,775,5243,,6.7652
nasa2910,2910,174296,8,0.0,19,jump,0.5,200,199,True,256,775,5243,775,6.7652
nasa2910,2910,174296,8,0.0,20,jump,0.5,200,0,False,256,733,4516,,6.161
nasa2910,2910,174296,8,0.0,20,jump,0.5,200,25,False,256,733,4516,,6.161
nasa2910,2910,174296,8,0.0,20,jump,0.5,200,50,False,256,733,4516,,6.161
nasa2910,2910,174296,8,0.0,20,jump,0.5,200,75,False,256,733,4516,,6.161
nasa2910,2910,174296,8,0.0,20,jump,0.5,200,100,False,256,733,4516,,6.161
nasa2910,2910,174296,8,0.0,20,jump,0.5,200,125,False,256,733,4516,,6.161
nasa2910,2910,174296,8,0.0,20,jump,0.5,200,150,False,256,733,4516,,6.161
nasa2910,2910,174296,8,0.0,20,jump,0.5,200,175,False,256,733,4516,,6.161
nasa2910,2910,174296,8,0.0,20,jump,0.5,200,199,True,256,733,4516,733,6.161
nasa2910,2910,174296,8,0.0,21,jump,0.5,200,0,False,256,673,5023,,7.4636
nasa2910,2910,174296,8,0.0,21,jump,0.5,200,25,False,256,673,5023,,7.4636
nasa2910,2910,174296,8,0.0,21,jump,0.5,200,50,False,256,673,5023,,7.4636
nasa2910,2910,174296,8,0.0,21,jump,0.5,200,75,False,256,673,5023,,7.4636
nasa2910,2910,174296,8,0.0,21,jump,0.5,200,100,False,256,673,5023,,7.4636
nasa2910,2910,174296,8,0.0,21,jump,0.5,200,125,False,256,673,5023,,7.4636
nasa2910,2910,174296,8,0.0,21,jump,0.5,200,150,False,256,673,5023,,7.4636
nasa2910,2910,174296,8,0.0,21,jump,0.5,200,175,False,256,673,5023,,7.4636
nasa2910,2910,174296,8,0.0,21,jump,0.5,200,199,True,256,673,5023,673,7.4636
nasa2910,2910,174296,8,0.002,17,jump,0.5,200,0,False,256,1090,6219,,5.7055
nasa2910,2910,174296,8,0.002,17,jump,0.5,200,25,False,256,2237,8553,,3.8234
nasa2910,2910,174296,8,0.002,17,jump,0.5,200,50,False,256,2459,10381,,4.2216
nasa2910,2910,174296,8,0.002,17,jump,0.5,200,75,False,256,2771,12648,,4.5644
nasa2910,2910,174296,8,0.002,17,jump,0.5,200,100,False,256,2870,14687,,5.1174
nasa2910,2910,174296,8,0.002,17,jump,0.5,200,125,False,256,2872,16904,,5.8858
nasa2910,2910,174296,8,0.002,17,jump,0.5,200,150,False,256,2898,17813,,6.1467
nasa2910,2910,174296,8,0.002,17,jump,0.5,200,175,False,256,2888,18286,,6.3317
nasa2910,2910,174296,8,0.002,17,jump,0.5,200,199,True,256,2888,18189,2888,6.2981
nasa2910,2910,174296,8,0.002,18,jump,0.5,200,0,False,256,733,4516,,6.161
nasa2910,2910,174296,8,0.002,18,jump,0.5,200,25,False,256,1986,6688,,3.3676
nasa2910,2910,174296,8,0.002,18,jump,0.5,200,50,False,256,2491,8618,,3.4597
nasa2910,2910,174296,8,0.002,18,jump,0.5,200,75,False,256,2756,10721,,3.8901
nasa2910,2910,174296,8,0.002,18,jump,0.5,200,100,False,256,2807,12420,,4.4247
nasa2910,2910,174296,8,0.002,18,jump,0.5,200,125,False,256,2858,13678,,4.7859
nasa2910,2910,174296,8,0.002,18,jump,0.5,200,150,False,256,2846,14536,,5.1075
nasa2910,2910,174296,8,0.002,18,jump,0.5,200,175,False,256,2869,15922,,5.5497
nasa2910,2910,174296,8,0.002,18,jump,0.5,200,199,True,256,2883,17126,2883,5.9403
nasa2910,2910,174296,8,0.002,19,jump,0.5,200,0,False,256,775,5243,,6.7652
nasa2910,2910,174296,8,0.002,19,jump,0.5,200,25,False,256,2061,7795,,3.7821
nasa2910,2910,174296,8,0.002,19,jump,0.5,200,50,False,256,2485,9664,,3.8889
nasa2910,2910,174296,8,0.002,19,jump,0.5,200,75,False,256,2666,11203,,4.2022
nasa2910,2910,174296,8,0.002,19,jump,0.5,200,100,False,256,2844,12723,,4.4736
nasa2910,2910,174296,8,0.002,19,jump,0.5,200,125,False,256,2818,13812,,4.9013
nasa2910,2910,174296,8,0.002,19,jump,0.5,200,150,False,256,2830,14017,,4.953
nasa2910,2910,174296,8,0.002,19,jump,0.5,200,175,False,256,2858,15386,,5.3835
nasa2910,2910,174296,8,0.002,19,jump,0.5,200,199,True,256,2863,16125,2863,5.6322
nasa2910,2910,174296,8,0.002,20,jump,0.5,200,0,False,256,733,4516,,6.161
nasa2910,2910,174296,8,0.002,20,jump,0.5,200,25,False,256,2068,7488,,3.6209
nasa2910,2910,174296,8,0.002,20,jump,0.5,200,50,False,256,2495,9108,,3.6505
nasa2910,2910,174296,8,0.002,20,jump,0.5,200,75,False,256,2697,10788,,4.0
nasa2910,2910,174296,8,0.002,20,jump,0.5,200,100,False,256,2801,12764,,4.5569
nasa2910,2910,174296,8,0.002,20,jump,0.5,200,125,False,256,2850,14071,,4.9372
nasa2910,2910,174296,8,0.002,20,jump,0.5,200,150,False,256,2869,16051,,5.5946
nasa2910,2910,174296,8,0.002,20,jump,0.5,200,175,False,256,2885,17191,,5.9588
nasa2910,2910,174296,8,0.002,20,jump,0.5,200,199,True,256,2895,17596,2895,6.0781
nasa2910,2910,174296,8,0.002,21,jump,0.5,200,0,False,256,673,5023,,7.4636
nasa2910,2910,174296,8,0.002,21,jump,0.5,200,25,False,256,2042,7316,,3.5828
nasa2910,2910,174296,8,0.002,21,jump,0.5,200,50,False,256,2577,10009,,3.884
nasa2910,2910,174296,8,0.002,21,jump,0.5,200,75,False,256,2752,11726,,4.2609
nasa2910,2910,174296,8,0.002,21,jump,0.5,200,100,False,256,2819,13135,,4.6595
nasa2910,2910,174296,8,0.002,21,jump,0.5,200,125,False,256,2847,14711,,5.1672
nasa2910,2910,174296,8,0.002,21,jump,0.5,200,150,False,256,2863,16272,,5.6835
nasa2910,2910,174296,8,0.002,21,jump,0.5,200,175,False,256,2898,16788,,5.793
nasa2910,2910,174296,8,0.002,21,jump,0.5,200,199,True,256,2894,16847,2894,5.8214
nasa2910,2910,174296,8,0.01,17,jump,0.5,200,0,False,256,1090,6219,,5.7055
nasa2910,2910,174296,8,0.01,17,jump,0.5,200,25,False,256,2747,13062,,4.755
nasa2910,2910,174296,8,0.01,17,jump,0.5,200,50,False,256,2873,16949,,5.8994
nasa2910,2910,174296,8,0.01,17,jump,0.5,200,75,False,256,2830,18829,,6.6534
nasa2910,2910,174296,8,0.01,17,jump,0.5,200,100,False,256,2900,19367,,6.6783
nasa2910,2910,174296,8,0.01,17,jump,0.5,200,125,False,256,2910,20506,,7.0467
nasa2910,2910,174296,8,0.01,17,jump,0.5,200,150,False,256,2910,20938,,7.1952
nasa2910,2910,174296,8,0.01,17,jump,0.5,200,175,False,256,2909,22064,,7.5847
nasa2910,2910,174296,8,0.01,17,jump,0.5,200,199,True,256,2909,22421,2909,7.7075
nasa2910,2910,174296,8,0.01,18,jump,0.5,200,0,False,256,733,4516,,6.161
nasa2910,2910,174296,8,0.01,18,jump,0.5,200,25,False,256,2634,10631,,4.0361
nasa2910,2910,174296,8,0.01,18,jump,0.5,200,50,False,256,2901,14913,,5.1406
nasa2910,2910,174296,8,0.01,18,jump,0.5,200,75,False,256,2868,17868,,6.2301
nasa2910,2910,174296,8,0.01,18,jump,0.5,200,100,False,256,2905,20096,,6.9177
nasa2910,2910,174296,8,0.01,18,jump,0.5,200,125,False,256,2910,20581,,7.0725
nasa2910,2910,174296,8,0.01,18,jump,0.5,200,150,False,256,2900,20855,,7.1914
nasa2910,2910,174296,8,0.01,18,jump,0.5,200,175,False,256,2900,21201,,7.3107
nasa2910,2910,174296,8,0.01,18,jump,0.5,200,199,True,256,2890,20162,2890,6.9765
nasa2910,2910,174296,8,0.01,19,jump,0.5,200,0,False,256,775,5243,,6.7652
nasa2910,2910,174296,8,0.01,19,jump,0.5,200,25,False,256,2595,10886,,4.195
nasa2910,2910,174296,8,0.01,19,jump,0.5,200,50,False,256,2843,15509,,5.4552
nasa2910,2910,174296,8,0.01,19,jump,0.5,200,75,False,256,2884,17873,,6.1973
nasa2910,2910,174296,8,0.01,19,jump,0.5,200,100,False,256,2905,20094,,6.917
nasa2910,2910,174296,8,0.01,19,jump,0.5,200,125,False,256,2908,20589,,7.0801
nasa2910,2910,174296,8,0.01,19,jump,0.5,200,150,False,256,2908,20121,,6.9192
nasa2910,2910,174296,8,0.01,19,jump,0.5,200,175,False,256,2910,20870,,7.1718
nasa2910,2910,174296,8,0.01,19,jump,0.5,200,199,True,256,2905,21046,2905,7.2448
nasa2910,2910,174296,8,0.01,20,jump,0.5,200,0,False,256,733,4516,,6.161
nasa2910,2910,174296,8,0.01,20,jump,0.5,200,25,False,256,2590,10619,,4.1
nasa2910,2910,174296,8,0.01,20,jump,0.5,200,50,False,256,2868,13808,,4.8145
nasa2910,2910,174296,8,0.01,20,jump,0.5,200,75,False,256,2894,15394,,5.3193
nasa2910,2910,174296,8,0.01,20,jump,0.5,200,100,False,256,2890,17158,,5.937
nasa2910,2910,174296,8,0.01,20,jump,0.5,200,125,False,256,2885,20115,,6.9723
nasa2910,2910,174296,8,0.01,20,jump,0.5,200,150,False,256,2890,21172,,7.326
nasa2910,2910,174296,8,0.01,20,jump,0.5,200,175,False,256,2910,20402,,7.011
nasa2910,2910,174296,8,0.01,20,jump,0.5,200,199,True,256,2896,20571,2896,7.1032
nasa2910,2910,174296,8,0.01,21,jump,0.5,200,0,False,256,673,5023,,7.4636
nasa2910,2910,174296,8,0.01,21,jump,0.5,200,25,False,256,2669,10701,,4.0094
nasa2910,2910,174296,8,0.01,21,jump,0.5,200,50,False,256,2869,15046,,5.2443
nasa2910,2910,174296,8,0.01,21,jump,0.5,200,75,False,256,2889,17532,,6.0685
nasa2910,2910,174296,8,0.01,21,jump,0.5,200,100,False,256,2905,19147,,6.591
nasa2910,2910,174296,8,0.01,21,jump,0.5,200,125,False,256,2900,20950,,7.2241
nasa2910,2910,174296,8,0.01,21,jump,0.5,200,150,False,256,2903,20113,,6.9283
nasa2910,2910,174296,8,0.01,21,jump,0.5,200,175,False,256,2905,21573,,7.4262
nasa2910,2910,174296,8,0.01,21,jump,0.5,200,199,True,256,2903,21383,2903,7.3658
nasa2910,2910,174296,8,0.05,17,jump,0.5,200,0,False,256,1090,6219,,5.7055
nasa2910,2910,174296,8,0.05,17,jump,0.5,200,25,False,256,2898,21732,,7.499
nasa2910,2910,174296,8,0.05,17,jump,0.5,200,50,False,256,2910,21973,,7.5509
nasa2910,2910,174296,8,0.05,17,jump,0.5,200,75,False,256,2910,21514,,7.3931
nasa2910,2910,174296,8,0.05,17,jump,0.5,200,100,False,256,2905,20654,,7.1098
nasa2910,2910,174296,8,0.05,17,jump,0.5,200,125,False,256,2910,21481,,7.3818
nasa2910,2910,174296,8,0.05,17,jump,0.5,200,150,False,256,2899,21552,,7.4343
nasa2910,2910,174296,8,0.05,17,jump,0.5,200,175,False,256,2898,19776,,6.824
nasa2910,2910,174296,8,0.05,17,jump,0.5,200,199,True,256,2900,20792,2900,7.1697
nasa2910,2910,174296,8,0.05,18,jump,0.5,200,0,False,256,733,4516,,6.161
nasa2910,2910,174296,8,0.05,18,jump,0.5,200,25,False,256,2909,20153,,6.9278
nasa2910,2910,174296,8,0.05,18,jump,0.5,200,50,False,256,2905,20615,,7.0964
nasa2910,2910,174296,8,0.05,18,jump,0.5,200,75,False,256,2910,21747,,7.4732
nasa2910,2910,174296,8,0.05,18,jump,0.5,200,100,False,256,2909,21762,,7.4809
nasa2910,2910,174296,8,0.05,18,jump,0.5,200,125,False,256,2910,22544,,7.7471
nasa2910,2910,174296,8,0.05,18,jump,0.5,200,150,False,256,2910,21632,,7.4337
nasa2910,2910,174296,8,0.05,18,jump,0.5,200,175,False,256,2908,20768,,7.1417
nasa2910,2910,174296,8,0.05,18,jump,0.5,200,199,True,256,2900,19814,2900,6.8324
nasa2910,2910,174296,8,0.05,19,jump,0.5,200,0,False,256,775,5243,,6.7652
nasa2910,2910,174296,8,0.05,19,jump,0.5,200,25,False,256,2910,20637,,7.0918
nasa2910,2910,174296,8,0.05,19,jump,0.5,200,50,False,256,2910,20852,,7.1656
nasa2910,2910,174296,8,0.05,19,jump,0.5,200,75,False,256,2910,20601,,7.0794
nasa2910,2910,174296,8,0.05,19,jump,0.5,200,100,False,256,2910,21190,,7.2818
nasa2910,2910,174296,8,0.05,19,jump,0.5,200,125,False,256,2909,22404,,7.7016
nasa2910,2910,174296,8,0.05,19,jump,0.5,200,150,False,256,2890,21953,,7.5962
nasa2910,2910,174296,8,0.05,19,jump,0.5,200,175,False,256,2910,21832,,7.5024
nasa2910,2910,174296,8,0.05,19,jump,0.5,200,199,True,256,2910,22040,2910,7.5739
nasa2910,2910,174296,8,0.05,20,jump,0.5,200,0,False,256,733,4516,,6.161
nasa2910,2910,174296,8,0.05,20,jump,0.5,200,25,False,256,2904,20470,,7.0489
nasa2910,2910,174296,8,0.05,20,jump,0.5,200,50,False,256,2910,21065,,7.2388
nasa2910,2910,174296,8,0.05,20,jump,0.5,200,75,False,256,2900,21452,,7.3972
nasa2910,2910,174296,8,0.05,20,jump,0.5,200,100,False,256,2910,21278,,7.312
nasa2910,2910,174296,8,0.05,20,jump,0.5,200,125,False,256,2910,22419,,7.7041
nasa2910,2910,174296,8,0.05,20,jump,0.5,200,150,False,256,2910,21017,,7.2223
nasa2910,2910,174296,8,0.05,20,jump,0.5,200,175,False,256,2910,20416,,7.0158
nasa2910,2910,174296,8,0.05,20,jump,0.5,200,199,True,256,2910,21422,2910,7.3615
nasa2910,2910,174296,8,0.05,21,jump,0.5,200,0,False,256,673,5023,,7.4636
nasa2910,2910,174296,8,0.05,21,jump,0.5,200,25,False,256,2910,20166,,6.9299
nasa2910,2910,174296,8,0.05,21,jump,0.5,200,50,False,256,2905,21095,,7.2616
nasa2910,2910,174296,8,0.05,21,jump,0.5,200,75,False,256,2907,21862,,7.5205
nasa2910,2910,174296,8,0.05,21,jump,0.5,200,100,False,256,2909,22877,,7.8642
nasa2910,2910,174296,8,0.05,21,jump,0.5,200,125,False,256,2910,22746,,7.8165
nasa2910,2910,174296,8,0.05,21,jump,0.5,200,150,False,256,2910,22554,,7.7505
nasa2910,2910,174296,8,0.05,21,jump,0.5,200,175,False,256,2909,22708,,7.8061
nasa2910,2910,174296,8,0.05,21,jump,0.5,200,199,True,256,2910,20892,2910,7.1794
nasa2910,2910,174296,8,0.25,17,jump,0.5,200,0,False,256,1090,6219,,5.7055
nasa2910,2910,174296,8,0.25,17,jump,0.5,200,25,False,256,2900,21515,,7.419
nasa2910,2910,174296,8,0.25,17,jump,0.5,200,50,False,256,2900,22732,,7.8386
nasa2910,2910,174296,8,0.25,17,jump,0.5,200,75,False,256,2910,20522,,7.0522
nasa2910,2910,174296,8,0.25,17,jump,0.5,200,100,False,256,2909,22732,,7.8144
nasa2910,2910,174296,8,0.25,17,jump,0.5,200,125,False,256,2910,22244,,7.644
nasa2910,2910,174296,8,0.25,17,jump,0.5,200,150,False,256,2905,22994,,7.9153
nasa2910,2910,174296,8,0.25,17,jump,0.5,200,175,False,256,2910,20981,,7.21
nasa2910,2910,174296,8,0.25,17,jump,0.5,200,199,True,256,2909,21205,2909,7.2894
nasa2910,2910,174296,8,0.25,18,jump,0.5,200,0,False,256,733,4516,,6.161
nasa2910,2910,174296,8,0.25,18,jump,0.5,200,25,False,256,2905,21689,,7.4661
nasa2910,2910,174296,8,0.25,18,jump,0.5,200,50,False,256,2900,21222,,7.3179
nasa2910,2910,174296,8,0.25,18,jump,0.5,200,75,False,256,2910,21584,,7.4172
nasa2910,2910,174296,8,0.25,18,jump,0.5,200,100,False,256,2890,20049,,6.9374
nasa2910,2910,174296,8,0.25,18,jump,0.5,200,125,False,256,2910,22549,,7.7488
nasa2910,2910,174296,8,0.25,18,jump,0.5,200,150,False,256,2910,21646,,7.4385
nasa2910,2910,174296,8,0.25,18,jump,0.5,200,175,False,256,2910,21169,,7.2746
nasa2910,2910,174296,8,0.25,18,jump,0.5,200,199,True,256,2910,21964,2910,7.5478
nasa2910,2910,174296,8,0.25,19,jump,0.5,200,0,False,256,775,5243,,6.7652
nasa2910,2910,174296,8,0.25,19,jump,0.5,200,25,False,256,2910,21625,,7.4313
nasa2910,2910,174296,8,0.25,19,jump,0.5,200,50,False,256,2905,21534,,7.4127
nasa2910,2910,174296,8,0.25,19,jump,0.5,200,75,False,256,2900,22850,,7.8793
nasa2910,2910,174296,8,0.25,19,jump,0.5,200,100,False,256,2909,22221,,7.6387
nasa2910,2910,174296,8,0.25,19,jump,0.5,200,125,False,256,2875,21001,,7.3047
nasa2910,2910,174296,8,0.25,19,jump,0.5,200,150,False,256,2910,20283,,6.9701
nasa2910,2910,174296,8,0.25,19,jump,0.5,200,175,False,256,2910,22062,,7.5814
nasa2910,2910,174296,8,0.25,19,jump,0.5,200,199,True,256,2899,20015,2899,6.9041
nasa2910,2910,174296,8,0.25,20,jump,0.5,200,0,False,256,733,4516,,6.161
nasa2910,2910,174296,8,0.25,20,jump,0.5,200,25,False,256,2900,21686,,7.4779
nasa2910,2910,174296,8,0.25,20,jump,0.5,200,50,False,256,2905,21448,,7.3831
nasa2910,2910,174296,8,0.25,20,jump,0.5,200,75,False,256,2908,20422,,7.0227
nasa2910,2910,174296,8,0.25,20,jump,0.5,200,100,False,256,2880,22067,,7.6622
nasa2910,2910,174296,8,0.25,20,jump,0.5,200,125,False,256,2908,21783,,7.4907
nasa2910,2910,174296,8,0.25,20,jump,0.5,200,150,False,256,2910,20951,,7.1997
nasa2910,2910,174296,8,0.25,20,jump,0.5,200,175,False,256,2905,20495,,7.0551
nasa2910,2910,174296,8,0.25,20,jump,0.5,200,199,True,256,2895,21666,2895,7.4839
nasa2910,2910,174296,8,0.25,21,jump,0.5,200,0,False,256,673,5023,,7.4636
nasa2910,2910,174296,8,0.25,21,jump,0.5,200,25,False,256,2899,20924,,7.2177
nasa2910,2910,174296,8,0.25,21,jump,0.5,200,50,False,256,2910,21074,,7.2419
nasa2910,2910,174296,8,0.25,21,jump,0.5,200,75,False,256,2910,21536,,7.4007
nasa2910,2910,174296,8,0.25,21,jump,0.5,200,100,False,256,2910,22092,,7.5918
nasa2910,2910,174296,8,0.25,21,jump,0.5,200,125,False,256,2908,21681,,7.4556
nasa2910,2910,174296,8,0.25,21,jump,0.5,200,150,False,256,2910,22924,,7.8777
nasa2910,2910,174296,8,0.25,21,jump,0.5,200,175,False,256,2888,22102,,7.653
nasa2910,2910,174296,8,0.25,21,jump,0.5,200,199,True,256,2890,21918,2890,7.5841
s3rmt3m3,5357,207123,8,0.0,17,drift,0.5,200,0,False,256,674,2699,,4.0045
s3rmt3m3,5357,207123,8,0.0,17,drift,0.5,200,25,False,256,674,2699,,4.0045
s3rmt3m3,5357,207123,8,0.0,17,drift,0.5,200,50,False,256,674,2699,,4.0045
s3rmt3m3,5357,207123,8,0.0,17,drift,0.5,200,75,False,256,674,2699,,4.0045
s3rmt3m3,5357,207123,8,0.0,17,drift,0.5,200,100,False,256,674,2699,,4.0045
s3rmt3m3,5357,207123,8,0.0,17,drift,0.5,200,125,False,256,674,2699,,4.0045
s3rmt3m3,5357,207123,8,0.0,17,drift,0.5,200,150,False,256,674,2699,,4.0045
s3rmt3m3,5357,207123,8,0.0,17,drift,0.5,200,175,False,256,674,2699,,4.0045
s3rmt3m3,5357,207123,8,0.0,17,drift,0.5,200,199,True,256,674,2699,674,4.0045
s3rmt3m3,5357,207123,8,0.0,18,drift,0.5,200,0,False,256,597,2457,,4.1156
s3rmt3m3,5357,207123,8,0.0,18,drift,0.5,200,25,False,256,597,2457,,4.1156
s3rmt3m3,5357,207123,8,0.0,18,drift,0.5,200,50,False,256,597,2457,,4.1156
s3rmt3m3,5357,207123,8,0.0,18,drift,0.5,200,75,False,256,597,2457,,4.1156
s3rmt3m3,5357,207123,8,0.0,18,drift,0.5,200,100,False,256,597,2457,,4.1156
s3rmt3m3,5357,207123,8,0.0,18,drift,0.5,200,125,False,256,597,2457,,4.1156
s3rmt3m3,5357,207123,8,0.0,18,drift,0.5,200,150,False,256,597,2457,,4.1156
s3rmt3m3,5357,207123,8,0.0,18,drift,0.5,200,175,False,256,597,2457,,4.1156
s3rmt3m3,5357,207123,8,0.0,18,drift,0.5,200,199,True,256,597,2457,597,4.1156
s3rmt3m3,5357,207123,8,0.0,19,drift,0.5,200,0,False,256,498,2280,,4.5783
s3rmt3m3,5357,207123,8,0.0,19,drift,0.5,200,25,False,256,498,2280,,4.5783
s3rmt3m3,5357,207123,8,0.0,19,drift,0.5,200,50,False,256,498,2280,,4.5783
s3rmt3m3,5357,207123,8,0.0,19,drift,0.5,200,75,False,256,498,2280,,4.5783
s3rmt3m3,5357,207123,8,0.0,19,drift,0.5,200,100,False,256,498,2280,,4.5783
s3rmt3m3,5357,207123,8,0.0,19,drift,0.5,200,125,False,256,498,2280,,4.5783
s3rmt3m3,5357,207123,8,0.0,19,drift,0.5,200,150,False,256,498,2280,,4.5783
s3rmt3m3,5357,207123,8,0.0,19,drift,0.5,200,175,False,256,498,2280,,4.5783
s3rmt3m3,5357,207123,8,0.0,19,drift,0.5,200,199,True,256,498,2280,498,4.5783
s3rmt3m3,5357,207123,8,0.0,20,drift,0.5,200,0,False,256,612,2568,,4.1961
s3rmt3m3,5357,207123,8,0.0,20,drift,0.5,200,25,False,256,612,2568,,4.1961
s3rmt3m3,5357,207123,8,0.0,20,drift,0.5,200,50,False,256,612,2568,,4.1961
s3rmt3m3,5357,207123,8,0.0,20,drift,0.5,200,75,False,256,612,2568,,4.1961
s3rmt3m3,5357,207123,8,0.0,20,drift,0.5,200,100,False,256,612,2568,,4.1961
s3rmt3m3,5357,207123,8,0.0,20,drift,0.5,200,125,False,256,612,2568,,4.1961
s3rmt3m3,5357,207123,8,0.0,20,drift,0.5,200,150,False,256,612,2568,,4.1961
s3rmt3m3,5357,207123,8,0.0,20,drift,0.5,200,175,False,256,612,2568,,4.1961
s3rmt3m3,5357,207123,8,0.0,20,drift,0.5,200,199,True,256,612,2568,612,4.1961
s3rmt3m3,5357,207123,8,0.0,21,drift,0.5,200,0,False,256,471,2208,,4.6879
s3rmt3m3,5357,207123,8,0.0,21,drift,0.5,200,25,False,256,471,2208,,4.6879
s3rmt3m3,5357,207123,8,0.0,21,drift,0.5,200,50,False,256,471,2208,,4.6879
s3rmt3m3,5357,207123,8,0.0,21,drift,0.5,200,75,False,256,471,2208,,4.6879
s3rmt3m3,5357,207123,8,0.0,21,drift,0.5,200,100,False,256,471,2208,,4.6879
s3rmt3m3,5357,207123,8,0.0,21,drift,0.5,200,125,False,256,471,2208,,4.6879
s3rmt3m3,5357,207123,8,0.0,21,drift,0.5,200,150,False,256,471,2208,,4.6879
s3rmt3m3,5357,207123,8,0.0,21,drift,0.5,200,175,False,256,471,2208,,4.6879
s3rmt3m3,5357,207123,8,0.0,21,drift,0.5,200,199,True,256,471,2208,471,4.6879
s3rmt3m3,5357,207123,8,0.002,17,drift,0.5,200,0,False,256,674,2699,,4.0045
s3rmt3m3,5357,207123,8,0.002,17,drift,0.5,200,25,False,256,752,3173,,4.2194
s3rmt3m3,5357,207123,8,0.002,17,drift,0.5,200,50,False,256,758,3233,,4.2652
s3rmt3m3,5357,207123,8,0.002,17,drift,0.5,200,75,False,256,770,3293,,4.2766
s3rmt3m3,5357,207123,8,0.002,17,drift,0.5,200,100,False,256,815,3404,,4.1767
s3rmt3m3,5357,207123,8,0.002,17,drift,0.5,200,125,False,256,851,3524,,4.141
s3rmt3m3,5357,207123,8,0.002,17,drift,0.5,200,150,False,256,890,3746,,4.209
s3rmt3m3,5357,207123,8,0.002,17,drift,0.5,200,175,False,256,902,3875,,4.296
s3rmt3m3,5357,207123,8,0.002,17,drift,0.5,200,199,True,256,914,3935,914,4.3053
s3rmt3m3,5357,207123,8,0.002,18,drift,0.5,200,0,False,256,597,2457,,4.1156
s3rmt3m3,5357,207123,8,0.002,18,drift,0.5,200,25,False,256,612,2571,,4.201
s3rmt3m3,5357,207123,8,0.002,18,drift,0.5,200,50,False,256,657,2793,,4.2511
s3rmt3m3,5357,207123,8,0.002,18,drift,0.5,200,75,False,256,657,2853,,4.3425
s3rmt3m3,5357,207123,8,0.002,18,drift,0.5,200,100,False,256,657,2853,,4.3425
s3rmt3m3,5357,207123,8,0.002,18,drift,0.5,200,125,False,256,657,2853,,4.3425
s3rmt3m3,5357,207123,8,0.002,18,drift,0.5,200,150,False,256,657,2853,,4.3425
s3rmt3m3,5357,207123,8,0.002,18,drift,0.5,200,175,False,256,696,3048,,4.3793
s3rmt3m3,5357,207123,8,0.002,18,drift,0.5,200,199,True,256,696,3048,696,4.3793
s3rmt3m3,5357,207123,8,0.002,19,drift,0.5,200,0,False,256,498,2280,,4.5783
s3rmt3m3,5357,207123,8,0.002,19,drift,0.5,200,25,False,256,636,2760,,4.3396
s3rmt3m3,5357,207123,8,0.002,19,drift,0.5,200,50,False,256,636,2760,,4.3396
s3rmt3m3,5357,207123,8,0.002,19,drift,0.5,200,75,False,256,648,2820,,4.3519
s3rmt3m3,5357,207123,8,0.002,19,drift,0.5,200,100,False,256,729,3051,,4.1852
s3rmt3m3,5357,207123,8,0.002,19,drift,0.5,200,125,False,256,777,3171,,4.0811
s3rmt3m3,5357,207123,8,0.002,19,drift,0.5,200,150,False,256,783,3171,,4.0498
s3rmt3m3,5357,207123,8,0.002,19,drift,0.5,200,175,False,256,807,3291,,4.0781
s3rmt3m3,5357,207123,8,0.002,19,drift,0.5,200,199,True,256,795,3231,795,4.0642
s3rmt3m3,5357,207123,8,0.002,20,drift,0.5,200,0,False,256,612,2568,,4.1961
s3rmt3m3,5357,207123,8,0.002,20,drift,0.5,200,25,False,256,635,2707,,4.263
s3rmt3m3,5357,207123,8,0.002,20,drift,0.5,200,50,False,256,654,2788,,4.263
s3rmt3m3,5357,207123,8,0.002,20,drift,0.5,200,75,False,256,660,2842,,4.3061
s3rmt3m3,5357,207123,8,0.002,20,drift,0.5,200,100,False,256,699,3001,,4.2933
s3rmt3m3,5357,207123,8,0.002,20,drift,0.5,200,125,False,256,699,3001,,4.2933
s3rmt3m3,5357,207123,8,0.002,20,drift,0.5,200,150,False,256,699,2941,,4.2074
s3rmt3m3,5357,207123,8,0.002,20,drift,0.5,200,175,False,256,732,3022,,4.1284
s3rmt3m3,5357,207123,8,0.002,20,drift,0.5,200,199,True,256,732,2962,732,4.0464
s3rmt3m3,5357,207123,8,0.002,21,drift,0.5,200,0,False,256,471,2208,,4.6879
s3rmt3m3,5357,207123,8,0.002,21,drift,0.5,200,25,False,256,489,2328,,4.7607
s3rmt3m3,5357,207123,8,0.002,21,drift,0.5,200,50,False,256,501,2448,,4.8862
s3rmt3m3,5357,207123,8,0.002,21,drift,0.5,200,75,False,256,546,2460,,4.5055
s3rmt3m3,5357,207123,8,0.002,21,drift,0.5,200,100,False,256,546,2511,,4.5989
s3rmt3m3,5357,207123,8,0.002,21,drift,0.5,200,125,False,256,546,2511,,4.5989
s3rmt3m3,5357,207123,8,0.002,21,drift,0.5,200,150,False,256,600,2598,,4.33
s3rmt3m3,5357,207123,8,0.002,21,drift,0.5,200,175,False,256,603,2601,,4.3134
s3rmt3m3,5357,207123,8,0.002,21,drift,0.5,200,199,True,256,594,2538,594,4.2727
s3rmt3m3,5357,207123,8,0.01,17,drift,0.5,200,0,False,256,674,2699,,4.0045
s3rmt3m3,5357,207123,8,0.01,17,drift,0.5,200,25,False,256,752,3119,,4.1476
s3rmt3m3,5357,207123,8,0.01,17,drift,0.5,200,50,False,256,839,3464,,4.1287
s3rmt3m3,5357,207123,8,0.01,17,drift,0.5,200,75,False,256,875,3626,,4.144
s3rmt3m3,5357,207123,8,0.01,17,drift,0.5,200,100,False,256,893,3593,,4.0235
s3rmt3m3,5357,207123,8,0.01,17,drift,0.5,200,125,False,256,955,3967,,4.1539
s3rmt3m3,5357,207123,8,0.01,17,drift,0.5,200,150,False,256,967,4011,,4.1479
s3rmt3m3,5357,207123,8,0.01,17,drift,0.5,200,175,False,256,961,4176,,4.3455
s3rmt3m3,5357,207123,8,0.01,17,drift,0.5,200,199,True,256,961,4101,961,4.2674
s3rmt3m3,5357,207123,8,0.01,18,drift,0.5,200,0,False,256,597,2457,,4.1156
s3rmt3m3,5357,207123,8,0.01,18,drift,0.5,200,25,False,256,645,2787,,4.3209
s3rmt3m3,5357,207123,8,0.01,18,drift,0.5,200,50,False,256,645,2847,,4.414
s3rmt3m3,5357,207123,8,0.01,18,drift,0.5,200,75,False,256,678,3040,,4.4838
s3rmt3m3,5357,207123,8,0.01,18,drift,0.5,200,100,False,256,684,3100,,4.5322
s3rmt3m3,5357,207123,8,0.01,18,drift,0.5,200,125,False,256,678,3139,,4.6298
s3rmt3m3,5357,207123,8,0.01,18,drift,0.5,200,150,False,256,717,3220,,4.4909
s3rmt3m3,5357,207123,8,0.01,18,drift,0.5,200,175,False,256,750,3355,,4.4733
s3rmt3m3,5357,207123,8,0.01,18,drift,0.5,200,199,True,256,768,3454,768,4.4974
s3rmt3m3,5357,207123,8,0.01,19,drift,0.5,200,0,False,256,498,2280,,4.5783
s3rmt3m3,5357,207123,8,0.01,19,drift,0.5,200,25,False,256,606,2640,,4.3564
s3rmt3m3,5357,207123,8,0.01,19,drift,0.5,200,50,False,256,738,3120,,4.2276
s3rmt3m3,5357,207123,8,0.01,19,drift,0.5,200,75,False,256,756,3240,,4.2857
s3rmt3m3,5357,207123,8,0.01,19,drift,0.5,200,100,False,256,768,3240,,4.2188
s3rmt3m3,5357,207123,8,0.01,19,drift,0.5,200,125,False,256,792,3354,,4.2348
s3rmt3m3,5357,207123,8,0.01,19,drift,0.5,200,150,False,256,798,3354,,4.203
s3rmt3m3,5357,207123,8,0.01,19,drift,0.5,200,175,False,256,822,3354,,4.0803
s3rmt3m3,5357,207123,8,0.01,19,drift,0.5,200,199,True,256,837,3351,837,4.0036
s3rmt3m3,5357,207123,8,0.01,20,drift,0.5,200,0,False,256,612,2568,,4.1961
s3rmt3m3,5357,207123,8,0.01,20,drift,0.5,200,25,False,256,696,3034,,4.3592
s3rmt3m3,5357,207123,8,0.01,20,drift,0.5,200,50,False,256,711,3037,,4.2714
s3rmt3m3,5357,207123,8,0.01,20,drift,0.5,200,75,False,256,711,3043,,4.2799
s3rmt3m3,5357,207123,8,0.01,20,drift,0.5,200,100,False,256,726,3040,,4.1873
s3rmt3m3,5357,207123,8,0.01,20,drift,0.5,200,125,False,256,699,2959,,4.2332
s3rmt3m3,5357,207123,8,0.01,20,drift,0.5,200,150,False,256,717,3037,,4.2357
s3rmt3m3,5357,207123,8,0.01,20,drift,0.5,200,175,False,256,735,3235,,4.4014
s3rmt3m3,5357,207123,8,0.01,20,drift,0.5,200,199,True,256,762,3178,762,4.1706
s3rmt3m3,5357,207123,8,0.01,21,drift,0.5,200,0,False,256,471,2208,,4.6879
s3rmt3m3,5357,207123,8,0.01,21,drift,0.5,200,25,False,256,534,2400,,4.4944
s3rmt3m3,5357,207123,8,0.01,21,drift,0.5,200,50,False,256,546,2460,,4.5055
s3rmt3m3,5357,207123,8,0.01,21,drift,0.5,200,75,False,256,552,2520,,4.5652
s3rmt3m3,5357,207123,8,0.01,21,drift,0.5,200,100,False,256,564,2580,,4.5745
s3rmt3m3,5357,207123,8,0.01,21,drift,0.5,200,125,False,256,651,2790,,4.2857
s3rmt3m3,5357,207123,8,0.01,21,drift,0.5,200,150,False,256,681,2862,,4.2026
s3rmt3m3,5357,207123,8,0.01,21,drift,0.5,200,175,False,256,681,2913,,4.2775
s3rmt3m3,5357,207123,8,0.01,21,drift,0.5,200,199,True,256,681,2853,681,4.1894
s3rmt3m3,5357,207123,8,0.05,17,drift,0.5,200,0,False,256,674,2699,,4.0045
s3rmt3m3,5357,207123,8,0.05,17,drift,0.5,200,25,False,256,836,3698,,4.4234
s3rmt3m3,5357,207123,8,0.05,17,drift,0.5,200,50,False,256,971,4202,,4.3275
s3rmt3m3,5357,207123,8,0.05,17,drift,0.5,200,75,False,256,1106,4421,,3.9973
s3rmt3m3,5357,207123,8,0.05,17,drift,0.5,200,100,False,256,1062,4049,,3.8126
s3rmt3m3,5357,207123,8,0.05,17,drift,0.5,200,125,False,256,1175,4370,,3.7191
s3rmt3m3,5357,207123,8,0.05,17,drift,0.5,200,150,False,256,1227,4528,,3.6903
s3rmt3m3,5357,207123,8,0.05,17,drift,0.5,200,175,False,256,1258,4694,,3.7313
s3rmt3m3,5357,207123,8,0.05,17,drift,0.5,200,199,True,256,1204,4077,1204,3.3862
s3rmt3m3,5357,207123,8,0.05,18,drift,0.5,200,0,False,256,597,2457,,4.1156
s3rmt3m3,5357,207123,8,0.05,18,drift,0.5,200,25,False,256,693,3105,,4.4805
s3rmt3m3,5357,207123,8,0.05,18,drift,0.5,200,50,False,256,723,3437,,4.7538
s3rmt3m3,5357,207123,8,0.05,18,drift,0.5,200,75,False,256,786,3373,,4.2913
s3rmt3m3,5357,207123,8,0.05,18,drift,0.5,200,100,False,256,852,3899,,4.5763
s3rmt3m3,5357,207123,8,0.05,18,drift,0.5,200,125,False,256,999,4418,,4.4224
s3rmt3m3,5357,207123,8,0.05,18,drift,0.5,200,150,False,256,936,4002,,4.2756
s3rmt3m3,5357,207123,8,0.05,18,drift,0.5,200,175,False,256,1008,4490,,4.4544
s3rmt3m3,5357,207123,8,0.05,18,drift,0.5,200,199,True,256,1032,4226,1032,4.095
s3rmt3m3,5357,207123,8,0.05,19,drift,0.5,200,0,False,256,498,2280,,4.5783
s3rmt3m3,5357,207123,8,0.05,19,drift,0.5,200,25,False,256,696,3180,,4.569
s3rmt3m3,5357,207123,8,0.05,19,drift,0.5,200,50,False,256,780,3540,,4.5385
s3rmt3m3,5357,207123,8,0.05,19,drift,0.5,200,75,False,256,975,4101,,4.2062
s3rmt3m3,5357,207123,8,0.05,19,drift,0.5,200,100,False,256,1056,4380,,4.1477
s3rmt3m3,5357,207123,8,0.05,19,drift,0.5,200,125,False,256,1242,5196,,4.1836
s3rmt3m3,5357,207123,8,0.05,19,drift,0.5,200,150,False,256,1308,4476,,3.422
s3rmt3m3,5357,207123,8,0.05,19,drift,0.5,200,175,False,256,1320,4578,,3.4682
s3rmt3m3,5357,207123,8,0.05,19,drift,0.5,200,199,True,256,1128,3852,1128,3.4149
s3rmt3m3,5357,207123,8,0.05,20,drift,0.5,200,0,False,256,612,2568,,4.1961
s3rmt3m3,5357,207123,8,0.05,20,drift,0.5,200,25,False,256,762,3415,,4.4816
s3rmt3m3,5357,207123,8,0.05,20,drift,0.5,200,50,False,256,777,3431,,4.4157
s3rmt3m3,5357,207123,8,0.05,20,drift,0.5,200,75,False,256,882,4159,,4.7154
s3rmt3m3,5357,207123,8,0.05,20,drift,0.5,200,100,False,256,897,4077,,4.5452
s3rmt3m3,5357,207123,8,0.05,20,drift,0.5,200,125,False,256,894,3939,,4.406
s3rmt3m3,5357,207123,8,0.05,20,drift,0.5,200,150,False,256,1068,4236,,3.9663
s3rmt3m3,5357,207123,8,0.05,20,drift,0.5,200,175,False,256,1098,4419,,4.0246
s3rmt3m3,5357,207123,8,0.05,20,drift,0.5,200,199,True,256,1233,4989,1233,4.0462
s3rmt3m3,5357,207123,8,0.05,21,drift,0.5,200,0,False,256,471,2208,,4.6879
s3rmt3m3,5357,207123,8,0.05,21,drift,0.5,200,25,False,256,690,3090,,4.4783
s3rmt3m3,5357,207123,8,0.05,21,drift,0.5,200,50,False,256,738,3168,,4.2927
s3rmt3m3,5357,207123,8,0.05,21,drift,0.5,200,75,False,256,741,3318,,4.4777
s3rmt3m3,5357,207123,8,0.05,21,drift,0.5,200,100,False,256,834,3756,,4.5036
s3rmt3m3,5357,207123,8,0.05,21,drift,0.5,200,125,False,256,856,3592,,4.1963
s3rmt3m3,5357,207123,8,0.05,21,drift,0.5,200,150,False,256,866,3512,,4.0554
s3rmt3m3,5357,207123,8,0.05,21,drift,0.5,200,175,False,256,832,3244,,3.899
s3rmt3m3,5357,207123,8,0.05,21,drift,0.5,200,199,True,256,771,3270,771,4.2412
s3rmt3m3,5357,207123,8,0.25,17,drift,0.5,200,0,False,256,674,2699,,4.0045
s3rmt3m3,5357,207123,8,0.25,17,drift,0.5,200,25,False,256,1017,3744,,3.6814
s3rmt3m3,5357,207123,8,0.25,17,drift,0.5,200,50,False,256,992,4286,,4.3206
s3rmt3m3,5357,207123,8,0.25,17,drift,0.5,200,75,False,256,972,4148,,4.2675
s3rmt3m3,5357,207123,8,0.25,17,drift,0.5,200,100,False,256,1122,4218,,3.7594
s3rmt3m3,5357,207123,8,0.25,17,drift,0.5,200,125,False,256,1145,4444,,3.8812
s3rmt3m3,5357,207123,8,0.25,17,drift,0.5,200,150,False,256,844,3689,,4.3709
s3rmt3m3,5357,207123,8,0.25,17,drift,0.5,200,175,False,256,956,3694,,3.864
s3rmt3m3,5357,207123,8,0.25,17,drift,0.5,200,199,True,256,1001,4226,1001,4.2218
s3rmt3m3,5357,207123,8,0.25,18,drift,0.5,200,0,False,256,597,2457,,4.1156
s3rmt3m3,5357,207123,8,0.25,18,drift,0.5,200,25,False,256,870,3675,,4.2241
s3rmt3m3,5357,207123,8,0.25,18,drift,0.5,200,50,False,256,807,3855,,4.777
s3rmt3m3,5357,207123,8,0.25,18,drift,0.5,200,75,False,256,936,4040,,4.3162
s3rmt3m3,5357,207123,8,0.25,18,drift,0.5,200,100,False,256,1162,4339,,3.7341
s3rmt3m3,5357,207123,8,0.25,18,drift,0.5,200,125,False,256,1069,4158,,3.8896
s3rmt3m3,5357,207123,8,0.25,18,drift,0.5,200,150,False,256,783,3631,,4.6373
s3rmt3m3,5357,207123,8,0.25,18,drift,0.5,200,175,False,256,816,3523,,4.3174
s3rmt3m3,5357,207123,8,0.25,18,drift,0.5,200,199,True,256,825,3870,825,4.6909
s3rmt3m3,5357,207123,8,0.25,19,drift,0.5,200,0,False,256,498,2280,,4.5783
s3rmt3m3,5357,207123,8,0.25,19,drift,0.5,200,25,False,256,810,3378,,4.1704
s3rmt3m3,5357,207123,8,0.25,19,drift,0.5,200,50,False,256,1074,4134,,3.8492
s3rmt3m3,5357,207123,8,0.25,19,drift,0.5,200,75,False,256,969,3903,,4.0279
s3rmt3m3,5357,207123,8,0.25,19,drift,0.5,200,100,False,256,1080,3888,,3.6
s3rmt3m3,5357,207123,8,0.25,19,drift,0.5,200,125,False,256,918,3720,,4.0523
s3rmt3m3,5357,207123,8,0.25,19,drift,0.5,200,150,False,256,924,3450,,3.7338
s3rmt3m3,5357,207123,8,0.25,19,drift,0.5,200,175,False,256,1008,4074,,4.0417
s3rmt3m3,5357,207123,8,0.25,19,drift,0.5,200,199,True,256,798,3414,798,4.2782
s3rmt3m3,5357,207123,8,0.25,20,drift,0.5,200,0,False,256,612,2568,,4.1961
s3rmt3m3,5357,207123,8,0.25,20,drift,0.5,200,25,False,256,897,3555,,3.9632
s3rmt3m3,5357,207123,8,0.25,20,drift,0.5,200,50,False,256,1041,4667,,4.4832
s3rmt3m3,5357,207123,8,0.25,20,drift,0.5,200,75,False,256,936,3666,,3.9167
s3rmt3m3,5357,207123,8,0.25,20,drift,0.5,200,100,False,256,825,3739,,4.5321
s3rmt3m3,5357,207123,8,0.25,20,drift,0.5,200,125,False,256,780,3244,,4.159
s3rmt3m3,5357,207123,8,0.25,20,drift,0.5,200,150,False,256,948,3950,,4.1667
s3rmt3m3,5357,207123,8,0.25,20,drift,0.5,200,175,False,256,936,4149,,4.4327
s3rmt3m3,5357,207123,8,0.25,20,drift,0.5,200,199,True,256,954,4061,954,4.2568
s3rmt3m3,5357,207123,8,0.25,21,drift,0.5,200,0,False,256,471,2208,,4.6879
s3rmt3m3,5357,207123,8,0.25,21,drift,0.5,200,25,False,256,906,3753,,4.1424
s3rmt3m3,5357,207123,8,0.25,21,drift,0.5,200,50,False,256,927,3510,,3.7864
s3rmt3m3,5357,207123,8,0.25,21,drift,0.5,200,75,False,256,795,3225,,4.0566
s3rmt3m3,5357,207123,8,0.25,21,drift,0.5,200,100,False,256,1233,4035,,3.2725
s3rmt3m3,5357,207123,8,0.25,21,drift,0.5,200,125,False,256,1197,4125,,3.4461
s3rmt3m3,5357,207123,8,0.25,21,drift,0.5,200,150,False,256,996,3738,,3.753
s3rmt3m3,5357,207123,8,0.25,21,drift,0.5,200,175,False,256,1055,4385,,4.1564
s3rmt3m3,5357,207123,8,0.25,21,drift,0.5,200,199,True,256,1319,4835,1319,3.6657
s3rmt3m3,5357,207123,8,0.0,17,jump,0.5,200,0,False,256,674,2699,,4.0045
s3rmt3m3,5357,207123,8,0.0,17,jump,0.5,200,25,False,256,674,2699,,4.0045
s3rmt3m3,5357,207123,8,0.0,17,jump,0.5,200,50,False,256,674,2699,,4.0045
s3rmt3m3,5357,207123,8,0.0,17,jump,0.5,200,75,False,256,674,2699,,4.0045
s3rmt3m3,5357,207123,8,0.0,17,jump,0.5,200,100,False,256,674,2699,,4.0045
s3rmt3m3,5357,207123,8,0.0,17,jump,0.5,200,125,False,256,674,2699,,4.0045
s3rmt3m3,5357,207123,8,0.0,17,jump,0.5,200,150,False,256,674,2699,,4.0045
s3rmt3m3,5357,207123,8,0.0,17,jump,0.5,200,175,False,256,674,2699,,4.0045
s3rmt3m3,5357,207123,8,0.0,17,jump,0.5,200,199,True,256,674,2699,674,4.0045
s3rmt3m3,5357,207123,8,0.0,18,jump,0.5,200,0,False,256,597,2457,,4.1156
s3rmt3m3,5357,207123,8,0.0,18,jump,0.5,200,25,False,256,597,2457,,4.1156
s3rmt3m3,5357,207123,8,0.0,18,jump,0.5,200,50,False,256,597,2457,,4.1156
s3rmt3m3,5357,207123,8,0.0,18,jump,0.5,200,75,False,256,597,2457,,4.1156
s3rmt3m3,5357,207123,8,0.0,18,jump,0.5,200,100,False,256,597,2457,,4.1156
s3rmt3m3,5357,207123,8,0.0,18,jump,0.5,200,125,False,256,597,2457,,4.1156
s3rmt3m3,5357,207123,8,0.0,18,jump,0.5,200,150,False,256,597,2457,,4.1156
s3rmt3m3,5357,207123,8,0.0,18,jump,0.5,200,175,False,256,597,2457,,4.1156
s3rmt3m3,5357,207123,8,0.0,18,jump,0.5,200,199,True,256,597,2457,597,4.1156
s3rmt3m3,5357,207123,8,0.0,19,jump,0.5,200,0,False,256,498,2280,,4.5783
s3rmt3m3,5357,207123,8,0.0,19,jump,0.5,200,25,False,256,498,2280,,4.5783
s3rmt3m3,5357,207123,8,0.0,19,jump,0.5,200,50,False,256,498,2280,,4.5783
s3rmt3m3,5357,207123,8,0.0,19,jump,0.5,200,75,False,256,498,2280,,4.5783
s3rmt3m3,5357,207123,8,0.0,19,jump,0.5,200,100,False,256,498,2280,,4.5783
s3rmt3m3,5357,207123,8,0.0,19,jump,0.5,200,125,False,256,498,2280,,4.5783
s3rmt3m3,5357,207123,8,0.0,19,jump,0.5,200,150,False,256,498,2280,,4.5783
s3rmt3m3,5357,207123,8,0.0,19,jump,0.5,200,175,False,256,498,2280,,4.5783
s3rmt3m3,5357,207123,8,0.0,19,jump,0.5,200,199,True,256,498,2280,498,4.5783
s3rmt3m3,5357,207123,8,0.0,20,jump,0.5,200,0,False,256,612,2568,,4.1961
s3rmt3m3,5357,207123,8,0.0,20,jump,0.5,200,25,False,256,612,2568,,4.1961
s3rmt3m3,5357,207123,8,0.0,20,jump,0.5,200,50,False,256,612,2568,,4.1961
s3rmt3m3,5357,207123,8,0.0,20,jump,0.5,200,75,False,256,612,2568,,4.1961
s3rmt3m3,5357,207123,8,0.0,20,jump,0.5,200,100,False,256,612,2568,,4.1961
s3rmt3m3,5357,207123,8,0.0,20,jump,0.5,200,125,False,256,612,2568,,4.1961
s3rmt3m3,5357,207123,8,0.0,20,jump,0.5,200,150,False,256,612,2568,,4.1961
s3rmt3m3,5357,207123,8,0.0,20,jump,0.5,200,175,False,256,612,2568,,4.1961
s3rmt3m3,5357,207123,8,0.0,20,jump,0.5,200,199,True,256,612,2568,612,4.1961
s3rmt3m3,5357,207123,8,0.0,21,jump,0.5,200,0,False,256,471,2208,,4.6879
s3rmt3m3,5357,207123,8,0.0,21,jump,0.5,200,25,False,256,471,2208,,4.6879
s3rmt3m3,5357,207123,8,0.0,21,jump,0.5,200,50,False,256,471,2208,,4.6879
s3rmt3m3,5357,207123,8,0.0,21,jump,0.5,200,75,False,256,471,2208,,4.6879
s3rmt3m3,5357,207123,8,0.0,21,jump,0.5,200,100,False,256,471,2208,,4.6879
s3rmt3m3,5357,207123,8,0.0,21,jump,0.5,200,125,False,256,471,2208,,4.6879
s3rmt3m3,5357,207123,8,0.0,21,jump,0.5,200,150,False,256,471,2208,,4.6879
s3rmt3m3,5357,207123,8,0.0,21,jump,0.5,200,175,False,256,471,2208,,4.6879
s3rmt3m3,5357,207123,8,0.0,21,jump,0.5,200,199,True,256,471,2208,471,4.6879
s3rmt3m3,5357,207123,8,0.002,17,jump,0.5,200,0,False,256,674,2699,,4.0045
s3rmt3m3,5357,207123,8,0.002,17,jump,0.5,200,25,False,256,1715,3911,,2.2805
s3rmt3m3,5357,207123,8,0.002,17,jump,0.5,200,50,False,256,2484,5013,,2.0181
s3rmt3m3,5357,207123,8,0.002,17,jump,0.5,200,75,False,256,3120,5931,,1.901
s3rmt3m3,5357,207123,8,0.002,17,jump,0.5,200,100,False,256,3472,6475,,1.8649
s3rmt3m3,5357,207123,8,0.002,17,jump,0.5,200,125,False,256,3727,7361,,1.975
s3rmt3m3,5357,207123,8,0.002,17,jump,0.5,200,150,False,256,4009,8198,,2.0449
s3rmt3m3,5357,207123,8,0.002,17,jump,0.5,200,175,False,256,4175,8821,,2.1128
s3rmt3m3,5357,207123,8,0.002,17,jump,0.5,200,199,True,256,4352,9165,4352,2.1059
s3rmt3m3,5357,207123,8,0.002,18,jump,0.5,200,0,False,256,597,2457,,4.1156
s3rmt3m3,5357,207123,8,0.002,18,jump,0.5,200,25,False,256,1704,3711,,2.1778
s3rmt3m3,5357,207123,8,0.002,18,jump,0.5,200,50,False,256,2292,4533,,1.9777
s3rmt3m3,5357,207123,8,0.002,18,jump,0.5,200,75,False,256,2980,5713,,1.9171
s3rmt3m3,5357,207123,8,0.002,18,jump,0.5,200,100,False,256,3375,6733,,1.995
s3rmt3m3,5357,207123,8,0.002,18,jump,0.5,200,125,False,256,3539,7500,,2.1192
s3rmt3m3,5357,207123,8,0.002,18,jump,0.5,200,150,False,256,3935,8217,,2.0882
s3rmt3m3,5357,207123,8,0.002,18,jump,0.5,200,175,False,256,4001,8511,,2.1272
s3rmt3m3,5357,207123,8,0.002,18,jump,0.5,200,199,True,256,4036,8914,4036,2.2086
s3rmt3m3,5357,207123,8,0.002,19,jump,0.5,200,0,False,256,498,2280,,4.5783
s3rmt3m3,5357,207123,8,0.002,19,jump,0.5,200,25,False,256,1704,3684,,2.162
s3rmt3m3,5357,207123,8,0.002,19,jump,0.5,200,50,False,256,2319,4668,,2.0129
s3rmt3m3,5357,207123,8,0.002,19,jump,0.5,200,75,False,256,2841,5556,,1.9556
s3rmt3m3,5357,207123,8,0.002,19,jump,0.5,200,100,False,256,3159,6383,,2.0206
s3rmt3m3,5357,207123,8,0.002,19,jump,0.5,200,125,False,256,3468,7091,,2.0447
s3rmt3m3,5357,207123,8,0.002,19,jump,0.5,200,150,False,256,3684,7439,,2.0193
s3rmt3m3,5357,207123,8,0.002,19,jump,0.5,200,175,False,256,3975,8255,,2.0767
s3rmt3m3,5357,207123,8,0.002,19,jump,0.5,200,199,True,256,4182,8907,4182,2.1298
s3rmt3m3,5357,207123,8,0.002,20,jump,0.5,200,0,False,256,612,2568,,4.1961
s3rmt3m3,5357,207123,8,0.002,20,jump,0.5,200,25,False,256,1875,4005,,2.136
s3rmt3m3,5357,207123,8,0.002,20,jump,0.5,200,50,False,256,2637,5121,,1.942
s3rmt3m3,5357,207123,8,0.002,20,jump,0.5,200,75,False,256,3255,6153,,1.8903
s3rmt3m3,5357,207123,8,0.002,20,jump,0.5,200,100,False,256,3510,7017,,1.9991
s3rmt3m3,5357,207123,8,0.002,20,jump,0.5,200,125,False,256,3903,7746,,1.9846
s3rmt3m3,5357,207123,8,0.002,20,jump,0.5,200,150,False,256,4107,8382,,2.0409
s3rmt3m3,5357,207123,8,0.002,20,jump,0.5,200,175,False,256,4359,9210,,2.1129
s3rmt3m3,5357,207123,8,0.002,20,jump,0.5,200,199,True,256,4473,9552,4473,2.1355
s3rmt3m3,5357,207123,8,0.002,21,jump,0.5,200,0,False,256,471,2208,,4.6879
s3rmt3m3,5357,207123,8,0.002,21,jump,0.5,200,25,False,256,1608,3417,,2.125
s3rmt3m3,5357,207123,8,0.002,21,jump,0.5,200,50,False,256,2487,4716,,1.8963
s3rmt3m3,5357,207123,8,0.002,21,jump,0.5,200,75,False,256,3157,5928,,1.8777
s3rmt3m3,5357,207123,8,0.002,21,jump,0.5,200,100,False,256,3574,7023,,1.965
s3rmt3m3,5357,207123,8,0.002,21,jump,0.5,200,125,False,256,3700,7623,,2.0603
s3rmt3m3,5357,207123,8,0.002,21,jump,0.5,200,150,False,256,3923,8315,,2.1196
s3rmt3m3,5357,207123,8,0.002,21,jump,0.5,200,175,False,256,4139,8891,,2.1481
s3rmt3m3,5357,207123,8,0.002,21,jump,0.5,200,199,True,256,4154,9098,4154,2.1902
s3rmt3m3,5357,207123,8,0.01,17,jump,0.5,200,0,False,256,674,2699,,4.0045
s3rmt3m3,5357,207123,8,0.01,17,jump,0.5,200,25,False,256,3025,6039,,1.9964
s3rmt3m3,5357,207123,8,0.01,17,jump,0.5,200,50,False,256,3912,7991,,2.0427
s3rmt3m3,5357,207123,8,0.01,17,jump,0.5,200,75,False,256,4384,9947,,2.2689
s3rmt3m3,5357,207123,8,0.01,17,jump,0.5,200,100,False,256,4419,10603,,2.3994
s3rmt3m3,5357,207123,8,0.01,17,jump,0.5,200,125,False,256,4548,11122,,2.4455
s3rmt3m3,5357,207123,8,0.01,17,jump,0.5,200,150,False,256,4772,11444,,2.3982
s3rmt3m3,5357,207123,8,0.01,17,jump,0.5,200,175,False,256,4898,12459,,2.5437
s3rmt3m3,5357,207123,8,0.01,17,jump,0.5,200,199,True,256,4811,12537,4811,2.6059
s3rmt3m3,5357,207123,8,0.01,18,jump,0.5,200,0,False,256,597,2457,,4.1156
s3rmt3m3,5357,207123,8,0.01,18,jump,0.5,200,25,False,256,3118,5818,,1.8659
s3rmt3m3,5357,207123,8,0.01,18,jump,0.5,200,50,False,256,4130,8547,,2.0695
s3rmt3m3,5357,207123,8,0.01,18,jump,0.5,200,75,False,256,4568,10358,,2.2675
s3rmt3m3,5357,207123,8,0.01,18,jump,0.5,200,100,False,256,4637,10811,,2.3315
s3rmt3m3,5357,207123,8,0.01,18,jump,0.5,200,125,False,256,4783,11794,,2.4658
s3rmt3m3,5357,207123,8,0.01,18,jump,0.5,200,150,False,256,4773,11788,,2.4697
s3rmt3m3,5357,207123,8,0.01,18,jump,0.5,200,175,False,256,4926,12220,,2.4807
s3rmt3m3,5357,207123,8,0.01,18,jump,0.5,200,199,True,256,4899,12390,4899,2.5291
s3rmt3m3,5357,207123,8,0.01,19,jump,0.5,200,0,False,256,498,2280,,4.5783
s3rmt3m3,5357,207123,8,0.01,19,jump,0.5,200,25,False,256,2856,5430,,1.9013
s3rmt3m3,5357,207123,8,0.01,19,jump,0.5,200,50,False,256,3691,7617,,2.0637
s3rmt3m3,5357,207123,8,0.01,19,jump,0.5,200,75,False,256,4218,9345,,2.2155
s3rmt3m3,5357,207123,8,0.01,19,jump,0.5,200,100,False,256,4518,10356,,2.2922
s3rmt3m3,5357,207123,8,0.01,19,jump,0.5,200,125,False,256,4554,10950,,2.4045
s3rmt3m3,5357,207123,8,0.01,19,jump,0.5,200,150,False,256,4732,11257,,2.3789
s3rmt3m3,5357,207123,8,0.01,19,jump,0.5,200,175,False,256,4788,11561,,2.4146
s3rmt3m3,5357,207123,8,0.01,19,jump,0.5,200,199,True,256,4851,12188,4851,2.5125
s3rmt3m3,5357,207123,8,0.01,20,jump,0.5,200,0,False,256,612,2568,,4.1961
s3rmt3m3,5357,207123,8,0.01,20,jump,0.5,200,25,False,256,3017,5955,,1.9738
s3rmt3m3,5357,207123,8,0.01,20,jump,0.5,200,50,False,256,3887,7804,,2.0077
s3rmt3m3,5357,207123,8,0.01,20,jump,0.5,200,75,False,256,4243,9131,,2.152
s3rmt3m3,5357,207123,8,0.01,20,jump,0.5,200,100,False,256,4514,10421,,2.3086
s3rmt3m3,5357,207123,8,0.01,20,jump,0.5,200,125,False,256,4664,10928,,2.3431
s3rmt3m3,5357,207123,8,0.01,20,jump,0.5,200,150,False,256,4817,11174,,2.3197
s3rmt3m3,5357,207123,8,0.01,20,jump,0.5,200,175,False,256,4760,11875,,2.4947
s3rmt3m3,5357,207123,8,0.01,20,jump,0.5,200,199,True,256,4787,11792,4787,2.4633
s3rmt3m3,5357,207123,8,0.01,21,jump,0.5,200,0,False,256,471,2208,,4.6879
s3rmt3m3,5357,207123,8,0.01,21,jump,0.5,200,25,False,256,3015,5753,,1.9081
s3rmt3m3,5357,207123,8,0.01,21,jump,0.5,200,50,False,256,4027,7777,,1.9312
s3rmt3m3,5357,207123,8,0.01,21,jump,0.5,200,75,False,256,4445,9381,,2.1105
s3rmt3m3,5357,207123,8,0.01,21,jump,0.5,200,100,False,256,4661,10693,,2.2941
s3rmt3m3,5357,207123,8,0.01,21,jump,0.5,200,125,False,256,4733,11673,,2.4663
s3rmt3m3,5357,207123,8,0.01,21,jump,0.5,200,150,False,256,4813,11908,,2.4741
s3rmt3m3,5357,207123,8,0.01,21,jump,0.5,200,175,False,256,4843,12158,,2.5104
s3rmt3m3,5357,207123,8,0.01,21,jump,0.5,200,199,True,256,4986,12507,4986,2.5084
s3rmt3m3,5357,207123,8,0.05,17,jump,0.5,200,0,False,256,674,2699,,4.0045
s3rmt3m3,5357,207123,8,0.05,17,jump,0.5,200,25,False,256,4710,11864,,2.5189
s3rmt3m3,5357,207123,8,0.05,17,jump,0.5,200,50,False,256,4999,12656,,2.5317
s3rmt3m3,5357,207123,8,0.05,17,jump,0.5,200,75,False,256,4989,12514,,2.5083
s3rmt3m3,5357,207123,8,0.05,17,jump,0.5,200,100,False,256,5050,12780,,2.5307
s3rmt3m3,5357,207123,8,0.05,17,jump,0.5,200,125,False,256,5012,12106,,2.4154
s3rmt3m3,5357,207123,8,0.05,17,jump,0.5,200,150,False,256,5062,12360,,2.4417
s3rmt3m3,5357,207123,8,0.05,17,jump,0.5,200,175,False,256,4785,12002,,2.5083
s3rmt3m3,5357,207123,8,0.05,17,jump,0.5,200,199,True,256,5082,12687,5082,2.4965
s3rmt3m3,5357,207123,8,0.05,18,jump,0.5,200,0,False,256,597,2457,,4.1156
s3rmt3m3,5357,207123,8,0.05,18,jump,0.5,200,25,False,256,4868,11493,,2.3609
s3rmt3m3,5357,207123,8,0.05,18,jump,0.5,200,50,False,256,4858,11749,,2.4185
s3rmt3m3,5357,207123,8,0.05,18,jump,0.5,200,75,False,256,4970,12589,,2.533
s3rmt3m3,5357,207123,8,0.05,18,jump,0.5,200,100,False,256,4950,12522,,2.5297
s3rmt3m3,5357,207123,8,0.05,18,jump,0.5,200,125,False,256,5050,12879,,2.5503
s3rmt3m3,5357,207123,8,0.05,18,jump,0.5,200,150,False,256,5003,12584,,2.5153
s3rmt3m3,5357,207123,8,0.05,18,jump,0.5,200,175,False,256,4919,12312,,2.5029
s3rmt3m3,5357,207123,8,0.05,18,jump,0.5,200,199,True,256,4900,11932,4900,2.4351
s3rmt3m3,5357,207123,8,0.05,19,jump,0.5,200,0,False,256,498,2280,,4.5783
s3rmt3m3,5357,207123,8,0.05,19,jump,0.5,200,25,False,256,4693,10973,,2.3382
s3rmt3m3,5357,207123,8,0.05,19,jump,0.5,200,50,False,256,4918,12061,,2.4524
s3rmt3m3,5357,207123,8,0.05,19,jump,0.5,200,75,False,256,4984,12458,,2.4996
s3rmt3m3,5357,207123,8,0.05,19,jump,0.5,200,100,False,256,4982,12460,,2.501
s3rmt3m3,5357,207123,8,0.05,19,jump,0.5,200,125,False,256,4967,12705,,2.5579
s3rmt3m3,5357,207123,8,0.05,19,jump,0.5,200,150,False,256,4999,12601,,2.5207
s3rmt3m3,5357,207123,8,0.05,19,jump,0.5,200,175,False,256,4990,13079,,2.621
s3rmt3m3,5357,207123,8,0.05,19,jump,0.5,200,199,True,256,5125,13067,5125,2.5497
s3rmt3m3,5357,207123,8,0.05,20,jump,0.5,200,0,False,256,612,2568,,4.1961
s3rmt3m3,5357,207123,8,0.05,20,jump,0.5,200,25,False,256,4821,11508,,2.3871
s3rmt3m3,5357,207123,8,0.05,20,jump,0.5,200,50,False,256,4960,12112,,2.4419
s3rmt3m3,5357,207123,8,0.05,20,jump,0.5,200,75,False,256,4985,12548,,2.5172
s3rmt3m3,5357,207123,8,0.05,20,jump,0.5,200,100,False,256,5011,12922,,2.5787
s3rmt3m3,5357,207123,8,0.05,20,jump,0.5,200,125,False,256,5119,13063,,2.5519
s3rmt3m3,5357,207123,8,0.05,20,jump,0.5,200,150,False,256,5054,12688,,2.5105
s3rmt3m3,5357,207123,8,0.05,20,jump,0.5,200,175,False,256,4949,11984,,2.4215
s3rmt3m3,5357,207123,8,0.05,20,jump,0.5,200,199,True,256,4940,12710,4940,2.5729
s3rmt3m3,5357,207123,8,0.05,21,jump,0.5,200,0,False,256,471,2208,,4.6879
s3rmt3m3,5357,207123,8,0.05,21,jump,0.5,200,25,False,256,4540,10911,,2.4033
s3rmt3m3,5357,207123,8,0.05,21,jump,0.5,200,50,False,256,5044,12148,,2.4084
s3rmt3m3,5357,207123,8,0.05,21,jump,0.5,200,75,False,256,5002,12571,,2.5132
s3rmt3m3,5357,207123,8,0.05,21,jump,0.5,200,100,False,256,4950,12622,,2.5499
s3rmt3m3,5357,207123,8,0.05,21,jump,0.5,200,125,False,256,5014,12922,,2.5772
s3rmt3m3,5357,207123,8,0.05,21,jump,0.5,200,150,False,256,5011,12831,,2.5606
s3rmt3m3,5357,207123,8,0.05,21,jump,0.5,200,175,False,256,5035,12318,,2.4465
s3rmt3m3,5357,207123,8,0.05,21,jump,0.5,200,199,True,256,5017,12404,5017,2.4724
s3rmt3m3,5357,207123,8,0.25,17,jump,0.5,200,0,False,256,674,2699,,4.0045
s3rmt3m3,5357,207123,8,0.25,17,jump,0.5,200,25,False,256,4932,12498,,2.5341
s3rmt3m3,5357,207123,8,0.25,17,jump,0.5,200,50,False,256,5023,12281,,2.445
s3rmt3m3,5357,207123,8,0.25,17,jump,0.5,200,75,False,256,4961,12703,,2.5606
s3rmt3m3,5357,207123,8,0.25,17,jump,0.5,200,100,False,256,5023,13211,,2.6301
s3rmt3m3,5357,207123,8,0.25,17,jump,0.5,200,125,False,256,4953,12519,,2.5276
s3rmt3m3,5357,207123,8,0.25,17,jump,0.5,200,150,False,256,4971,12139,,2.442
s3rmt3m3,5357,207123,8,0.25,17,jump,0.5,200,175,False,256,5004,12400,,2.478
s3rmt3m3,5357,207123,8,0.25,17,jump,0.5,200,199,True,256,4899,12440,4899,2.5393
s3rmt3m3,5357,207123,8,0.25,18,jump,0.5,200,0,False,256,597,2457,,4.1156
s3rmt3m3,5357,207123,8,0.25,18,jump,0.5,200,25,False,256,4984,12817,,2.5716
s3rmt3m3,5357,207123,8,0.25,18,jump,0.5,200,50,False,256,5041,12205,,2.4211
s3rmt3m3,5357,207123,8,0.25,18,jump,0.5,200,75,False,256,5074,12283,,2.4208
s3rmt3m3,5357,207123,8,0.25,18,jump,0.5,200,100,False,256,4933,12275,,2.4883
s3rmt3m3,5357,207123,8,0.25,18,jump,0.5,200,125,False,256,4912,12267,,2.4974
s3rmt3m3,5357,207123,8,0.25,18,jump,0.5,200,150,False,256,4885,12550,,2.5691
s3rmt3m3,5357,207123,8,0.25,18,jump,0.5,200,175,False,256,4991,12421,,2.4887
s3rmt3m3,5357,207123,8,0.25,18,jump,0.5,200,199,True,256,5007,12202,5007,2.437
s3rmt3m3,5357,207123,8,0.25,19,jump,0.5,200,0,False,256,498,2280,,4.5783
s3rmt3m3,5357,207123,8,0.25,19,jump,0.5,200,25,False,256,5102,12666,,2.4826
s3rmt3m3,5357,207123,8,0.25,19,jump,0.5,200,50,False,256,4928,11791,,2.3927
s3rmt3m3,5357,207123,8,0.25,19,jump,0.5,200,75,False,256,4997,12542,,2.5099
s3rmt3m3,5357,207123,8,0.25,19,jump,0.5,200,100,False,256,4951,12340,,2.4924
s3rmt3m3,5357,207123,8,0.25,19,jump,0.5,200,125,False,256,5113,12704,,2.4846
s3rmt3m3,5357,207123,8,0.25,19,jump,0.5,200,150,False,256,4966,12347,,2.4863
s3rmt3m3,5357,207123,8,0.25,19,jump,0.5,200,175,False,256,4918,12343,,2.5098
s3rmt3m3,5357,207123,8,0.25,19,jump,0.5,200,199,True,256,4948,12206,4948,2.4669
s3rmt3m3,5357,207123,8,0.25,20,jump,0.5,200,0,False,256,612,2568,,4.1961
s3rmt3m3,5357,207123,8,0.25,20,jump,0.5,200,25,False,256,4945,12106,,2.4481
s3rmt3m3,5357,207123,8,0.25,20,jump,0.5,200,50,False,256,5013,12831,,2.5595
s3rmt3m3,5357,207123,8,0.25,20,jump,0.5,200,75,False,256,4962,11967,,2.4117
s3rmt3m3,5357,207123,8,0.25,20,jump,0.5,200,100,False,256,5005,12102,,2.418
s3rmt3m3,5357,207123,8,0.25,20,jump,0.5,200,125,False,256,5039,12463,,2.4733
s3rmt3m3,5357,207123,8,0.25,20,jump,0.5,200,150,False,256,4883,11939,,2.445
s3rmt3m3,5357,207123,8,0.25,20,jump,0.5,200,175,False,256,4962,12706,,2.5607
s3rmt3m3,5357,207123,8,0.25,20,jump,0.5,200,199,True,256,5138,12612,5138,2.4547
s3rmt3m3,5357,207123,8,0.25,21,jump,0.5,200,0,False,256,471,2208,,4.6879
s3rmt3m3,5357,207123,8,0.25,21,jump,0.5,200,25,False,256,4951,12045,,2.4328
s3rmt3m3,5357,207123,8,0.25,21,jump,0.5,200,50,False,256,4960,12084,,2.4363
s3rmt3m3,5357,207123,8,0.25,21,jump,0.5,200,75,False,256,5014,12270,,2.4471
s3rmt3m3,5357,207123,8,0.25,21,jump,0.5,200,100,False,256,5036,12611,,2.5042
s3rmt3m3,5357,207123,8,0.25,21,jump,0.5,200,125,False,256,5081,12149,,2.3911
s3rmt3m3,5357,207123,8,0.25,21,jump,0.5,200,150,False,256,4922,11974,,2.4328
s3rmt3m3,5357,207123,8,0.25,21,jump,0.5,200,175,False,256,4872,12373,,2.5396
s3rmt3m3,5357,207123,8,0.25,21,jump,0.5,200,199,True,256,4960,12336,4960,2.4871
olafu,16146,1015156,8,0.0,17,drift,0.5,200,0,False,256,858,6632,,7.7296
olafu,16146,1015156,8,0.0,17,drift,0.5,200,25,False,256,858,6632,,7.7296
olafu,16146,1015156,8,0.0,17,drift,0.5,200,50,False,256,858,6632,,7.7296
olafu,16146,1015156,8,0.0,17,drift,0.5,200,75,False,256,858,6632,,7.7296
olafu,16146,1015156,8,0.0,17,drift,0.5,200,100,False,256,858,6632,,7.7296
olafu,16146,1015156,8,0.0,17,drift,0.5,200,125,False,256,858,6632,,7.7296
olafu,16146,1015156,8,0.0,17,drift,0.5,200,150,False,256,858,6632,,7.7296
olafu,16146,1015156,8,0.0,17,drift,0.5,200,175,False,256,858,6632,,7.7296
olafu,16146,1015156,8,0.0,17,drift,0.5,200,199,True,256,858,6632,858,7.7296
olafu,16146,1015156,8,0.0,18,drift,0.5,200,0,False,256,942,4691,,4.9798
olafu,16146,1015156,8,0.0,18,drift,0.5,200,25,False,256,942,4691,,4.9798
olafu,16146,1015156,8,0.0,18,drift,0.5,200,50,False,256,942,4691,,4.9798
olafu,16146,1015156,8,0.0,18,drift,0.5,200,75,False,256,942,4691,,4.9798
olafu,16146,1015156,8,0.0,18,drift,0.5,200,100,False,256,942,4691,,4.9798
olafu,16146,1015156,8,0.0,18,drift,0.5,200,125,False,256,942,4691,,4.9798
olafu,16146,1015156,8,0.0,18,drift,0.5,200,150,False,256,942,4691,,4.9798
olafu,16146,1015156,8,0.0,18,drift,0.5,200,175,False,256,942,4691,,4.9798
olafu,16146,1015156,8,0.0,18,drift,0.5,200,199,True,256,942,4691,942,4.9798
olafu,16146,1015156,8,0.0,19,drift,0.5,200,0,False,256,1014,7808,,7.7002
olafu,16146,1015156,8,0.0,19,drift,0.5,200,25,False,256,1014,7808,,7.7002
olafu,16146,1015156,8,0.0,19,drift,0.5,200,50,False,256,1014,7808,,7.7002
olafu,16146,1015156,8,0.0,19,drift,0.5,200,75,False,256,1014,7808,,7.7002
olafu,16146,1015156,8,0.0,19,drift,0.5,200,100,False,256,1014,7808,,7.7002
olafu,16146,1015156,8,0.0,19,drift,0.5,200,125,False,256,1014,7808,,7.7002
olafu,16146,1015156,8,0.0,19,drift,0.5,200,150,False,256,1014,7808,,7.7002
olafu,16146,1015156,8,0.0,19,drift,0.5,200,175,False,256,1014,7808,,7.7002
olafu,16146,1015156,8,0.0,19,drift,0.5,200,199,True,256,1014,7808,1014,7.7002
olafu,16146,1015156,8,0.0,20,drift,0.5,200,0,False,256,794,4665,,5.8753
olafu,16146,1015156,8,0.0,20,drift,0.5,200,25,False,256,794,4665,,5.8753
olafu,16146,1015156,8,0.0,20,drift,0.5,200,50,False,256,794,4665,,5.8753
olafu,16146,1015156,8,0.0,20,drift,0.5,200,75,False,256,794,4665,,5.8753
olafu,16146,1015156,8,0.0,20,drift,0.5,200,100,False,256,794,4665,,5.8753
olafu,16146,1015156,8,0.0,20,drift,0.5,200,125,False,256,794,4665,,5.8753
olafu,16146,1015156,8,0.0,20,drift,0.5,200,150,False,256,794,4665,,5.8753
olafu,16146,1015156,8,0.0,20,drift,0.5,200,175,False,256,794,4665,,5.8753
olafu,16146,1015156,8,0.0,20,drift,0.5,200,199,True,256,794,4665,794,5.8753
olafu,16146,1015156,8,0.0,21,drift,0.5,200,0,False,256,629,4121,,6.5517
olafu,16146,1015156,8,0.0,21,drift,0.5,200,25,False,256,629,4121,,6.5517
olafu,16146,1015156,8,0.0,21,drift,0.5,200,50,False,256,629,4121,,6.5517
olafu,16146,1015156,8,0.0,21,drift,0.5,200,75,False,256,629,4121,,6.5517
olafu,16146,1015156,8,0.0,21,drift,0.5,200,100,False,256,629,4121,,6.5517
olafu,16146,1015156,8,0.0,21,drift,0.5,200,125,False,256,629,4121,,6.5517
olafu,16146,1015156,8,0.0,21,drift,0.5,200,150,False,256,629,4121,,6.5517
olafu,16146,1015156,8,0.0,21,drift,0.5,200,175,False,256,629,4121,,6.5517
olafu,16146,1015156,8,0.0,21,drift,0.5,200,199,True,256,629,4121,629,6.5517
olafu,16146,1015156,8,0.002,17,drift,0.5,200,0,False,256,858,6632,,7.7296
olafu,16146,1015156,8,0.002,17,drift,0.5,200,25,False,256,972,7129,,7.3344
olafu,16146,1015156,8,0.002,17,drift,0.5,200,50,False,256,1035,7621,,7.3633
olafu,16146,1015156,8,0.002,17,drift,0.5,200,75,False,256,1035,7741,,7.4792
olafu,16146,1015156,8,0.002,17,drift,0.5,200,100,False,256,1035,7860,,7.5942
olafu,16146,1015156,8,0.002,17,drift,0.5,200,125,False,256,1035,7860,,7.5942
olafu,16146,1015156,8,0.002,17,drift,0.5,200,150,False,256,1074,8038,,7.4842
olafu,16146,1015156,8,0.002,17,drift,0.5,200,175,False,256,1080,8174,,7.5685
olafu,16146,1015156,8,0.002,17,drift,0.5,200,199,True,256,1086,8413,1086,7.7468
olafu,16146,1015156,8,0.002,18,drift,0.5,200,0,False,256,942,4691,,4.9798
olafu,16146,1015156,8,0.002,18,drift,0.5,200,25,False,256,1068,5313,,4.9747
olafu,16146,1015156,8,0.002,18,drift,0.5,200,50,False,256,1125,5527,,4.9129
olafu,16146,1015156,8,0.002,18,drift,0.5,200,75,False,256,1125,5527,,4.9129
olafu,16146,1015156,8,0.002,18,drift,0.5,200,100,False,256,1125,5661,,5.032
olafu,16146,1015156,8,0.002,18,drift,0.5,200,125,False,256,1125,5795,,5.1511
olafu,16146,1015156,8,0.002,18,drift,0.5,200,150,False,256,1154,6036,,5.2305
olafu,16146,1015156,8,0.002,18,drift,0.5,200,175,False,256,1210,6420,,5.3058
olafu,16146,1015156,8,0.002,18,drift,0.5,200,199,True,256,1233,6400,1233,5.1906
olafu,16146,1015156,8,0.002,19,drift,0.5,200,0,False,256,1014,7808,,7.7002
olafu,16146,1015156,8,0.002,19,drift,0.5,200,25,False,256,1130,8651,,7.6558
olafu,16146,1015156,8,0.002,19,drift,0.5,200,50,False,256,1143,8769,,7.6719
olafu,16146,1015156,8,0.002,19,drift,0.5,200,75,False,256,1149,9024,,7.8538
olafu,16146,1015156,8,0.002,19,drift,0.5,200,100,False,256,1241,9266,,7.4666
olafu,16146,1015156,8,0.002,19,drift,0.5,200,125,False,256,1247,9506,,7.6231
olafu,16146,1015156,8,0.002,19,drift,0.5,200,150,False,256,1241,9506,,7.66
olafu,16146,1015156,8,0.002,19,drift,0.5,200,175,False,256,1306,10000,,7.657
olafu,16146,1015156,8,0.002,19,drift,0.5,200,199,True,256,1312,10119,1312,7.7127
olafu,16146,1015156,8,0.002,20,drift,0.5,200,0,False,256,794,4665,,5.8753
olafu,16146,1015156,8,0.002,20,drift,0.5,200,25,False,256,1015,5596,,5.5133
olafu,16146,1015156,8,0.002,20,drift,0.5,200,50,False,256,1039,6174,,5.9423
olafu,16146,1015156,8,0.002,20,drift,0.5,200,75,False,256,1039,6488,,6.2445
olafu,16146,1015156,8,0.002,20,drift,0.5,200,100,False,256,1132,6990,,6.1749
olafu,16146,1015156,8,0.002,20,drift,0.5,200,125,False,256,1139,6970,,6.1194
olafu,16146,1015156,8,0.002,20,drift,0.5,200,150,False,256,1141,6907,,6.0535
olafu,16146,1015156,8,0.002,20,drift,0.5,200,175,False,256,1223,7406,,6.0556
olafu,16146,1015156,8,0.002,20,drift,0.5,200,199,True,256,1322,7900,1322,5.9758
olafu,16146,1015156,8,0.002,21,drift,0.5,200,0,False,256,629,4121,,6.5517
olafu,16146,1015156,8,0.002,21,drift,0.5,200,25,False,256,701,4898,,6.9872
olafu,16146,1015156,8,0.002,21,drift,0.5,200,50,False,256,761,5304,,6.9698
olafu,16146,1015156,8,0.002,21,drift,0.5,200,75,False,256,809,5646,,6.979
olafu,16146,1015156,8,0.002,21,drift,0.5,200,100,False,256,809,5646,,6.979
olafu,16146,1015156,8,0.002,21,drift,0.5,200,125,False,256,809,5538,,6.8455
olafu,16146,1015156,8,0.002,21,drift,0.5,200,150,False,256,815,5568,,6.8319
olafu,16146,1015156,8,0.002,21,drift,0.5,200,175,False,256,815,5568,,6.8319
olafu,16146,1015156,8,0.002,21,drift,0.5,200,199,True,256,815,5568,815,6.8319
olafu,16146,1015156,8,0.01,17,drift,0.5,200,0,False,256,858,6632,,7.7296
olafu,16146,1015156,8,0.01,17,drift,0.5,200,25,False,256,928,7254,,7.8168
olafu,16146,1015156,8,0.01,17,drift,0.5,200,50,False,256,996,7928,,7.9598
olafu,16146,1015156,8,0.01,17,drift,0.5,200,75,False,256,1104,8650,,7.8351
olafu,16146,1015156,8,0.01,17,drift,0.5,200,100,False,256,1092,8867,,8.12
olafu,16146,1015156,8,0.01,17,drift,0.5,200,125,False,256,1199,8724,,7.2761
olafu,16146,1015156,8,0.01,17,drift,0.5,200,150,False,256,1247,9133,,7.324
olafu,16146,1015156,8,0.01,17,drift,0.5,200,175,False,256,1265,9399,,7.43
olafu,16146,1015156,8,0.01,17,drift,0.5,200,199,True,256,1310,9974,1310,7.6137
olafu,16146,1015156,8,0.01,18,drift,0.5,200,0,False,256,942,4691,,4.9798
olafu,16146,1015156,8,0.01,18,drift,0.5,200,25,False,256,1101,5540,,5.0318
olafu,16146,1015156,8,0.01,18,drift,0.5,200,50,False,256,1179,5817,,4.9338
olafu,16146,1015156,8,0.01,18,drift,0.5,200,75,False,256,1179,5945,,5.0424
olafu,16146,1015156,8,0.01,18,drift,0.5,200,100,False,256,1204,6213,,5.1603
olafu,16146,1015156,8,0.01,18,drift,0.5,200,125,False,256,1261,6494,,5.1499
olafu,16146,1015156,8,0.01,18,drift,0.5,200,150,False,256,1272,6715,,5.2791
olafu,16146,1015156,8,0.01,18,drift,0.5,200,175,False,256,1389,7174,,5.1649
olafu,16146,1015156,8,0.01,18,drift,0.5,200,199,True,256,1370,6866,1370,5.0117
olafu,16146,1015156,8,0.01,19,drift,0.5,200,0,False,256,1014,7808,,7.7002
olafu,16146,1015156,8,0.01,19,drift,0.5,200,25,False,256,1163,9178,,7.8917
olafu,16146,1015156,8,0.01,19,drift,0.5,200,50,False,256,1242,9933,,7.9976
olafu,16146,1015156,8,0.01,19,drift,0.5,200,75,False,256,1253,9922,,7.9186
olafu,16146,1015156,8,0.01,19,drift,0.5,200,100,False,256,1243,9696,,7.8005
olafu,16146,1015156,8,0.01,19,drift,0.5,200,125,False,256,1339,9532,,7.1187
olafu,16146,1015156,8,0.01,19,drift,0.5,200,150,False,256,1328,9753,,7.3441
olafu,16146,1015156,8,0.01,19,drift,0.5,200,175,False,256,1434,10334,,7.2064
olafu,16146,1015156,8,0.01,19,drift,0.5,200,199,True,256,1477,10591,1477,7.1706
olafu,16146,1015156,8,0.01,20,drift,0.5,200,0,False,256,794,4665,,5.8753
olafu,16146,1015156,8,0.01,20,drift,0.5,200,25,False,256,959,5664,,5.9062
olafu,16146,1015156,8,0.01,20,drift,0.5,200,50,False,256,1149,6639,,5.7781
olafu,16146,1015156,8,0.01,20,drift,0.5,200,75,False,256,1239,7836,,6.3245
olafu,16146,1015156,8,0.01,20,drift,0.5,200,100,False,256,1258,8415,,6.6892
olafu,16146,1015156,8,0.01,20,drift,0.5,200,125,False,256,1240,8245,,6.6492
olafu,16146,1015156,8,0.01,20,drift,0.5,200,150,False,256,1246,8684,,6.9695
olafu,16146,1015156,8,0.01,20,drift,0.5,200,175,False,256,1252,9109,,7.2756
olafu,16146,1015156,8,0.01,20,drift,0.5,200,199,True,256,1263,9263,1263,7.3341
olafu,16146,1015156,8,0.01,21,drift,0.5,200,0,False,256,629,4121,,6.5517
olafu,16146,1015156,8,0.01,21,drift,0.5,200,25,False,256,726,4743,,6.5331
olafu,16146,1015156,8,0.01,21,drift,0.5,200,50,False,256,750,5312,,7.0827
olafu,16146,1015156,8,0.01,21,drift,0.5,200,75,False,256,780,5384,,6.9026
olafu,16146,1015156,8,0.01,21,drift,0.5,200,100,False,256,774,5383,,6.9548
olafu,16146,1015156,8,0.01,21,drift,0.5,200,125,False,256,822,5670,,6.8978
olafu,16146,1015156,8,0.01,21,drift,0.5,200,150,False,256,840,5832,,6.9429
olafu,16146,1015156,8,0.01,21,drift,0.5,200,175,False,256,840,5832,,6.9429
olafu,16146,1015156,8,0.01,21,drift,0.5,200,199,True,256,851,5831,851,6.8519
olafu,16146,1015156,8,0.05,17,drift,0.5,200,0,False,256,858,6632,,7.7296
olafu,16146,1015156,8,0.05,17,drift,0.5,200,25,False,256,960,8195,,8.5365
olafu,16146,1015156,8,0.05,17,drift,0.5,200,50,False,256,1056,9001,,8.5237
olafu,16146,1015156,8,0.05,17,drift,0.5,200,75,False,256,1186,9776,,8.2428
olafu,16146,1015156,8,0.05,17,drift,0.5,200,100,False,256,1330,9442,,7.0992
olafu,16146,1015156,8,0.05,17,drift,0.5,200,125,False,256,1344,10688,,7.9524
olafu,16146,1015156,8,0.05,17,drift,0.5,200,150,False,256,1338,10459,,7.8169
olafu,16146,1015156,8,0.05,17,drift,0.5,200,175,False,256,1557,11475,,7.3699
olafu,16146,1015156,8,0.05,17,drift,0.5,200,199,True,256,1592,11506,1592,7.2274
olafu,16146,1015156,8,0.05,18,drift,0.5,200,0,False,256,942,4691,,4.9798
olafu,16146,1015156,8,0.05,18,drift,0.5,200,25,False,256,1251,6541,,5.2286
olafu,16146,1015156,8,0.05,18,drift,0.5,200,50,False,256,1394,7555,,5.4197
olafu,16146,1015156,8,0.05,18,drift,0.5,200,75,False,256,1622,8907,,5.4914
olafu,16146,1015156,8,0.05,18,drift,0.5,200,100,False,256,1704,9435,,5.537
olafu,16146,1015156,8,0.05,18,drift,0.5,200,125,False,256,1854,9446,,5.0949
olafu,16146,1015156,8,0.05,18,drift,0.5,200,150,False,256,1930,9598,,4.9731
olafu,16146,1015156,8,0.05,18,drift,0.5,200,175,False,256,2079,10663,,5.1289
olafu,16146,1015156,8,0.05,18,drift,0.5,200,199,True,256,2121,10909,2121,5.1433
olafu,16146,1015156,8,0.05,19,drift,0.5,200,0,False,256,1014,7808,,7.7002
olafu,16146,1015156,8,0.05,19,drift,0.5,200,25,False,256,1199,9373,,7.8173
olafu,16146,1015156,8,0.05,19,drift,0.5,200,50,False,256,1328,10728,,8.0783
olafu,16146,1015156,8,0.05,19,drift,0.5,200,75,False,256,1446,10861,,7.5111
olafu,16146,1015156,8,0.05,19,drift,0.5,200,100,False,256,1330,9430,,7.0902
olafu,16146,1015156,8,0.05,19,drift,0.5,200,125,False,256,1562,9904,,6.3406
olafu,16146,1015156,8,0.05,19,drift,0.5,200,150,False,256,1501,9699,,6.4617
olafu,16146,1015156,8,0.05,19,drift,0.5,200,175,False,256,1509,8949,,5.9304
olafu,16146,1015156,8,0.05,19,drift,0.5,200,199,True,256,1409,8689,1409,6.1668
olafu,16146,1015156,8,0.05,20,drift,0.5,200,0,False,256,794,4665,,5.8753
olafu,16146,1015156,8,0.05,20,drift,0.5,200,25,False,256,1070,7032,,6.572
olafu,16146,1015156,8,0.05,20,drift,0.5,200,50,False,256,1348,9074,,6.7315
olafu,16146,1015156,8,0.05,20,drift,0.5,200,75,False,256,1494,8976,,6.008
olafu,16146,1015156,8,0.05,20,drift,0.5,200,100,False,256,1465,9021,,6.1577
olafu,16146,1015156,8,0.05,20,drift,0.5,200,125,False,256,1388,9468,,6.8213
olafu,16146,1015156,8,0.05,20,drift,0.5,200,150,False,256,1646,10421,,6.3311
olafu,16146,1015156,8,0.05,20,drift,0.5,200,175,False,256,1732,11552,,6.6697
olafu,16146,1015156,8,0.05,20,drift,0.5,200,199,True,256,2157,12234,2157,5.6718
olafu,16146,1015156,8,0.05,21,drift,0.5,200,0,False,256,629,4121,,6.5517
olafu,16146,1015156,8,0.05,21,drift,0.5,200,25,False,256,868,6298,,7.2558
olafu,16146,1015156,8,0.05,21,drift,0.5,200,50,False,256,906,6283,,6.9349
olafu,16146,1015156,8,0.05,21,drift,0.5,200,75,False,256,882,6191,,7.0193
olafu,16146,1015156,8,0.05,21,drift,0.5,200,100,False,256,900,6220,,6.9111
olafu,16146,1015156,8,0.05,21,drift,0.5,200,125,False,256,828,5883,,7.1051
olafu,16146,1015156,8,0.05,21,drift,0.5,200,150,False,256,888,5842,,6.5788
olafu,16146,1015156,8,0.05,21,drift,0.5,200,175,False,256,828,5666,,6.843
olafu,16146,1015156,8,0.05,21,drift,0.5,200,199,True,256,875,5622,875,6.4251
olafu,16146,1015156,8,0.25,17,drift,0.5,200,0,False,256,858,6632,,7.7296
olafu,16146,1015156,8,0.25,17,drift,0.5,200,25,False,256,1425,9151,,6.4218
olafu,16146,1015156,8,0.25,17,drift,0.5,200,50,False,256,1667,8834,,5.2993
olafu,16146,1015156,8,0.25,17,drift,0.5,200,75,False,256,1427,9581,,6.7141
olafu,16146,1015156,8,0.25,17,drift,0.5,200,100,False,256,1678,9644,,5.7473
olafu,16146,1015156,8,0.25,17,drift,0.5,200,125,False,256,1918,11023,,5.7471
olafu,16146,1015156,8,0.25,17,drift,0.5,200,150,False,256,1545,10020,,6.4854
olafu,16146,1015156,8,0.25,17,drift,0.5,200,175,False,256,1524,8766,,5.752
olafu,16146,1015156,8,0.25,17,drift,0.5,200,199,True,256,1691,9575,1691,5.6623
olafu,16146,1015156,8,0.25,18,drift,0.5,200,0,False,256,942,4691,,4.9798
olafu,16146,1015156,8,0.25,18,drift,0.5,200,25,False,256,1284,7432,,5.7882
olafu,16146,1015156,8,0.25,18,drift,0.5,200,50,False,256,1360,8028,,5.9029
olafu,16146,1015156,8,0.25,18,drift,0.5,200,75,False,256,1274,8334,,6.5416
olafu,16146,1015156,8,0.25,18,drift,0.5,200,100,False,256,1610,10027,,6.228
olafu,16146,1015156,8,0.25,18,drift,0.5,200,125,False,256,1271,7491,,5.8938
olafu,16146,1015156,8,0.25,18,drift,0.5,200,150,False,256,876,5677,,6.4806
olafu,16146,1015156,8,0.25,18,drift,0.5,200,175,False,256,922,4953,,5.372
olafu,16146,1015156,8,0.25,18,drift,0.5,200,199,True,256,993,6850,993,6.8983
olafu,16146,1015156,8,0.25,19,drift,0.5,200,0,False,256,1014,7808,,7.7002
olafu,16146,1015156,8,0.25,19,drift,0.5,200,25,False,256,1485,10728,,7.2242
olafu,16146,1015156,8,0.25,19,drift,0.5,200,50,False,256,1145,5969,,5.2131
olafu,16146,1015156,8,0.25,19,drift,0.5,200,75,False,256,1263,9069,,7.1805
olafu,16146,1015156,8,0.25,19,drift,0.5,200,100,False,256,988,6099,,6.1731
olafu,16146,1015156,8,0.25,19,drift,0.5,200,125,False,256,1098,6805,,6.1976
olafu,16146,1015156,8,0.25,19,drift,0.5,200,150,False,256,1026,7262,,7.078
olafu,16146,1015156,8,0.25,19,drift,0.5,200,175,False,256,971,6827,,7.0309
olafu,16146,1015156,8,0.25,19,drift,0.5,200,199,True,256,1212,7307,1212,6.0289
olafu,16146,1015156,8,0.25,20,drift,0.5,200,0,False,256,794,4665,,5.8753
olafu,16146,1015156,8,0.25,20,drift,0.5,200,25,False,256,1298,8677,,6.6849
olafu,16146,1015156,8,0.25,20,drift,0.5,200,50,False,256,1383,9219,,6.6659
olafu,16146,1015156,8,0.25,20,drift,0.5,200,75,False,256,1551,8654,,5.5796
olafu,16146,1015156,8,0.25,20,drift,0.5,200,100,False,256,1187,7431,,6.2603
olafu,16146,1015156,8,0.25,20,drift,0.5,200,125,False,256,1185,7091,,5.984
olafu,16146,1015156,8,0.25,20,drift,0.5,200,150,False,256,1306,8191,,6.2718
olafu,16146,1015156,8,0.25,20,drift,0.5,200,175,False,256,1644,9403,,5.7196
olafu,16146,1015156,8,0.25,20,drift,0.5,200,199,True,256,1503,8589,1503,5.7146
olafu,16146,1015156,8,0.25,21,drift,0.5,200,0,False,256,629,4121,,6.5517
olafu,16146,1015156,8,0.25,21,drift,0.5,200,25,False,256,1014,7253,,7.1529
olafu,16146,1015156,8,0.25,21,drift,0.5,200,50,False,256,1289,7993,,6.2009
olafu,16146,1015156,8,0.25,21,drift,0.5,200,75,False,256,894,6628,,7.4139
olafu,16146,1015156,8,0.25,21,drift,0.5,200,100,False,256,1378,7407,,5.3752
olafu,16146,1015156,8,0.25,21,drift,0.5,200,125,False,256,888,5787,,6.5169
olafu,16146,1015156,8,0.25,21,drift,0.5,200,150,False,256,1110,7203,,6.4892
olafu,16146,1015156,8,0.25,21,drift,0.5,200,175,False,256,1031,7547,,7.3201
olafu,16146,1015156,8,0.25,21,drift,0.5,200,199,True,256,1403,7811,1403,5.5674
olafu,16146,1015156,8,0.0,17,jump,0.5,200,0,False,256,858,6632,,7.7296
olafu,16146,1015156,8,0.0,17,jump,0.5,200,25,False,256,858,6632,,7.7296
olafu,16146,1015156,8,0.0,17,jump,0.5,200,50,False,256,858,6632,,7.7296
olafu,16146,1015156,8,0.0,17,jump,0.5,200,75,False,256,858,6632,,7.7296
olafu,16146,1015156,8,0.0,17,jump,0.5,200,100,False,256,858,6632,,7.7296
olafu,16146,1015156,8,0.0,17,jump,0.5,200,125,False,256,858,6632,,7.7296
olafu,16146,1015156,8,0.0,17,jump,0.5,200,150,False,256,858,6632,,7.7296
olafu,16146,1015156,8,0.0,17,jump,0.5,200,175,False,256,858,6632,,7.7296
olafu,16146,1015156,8,0.0,17,jump,0.5,200,199,True,256,858,6632,858,7.7296
olafu,16146,1015156,8,0.0,18,jump,0.5,200,0,False,256,942,4691,,4.9798
olafu,16146,1015156,8,0.0,18,jump,0.5,200,25,False,256,942,4691,,4.9798
olafu,16146,1015156,8,0.0,18,jump,0.5,200,50,False,256,942,4691,,4.9798
olafu,16146,1015156,8,0.0,18,jump,0.5,200,75,False,256,942,4691,,4.9798
olafu,16146,1015156,8,0.0,18,jump,0.5,200,100,False,256,942,4691,,4.9798
olafu,16146,1015156,8,0.0,18,jump,0.5,200,125,False,256,942,4691,,4.9798
olafu,16146,1015156,8,0.0,18,jump,0.5,200,150,False,256,942,4691,,4.9798
olafu,16146,1015156,8,0.0,18,jump,0.5,200,175,False,256,942,4691,,4.9798
olafu,16146,1015156,8,0.0,18,jump,0.5,200,199,True,256,942,4691,942,4.9798
olafu,16146,1015156,8,0.0,19,jump,0.5,200,0,False,256,1014,7808,,7.7002
olafu,16146,1015156,8,0.0,19,jump,0.5,200,25,False,256,1014,7808,,7.7002
olafu,16146,1015156,8,0.0,19,jump,0.5,200,50,False,256,1014,7808,,7.7002
olafu,16146,1015156,8,0.0,19,jump,0.5,200,75,False,256,1014,7808,,7.7002
olafu,16146,1015156,8,0.0,19,jump,0.5,200,100,False,256,1014,7808,,7.7002
olafu,16146,1015156,8,0.0,19,jump,0.5,200,125,False,256,1014,7808,,7.7002
olafu,16146,1015156,8,0.0,19,jump,0.5,200,150,False,256,1014,7808,,7.7002
olafu,16146,1015156,8,0.0,19,jump,0.5,200,175,False,256,1014,7808,,7.7002
olafu,16146,1015156,8,0.0,19,jump,0.5,200,199,True,256,1014,7808,1014,7.7002
olafu,16146,1015156,8,0.0,20,jump,0.5,200,0,False,256,794,4665,,5.8753
olafu,16146,1015156,8,0.0,20,jump,0.5,200,25,False,256,794,4665,,5.8753
olafu,16146,1015156,8,0.0,20,jump,0.5,200,50,False,256,794,4665,,5.8753
olafu,16146,1015156,8,0.0,20,jump,0.5,200,75,False,256,794,4665,,5.8753
olafu,16146,1015156,8,0.0,20,jump,0.5,200,100,False,256,794,4665,,5.8753
olafu,16146,1015156,8,0.0,20,jump,0.5,200,125,False,256,794,4665,,5.8753
olafu,16146,1015156,8,0.0,20,jump,0.5,200,150,False,256,794,4665,,5.8753
olafu,16146,1015156,8,0.0,20,jump,0.5,200,175,False,256,794,4665,,5.8753
olafu,16146,1015156,8,0.0,20,jump,0.5,200,199,True,256,794,4665,794,5.8753
olafu,16146,1015156,8,0.0,21,jump,0.5,200,0,False,256,629,4121,,6.5517
olafu,16146,1015156,8,0.0,21,jump,0.5,200,25,False,256,629,4121,,6.5517
olafu,16146,1015156,8,0.0,21,jump,0.5,200,50,False,256,629,4121,,6.5517
olafu,16146,1015156,8,0.0,21,jump,0.5,200,75,False,256,629,4121,,6.5517
olafu,16146,1015156,8,0.0,21,jump,0.5,200,100,False,256,629,4121,,6.5517
olafu,16146,1015156,8,0.0,21,jump,0.5,200,125,False,256,629,4121,,6.5517
olafu,16146,1015156,8,0.0,21,jump,0.5,200,150,False,256,629,4121,,6.5517
olafu,16146,1015156,8,0.0,21,jump,0.5,200,175,False,256,629,4121,,6.5517
olafu,16146,1015156,8,0.0,21,jump,0.5,200,199,True,256,629,4121,629,6.5517
olafu,16146,1015156,8,0.002,17,jump,0.5,200,0,False,256,858,6632,,7.7296
olafu,16146,1015156,8,0.002,17,jump,0.5,200,25,False,256,3100,8958,,2.8897
olafu,16146,1015156,8,0.002,17,jump,0.5,200,50,False,256,4659,10833,,2.3252
olafu,16146,1015156,8,0.002,17,jump,0.5,200,75,False,256,5984,12800,,2.139
olafu,16146,1015156,8,0.002,17,jump,0.5,200,100,False,256,7056,14753,,2.0908
olafu,16146,1015156,8,0.002,17,jump,0.5,200,125,False,256,8006,16246,,2.0292
olafu,16146,1015156,8,0.002,17,jump,0.5,200,150,False,256,8545,17239,,2.0174
olafu,16146,1015156,8,0.002,17,jump,0.5,200,175,False,256,9371,18472,,1.9712
olafu,16146,1015156,8,0.002,17,jump,0.5,200,199,True,256,9910,19754,9910,1.9933
olafu,16146,1015156,8,0.002,18,jump,0.5,200,0,False,256,942,4691,,4.9798
olafu,16146,1015156,8,0.002,18,jump,0.5,200,25,False,256,3100,6991,,2.2552
olafu,16146,1015156,8,0.002,18,jump,0.5,200,50,False,256,4419,8680,,1.9642
olafu,16146,1015156,8,0.002,18,jump,0.5,200,75,False,256,5930,10447,,1.7617
olafu,16146,1015156,8,0.002,18,jump,0.5,200,100,False,256,7114,12466,,1.7523
olafu,16146,1015156,8,0.002,18,jump,0.5,200,125,False,256,7812,14107,,1.8058
olafu,16146,1015156,8,0.002,18,jump,0.5,200,150,False,256,8431,15280,,1.8124
olafu,16146,1015156,8,0.002,18,jump,0.5,200,175,False,256,8958,16386,,1.8292
olafu,16146,1015156,8,0.002,18,jump,0.5,200,199,True,256,9227,17718,9227,1.9202
olafu,16146,1015156,8,0.002,19,jump,0.5,200,0,False,256,1014,7808,,7.7002
olafu,16146,1015156,8,0.002,19,jump,0.5,200,25,False,256,3350,10311,,3.0779
olafu,16146,1015156,8,0.002,19,jump,0.5,200,50,False,256,4887,12385,,2.5343
olafu,16146,1015156,8,0.002,19,jump,0.5,200,75,False,256,6440,14347,,2.2278
olafu,16146,1015156,8,0.002,19,jump,0.5,200,100,False,256,7672,15662,,2.0414
olafu,16146,1015156,8,0.002,19,jump,0.5,200,125,False,256,8421,17148,,2.0363
olafu,16146,1015156,8,0.002,19,jump,0.5,200,150,False,256,8808,17658,,2.0048
olafu,16146,1015156,8,0.002,19,jump,0.5,200,175,False,256,9663,18984,,1.9646
olafu,16146,1015156,8,0.002,19,jump,0.5,200,199,True,256,10205,19695,10205,1.9299
olafu,16146,1015156,8,0.002,20,jump,0.5,200,0,False,256,794,4665,,5.8753
olafu,16146,1015156,8,0.002,20,jump,0.5,200,25,False,256,3063,7071,,2.3085
olafu,16146,1015156,8,0.002,20,jump,0.5,200,50,False,256,4528,8934,,1.9731
olafu,16146,1015156,8,0.002,20,jump,0.5,200,75,False,256,5906,10993,,1.8613
olafu,16146,1015156,8,0.002,20,jump,0.5,200,100,False,256,7136,12902,,1.808
olafu,16146,1015156,8,0.002,20,jump,0.5,200,125,False,256,8130,14216,,1.7486
olafu,16146,1015156,8,0.002,20,jump,0.5,200,150,False,256,8686,15664,,1.8034
olafu,16146,1015156,8,0.002,20,jump,0.5,200,175,False,256,9494,17319,,1.8242
olafu,16146,1015156,8,0.002,20,jump,0.5,200,199,True,256,9778,17979,9778,1.8387
olafu,16146,1015156,8,0.002,21,jump,0.5,200,0,False,256,629,4121,,6.5517
olafu,16146,1015156,8,0.002,21,jump,0.5,200,25,False,256,2852,6544,,2.2945
olafu,16146,1015156,8,0.002,21,jump,0.5,200,50,False,256,4698,9001,,1.9159
olafu,16146,1015156,8,0.002,21,jump,0.5,200,75,False,256,6006,10712,,1.7835
olafu,16146,1015156,8,0.002,21,jump,0.5,200,100,False,256,6961,12163,,1.7473
olafu,16146,1015156,8,0.002,21,jump,0.5,200,125,False,256,8043,13963,,1.736
olafu,16146,1015156,8,0.002,21,jump,0.5,200,150,False,256,8565,15147,,1.7685
olafu,16146,1015156,8,0.002,21,jump,0.5,200,175,False,256,9036,15997,,1.7704
olafu,16146,1015156,8,0.002,21,jump,0.5,200,199,True,256,9383,16818,9383,1.7924
olafu,16146,1015156,8,0.01,17,jump,0.5,200,0,False,256,858,6632,,7.7296
olafu,16146,1015156,8,0.01,17,jump,0.5,200,25,False,256,6050,13095,,2.1645
olafu,16146,1015156,8,0.01,17,jump,0.5,200,50,False,256,8667,17819,,2.056
olafu,16146,1015156,8,0.01,17,jump,0.5,200,75,False,256,10642,21335,,2.0048
olafu,16146,1015156,8,0.01,17,jump,0.5,200,100,False,256,11093,22404,,2.0197
olafu,16146,1015156,8,0.01,17,jump,0.5,200,125,False,256,11457,22947,,2.0029
olafu,16146,1015156,8,0.01,17,jump,0.5,200,150,False,256,11968,24053,,2.0098
olafu,16146,1015156,8,0.01,17,jump,0.5,200,175,False,256,11870,23749,,2.0008
olafu,16146,1015156,8,0.01,17,jump,0.5,200,199,True,256,12278,23868,12278,1.944
olafu,16146,1015156,8,0.01,18,jump,0.5,200,0,False,256,942,4691,,4.9798
olafu,16146,1015156,8,0.01,18,jump,0.5,200,25,False,256,6215,11580,,1.8632
olafu,16146,1015156,8,0.01,18,jump,0.5,200,50,False,256,9109,16198,,1.7782
olafu,16146,1015156,8,0.01,18,jump,0.5,200,75,False,256,10355,19218,,1.8559
olafu,16146,1015156,8,0.01,18,jump,0.5,200,100,False,256,11120,21358,,1.9207
olafu,16146,1015156,8,0.01,18,jump,0.5,200,125,False,256,11503,22156,,1.9261
olafu,16146,1015156,8,0.01,18,jump,0.5,200,150,False,256,12059,23269,,1.9296
olafu,16146,1015156,8,0.01,18,jump,0.5,200,175,False,256,12007,23630,,1.968
olafu,16146,1015156,8,0.01,18,jump,0.5,200,199,True,256,12074,24346,12074,2.0164
olafu,16146,1015156,8,0.01,19,jump,0.5,200,0,False,256,1014,7808,,7.7002
olafu,16146,1015156,8,0.01,19,jump,0.5,200,25,False,256,6037,13835,,2.2917
olafu,16146,1015156,8,0.01,19,jump,0.5,200,50,False,256,8189,16960,,2.0711
olafu,16146,1015156,8,0.01,19,jump,0.5,200,75,False,256,9565,20491,,2.1423
olafu,16146,1015156,8,0.01,19,jump,0.5,200,100,False,256,10861,22179,,2.0421
olafu,16146,1015156,8,0.01,19,jump,0.5,200,125,False,256,11211,22783,,2.0322
olafu,16146,1015156,8,0.01,19,jump,0.5,200,150,False,256,11431,23329,,2.0409
olafu,16146,1015156,8,0.01,19,jump,0.5,200,175,False,256,11835,23776,,2.009
olafu,16146,1015156,8,0.01,19,jump,0.5,200,199,True,256,11988,23411,11988,1.9529
olafu,16146,1015156,8,0.01,20,jump,0.5,200,0,False,256,794,4665,,5.8753
olafu,16146,1015156,8,0.01,20,jump,0.5,200,25,False,256,5875,10763,,1.832
olafu,16146,1015156,8,0.01,20,jump,0.5,200,50,False,256,8219,14682,,1.7863
olafu,16146,1015156,8,0.01,20,jump,0.5,200,75,False,256,9736,17533,,1.8008
olafu,16146,1015156,8,0.01,20,jump,0.5,200,100,False,256,10697,19485,,1.8215
olafu,16146,1015156,8,0.01,20,jump,0.5,200,125,False,256,11038,20806,,1.8849
olafu,16146,1015156,8,0.01,20,jump,0.5,200,150,False,256,11877,21954,,1.8484
olafu,16146,1015156,8,0.01,20,jump,0.5,200,175,False,256,12321,22905,,1.859
olafu,16146,1015156,8,0.01,20,jump,0.5,200,199,True,256,12019,23337,12019,1.9417
olafu,16146,1015156,8,0.01,21,jump,0.5,200,0,False,256,629,4121,,6.5517
olafu,16146,1015156,8,0.01,21,jump,0.5,200,25,False,256,5885,10775,,1.8309
olafu,16146,1015156,8,0.01,21,jump,0.5,200,50,False,256,8878,15063,,1.6967
olafu,16146,1015156,8,0.01,21,jump,0.5,200,75,False,256,9916,17891,,1.8043
olafu,16146,1015156,8,0.01,21,jump,0.5,200,100,False,256,10797,20189,,1.8699
olafu,16146,1015156,8,0.01,21,jump,0.5,200,125,False,256,11449,21925,,1.915
olafu,16146,1015156,8,0.01,21,jump,0.5,200,150,False,256,11581,22625,,1.9536
olafu,16146,1015156,8,0.01,21,jump,0.5,200,175,False,256,12146,23587,,1.942
olafu,16146,1015156,8,0.01,21,jump,0.5,200,199,True,256,12296,24156,12296,1.9645
olafu,16146,1015156,8,0.05,17,jump,0.5,200,0,False,256,858,6632,,7.7296
olafu,16146,1015156,8,0.05,17,jump,0.5,200,25,False,256,11775,22825,,1.9384
olafu,16146,1015156,8,0.05,17,jump,0.5,200,50,False,256,12626,24543,,1.9438
olafu,16146,1015156,8,0.05,17,jump,0.5,200,75,False,256,12745,24537,,1.9252
olafu,16146,1015156,8,0.05,17,jump,0.5,200,100,False,256,12718,24180,,1.9012
olafu,16146,1015156,8,0.05,17,jump,0.5,200,125,False,256,12764,23762,,1.8616
olafu,16146,1015156,8,0.05,17,jump,0.5,200,150,False,256,12830,24504,,1.9099
olafu,16146,1015156,8,0.05,17,jump,0.5,200,175,False,256,12487,24223,,1.9399
olafu,16146,1015156,8,0.05,17,jump,0.5,200,199,True,256,12764,24425,12764,1.9136
olafu,16146,1015156,8,0.05,18,jump,0.5,200,0,False,256,942,4691,,4.9798
olafu,16146,1015156,8,0.05,18,jump,0.5,200,25,False,256,10973,21199,,1.9319
olafu,16146,1015156,8,0.05,18,jump,0.5,200,50,False,256,12075,23609,,1.9552
olafu,16146,1015156,8,0.05,18,jump,0.5,200,75,False,256,12691,24273,,1.9126
olafu,16146,1015156,8,0.05,18,jump,0.5,200,100,False,256,12862,24780,,1.9266
olafu,16146,1015156,8,0.05,18,jump,0.5,200,125,False,256,12556,24415,,1.9445
olafu,16146,1015156,8,0.05,18,jump,0.5,200,150,False,256,12455,24276,,1.9491
olafu,16146,1015156,8,0.05,18,jump,0.5,200,175,False,256,12656,23745,,1.8762
olafu,16146,1015156,8,0.05,18,jump,0.5,200,199,True,256,12758,24471,12758,1.9181
olafu,16146,1015156,8,0.05,19,jump,0.5,200,0,False,256,1014,7808,,7.7002
olafu,16146,1015156,8,0.05,19,jump,0.5,200,25,False,256,11752,23294,,1.9821
olafu,16146,1015156,8,0.05,19,jump,0.5,200,50,False,256,12298,23653,,1.9233
olafu,16146,1015156,8,0.05,19,jump,0.5,200,75,False,256,12497,24172,,1.9342
olafu,16146,1015156,8,0.05,19,jump,0.5,200,100,False,256,12805,24573,,1.919
olafu,16146,1015156,8,0.05,19,jump,0.5,200,125,False,256,12644,24316,,1.9231
olafu,16146,1015156,8,0.05,19,jump,0.5,200,150,False,256,12675,23987,,1.8925
olafu,16146,1015156,8,0.05,19,jump,0.5,200,175,False,256,12841,24527,,1.9101
olafu,16146,1015156,8,0.05,19,jump,0.5,200,199,True,256,12963,24548,12963,1.8937
olafu,16146,1015156,8,0.05,20,jump,0.5,200,0,False,256,794,4665,,5.8753
olafu,16146,1015156,8,0.05,20,jump,0.5,200,25,False,256,11766,21968,,1.8671
olafu,16146,1015156,8,0.05,20,jump,0.5,200,50,False,256,12210,23733,,1.9437
olafu,16146,1015156,8,0.05,20,jump,0.5,200,75,False,256,12861,24698,,1.9204
olafu,16146,1015156,8,0.05,20,jump,0.5,200,100,False,256,12291,23984,,1.9513
olafu,16146,1015156,8,0.05,20,jump,0.5,200,125,False,256,13175,23564,,1.7885
olafu,16146,1015156,8,0.05,20,jump,0.5,200,150,False,256,13127,23782,,1.8117
olafu,16146,1015156,8,0.05,20,jump,0.5,200,175,False,256,12443,22392,,1.7996
olafu,16146,1015156,8,0.05,20,jump,0.5,200,199,True,256,12210,23830,12210,1.9517
olafu,16146,1015156,8,0.05,21,jump,0.5,200,0,False,256,629,4121,,6.5517
olafu,16146,1015156,8,0.05,21,jump,0.5,200,25,False,256,10739,20616,,1.9197
olafu,16146,1015156,8,0.05,21,jump,0.5,200,50,False,256,12225,23875,,1.953
olafu,16146,1015156,8,0.05,21,jump,0.5,200,75,False,256,12115,23649,,1.952
olafu,16146,1015156,8,0.05,21,jump,0.5,200,100,False,256,12620,24137,,1.9126
olafu,16146,1015156,8,0.05,21,jump,0.5,200,125,False,256,12850,24220,,1.8848
olafu,16146,1015156,8,0.05,21,jump,0.5,200,150,False,256,12888,23892,,1.8538
olafu,16146,1015156,8,0.05,21,jump,0.5,200,175,False,256,12944,23919,,1.8479
olafu,16146,1015156,8,0.05,21,jump,0.5,200,199,True,256,12611,24385,12611,1.9336
olafu,16146,1015156,8,0.25,17,jump,0.5,200,0,False,256,858,6632,,7.7296
olafu,16146,1015156,8,0.25,17,jump,0.5,200,25,False,256,12537,23649,,1.8863
olafu,16146,1015156,8,0.25,17,jump,0.5,200,50,False,256,12359,24230,,1.9605
olafu,16146,1015156,8,0.25,17,jump,0.5,200,75,False,256,12190,23712,,1.9452
olafu,16146,1015156,8,0.25,17,jump,0.5,200,100,False,256,12464,24003,,1.9258
olafu,16146,1015156,8,0.25,17,jump,0.5,200,125,False,256,12174,24500,,2.0125
olafu,16146,1015156,8,0.25,17,jump,0.5,200,150,False,256,12478,24343,,1.9509
olafu,16146,1015156,8,0.25,17,jump,0.5,200,175,False,256,12235,23896,,1.9531
olafu,16146,1015156,8,0.25,17,jump,0.5,200,199,True,256,12684,24116,12684,1.9013
olafu,16146,1015156,8,0.25,18,jump,0.5,200,0,False,256,942,4691,,4.9798
olafu,16146,1015156,8,0.25,18,jump,0.5,200,25,False,256,12500,23607,,1.8886
olafu,16146,1015156,8,0.25,18,jump,0.5,200,50,False,256,12873,24127,,1.8742
olafu,16146,1015156,8,0.25,18,jump,0.5,200,75,False,256,12446,23790,,1.9115
olafu,16146,1015156,8,0.25,18,jump,0.5,200,100,False,256,12734,24381,,1.9146
olafu,16146,1015156,8,0.25,18,jump,0.5,200,125,False,256,12130,23637,,1.9486
olafu,16146,1015156,8,0.25,18,jump,0.5,200,150,False,256,12328,24096,,1.9546
olafu,16146,1015156,8,0.25,18,jump,0.5,200,175,False,256,12798,24305,,1.8991
olafu,16146,1015156,8,0.25,18,jump,0.5,200,199,True,256,12852,24237,12852,1.8859
olafu,16146,1015156,8,0.25,19,jump,0.5,200,0,False,256,1014,7808,,7.7002
olafu,16146,1015156,8,0.25,19,jump,0.5,200,25,False,256,12366,23476,,1.8984
olafu,16146,1015156,8,0.25,19,jump,0.5,200,50,False,256,12335,23711,,1.9223
olafu,16146,1015156,8,0.25,19,jump,0.5,200,75,False,256,13015,24309,,1.8678
olafu,16146,1015156,8,0.25,19,jump,0.5,200,100,False,256,12809,24230,,1.8916
olafu,16146,1015156,8,0.25,19,jump,0.5,200,125,False,256,12572,23641,,1.8804
olafu,16146,1015156,8,0.25,19,jump,0.5,200,150,False,256,12699,24063,,1.8949
olafu,16146,1015156,8,0.25,19,jump,0.5,200,175,False,256,12981,24735,,1.9055
olafu,16146,1015156,8,0.25,19,jump,0.5,200,199,True,256,12644,24679,12644,1.9518
olafu,16146,1015156,8,0.25,20,jump,0.5,200,0,False,256,794,4665,,5.8753
olafu,16146,1015156,8,0.25,20,jump,0.5,200,25,False,256,12513,24062,,1.923
olafu,16146,1015156,8,0.25,20,jump,0.5,200,50,False,256,12736,24059,,1.8891
olafu,16146,1015156,8,0.25,20,jump,0.5,200,75,False,256,12193,24297,,1.9927
olafu,16146,1015156,8,0.25,20,jump,0.5,200,100,False,256,12478,24675,,1.9775
olafu,16146,1015156,8,0.25,20,jump,0.5,200,125,False,256,12371,23469,,1.8971
olafu,16146,1015156,8,0.25,20,jump,0.5,200,150,False,256,12753,24184,,1.8963
olafu,16146,1015156,8,0.25,20,jump,0.5,200,175,False,256,12326,24612,,1.9968
olafu,16146,1015156,8,0.25,20,jump,0.5,200,199,True,256,12567,23773,12567,1.8917
olafu,16146,1015156,8,0.25,21,jump,0.5,200,0,False,256,629,4121,,6.5517
olafu,16146,1015156,8,0.25,21,jump,0.5,200,25,False,256,12589,24558,,1.9508
olafu,16146,1015156,8,0.25,21,jump,0.5,200,50,False,256,12378,24123,,1.9489
olafu,16146,1015156,8,0.25,21,jump,0.5,200,75,False,256,12691,24147,,1.9027
olafu,16146,1015156,8,0.25,21,jump,0.5,200,100,False,256,12582,23950,,1.9035
olafu,16146,1015156,8,0.25,21,jump,0.5,200,125,False,256,12813,24461,,1.9091
olafu,16146,1015156,8,0.25,21,jump,0.5,200,150,False,256,12620,23915,,1.895
olafu,16146,1015156,8,0.25,21,jump,0.5,200,175,False,256,12320,24630,,1.9992
olafu,16146,1015156,8,0.25,21,jump,0.5,200,199,True,256,12892,23775,12892,1.8442
raefsky3,21200,1488768,8,0.0,17,drift,0.5,200,0,False,256,480,2304,,4.8
raefsky3,21200,1488768,8,0.0,17,drift,0.5,200,25,False,256,480,2304,,4.8
raefsky3,21200,1488768,8,0.0,17,drift,0.5,200,50,False,256,480,2304,,4.8
raefsky3,21200,1488768,8,0.0,17,drift,0.5,200,75,False,256,480,2304,,4.8
raefsky3,21200,1488768,8,0.0,17,drift,0.5,200,100,False,256,480,2304,,4.8
raefsky3,21200,1488768,8,0.0,17,drift,0.5,200,125,False,256,480,2304,,4.8
raefsky3,21200,1488768,8,0.0,17,drift,0.5,200,150,False,256,480,2304,,4.8
raefsky3,21200,1488768,8,0.0,17,drift,0.5,200,175,False,256,480,2304,,4.8
raefsky3,21200,1488768,8,0.0,17,drift,0.5,200,199,True,256,480,2304,480,4.8
raefsky3,21200,1488768,8,0.0,18,drift,0.5,200,0,False,256,480,2304,,4.8
raefsky3,21200,1488768,8,0.0,18,drift,0.5,200,25,False,256,480,2304,,4.8
raefsky3,21200,1488768,8,0.0,18,drift,0.5,200,50,False,256,480,2304,,4.8
raefsky3,21200,1488768,8,0.0,18,drift,0.5,200,75,False,256,480,2304,,4.8
raefsky3,21200,1488768,8,0.0,18,drift,0.5,200,100,False,256,480,2304,,4.8
raefsky3,21200,1488768,8,0.0,18,drift,0.5,200,125,False,256,480,2304,,4.8
raefsky3,21200,1488768,8,0.0,18,drift,0.5,200,150,False,256,480,2304,,4.8
raefsky3,21200,1488768,8,0.0,18,drift,0.5,200,175,False,256,480,2304,,4.8
raefsky3,21200,1488768,8,0.0,18,drift,0.5,200,199,True,256,480,2304,480,4.8
raefsky3,21200,1488768,8,0.0,19,drift,0.5,200,0,False,256,480,2304,,4.8
raefsky3,21200,1488768,8,0.0,19,drift,0.5,200,25,False,256,480,2304,,4.8
raefsky3,21200,1488768,8,0.0,19,drift,0.5,200,50,False,256,480,2304,,4.8
raefsky3,21200,1488768,8,0.0,19,drift,0.5,200,75,False,256,480,2304,,4.8
raefsky3,21200,1488768,8,0.0,19,drift,0.5,200,100,False,256,480,2304,,4.8
raefsky3,21200,1488768,8,0.0,19,drift,0.5,200,125,False,256,480,2304,,4.8
raefsky3,21200,1488768,8,0.0,19,drift,0.5,200,150,False,256,480,2304,,4.8
raefsky3,21200,1488768,8,0.0,19,drift,0.5,200,175,False,256,480,2304,,4.8
raefsky3,21200,1488768,8,0.0,19,drift,0.5,200,199,True,256,480,2304,480,4.8
raefsky3,21200,1488768,8,0.0,20,drift,0.5,200,0,False,256,480,2304,,4.8
raefsky3,21200,1488768,8,0.0,20,drift,0.5,200,25,False,256,480,2304,,4.8
raefsky3,21200,1488768,8,0.0,20,drift,0.5,200,50,False,256,480,2304,,4.8
raefsky3,21200,1488768,8,0.0,20,drift,0.5,200,75,False,256,480,2304,,4.8
raefsky3,21200,1488768,8,0.0,20,drift,0.5,200,100,False,256,480,2304,,4.8
raefsky3,21200,1488768,8,0.0,20,drift,0.5,200,125,False,256,480,2304,,4.8
raefsky3,21200,1488768,8,0.0,20,drift,0.5,200,150,False,256,480,2304,,4.8
raefsky3,21200,1488768,8,0.0,20,drift,0.5,200,175,False,256,480,2304,,4.8
raefsky3,21200,1488768,8,0.0,20,drift,0.5,200,199,True,256,480,2304,480,4.8
raefsky3,21200,1488768,8,0.0,21,drift,0.5,200,0,False,256,480,2304,,4.8
raefsky3,21200,1488768,8,0.0,21,drift,0.5,200,25,False,256,480,2304,,4.8
raefsky3,21200,1488768,8,0.0,21,drift,0.5,200,50,False,256,480,2304,,4.8
raefsky3,21200,1488768,8,0.0,21,drift,0.5,200,75,False,256,480,2304,,4.8
raefsky3,21200,1488768,8,0.0,21,drift,0.5,200,100,False,256,480,2304,,4.8
raefsky3,21200,1488768,8,0.0,21,drift,0.5,200,125,False,256,480,2304,,4.8
raefsky3,21200,1488768,8,0.0,21,drift,0.5,200,150,False,256,480,2304,,4.8
raefsky3,21200,1488768,8,0.0,21,drift,0.5,200,175,False,256,480,2304,,4.8
raefsky3,21200,1488768,8,0.0,21,drift,0.5,200,199,True,256,480,2304,480,4.8
raefsky3,21200,1488768,8,0.002,17,drift,0.5,200,0,False,256,480,2304,,4.8
raefsky3,21200,1488768,8,0.002,17,drift,0.5,200,25,False,256,656,2952,,4.5
raefsky3,21200,1488768,8,0.002,17,drift,0.5,200,50,False,256,704,3312,,4.7045
raefsky3,21200,1488768,8,0.002,17,drift,0.5,200,75,False,256,712,3384,,4.7528
raefsky3,21200,1488768,8,0.002,17,drift,0.5,200,100,False,256,720,3456,,4.8
raefsky3,21200,1488768,8,0.002,17,drift,0.5,200,125,False,256,728,3456,,4.7473
raefsky3,21200,1488768,8,0.002,17,drift,0.5,200,150,False,256,752,3528,,4.6915
raefsky3,21200,1488768,8,0.002,17,drift,0.5,200,175,False,256,752,3672,,4.883
raefsky3,21200,1488768,8,0.002,17,drift,0.5,200,199,True,256,824,3888,824,4.7184
raefsky3,21200,1488768,8,0.002,18,drift,0.5,200,0,False,256,480,2304,,4.8
raefsky3,21200,1488768,8,0.002,18,drift,0.5,200,25,False,256,632,2952,,4.6709
raefsky3,21200,1488768,8,0.002,18,drift,0.5,200,50,False,256,688,3384,,4.9186
raefsky3,21200,1488768,8,0.002,18,drift,0.5,200,75,False,256,720,3456,,4.8
raefsky3,21200,1488768,8,0.002,18,drift,0.5,200,100,False,256,712,3528,,4.9551
raefsky3,21200,1488768,8,0.002,18,drift,0.5,200,125,False,256,712,3600,,5.0562
raefsky3,21200,1488768,8,0.002,18,drift,0.5,200,150,False,256,744,3744,,5.0323
raefsky3,21200,1488768,8,0.002,18,drift,0.5,200,175,False,256,800,3888,,4.86
raefsky3,21200,1488768,8,0.002,18,drift,0.5,200,199,True,256,824,3960,824,4.8058
raefsky3,21200,1488768,8,0.002,19,drift,0.5,200,0,False,256,480,2304,,4.8
raefsky3,21200,1488768,8,0.002,19,drift,0.5,200,25,False,256,640,2952,,4.6125
raefsky3,21200,1488768,8,0.002,19,drift,0.5,200,50,False,256,648,3024,,4.6667
raefsky3,21200,1488768,8,0.002,19,drift,0.5,200,75,False,256,648,3096,,4.7778
raefsky3,21200,1488768,8,0.002,19,drift,0.5,200,100,False,256,728,3384,,4.6484
raefsky3,21200,1488768,8,0.002,19,drift,0.5,200,125,False,256,752,3672,,4.883
raefsky3,21200,1488768,8,0.002,19,drift,0.5,200,150,False,256,744,3600,,4.8387
raefsky3,21200,1488768,8,0.002,19,drift,0.5,200,175,False,256,752,3672,,4.883
raefsky3,21200,1488768,8,0.002,19,drift,0.5,200,199,True,256,744,3744,744,5.0323
raefsky3,21200,1488768,8,0.002,20,drift,0.5,200,0,False,256,480,2304,,4.8
raefsky3,21200,1488768,8,0.002,20,drift,0.5,200,25,False,256,664,3096,,4.6627
raefsky3,21200,1488768,8,0.002,20,drift,0.5,200,50,False,256,672,3240,,4.8214
raefsky3,21200,1488768,8,0.002,20,drift,0.5,200,75,False,256,720,3384,,4.7
raefsky3,21200,1488768,8,0.002,20,drift,0.5,200,100,False,256,776,3672,,4.732
raefsky3,21200,1488768,8,0.002,20,drift,0.5,200,125,False,256,792,3816,,4.8182
raefsky3,21200,1488768,8,0.002,20,drift,0.5,200,150,False,256,816,3960,,4.8529
raefsky3,21200,1488768,8,0.002,20,drift,0.5,200,175,False,256,856,4104,,4.7944
raefsky3,21200,1488768,8,0.002,20,drift,0.5,200,199,True,256,896,4320,896,4.8214
raefsky3,21200,1488768,8,0.002,21,drift,0.5,200,0,False,256,480,2304,,4.8
raefsky3,21200,1488768,8,0.002,21,drift,0.5,200,25,False,256,608,2952,,4.8553
raefsky3,21200,1488768,8,0.002,21,drift,0.5,200,50,False,256,624,3024,,4.8462
raefsky3,21200,1488768,8,0.002,21,drift,0.5,200,75,False,256,712,3312,,4.6517
raefsky3,21200,1488768,8,0.002,21,drift,0.5,200,100,False,256,688,3240,,4.7093
raefsky3,21200,1488768,8,0.002,21,drift,0.5,200,125,False,256,728,3456,,4.7473
raefsky3,21200,1488768,8,0.002,21,drift,0.5,200,150,False,256,792,3888,,4.9091
raefsky3,21200,1488768,8,0.002,21,drift,0.5,200,175,False,256,864,4104,,4.75
raefsky3,21200,1488768,8,0.002,21,drift,0.5,200,199,True,256,824,4032,824,4.8932
raefsky3,21200,1488768,8,0.01,17,drift,0.5,200,0,False,256,480,2304,,4.8
raefsky3,21200,1488768,8,0.01,17,drift,0.5,200,25,False,256,624,3024,,4.8462
raefsky3,21200,1488768,8,0.01,17,drift,0.5,200,50,False,256,712,3600,,5.0562
raefsky3,21200,1488768,8,0.01,17,drift,0.5,200,75,False,256,784,3888,,4.9592
raefsky3,21200,1488768,8,0.01,17,drift,0.5,200,100,False,256,816,4248,,5.2059
raefsky3,21200,1488768,8,0.01,17,drift,0.5,200,125,False,256,832,4176,,5.0192
raefsky3,21200,1488768,8,0.01,17,drift,0.5,200,150,False,256,888,4248,,4.7838
raefsky3,21200,1488768,8,0.01,17,drift,0.5,200,175,False,256,888,4320,,4.8649
raefsky3,21200,1488768,8,0.01,17,drift,0.5,200,199,True,256,936,4392,936,4.6923
raefsky3,21200,1488768,8,0.01,18,drift,0.5,200,0,False,256,480,2304,,4.8
raefsky3,21200,1488768,8,0.01,18,drift,0.5,200,25,False,256,632,3072,,4.8608
raefsky3,21200,1488768,8,0.01,18,drift,0.5,200,50,False,256,640,3312,,5.175
raefsky3,21200,1488768,8,0.01,18,drift,0.5,200,75,False,256,704,3552,,5.0455
raefsky3,21200,1488768,8,0.01,18,drift,0.5,200,100,False,256,760,3840,,5.0526
raefsky3,21200,1488768,8,0.01,18,drift,0.5,200,125,False,256,776,4056,,5.2268
raefsky3,21200,1488768,8,0.01,18,drift,0.5,200,150,False,256,832,4272,,5.1346
raefsky3,21200,1488768,8,0.01,18,drift,0.5,200,175,False,256,920,4704,,5.113
raefsky3,21200,1488768,8,0.01,18,drift,0.5,200,199,True,256,936,4728,936,5.0513
raefsky3,21200,1488768,8,0.01,19,drift,0.5,200,0,False,256,480,2304,,4.8
raefsky3,21200,1488768,8,0.01,19,drift,0.5,200,25,False,256,680,3096,,4.5529
raefsky3,21200,1488768,8,0.01,19,drift,0.5,200,50,False,256,784,3600,,4.5918
raefsky3,21200,1488768,8,0.01,19,drift,0.5,200,75,False,256,848,4176,,4.9245
raefsky3,21200,1488768,8,0.01,19,drift,0.5,200,100,False,256,808,4104,,5.0792
raefsky3,21200,1488768,8,0.01,19,drift,0.5,200,125,False,256,912,4464,,4.8947
raefsky3,21200,1488768,8,0.01,19,drift,0.5,200,150,False,256,920,4392,,4.7739
raefsky3,21200,1488768,8,0.01,19,drift,0.5,200,175,False,256,896,4104,,4.5804
raefsky3,21200,1488768,8,0.01,19,drift,0.5,200,199,True,256,936,4248,936,4.5385
raefsky3,21200,1488768,8,0.01,20,drift,0.5,200,0,False,256,480,2304,,4.8
raefsky3,21200,1488768,8,0.01,20,drift,0.5,200,25,False,256,648,3216,,4.963
raefsky3,21200,1488768,8,0.01,20,drift,0.5,200,50,False,256,728,3576,,4.9121
raefsky3,21200,1488768,8,0.01,20,drift,0.5,200,75,False,256,768,3648,,4.75
raefsky3,21200,1488768,8,0.01,20,drift,0.5,200,100,False,256,808,3936,,4.8713
raefsky3,21200,1488768,8,0.01,20,drift,0.5,200,125,False,256,800,4008,,5.01
raefsky3,21200,1488768,8,0.01,20,drift,0.5,200,150,False,256,808,4104,,5.0792
raefsky3,21200,1488768,8,0.01,20,drift,0.5,200,175,False,256,808,4176,,5.1683
raefsky3,21200,1488768,8,0.01,20,drift,0.5,200,199,True,256,824,4104,824,4.9806
raefsky3,21200,1488768,8,0.01,21,drift,0.5,200,0,False,256,480,2304,,4.8
raefsky3,21200,1488768,8,0.01,21,drift,0.5,200,25,False,256,648,3024,,4.6667
raefsky3,21200,1488768,8,0.01,21,drift,0.5,200,50,False,256,712,3312,,4.6517
raefsky3,21200,1488768,8,0.01,21,drift,0.5,200,75,False,256,800,3744,,4.68
raefsky3,21200,1488768,8,0.01,21,drift,0.5,200,100,False,256,872,4032,,4.6239
raefsky3,21200,1488768,8,0.01,21,drift,0.5,200,125,False,256,920,4176,,4.5391
raefsky3,21200,1488768,8,0.01,21,drift,0.5,200,150,False,256,896,4032,,4.5
raefsky3,21200,1488768,8,0.01,21,drift,0.5,200,175,False,256,912,4104,,4.5
raefsky3,21200,1488768,8,0.01,21,drift,0.5,200,199,True,256,928,4320,928,4.6552
raefsky3,21200,1488768,8,0.05,17,drift,0.5,200,0,False,256,480,2304,,4.8
raefsky3,21200,1488768,8,0.05,17,drift,0.5,200,25,False,256,664,3384,,5.0964
raefsky3,21200,1488768,8,0.05,17,drift,0.5,200,50,False,256,800,4032,,5.04
raefsky3,21200,1488768,8,0.05,17,drift,0.5,200,75,False,256,800,3960,,4.95
raefsky3,21200,1488768,8,0.05,17,drift,0.5,200,100,False,256,800,3960,,4.95
raefsky3,21200,1488768,8,0.05,17,drift,0.5,200,125,False,256,880,4320,,4.9091
raefsky3,21200,1488768,8,0.05,17,drift,0.5,200,150,False,256,1016,4968,,4.8898
raefsky3,21200,1488768,8,0.05,17,drift,0.5,200,175,False,256,1064,4896,,4.6015
raefsky3,21200,1488768,8,0.05,17,drift,0.5,200,199,True,256,1152,4608,1152,4.0
raefsky3,21200,1488768,8,0.05,18,drift,0.5,200,0,False,256,480,2304,,4.8
raefsky3,21200,1488768,8,0.05,18,drift,0.5,200,25,False,256,664,3336,,5.0241
raefsky3,21200,1488768,8,0.05,18,drift,0.5,200,50,False,256,680,3528,,5.1882
raefsky3,21200,1488768,8,0.05,18,drift,0.5,200,75,False,256,808,3984,,4.9307
raefsky3,21200,1488768,8,0.05,18,drift,0.5,200,100,False,256,856,4200,,4.9065
raefsky3,21200,1488768,8,0.05,18,drift,0.5,200,125,False,256,1088,4944,,4.5441
raefsky3,21200,1488768,8,0.05,18,drift,0.5,200,150,False,256,1120,4608,,4.1143
raefsky3,21200,1488768,8,0.05,18,drift,0.5,200,175,False,256,1168,4824,,4.1301
raefsky3,21200,1488768,8,0.05,18,drift,0.5,200,199,True,256,1304,5328,1304,4.0859
raefsky3,21200,1488768,8,0.05,19,drift,0.5,200,0,False,256,480,2304,,4.8
raefsky3,21200,1488768,8,0.05,19,drift,0.5,200,25,False,256,760,3816,,5.0211
raefsky3,21200,1488768,8,0.05,19,drift,0.5,200,50,False,256,888,4248,,4.7838
raefsky3,21200,1488768,8,0.05,19,drift,0.5,200,75,False,256,936,4536,,4.8462
raefsky3,21200,1488768,8,0.05,19,drift,0.5,200,100,False,256,1008,4608,,4.5714
raefsky3,21200,1488768,8,0.05,19,drift,0.5,200,125,False,256,1104,4968,,4.5
raefsky3,21200,1488768,8,0.05,19,drift,0.5,200,150,False,256,1328,5400,,4.0663
raefsky3,21200,1488768,8,0.05,19,drift,0.5,200,175,False,256,1512,5784,,3.8254
raefsky3,21200,1488768,8,0.05,19,drift,0.5,200,199,True,256,1432,5256,1432,3.6704
raefsky3,21200,1488768,8,0.05,20,drift,0.5,200,0,False,256,480,2304,,4.8
raefsky3,21200,1488768,8,0.05,20,drift,0.5,200,25,False,256,680,3672,,5.4
raefsky3,21200,1488768,8,0.05,20,drift,0.5,200,50,False,256,816,4224,,5.1765
raefsky3,21200,1488768,8,0.05,20,drift,0.5,200,75,False,256,1000,4536,,4.536
raefsky3,21200,1488768,8,0.05,20,drift,0.5,200,100,False,256,1064,4536,,4.2632
raefsky3,21200,1488768,8,0.05,20,drift,0.5,200,125,False,256,1136,4752,,4.1831
raefsky3,21200,1488768,8,0.05,20,drift,0.5,200,150,False,256,1288,5112,,3.9689
raefsky3,21200,1488768,8,0.05,20,drift,0.5,200,175,False,256,1336,5040,,3.7725
raefsky3,21200,1488768,8,0.05,20,drift,0.5,200,199,True,256,1512,5256,1512,3.4762
raefsky3,21200,1488768,8,0.05,21,drift,0.5,200,0,False,256,480,2304,,4.8
raefsky3,21200,1488768,8,0.05,21,drift,0.5,200,25,False,256,712,3456,,4.8539
raefsky3,21200,1488768,8,0.05,21,drift,0.5,200,50,False,256,800,3960,,4.95
raefsky3,21200,1488768,8,0.05,21,drift,0.5,200,75,False,256,912,4248,,4.6579
raefsky3,21200,1488768,8,0.05,21,drift,0.5,200,100,False,256,928,4320,,4.6552
raefsky3,21200,1488768,8,0.05,21,drift,0.5,200,125,False,256,992,4464,,4.5
raefsky3,21200,1488768,8,0.05,21,drift,0.5,200,150,False,256,824,3816,,4.6311
raefsky3,21200,1488768,8,0.05,21,drift,0.5,200,175,False,256,896,4248,,4.7411
raefsky3,21200,1488768,8,0.05,21,drift,0.5,200,199,True,256,872,4160,872,4.7706
raefsky3,21200,1488768,8,0.25,17,drift,0.5,200,0,False,256,480,2304,,4.8
raefsky3,21200,1488768,8,0.25,17,drift,0.5,200,25,False,256,1184,4320,,3.6486
raefsky3,21200,1488768,8,0.25,17,drift,0.5,200,50,False,256,1120,4248,,3.7929
raefsky3,21200,1488768,8,0.25,17,drift,0.5,200,75,False,256,1088,4608,,4.2353
raefsky3,21200,1488768,8,0.25,17,drift,0.5,200,100,False,256,1024,4320,,4.2188
raefsky3,21200,1488768,8,0.25,17,drift,0.5,200,125,False,256,1048,4224,,4.0305
raefsky3,21200,1488768,8,0.25,17,drift,0.5,200,150,False,256,960,4392,,4.575
raefsky3,21200,1488768,8,0.25,17,drift,0.5,200,175,False,256,1072,3960,,3.694
raefsky3,21200,1488768,8,0.25,17,drift,0.5,200,199,True,256,960,4536,960,4.725
raefsky3,21200,1488768,8,0.25,18,drift,0.5,200,0,False,256,480,2304,,4.8
raefsky3,21200,1488768,8,0.25,18,drift,0.5,200,25,False,256,808,3720,,4.604
raefsky3,21200,1488768,8,0.25,18,drift,0.5,200,50,False,256,1008,4320,,4.2857
raefsky3,21200,1488768,8,0.25,18,drift,0.5,200,75,False,256,856,3984,,4.6542
raefsky3,21200,1488768,8,0.25,18,drift,0.5,200,100,False,256,1080,4272,,3.9556
raefsky3,21200,1488768,8,0.25,18,drift,0.5,200,125,False,256,832,3480,,4.1827
raefsky3,21200,1488768,8,0.25,18,drift,0.5,200,150,False,256,824,3672,,4.4563
raefsky3,21200,1488768,8,0.25,18,drift,0.5,200,175,False,256,960,3864,,4.025
raefsky3,21200,1488768,8,0.25,18,drift,0.5,200,199,True,256,968,3696,968,3.8182
raefsky3,21200,1488768,8,0.25,19,drift,0.5,200,0,False,256,480,2304,,4.8
raefsky3,21200,1488768,8,0.25,19,drift,0.5,200,25,False,256,856,4104,,4.7944
raefsky3,21200,1488768,8,0.25,19,drift,0.5,200,50,False,256,872,3672,,4.211
raefsky3,21200,1488768,8,0.25,19,drift,0.5,200,75,False,256,1048,4392,,4.1908
raefsky3,21200,1488768,8,0.25,19,drift,0.5,200,100,False,256,864,3776,,4.3704
raefsky3,21200,1488768,8,0.25,19,drift,0.5,200,125,False,256,736,3416,,4.6413
raefsky3,21200,1488768,8,0.25,19,drift,0.5,200,150,False,256,880,3608,,4.1
raefsky3,21200,1488768,8,0.25,19,drift,0.5,200,175,False,256,1160,4424,,3.8138
raefsky3,21200,1488768,8,0.25,19,drift,0.5,200,199,True,256,736,3432,736,4.663
raefsky3,21200,1488768,8,0.25,20,drift,0.5,200,0,False,256,480,2304,,4.8
raefsky3,21200,1488768,8,0.25,20,drift,0.5,200,25,False,256,928,4032,,4.3448
raefsky3,21200,1488768,8,0.25,20,drift,0.5,200,50,False,256,1176,4608,,3.9184
raefsky3,21200,1488768,8,0.25,20,drift,0.5,200,75,False,256,968,3888,,4.0165
raefsky3,21200,1488768,8,0.25,20,drift,0.5,200,100,False,256,872,4176,,4.789
raefsky3,21200,1488768,8,0.25,20,drift,0.5,200,125,False,256,1016,3888,,3.8268
raefsky3,21200,1488768,8,0.25,20,drift,0.5,200,150,False,256,936,4104,,4.3846
raefsky3,21200,1488768,8,0.25,20,drift,0.5,200,175,False,256,1256,4752,,3.7834
raefsky3,21200,1488768,8,0.25,20,drift,0.5,200,199,True,256,1088,3888,1088,3.5735
raefsky3,21200,1488768,8,0.25,21,drift,0.5,200,0,False,256,480,2304,,4.8
raefsky3,21200,1488768,8,0.25,21,drift,0.5,200,25,False,256,992,4320,,4.3548
raefsky3,21200,1488768,8,0.25,21,drift,0.5,200,50,False,256,1008,3960,,3.9286
raefsky3,21200,1488768,8,0.25,21,drift,0.5,200,75,False,256,856,4104,,4.7944
raefsky3,21200,1488768,8,0.25,21,drift,0.5,200,100,False,256,808,3888,,4.8119
raefsky3,21200,1488768,8,0.25,21,drift,0.5,200,125,False,256,776,3528,,4.5464
raefsky3,21200,1488768,8,0.25,21,drift,0.5,200,150,False,256,976,4176,,4.2787
raefsky3,21200,1488768,8,0.25,21,drift,0.5,200,175,False,256,1040,4224,,4.0615
raefsky3,21200,1488768,8,0.25,21,drift,0.5,200,199,True,256,936,3888,936,4.1538
raefsky3,21200,1488768,8,0.0,17,jump,0.5,200,0,False,256,480,2304,,4.8
raefsky3,21200,1488768,8,0.0,17,jump,0.5,200,25,False,256,480,2304,,4.8
raefsky3,21200,1488768,8,0.0,17,jump,0.5,200,50,False,256,480,2304,,4.8
raefsky3,21200,1488768,8,0.0,17,jump,0.5,200,75,False,256,480,2304,,4.8
raefsky3,21200,1488768,8,0.0,17,jump,0.5,200,100,False,256,480,2304,,4.8
raefsky3,21200,1488768,8,0.0,17,jump,0.5,200,125,False,256,480,2304,,4.8
raefsky3,21200,1488768,8,0.0,17,jump,0.5,200,150,False,256,480,2304,,4.8
raefsky3,21200,1488768,8,0.0,17,jump,0.5,200,175,False,256,480,2304,,4.8
raefsky3,21200,1488768,8,0.0,17,jump,0.5,200,199,True,256,480,2304,480,4.8
raefsky3,21200,1488768,8,0.0,18,jump,0.5,200,0,False,256,480,2304,,4.8
raefsky3,21200,1488768,8,0.0,18,jump,0.5,200,25,False,256,480,2304,,4.8
raefsky3,21200,1488768,8,0.0,18,jump,0.5,200,50,False,256,480,2304,,4.8
raefsky3,21200,1488768,8,0.0,18,jump,0.5,200,75,False,256,480,2304,,4.8
raefsky3,21200,1488768,8,0.0,18,jump,0.5,200,100,False,256,480,2304,,4.8
raefsky3,21200,1488768,8,0.0,18,jump,0.5,200,125,False,256,480,2304,,4.8
raefsky3,21200,1488768,8,0.0,18,jump,0.5,200,150,False,256,480,2304,,4.8
raefsky3,21200,1488768,8,0.0,18,jump,0.5,200,175,False,256,480,2304,,4.8
raefsky3,21200,1488768,8,0.0,18,jump,0.5,200,199,True,256,480,2304,480,4.8
raefsky3,21200,1488768,8,0.0,19,jump,0.5,200,0,False,256,480,2304,,4.8
raefsky3,21200,1488768,8,0.0,19,jump,0.5,200,25,False,256,480,2304,,4.8
raefsky3,21200,1488768,8,0.0,19,jump,0.5,200,50,False,256,480,2304,,4.8
raefsky3,21200,1488768,8,0.0,19,jump,0.5,200,75,False,256,480,2304,,4.8
raefsky3,21200,1488768,8,0.0,19,jump,0.5,200,100,False,256,480,2304,,4.8
raefsky3,21200,1488768,8,0.0,19,jump,0.5,200,125,False,256,480,2304,,4.8
raefsky3,21200,1488768,8,0.0,19,jump,0.5,200,150,False,256,480,2304,,4.8
raefsky3,21200,1488768,8,0.0,19,jump,0.5,200,175,False,256,480,2304,,4.8
raefsky3,21200,1488768,8,0.0,19,jump,0.5,200,199,True,256,480,2304,480,4.8
raefsky3,21200,1488768,8,0.0,20,jump,0.5,200,0,False,256,480,2304,,4.8
raefsky3,21200,1488768,8,0.0,20,jump,0.5,200,25,False,256,480,2304,,4.8
raefsky3,21200,1488768,8,0.0,20,jump,0.5,200,50,False,256,480,2304,,4.8
raefsky3,21200,1488768,8,0.0,20,jump,0.5,200,75,False,256,480,2304,,4.8
raefsky3,21200,1488768,8,0.0,20,jump,0.5,200,100,False,256,480,2304,,4.8
raefsky3,21200,1488768,8,0.0,20,jump,0.5,200,125,False,256,480,2304,,4.8
raefsky3,21200,1488768,8,0.0,20,jump,0.5,200,150,False,256,480,2304,,4.8
raefsky3,21200,1488768,8,0.0,20,jump,0.5,200,175,False,256,480,2304,,4.8
raefsky3,21200,1488768,8,0.0,20,jump,0.5,200,199,True,256,480,2304,480,4.8
raefsky3,21200,1488768,8,0.0,21,jump,0.5,200,0,False,256,480,2304,,4.8
raefsky3,21200,1488768,8,0.0,21,jump,0.5,200,25,False,256,480,2304,,4.8
raefsky3,21200,1488768,8,0.0,21,jump,0.5,200,50,False,256,480,2304,,4.8
raefsky3,21200,1488768,8,0.0,21,jump,0.5,200,75,False,256,480,2304,,4.8
raefsky3,21200,1488768,8,0.0,21,jump,0.5,200,100,False,256,480,2304,,4.8
raefsky3,21200,1488768,8,0.0,21,jump,0.5,200,125,False,256,480,2304,,4.8
raefsky3,21200,1488768,8,0.0,21,jump,0.5,200,150,False,256,480,2304,,4.8
raefsky3,21200,1488768,8,0.0,21,jump,0.5,200,175,False,256,480,2304,,4.8
raefsky3,21200,1488768,8,0.0,21,jump,0.5,200,199,True,256,480,2304,480,4.8
raefsky3,21200,1488768,8,0.002,17,jump,0.5,200,0,False,256,480,2304,,4.8
raefsky3,21200,1488768,8,0.002,17,jump,0.5,200,25,False,256,2008,3840,,1.9124
raefsky3,21200,1488768,8,0.002,17,jump,0.5,200,50,False,256,3224,5208,,1.6154
raefsky3,21200,1488768,8,0.002,17,jump,0.5,200,75,False,256,4328,6576,,1.5194
raefsky3,21200,1488768,8,0.002,17,jump,0.5,200,100,False,256,5584,8016,,1.4355
raefsky3,21200,1488768,8,0.002,17,jump,0.5,200,125,False,256,6520,9144,,1.4025
raefsky3,21200,1488768,8,0.002,17,jump,0.5,200,150,False,256,7088,9984,,1.4086
raefsky3,21200,1488768,8,0.002,17,jump,0.5,200,175,False,256,7720,11040,,1.4301
raefsky3,21200,1488768,8,0.002,17,jump,0.5,200,199,True,256,8192,11784,8192,1.4385
raefsky3,21200,1488768,8,0.002,18,jump,0.5,200,0,False,256,480,2304,,4.8
raefsky3,21200,1488768,8,0.002,18,jump,0.5,200,25,False,256,2000,3960,,1.98
raefsky3,21200,1488768,8,0.002,18,jump,0.5,200,50,False,256,3512,5520,,1.5718
raefsky3,21200,1488768,8,0.002,18,jump,0.5,200,75,False,256,4704,6888,,1.4643
raefsky3,21200,1488768,8,0.002,18,jump,0.5,200,100,False,256,5584,7992,,1.4312
raefsky3,21200,1488768,8,0.002,18,jump,0.5,200,125,False,256,6144,9000,,1.4648
raefsky3,21200,1488768,8,0.002,18,jump,0.5,200,150,False,256,7016,10008,,1.4265
raefsky3,21200,1488768,8,0.002,18,jump,0.5,200,175,False,256,7744,11040,,1.4256
raefsky3,21200,1488768,8,0.002,18,jump,0.5,200,199,True,256,8344,11840,8344,1.419
raefsky3,21200,1488768,8,0.002,19,jump,0.5,200,0,False,256,480,2304,,4.8
raefsky3,21200,1488768,8,0.002,19,jump,0.5,200,25,False,256,2040,3936,,1.9294
raefsky3,21200,1488768,8,0.002,19,jump,0.5,200,50,False,256,3512,5520,,1.5718
raefsky3,21200,1488768,8,0.002,19,jump,0.5,200,75,False,256,4776,6984,,1.4623
raefsky3,21200,1488768,8,0.002,19,jump,0.5,200,100,False,256,5632,8184,,1.4531
raefsky3,21200,1488768,8,0.002,19,jump,0.5,200,125,False,256,6376,9240,,1.4492
raefsky3,21200,1488768,8,0.002,19,jump,0.5,200,150,False,256,6712,9816,,1.4625
raefsky3,21200,1488768,8,0.002,19,jump,0.5,200,175,False,256,7472,10920,,1.4615
raefsky3,21200,1488768,8,0.002,19,jump,0.5,200,199,True,256,8088,11688,8088,1.4451
raefsky3,21200,1488768,8,0.002,20,jump,0.5,200,0,False,256,480,2304,,4.8
raefsky3,21200,1488768,8,0.002,20,jump,0.5,200,25,False,256,2112,3984,,1.8864
raefsky3,21200,1488768,8,0.002,20,jump,0.5,200,50,False,256,3296,5352,,1.6238
raefsky3,21200,1488768,8,0.002,20,jump,0.5,200,75,False,256,4440,6744,,1.5189
raefsky3,21200,1488768,8,0.002,20,jump,0.5,200,100,False,256,5392,8040,,1.4911
raefsky3,21200,1488768,8,0.002,20,jump,0.5,200,125,False,256,6464,9168,,1.4183
raefsky3,21200,1488768,8,0.002,20,jump,0.5,200,150,False,256,7040,10368,,1.4727
raefsky3,21200,1488768,8,0.002,20,jump,0.5,200,175,False,256,7944,11520,,1.4502
raefsky3,21200,1488768,8,0.002,20,jump,0.5,200,199,True,256,8464,12312,8464,1.4546
raefsky3,21200,1488768,8,0.002,21,jump,0.5,200,0,False,256,480,2304,,4.8
raefsky3,21200,1488768,8,0.002,21,jump,0.5,200,25,False,256,2040,3960,,1.9412
raefsky3,21200,1488768,8,0.002,21,jump,0.5,200,50,False,256,3496,5616,,1.6064
raefsky3,21200,1488768,8,0.002,21,jump,0.5,200,75,False,256,4704,6936,,1.4745
raefsky3,21200,1488768,8,0.002,21,jump,0.5,200,100,False,256,5536,8016,,1.448
raefsky3,21200,1488768,8,0.002,21,jump,0.5,200,125,False,256,6432,9240,,1.4366
raefsky3,21200,1488768,8,0.002,21,jump,0.5,200,150,False,256,7072,10296,,1.4559
raefsky3,21200,1488768,8,0.002,21,jump,0.5,200,175,False,256,7344,10848,,1.4771
raefsky3,21200,1488768,8,0.002,21,jump,0.5,200,199,True,256,7728,11448,7728,1.4814
raefsky3,21200,1488768,8,0.01,17,jump,0.5,200,0,False,256,480,2304,,4.8
raefsky3,21200,1488768,8,0.01,17,jump,0.5,200,25,False,256,4552,6736,,1.4798
raefsky3,21200,1488768,8,0.01,17,jump,0.5,200,50,False,256,7072,10112,,1.4299
raefsky3,21200,1488768,8,0.01,17,jump,0.5,200,75,False,256,8760,12720,,1.4521
raefsky3,21200,1488768,8,0.01,17,jump,0.5,200,100,False,256,9800,14304,,1.4596
raefsky3,21200,1488768,8,0.01,17,jump,0.5,200,125,False,256,10184,15792,,1.5507
raefsky3,21200,1488768,8,0.01,17,jump,0.5,200,150,False,256,10992,16728,,1.5218
raefsky3,21200,1488768,8,0.01,17,jump,0.5,200,175,False,256,11424,16704,,1.4622
raefsky3,21200,1488768,8,0.01,17,jump,0.5,200,199,True,256,11584,16944,11584,1.4627
raefsky3,21200,1488768,8,0.01,18,jump,0.5,200,0,False,256,480,2304,,4.8
raefsky3,21200,1488768,8,0.01,18,jump,0.5,200,25,False,256,4600,6936,,1.5078
raefsky3,21200,1488768,8,0.01,18,jump,0.5,200,50,False,256,7024,10248,,1.459
raefsky3,21200,1488768,8,0.01,18,jump,0.5,200,75,False,256,8984,12672,,1.4105
raefsky3,21200,1488768,8,0.01,18,jump,0.5,200,100,False,256,10336,14520,,1.4048
raefsky3,21200,1488768,8,0.01,18,jump,0.5,200,125,False,256,10696,15600,,1.4585
raefsky3,21200,1488768,8,0.01,18,jump,0.5,200,150,False,256,11392,15984,,1.4031
raefsky3,21200,1488768,8,0.01,18,jump,0.5,200,175,False,256,11472,16608,,1.4477
raefsky3,21200,1488768,8,0.01,18,jump,0.5,200,199,True,256,11584,17232,11584,1.4876
raefsky3,21200,1488768,8,0.01,19,jump,0.5,200,0,False,256,480,2304,,4.8
raefsky3,21200,1488768,8,0.01,19,jump,0.5,200,25,False,256,4464,6768,,1.5161
raefsky3,21200,1488768,8,0.01,19,jump,0.5,200,50,False,256,6632,9576,,1.4439
raefsky3,21200,1488768,8,0.01,19,jump,0.5,200,75,False,256,8504,12120,,1.4252
raefsky3,21200,1488768,8,0.01,19,jump,0.5,200,100,False,256,9552,13832,,1.4481
raefsky3,21200,1488768,8,0.01,19,jump,0.5,200,125,False,256,10016,14784,,1.476
raefsky3,21200,1488768,8,0.01,19,jump,0.5,200,150,False,256,10064,15456,,1.5358
raefsky3,21200,1488768,8,0.01,19,jump,0.5,200,175,False,256,10616,16152,,1.5215
raefsky3,21200,1488768,8,0.01,19,jump,0.5,200,199,True,256,11384,17016,11384,1.4947
raefsky3,21200,1488768,8,0.01,20,jump,0.5,200,0,False,256,480,2304,,4.8
raefsky3,21200,1488768,8,0.01,20,jump,0.5,200,25,False,256,4400,6696,,1.5218
raefsky3,21200,1488768,8,0.01,20,jump,0.5,200,50,False,256,6840,9864,,1.4421
raefsky3,21200,1488768,8,0.01,20,jump,0.5,200,75,False,256,8056,11664,,1.4479
raefsky3,21200,1488768,8,0.01,20,jump,0.5,200,100,False,256,9240,13416,,1.4519
raefsky3,21200,1488768,8,0.01,20,jump,0.5,200,125,False,256,10008,14760,,1.4748
raefsky3,21200,1488768,8,0.01,20,jump,0.5,200,150,False,256,10632,15576,,1.465
raefsky3,21200,1488768,8,0.01,20,jump,0.5,200,175,False,256,11512,16368,,1.4218
raefsky3,21200,1488768,8,0.01,20,jump,0.5,200,199,True,256,11920,16992,11920,1.4255
raefsky3,21200,1488768,8,0.01,21,jump,0.5,200,0,False,256,480,2304,,4.8
raefsky3,21200,1488768,8,0.01,21,jump,0.5,200,25,False,256,4584,7176,,1.5654
raefsky3,21200,1488768,8,0.01,21,jump,0.5,200,50,False,256,6736,10008,,1.4857
raefsky3,21200,1488768,8,0.01,21,jump,0.5,200,75,False,256,7832,11856,,1.5138
raefsky3,21200,1488768,8,0.01,21,jump,0.5,200,100,False,256,9400,13808,,1.4689
raefsky3,21200,1488768,8,0.01,21,jump,0.5,200,125,False,256,10600,15560,,1.4679
raefsky3,21200,1488768,8,0.01,21,jump,0.5,200,150,False,256,11080,16352,,1.4758
raefsky3,21200,1488768,8,0.01,21,jump,0.5,200,175,False,256,11928,16976,,1.4232
raefsky3,21200,1488768,8,0.01,21,jump,0.5,200,199,True,256,12168,17312,12168,1.4227
raefsky3,21200,1488768,8,0.05,17,jump,0.5,200,0,False,256,480,2304,,4.8
raefsky3,21200,1488768,8,0.05,17,jump,0.5,200,25,False,256,10392,14840,,1.428
raefsky3,21200,1488768,8,0.05,17,jump,0.5,200,50,False,256,12000,17112,,1.426
raefsky3,21200,1488768,8,0.05,17,jump,0.5,200,75,False,256,12440,17496,,1.4064
raefsky3,21200,1488768,8,0.05,17,jump,0.5,200,100,False,256,11992,17112,,1.427
raefsky3,21200,1488768,8,0.05,17,jump,0.5,200,125,False,256,12104,17000,,1.4045
raefsky3,21200,1488768,8,0.05,17,jump,0.5,200,150,False,256,12296,17112,,1.3917
raefsky3,21200,1488768,8,0.05,17,jump,0.5,200,175,False,256,12312,17592,,1.4288
raefsky3,21200,1488768,8,0.05,17,jump,0.5,200,199,True,256,12872,17640,12872,1.3704
raefsky3,21200,1488768,8,0.05,18,jump,0.5,200,0,False,256,480,2304,,4.8
raefsky3,21200,1488768,8,0.05,18,jump,0.5,200,25,False,256,10048,14352,,1.4283
raefsky3,21200,1488768,8,0.05,18,jump,0.5,200,50,False,256,11360,16488,,1.4514
raefsky3,21200,1488768,8,0.05,18,jump,0.5,200,75,False,256,12296,17208,,1.3995
raefsky3,21200,1488768,8,0.05,18,jump,0.5,200,100,False,256,11888,17352,,1.4596
raefsky3,21200,1488768,8,0.05,18,jump,0.5,200,125,False,256,12128,17256,,1.4228
raefsky3,21200,1488768,8,0.05,18,jump,0.5,200,150,False,256,12344,17448,,1.4135
raefsky3,21200,1488768,8,0.05,18,jump,0.5,200,175,False,256,12192,17304,,1.4193
raefsky3,21200,1488768,8,0.05,18,jump,0.5,200,199,True,256,12424,16968,12424,1.3657
raefsky3,21200,1488768,8,0.05,19,jump,0.5,200,0,False,256,480,2304,,4.8
raefsky3,21200,1488768,8,0.05,19,jump,0.5,200,25,False,256,10368,14944,,1.4414
raefsky3,21200,1488768,8,0.05,19,jump,0.5,200,50,False,256,12088,17328,,1.4335
raefsky3,21200,1488768,8,0.05,19,jump,0.5,200,75,False,256,12184,17472,,1.434
raefsky3,21200,1488768,8,0.05,19,jump,0.5,200,100,False,256,12200,17016,,1.3948
raefsky3,21200,1488768,8,0.05,19,jump,0.5,200,125,False,256,12512,17424,,1.3926
raefsky3,21200,1488768,8,0.05,19,jump,0.5,200,150,False,256,12160,17072,,1.4039
raefsky3,21200,1488768,8,0.05,19,jump,0.5,200,175,False,256,11872,17352,,1.4616
raefsky3,21200,1488768,8,0.05,19,jump,0.5,200,199,True,256,12440,17400,12440,1.3987
raefsky3,21200,1488768,8,0.05,20,jump,0.5,200,0,False,256,480,2304,,4.8
raefsky3,21200,1488768,8,0.05,20,jump,0.5,200,25,False,256,10328,15192,,1.471
raefsky3,21200,1488768,8,0.05,20,jump,0.5,200,50,False,256,11528,17072,,1.4809
raefsky3,21200,1488768,8,0.05,20,jump,0.5,200,75,False,256,12384,17208,,1.3895
raefsky3,21200,1488768,8,0.05,20,jump,0.5,200,100,False,256,11920,17304,,1.4517
raefsky3,21200,1488768,8,0.05,20,jump,0.5,200,125,False,256,12560,17016,,1.3548
raefsky3,21200,1488768,8,0.05,20,jump,0.5,200,150,False,256,12272,17336,,1.4126
raefsky3,21200,1488768,8,0.05,20,jump,0.5,200,175,False,256,11632,16800,,1.4443
raefsky3,21200,1488768,8,0.05,20,jump,0.5,200,199,True,256,12064,17424,12064,1.4443
raefsky3,21200,1488768,8,0.05,21,jump,0.5,200,0,False,256,480,2304,,4.8
raefsky3,21200,1488768,8,0.05,21,jump,0.5,200,25,False,256,9952,14448,,1.4518
raefsky3,21200,1488768,8,0.05,21,jump,0.5,200,50,False,256,11792,17040,,1.445
raefsky3,21200,1488768,8,0.05,21,jump,0.5,200,75,False,256,12040,16992,,1.4113
raefsky3,21200,1488768,8,0.05,21,jump,0.5,200,100,False,256,12256,17256,,1.408
raefsky3,21200,1488768,8,0.05,21,jump,0.5,200,125,False,256,11752,17448,,1.4847
raefsky3,21200,1488768,8,0.05,21,jump,0.5,200,150,False,256,12176,17568,,1.4428
raefsky3,21200,1488768,8,0.05,21,jump,0.5,200,175,False,256,12392,17216,,1.3893
raefsky3,21200,1488768,8,0.05,21,jump,0.5,200,199,True,256,12112,16944,12112,1.3989
raefsky3,21200,1488768,8,0.25,17,jump,0.5,200,0,False,256,480,2304,,4.8
raefsky3,21200,1488768,8,0.25,17,jump,0.5,200,25,False,256,12392,17448,,1.408
raefsky3,21200,1488768,8,0.25,17,jump,0.5,200,50,False,256,12080,17168,,1.4212
raefsky3,21200,1488768,8,0.25,17,jump,0.5,200,75,False,256,11800,16776,,1.4217
raefsky3,21200,1488768,8,0.25,17,jump,0.5,200,100,False,256,12144,17336,,1.4275
raefsky3,21200,1488768,8,0.25,17,jump,0.5,200,125,False,256,12104,17016,,1.4058
raefsky3,21200,1488768,8,0.25,17,jump,0.5,200,150,False,256,12480,17312,,1.3872
raefsky3,21200,1488768,8,0.25,17,jump,0.5,200,175,False,256,11928,17472,,1.4648
raefsky3,21200,1488768,8,0.25,17,jump,0.5,200,199,True,256,12032,17280,12032,1.4362
raefsky3,21200,1488768,8,0.25,18,jump,0.5,200,0,False,256,480,2304,,4.8
raefsky3,21200,1488768,8,0.25,18,jump,0.5,200,25,False,256,12408,17136,,1.381
raefsky3,21200,1488768,8,0.25,18,jump,0.5,200,50,False,256,12032,17352,,1.4422
raefsky3,21200,1488768,8,0.25,18,jump,0.5,200,75,False,256,12168,17016,,1.3984
raefsky3,21200,1488768,8,0.25,18,jump,0.5,200,100,False,256,12248,17040,,1.3912
raefsky3,21200,1488768,8,0.25,18,jump,0.5,200,125,False,256,11768,16872,,1.4337
raefsky3,21200,1488768,8,0.25,18,jump,0.5,200,150,False,256,11928,16968,,1.4225
raefsky3,21200,1488768,8,0.25,18,jump,0.5,200,175,False,256,12120,17576,,1.4502
raefsky3,21200,1488768,8,0.25,18,jump,0.5,200,199,True,256,12056,17264,12056,1.432
raefsky3,21200,1488768,8,0.25,19,jump,0.5,200,0,False,256,480,2304,,4.8
raefsky3,21200,1488768,8,0.25,19,jump,0.5,200,25,False,256,11672,17024,,1.4585
raefsky3,21200,1488768,8,0.25,19,jump,0.5,200,50,False,256,11744,16904,,1.4394
raefsky3,21200,1488768,8,0.25,19,jump,0.5,200,75,False,256,12384,17016,,1.374
raefsky3,21200,1488768,8,0.25,19,jump,0.5,200,100,False,256,12376,17544,,1.4176
raefsky3,21200,1488768,8,0.25,19,jump,0.5,200,125,False,256,12304,17280,,1.4044
raefsky3,21200,1488768,8,0.25,19,jump,0.5,200,150,False,256,11984,17328,,1.4459
raefsky3,21200,1488768,8,0.25,19,jump,0.5,200,175,False,256,12088,17376,,1.4375
raefsky3,21200,1488768,8,0.25,19,jump,0.5,200,199,True,256,12112,17040,12112,1.4069
raefsky3,21200,1488768,8,0.25,20,jump,0.5,200,0,False,256,480,2304,,4.8
raefsky3,21200,1488768,8,0.25,20,jump,0.5,200,25,False,256,12256,17160,,1.4001
raefsky3,21200,1488768,8,0.25,20,jump,0.5,200,50,False,256,12168,16944,,1.3925
raefsky3,21200,1488768,8,0.25,20,jump,0.5,200,75,False,256,12432,17136,,1.3784
raefsky3,21200,1488768,8,0.25,20,jump,0.5,200,100,False,256,11848,17064,,1.4402
raefsky3,21200,1488768,8,0.25,20,jump,0.5,200,125,False,256,12016,17040,,1.4181
raefsky3,21200,1488768,8,0.25,20,jump,0.5,200,150,False,256,12480,17544,,1.4058
raefsky3,21200,1488768,8,0.25,20,jump,0.5,200,175,False,256,12312,17160,,1.3938
raefsky3,21200,1488768,8,0.25,20,jump,0.5,200,199,True,256,12264,17208,12264,1.4031
raefsky3,21200,1488768,8,0.25,21,jump,0.5,200,0,False,256,480,2304,,4.8
raefsky3,21200,1488768,8,0.25,21,jump,0.5,200,25,False,256,12016,17400,,1.4481
raefsky3,21200,1488768,8,0.25,21,jump,0.5,200,50,False,256,11776,17256,,1.4654
raefsky3,21200,1488768,8,0.25,21,jump,0.5,200,75,False,256,12224,17280,,1.4136
raefsky3,21200,1488768,8,0.25,21,jump,0.5,200,100,False,256,12064,17072,,1.4151
raefsky3,21200,1488768,8,0.25,21,jump,0.5,200,125,False,256,11816,17288,,1.4631
raefsky3,21200,1488768,8,0.25,21,jump,0.5,200,150,False,256,12320,17064,,1.3851
raefsky3,21200,1488768,8,0.25,21,jump,0.5,200,175,False,256,12168,17328,,1.4241
raefsky3,21200,1488768,8,0.25,21,jump,0.5,200,199,True,256,12048,16824,12048,1.3964
epb2,25228,175027,8,0.0,17,drift,0.5,200,0,False,256,1078,3531,,3.2755
epb2,25228,175027,8,0.0,17,drift,0.5,200,25,False,256,1078,3531,,3.2755
epb2,25228,175027,8,0.0,17,drift,0.5,200,50,False,256,1078,3531,,3.2755
epb2,25228,175027,8,0.0,17,drift,0.5,200,75,False,256,1078,3531,,3.2755
epb2,25228,175027,8,0.0,17,drift,0.5,200,100,False,256,1078,3531,,3.2755
epb2,25228,175027,8,0.0,17,drift,0.5,200,125,False,256,1078,3531,,3.2755
epb2,25228,175027,8,0.0,17,drift,0.5,200,150,False,256,1078,3531,,3.2755
epb2,25228,175027,8,0.0,17,drift,0.5,200,175,False,256,1078,3531,,3.2755
epb2,25228,175027,8,0.0,17,drift,0.5,200,199,True,256,1078,3531,1078,3.2755
epb2,25228,175027,8,0.0,18,drift,0.5,200,0,False,256,468,1104,,2.359
epb2,25228,175027,8,0.0,18,drift,0.5,200,25,False,256,468,1104,,2.359
epb2,25228,175027,8,0.0,18,drift,0.5,200,50,False,256,468,1104,,2.359
epb2,25228,175027,8,0.0,18,drift,0.5,200,75,False,256,468,1104,,2.359
epb2,25228,175027,8,0.0,18,drift,0.5,200,100,False,256,468,1104,,2.359
epb2,25228,175027,8,0.0,18,drift,0.5,200,125,False,256,468,1104,,2.359
epb2,25228,175027,8,0.0,18,drift,0.5,200,150,False,256,468,1104,,2.359
epb2,25228,175027,8,0.0,18,drift,0.5,200,175,False,256,468,1104,,2.359
epb2,25228,175027,8,0.0,18,drift,0.5,200,199,True,256,468,1104,468,2.359
epb2,25228,175027,8,0.0,19,drift,0.5,200,0,False,256,468,1104,,2.359
epb2,25228,175027,8,0.0,19,drift,0.5,200,25,False,256,468,1104,,2.359
epb2,25228,175027,8,0.0,19,drift,0.5,200,50,False,256,468,1104,,2.359
epb2,25228,175027,8,0.0,19,drift,0.5,200,75,False,256,468,1104,,2.359
epb2,25228,175027,8,0.0,19,drift,0.5,200,100,False,256,468,1104,,2.359
epb2,25228,175027,8,0.0,19,drift,0.5,200,125,False,256,468,1104,,2.359
epb2,25228,175027,8,0.0,19,drift,0.5,200,150,False,256,468,1104,,2.359
epb2,25228,175027,8,0.0,19,drift,0.5,200,175,False,256,468,1104,,2.359
epb2,25228,175027,8,0.0,19,drift,0.5,200,199,True,256,468,1104,468,2.359
epb2,25228,175027,8,0.0,20,drift,0.5,200,0,False,256,495,1157,,2.3374
epb2,25228,175027,8,0.0,20,drift,0.5,200,25,False,256,495,1157,,2.3374
epb2,25228,175027,8,0.0,20,drift,0.5,200,50,False,256,495,1157,,2.3374
epb2,25228,175027,8,0.0,20,drift,0.5,200,75,False,256,495,1157,,2.3374
epb2,25228,175027,8,0.0,20,drift,0.5,200,100,False,256,495,1157,,2.3374
epb2,25228,175027,8,0.0,20,drift,0.5,200,125,False,256,495,1157,,2.3374
epb2,25228,175027,8,0.0,20,drift,0.5,200,150,False,256,495,1157,,2.3374
epb2,25228,175027,8,0.0,20,drift,0.5,200,175,False,256,495,1157,,2.3374
epb2,25228,175027,8,0.0,20,drift,0.5,200,199,True,256,495,1157,495,2.3374
epb2,25228,175027,8,0.0,21,drift,0.5,200,0,False,256,584,1478,,2.5308
epb2,25228,175027,8,0.0,21,drift,0.5,200,25,False,256,584,1478,,2.5308
epb2,25228,175027,8,0.0,21,drift,0.5,200,50,False,256,584,1478,,2.5308
epb2,25228,175027,8,0.0,21,drift,0.5,200,75,False,256,584,1478,,2.5308
epb2,25228,175027,8,0.0,21,drift,0.5,200,100,False,256,584,1478,,2.5308
epb2,25228,175027,8,0.0,21,drift,0.5,200,125,False,256,584,1478,,2.5308
epb2,25228,175027,8,0.0,21,drift,0.5,200,150,False,256,584,1478,,2.5308
epb2,25228,175027,8,0.0,21,drift,0.5,200,175,False,256,584,1478,,2.5308
epb2,25228,175027,8,0.0,21,drift,0.5,200,199,True,256,584,1478,584,2.5308
epb2,25228,175027,8,0.002,17,drift,0.5,200,0,False,256,1078,3531,,3.2755
epb2,25228,175027,8,0.002,17,drift,0.5,200,25,False,256,1101,3581,,3.2525
epb2,25228,175027,8,0.002,17,drift,0.5,200,50,False,256,1093,3448,,3.1546
epb2,25228,175027,8,0.002,17,drift,0.5,200,75,False,256,1121,3602,,3.2132
epb2,25228,175027,8,0.002,17,drift,0.5,200,100,False,256,1117,3557,,3.1844
epb2,25228,175027,8,0.002,17,drift,0.5,200,125,False,256,1158,3777,,3.2617
epb2,25228,175027,8,0.002,17,drift,0.5,200,150,False,256,1167,3882,,3.3265
epb2,25228,175027,8,0.002,17,drift,0.5,200,175,False,256,1194,3931,,3.2923
epb2,25228,175027,8,0.002,17,drift,0.5,200,199,True,256,1188,4040,1188,3.4007
epb2,25228,175027,8,0.002,18,drift,0.5,200,0,False,256,468,1104,,2.359
epb2,25228,175027,8,0.002,18,drift,0.5,200,25,False,256,512,1218,,2.3789
epb2,25228,175027,8,0.002,18,drift,0.5,200,50,False,256,512,1218,,2.3789
epb2,25228,175027,8,0.002,18,drift,0.5,200,75,False,256,514,1242,,2.4163
epb2,25228,175027,8,0.002,18,drift,0.5,200,100,False,256,523,1266,,2.4207
epb2,25228,175027,8,0.002,18,drift,0.5,200,125,False,256,531,1290,,2.4294
epb2,25228,175027,8,0.002,18,drift,0.5,200,150,False,256,541,1290,,2.3845
epb2,25228,175027,8,0.002,18,drift,0.5,200,175,False,256,541,1314,,2.4288
epb2,25228,175027,8,0.002,18,drift,0.5,200,199,True,256,551,1338,551,2.4283
epb2,25228,175027,8,0.002,19,drift,0.5,200,0,False,256,468,1104,,2.359
epb2,25228,175027,8,0.002,19,drift,0.5,200,25,False,256,512,1224,,2.3906
epb2,25228,175027,8,0.002,19,drift,0.5,200,50,False,256,522,1248,,2.3908
epb2,25228,175027,8,0.002,19,drift,0.5,200,75,False,256,523,1248,,2.3862
epb2,25228,175027,8,0.002,19,drift,0.5,200,100,False,256,545,1272,,2.3339
epb2,25228,175027,8,0.002,19,drift,0.5,200,125,False,256,564,1320,,2.3404
epb2,25228,175027,8,0.002,19,drift,0.5,200,150,False,256,581,1392,,2.3959
epb2,25228,175027,8,0.002,19,drift,0.5,200,175,False,256,587,1416,,2.4123
epb2,25228,175027,8,0.002,19,drift,0.5,200,199,True,256,573,1368,573,2.3874
epb2,25228,175027,8,0.002,20,drift,0.5,200,0,False,256,495,1157,,2.3374
epb2,25228,175027,8,0.002,20,drift,0.5,200,25,False,256,511,1178,,2.3053
epb2,25228,175027,8,0.002,20,drift,0.5,200,50,False,256,536,1219,,2.2743
epb2,25228,175027,8,0.002,20,drift,0.5,200,75,False,256,550,1273,,2.3145
epb2,25228,175027,8,0.002,20,drift,0.5,200,100,False,256,615,1344,,2.1854
epb2,25228,175027,8,0.002,20,drift,0.5,200,125,False,256,656,1461,,2.2271
epb2,25228,175027,8,0.002,20,drift,0.5,200,150,False,256,679,1486,,2.1885
epb2,25228,175027,8,0.002,20,drift,0.5,200,175,False,256,785,1708,,2.1758
epb2,25228,175027,8,0.002,20,drift,0.5,200,199,True,256,781,1708,781,2.1869
epb2,25228,175027,8,0.002,21,drift,0.5,200,0,False,256,584,1478,,2.5308
epb2,25228,175027,8,0.002,21,drift,0.5,200,25,False,256,624,1553,,2.4888
epb2,25228,175027,8,0.002,21,drift,0.5,200,50,False,256,636,1601,,2.5173
epb2,25228,175027,8,0.002,21,drift,0.5,200,75,False,256,645,1597,,2.476
epb2,25228,175027,8,0.002,21,drift,0.5,200,100,False,256,654,1621,,2.4786
epb2,25228,175027,8,0.002,21,drift,0.5,200,125,False,256,670,1691,,2.5239
epb2,25228,175027,8,0.002,21,drift,0.5,200,150,False,256,671,1688,,2.5156
epb2,25228,175027,8,0.002,21,drift,0.5,200,175,False,256,692,1736,,2.5087
epb2,25228,175027,8,0.002,21,drift,0.5,200,199,True,256,690,1717,690,2.4884
epb2,25228,175027,8,0.01,17,drift,0.5,200,0,False,256,1078,3531,,3.2755
epb2,25228,175027,8,0.01,17,drift,0.5,200,25,False,256,1116,3843,,3.4435
epb2,25228,175027,8,0.01,17,drift,0.5,200,50,False,256,1188,4317,,3.6338
epb2,25228,175027,8,0.01,17,drift,0.5,200,75,False,256,1169,4368,,3.7365
epb2,25228,175027,8,0.01,17,drift,0.5,200,100,False,256,1213,4567,,3.765
epb2,25228,175027,8,0.01,17,drift,0.5,200,125,False,256,1292,4750,,3.6765
epb2,25228,175027,8,0.01,17,drift,0.5,200,150,False,256,1335,4549,,3.4075
epb2,25228,175027,8,0.01,17,drift,0.5,200,175,False,256,1338,4605,,3.4417
epb2,25228,175027,8,0.01,17,drift,0.5,200,199,True,256,1367,4540,1367,3.3211
epb2,25228,175027,8,0.01,18,drift,0.5,200,0,False,256,468,1104,,2.359
epb2,25228,175027,8,0.01,18,drift,0.5,200,25,False,256,525,1248,,2.3771
epb2,25228,175027,8,0.01,18,drift,0.5,200,50,False,256,513,1218,,2.3743
epb2,25228,175027,8,0.01,18,drift,0.5,200,75,False,256,577,1386,,2.4021
epb2,25228,175027,8,0.01,18,drift,0.5,200,100,False,256,600,1434,,2.39
epb2,25228,175027,8,0.01,18,drift,0.5,200,125,False,256,591,1410,,2.3858
epb2,25228,175027,8,0.01,18,drift,0.5,200,150,False,256,605,1455,,2.405
epb2,25228,175027,8,0.01,18,drift,0.5,200,175,False,256,633,1479,,2.3365
epb2,25228,175027,8,0.01,18,drift,0.5,200,199,True,256,613,1477,613,2.4095
epb2,25228,175027,8,0.01,19,drift,0.5,200,0,False,256,468,1104,,2.359
epb2,25228,175027,8,0.01,19,drift,0.5,200,25,False,256,519,1224,,2.3584
epb2,25228,175027,8,0.01,19,drift,0.5,200,50,False,256,653,1405,,2.1516
epb2,25228,175027,8,0.01,19,drift,0.5,200,75,False,256,667,1429,,2.1424
epb2,25228,175027,8,0.01,19,drift,0.5,200,100,False,256,606,1419,,2.3416
epb2,25228,175027,8,0.01,19,drift,0.5,200,125,False,256,670,1588,,2.3701
epb2,25228,175027,8,0.01,19,drift,0.5,200,150,False,256,720,1708,,2.3722
epb2,25228,175027,8,0.01,19,drift,0.5,200,175,False,256,717,1708,,2.3821
epb2,25228,175027,8,0.01,19,drift,0.5,200,199,True,256,735,1756,735,2.3891
epb2,25228,175027,8,0.01,20,drift,0.5,200,0,False,256,495,1157,,2.3374
epb2,25228,175027,8,0.01,20,drift,0.5,200,25,False,256,673,1538,,2.2853
epb2,25228,175027,8,0.01,20,drift,0.5,200,50,False,256,672,1559,,2.3199
epb2,25228,175027,8,0.01,20,drift,0.5,200,75,False,256,656,1484,,2.2622
epb2,25228,175027,8,0.01,20,drift,0.5,200,100,False,256,683,1551,,2.2709
epb2,25228,175027,8,0.01,20,drift,0.5,200,125,False,256,704,1626,,2.3097
epb2,25228,175027,8,0.01,20,drift,0.5,200,150,False,256,667,1483,,2.2234
epb2,25228,175027,8,0.01,20,drift,0.5,200,175,False,256,687,1531,,2.2285
epb2,25228,175027,8,0.01,20,drift,0.5,200,199,True,256,764,1589,764,2.0798
epb2,25228,175027,8,0.01,21,drift,0.5,200,0,False,256,584,1478,,2.5308
epb2,25228,175027,8,0.01,21,drift,0.5,200,25,False,256,657,1717,,2.6134
epb2,25228,175027,8,0.01,21,drift,0.5,200,50,False,256,697,1837,,2.6356
epb2,25228,175027,8,0.01,21,drift,0.5,200,75,False,256,719,1933,,2.6885
epb2,25228,175027,8,0.01,21,drift,0.5,200,100,False,256,722,1933,,2.6773
epb2,25228,175027,8,0.01,21,drift,0.5,200,125,False,256,758,2006,,2.6464
epb2,25228,175027,8,0.01,21,drift,0.5,200,150,False,256,794,2080,,2.6196
epb2,25228,175027,8,0.01,21,drift,0.5,200,175,False,256,775,2049,,2.6439
epb2,25228,175027,8,0.01,21,drift,0.5,200,199,True,256,791,2104,791,2.6599
epb2,25228,175027,8,0.05,17,drift,0.5,200,0,False,256,1078,3531,,3.2755
epb2,25228,175027,8,0.05,17,drift,0.5,200,25,False,256,1235,4154,,3.3636
epb2,25228,175027,8,0.05,17,drift,0.5,200,50,False,256,1288,4336,,3.3665
epb2,25228,175027,8,0.05,17,drift,0.5,200,75,False,256,1302,4087,,3.139
epb2,25228,175027,8,0.05,17,drift,0.5,200,100,False,256,1272,3735,,2.9363
epb2,25228,175027,8,0.05,17,drift,0.5,200,125,False,256,1365,4203,,3.0791
epb2,25228,175027,8,0.05,17,drift,0.5,200,150,False,256,1314,3571,,2.7177
epb2,25228,175027,8,0.05,17,drift,0.5,200,175,False,256,1363,3791,,2.7814
epb2,25228,175027,8,0.05,17,drift,0.5,200,199,True,256,1429,3696,1429,2.5864
epb2,25228,175027,8,0.05,18,drift,0.5,200,0,False,256,468,1104,,2.359
epb2,25228,175027,8,0.05,18,drift,0.5,200,25,False,256,628,1476,,2.3503
epb2,25228,175027,8,0.05,18,drift,0.5,200,50,False,256,650,1543,,2.3738
epb2,25228,175027,8,0.05,18,drift,0.5,200,75,False,256,672,1639,,2.439
epb2,25228,175027,8,0.05,18,drift,0.5,200,100,False,256,718,1664,,2.3175
epb2,25228,175027,8,0.05,18,drift,0.5,200,125,False,256,816,1930,,2.3652
epb2,25228,175027,8,0.05,18,drift,0.5,200,150,False,256,843,1931,,2.2906
epb2,25228,175027,8,0.05,18,drift,0.5,200,175,False,256,903,2096,,2.3212
epb2,25228,175027,8,0.05,18,drift,0.5,200,199,True,256,941,2086,941,2.2168
epb2,25228,175027,8,0.05,19,drift,0.5,200,0,False,256,468,1104,,2.359
epb2,25228,175027,8,0.05,19,drift,0.5,200,25,False,256,642,1539,,2.3972
epb2,25228,175027,8,0.05,19,drift,0.5,200,50,False,256,908,2158,,2.3767
epb2,25228,175027,8,0.05,19,drift,0.5,200,75,False,256,1011,2250,,2.2255
epb2,25228,175027,8,0.05,19,drift,0.5,200,100,False,256,1014,2426,,2.3925
epb2,25228,175027,8,0.05,19,drift,0.5,200,125,False,256,1052,2285,,2.1721
epb2,25228,175027,8,0.05,19,drift,0.5,200,150,False,256,1177,2819,,2.3951
epb2,25228,175027,8,0.05,19,drift,0.5,200,175,False,256,1156,2677,,2.3157
epb2,25228,175027,8,0.05,19,drift,0.5,200,199,True,256,1174,2697,1174,2.2973
epb2,25228,175027,8,0.05,20,drift,0.5,200,0,False,256,495,1157,,2.3374
epb2,25228,175027,8,0.05,20,drift,0.5,200,25,False,256,582,1372,,2.3574
epb2,25228,175027,8,0.05,20,drift,0.5,200,50,False,256,996,2290,,2.2992
epb2,25228,175027,8,0.05,20,drift,0.5,200,75,False,256,953,2326,,2.4407
epb2,25228,175027,8,0.05,20,drift,0.5,200,100,False,256,1241,3052,,2.4593
epb2,25228,175027,8,0.05,20,drift,0.5,200,125,False,256,1311,2984,,2.2761
epb2,25228,175027,8,0.05,20,drift,0.5,200,150,False,256,1260,3076,,2.4413
epb2,25228,175027,8,0.05,20,drift,0.5,200,175,False,256,1341,3404,,2.5384
epb2,25228,175027,8,0.05,20,drift,0.5,200,199,True,256,1365,3336,1365,2.444
epb2,25228,175027,8,0.05,21,drift,0.5,200,0,False,256,584,1478,,2.5308
epb2,25228,175027,8,0.05,21,drift,0.5,200,25,False,256,829,2295,,2.7684
epb2,25228,175027,8,0.05,21,drift,0.5,200,50,False,256,1001,2665,,2.6623
epb2,25228,175027,8,0.05,21,drift,0.5,200,75,False,256,998,2659,,2.6643
epb2,25228,175027,8,0.05,21,drift,0.5,200,100,False,256,1047,2613,,2.4957
epb2,25228,175027,8,0.05,21,drift,0.5,200,125,False,256,1084,2774,,2.559
epb2,25228,175027,8,0.05,21,drift,0.5,200,150,False,256,1073,2872,,2.6766
epb2,25228,175027,8,0.05,21,drift,0.5,200,175,False,256,1199,2793,,2.3294
epb2,25228,175027,8,0.05,21,drift,0.5,200,199,True,256,1110,2673,1110,2.4081
epb2,25228,175027,8,0.25,17,drift,0.5,200,0,False,256,1078,3531,,3.2755
epb2,25228,175027,8,0.25,17,drift,0.5,200,25,False,256,1464,4342,,2.9658
epb2,25228,175027,8,0.25,17,drift,0.5,200,50,False,256,1518,3772,,2.4848
epb2,25228,175027,8,0.25,17,drift,0.5,200,75,False,256,1429,4107,,2.874
epb2,25228,175027,8,0.25,17,drift,0.5,200,100,False,256,1530,3907,,2.5536
epb2,25228,175027,8,0.25,17,drift,0.5,200,125,False,256,1336,3975,,2.9753
epb2,25228,175027,8,0.25,17,drift,0.5,200,150,False,256,1731,5744,,3.3183
epb2,25228,175027,8,0.25,17,drift,0.5,200,175,False,256,1430,3843,,2.6874
epb2,25228,175027,8,0.25,17,drift,0.5,200,199,True,256,1498,4515,1498,3.014
epb2,25228,175027,8,0.25,18,drift,0.5,200,0,False,256,468,1104,,2.359
epb2,25228,175027,8,0.25,18,drift,0.5,200,25,False,256,851,2012,,2.3643
epb2,25228,175027,8,0.25,18,drift,0.5,200,50,False,256,1307,3019,,2.3099
epb2,25228,175027,8,0.25,18,drift,0.5,200,75,False,256,1226,2481,,2.0237
epb2,25228,175027,8,0.25,18,drift,0.5,200,100,False,256,1444,3242,,2.2452
epb2,25228,175027,8,0.25,18,drift,0.5,200,125,False,256,1693,4286,,2.5316
epb2,25228,175027,8,0.25,18,drift,0.5,200,150,False,256,1663,4242,,2.5508
epb2,25228,175027,8,0.25,18,drift,0.5,200,175,False,256,1564,3397,,2.172
epb2,25228,175027,8,0.25,18,drift,0.5,200,199,True,256,1497,3212,1497,2.1456
epb2,25228,175027,8,0.25,19,drift,0.5,200,0,False,256,468,1104,,2.359
epb2,25228,175027,8,0.25,19,drift,0.5,200,25,False,256,1443,4445,,3.0804
epb2,25228,175027,8,0.25,19,drift,0.5,200,50,False,256,1494,5452,,3.6493
epb2,25228,175027,8,0.25,19,drift,0.5,200,75,False,256,1594,4852,,3.0439
epb2,25228,175027,8,0.25,19,drift,0.5,200,100,False,256,1443,4638,,3.2141
epb2,25228,175027,8,0.25,19,drift,0.5,200,125,False,256,1541,4283,,2.7794
epb2,25228,175027,8,0.25,19,drift,0.5,200,150,False,256,1447,4865,,3.3621
epb2,25228,175027,8,0.25,19,drift,0.5,200,175,False,256,1420,3940,,2.7746
epb2,25228,175027,8,0.25,19,drift,0.5,200,199,True,256,1356,4166,1356,3.0723
epb2,25228,175027,8,0.25,20,drift,0.5,200,0,False,256,495,1157,,2.3374
epb2,25228,175027,8,0.25,20,drift,0.5,200,25,False,256,1480,3696,,2.4973
epb2,25228,175027,8,0.25,20,drift,0.5,200,50,False,256,1449,3476,,2.3989
epb2,25228,175027,8,0.25,20,drift,0.5,200,75,False,256,1595,4199,,2.6326
epb2,25228,175027,8,0.25,20,drift,0.5,200,100,False,256,1429,3935,,2.7537
epb2,25228,175027,8,0.25,20,drift,0.5,200,125,False,256,1412,3394,,2.4037
epb2,25228,175027,8,0.25,20,drift,0.5,200,150,False,256,1643,5244,,3.1917
epb2,25228,175027,8,0.25,20,drift,0.5,200,175,False,256,1658,4372,,2.6369
epb2,25228,175027,8,0.25,20,drift,0.5,200,199,True,256,1419,4162,1419,2.9331
epb2,25228,175027,8,0.25,21,drift,0.5,200,0,False,256,584,1478,,2.5308
epb2,25228,175027,8,0.25,21,drift,0.5,200,25,False,256,1385,4147,,2.9942
epb2,25228,175027,8,0.25,21,drift,0.5,200,50,False,256,1464,3367,,2.2999
epb2,25228,175027,8,0.25,21,drift,0.5,200,75,False,256,1397,3756,,2.6886
epb2,25228,175027,8,0.25,21,drift,0.5,200,100,False,256,1586,3876,,2.4439
epb2,25228,175027,8,0.25,21,drift,0.5,200,125,False,256,1408,3073,,2.1825
epb2,25228,175027,8,0.25,21,drift,0.5,200,150,False,256,1365,3393,,2.4857
epb2,25228,175027,8,0.25,21,drift,0.5,200,175,False,256,1275,2947,,2.3114
epb2,25228,175027,8,0.25,21,drift,0.5,200,199,True,256,1415,2848,1415,2.0127
epb2,25228,175027,8,0.0,17,jump,0.5,200,0,False,256,1078,3531,,3.2755
epb2,25228,175027,8,0.0,17,jump,0.5,200,25,False,256,1078,3531,,3.2755
epb2,25228,175027,8,0.0,17,jump,0.5,200,50,False,256,1078,3531,,3.2755
epb2,25228,175027,8,0.0,17,jump,0.5,200,75,False,256,1078,3531,,3.2755
epb2,25228,175027,8,0.0,17,jump,0.5,200,100,False,256,1078,3531,,3.2755
epb2,25228,175027,8,0.0,17,jump,0.5,200,125,False,256,1078,3531,,3.2755
epb2,25228,175027,8,0.0,17,jump,0.5,200,150,False,256,1078,3531,,3.2755
epb2,25228,175027,8,0.0,17,jump,0.5,200,175,False,256,1078,3531,,3.2755
epb2,25228,175027,8,0.0,17,jump,0.5,200,199,True,256,1078,3531,1078,3.2755
epb2,25228,175027,8,0.0,18,jump,0.5,200,0,False,256,468,1104,,2.359
epb2,25228,175027,8,0.0,18,jump,0.5,200,25,False,256,468,1104,,2.359
epb2,25228,175027,8,0.0,18,jump,0.5,200,50,False,256,468,1104,,2.359
epb2,25228,175027,8,0.0,18,jump,0.5,200,75,False,256,468,1104,,2.359
epb2,25228,175027,8,0.0,18,jump,0.5,200,100,False,256,468,1104,,2.359
epb2,25228,175027,8,0.0,18,jump,0.5,200,125,False,256,468,1104,,2.359
epb2,25228,175027,8,0.0,18,jump,0.5,200,150,False,256,468,1104,,2.359
epb2,25228,175027,8,0.0,18,jump,0.5,200,175,False,256,468,1104,,2.359
epb2,25228,175027,8,0.0,18,jump,0.5,200,199,True,256,468,1104,468,2.359
epb2,25228,175027,8,0.0,19,jump,0.5,200,0,False,256,468,1104,,2.359
epb2,25228,175027,8,0.0,19,jump,0.5,200,25,False,256,468,1104,,2.359
epb2,25228,175027,8,0.0,19,jump,0.5,200,50,False,256,468,1104,,2.359
epb2,25228,175027,8,0.0,19,jump,0.5,200,75,False,256,468,1104,,2.359
epb2,25228,175027,8,0.0,19,jump,0.5,200,100,False,256,468,1104,,2.359
epb2,25228,175027,8,0.0,19,jump,0.5,200,125,False,256,468,1104,,2.359
epb2,25228,175027,8,0.0,19,jump,0.5,200,150,False,256,468,1104,,2.359
epb2,25228,175027,8,0.0,19,jump,0.5,200,175,False,256,468,1104,,2.359
epb2,25228,175027,8,0.0,19,jump,0.5,200,199,True,256,468,1104,468,2.359
epb2,25228,175027,8,0.0,20,jump,0.5,200,0,False,256,495,1157,,2.3374
epb2,25228,175027,8,0.0,20,jump,0.5,200,25,False,256,495,1157,,2.3374
epb2,25228,175027,8,0.0,20,jump,0.5,200,50,False,256,495,1157,,2.3374
epb2,25228,175027,8,0.0,20,jump,0.5,200,75,False,256,495,1157,,2.3374
epb2,25228,175027,8,0.0,20,jump,0.5,200,100,False,256,495,1157,,2.3374
epb2,25228,175027,8,0.0,20,jump,0.5,200,125,False,256,495,1157,,2.3374
epb2,25228,175027,8,0.0,20,jump,0.5,200,150,False,256,495,1157,,2.3374
epb2,25228,175027,8,0.0,20,jump,0.5,200,175,False,256,495,1157,,2.3374
epb2,25228,175027,8,0.0,20,jump,0.5,200,199,True,256,495,1157,495,2.3374
epb2,25228,175027,8,0.0,21,jump,0.5,200,0,False,256,584,1478,,2.5308
epb2,25228,175027,8,0.0,21,jump,0.5,200,25,False,256,584,1478,,2.5308
epb2,25228,175027,8,0.0,21,jump,0.5,200,50,False,256,584,1478,,2.5308
epb2,25228,175027,8,0.0,21,jump,0.5,200,75,False,256,584,1478,,2.5308
epb2,25228,175027,8,0.0,21,jump,0.5,200,100,False,256,584,1478,,2.5308
epb2,25228,175027,8,0.0,21,jump,0.5,200,125,False,256,584,1478,,2.5308
epb2,25228,175027,8,0.0,21,jump,0.5,200,150,False,256,584,1478,,2.5308
epb2,25228,175027,8,0.0,21,jump,0.5,200,175,False,256,584,1478,,2.5308
epb2,25228,175027,8,0.0,21,jump,0.5,200,199,True,256,584,1478,584,2.5308
epb2,25228,175027,8,0.002,17,jump,0.5,200,0,False,256,1078,3531,,3.2755
epb2,25228,175027,8,0.002,17,jump,0.5,200,25,False,256,1569,3918,,2.4971
epb2,25228,175027,8,0.002,17,jump,0.5,200,50,False,256,1994,4306,,2.1595
epb2,25228,175027,8,0.002,17,jump,0.5,200,75,False,256,2393,4601,,1.9227
epb2,25228,175027,8,0.002,17,jump,0.5,200,100,False,256,2883,5154,,1.7877
epb2,25228,175027,8,0.002,17,jump,0.5,200,125,False,256,3242,5585,,1.7227
epb2,25228,175027,8,0.002,17,jump,0.5,200,150,False,256,3474,5740,,1.6523
epb2,25228,175027,8,0.002,17,jump,0.5,200,175,False,256,3739,5992,,1.6026
epb2,25228,175027,8,0.002,17,jump,0.5,200,199,True,256,3936,6052,3936,1.5376
epb2,25228,175027,8,0.002,18,jump,0.5,200,0,False,256,468,1104,,2.359
epb2,25228,175027,8,0.002,18,jump,0.5,200,25,False,256,1013,1651,,1.6298
epb2,25228,175027,8,0.002,18,jump,0.5,200,50,False,256,1562,2186,,1.3995
epb2,25228,175027,8,0.002,18,jump,0.5,200,75,False,256,2055,2669,,1.2988
epb2,25228,175027,8,0.002,18,jump,0.5,200,100,False,256,2505,3127,,1.2483
epb2,25228,175027,8,0.002,18,jump,0.5,200,125,False,256,2937,3663,,1.2472
epb2,25228,175027,8,0.002,18,jump,0.5,200,150,False,256,3220,4078,,1.2665
epb2,25228,175027,8,0.002,18,jump,0.5,200,175,False,256,3469,4373,,1.2606
epb2,25228,175027,8,0.002,18,jump,0.5,200,199,True,256,3730,4643,3730,1.2448
epb2,25228,175027,8,0.002,19,jump,0.5,200,0,False,256,468,1104,,2.359
epb2,25228,175027,8,0.002,19,jump,0.5,200,25,False,256,1014,1658,,1.6351
epb2,25228,175027,8,0.002,19,jump,0.5,200,50,False,256,1488,2145,,1.4415
epb2,25228,175027,8,0.002,19,jump,0.5,200,75,False,256,2020,2762,,1.3673
epb2,25228,175027,8,0.002,19,jump,0.5,200,100,False,256,2368,3209,,1.3552
epb2,25228,175027,8,0.002,19,jump,0.5,200,125,False,256,2789,3623,,1.299
epb2,25228,175027,8,0.002,19,jump,0.5,200,150,False,256,2889,3724,,1.289
epb2,25228,175027,8,0.002,19,jump,0.5,200,175,False,256,3349,4230,,1.2631
epb2,25228,175027,8,0.002,19,jump,0.5,200,199,True,256,3593,4416,3593,1.2291
epb2,25228,175027,8,0.002,20,jump,0.5,200,0,False,256,495,1157,,2.3374
epb2,25228,175027,8,0.002,20,jump,0.5,200,25,False,256,1062,1701,,1.6017
epb2,25228,175027,8,0.002,20,jump,0.5,200,50,False,256,1572,2197,,1.3976
epb2,25228,175027,8,0.002,20,jump,0.5,200,75,False,256,2017,2685,,1.3312
epb2,25228,175027,8,0.002,20,jump,0.5,200,100,False,256,2433,3109,,1.2778
epb2,25228,175027,8,0.002,20,jump,0.5,200,125,False,256,2762,3447,,1.248
epb2,25228,175027,8,0.002,20,jump,0.5,200,150,False,256,3058,3811,,1.2462
epb2,25228,175027,8,0.002,20,jump,0.5,200,175,False,256,3421,4188,,1.2242
epb2,25228,175027,8,0.002,20,jump,0.5,200,199,True,256,3700,4478,3700,1.2103
epb2,25228,175027,8,0.002,21,jump,0.5,200,0,False,256,584,1478,,2.5308
epb2,25228,175027,8,0.002,21,jump,0.5,200,25,False,256,1156,2054,,1.7768
epb2,25228,175027,8,0.002,21,jump,0.5,200,50,False,256,1746,2663,,1.5252
epb2,25228,175027,8,0.002,21,jump,0.5,200,75,False,256,2138,3012,,1.4088
epb2,25228,175027,8,0.002,21,jump,0.5,200,100,False,256,2516,3480,,1.3831
epb2,25228,175027,8,0.002,21,jump,0.5,200,125,False,256,2925,3784,,1.2937
epb2,25228,175027,8,0.002,21,jump,0.5,200,150,False,256,3244,4137,,1.2753
epb2,25228,175027,8,0.002,21,jump,0.5,200,175,False,256,3405,4463,,1.3107
epb2,25228,175027,8,0.002,21,jump,0.5,200,199,True,256,3635,4892,3635,1.3458
epb2,25228,175027,8,0.01,17,jump,0.5,200,0,False,256,1078,3531,,3.2755
epb2,25228,175027,8,0.01,17,jump,0.5,200,25,False,256,2538,4918,,1.9377
epb2,25228,175027,8,0.01,17,jump,0.5,200,50,False,256,3497,5577,,1.5948
epb2,25228,175027,8,0.01,17,jump,0.5,200,75,False,256,4157,5961,,1.434
epb2,25228,175027,8,0.01,17,jump,0.5,200,100,False,256,4657,6428,,1.3803
epb2,25228,175027,8,0.01,17,jump,0.5,200,125,False,256,4935,6442,,1.3054
epb2,25228,175027,8,0.01,17,jump,0.5,200,150,False,256,5240,6651,,1.2693
epb2,25228,175027,8,0.01,17,jump,0.5,200,175,False,256,5208,6699,,1.2863
epb2,25228,175027,8,0.01,17,jump,0.5,200,199,True,256,5296,6558,5296,1.2383
epb2,25228,175027,8,0.01,18,jump,0.5,200,0,False,256,468,1104,,2.359
epb2,25228,175027,8,0.01,18,jump,0.5,200,25,False,256,2167,2854,,1.317
epb2,25228,175027,8,0.01,18,jump,0.5,200,50,False,256,3337,4165,,1.2481
epb2,25228,175027,8,0.01,18,jump,0.5,200,75,False,256,3962,4845,,1.2229
epb2,25228,175027,8,0.01,18,jump,0.5,200,100,False,256,4509,5546,,1.23
epb2,25228,175027,8,0.01,18,jump,0.5,200,125,False,256,4815,5723,,1.1886
epb2,25228,175027,8,0.01,18,jump,0.5,200,150,False,256,4966,5946,,1.1973
epb2,25228,175027,8,0.01,18,jump,0.5,200,175,False,256,5059,6028,,1.1915
epb2,25228,175027,8,0.01,18,jump,0.5,200,199,True,256,5301,6099,5301,1.1505
epb2,25228,175027,8,0.01,19,jump,0.5,200,0,False,256,468,1104,,2.359
epb2,25228,175027,8,0.01,19,jump,0.5,200,25,False,256,1929,2614,,1.3551
epb2,25228,175027,8,0.01,19,jump,0.5,200,50,False,256,2993,3693,,1.2339
epb2,25228,175027,8,0.01,19,jump,0.5,200,75,False,256,3822,4614,,1.2072
epb2,25228,175027,8,0.01,19,jump,0.5,200,100,False,256,4296,5159,,1.2009
epb2,25228,175027,8,0.01,19,jump,0.5,200,125,False,256,4585,5323,,1.161
epb2,25228,175027,8,0.01,19,jump,0.5,200,150,False,256,4927,5772,,1.1715
epb2,25228,175027,8,0.01,19,jump,0.5,200,175,False,256,5200,5974,,1.1488
epb2,25228,175027,8,0.01,19,jump,0.5,200,199,True,256,5307,6139,5307,1.1568
epb2,25228,175027,8,0.01,20,jump,0.5,200,0,False,256,495,1157,,2.3374
epb2,25228,175027,8,0.01,20,jump,0.5,200,25,False,256,1998,2695,,1.3488
epb2,25228,175027,8,0.01,20,jump,0.5,200,50,False,256,3028,3772,,1.2457
epb2,25228,175027,8,0.01,20,jump,0.5,200,75,False,256,3667,4349,,1.186
epb2,25228,175027,8,0.01,20,jump,0.5,200,100,False,256,4179,4886,,1.1692
epb2,25228,175027,8,0.01,20,jump,0.5,200,125,False,256,4665,5432,,1.1644
epb2,25228,175027,8,0.01,20,jump,0.5,200,150,False,256,4745,5572,,1.1743
epb2,25228,175027,8,0.01,20,jump,0.5,200,175,False,256,5094,6142,,1.2057
epb2,25228,175027,8,0.01,20,jump,0.5,200,199,True,256,5355,6316,5355,1.1795
epb2,25228,175027,8,0.01,21,jump,0.5,200,0,False,256,584,1478,,2.5308
epb2,25228,175027,8,0.01,21,jump,0.5,200,25,False,256,2158,2983,,1.3823
epb2,25228,175027,8,0.01,21,jump,0.5,200,50,False,256,3170,3956,,1.2479
epb2,25228,175027,8,0.01,21,jump,0.5,200,75,False,256,3788,4668,,1.2323
epb2,25228,175027,8,0.01,21,jump,0.5,200,100,False,256,4369,5540,,1.268
epb2,25228,175027,8,0.01,21,jump,0.5,200,125,False,256,4808,6208,,1.2912
epb2,25228,175027,8,0.01,21,jump,0.5,200,150,False,256,4965,6081,,1.2248
epb2,25228,175027,8,0.01,21,jump,0.5,200,175,False,256,5230,6348,,1.2138
epb2,25228,175027,8,0.01,21,jump,0.5,200,199,True,256,5374,6372,5374,1.1857
epb2,25228,175027,8,0.05,17,jump,0.5,200,0,False,256,1078,3531,,3.2755
epb2,25228,175027,8,0.05,17,jump,0.5,200,25,False,256,4933,6605,,1.3389
epb2,25228,175027,8,0.05,17,jump,0.5,200,50,False,256,5555,6423,,1.1563
epb2,25228,175027,8,0.05,17,jump,0.5,200,75,False,256,5681,6716,,1.1822
epb2,25228,175027,8,0.05,17,jump,0.5,200,100,False,256,5590,6469,,1.1572
epb2,25228,175027,8,0.05,17,jump,0.5,200,125,False,256,5669,6516,,1.1494
epb2,25228,175027,8,0.05,17,jump,0.5,200,150,False,256,5642,6469,,1.1466
epb2,25228,175027,8,0.05,17,jump,0.5,200,175,False,256,5477,6483,,1.1837
epb2,25228,175027,8,0.05,17,jump,0.5,200,199,True,256,5506,6681,5506,1.2134
epb2,25228,175027,8,0.05,18,jump,0.5,200,0,False,256,468,1104,,2.359
epb2,25228,175027,8,0.05,18,jump,0.5,200,25,False,256,4818,5709,,1.1849
epb2,25228,175027,8,0.05,18,jump,0.5,200,50,False,256,5246,6154,,1.1731
epb2,25228,175027,8,0.05,18,jump,0.5,200,75,False,256,5588,6549,,1.172
epb2,25228,175027,8,0.05,18,jump,0.5,200,100,False,256,5537,6280,,1.1342
epb2,25228,175027,8,0.05,18,jump,0.5,200,125,False,256,5399,6042,,1.1191
epb2,25228,175027,8,0.05,18,jump,0.5,200,150,False,256,5534,6340,,1.1456
epb2,25228,175027,8,0.05,18,jump,0.5,200,175,False,256,5529,6342,,1.147
epb2,25228,175027,8,0.05,18,jump,0.5,200,199,True,256,5468,6404,5468,1.1712
epb2,25228,175027,8,0.05,19,jump,0.5,200,0,False,256,468,1104,,2.359
epb2,25228,175027,8,0.05,19,jump,0.5,200,25,False,256,4574,5545,,1.2123
epb2,25228,175027,8,0.05,19,jump,0.5,200,50,False,256,5463,6261,,1.1461
epb2,25228,175027,8,0.05,19,jump,0.5,200,75,False,256,5530,6211,,1.1231
epb2,25228,175027,8,0.05,19,jump,0.5,200,100,False,256,5600,6412,,1.145
epb2,25228,175027,8,0.05,19,jump,0.5,200,125,False,256,5652,6703,,1.186
epb2,25228,175027,8,0.05,19,jump,0.5,200,150,False,256,5783,6594,,1.1402
epb2,25228,175027,8,0.05,19,jump,0.5,200,175,False,256,5653,6424,,1.1364
epb2,25228,175027,8,0.05,19,jump,0.5,200,199,True,256,5629,6361,5629,1.13
epb2,25228,175027,8,0.05,20,jump,0.5,200,0,False,256,495,1157,,2.3374
epb2,25228,175027,8,0.05,20,jump,0.5,200,25,False,256,4558,5384,,1.1812
epb2,25228,175027,8,0.05,20,jump,0.5,200,50,False,256,5284,6306,,1.1934
epb2,25228,175027,8,0.05,20,jump,0.5,200,75,False,256,5580,6342,,1.1366
epb2,25228,175027,8,0.05,20,jump,0.5,200,100,False,256,5676,6308,,1.1113
epb2,25228,175027,8,0.05,20,jump,0.5,200,125,False,256,5540,6255,,1.1291
epb2,25228,175027,8,0.05,20,jump,0.5,200,150,False,256,5569,6184,,1.1104
epb2,25228,175027,8,0.05,20,jump,0.5,200,175,False,256,5594,6388,,1.1419
epb2,25228,175027,8,0.05,20,jump,0.5,200,199,True,256,5567,6584,5567,1.1827
epb2,25228,175027,8,0.05,21,jump,0.5,200,0,False,256,584,1478,,2.5308
epb2,25228,175027,8,0.05,21,jump,0.5,200,25,False,256,4611,5773,,1.252
epb2,25228,175027,8,0.05,21,jump,0.5,200,50,False,256,5416,6324,,1.1677
epb2,25228,175027,8,0.05,21,jump,0.5,200,75,False,256,5512,6532,,1.1851
epb2,25228,175027,8,0.05,21,jump,0.5,200,100,False,256,5597,6359,,1.1361
epb2,25228,175027,8,0.05,21,jump,0.5,200,125,False,256,5668,6452,,1.1383
epb2,25228,175027,8,0.05,21,jump,0.5,200,150,False,256,5666,6631,,1.1703
epb2,25228,175027,8,0.05,21,jump,0.5,200,175,False,256,5567,6314,,1.1342
epb2,25228,175027,8,0.05,21,jump,0.5,200,199,True,256,5654,6361,5654,1.125
epb2,25228,175027,8,0.25,17,jump,0.5,200,0,False,256,1078,3531,,3.2755
epb2,25228,175027,8,0.25,17,jump,0.5,200,25,False,256,5488,6480,,1.1808
epb2,25228,175027,8,0.25,17,jump,0.5,200,50,False,256,5456,6125,,1.1226
epb2,25228,175027,8,0.25,17,jump,0.5,200,75,False,256,5561,6757,,1.2151
epb2,25228,175027,8,0.25,17,jump,0.5,200,100,False,256,5645,6574,,1.1646
epb2,25228,175027,8,0.25,17,jump,0.5,200,125,False,256,5556,6699,,1.2057
epb2,25228,175027,8,0.25,17,jump,0.5,200,150,False,256,5537,6285,,1.1351
epb2,25228,175027,8,0.25,17,jump,0.5,200,175,False,256,5456,6516,,1.1943
epb2,25228,175027,8,0.25,17,jump,0.5,200,199,True,256,5587,6810,5587,1.2189
epb2,25228,175027,8,0.25,18,jump,0.5,200,0,False,256,468,1104,,2.359
epb2,25228,175027,8,0.25,18,jump,0.5,200,25,False,256,5520,6326,,1.146
epb2,25228,175027,8,0.25,18,jump,0.5,200,50,False,256,5605,6801,,1.2134
epb2,25228,175027,8,0.25,18,jump,0.5,200,75,False,256,5636,6421,,1.1393
epb2,25228,175027,8,0.25,18,jump,0.5,200,100,False,256,5499,6411,,1.1658
epb2,25228,175027,8,0.25,18,jump,0.5,200,125,False,256,5657,6358,,1.1239
epb2,25228,175027,8,0.25,18,jump,0.5,200,150,False,256,5631,6872,,1.2204
epb2,25228,175027,8,0.25,18,jump,0.5,200,175,False,256,5726,6327,,1.105
epb2,25228,175027,8,0.25,18,jump,0.5,200,199,True,256,5480,6275,5480,1.1451
epb2,25228,175027,8,0.25,19,jump,0.5,200,0,False,256,468,1104,,2.359
epb2,25228,175027,8,0.25,19,jump,0.5,200,25,False,256,5434,6166,,1.1347
epb2,25228,175027,8,0.25,19,jump,0.5,200,50,False,256,5433,6553,,1.2061
epb2,25228,175027,8,0.25,19,jump,0.5,200,75,False,256,5580,6460,,1.1577
epb2,25228,175027,8,0.25,19,jump,0.5,200,100,False,256,5637,6199,,1.0997
epb2,25228,175027,8,0.25,19,jump,0.5,200,125,False,256,5586,6192,,1.1085
epb2,25228,175027,8,0.25,19,jump,0.5,200,150,False,256,5627,6676,,1.1864
epb2,25228,175027,8,0.25,19,jump,0.5,200,175,False,256,5561,6253,,1.1244
epb2,25228,175027,8,0.25,19,jump,0.5,200,199,True,256,5466,6282,5466,1.1493
epb2,25228,175027,8,0.25,20,jump,0.5,200,0,False,256,495,1157,,2.3374
epb2,25228,175027,8,0.25,20,jump,0.5,200,25,False,256,5553,6312,,1.1367
epb2,25228,175027,8,0.25,20,jump,0.5,200,50,False,256,5480,6427,,1.1728
epb2,25228,175027,8,0.25,20,jump,0.5,200,75,False,256,5442,6595,,1.2119
epb2,25228,175027,8,0.25,20,jump,0.5,200,100,False,256,5640,6480,,1.1489
epb2,25228,175027,8,0.25,20,jump,0.5,200,125,False,256,5555,6450,,1.1611
epb2,25228,175027,8,0.25,20,jump,0.5,200,150,False,256,5682,6320,,1.1123
epb2,25228,175027,8,0.25,20,jump,0.5,200,175,False,256,5570,6365,,1.1427
epb2,25228,175027,8,0.25,20,jump,0.5,200,199,True,256,5598,6396,5598,1.1426
epb2,25228,175027,8,0.25,21,jump,0.5,200,0,False,256,584,1478,,2.5308
epb2,25228,175027,8,0.25,21,jump,0.5,200,25,False,256,5364,6436,,1.1999
epb2,25228,175027,8,0.25,21,jump,0.5,200,50,False,256,5546,6433,,1.1599
epb2,25228,175027,8,0.25,21,jump,0.5,200,75,False,256,5592,6369,,1.1389
epb2,25228,175027,8,0.25,21,jump,0.5,200,100,False,256,5510,6462,,1.1728
epb2,25228,175027,8,0.25,21,jump,0.5,200,125,False,256,5511,6453,,1.1709
epb2,25228,175027,8,0.25,21,jump,0.5,200,150,False,256,5466,6046,,1.1061
epb2,25228,175027,8,0.25,21,jump,0.5,200,175,False,256,5592,6388,,1.1423
epb2,25228,175027,8,0.25,21,jump,0.5,200,199,True,256,5630,6342,5630,1.1265
