matrix,N,nnz,B,rho,seed,phase,steps,dirty_cols,always_delta_baseline_ms,always_hst_ms,always_hst_patchable_ms,patchable_vs_per_block,patchable_vs_delta_baseline,oracle3_vs_oracle2,router_ms,router_steady_ms,router_steady_vs_csr,router_steady_vs_oracle,breakeven_steps,oracle_ms,oracle_arm,router_vs_csr,oracle_vs_csr,router_vs_oracle,misroute_cost_if_delta_baseline,misroute_cost_if_hst,maxrelerr,churn_model,patchable_splices,patchable_arena_ratio,rows_patchable,router_arm,router_switches,router_tax_ms,ordering,relabel_seed,relabel_relerr,churn_alpha
TSOPF_RS_b39_c30,60098,1079986,8,0.0,17,False,400,256,0.396498,0.440546,0.421291,1.046,0.941,1.0,0.396087,0.359639,1.102,1.102,0,0.396498,delta_baseline,1.001,1.0,1.001,1.0,1.111,1.3924108160288588e-16,drift,0,1.0,30502,delta_baseline,0,0.0,native,0,0.0,0.5
TSOPF_RS_b39_c30,60098,1079986,8,0.0,17,False,400,256,0.421237,1.41697,0.748938,1.892,0.562,1.0,0.418766,0.380761,1.106,1.106,0,0.421237,delta_baseline,1.006,1.0,1.006,1.0,3.364,1.6177678060510227e-16,drift,0,1.0,33772,delta_baseline,0,0.0,relabelled,101,2.453783674629236e-16,0.5
TSOPF_RS_b39_c30,60098,1079986,8,0.0,18,False,400,256,0.394437,0.467626,0.420051,1.113,0.939,1.0,0.3951,0.358949,1.099,1.099,0,0.394437,delta_baseline,0.998,1.0,0.998,1.0,1.186,1.3924108160288588e-16,drift,0,1.0,30502,delta_baseline,0,0.0,native,0,0.0,0.5
TSOPF_RS_b39_c30,60098,1079986,8,0.0,18,False,400,256,0.414045,1.417186,0.74495,1.902,0.556,1.0,0.417827,0.379569,1.091,1.091,0,0.414045,delta_baseline,0.991,1.0,0.991,1.0,3.423,2.1754932558339982e-16,drift,0,1.0,33824,delta_baseline,0,0.0,relabelled,101,2.453783674629236e-16,0.5
TSOPF_RS_b39_c30,60098,1079986,8,0.0,19,False,400,256,0.390056,0.47311,0.4309,1.098,0.905,1.0,0.400457,0.363203,1.074,1.074,0,0.390056,delta_baseline,0.974,1.0,0.974,1.0,1.213,1.3924108160288588e-16,drift,0,1.0,30494,delta_baseline,0,0.0,native,0,0.0,0.5
TSOPF_RS_b39_c30,60098,1079986,8,0.0,19,False,400,256,0.411308,1.420637,0.74312,1.912,0.553,1.0,0.416988,0.379046,1.085,1.085,0,0.411308,delta_baseline,0.986,1.0,0.986,1.0,3.454,2.6489519773493806e-16,drift,0,1.0,33814,delta_baseline,0,0.0,relabelled,101,2.453783674629236e-16,0.5
TSOPF_RS_b39_c30,60098,1079986,8,0.0,20,False,400,256,0.389956,0.468207,0.420179,1.114,0.928,1.0,0.393052,0.356959,1.092,1.092,0,0.389956,delta_baseline,0.992,1.0,0.992,1.0,1.201,1.3924108160288588e-16,drift,0,1.0,30502,delta_baseline,0,0.0,native,0,0.0,0.5
TSOPF_RS_b39_c30,60098,1079986,8,0.0,20,False,400,256,0.413098,1.431923,0.750214,1.909,0.551,1.0,0.419198,0.380571,1.085,1.085,0,0.413098,delta_baseline,0.985,1.0,0.985,1.0,3.466,1.5708614729928993e-16,drift,0,1.0,33832,delta_baseline,0,0.0,relabelled,101,2.453783674629236e-16,0.5
TSOPF_RS_b39_c30,60098,1079986,8,0.0,21,False,400,138,0.388845,0.45929,0.420487,1.092,0.925,1.0,0.39187,0.353929,1.099,1.099,0,0.388845,delta_baseline,0.992,1.0,0.992,1.0,1.181,1.3924108160288588e-16,drift,0,1.0,30428,delta_baseline,0,0.0,native,0,0.0,0.5
TSOPF_RS_b39_c30,60098,1079986,8,0.0,21,False,400,138,0.410648,1.341205,0.650601,2.061,0.631,1.0,0.413039,0.374805,1.096,1.096,0,0.410648,delta_baseline,0.994,1.0,0.994,1.0,3.266,1.2647956343307973e-16,drift,0,1.0,32282,delta_baseline,0,0.0,relabelled,101,2.453783674629236e-16,0.5
TSOPF_RS_b39_c30,60098,1079986,8,0.002,17,False,400,256,13.933762,0.460905,0.391654,1.177,35.577,1.177,0.727253,0.455506,30.59,1.012,1,0.460905,hst,19.159,30.231,0.634,30.231,1.0,1.3924108160288588e-16,drift,27,1.015,30508,hst,1,8.063,native,0,0.0,0.5
TSOPF_RS_b39_c30,60098,1079986,8,0.002,17,False,400,256,14.323623,1.498666,2.069886,0.724,6.92,1.0,1.759873,1.485164,9.644,1.009,1,1.498666,hst,8.139,9.558,0.852,9.558,1.0,1.6177678060510227e-16,drift,376,1.496,33663,hst,1,13.701,relabelled,101,2.453783674629236e-16,0.5
TSOPF_RS_b39_c30,60098,1079986,8,0.002,18,False,400,256,13.967067,0.459782,0.447421,1.028,31.217,1.028,0.897852,0.635989,21.961,0.723,5,0.459782,hst,15.556,30.378,0.512,30.378,1.0,1.3924108160288588e-16,drift,18,1.012,30572,hst,1,73.222,native,0,0.0,0.5
TSOPF_RS_b39_c30,60098,1079986,8,0.002,18,False,400,256,14.512144,1.463935,1.963225,0.746,7.392,1.0,1.736207,1.452232,9.993,1.008,1,1.463935,hst,8.359,9.913,0.843,9.913,1.0,2.1754932558339982e-16,drift,377,1.463,33709,hst,1,13.741,relabelled,101,2.453783674629236e-16,0.5
TSOPF_RS_b39_c30,60098,1079986,8,0.002,19,False,400,256,13.94914,0.444475,0.433489,1.025,32.179,1.025,0.71956,0.448492,31.102,0.991,1,0.444475,hst,19.386,31.383,0.618,31.383,1.0,1.3924108160288588e-16,drift,27,1.012,30574,hst,1,8.036,native,0,0.0,0.5
TSOPF_RS_b39_c30,60098,1079986,8,0.002,19,False,400,256,14.417587,1.463694,1.926109,0.76,7.485,1.0,1.741123,1.459004,9.882,1.003,1,1.463694,hst,8.281,9.85,0.841,9.85,1.0,2.6489519773493806e-16,drift,378,1.67,33723,hst,1,13.747,relabelled,101,2.453783674629236e-16,0.5
TSOPF_RS_b39_c30,60098,1079986,8,0.002,20,False,400,256,14.187363,0.4468,0.446783,1.0,31.755,1.0,1.060555,0.635291,22.332,0.703,10,0.4468,hst,13.377,31.753,0.421,31.753,1.0,1.3924108160288588e-16,drift,32,1.017,30500,hst,1,139.368,native,0,0.0,0.5
TSOPF_RS_b39_c30,60098,1079986,8,0.002,20,False,400,256,14.644366,1.461042,1.888425,0.774,7.755,1.0,1.779866,1.499962,9.763,0.974,1,1.461042,hst,8.228,10.023,0.821,10.023,1.0,1.5708614729928993e-16,drift,383,1.497,33718,hst,1,14.057,relabelled,101,2.453783674629236e-16,0.5
TSOPF_RS_b39_c30,60098,1079986,8,0.002,21,False,400,138,0.3823,0.451763,0.424675,1.064,0.9,1.0,0.385561,0.347835,1.099,1.099,0,0.3823,delta_baseline,0.992,1.0,0.992,1.0,1.182,1.3924108160288588e-16,drift,0,1.0,30428,delta_baseline,0,0.0,native,0,0.0,0.5
TSOPF_RS_b39_c30,60098,1079986,8,0.002,21,False,400,138,0.399091,1.331432,0.634119,2.1,0.629,1.0,0.401262,0.363501,1.098,1.098,0,0.399091,delta_baseline,0.995,1.0,0.995,1.0,3.336,1.2647956343307973e-16,drift,0,1.0,32282,delta_baseline,0,0.0,relabelled,101,2.453783674629236e-16,0.5
TSOPF_RS_b39_c30,60098,1079986,8,0.01,17,False,400,256,14.595416,0.452401,0.391146,1.157,37.314,1.157,0.733682,0.457845,31.879,0.988,1,0.452401,hst,19.893,32.262,0.617,32.262,1.0,1.3924108160288588e-16,drift,53,1.035,30540,hst,1,8.222,native,0,0.0,0.5
TSOPF_RS_b39_c30,60098,1079986,8,0.01,17,False,400,256,15.025967,1.46259,2.635482,0.555,5.701,1.0,1.747275,1.465388,10.254,0.998,1,1.46259,hst,8.6,10.274,0.837,10.274,1.0,1.6177678060510227e-16,drift,399,2.024,33801,hst,1,13.989,relabelled,101,2.453783674629236e-16,0.5
TSOPF_RS_b39_c30,60098,1079986,8,0.01,18,False,400,256,14.703172,0.456433,0.44835,1.018,32.794,1.018,1.557559,1.31105,11.215,0.348,25,0.456433,hst,9.44,32.213,0.293,32.213,1.0,1.3924108160288588e-16,drift,74,1.027,30606,hst,1,334.186,native,0,0.0,0.5
TSOPF_RS_b39_c30,60098,1079986,8,0.01,18,False,400,256,15.196988,1.470424,2.422418,0.607,6.273,1.0,1.762094,1.475742,10.298,0.996,1,1.470424,hst,8.624,10.335,0.834,10.335,1.0,2.1754932558339982e-16,drift,399,2.05,33708,hst,1,13.883,relabelled,101,2.453783674629236e-16,0.5
TSOPF_RS_b39_c30,60098,1079986,8,0.01,19,False,400,256,14.470107,0.448103,0.383803,1.168,37.702,1.168,1.350895,0.989752,14.62,0.453,19,0.448103,hst,10.711,32.292,0.332,32.292,1.0,1.3924108160288588e-16,drift,36,1.02,30532,hst,1,254.037,native,0,0.0,0.5
TSOPF_RS_b39_c30,60098,1079986,8,0.01,19,False,400,256,14.976081,1.465615,2.586586,0.567,5.79,1.0,1.753629,1.474276,10.158,0.994,1,1.465615,hst,8.54,10.218,0.836,10.218,1.0,2.6489519773493806e-16,drift,397,2.273,33699,hst,1,14.094,relabelled,101,2.453783674629236e-16,0.5
TSOPF_RS_b39_c30,60098,1079986,8,0.01,20,False,400,256,14.643167,0.449293,0.384391,1.169,38.094,1.169,0.736617,0.460346,31.809,0.976,1,0.449293,hst,19.879,32.592,0.61,32.592,1.0,1.3924108160288588e-16,drift,34,1.018,30614,hst,1,8.418,native,0,0.0,0.5
TSOPF_RS_b39_c30,60098,1079986,8,0.01,20,False,400,256,15.157661,1.476318,2.480222,0.595,6.111,1.0,1.75836,1.480867,10.236,0.997,1,1.476318,hst,8.62,10.267,0.84,10.267,1.0,1.5708614729928993e-16,drift,398,2.114,33665,hst,1,14.03,relabelled,101,2.453783674629236e-16,0.5
TSOPF_RS_b39_c30,60098,1079986,8,0.01,21,False,400,138,0.382674,0.406705,0.358196,1.135,1.068,1.068,0.385392,0.347972,1.1,1.1,0,0.382674,delta_baseline,0.993,1.0,0.993,1.0,1.063,1.3924108160288588e-16,drift,0,1.0,30428,delta_baseline,0,0.0,native,0,0.0,0.5
TSOPF_RS_b39_c30,60098,1079986,8,0.01,21,False,400,138,0.401497,1.33376,0.633558,2.105,0.634,1.0,0.401933,0.363733,1.104,1.104,0,0.401497,delta_baseline,0.999,1.0,0.999,1.0,3.322,1.2647956343307973e-16,drift,0,1.0,32282,delta_baseline,0,0.0,relabelled,101,2.453783674629236e-16,0.5
TSOPF_RS_b39_c30,60098,1079986,8,0.05,17,False,400,256,14.721204,0.47877,0.487094,0.983,30.223,1.0,0.759223,0.486994,30.229,0.983,1,0.47877,hst,19.39,30.748,0.631,30.748,1.0,1.3924108160288588e-16,drift,247,1.083,30758,hst,1,8.346,native,0,0.0,0.5
TSOPF_RS_b39_c30,60098,1079986,8,0.05,17,False,400,256,15.24787,1.498872,3.242189,0.462,4.703,1.0,1.791039,1.506274,10.123,0.995,1,1.498872,hst,8.513,10.173,0.837,10.173,1.0,1.6177678060510227e-16,drift,399,3.574,33747,hst,1,14.039,relabelled,101,2.453783674629236e-16,0.5
TSOPF_RS_b39_c30,60098,1079986,8,0.05,18,False,400,256,14.687793,0.472263,0.533016,0.886,27.556,1.0,0.755515,0.481147,30.527,0.982,1,0.472263,hst,19.441,31.101,0.625,31.101,1.0,1.3924108160288588e-16,drift,230,1.091,30450,hst,1,8.401,native,0,0.0,0.5
TSOPF_RS_b39_c30,60098,1079986,8,0.05,18,False,400,256,15.235456,1.493203,3.303364,0.452,4.612,1.0,1.777914,1.492851,10.206,1.0,1,1.493203,hst,8.569,10.203,0.84,10.203,1.0,2.1754932558339982e-16,drift,399,3.526,33654,hst,1,14.019,relabelled,101,2.453783674629236e-16,0.5
TSOPF_RS_b39_c30,60098,1079986,8,0.05,19,False,400,256,14.67352,0.480781,0.558394,0.861,26.278,1.0,0.762862,0.491111,29.878,0.979,1,0.480781,hst,19.235,30.52,0.63,30.52,1.0,1.3924108160288588e-16,drift,276,1.072,30668,hst,1,8.352,native,0,0.0,0.5
TSOPF_RS_b39_c30,60098,1079986,8,0.05,19,False,400,256,15.177938,1.480853,3.401472,0.435,4.462,1.0,1.763664,1.484703,10.223,0.997,1,1.480853,hst,8.606,10.249,0.84,10.249,1.0,2.6489519773493806e-16,drift,399,3.459,33859,hst,1,13.928,relabelled,101,2.453783674629236e-16,0.5
TSOPF_RS_b39_c30,60098,1079986,8,0.05,20,False,400,256,14.68527,0.478623,0.482236,0.993,30.452,1.0,0.759712,0.488181,30.082,0.98,1,0.478623,hst,19.33,30.682,0.63,30.682,1.0,1.3924108160288588e-16,drift,256,1.081,30672,hst,1,8.251,native,0,0.0,0.5
TSOPF_RS_b39_c30,60098,1079986,8,0.05,20,False,400,256,15.159286,1.493336,3.328601,0.449,4.554,1.0,1.781015,1.501577,10.096,0.995,1,1.493336,hst,8.512,10.151,0.838,10.151,1.0,1.5708614729928993e-16,drift,399,3.532,33722,hst,1,14.027,relabelled,101,2.453783674629236e-16,0.5
TSOPF_RS_b39_c30,60098,1079986,8,0.05,21,False,400,138,14.512956,0.414956,0.376427,1.102,38.555,1.102,0.696477,0.421131,34.462,0.985,1,0.414956,hst,20.838,34.975,0.596,34.975,1.0,1.3924108160288588e-16,drift,39,1.017,30444,hst,1,7.976,native,0,0.0,0.5
TSOPF_RS_b39_c30,60098,1079986,8,0.05,21,False,400,138,14.78858,1.374609,2.477514,0.555,5.969,1.0,1.645158,1.378899,10.725,0.997,1,1.374609,hst,8.989,10.758,0.836,10.758,1.0,1.2647956343307973e-16,drift,395,1.783,32290,hst,1,13.369,relabelled,101,2.453783674629236e-16,0.5
TSOPF_RS_b39_c30,60098,1079986,8,0.25,17,False,400,256,14.814118,0.468584,0.541296,0.866,27.368,1.0,0.746777,0.472019,31.385,0.993,1,0.468584,hst,19.837,31.615,0.627,31.615,1.0,1.3924108160288588e-16,drift,284,1.148,30508,hst,1,8.408,native,0,0.0,0.5
TSOPF_RS_b39_c30,60098,1079986,8,0.25,17,False,400,256,15.361391,1.511438,4.129581,0.366,3.72,1.0,1.797582,1.51754,10.123,0.996,1,1.511438,hst,8.546,10.163,0.841,10.163,1.0,1.6177678060510227e-16,drift,399,2.582,33802,hst,1,13.864,relabelled,101,2.453783674629236e-16,0.5
TSOPF_RS_b39_c30,60098,1079986,8,0.25,18,False,400,256,14.852915,0.49243,0.659537,0.747,22.52,1.0,0.774949,0.501111,29.64,0.983,1,0.49243,hst,19.166,30.162,0.635,30.162,1.0,1.3924108160288588e-16,drift,388,1.249,30532,hst,1,8.445,native,0,0.0,0.5
TSOPF_RS_b39_c30,60098,1079986,8,0.25,18,False,400,256,15.306541,1.603751,4.84493,0.331,3.159,1.0,1.810092,1.528514,10.014,1.049,1,1.603751,hst,8.456,9.544,0.886,9.544,1.0,2.1754932558339982e-16,drift,399,2.75,33691,hst,1,14.108,relabelled,101,2.453783674629236e-16,0.5
TSOPF_RS_b39_c30,60098,1079986,8,0.25,19,False,400,256,14.845466,0.477533,0.544771,0.877,27.251,1.0,0.750903,0.475116,31.246,1.005,1,0.477533,hst,19.77,31.088,0.636,31.088,1.0,1.3924108160288588e-16,drift,202,1.08,30516,hst,1,8.59,native,0,0.0,0.5
TSOPF_RS_b39_c30,60098,1079986,8,0.25,19,False,400,256,15.352556,1.499607,3.941093,0.381,3.896,1.0,1.784771,1.507667,10.183,0.995,1,1.499607,hst,8.602,10.238,0.84,10.238,1.0,2.6489519773493806e-16,drift,399,2.309,33740,hst,1,14.099,relabelled,101,2.453783674629236e-16,0.5
TSOPF_RS_b39_c30,60098,1079986,8,0.25,20,False,400,256,14.834697,0.47846,0.643216,0.744,23.063,1.0,0.764457,0.489774,30.289,0.977,1,0.47846,hst,19.406,31.005,0.626,31.005,1.0,1.3924108160288588e-16,drift,336,1.201,30540,hst,1,8.54,native,0,0.0,0.5
TSOPF_RS_b39_c30,60098,1079986,8,0.25,20,False,400,256,15.257703,1.506463,4.549854,0.331,3.353,1.0,1.810059,1.530365,9.97,0.984,1,1.506463,hst,8.429,10.128,0.832,10.128,1.0,1.5708614729928993e-16,drift,399,1.865,33870,hst,1,14.136,relabelled,101,2.453783674629236e-16,0.5
TSOPF_RS_b39_c30,60098,1079986,8,0.25,21,False,400,138,14.603673,0.47904,0.709299,0.675,20.589,1.0,0.758653,0.484094,30.167,0.99,1,0.47904,hst,19.249,30.485,0.631,30.485,1.0,1.3924108160288588e-16,drift,389,1.295,30526,hst,1,8.357,native,0,0.0,0.5
TSOPF_RS_b39_c30,60098,1079986,8,0.25,21,False,400,138,14.85296,1.411654,4.238182,0.333,3.505,1.0,1.673285,1.395808,10.641,1.011,1,1.411654,hst,8.877,10.522,0.844,10.522,1.0,1.2647956343307973e-16,drift,399,2.136,32213,hst,1,13.538,relabelled,101,2.453783674629236e-16,0.5
TSOPF_RS_b162_c3,15374,610299,8,0.0,17,False,400,256,0.23343,0.266286,0.250408,1.063,0.932,1.0,0.234735,0.212547,1.098,1.098,0,0.23343,delta_baseline,0.994,1.0,0.994,1.0,1.141,1.2582477660838618e-16,drift,0,1.0,7920,delta_baseline,0,0.0,native,0,0.0,0.5
TSOPF_RS_b162_c3,15374,610299,8,0.0,17,False,400,256,0.239727,0.722772,0.434245,1.664,0.552,1.0,0.242329,0.218868,1.095,1.095,0,0.239727,delta_baseline,0.989,1.0,0.989,1.0,3.015,2.0234465568347742e-16,drift,0,1.0,10745,delta_baseline,0,0.0,relabelled,101,4.928387877905443e-17,0.5
TSOPF_RS_b162_c3,15374,610299,8,0.0,18,False,400,256,0.232457,0.265873,0.249943,1.064,0.93,1.0,0.234947,0.212667,1.093,1.093,0,0.232457,delta_baseline,0.989,1.0,0.989,1.0,1.144,1.2582477660838618e-16,drift,0,1.0,7924,delta_baseline,0,0.0,native,0,0.0,0.5
TSOPF_RS_b162_c3,15374,610299,8,0.0,18,False,400,256,0.239195,0.719598,0.430585,1.671,0.556,1.0,0.241026,0.218121,1.097,1.097,0,0.239195,delta_baseline,0.992,1.0,0.992,1.0,3.008,1.2445659044945084e-16,drift,0,1.0,10688,delta_baseline,0,0.0,relabelled,101,4.928387877905443e-17,0.5
TSOPF_RS_b162_c3,15374,610299,8,0.0,19,False,400,256,0.231571,0.265134,0.250509,1.058,0.924,1.0,0.23426,0.211979,1.092,1.092,0,0.231571,delta_baseline,0.989,1.0,0.989,1.0,1.145,1.2582477660838618e-16,drift,0,1.0,7924,delta_baseline,0,0.0,native,0,0.0,0.5
TSOPF_RS_b162_c3,15374,610299,8,0.0,19,False,400,256,0.238785,0.725952,0.436963,1.661,0.546,1.0,0.241733,0.218927,1.091,1.091,0,0.238785,delta_baseline,0.988,1.0,0.988,1.0,3.04,1.9717143619058763e-16,drift,0,1.0,10703,delta_baseline,0,0.0,relabelled,101,4.928387877905443e-17,0.5
TSOPF_RS_b162_c3,15374,610299,8,0.0,20,False,400,256,0.233053,0.266018,0.250951,1.06,0.929,1.0,0.235102,0.212958,1.094,1.094,0,0.233053,delta_baseline,0.991,1.0,0.991,1.0,1.141,1.2582477660838618e-16,drift,0,1.0,7920,delta_baseline,0,0.0,native,0,0.0,0.5
TSOPF_RS_b162_c3,15374,610299,8,0.0,20,False,400,256,0.239226,0.725508,0.43279,1.676,0.553,1.0,0.241885,0.218753,1.094,1.094,0,0.239226,delta_baseline,0.989,1.0,0.989,1.0,3.033,1.2893007451550522e-16,drift,0,1.0,10700,delta_baseline,0,0.0,relabelled,101,4.928387877905443e-17,0.5
TSOPF_RS_b162_c3,15374,610299,8,0.0,21,False,400,256,0.233545,0.267236,0.253597,1.054,0.921,1.0,0.236087,0.214044,1.091,1.091,0,0.233545,delta_baseline,0.989,1.0,0.989,1.0,1.144,1.172605067740121e-16,drift,0,1.0,7926,delta_baseline,0,0.0,native,0,0.0,0.5
TSOPF_RS_b162_c3,15374,610299,8,0.0,21,False,400,256,0.241801,0.727945,0.436777,1.667,0.554,1.0,0.243237,0.219789,1.1,1.1,0,0.241801,delta_baseline,0.994,1.0,0.994,1.0,3.011,1.9593140671779003e-16,drift,0,1.0,10723,delta_baseline,0,0.0,relabelled,101,1.3766204264644745e-16,0.5
TSOPF_RS_b162_c3,15374,610299,8,0.002,17,False,400,256,8.556588,0.268445,0.238124,1.127,35.933,1.127,0.414147,0.272281,31.426,0.986,1,0.268445,hst,20.661,31.875,0.648,31.875,1.0,1.2582477660838618e-16,drift,77,1.084,8132,hst,1,4.294,native,0,0.0,0.5
TSOPF_RS_b162_c3,15374,610299,8,0.002,17,False,400,256,8.857966,0.786502,1.452089,0.542,6.1,1.0,0.941693,0.795231,11.139,0.989,1,0.786502,hst,9.406,11.262,0.835,11.262,1.0,2.0234465568347742e-16,drift,386,2.622,10812,hst,1,6.981,relabelled,101,4.928387877905443e-17,0.5
TSOPF_RS_b162_c3,15374,610299,8,0.002,18,False,400,256,8.555245,0.265535,0.270126,0.983,31.671,1.0,0.43363,0.270388,31.641,0.982,1,0.265535,hst,19.729,32.219,0.612,32.219,1.0,1.2582477660838618e-16,drift,58,1.078,8129,hst,1,4.398,native,0,0.0,0.5
TSOPF_RS_b162_c3,15374,610299,8,0.002,18,False,400,256,8.871103,0.782897,1.326578,0.59,6.687,1.0,0.953656,0.785304,11.296,0.997,1,0.782897,hst,9.302,11.331,0.821,11.331,1.0,1.2445659044945084e-16,drift,369,2.605,10690,hst,1,7.117,relabelled,101,4.928387877905443e-17,0.5
TSOPF_RS_b162_c3,15374,610299,8,0.002,19,False,400,256,8.50565,0.267835,0.239964,1.116,35.445,1.116,0.416763,0.27376,31.07,0.978,1,0.267835,hst,20.409,31.757,0.643,31.757,1.0,1.2582477660838618e-16,drift,70,1.102,8131,hst,1,4.34,native,0,0.0,0.5
TSOPF_RS_b162_c3,15374,610299,8,0.002,19,False,400,256,8.830142,0.788952,1.403707,0.562,6.291,1.0,0.937428,0.790914,11.164,0.998,1,0.788952,hst,9.42,11.192,0.842,11.192,1.0,1.9717143619058763e-16,drift,382,2.691,10714,hst,1,6.972,relabelled,101,4.928387877905443e-17,0.5
TSOPF_RS_b162_c3,15374,610299,8,0.002,20,False,400,256,8.483928,0.266384,0.287585,0.926,29.501,1.0,0.415408,0.273185,31.056,0.975,1,0.266384,hst,20.423,31.848,0.641,31.848,1.0,1.2582477660838618e-16,drift,70,1.1,8137,hst,1,4.38,native,0,0.0,0.5
TSOPF_RS_b162_c3,15374,610299,8,0.002,20,False,400,256,8.824441,0.785657,1.342364,0.585,6.574,1.0,0.934101,0.790756,11.159,0.994,1,0.785657,hst,9.447,11.232,0.841,11.232,1.0,1.2893007451550522e-16,drift,377,2.697,10771,hst,1,6.87,relabelled,101,4.928387877905443e-17,0.5
TSOPF_RS_b162_c3,15374,610299,8,0.002,21,False,400,256,8.496815,0.270113,0.24063,1.123,35.311,1.123,0.434135,0.269901,31.481,1.001,1,0.270113,hst,19.572,31.456,0.622,31.456,1.0,1.172605067740121e-16,drift,70,1.159,8189,hst,1,4.342,native,0,0.0,0.5
TSOPF_RS_b162_c3,15374,610299,8,0.002,21,False,400,256,8.869318,0.79011,1.417368,0.557,6.258,1.0,0.962668,0.791354,11.208,0.998,1,0.79011,hst,9.213,11.225,0.821,11.225,1.0,1.9593140671779003e-16,drift,378,2.892,10768,hst,1,7.221,relabelled,101,1.3766204264644745e-16,0.5
TSOPF_RS_b162_c3,15374,610299,8,0.01,17,False,400,256,8.69382,0.278279,0.290288,0.959,29.949,1.0,0.443333,0.283853,30.628,0.98,1,0.278279,hst,19.61,31.241,0.628,31.241,1.0,1.2582477660838618e-16,drift,129,1.13,8177,hst,1,4.418,native,0,0.0,0.5
TSOPF_RS_b162_c3,15374,610299,8,0.01,17,False,400,256,9.037045,0.790815,2.044189,0.387,4.421,1.0,0.966234,0.80015,11.294,0.988,1,0.790815,hst,9.353,11.428,0.818,11.428,1.0,2.0234465568347742e-16,drift,399,3.635,10791,hst,1,7.038,relabelled,101,4.928387877905443e-17,0.5
TSOPF_RS_b162_c3,15374,610299,8,0.01,18,False,400,256,8.646907,0.281234,0.2607,1.079,33.168,1.079,0.451082,0.287322,30.095,0.979,1,0.281234,hst,19.169,30.746,0.623,30.746,1.0,1.2582477660838618e-16,drift,170,1.135,8175,hst,1,4.439,native,0,0.0,0.5
TSOPF_RS_b162_c3,15374,610299,8,0.01,18,False,400,256,8.955552,0.779924,1.97956,0.394,4.524,1.0,0.974202,0.804334,11.134,0.97,1,0.779924,hst,9.193,11.483,0.801,11.483,1.0,1.2445659044945084e-16,drift,398,3.013,10727,hst,1,7.212,relabelled,101,4.928387877905443e-17,0.5
TSOPF_RS_b162_c3,15374,610299,8,0.01,19,False,400,256,8.184433,0.27701,0.289783,0.956,28.243,1.0,0.444533,0.284088,28.81,0.975,1,0.27701,hst,18.411,29.546,0.623,29.546,1.0,1.2582477660838618e-16,drift,138,1.133,8129,hst,1,4.313,native,0,0.0,0.5
TSOPF_RS_b162_c3,15374,610299,8,0.01,19,False,400,256,8.455393,0.761348,1.973613,0.386,4.284,1.0,0.929496,0.761615,11.102,1.0,1,0.761348,hst,9.097,11.106,0.819,11.106,1.0,1.9717143619058763e-16,drift,399,4.404,10697,hst,1,6.868,relabelled,101,4.928387877905443e-17,0.5
TSOPF_RS_b162_c3,15374,610299,8,0.01,20,False,400,256,8.342395,0.272707,0.250186,1.09,33.345,1.09,0.442096,0.279288,29.87,0.976,1,0.272707,hst,18.87,30.591,0.617,30.591,1.0,1.2582477660838618e-16,drift,130,1.131,8111,hst,1,4.384,native,0,0.0,0.5
TSOPF_RS_b162_c3,15374,610299,8,0.01,20,False,400,256,8.617369,0.766481,1.961838,0.391,4.392,1.0,0.942803,0.771704,11.167,0.993,1,0.766481,hst,9.14,11.243,0.813,11.243,1.0,1.2893007451550522e-16,drift,399,3.185,10737,hst,1,6.933,relabelled,101,4.928387877905443e-17,0.5
TSOPF_RS_b162_c3,15374,610299,8,0.01,21,False,400,256,8.75878,0.287855,0.301324,0.955,29.068,1.0,0.455025,0.28942,30.263,0.995,1,0.287855,hst,19.249,30.428,0.633,30.428,1.0,1.172605067740121e-16,drift,165,1.201,8231,hst,1,4.483,native,0,0.0,0.5
TSOPF_RS_b162_c3,15374,610299,8,0.01,21,False,400,256,9.157178,0.792856,2.015178,0.393,4.544,1.0,0.969588,0.797438,11.483,0.994,1,0.792856,hst,9.444,11.55,0.818,11.55,1.0,1.9593140671779003e-16,drift,399,3.32,10800,hst,1,6.969,relabelled,101,1.3766204264644745e-16,0.5
TSOPF_RS_b162_c3,15374,610299,8,0.05,17,False,400,256,8.2835,0.295688,0.368454,0.803,22.482,1.0,0.46569,0.301958,27.433,0.979,1,0.295688,hst,17.788,28.014,0.635,28.014,1.0,1.2582477660838618e-16,drift,332,1.582,8181,hst,1,4.37,native,0,0.0,0.5
TSOPF_RS_b162_c3,15374,610299,8,0.05,17,False,400,256,8.602139,0.78126,3.878376,0.201,2.218,1.0,0.946756,0.775524,11.092,1.007,1,0.78126,hst,9.086,11.011,0.825,11.011,1.0,2.0234465568347742e-16,drift,399,4.053,10728,hst,1,7.079,relabelled,101,4.928387877905443e-17,0.5
TSOPF_RS_b162_c3,15374,610299,8,0.05,18,False,400,256,7.819875,0.29728,0.382218,0.778,20.459,1.0,0.474393,0.308398,25.356,0.964,1,0.29728,hst,16.484,26.305,0.627,26.305,1.0,1.2582477660838618e-16,drift,342,1.601,7980,hst,1,4.533,native,0,0.0,0.5
TSOPF_RS_b162_c3,15374,610299,8,0.05,18,False,400,256,8.130578,0.752233,3.7905,0.198,2.145,1.0,0.92649,0.755239,10.766,0.996,1,0.752233,hst,8.776,10.809,0.812,10.809,1.0,1.2445659044945084e-16,drift,399,6.258,10694,hst,1,7.126,relabelled,101,4.928387877905443e-17,0.5
TSOPF_RS_b162_c3,15374,610299,8,0.05,19,False,400,256,8.276631,0.296786,0.320443,0.926,25.829,1.0,0.46802,0.303444,27.276,0.978,1,0.296786,hst,17.684,27.888,0.634,27.888,1.0,1.2582477660838618e-16,drift,337,1.452,8187,hst,1,4.515,native,0,0.0,0.5
TSOPF_RS_b162_c3,15374,610299,8,0.05,19,False,400,256,8.587865,0.781235,3.908158,0.2,2.197,1.0,0.925295,0.754899,11.376,1.035,1,0.781235,hst,9.281,10.993,0.844,10.993,1.0,1.9717143619058763e-16,drift,399,4.768,10804,hst,1,7.045,relabelled,101,4.928387877905443e-17,0.5
TSOPF_RS_b162_c3,15374,610299,8,0.05,20,False,400,256,8.357309,0.297533,0.319296,0.932,26.174,1.0,0.46872,0.304993,27.402,0.976,1,0.297533,hst,17.83,28.089,0.635,28.089,1.0,1.2582477660838618e-16,drift,340,1.473,8126,hst,1,4.529,native,0,0.0,0.5
TSOPF_RS_b162_c3,15374,610299,8,0.05,20,False,400,256,8.702415,0.783039,3.915118,0.2,2.223,1.0,0.956922,0.785902,11.073,0.996,1,0.783039,hst,9.094,11.114,0.818,11.114,1.0,1.2893007451550522e-16,drift,399,4.201,10790,hst,1,7.212,relabelled,101,4.928387877905443e-17,0.5
TSOPF_RS_b162_c3,15374,610299,8,0.05,21,False,400,256,8.254363,0.296985,0.329148,0.902,25.078,1.0,0.468097,0.304806,27.081,0.974,1,0.296985,hst,17.634,27.794,0.634,27.794,1.0,1.172605067740121e-16,drift,348,1.559,8152,hst,1,4.413,native,0,0.0,0.5
TSOPF_RS_b162_c3,15374,610299,8,0.05,21,False,400,256,8.583384,0.777847,3.91488,0.199,2.193,1.0,0.951421,0.778844,11.021,0.999,1,0.777847,hst,9.022,11.035,0.818,11.035,1.0,1.9593140671779003e-16,drift,399,4.256,10757,hst,1,7.212,relabelled,101,1.3766204264644745e-16,0.5
TSOPF_RS_b162_c3,15374,610299,8,0.25,17,False,400,256,8.295338,0.299694,0.411557,0.728,20.156,1.0,0.471003,0.30458,27.235,0.984,1,0.299694,hst,17.612,27.679,0.636,27.679,1.0,1.2582477660838618e-16,drift,374,5.997,7883,hst,1,4.566,native,0,0.0,0.5
TSOPF_RS_b162_c3,15374,610299,8,0.25,17,False,400,256,8.67118,0.799941,7.502349,0.107,1.156,1.0,0.973223,0.800064,10.838,1.0,1,0.799941,hst,8.91,10.84,0.822,10.84,1.0,2.0234465568347742e-16,drift,399,10.043,10708,hst,1,7.253,relabelled,101,4.928387877905443e-17,0.5
TSOPF_RS_b162_c3,15374,610299,8,0.25,18,False,400,256,6.034637,0.234005,0.361177,0.648,16.708,1.0,0.403822,0.231718,26.043,1.01,1,0.234005,hst,14.944,25.788,0.579,25.788,1.0,1.2582477660838618e-16,drift,276,11.43,7874,hst,1,4.657,native,0,0.0,0.5
TSOPF_RS_b162_c3,15374,610299,8,0.25,18,False,400,256,6.288276,0.652078,5.586992,0.117,1.126,1.0,0.829901,0.643756,9.768,1.013,1,0.652078,hst,7.577,9.643,0.786,9.643,1.0,1.2445659044945084e-16,drift,399,3.592,10699,hst,1,7.018,relabelled,101,4.928387877905443e-17,0.5
TSOPF_RS_b162_c3,15374,610299,8,0.25,19,False,400,256,8.956905,0.307828,0.488192,0.631,18.347,1.0,0.47995,0.313696,28.553,0.981,1,0.307828,hst,18.662,29.097,0.641,29.097,1.0,1.2582477660838618e-16,drift,393,2.431,7985,hst,1,4.663,native,0,0.0,0.5
TSOPF_RS_b162_c3,15374,610299,8,0.25,19,False,400,256,9.361328,0.846309,6.872571,0.123,1.362,1.0,1.013496,0.84227,11.114,1.005,1,0.846309,hst,9.237,11.061,0.835,11.061,1.0,1.9717143619058763e-16,drift,399,3.693,10784,hst,1,7.065,relabelled,101,4.928387877905443e-17,0.5
TSOPF_RS_b162_c3,15374,610299,8,0.25,20,False,400,256,8.539549,0.298833,0.437975,0.682,19.498,1.0,0.469613,0.305024,27.996,0.98,1,0.298833,hst,18.184,28.576,0.636,28.576,1.0,1.2582477660838618e-16,drift,368,1.996,7975,hst,1,4.633,native,0,0.0,0.5
TSOPF_RS_b162_c3,15374,610299,8,0.25,20,False,400,256,8.885548,0.796422,7.357418,0.108,1.208,1.0,0.981449,0.80893,10.984,0.985,1,0.796422,hst,9.054,11.157,0.811,11.157,1.0,1.2893007451550522e-16,drift,399,2.971,10687,hst,1,7.169,relabelled,101,4.928387877905443e-17,0.5
TSOPF_RS_b162_c3,15374,610299,8,0.25,21,False,400,256,8.963387,0.311886,0.476669,0.654,18.804,1.0,0.480644,0.314049,28.541,0.993,1,0.311886,hst,18.649,28.739,0.649,28.739,1.0,1.172605067740121e-16,drift,399,2.977,8079,hst,1,4.629,native,0,0.0,0.5
TSOPF_RS_b162_c3,15374,610299,8,0.25,21,False,400,256,9.374535,0.834515,7.005194,0.119,1.338,1.0,0.981556,0.810974,11.56,1.029,1,0.834515,hst,9.551,11.234,0.85,11.234,1.0,1.9593140671779003e-16,drift,399,3.996,10827,hst,1,7.219,relabelled,101,1.3766204264644745e-16,0.5
TSOPF_RS_b300_c1,14538,1474325,8,0.0,17,False,400,256,0.638043,0.642548,0.645249,0.996,0.989,1.0,0.640051,0.583503,1.093,1.093,0,0.638043,delta_baseline,0.997,1.0,0.997,1.0,1.007,1.1112960972222602e-16,drift,0,1.0,7435,delta_baseline,0,0.0,native,0,0.0,0.5
TSOPF_RS_b300_c1,14538,1474325,8,0.0,17,False,400,256,0.650391,1.932528,1.130449,1.71,0.575,1.0,0.653379,0.595345,1.092,1.092,0,0.650391,delta_baseline,0.995,1.0,0.995,1.0,2.971,4.867987598354789e-17,drift,0,1.0,10219,delta_baseline,0,0.0,relabelled,101,5.335259338546966e-17,0.5
TSOPF_RS_b300_c1,14538,1474325,8,0.0,18,False,400,256,0.638513,0.639362,0.643902,0.993,0.992,1.0,0.642372,0.585491,1.091,1.091,0,0.638513,delta_baseline,0.994,1.0,0.994,1.0,1.001,1.1112960972222602e-16,drift,0,1.0,7435,delta_baseline,0,0.0,native,0,0.0,0.5
TSOPF_RS_b300_c1,14538,1474325,8,0.0,18,False,400,256,0.650515,1.94453,1.125955,1.727,0.578,1.0,0.656714,0.599417,1.085,1.085,0,0.650515,delta_baseline,0.991,1.0,0.991,1.0,2.989,1.570681712232391e-16,drift,0,1.0,10264,delta_baseline,0,0.0,relabelled,101,5.335259338546966e-17,0.5
TSOPF_RS_b300_c1,14538,1474325,8,0.0,19,False,400,256,0.638997,0.638339,0.644642,0.99,0.991,1.0,0.640781,0.583055,1.096,1.095,0,0.638339,hst,0.997,1.001,0.996,1.001,1.0,1.1112960972222602e-16,drift,0,1.0,7435,delta_baseline,0,0.0,native,0,0.0,0.5
TSOPF_RS_b300_c1,14538,1474325,8,0.0,19,False,400,256,0.650901,1.951274,1.131141,1.725,0.575,1.0,0.654088,0.59516,1.094,1.094,0,0.650901,delta_baseline,0.995,1.0,0.995,1.0,2.998,8.003212187656113e-17,drift,0,1.0,10222,delta_baseline,0,0.0,relabelled,101,5.335259338546966e-17,0.5
TSOPF_RS_b300_c1,14538,1474325,8,0.0,20,False,400,256,0.638312,0.639283,0.644513,0.992,0.99,1.0,0.639773,0.582544,1.096,1.096,0,0.638312,delta_baseline,0.998,1.0,0.998,1.0,1.002,1.1112960972222602e-16,drift,0,1.0,7435,delta_baseline,0,0.0,native,0,0.0,0.5
TSOPF_RS_b300_c1,14538,1474325,8,0.0,20,False,400,256,0.650353,1.951328,1.12695,1.732,0.577,1.0,0.653827,0.595043,1.093,1.093,0,0.650353,delta_baseline,0.995,1.0,0.995,1.0,3.0,1.4552135174598123e-16,drift,0,1.0,10268,delta_baseline,0,0.0,relabelled,101,5.335259338546966e-17,0.5
TSOPF_RS_b300_c1,14538,1474325,8,0.0,21,False,400,256,0.644735,0.645486,0.654688,0.986,0.985,1.0,0.645388,0.589039,1.095,1.095,0,0.644735,delta_baseline,0.999,1.0,0.999,1.0,1.001,1.4073755446586306e-16,drift,0,1.0,7314,delta_baseline,0,0.0,native,0,0.0,0.5
TSOPF_RS_b300_c1,14538,1474325,8,0.0,21,False,400,256,0.659192,1.951842,1.13375,1.722,0.581,1.0,0.668112,0.608929,1.083,1.083,0,0.659192,delta_baseline,0.987,1.0,0.987,1.0,2.961,1.3516970307264558e-16,drift,0,1.0,10183,delta_baseline,0,0.0,relabelled,101,2.2204293698321325e-16,0.5
TSOPF_RS_b300_c1,14538,1474325,8,0.002,17,False,400,256,14.315934,0.622562,0.686387,0.907,20.857,1.0,1.045893,0.632248,22.643,0.985,1,0.622562,hst,13.688,22.995,0.595,22.995,1.0,1.1112960972222602e-16,drift,157,1.382,8008,hst,1,9.956,native,0,0.0,0.5
TSOPF_RS_b300_c1,14538,1474325,8,0.002,17,False,400,256,14.97884,1.48787,2.579859,0.577,5.806,1.0,1.909422,1.449891,10.331,1.026,1,1.48787,hst,7.845,10.067,0.779,10.067,1.0,4.867987598354789e-17,drift,389,1.628,10314,hst,1,15.892,relabelled,101,5.335259338546966e-17,0.5
TSOPF_RS_b300_c1,14538,1474325,8,0.002,18,False,400,256,15.727189,0.643011,0.74141,0.867,21.213,1.0,1.067084,0.644898,24.387,0.997,1,0.643011,hst,14.738,24.459,0.603,24.459,1.0,1.1112960972222602e-16,drift,163,1.259,8025,hst,1,10.135,native,0,0.0,0.5
TSOPF_RS_b300_c1,14538,1474325,8,0.002,18,False,400,256,16.390974,1.560269,2.810366,0.555,5.832,1.0,1.979818,1.519895,10.784,1.027,1,1.560269,hst,8.279,10.505,0.788,10.505,1.0,1.570681712232391e-16,drift,390,2.172,10269,hst,1,15.652,relabelled,101,5.335259338546966e-17,0.5
TSOPF_RS_b300_c1,14538,1474325,8,0.002,19,False,400,256,15.028388,0.591586,0.694257,0.852,21.647,1.0,1.003464,0.593825,25.308,0.996,1,0.591586,hst,14.977,25.404,0.59,25.404,1.0,1.1112960972222602e-16,drift,153,1.564,7990,hst,1,9.805,native,0,0.0,0.5
TSOPF_RS_b300_c1,14538,1474325,8,0.002,19,False,400,256,15.605346,1.496495,2.605221,0.574,5.99,1.0,1.909719,1.463807,10.661,1.022,1,1.496495,hst,8.172,10.428,0.784,10.428,1.0,8.003212187656113e-17,drift,390,1.583,10227,hst,1,15.735,relabelled,101,5.335259338546966e-17,0.5
TSOPF_RS_b300_c1,14538,1474325,8,0.002,20,False,400,256,14.484414,0.619964,0.68181,0.909,21.244,1.0,1.040955,0.631995,22.919,0.981,1,0.619964,hst,13.915,23.363,0.596,23.363,1.0,1.1112960972222602e-16,drift,155,1.418,8040,hst,1,9.909,native,0,0.0,0.5
TSOPF_RS_b300_c1,14538,1474325,8,0.002,20,False,400,256,15.173346,1.468881,2.602377,0.564,5.831,1.0,1.877441,1.429794,10.612,1.027,1,1.468881,hst,8.082,10.33,0.782,10.33,1.0,1.4552135174598123e-16,drift,391,1.764,10229,hst,1,15.762,relabelled,101,5.335259338546966e-17,0.5
TSOPF_RS_b300_c1,14538,1474325,8,0.002,21,False,400,256,17.348444,0.635643,0.694676,0.915,24.973,1.0,1.069716,0.648445,26.754,0.98,1,0.635643,hst,16.218,27.293,0.594,27.293,1.0,1.4073755446586306e-16,drift,131,1.383,7966,hst,1,10.131,native,0,0.0,0.5
TSOPF_RS_b300_c1,14538,1474325,8,0.002,21,False,400,256,18.005352,1.631737,2.966444,0.55,6.07,1.0,2.073165,1.616372,11.139,1.01,1,1.631737,hst,8.685,11.034,0.787,11.034,1.0,1.3516970307264558e-16,drift,388,2.169,10302,hst,1,16.381,relabelled,101,2.2204293698321325e-16,0.5
TSOPF_RS_b300_c1,14538,1474325,8,0.01,17,False,400,256,17.954764,0.645433,0.732081,0.882,24.526,1.0,1.044008,0.651046,27.578,0.991,1,0.645433,hst,17.198,27.818,0.618,27.818,1.0,1.1112960972222602e-16,drift,251,1.375,7911,hst,1,9.392,native,0,0.0,0.5
TSOPF_RS_b300_c1,14538,1474325,8,0.01,17,False,400,256,18.379916,1.701842,4.672462,0.364,3.934,1.0,2.10487,1.694581,10.846,1.004,1,1.701842,hst,8.732,10.8,0.809,10.8,1.0,4.867987598354789e-17,drift,399,3.86,10218,hst,1,15.17,relabelled,101,5.335259338546966e-17,0.5
TSOPF_RS_b300_c1,14538,1474325,8,0.01,18,False,400,256,14.586814,0.636235,0.717871,0.886,20.32,1.0,1.051523,0.64234,22.709,0.99,1,0.636235,hst,13.872,22.927,0.605,22.927,1.0,1.1112960972222602e-16,drift,271,1.739,7717,hst,1,9.797,native,0,0.0,0.5
TSOPF_RS_b300_c1,14538,1474325,8,0.01,18,False,400,256,14.969959,1.462833,4.443214,0.329,3.369,1.0,1.904172,1.466492,10.208,0.998,1,1.462833,hst,7.862,10.234,0.768,10.234,1.0,1.570681712232391e-16,drift,399,4.055,10284,hst,1,15.727,relabelled,101,5.335259338546966e-17,0.5
TSOPF_RS_b300_c1,14538,1474325,8,0.01,19,False,400,256,13.330866,0.568462,0.648656,0.876,20.552,1.0,0.977954,0.572317,23.293,0.993,1,0.568462,hst,13.631,23.451,0.581,23.451,1.0,1.1112960972222602e-16,drift,227,1.77,7812,hst,1,9.555,native,0,0.0,0.5
TSOPF_RS_b300_c1,14538,1474325,8,0.01,19,False,400,256,13.672289,1.397447,3.836363,0.364,3.564,1.0,1.802631,1.366857,10.003,1.022,1,1.397447,hst,7.585,9.784,0.775,9.784,1.0,8.003212187656113e-17,drift,399,2.792,10272,hst,1,15.302,relabelled,101,5.335259338546966e-17,0.5
TSOPF_RS_b300_c1,14538,1474325,8,0.01,20,False,400,256,14.525513,0.59956,0.678115,0.884,21.42,1.0,1.019466,0.604549,24.027,0.992,1,0.59956,hst,14.248,24.227,0.588,24.227,1.0,1.1112960972222602e-16,drift,227,1.543,7827,hst,1,9.917,native,0,0.0,0.5
TSOPF_RS_b300_c1,14538,1474325,8,0.01,20,False,400,256,14.984443,1.474971,4.426988,0.333,3.385,1.0,1.893437,1.441286,10.397,1.023,1,1.474971,hst,7.914,10.159,0.779,10.159,1.0,1.4552135174598123e-16,drift,399,5.033,10329,hst,1,15.619,relabelled,101,5.335259338546966e-17,0.5
TSOPF_RS_b300_c1,14538,1474325,8,0.01,21,False,400,256,18.952696,0.660198,0.795294,0.83,23.831,1.0,1.082073,0.668857,28.336,0.987,1,0.660198,hst,17.515,28.708,0.61,28.708,1.0,1.4073755446586306e-16,drift,299,1.405,7973,hst,1,10.003,native,0,0.0,0.5
TSOPF_RS_b300_c1,14538,1474325,8,0.01,21,False,400,256,19.492594,1.751929,5.173197,0.339,3.768,1.0,2.175381,1.744824,11.172,1.004,1,1.751929,hst,8.961,11.126,0.805,11.126,1.0,1.3516970307264558e-16,drift,399,4.027,10292,hst,1,15.524,relabelled,101,2.2204293698321325e-16,0.5
TSOPF_RS_b300_c1,14538,1474325,8,0.05,17,False,400,256,5.700504,0.287414,0.374063,0.768,15.239,1.0,0.667887,0.261736,21.78,1.098,2,0.287414,hst,8.535,19.834,0.43,19.834,1.0,1.1112960972222602e-16,drift,299,2.118,734,hst,1,9.372,native,0,0.0,0.5
TSOPF_RS_b300_c1,14538,1474325,8,0.05,17,False,400,256,5.865592,0.948965,6.367387,0.149,0.921,1.0,1.337078,0.889007,6.598,1.067,3,0.948965,hst,4.387,6.181,0.71,6.181,1.0,4.867987598354789e-17,drift,399,9.217,10300,hst,1,14.565,relabelled,101,5.335259338546966e-17,0.5
TSOPF_RS_b300_c1,14538,1474325,8,0.05,18,False,400,256,5.649559,0.280268,0.417508,0.671,13.532,1.0,0.646113,0.252387,22.384,1.11,2,0.280268,hst,8.744,20.158,0.434,20.158,1.0,1.1112960972222602e-16,drift,313,1.314,738,hst,1,8.946,native,0,0.0,0.5
TSOPF_RS_b300_c1,14538,1474325,8,0.05,18,False,400,256,5.751901,0.936946,6.637059,0.141,0.867,1.0,1.319963,0.877727,6.553,1.067,3,0.936946,hst,4.358,6.139,0.71,6.139,1.0,1.570681712232391e-16,drift,399,12.321,10258,hst,1,13.672,relabelled,101,5.335259338546966e-17,0.5
TSOPF_RS_b300_c1,14538,1474325,8,0.05,19,False,400,256,7.187623,0.321859,0.425244,0.757,16.902,1.0,0.718027,0.297852,24.131,1.081,1,0.321859,hst,10.01,22.332,0.448,22.332,1.0,1.1112960972222602e-16,drift,294,1.885,702,hst,1,9.642,native,0,0.0,0.5
TSOPF_RS_b300_c1,14538,1474325,8,0.05,19,False,400,256,7.329822,1.030788,6.98294,0.148,1.05,1.0,1.430828,0.965149,7.594,1.068,2,1.030788,hst,5.123,7.111,0.72,7.111,1.0,8.003212187656113e-17,drift,399,11.524,10307,hst,1,15.145,relabelled,101,5.335259338546966e-17,0.5
TSOPF_RS_b300_c1,14538,1474325,8,0.05,20,False,400,256,6.246706,0.278191,0.401894,0.692,15.543,1.0,0.680027,0.24909,25.078,1.117,2,0.278191,hst,9.186,22.455,0.409,22.455,1.0,1.1112960972222602e-16,drift,277,1.711,728,hst,1,9.693,native,0,0.0,0.5
TSOPF_RS_b300_c1,14538,1474325,8,0.05,20,False,400,256,6.329102,0.970272,6.575503,0.148,0.963,1.0,1.390204,0.912312,6.937,1.064,3,0.970272,hst,4.553,6.523,0.698,6.523,1.0,1.4552135174598123e-16,drift,399,9.902,10305,hst,1,15.597,relabelled,101,5.335259338546966e-17,0.5
TSOPF_RS_b300_c1,14538,1474325,8,0.05,21,False,400,256,5.311141,0.245,0.342366,0.716,15.513,1.0,0.614221,0.214117,24.805,1.144,2,0.245,hst,8.647,21.678,0.399,21.678,1.0,1.4073755446586306e-16,drift,284,1.391,738,hst,1,9.161,native,0,0.0,0.5
TSOPF_RS_b300_c1,14538,1474325,8,0.05,21,False,400,256,5.462442,0.912761,6.23641,0.146,0.876,1.0,1.33435,0.87804,6.221,1.04,3,0.912761,hst,4.094,5.985,0.684,5.985,1.0,1.3516970307264558e-16,drift,399,12.24,10273,hst,1,14.102,relabelled,101,2.2204293698321325e-16,0.5
TSOPF_RS_b300_c1,14538,1474325,8,0.25,17,False,400,256,11.941938,0.412535,0.747484,0.552,15.976,1.0,0.800474,0.387074,30.852,1.066,1,0.412535,hst,14.919,28.948,0.515,28.948,1.0,1.1112960972222602e-16,drift,391,2.666,728,hst,1,9.857,native,0,0.0,0.5
TSOPF_RS_b300_c1,14538,1474325,8,0.25,17,False,400,256,12.190912,1.558877,19.15703,0.081,0.636,1.0,2.180461,1.614948,7.549,0.965,2,1.558877,hst,5.591,7.82,0.715,7.82,1.0,4.867987598354789e-17,drift,399,4.421,10233,hst,1,19.528,relabelled,101,5.335259338546966e-17,0.5
TSOPF_RS_b300_c1,14538,1474325,8,0.25,18,False,400,256,20.389807,0.60443,1.245516,0.485,16.371,1.0,1.014748,0.600167,33.974,1.007,1,0.60443,hst,20.093,33.734,0.596,33.734,1.0,1.1112960972222602e-16,drift,395,1.325,738,hst,1,10.202,native,0,0.0,0.5
TSOPF_RS_b300_c1,14538,1474325,8,0.25,18,False,400,256,19.564205,1.776015,18.598206,0.095,1.052,1.0,2.190106,1.76344,11.094,1.007,1,1.776015,hst,8.933,11.016,0.811,11.016,1.0,1.570681712232391e-16,drift,399,13.903,10295,hst,1,16.014,relabelled,101,5.335259338546966e-17,0.5
TSOPF_RS_b300_c1,14538,1474325,8,0.25,19,False,400,256,4.68506,0.193977,0.340577,0.57,13.756,1.0,0.576589,0.158862,29.491,1.221,2,0.193977,hst,8.125,24.153,0.336,24.153,1.0,1.1112960972222602e-16,drift,394,2.595,730,hst,1,10.236,native,0,0.0,0.5
TSOPF_RS_b300_c1,14538,1474325,8,0.25,19,False,400,256,4.792252,0.88085,12.85934,0.068,0.373,1.0,1.269527,0.799335,5.995,1.102,4,0.88085,hst,3.775,5.44,0.694,5.44,1.0,8.003212187656113e-17,drift,399,4.489,10185,hst,1,15.673,relabelled,101,5.335259338546966e-17,0.5
TSOPF_RS_b300_c1,14538,1474325,8,0.25,20,False,400,256,21.804208,0.669481,1.315341,0.509,16.577,1.0,1.080243,0.674772,32.313,0.992,0,0.669481,hst,20.185,32.569,0.62,32.569,1.0,1.1112960972222602e-16,drift,399,6.97,7681,hst,1,10.284,native,0,0.0,0.5
TSOPF_RS_b300_c1,14538,1474325,8,0.25,20,False,400,256,22.40991,1.936034,18.749619,0.103,1.195,1.0,2.355932,1.943476,11.531,0.996,1,1.936034,hst,9.512,11.575,0.822,11.575,1.0,1.4552135174598123e-16,drift,399,8.298,10303,hst,1,15.936,relabelled,101,5.335259338546966e-17,0.5
TSOPF_RS_b300_c1,14538,1474325,8,0.25,21,False,400,256,11.263807,0.38796,0.696455,0.557,16.173,1.0,0.783127,0.361584,31.151,1.073,1,0.38796,hst,14.383,29.033,0.495,29.033,1.0,1.4073755446586306e-16,drift,391,1.992,738,hst,1,9.967,native,0,0.0,0.5
TSOPF_RS_b300_c1,14538,1474325,8,0.25,21,False,400,256,11.539076,1.288492,15.546165,0.083,0.742,1.0,1.696146,1.23844,9.317,1.04,2,1.288492,hst,6.803,8.955,0.76,8.955,1.0,1.3516970307264558e-16,drift,399,4.854,10244,hst,1,15.476,relabelled,101,2.2204293698321325e-16,0.5
case9,14454,147972,8,0.0,17,False,400,256,0.044689,0.066113,0.062531,1.057,0.715,1.0,0.045948,0.043022,1.039,1.039,0,0.044689,delta_baseline,0.973,1.0,0.973,1.0,1.479,1.8253563338087409e-16,drift,0,1.0,7516,delta_baseline,0,0.0,native,0,0.0,0.5
case9,14454,147972,8,0.0,17,False,400,256,0.053382,0.154659,0.151971,1.018,0.351,1.0,0.055225,0.051722,1.032,1.032,0,0.053382,delta_baseline,0.967,1.0,0.967,1.0,2.897,1.0745583923395971e-18,drift,0,1.0,10302,delta_baseline,0,0.0,relabelled,101,1.3759602785198156e-18,0.5
case9,14454,147972,8,0.0,18,False,400,256,0.045293,0.078305,0.073754,1.062,0.614,1.0,0.047006,0.04391,1.032,1.032,0,0.045293,delta_baseline,0.964,1.0,0.964,1.0,1.729,1.6384614607668743e-15,drift,0,1.0,8024,delta_baseline,0,0.0,native,0,0.0,0.5
case9,14454,147972,8,0.0,18,False,400,256,0.056992,0.150697,0.146751,1.027,0.388,1.0,0.058924,0.05507,1.035,1.035,0,0.056992,delta_baseline,0.967,1.0,0.967,1.0,2.644,1.1677204720970397e-15,drift,0,1.0,10263,delta_baseline,0,0.0,relabelled,101,2.733129157630779e-16,0.5
case9,14454,147972,8,0.0,19,False,400,256,0.044605,0.067457,0.063897,1.056,0.698,1.0,0.04643,0.043362,1.029,1.029,0,0.044605,delta_baseline,0.961,1.0,0.961,1.0,1.512,1.8253563338087409e-16,drift,0,1.0,7524,delta_baseline,0,0.0,native,0,0.0,0.5
case9,14454,147972,8,0.0,19,False,400,256,0.052081,0.148125,0.150955,0.981,0.345,1.0,0.054865,0.051319,1.015,1.015,0,0.052081,delta_baseline,0.949,1.0,0.949,1.0,2.844,1.4835774042603473e-16,drift,0,1.0,10311,delta_baseline,0,0.0,relabelled,101,1.3759602785198156e-18,0.5
case9,14454,147972,8,0.0,20,False,400,256,0.045322,0.07852,0.07375,1.065,0.615,1.0,0.046648,0.043541,1.041,1.041,0,0.045322,delta_baseline,0.972,1.0,0.972,1.0,1.732,1.1571059044469956e-15,drift,0,1.0,8018,delta_baseline,0,0.0,native,0,0.0,0.5
case9,14454,147972,8,0.0,20,False,400,256,0.056693,0.149778,0.145783,1.027,0.389,1.0,0.059912,0.056044,1.012,1.012,0,0.056693,delta_baseline,0.946,1.0,0.946,1.0,2.642,8.035121135522575e-16,drift,0,1.0,10279,delta_baseline,0,0.0,relabelled,101,2.730955827847786e-16,0.5
case9,14454,147972,8,0.0,21,False,400,256,0.045029,0.078185,0.073147,1.069,0.616,1.0,0.046601,0.043579,1.033,1.033,0,0.045029,delta_baseline,0.966,1.0,0.966,1.0,1.736,1.4037033603327298e-15,drift,0,1.0,7973,delta_baseline,0,0.0,native,0,0.0,0.5
case9,14454,147972,8,0.0,21,False,400,256,0.057335,0.149338,0.145644,1.025,0.394,1.0,0.059185,0.055265,1.037,1.037,0,0.057335,delta_baseline,0.969,1.0,0.969,1.0,2.605,2.287563403428266e-16,drift,0,1.0,10254,delta_baseline,0,0.0,relabelled,101,4.042867080416394e-16,0.5
case9,14454,147972,8,0.002,17,False,400,256,1.246652,0.080231,0.083434,0.962,14.942,1.0,0.105873,0.082444,15.121,0.973,1,0.080231,hst,11.775,15.538,0.758,15.538,1.0,1.8253563338087409e-16,drift,107,1.366,7758,hst,1,1.259,native,0,0.0,0.5
case9,14454,147972,8,0.002,17,False,400,256,1.477196,0.210864,0.374591,0.563,3.943,1.0,0.240885,0.212671,6.946,0.992,2,0.210864,hst,6.132,7.005,0.875,7.005,1.0,1.0745583923395971e-18,drift,388,2.901,10283,hst,1,2.168,relabelled,101,1.3759602785198156e-18,0.5
case9,14454,147972,8,0.002,18,False,400,256,1.199629,0.105193,0.122346,0.86,9.805,1.0,0.13158,0.108029,11.105,0.974,1,0.105193,hst,9.117,11.404,0.799,11.404,1.0,1.6384614607668743e-15,drift,186,1.888,8297,hst,1,1.385,native,0,0.0,0.5
case9,14454,147972,8,0.002,18,False,400,256,1.421045,0.207217,0.368819,0.562,3.853,1.0,0.238469,0.210537,6.75,0.984,2,0.207217,hst,5.959,6.858,0.869,6.858,1.0,1.1677204720970397e-15,drift,388,2.852,10342,hst,1,2.073,relabelled,101,2.733129157630779e-16,0.5
case9,14454,147972,8,0.002,19,False,400,256,1.242392,0.080809,0.077201,1.047,16.093,1.047,0.106167,0.08326,14.922,0.971,1,0.080809,hst,11.702,15.374,0.761,15.374,1.0,1.8253563338087409e-16,drift,113,1.36,7753,hst,1,1.261,native,0,0.0,0.5
case9,14454,147972,8,0.002,19,False,400,256,1.473929,0.211442,0.375416,0.563,3.926,1.0,0.242155,0.215524,6.839,0.981,2,0.211442,hst,6.087,6.971,0.873,6.971,1.0,1.4835774042603473e-16,drift,393,3.032,10348,hst,1,1.994,relabelled,101,1.3759602785198156e-18,0.5
case9,14454,147972,8,0.002,20,False,400,256,1.202615,0.105581,0.11507,0.918,10.451,1.0,0.133924,0.110357,10.897,0.957,1,0.105581,hst,8.98,11.39,0.788,11.39,1.0,1.1571059044469956e-15,drift,199,1.875,8283,hst,1,1.326,native,0,0.0,0.5
case9,14454,147972,8,0.002,20,False,400,256,1.424488,0.206426,0.371507,0.556,3.834,1.0,0.237937,0.210108,6.78,0.982,2,0.206426,hst,5.987,6.901,0.868,6.901,1.0,8.035121135522575e-16,drift,388,3.022,10359,hst,1,2.047,relabelled,101,2.730955827847786e-16,0.5
case9,14454,147972,8,0.002,21,False,400,256,1.262567,0.103127,0.123205,0.837,10.248,1.0,0.133189,0.109442,11.536,0.942,1,0.103127,hst,9.48,12.243,0.774,12.243,1.0,1.4037033603327298e-15,drift,200,1.875,8255,hst,1,1.349,native,0,0.0,0.5
case9,14454,147972,8,0.002,21,False,400,256,1.494047,0.208749,0.370278,0.564,4.035,1.0,0.241317,0.214091,6.979,0.975,2,0.208749,hst,6.191,7.157,0.865,7.157,1.0,2.287563403428266e-16,drift,385,3.093,10412,hst,1,2.086,relabelled,101,4.042867080416394e-16,0.5
case9,14454,147972,8,0.01,17,False,400,256,1.259235,0.094687,0.10416,0.909,12.089,1.0,0.121974,0.099642,12.638,0.95,1,0.094687,hst,10.324,13.299,0.776,13.299,1.0,1.8253563338087409e-16,drift,239,1.464,7768,hst,1,1.297,native,0,0.0,0.5
case9,14454,147972,8,0.01,17,False,400,256,1.471532,0.213564,0.469768,0.455,3.132,1.0,0.246789,0.220112,6.685,0.97,2,0.213564,hst,5.963,6.89,0.865,6.89,1.0,1.0745583923395971e-18,drift,399,4.306,10293,hst,1,2.052,relabelled,101,1.3759602785198156e-18,0.5
case9,14454,147972,8,0.01,18,False,400,256,1.282746,0.109966,0.131553,0.836,9.751,1.0,0.138673,0.115342,11.121,0.953,1,0.109966,hst,9.25,11.665,0.793,11.665,1.0,1.6384614607668743e-15,drift,312,2.114,7925,hst,1,1.354,native,0,0.0,0.5
case9,14454,147972,8,0.01,18,False,400,256,1.501869,0.217109,0.462302,0.47,3.249,1.0,0.245845,0.217873,6.893,0.996,2,0.217109,hst,6.109,6.918,0.883,6.918,1.0,1.1677204720970397e-15,drift,399,4.477,10211,hst,1,2.112,relabelled,101,2.733129157630779e-16,0.5
case9,14454,147972,8,0.01,19,False,400,256,1.247544,0.093698,0.096038,0.976,12.99,1.0,0.122537,0.098561,12.658,0.951,1,0.093698,hst,10.181,13.315,0.765,13.315,1.0,1.8253563338087409e-16,drift,226,1.483,7774,hst,1,1.376,native,0,0.0,0.5
case9,14454,147972,8,0.01,19,False,400,256,1.459164,0.212501,0.463199,0.459,3.15,1.0,0.246458,0.218087,6.691,0.974,2,0.212501,hst,5.921,6.867,0.862,6.867,1.0,1.4835774042603473e-16,drift,399,4.295,10271,hst,1,2.167,relabelled,101,1.3759602785198156e-18,0.5
case9,14454,147972,8,0.01,20,False,400,256,1.262994,0.110119,0.136808,0.805,9.232,1.0,0.138757,0.11512,10.971,0.957,1,0.110119,hst,9.102,11.469,0.794,11.469,1.0,1.1571059044469956e-15,drift,307,2.125,7948,hst,1,1.412,native,0,0.0,0.5
case9,14454,147972,8,0.01,20,False,400,256,1.477532,0.213809,0.458978,0.466,3.219,1.0,0.247745,0.219688,6.726,0.973,2,0.213809,hst,5.964,6.911,0.863,6.911,1.0,8.035121135522575e-16,drift,399,4.344,10253,hst,1,2.13,relabelled,101,2.730955827847786e-16,0.5
case9,14454,147972,8,0.01,21,False,400,256,1.284001,0.106403,0.122375,0.869,10.492,1.0,0.135733,0.112206,11.443,0.948,1,0.106403,hst,9.46,12.067,0.784,12.067,1.0,1.4037033603327298e-15,drift,288,2.088,7841,hst,1,1.296,native,0,0.0,0.5
case9,14454,147972,8,0.01,21,False,400,256,1.505397,0.216561,0.462528,0.468,3.255,1.0,0.248742,0.22132,6.802,0.978,2,0.216561,hst,6.052,6.951,0.871,6.951,1.0,2.287563403428266e-16,drift,399,4.193,10239,hst,1,2.122,relabelled,101,4.042867080416394e-16,0.5
case9,14454,147972,8,0.05,17,False,400,256,1.288793,0.103678,0.136809,0.758,9.42,1.0,0.130335,0.106776,12.07,0.971,1,0.103678,hst,9.888,12.431,0.795,12.431,1.0,1.8253563338087409e-16,drift,346,1.917,7654,hst,1,1.378,native,0,0.0,0.5
case9,14454,147972,8,0.05,17,False,400,256,1.499874,0.222239,0.722802,0.307,2.075,1.0,0.25778,0.22987,6.525,0.967,2,0.222239,hst,5.818,6.749,0.862,6.749,1.0,1.0745583923395971e-18,drift,399,2.865,10274,hst,1,2.203,relabelled,101,1.3759602785198156e-18,0.5
case9,14454,147972,8,0.05,18,False,400,256,1.296034,0.109223,0.150073,0.728,8.636,1.0,0.138329,0.113774,11.391,0.96,1,0.109223,hst,9.369,11.866,0.79,11.866,1.0,1.6384614607668743e-15,drift,380,2.648,7653,hst,1,1.41,native,0,0.0,0.5
case9,14454,147972,8,0.05,18,False,400,256,1.506979,0.22284,0.692296,0.322,2.177,1.0,0.255723,0.22764,6.62,0.979,2,0.22284,hst,5.893,6.763,0.871,6.763,1.0,1.1677204720970397e-15,drift,399,2.712,10133,hst,1,2.147,relabelled,101,2.733129157630779e-16,0.5
case9,14454,147972,8,0.05,19,False,400,256,1.286093,0.101919,0.13955,0.73,9.216,1.0,0.131985,0.109366,11.76,0.932,1,0.101919,hst,9.744,12.619,0.772,12.619,1.0,1.8253563338087409e-16,drift,367,1.928,7624,hst,1,1.325,native,0,0.0,0.5
case9,14454,147972,8,0.05,19,False,400,256,1.496687,0.223994,0.715615,0.313,2.091,1.0,0.257301,0.229651,6.517,0.975,2,0.223994,hst,5.817,6.682,0.871,6.682,1.0,1.4835774042603473e-16,drift,399,2.689,10258,hst,1,2.209,relabelled,101,1.3759602785198156e-18,0.5
case9,14454,147972,8,0.05,20,False,400,256,1.295531,0.110228,0.159959,0.689,8.099,1.0,0.139058,0.113969,11.367,0.967,1,0.110228,hst,9.316,11.753,0.793,11.753,1.0,1.1571059044469956e-15,drift,385,2.648,7713,hst,1,1.438,native,0,0.0,0.5
case9,14454,147972,8,0.05,20,False,400,256,1.507333,0.223828,0.71638,0.312,2.104,1.0,0.25787,0.229945,6.555,0.973,2,0.223828,hst,5.845,6.734,0.868,6.734,1.0,8.035121135522575e-16,drift,399,2.826,10185,hst,1,2.122,relabelled,101,2.730955827847786e-16,0.5
case9,14454,147972,8,0.05,21,False,400,256,1.286845,0.107988,0.158854,0.68,8.101,1.0,0.138012,0.113484,11.339,0.952,1,0.107988,hst,9.324,11.917,0.782,11.917,1.0,1.4037033603327298e-15,drift,378,2.522,7732,hst,1,1.428,native,0,0.0,0.5
case9,14454,147972,8,0.05,21,False,400,256,1.501606,0.223392,0.713946,0.313,2.103,1.0,0.257357,0.229508,6.543,0.973,2,0.223392,hst,5.835,6.722,0.868,6.722,1.0,2.287563403428266e-16,drift,399,2.777,10246,hst,1,2.207,relabelled,101,4.042867080416394e-16,0.5
case9,14454,147972,8,0.25,17,False,400,256,1.298332,0.106892,0.204088,0.524,6.362,1.0,0.137596,0.112934,11.496,0.946,1,0.106892,hst,9.436,12.146,0.777,12.146,1.0,1.8253563338087409e-16,drift,399,2.312,7748,hst,1,1.428,native,0,0.0,0.5
case9,14454,147972,8,0.25,17,False,400,256,1.510395,0.230799,1.540287,0.15,0.981,1.0,0.264594,0.235307,6.419,0.981,2,0.230799,hst,5.708,6.544,0.872,6.544,1.0,1.0745583923395971e-18,drift,399,3.683,10289,hst,1,2.263,relabelled,101,1.3759602785198156e-18,0.5
case9,14454,147972,8,0.25,18,False,400,256,1.288393,0.10915,0.213541,0.511,6.033,1.0,0.138116,0.113016,11.4,0.966,1,0.10915,hst,9.328,11.804,0.79,11.804,1.0,1.6384614607668743e-15,drift,399,2.449,7713,hst,1,1.511,native,0,0.0,0.5
case9,14454,147972,8,0.25,18,False,400,256,1.507403,0.231684,1.56562,0.148,0.963,1.0,0.26578,0.236811,6.365,0.978,2,0.231684,hst,5.672,6.506,0.872,6.506,1.0,1.1677204720970397e-15,drift,399,3.557,10306,hst,1,2.211,relabelled,101,2.733129157630779e-16,0.5
case9,14454,147972,8,0.25,19,False,400,256,1.294185,0.107365,0.203822,0.527,6.35,1.0,0.137152,0.112482,11.506,0.955,1,0.107365,hst,9.436,12.054,0.783,12.054,1.0,1.8253563338087409e-16,drift,399,2.473,7768,hst,1,1.444,native,0,0.0,0.5
case9,14454,147972,8,0.25,19,False,400,256,1.514024,0.231164,1.551126,0.149,0.976,1.0,0.266864,0.237962,6.362,0.971,2,0.231164,hst,5.673,6.55,0.866,6.55,1.0,1.4835774042603473e-16,drift,399,3.755,10195,hst,1,2.274,relabelled,101,1.3759602785198156e-18,0.5
case9,14454,147972,8,0.25,20,False,400,256,1.292898,0.10969,0.211314,0.519,6.118,1.0,0.138043,0.113822,11.359,0.964,1,0.10969,hst,9.366,11.787,0.795,11.787,1.0,1.1571059044469956e-15,drift,399,2.258,7679,hst,1,1.498,native,0,0.0,0.5
case9,14454,147972,8,0.25,20,False,400,256,1.510494,0.230685,1.56165,0.148,0.967,1.0,0.271517,0.243907,6.193,0.946,2,0.230685,hst,5.563,6.548,0.85,6.548,1.0,8.035121135522575e-16,drift,399,3.756,10296,hst,1,2.139,relabelled,101,2.730955827847786e-16,0.5
case9,14454,147972,8,0.25,21,False,400,256,1.291211,0.108456,0.21242,0.511,6.079,1.0,0.138682,0.113007,11.426,0.96,1,0.108456,hst,9.311,11.905,0.782,11.905,1.0,1.4037033603327298e-15,drift,399,2.492,7694,hst,1,1.497,native,0,0.0,0.5
case9,14454,147972,8,0.25,21,False,400,256,1.511242,0.230412,1.55311,0.148,0.973,1.0,0.270446,0.241362,6.261,0.955,2,0.230412,hst,5.588,6.559,0.852,6.559,1.0,2.287563403428266e-16,drift,399,3.269,10208,hst,1,2.269,relabelled,101,4.042867080416394e-16,0.5
bcspwr09,1723,6511,8,0.0,17,False,400,256,0.006508,0.027216,0.023194,1.173,0.281,1.0,0.00757,0.007229,0.9,0.9,,0.006508,delta_baseline,0.86,1.0,0.86,1.0,4.182,3.3992994908668667e-16,drift,0,1.0,1518,delta_baseline,0,0.0,native,0,0.0,0.5
bcspwr09,1723,6511,8,0.0,17,False,400,256,0.00612,0.029115,0.023852,1.221,0.257,1.0,0.00741,0.007067,0.866,0.866,,0.00612,delta_baseline,0.826,1.0,0.826,1.0,4.758,1.636260618198888e-16,drift,0,1.0,1675,delta_baseline,0,0.0,relabelled,101,2.1465453211281723e-16,0.5
bcspwr09,1723,6511,8,0.0,18,False,400,256,0.006203,0.027664,0.023615,1.171,0.263,1.0,0.007275,0.006944,0.893,0.893,,0.006203,delta_baseline,0.853,1.0,0.853,1.0,4.459,1.860896069197576e-16,drift,0,1.0,1551,delta_baseline,0,0.0,native,0,0.0,0.5
bcspwr09,1723,6511,8,0.0,18,False,400,256,0.006214,0.028517,0.023439,1.217,0.265,1.0,0.007334,0.006989,0.889,0.889,,0.006214,delta_baseline,0.847,1.0,0.847,1.0,4.589,2.2412217854822475e-16,drift,0,1.0,1643,delta_baseline,0,0.0,relabelled,101,1.7332019022907206e-16,0.5
bcspwr09,1723,6511,8,0.0,19,False,400,256,0.006076,0.025788,0.021985,1.173,0.276,1.0,0.007347,0.007047,0.862,0.862,,0.006076,delta_baseline,0.827,1.0,0.827,1.0,4.244,1.4472386138826977e-16,drift,0,1.0,1501,delta_baseline,0,0.0,native,0,0.0,0.5
bcspwr09,1723,6511,8,0.0,19,False,400,256,0.005998,0.029467,0.023997,1.228,0.25,1.0,0.007537,0.007229,0.83,0.83,,0.005998,delta_baseline,0.796,1.0,0.796,1.0,4.913,1.7743214137391902e-16,drift,0,1.0,1678,delta_baseline,0,0.0,relabelled,101,1.521665926988818e-16,0.5
bcspwr09,1723,6511,8,0.0,20,False,400,256,0.006088,0.027791,0.0235,1.183,0.259,1.0,0.007236,0.006915,0.88,0.88,,0.006088,delta_baseline,0.841,1.0,0.841,1.0,4.565,4.2716015826531054e-16,drift,0,1.0,1539,delta_baseline,0,0.0,native,0,0.0,0.5
bcspwr09,1723,6511,8,0.0,20,False,400,256,0.006241,0.028567,0.023391,1.221,0.267,1.0,0.007722,0.007398,0.844,0.844,,0.006241,delta_baseline,0.808,1.0,0.808,1.0,4.577,1.6444384039776377e-16,drift,0,1.0,1659,delta_baseline,0,0.0,relabelled,101,1.1514516132480434e-16,0.5
bcspwr09,1723,6511,8,0.0,21,False,400,256,0.006547,0.026508,0.023032,1.151,0.284,1.0,0.007545,0.007213,0.908,0.908,,0.006547,delta_baseline,0.868,1.0,0.868,1.0,4.049,9.609496773994548e-17,drift,0,1.0,1535,delta_baseline,0,0.0,native,0,0.0,0.5
bcspwr09,1723,6511,8,0.0,21,False,400,256,0.006628,0.029841,0.024055,1.24,0.276,1.0,0.007481,0.007143,0.928,0.928,,0.006628,delta_baseline,0.886,1.0,0.886,1.0,4.502,1.4924799013788722e-16,drift,0,1.0,1683,delta_baseline,0,0.0,relabelled,101,2.199105434167194e-16,0.5
bcspwr09,1723,6511,8,0.002,17,False,400,256,0.076987,0.039553,0.037684,1.05,2.043,1.05,0.058093,0.044938,1.713,0.88,82,0.039553,hst,1.325,1.946,0.681,1.946,1.0,3.3992994908668667e-16,drift,177,2.221,1577,hst,1,2.632,native,0,0.0,0.5
bcspwr09,1723,6511,8,0.002,17,False,400,256,0.079766,0.042021,0.042264,0.994,1.887,1.0,0.060466,0.047089,1.694,0.892,84,0.042021,hst,1.319,1.898,0.695,1.898,1.0,1.636260618198888e-16,drift,199,2.113,1660,hst,1,2.735,relabelled,101,2.1465453211281723e-16,0.5
bcspwr09,1723,6511,8,0.002,18,False,400,256,0.076443,0.038675,0.036289,1.066,2.107,1.066,0.055466,0.043363,1.763,0.892,72,0.038675,hst,1.378,1.977,0.697,1.977,1.0,1.860896069197576e-16,drift,165,2.336,1547,hst,1,2.396,native,0,0.0,0.5
bcspwr09,1723,6511,8,0.002,18,False,400,256,0.078912,0.04394,0.049061,0.896,1.608,1.0,0.062922,0.049615,1.59,0.886,95,0.04394,hst,1.254,1.796,0.698,1.796,1.0,2.2412217854822475e-16,drift,231,2.29,1672,hst,1,2.771,relabelled,101,1.7332019022907206e-16,0.5
bcspwr09,1723,6511,8,0.002,19,False,400,256,0.073522,0.036337,0.037256,0.975,1.973,1.0,0.053944,0.041402,1.776,0.878,75,0.036337,hst,1.363,2.023,0.674,2.023,1.0,1.4472386138826977e-16,drift,168,2.474,1522,hst,1,2.42,native,0,0.0,0.5
bcspwr09,1723,6511,8,0.002,19,False,400,256,0.077013,0.044128,0.046334,0.952,1.662,1.0,0.062672,0.049444,1.558,0.892,101,0.044128,hst,1.229,1.745,0.704,1.745,1.0,1.7743214137391902e-16,drift,220,2.147,1678,hst,1,2.784,relabelled,101,1.521665926988818e-16,0.5
bcspwr09,1723,6511,8,0.002,20,False,400,256,0.076339,0.039567,0.039359,1.005,1.94,1.005,0.056606,0.044523,1.715,0.889,76,0.039567,hst,1.349,1.929,0.699,1.929,1.0,4.2716015826531054e-16,drift,169,2.286,1570,hst,1,2.412,native,0,0.0,0.5
bcspwr09,1723,6511,8,0.002,20,False,400,256,0.078803,0.041263,0.04127,1.0,1.909,1.0,0.057956,0.046479,1.695,0.888,74,0.041263,hst,1.36,1.91,0.712,1.91,1.0,1.6444384039776377e-16,drift,184,1.997,1678,hst,1,2.384,relabelled,101,1.1514516132480434e-16,0.5
bcspwr09,1723,6511,8,0.002,21,False,400,256,0.079429,0.039097,0.0378,1.034,2.101,1.034,0.057434,0.043467,1.827,0.899,75,0.039097,hst,1.383,2.032,0.681,2.032,1.0,9.609496773994548e-17,drift,170,2.426,1581,hst,1,2.706,native,0,0.0,0.5
bcspwr09,1723,6511,8,0.002,21,False,400,256,0.082112,0.043926,0.045703,0.961,1.797,1.0,0.063038,0.049365,1.663,0.89,83,0.043926,hst,1.303,1.869,0.697,1.869,1.0,1.4924799013788722e-16,drift,210,2.103,1679,hst,1,2.734,relabelled,101,2.199105434167194e-16,0.5
bcspwr09,1723,6511,8,0.01,17,False,400,256,0.083304,0.051008,0.058914,0.866,1.414,1.0,0.070257,0.056602,1.472,0.901,111,0.051008,hst,1.186,1.633,0.726,1.633,1.0,3.3992994908668667e-16,drift,339,3.473,1585,hst,1,2.965,native,0,0.0,0.5
bcspwr09,1723,6511,8,0.01,17,False,400,256,0.085486,0.052422,0.067244,0.78,1.271,1.0,0.072185,0.058137,1.47,0.902,110,0.052422,hst,1.184,1.631,0.726,1.631,1.0,1.636260618198888e-16,drift,347,3.047,1661,hst,1,3.02,relabelled,101,2.1465453211281723e-16,0.5
bcspwr09,1723,6511,8,0.01,18,False,400,256,0.081023,0.049629,0.056181,0.883,1.442,1.0,0.068378,0.055048,1.472,0.902,111,0.049629,hst,1.185,1.633,0.726,1.633,1.0,1.860896069197576e-16,drift,320,3.337,1588,hst,1,2.879,native,0,0.0,0.5
bcspwr09,1723,6511,8,0.01,18,False,400,256,0.084067,0.053447,0.07129,0.75,1.179,1.0,0.072816,0.059129,1.422,0.904,125,0.053447,hst,1.155,1.573,0.734,1.573,1.0,2.2412217854822475e-16,drift,356,3.188,1660,hst,1,3.12,relabelled,101,1.7332019022907206e-16,0.5
bcspwr09,1723,6511,8,0.01,19,False,400,256,0.08045,0.049254,0.055988,0.88,1.437,1.0,0.067548,0.055096,1.46,0.894,107,0.049254,hst,1.191,1.633,0.729,1.633,1.0,1.4472386138826977e-16,drift,318,3.214,1622,hst,1,2.709,native,0,0.0,0.5
bcspwr09,1723,6511,8,0.01,19,False,400,256,0.08364,0.053965,0.069445,0.777,1.204,1.0,0.072556,0.058833,1.422,0.917,124,0.053965,hst,1.153,1.55,0.744,1.55,1.0,1.7743214137391902e-16,drift,360,2.986,1655,hst,1,3.072,relabelled,101,1.521665926988818e-16,0.5
bcspwr09,1723,6511,8,0.01,20,False,400,256,0.080561,0.050299,0.058421,0.861,1.379,1.0,0.070316,0.056953,1.415,0.883,126,0.050299,hst,1.146,1.602,0.715,1.602,1.0,4.2716015826531054e-16,drift,332,3.405,1580,hst,1,2.976,native,0,0.0,0.5
bcspwr09,1723,6511,8,0.01,20,False,400,256,0.082845,0.052751,0.067275,0.784,1.231,1.0,0.071832,0.058959,1.405,0.895,121,0.052751,hst,1.153,1.571,0.734,1.571,1.0,1.6444384039776377e-16,drift,352,3.136,1664,hst,1,2.89,relabelled,101,1.1514516132480434e-16,0.5
bcspwr09,1723,6511,8,0.01,21,False,400,256,0.082517,0.04939,0.055577,0.889,1.485,1.0,0.069002,0.055012,1.5,0.898,110,0.04939,hst,1.196,1.671,0.716,1.671,1.0,9.609496773994548e-17,drift,321,3.382,1623,hst,1,3.023,native,0,0.0,0.5
bcspwr09,1723,6511,8,0.01,21,False,400,256,0.085089,0.053682,0.070188,0.765,1.212,1.0,0.073568,0.05934,1.434,0.905,125,0.053682,hst,1.157,1.585,0.73,1.585,1.0,1.4924799013788722e-16,drift,358,3.054,1670,hst,1,3.22,relabelled,101,2.199105434167194e-16,0.5
bcspwr09,1723,6511,8,0.05,17,False,400,256,0.090464,0.05731,0.095944,0.597,0.943,1.0,0.077483,0.063439,1.426,0.903,118,0.05731,hst,1.168,1.579,0.74,1.579,1.0,3.3992994908668667e-16,drift,399,3.386,1578,hst,1,3.191,native,0,0.0,0.5
bcspwr09,1723,6511,8,0.05,17,False,400,256,0.093619,0.058478,0.114878,0.509,0.815,1.0,0.079042,0.064474,1.452,0.907,114,0.058478,hst,1.184,1.601,0.74,1.601,1.0,1.636260618198888e-16,drift,399,4.185,1659,hst,1,3.326,relabelled,101,2.1465453211281723e-16,0.5
bcspwr09,1723,6511,8,0.05,18,False,400,256,0.087859,0.057287,0.097756,0.586,0.899,1.0,0.077042,0.063332,1.387,0.905,128,0.057287,hst,1.14,1.534,0.744,1.534,1.0,1.860896069197576e-16,drift,399,3.514,1595,hst,1,3.137,native,0,0.0,0.5
bcspwr09,1723,6511,8,0.05,18,False,400,256,0.090219,0.05887,0.115836,0.508,0.779,1.0,0.078596,0.064678,1.395,0.91,127,0.05887,hst,1.148,1.533,0.749,1.533,1.0,2.2412217854822475e-16,drift,399,4.005,1683,hst,1,3.242,relabelled,101,1.7332019022907206e-16,0.5
bcspwr09,1723,6511,8,0.05,19,False,400,256,0.085035,0.057488,0.094674,0.607,0.898,1.0,0.075755,0.062643,1.357,0.918,135,0.057488,hst,1.123,1.479,0.759,1.479,1.0,1.4472386138826977e-16,drift,398,3.781,1561,hst,1,3.02,native,0,0.0,0.5
bcspwr09,1723,6511,8,0.05,19,False,400,256,0.087495,0.058172,0.112999,0.515,0.774,1.0,0.078254,0.064106,1.365,0.907,141,0.058172,hst,1.118,1.504,0.743,1.504,1.0,1.7743214137391902e-16,drift,399,3.736,1684,hst,1,3.301,relabelled,101,1.521665926988818e-16,0.5
bcspwr09,1723,6511,8,0.05,20,False,400,256,0.087934,0.057175,0.096109,0.595,0.915,1.0,0.075962,0.062768,1.401,0.911,121,0.057175,hst,1.158,1.538,0.753,1.538,1.0,4.2716015826531054e-16,drift,399,3.561,1614,hst,1,3.036,native,0,0.0,0.5
bcspwr09,1723,6511,8,0.05,20,False,400,256,0.090593,0.058668,0.114625,0.512,0.79,1.0,0.07801,0.064262,1.41,0.913,123,0.058668,hst,1.161,1.544,0.752,1.544,1.0,1.6444384039776377e-16,drift,399,3.976,1671,hst,1,3.24,relabelled,101,1.1514516132480434e-16,0.5
bcspwr09,1723,6511,8,0.05,21,False,400,256,0.088852,0.057414,0.100023,0.574,0.888,1.0,0.078174,0.063824,1.392,0.9,127,0.057414,hst,1.137,1.548,0.734,1.548,1.0,9.609496773994548e-17,drift,399,3.63,1554,hst,1,3.191,native,0,0.0,0.5
bcspwr09,1723,6511,8,0.05,21,False,400,256,0.09188,0.058985,0.115605,0.51,0.795,1.0,0.080728,0.066564,1.38,0.886,130,0.058985,hst,1.138,1.558,0.731,1.558,1.0,1.4924799013788722e-16,drift,399,3.771,1697,hst,1,3.284,relabelled,101,2.199105434167194e-16,0.5
bcspwr09,1723,6511,8,0.25,17,False,400,256,0.091905,0.060404,0.171602,0.352,0.536,1.0,0.080127,0.065699,1.399,0.919,125,0.060404,hst,1.147,1.522,0.754,1.522,1.0,3.3992994908668667e-16,drift,399,3.553,1626,hst,1,3.269,native,0,0.0,0.5
bcspwr09,1723,6511,8,0.25,17,False,400,256,0.09463,0.060787,0.213769,0.284,0.443,1.0,0.081778,0.066901,1.414,0.909,120,0.060787,hst,1.157,1.557,0.743,1.557,1.0,1.636260618198888e-16,drift,399,2.728,1667,hst,1,3.337,relabelled,101,2.1465453211281723e-16,0.5
bcspwr09,1723,6511,8,0.25,18,False,400,256,0.091867,0.062342,0.170287,0.366,0.539,1.0,0.07907,0.06534,1.406,0.954,121,0.062342,hst,1.162,1.474,0.788,1.474,1.0,1.860896069197576e-16,drift,399,4.284,1557,hst,1,3.207,native,0,0.0,0.5
bcspwr09,1723,6511,8,0.25,18,False,400,256,0.093547,0.060818,0.213914,0.284,0.437,1.0,0.081272,0.067005,1.396,0.908,126,0.060818,hst,1.151,1.538,0.748,1.538,1.0,2.2412217854822475e-16,drift,399,2.734,1677,hst,1,3.334,relabelled,101,1.7332019022907206e-16,0.5
bcspwr09,1723,6511,8,0.25,19,False,400,256,0.09155,0.059541,0.171848,0.346,0.533,1.0,0.07942,0.065603,1.396,0.908,123,0.059541,hst,1.153,1.538,0.75,1.538,1.0,1.4472386138826977e-16,drift,399,2.966,1568,hst,1,3.179,native,0,0.0,0.5
bcspwr09,1723,6511,8,0.25,19,False,400,256,0.094147,0.060785,0.213192,0.285,0.442,1.0,0.080724,0.066744,1.411,0.911,118,0.060785,hst,1.166,1.549,0.753,1.549,1.0,1.7743214137391902e-16,drift,399,3.096,1669,hst,1,3.245,relabelled,101,1.521665926988818e-16,0.5
bcspwr09,1723,6511,8,0.25,20,False,400,256,0.091312,0.059231,0.169497,0.349,0.539,1.0,0.079068,0.065379,1.397,0.906,120,0.059231,hst,1.155,1.542,0.749,1.542,1.0,4.2716015826531054e-16,drift,399,2.948,1582,hst,1,3.12,native,0,0.0,0.5
bcspwr09,1723,6511,8,0.25,20,False,400,256,0.093556,0.060854,0.208564,0.292,0.449,1.0,0.080769,0.066651,1.404,0.913,121,0.060854,hst,1.158,1.537,0.753,1.537,1.0,1.6444384039776377e-16,drift,399,2.954,1677,hst,1,3.257,relabelled,101,1.1514516132480434e-16,0.5
bcspwr09,1723,6511,8,0.25,21,False,400,256,0.092729,0.059879,0.171474,0.349,0.541,1.0,0.080169,0.065828,1.409,0.91,121,0.059879,hst,1.157,1.549,0.747,1.549,1.0,9.609496773994548e-17,drift,399,3.129,1573,hst,1,3.252,native,0,0.0,0.5
bcspwr09,1723,6511,8,0.25,21,False,400,256,0.094677,0.061113,0.212912,0.287,0.445,1.0,0.081156,0.066847,1.416,0.914,117,0.061113,hst,1.167,1.549,0.753,1.549,1.0,1.4924799013788722e-16,drift,399,3.388,1671,hst,1,3.252,relabelled,101,2.199105434167194e-16,0.5
bcspwr10,5300,21842,8,0.0,17,False,400,256,0.00656,0.03745,0.033707,1.111,0.195,1.0,0.007589,0.00725,0.905,0.905,,0.00656,delta_baseline,0.864,1.0,0.864,1.0,5.709,1.871280638170483e-16,drift,0,1.0,3622,delta_baseline,0,0.0,native,0,0.0,0.5
bcspwr10,5300,21842,8,0.0,17,False,400,256,0.006419,0.04107,0.03746,1.096,0.171,1.0,0.007758,0.007419,0.865,0.865,,0.006419,delta_baseline,0.827,1.0,0.827,1.0,6.399,2.0137369979970807e-16,drift,0,1.0,3955,delta_baseline,0,0.0,relabelled,101,2.0223931954121495e-16,0.5
bcspwr10,5300,21842,8,0.0,18,False,400,256,0.006627,0.038194,0.034942,1.093,0.19,1.0,0.007463,0.007123,0.93,0.93,,0.006627,delta_baseline,0.888,1.0,0.888,1.0,5.764,3.513861746800697e-16,drift,0,1.0,3653,delta_baseline,0,0.0,native,0,0.0,0.5
bcspwr10,5300,21842,8,0.0,18,False,400,256,0.006593,0.042729,0.037989,1.125,0.174,1.0,0.008101,0.007696,0.857,0.857,,0.006593,delta_baseline,0.814,1.0,0.814,1.0,6.481,1.5711683150371732e-16,drift,0,1.0,4036,delta_baseline,0,0.0,relabelled,101,4.690481496030524e-17,0.5
bcspwr10,5300,21842,8,0.0,19,False,400,256,0.00657,0.03524,0.0322,1.094,0.204,1.0,0.007515,0.007178,0.915,0.915,,0.00657,delta_baseline,0.874,1.0,0.874,1.0,5.364,2.258919437555397e-16,drift,0,1.0,3393,delta_baseline,0,0.0,native,0,0.0,0.5
bcspwr10,5300,21842,8,0.0,19,False,400,256,0.006822,0.041901,0.037546,1.116,0.182,1.0,0.007687,0.007332,0.931,0.931,,0.006822,delta_baseline,0.888,1.0,0.888,1.0,6.142,1.7612178424677689e-16,drift,0,1.0,3995,delta_baseline,0,0.0,relabelled,101,2.388093804857165e-16,0.5
bcspwr10,5300,21842,8,0.0,20,False,400,256,0.006504,0.033474,0.030691,1.091,0.212,1.0,0.007441,0.007083,0.918,0.918,,0.006504,delta_baseline,0.874,1.0,0.874,1.0,5.147,1.5260920413345594e-16,drift,0,1.0,3187,delta_baseline,0,0.0,native,0,0.0,0.5
bcspwr10,5300,21842,8,0.0,20,False,400,256,0.006483,0.042258,0.037817,1.117,0.171,1.0,0.007895,0.007503,0.864,0.864,,0.006483,delta_baseline,0.821,1.0,0.821,1.0,6.519,1.1217787160679448e-16,drift,0,1.0,4031,delta_baseline,0,0.0,relabelled,101,1.6661188518380717e-16,0.5
bcspwr10,5300,21842,8,0.0,21,False,400,256,0.006299,0.03534,0.032386,1.091,0.194,1.0,0.00744,0.007086,0.889,0.889,,0.006299,delta_baseline,0.847,1.0,0.847,1.0,5.611,3.1586084160755566e-16,drift,0,1.0,3363,delta_baseline,0,0.0,native,0,0.0,0.5
bcspwr10,5300,21842,8,0.0,21,False,400,256,0.006371,0.043789,0.037504,1.168,0.17,1.0,0.0082,0.00781,0.816,0.816,,0.006371,delta_baseline,0.777,1.0,0.777,1.0,6.874,1.5144730734856298e-16,drift,0,1.0,3962,delta_baseline,0,0.0,relabelled,101,9.992226945005398e-17,0.5
bcspwr10,5300,21842,8,0.002,17,False,400,256,0.08316,0.064381,0.087018,0.74,0.956,1.0,0.086618,0.071433,1.164,0.901,326,0.064381,hst,0.96,1.292,0.743,1.292,1.0,1.871280638170483e-16,drift,318,3.896,3616,hst,1,3.823,native,0,0.0,0.5
bcspwr10,5300,21842,8,0.002,17,False,400,256,0.084281,0.070102,0.111339,0.63,0.757,1.0,0.093206,0.077194,1.092,0.908,603,0.070102,hst,0.904,1.202,0.752,1.202,1.0,2.0137369979970807e-16,drift,352,4.218,3970,hst,1,4.272,relabelled,101,2.0223931954121495e-16,0.5
bcspwr10,5300,21842,8,0.002,18,False,400,256,0.08597,0.066866,0.093751,0.713,0.917,1.0,0.089348,0.074124,1.16,0.902,329,0.066866,hst,0.962,1.286,0.748,1.286,1.0,3.513861746800697e-16,drift,332,4.065,3685,hst,1,3.903,native,0,0.0,0.5
bcspwr10,5300,21842,8,0.002,18,False,400,256,0.08689,0.069881,0.108842,0.642,0.798,1.0,0.092679,0.076791,1.132,0.91,422,0.069881,hst,0.938,1.243,0.754,1.243,1.0,1.5711683150371732e-16,drift,349,4.104,3928,hst,1,4.265,relabelled,101,4.690481496030524e-17,0.5
bcspwr10,5300,21842,8,0.002,19,False,400,256,0.083989,0.061341,0.083479,0.735,1.006,1.0,0.083654,0.067948,1.236,0.903,242,0.061341,hst,1.004,1.369,0.733,1.369,1.0,2.258919437555397e-16,drift,300,3.897,3605,hst,1,3.879,native,0,0.0,0.5
bcspwr10,5300,21842,8,0.002,19,False,400,256,0.084925,0.071774,0.109696,0.654,0.774,1.0,0.094949,0.078759,1.078,0.911,726,0.071774,hst,0.894,1.183,0.756,1.183,1.0,1.7612178424677689e-16,drift,357,4.04,3979,hst,1,4.479,relabelled,101,2.388093804857165e-16,0.5
bcspwr10,5300,21842,8,0.002,20,False,400,256,0.082312,0.057722,0.07359,0.784,1.119,1.0,0.079278,0.064788,1.27,0.891,203,0.057722,hst,1.038,1.426,0.728,1.426,1.0,1.5260920413345594e-16,drift,284,4.07,3436,hst,1,3.551,native,0,0.0,0.5
bcspwr10,5300,21842,8,0.002,20,False,400,256,0.084041,0.07236,0.107581,0.673,0.781,1.0,0.095858,0.080213,1.048,0.902,1162,0.07236,hst,0.877,1.161,0.755,1.161,1.0,1.1217787160679448e-16,drift,358,3.967,3940,hst,1,4.45,relabelled,101,1.6661188518380717e-16,0.5
bcspwr10,5300,21842,8,0.002,21,False,400,256,0.078563,0.064356,0.084309,0.763,0.932,1.0,0.08498,0.070196,1.119,0.917,462,0.064356,hst,0.924,1.221,0.757,1.221,1.0,3.1586084160755566e-16,drift,311,4.088,3607,hst,1,3.867,native,0,0.0,0.5
bcspwr10,5300,21842,8,0.002,21,False,400,256,0.080875,0.073254,0.106481,0.688,0.76,1.0,0.095886,0.080537,1.004,0.91,12814,0.073254,hst,0.843,1.104,0.764,1.104,1.0,1.5144730734856298e-16,drift,358,4.147,4014,hst,1,4.329,relabelled,101,9.992226945005398e-17,0.5
bcspwr10,5300,21842,8,0.01,17,False,400,256,0.088287,0.07327,0.127343,0.575,0.693,1.0,0.099453,0.084346,1.047,0.869,1055,0.07327,hst,0.888,1.205,0.737,1.205,1.0,1.871280638170483e-16,drift,396,4.405,3614,hst,1,4.158,native,0,0.0,0.5
bcspwr10,5300,21842,8,0.01,17,False,400,256,0.089615,0.077463,0.154284,0.502,0.581,1.0,0.100539,0.084833,1.056,0.913,950,0.077463,hst,0.891,1.157,0.77,1.157,1.0,2.0137369979970807e-16,drift,399,4.751,4051,hst,1,4.545,relabelled,101,2.0223931954121495e-16,0.5
bcspwr10,5300,21842,8,0.01,18,False,400,256,0.090902,0.075051,0.133432,0.562,0.681,1.0,0.099139,0.083261,1.092,0.901,576,0.075051,hst,0.917,1.211,0.757,1.211,1.0,3.513861746800697e-16,drift,398,4.352,3675,hst,1,4.404,native,0,0.0,0.5
bcspwr10,5300,21842,8,0.01,18,False,400,256,0.092081,0.077297,0.154928,0.499,0.594,1.0,0.10101,0.084891,1.085,0.911,634,0.077297,hst,0.912,1.191,0.765,1.191,1.0,1.5711683150371732e-16,drift,399,4.676,3957,hst,1,4.562,relabelled,101,4.690481496030524e-17,0.5
bcspwr10,5300,21842,8,0.01,19,False,400,256,0.087653,0.072177,0.123335,0.585,0.711,1.0,0.095296,0.079723,1.099,0.905,530,0.072177,hst,0.92,1.214,0.757,1.214,1.0,2.258919437555397e-16,drift,394,3.721,3603,hst,1,4.206,native,0,0.0,0.5
bcspwr10,5300,21842,8,0.01,19,False,400,256,0.088886,0.078324,0.152999,0.512,0.581,1.0,0.102261,0.086196,1.031,0.909,1714,0.078324,hst,0.869,1.135,0.766,1.135,1.0,1.7612178424677689e-16,drift,398,4.608,3939,hst,1,4.61,relabelled,101,2.388093804857165e-16,0.5
bcspwr10,5300,21842,8,0.01,20,False,400,256,0.088453,0.072972,0.124417,0.587,0.711,1.0,0.09615,0.08127,1.088,0.898,562,0.072972,hst,0.92,1.212,0.759,1.212,1.0,1.5260920413345594e-16,drift,396,4.565,3681,hst,1,4.038,native,0,0.0,0.5
bcspwr10,5300,21842,8,0.01,20,False,400,256,0.090641,0.078269,0.151865,0.515,0.597,1.0,0.109872,0.094696,0.957,0.827,,0.078269,hst,0.825,1.158,0.712,1.158,1.0,1.1217787160679448e-16,drift,399,4.436,4018,delta_baseline,0,4.574,relabelled,101,1.6661188518380717e-16,0.5
bcspwr10,5300,21842,8,0.01,21,False,400,256,0.082385,0.072872,0.1237,0.589,0.666,1.0,0.095068,0.080134,1.028,0.909,1831,0.072872,hst,0.867,1.131,0.767,1.131,1.0,3.1586084160755566e-16,drift,393,5.058,3594,hst,1,4.121,native,0,0.0,0.5
bcspwr10,5300,21842,8,0.01,21,False,400,256,0.084911,0.078051,0.148468,0.526,0.572,1.0,0.104716,0.08946,0.949,0.872,,0.078051,hst,0.811,1.088,0.745,1.088,1.0,1.5144730734856298e-16,drift,398,4.84,3957,delta_baseline,0,4.539,relabelled,101,9.992226945005398e-17,0.5
bcspwr10,5300,21842,8,0.05,17,False,400,256,0.097168,0.080906,0.210514,0.384,0.462,1.0,0.104693,0.088864,1.093,0.91,531,0.080906,hst,0.928,1.201,0.773,1.201,1.0,1.871280638170483e-16,drift,399,5.042,3769,hst,1,4.409,native,0,0.0,0.5
bcspwr10,5300,21842,8,0.05,17,False,400,256,0.098218,0.083123,0.239359,0.347,0.41,1.0,0.107322,0.091129,1.078,0.912,663,0.083123,hst,0.915,1.182,0.775,1.182,1.0,2.0137369979970807e-16,drift,399,6.13,3993,hst,1,4.697,relabelled,101,2.0223931954121495e-16,0.5
bcspwr10,5300,21842,8,0.05,18,False,400,256,0.096685,0.082376,0.215736,0.382,0.448,1.0,0.105799,0.090119,1.073,0.914,688,0.082376,hst,0.914,1.174,0.779,1.174,1.0,3.513861746800697e-16,drift,399,4.702,3793,hst,1,4.514,native,0,0.0,0.5
bcspwr10,5300,21842,8,0.05,18,False,400,256,0.098163,0.083302,0.236536,0.352,0.415,1.0,0.108071,0.092087,1.066,0.905,766,0.083302,hst,0.908,1.178,0.771,1.178,1.0,1.5711683150371732e-16,drift,399,5.94,4040,hst,1,4.652,relabelled,101,4.690481496030524e-17,0.5
bcspwr10,5300,21842,8,0.05,19,False,400,256,0.094406,0.081326,0.209089,0.389,0.452,1.0,0.114035,0.099162,0.952,0.82,,0.081326,hst,0.828,1.161,0.713,1.161,1.0,2.258919437555397e-16,drift,399,4.296,3859,hst,1,4.466,native,0,0.0,0.5
bcspwr10,5300,21842,8,0.05,19,False,400,256,0.100181,0.08364,0.23655,0.354,0.424,1.0,0.108016,0.091835,1.091,0.911,563,0.08364,hst,0.927,1.198,0.774,1.198,1.0,1.7612178424677689e-16,drift,399,1.232,4000,hst,1,4.699,relabelled,101,2.388093804857165e-16,0.5
bcspwr10,5300,21842,8,0.05,20,False,400,256,0.094939,0.082158,0.208904,0.393,0.454,1.0,0.103917,0.089171,1.065,0.921,736,0.082158,hst,0.914,1.156,0.791,1.156,1.0,1.5260920413345594e-16,drift,399,4.68,3796,hst,1,4.246,native,0,0.0,0.5
bcspwr10,5300,21842,8,0.05,20,False,400,256,0.096425,0.08295,0.235824,0.352,0.409,1.0,0.107999,0.092157,1.046,0.9,1088,0.08295,hst,0.893,1.162,0.768,1.162,1.0,1.1217787160679448e-16,drift,399,5.82,4060,hst,1,4.645,relabelled,101,1.6661188518380717e-16,0.5
bcspwr10,5300,21842,8,0.05,21,False,400,256,0.090254,0.082662,0.212129,0.39,0.425,1.0,0.104719,0.089789,1.005,0.921,9574,0.082662,hst,0.862,1.092,0.789,1.092,1.0,3.1586084160755566e-16,drift,399,6.014,3826,hst,1,4.449,native,0,0.0,0.5
bcspwr10,5300,21842,8,0.05,21,False,400,256,0.092138,0.083135,0.232617,0.357,0.396,1.0,0.111922,0.096865,0.951,0.858,,0.083135,hst,0.823,1.108,0.743,1.108,1.0,1.5144730734856298e-16,drift,399,6.318,3933,delta_baseline,0,4.613,relabelled,101,9.992226945005398e-17,0.5
bcspwr10,5300,21842,8,0.25,17,False,400,256,0.099422,0.088477,0.461473,0.192,0.215,1.0,0.112479,0.097416,1.021,0.908,2260,0.088477,hst,0.884,1.124,0.787,1.124,1.0,1.871280638170483e-16,drift,399,5.326,3593,hst,1,4.534,native,0,0.0,0.5
bcspwr10,5300,21842,8,0.25,17,False,400,256,0.100218,0.089875,0.524502,0.171,0.191,1.0,0.113903,0.097259,1.03,0.924,1638,0.089875,hst,0.88,1.115,0.789,1.115,1.0,2.0137369979970807e-16,drift,399,6.09,4097,hst,1,4.846,relabelled,101,2.0223931954121495e-16,0.5
bcspwr10,5300,21842,8,0.25,18,False,400,256,0.099736,0.088161,0.456808,0.193,0.218,1.0,0.113589,0.097406,1.024,0.905,2017,0.088161,hst,0.878,1.131,0.776,1.131,1.0,3.513861746800697e-16,drift,399,3.954,3852,hst,1,4.699,native,0,0.0,0.5
bcspwr10,5300,21842,8,0.25,18,False,400,256,0.10139,0.089272,0.520352,0.172,0.195,1.0,0.114071,0.097466,1.04,0.916,1246,0.089272,hst,0.889,1.136,0.783,1.136,1.0,1.5711683150371732e-16,drift,399,1.0,4027,hst,1,4.888,relabelled,101,4.690481496030524e-17,0.5
bcspwr10,5300,21842,8,0.25,19,False,400,256,0.095801,0.0868,0.43852,0.198,0.218,1.0,0.110401,0.094795,1.011,0.916,4517,0.0868,hst,0.868,1.104,0.786,1.104,1.0,2.258919437555397e-16,drift,399,2.675,3871,hst,1,4.546,native,0,0.0,0.5
bcspwr10,5300,21842,8,0.25,19,False,400,256,0.097611,0.090741,0.516052,0.176,0.189,1.0,0.113207,0.09716,1.005,0.934,10696,0.090741,hst,0.862,1.076,0.802,1.076,1.0,1.7612178424677689e-16,drift,399,5.403,3950,hst,1,4.828,relabelled,101,2.388093804857165e-16,0.5
bcspwr10,5300,21842,8,0.25,20,False,400,256,0.098675,0.088304,0.450151,0.196,0.219,1.0,0.112957,0.097225,1.015,0.908,3153,0.088304,hst,0.874,1.117,0.782,1.117,1.0,1.5260920413345594e-16,drift,399,3.996,3816,hst,1,4.571,native,0,0.0,0.5
bcspwr10,5300,21842,8,0.25,20,False,400,256,0.100593,0.089284,0.520917,0.171,0.193,1.0,0.114423,0.098302,1.023,0.908,2084,0.089284,hst,0.879,1.127,0.78,1.127,1.0,1.1217787160679448e-16,drift,399,4.828,4071,hst,1,4.776,relabelled,101,1.6661188518380717e-16,0.5
bcspwr10,5300,21842,8,0.25,21,False,400,256,0.096417,0.088377,0.450358,0.196,0.214,1.0,0.111742,0.096241,1.002,0.918,26038,0.088377,hst,0.863,1.091,0.791,1.091,1.0,3.1586084160755566e-16,drift,399,1.681,3686,hst,1,4.577,native,0,0.0,0.5
bcspwr10,5300,21842,8,0.25,21,False,400,256,0.098151,0.090942,0.515855,0.176,0.19,1.0,0.119199,0.103618,0.947,0.878,,0.090942,hst,0.823,1.079,0.763,1.079,1.0,1.5144730734856298e-16,drift,399,5.687,3989,delta_baseline,0,4.873,relabelled,101,9.992226945005398e-17,0.5
scircuit,170998,958936,8,0.0,17,False,400,256,0.016439,0.049304,0.038063,1.295,0.432,1.0,0.019332,0.018631,0.882,0.882,,0.016439,delta_baseline,0.85,1.0,0.85,1.0,2.999,2.6050372849850016e-16,drift,0,1.0,1855,delta_baseline,0,0.0,native,0,0.0,0.5
scircuit,170998,958936,8,0.0,17,False,400,256,0.017272,0.126777,0.106117,1.195,0.163,1.0,0.020231,0.019452,0.888,0.888,,0.017272,delta_baseline,0.854,1.0,0.854,1.0,7.34,3.260394254609656e-16,drift,0,1.0,10275,delta_baseline,0,0.0,relabelled,101,4.4129975916018005e-16,0.5
scircuit,170998,958936,8,0.0,18,False,400,256,0.013838,0.037759,0.028976,1.303,0.478,1.0,0.016812,0.016306,0.849,0.849,,0.013838,delta_baseline,0.823,1.0,0.823,1.0,2.729,2.0386846321125864e-16,drift,0,1.0,774,delta_baseline,0,0.0,native,0,0.0,0.5
scircuit,170998,958936,8,0.0,18,False,400,256,0.014837,0.113365,0.099385,1.141,0.149,1.0,0.017877,0.017325,0.856,0.856,,0.014837,delta_baseline,0.83,1.0,0.83,1.0,7.64,1.2228875361798988e-16,drift,0,1.0,9854,delta_baseline,0,0.0,relabelled,101,1.5510620711849394e-16,0.5
scircuit,170998,958936,8,0.0,19,False,400,256,0.018707,0.071788,0.054997,1.305,0.34,1.0,0.021874,0.021115,0.886,0.886,,0.018707,delta_baseline,0.855,1.0,0.855,1.0,3.838,1.8803246323926756e-16,drift,0,1.0,3169,delta_baseline,0,0.0,native,0,0.0,0.5
scircuit,170998,958936,8,0.0,19,False,400,256,0.020823,0.125123,0.113196,1.105,0.184,1.0,0.024696,0.023666,0.88,0.88,,0.020823,delta_baseline,0.843,1.0,0.843,1.0,6.009,3.667818709521918e-16,drift,0,1.0,10827,delta_baseline,0,0.0,relabelled,101,1.737027312140004e-16,0.5
scircuit,170998,958936,8,0.0,20,False,400,256,0.01396,0.038267,0.029449,1.299,0.474,1.0,0.017777,0.017232,0.81,0.81,,0.01396,delta_baseline,0.785,1.0,0.785,1.0,2.741,2.757259758035496e-16,drift,0,1.0,772,delta_baseline,0,0.0,native,0,0.0,0.5
scircuit,170998,958936,8,0.0,20,False,400,256,0.014657,0.115894,0.100045,1.158,0.147,1.0,0.017756,0.017151,0.855,0.855,,0.014657,delta_baseline,0.825,1.0,0.825,1.0,7.907,1.0110544173661334e-16,drift,0,1.0,9795,delta_baseline,0,0.0,relabelled,101,1.2110699221203131e-16,0.5
scircuit,170998,958936,8,0.0,21,False,400,256,0.02122,0.061268,0.048202,1.271,0.44,1.0,0.023749,0.022886,0.927,0.927,,0.02122,delta_baseline,0.894,1.0,0.894,1.0,2.887,5.194813152189734e-16,drift,0,1.0,3198,delta_baseline,0,0.0,native,0,0.0,0.5
scircuit,170998,958936,8,0.0,21,False,400,256,0.023319,0.124572,0.108387,1.149,0.215,1.0,0.025656,0.024763,0.942,0.942,,0.023319,delta_baseline,0.909,1.0,0.909,1.0,5.342,4.471553416081914e-16,drift,0,1.0,10956,delta_baseline,0,0.0,relabelled,101,3.539511253370318e-16,0.5
scircuit,170998,958936,8,0.002,17,False,400,256,0.169905,0.113798,0.052229,2.179,3.253,2.179,0.157565,0.08171,2.079,1.393,278,0.113798,hst,1.078,1.493,0.722,1.493,1.0,2.6050372849850016e-16,drift,88,2.857,2060,hst,1,24.478,native,0,0.0,0.5
scircuit,170998,958936,8,0.002,17,False,400,256,0.193511,0.241281,0.284131,0.849,0.681,1.0,0.299038,0.210948,0.917,0.917,,0.193511,delta_baseline,0.647,1.0,0.647,1.0,1.247,3.260394254609656e-16,drift,390,8.51,10565,delta_baseline,0,33.72,relabelled,101,4.4129975916018005e-16,0.5
scircuit,170998,958936,8,0.002,18,False,400,256,0.117032,0.046847,0.035442,1.322,3.302,1.322,0.138922,0.060557,1.933,0.774,512,0.046847,hst,0.842,2.498,0.337,2.498,1.0,2.0386846321125864e-16,drift,39,1.85,883,hst,1,28.901,native,0,0.0,0.5
scircuit,170998,958936,8,0.002,18,False,400,256,0.131461,0.181557,0.2695,0.674,0.488,1.0,0.228054,0.145361,0.904,0.904,,0.131461,delta_baseline,0.576,1.0,0.576,1.0,1.381,1.2228875361798988e-16,drift,396,8.664,10112,delta_baseline,0,32.864,relabelled,101,1.5510620711849394e-16,0.5
scircuit,170998,958936,8,0.002,19,False,400,256,0.207709,0.099118,0.088311,1.122,2.352,1.122,0.202118,0.116038,1.79,0.854,331,0.099118,hst,1.028,2.096,0.49,2.096,1.0,1.8803246323926756e-16,drift,179,3.16,3062,hst,1,30.371,native,0,0.0,0.5
scircuit,170998,958936,8,0.002,19,False,400,256,0.242534,0.227129,0.295924,0.768,0.82,1.0,0.299407,0.210705,1.151,1.078,1058,0.227129,hst,0.81,1.068,0.759,1.068,1.0,3.667818709521918e-16,drift,396,1.322,10638,hst,1,33.67,relabelled,101,1.737027312140004e-16,0.5
scircuit,170998,958936,8,0.002,20,False,400,256,0.113184,0.052269,0.038479,1.358,2.941,1.358,0.14098,0.067105,1.687,0.779,621,0.052269,hst,0.803,2.165,0.371,2.165,1.0,2.757259758035496e-16,drift,59,2.158,852,hst,1,28.614,native,0,0.0,0.5
scircuit,170998,958936,8,0.002,20,False,400,256,0.127664,0.186061,0.269786,0.69,0.473,1.0,0.225254,0.145814,0.876,0.876,,0.127664,delta_baseline,0.567,1.0,0.567,1.0,1.457,1.0110544173661334e-16,drift,391,8.561,10150,delta_baseline,0,32.897,relabelled,101,1.2110699221203131e-16,0.5
scircuit,170998,958936,8,0.002,21,False,400,256,0.215214,0.081804,0.073097,1.119,2.944,1.119,0.1837,0.097188,2.214,0.842,254,0.081804,hst,1.172,2.631,0.445,2.631,1.0,5.194813152189734e-16,drift,133,3.667,3062,hst,1,30.01,native,0,0.0,0.5
scircuit,170998,958936,8,0.002,21,False,400,256,0.243486,0.197447,0.301597,0.655,0.807,1.0,0.303776,0.214158,1.137,0.922,1162,0.197447,hst,0.802,1.233,0.65,1.233,1.0,4.471553416081914e-16,drift,393,8.47,11003,hst,1,34.072,relabelled,101,3.539511253370318e-16,0.5
scircuit,170998,958936,8,0.01,17,False,400,256,0.200773,0.095638,0.088392,1.082,2.271,1.082,0.194024,0.111639,1.798,0.857,334,0.095638,hst,1.035,2.099,0.493,2.099,1.0,2.6050372849850016e-16,drift,243,4.624,2959,hst,1,29.746,native,0,0.0,0.5
scircuit,170998,958936,8,0.01,17,False,400,256,0.228928,0.20433,0.353294,0.578,0.648,1.0,0.33259,0.247911,0.923,0.824,,0.20433,hst,0.688,1.12,0.614,1.12,1.0,3.260394254609656e-16,drift,399,7.967,10669,delta_baseline,0,34.362,relabelled,101,4.4129975916018005e-16,0.5
scircuit,170998,958936,8,0.01,18,False,400,256,0.120803,0.064125,0.050517,1.269,2.391,1.269,0.157412,0.07919,1.525,0.81,699,0.064125,hst,0.767,1.884,0.407,1.884,1.0,2.0386846321125864e-16,drift,160,3.349,954,hst,1,29.106,native,0,0.0,0.5
scircuit,170998,958936,8,0.01,18,False,400,256,0.135468,0.192502,0.319665,0.602,0.424,1.0,0.233191,0.149723,0.905,0.905,,0.135468,delta_baseline,0.581,1.0,0.581,1.0,1.421,1.2228875361798988e-16,drift,399,1.557,9964,delta_baseline,0,33.099,relabelled,101,1.5510620711849394e-16,0.5
scircuit,170998,958936,8,0.01,19,False,400,256,0.220106,0.122919,0.138328,0.889,1.591,1.0,0.223817,0.138842,1.585,0.885,375,0.122919,hst,0.983,1.791,0.549,1.791,1.0,1.8803246323926756e-16,drift,348,3.357,3211,hst,1,30.479,native,0,0.0,0.5
scircuit,170998,958936,8,0.01,19,False,400,256,0.247869,0.20837,0.358084,0.582,0.692,1.0,0.313266,0.224506,1.104,0.928,1463,0.20837,hst,0.791,1.19,0.665,1.19,1.0,3.667818709521918e-16,drift,399,8.202,11117,hst,1,34.188,relabelled,101,1.737027312140004e-16,0.5
scircuit,170998,958936,8,0.01,20,False,400,256,0.120273,0.069391,0.054377,1.276,2.212,1.276,0.163634,0.08545,1.408,0.812,846,0.069391,hst,0.735,1.733,0.424,1.733,1.0,2.757259758035496e-16,drift,190,3.612,1048,hst,1,29.463,native,0,0.0,0.5
scircuit,170998,958936,8,0.01,20,False,400,256,0.132206,0.194653,0.317417,0.613,0.417,1.0,0.230155,0.146106,0.905,0.905,,0.132206,delta_baseline,0.574,1.0,0.574,1.0,1.472,1.0110544173661334e-16,drift,399,8.526,10091,delta_baseline,0,33.164,relabelled,101,1.2110699221203131e-16,0.5
scircuit,170998,958936,8,0.01,21,False,400,256,0.220547,0.10986,0.1183,0.929,1.864,1.0,0.214458,0.127447,1.731,0.862,328,0.10986,hst,1.028,2.008,0.512,2.008,1.0,5.194813152189734e-16,drift,302,4.866,3224,hst,1,30.535,native,0,0.0,0.5
scircuit,170998,958936,8,0.01,21,False,400,256,0.252046,0.209763,0.358321,0.585,0.703,1.0,0.313615,0.223521,1.128,0.938,1196,0.209763,hst,0.804,1.202,0.669,1.202,1.0,4.471553416081914e-16,drift,399,9.043,11050,hst,1,34.11,relabelled,101,3.539511253370318e-16,0.5
scircuit,170998,958936,8,0.05,17,False,400,256,0.230734,0.137707,0.216379,0.636,1.066,1.0,0.233546,0.154077,1.498,0.894,392,0.137707,hst,0.988,1.676,0.59,1.676,1.0,2.6050372849850016e-16,drift,396,5.367,5093,hst,1,30.038,native,0,0.0,0.5
scircuit,170998,958936,8,0.05,17,False,400,256,0.263675,0.240628,0.591948,0.407,0.445,1.0,0.366485,0.284504,0.927,0.846,,0.240628,hst,0.719,1.096,0.657,1.096,1.0,3.260394254609656e-16,drift,399,8.67,11596,delta_baseline,0,34.834,relabelled,101,4.4129975916018005e-16,0.5
scircuit,170998,958936,8,0.05,18,False,400,256,0.129013,0.092559,0.092661,0.999,1.392,1.0,0.188009,0.110363,1.169,0.839,1601,0.092559,hst,0.686,1.394,0.492,1.394,1.0,2.0386846321125864e-16,drift,380,2.726,1275,hst,1,29.849,native,0,0.0,0.5
scircuit,170998,958936,8,0.05,18,False,400,256,0.144183,0.217567,0.52896,0.411,0.273,1.0,0.24423,0.158996,0.907,0.907,,0.144183,delta_baseline,0.59,1.0,0.59,1.0,1.509,1.2228875361798988e-16,drift,399,1.494,10161,delta_baseline,0,33.959,relabelled,101,1.5510620711849394e-16,0.5
scircuit,170998,958936,8,0.05,19,False,400,256,0.218607,0.142269,0.218201,0.652,1.002,1.0,0.237476,0.151896,1.439,0.937,469,0.142269,hst,0.921,1.537,0.599,1.537,1.0,1.8803246323926756e-16,drift,399,4.662,3418,hst,1,31.276,native,0,0.0,0.5
scircuit,170998,958936,8,0.05,19,False,400,256,0.253384,0.239759,0.568514,0.422,0.446,1.0,0.348223,0.260536,0.973,0.92,,0.239759,hst,0.728,1.057,0.689,1.057,1.0,3.667818709521918e-16,drift,399,8.446,11119,delta_baseline,0,34.77,relabelled,101,1.737027312140004e-16,0.5
scircuit,170998,958936,8,0.05,20,False,400,256,0.128511,0.091557,0.088554,1.034,1.451,1.034,0.185587,0.108903,1.18,0.841,1515,0.091557,hst,0.692,1.404,0.493,1.404,1.0,2.757259758035496e-16,drift,375,2.948,1325,hst,1,29.698,native,0,0.0,0.5
scircuit,170998,958936,8,0.05,20,False,400,256,0.143601,0.211481,0.510989,0.414,0.281,1.0,0.244432,0.158896,0.904,0.904,,0.143601,delta_baseline,0.587,1.0,0.587,1.0,1.473,1.0110544173661334e-16,drift,399,7.435,10089,delta_baseline,0,34.243,relabelled,101,1.2110699221203131e-16,0.5
scircuit,170998,958936,8,0.05,21,False,400,256,0.238813,0.151993,0.266903,0.569,0.895,1.0,0.253922,0.167675,1.424,0.906,440,0.151993,hst,0.941,1.571,0.599,1.571,1.0,5.194813152189734e-16,drift,399,5.604,7131,hst,1,31.328,native,0,0.0,0.5
scircuit,170998,958936,8,0.05,21,False,400,256,0.27386,0.249837,0.598011,0.418,0.458,1.0,0.345115,0.253267,1.081,0.986,1709,0.249837,hst,0.794,1.096,0.724,1.096,1.0,4.471553416081914e-16,drift,399,2.54,11366,hst,1,35.195,relabelled,101,3.539511253370318e-16,0.5
scircuit,170998,958936,8,0.25,17,False,400,256,0.23406,0.165349,0.506069,0.327,0.463,1.0,0.264368,0.18052,1.297,0.916,590,0.165349,hst,0.885,1.416,0.625,1.416,1.0,2.6050372849850016e-16,drift,399,3.178,4736,hst,1,31.609,native,0,0.0,0.5
scircuit,170998,958936,8,0.25,17,False,400,256,0.27007,0.305975,1.604234,0.191,0.168,1.0,0.375686,0.287407,0.94,0.94,,0.27007,delta_baseline,0.719,1.0,0.719,1.0,1.133,3.260394254609656e-16,drift,399,8.453,11491,delta_baseline,0,35.857,relabelled,101,4.4129975916018005e-16,0.5
scircuit,170998,958936,8,0.25,18,False,400,256,0.160934,0.115869,0.222472,0.521,0.723,1.0,0.210454,0.133632,1.204,0.867,1101,0.115869,hst,0.765,1.389,0.551,1.389,1.0,2.0386846321125864e-16,drift,399,1.744,2823,hst,1,30.055,native,0,0.0,0.5
scircuit,170998,958936,8,0.25,18,False,400,256,0.193076,0.266939,1.292034,0.207,0.149,1.0,0.285012,0.201314,0.959,0.959,,0.193076,delta_baseline,0.677,1.0,0.677,1.0,1.383,1.2228875361798988e-16,drift,399,8.894,11248,delta_baseline,0,34.653,relabelled,101,1.5510620711849394e-16,0.5
scircuit,170998,958936,8,0.25,19,False,400,256,0.232215,0.158439,0.478387,0.331,0.485,1.0,0.259767,0.172074,1.35,0.921,537,0.158439,hst,0.894,1.466,0.61,1.466,1.0,1.8803246323926756e-16,drift,399,3.197,3728,hst,1,32.276,native,0,0.0,0.5
scircuit,170998,958936,8,0.25,19,False,400,256,0.261533,0.294559,1.567997,0.188,0.167,1.0,0.367919,0.276088,0.947,0.947,,0.261533,delta_baseline,0.711,1.0,0.711,1.0,1.126,3.667818709521918e-16,drift,399,8.492,10763,delta_baseline,0,36.368,relabelled,101,1.737027312140004e-16,0.5
scircuit,170998,958936,8,0.25,20,False,400,256,0.152491,0.113412,0.215282,0.527,0.708,1.0,0.208754,0.130425,1.169,0.87,1380,0.113412,hst,0.73,1.345,0.543,1.345,1.0,2.757259758035496e-16,drift,399,3.948,2775,hst,1,30.441,native,0,0.0,0.5
scircuit,170998,958936,8,0.25,20,False,400,256,0.173169,0.262142,1.290601,0.203,0.134,1.0,0.274989,0.190111,0.911,0.911,,0.173169,delta_baseline,0.63,1.0,0.63,1.0,1.514,1.0110544173661334e-16,drift,399,8.096,10975,delta_baseline,0,35.022,relabelled,101,1.2110699221203131e-16,0.5
scircuit,170998,958936,8,0.25,21,False,400,256,0.236034,0.181261,0.5086,0.356,0.464,1.0,0.268531,0.180873,1.305,1.002,582,0.181261,hst,0.879,1.302,0.675,1.302,1.0,5.194813152189734e-16,drift,399,3.494,4980,hst,1,32.108,native,0,0.0,0.5
scircuit,170998,958936,8,0.25,21,False,400,256,0.269439,0.287696,1.602578,0.18,0.168,1.0,0.381923,0.290506,0.927,0.927,,0.269439,delta_baseline,0.705,1.0,0.705,1.0,1.068,4.471553416081914e-16,drift,399,3.358,11227,delta_baseline,0,36.712,relabelled,101,3.539511253370318e-16,0.5
memplus,17758,99147,8,0.0,17,False,400,256,0.038422,0.066577,0.058727,1.134,0.654,1.0,0.040692,0.038324,1.003,1.003,0,0.038422,delta_baseline,0.944,1.0,0.944,1.0,1.733,3.582437197197559e-16,drift,0,1.0,8170,delta_baseline,0,0.0,native,0,0.0,0.5
memplus,17758,99147,8,0.0,17,False,400,256,0.046859,0.111251,0.120774,0.921,0.388,1.0,0.050285,0.047099,0.995,0.995,,0.046859,delta_baseline,0.932,1.0,0.932,1.0,2.374,5.854654918076721e-16,drift,0,1.0,10273,delta_baseline,0,0.0,relabelled,101,1.2723874043553374e-15,0.5
memplus,17758,99147,8,0.0,18,False,400,256,0.039545,0.065378,0.059928,1.091,0.66,1.0,0.040989,0.038574,1.025,1.025,0,0.039545,delta_baseline,0.965,1.0,0.965,1.0,1.653,3.582443742956908e-16,drift,0,1.0,8169,delta_baseline,0,0.0,native,0,0.0,0.5
memplus,17758,99147,8,0.0,18,False,400,256,0.046791,0.110003,0.121725,0.904,0.384,1.0,0.049375,0.046193,1.013,1.013,0,0.046791,delta_baseline,0.948,1.0,0.948,1.0,2.351,3.740534390676602e-16,drift,0,1.0,10369,delta_baseline,0,0.0,relabelled,101,5.453098757573454e-16,0.5
memplus,17758,99147,8,0.0,19,False,400,256,0.034763,0.053158,0.049632,1.071,0.7,1.0,0.03678,0.034528,1.007,1.007,0,0.034763,delta_baseline,0.945,1.0,0.945,1.0,1.529,4.41481093913526e-16,drift,0,1.0,7075,delta_baseline,0,0.0,native,0,0.0,0.5
memplus,17758,99147,8,0.0,19,False,400,256,0.043587,0.10431,0.116178,0.898,0.375,1.0,0.045851,0.043058,1.012,1.012,0,0.043587,delta_baseline,0.951,1.0,0.951,1.0,2.393,3.0631221562170383e-16,drift,0,1.0,9757,delta_baseline,0,0.0,relabelled,101,1.7833267589449312e-16,0.5
memplus,17758,99147,8,0.0,20,False,400,256,0.038661,0.065868,0.058192,1.132,0.664,1.0,0.040479,0.038037,1.016,1.016,0,0.038661,delta_baseline,0.955,1.0,0.955,1.0,1.704,3.582437197197559e-16,drift,0,1.0,8190,delta_baseline,0,0.0,native,0,0.0,0.5
memplus,17758,99147,8,0.0,20,False,400,256,0.047935,0.113132,0.119254,0.949,0.402,1.0,0.049246,0.046323,1.035,1.035,0,0.047935,delta_baseline,0.973,1.0,0.973,1.0,2.36,2.3036009897389247e-16,drift,0,1.0,10230,delta_baseline,0,0.0,relabelled,101,5.453088875808589e-16,0.5
memplus,17758,99147,8,0.0,21,False,400,256,0.039236,0.064215,0.058718,1.094,0.668,1.0,0.040417,0.037999,1.033,1.033,0,0.039236,delta_baseline,0.971,1.0,0.971,1.0,1.637,3.582437197197559e-16,drift,0,1.0,8145,delta_baseline,0,0.0,native,0,0.0,0.5
memplus,17758,99147,8,0.0,21,False,400,256,0.048168,0.10759,0.12067,0.892,0.399,1.0,0.049342,0.046435,1.037,1.037,0,0.048168,delta_baseline,0.976,1.0,0.976,1.0,2.234,7.335666114863471e-16,drift,0,1.0,10323,delta_baseline,0,0.0,relabelled,101,7.270785167744785e-16,0.5
memplus,17758,99147,8,0.002,17,False,400,256,0.761781,0.084677,0.08365,1.012,9.107,1.012,0.10597,0.086906,8.766,0.974,2,0.084677,hst,7.189,8.996,0.799,8.996,1.0,3.582437197197559e-16,drift,119,2.125,8284,hst,1,1.237,native,0,0.0,0.5
memplus,17758,99147,8,0.002,17,False,400,256,0.905403,0.146809,0.307764,0.477,2.942,1.0,0.173835,0.150493,6.016,0.976,2,0.146809,hst,5.208,6.167,0.845,6.167,1.0,5.854654918076721e-16,drift,386,4.4,10213,hst,1,1.811,relabelled,101,1.2723874043553374e-15,0.5
memplus,17758,99147,8,0.002,18,False,400,256,0.773709,0.08348,0.084103,0.993,9.2,1.0,0.106526,0.086834,8.91,0.961,2,0.08348,hst,7.263,9.268,0.784,9.268,1.0,3.582443742956908e-16,drift,111,1.907,8314,hst,1,1.262,native,0,0.0,0.5
memplus,17758,99147,8,0.002,18,False,400,256,0.919752,0.148549,0.310432,0.479,2.963,1.0,0.178569,0.154435,5.956,0.962,3,0.148549,hst,5.151,6.192,0.832,6.192,1.0,3.740534390676602e-16,drift,382,4.336,10497,hst,1,1.95,relabelled,101,5.453098757573454e-16,0.5
memplus,17758,99147,8,0.002,19,False,400,256,0.849461,0.078235,0.079173,0.988,10.729,1.0,0.100474,0.083025,10.231,0.942,1,0.078235,hst,8.455,10.858,0.779,10.858,1.0,4.41481093913526e-16,drift,116,2.098,8458,hst,1,1.13,native,0,0.0,0.5
memplus,17758,99147,8,0.002,19,False,400,256,0.994304,0.15005,0.30722,0.488,3.236,1.0,0.177972,0.156906,6.337,0.956,2,0.15005,hst,5.587,6.626,0.843,6.626,1.0,3.0631221562170383e-16,drift,366,3.725,10580,hst,1,1.82,relabelled,101,1.7833267589449312e-16,0.5
memplus,17758,99147,8,0.002,20,False,400,256,0.779618,0.08579,0.085255,1.006,9.145,1.006,0.107544,0.088452,8.814,0.97,2,0.08579,hst,7.249,9.088,0.798,9.088,1.0,3.582437197197559e-16,drift,121,2.018,8770,hst,1,1.217,native,0,0.0,0.5
memplus,17758,99147,8,0.002,20,False,400,256,0.925476,0.147832,0.305788,0.483,3.027,1.0,0.174903,0.151712,6.1,0.974,2,0.147832,hst,5.291,6.26,0.845,6.26,1.0,2.3036009897389247e-16,drift,373,4.007,10374,hst,1,1.908,relabelled,101,5.453088875808589e-16,0.5
memplus,17758,99147,8,0.002,21,False,400,256,0.827236,0.085528,0.082479,1.037,10.03,1.037,0.12783,0.088306,9.368,0.969,12,0.085528,hst,6.471,9.672,0.669,9.672,1.0,3.582437197197559e-16,drift,111,1.772,8843,hst,1,9.212,native,0,0.0,0.5
memplus,17758,99147,8,0.002,21,False,400,256,0.975064,0.153982,0.310504,0.496,3.14,1.0,0.180319,0.157541,6.189,0.977,2,0.153982,hst,5.407,6.332,0.854,6.332,1.0,7.335666114863471e-16,drift,382,3.788,10681,hst,1,1.917,relabelled,101,7.270785167744785e-16,0.5
memplus,17758,99147,8,0.01,17,False,400,256,0.79346,0.094597,0.110529,0.856,7.179,1.0,0.118637,0.099562,7.97,0.95,2,0.094597,hst,6.688,8.388,0.797,8.388,1.0,3.582437197197559e-16,drift,250,2.629,8167,hst,1,1.323,native,0,0.0,0.5
memplus,17758,99147,8,0.01,17,False,400,256,0.943477,0.155084,0.404058,0.384,2.335,1.0,0.18324,0.160511,5.878,0.966,2,0.155084,hst,5.149,6.084,0.846,6.084,1.0,5.854654918076721e-16,drift,398,4.532,10309,hst,1,1.904,relabelled,101,1.2723874043553374e-15,0.5
memplus,17758,99147,8,0.01,18,False,400,256,0.823861,0.098231,0.114354,0.859,7.204,1.0,0.122252,0.103428,7.966,0.95,2,0.098231,hst,6.739,8.387,0.804,8.387,1.0,3.582443742956908e-16,drift,274,2.654,8270,hst,1,1.293,native,0,0.0,0.5
memplus,17758,99147,8,0.01,18,False,400,256,0.975358,0.154315,0.407309,0.379,2.395,1.0,0.184462,0.161083,6.055,0.958,2,0.154315,hst,5.288,6.321,0.837,6.321,1.0,3.740534390676602e-16,drift,399,4.542,10250,hst,1,1.896,relabelled,101,5.453098757573454e-16,0.5
memplus,17758,99147,8,0.01,19,False,400,256,0.853803,0.090529,0.105271,0.86,8.111,1.0,0.114295,0.097289,8.776,0.931,2,0.090529,hst,7.47,9.431,0.792,9.431,1.0,4.41481093913526e-16,drift,254,2.934,7870,hst,1,1.165,native,0,0.0,0.5
memplus,17758,99147,8,0.01,19,False,400,256,1.002108,0.154416,0.406769,0.38,2.464,1.0,0.18328,0.160699,6.236,0.961,2,0.154416,hst,5.468,6.49,0.843,6.49,1.0,3.0631221562170383e-16,drift,399,4.157,10406,hst,1,1.826,relabelled,101,1.7833267589449312e-16,0.5
memplus,17758,99147,8,0.01,20,False,400,256,0.831053,0.095514,0.111126,0.86,7.478,1.0,0.119546,0.100546,8.265,0.95,2,0.095514,hst,6.952,8.701,0.799,8.701,1.0,3.582437197197559e-16,drift,259,2.895,8049,hst,1,1.294,native,0,0.0,0.5
memplus,17758,99147,8,0.01,20,False,400,256,0.986245,0.15649,0.401735,0.39,2.455,1.0,0.18585,0.162388,6.073,0.964,2,0.15649,hst,5.307,6.302,0.842,6.302,1.0,2.3036009897389247e-16,drift,399,4.201,10716,hst,1,1.939,relabelled,101,5.453088875808589e-16,0.5
memplus,17758,99147,8,0.01,21,False,400,256,0.838029,0.095191,0.112058,0.849,7.479,1.0,0.120702,0.102105,8.208,0.932,2,0.095191,hst,6.943,8.804,0.789,8.804,1.0,3.582437197197559e-16,drift,264,2.73,8266,hst,1,1.255,native,0,0.0,0.5
memplus,17758,99147,8,0.01,21,False,400,256,0.990059,0.155943,0.409687,0.381,2.417,1.0,0.184623,0.160647,6.163,0.971,2,0.155943,hst,5.363,6.349,0.845,6.349,1.0,7.335666114863471e-16,drift,397,4.157,10595,hst,1,1.948,relabelled,101,7.270785167744785e-16,0.5
memplus,17758,99147,8,0.05,17,False,400,256,0.82319,0.10963,0.176522,0.621,4.663,1.0,0.132502,0.114597,7.183,0.957,2,0.10963,hst,6.213,7.509,0.827,7.509,1.0,3.582437197197559e-16,drift,392,3.276,8396,hst,1,1.312,native,0,0.0,0.5
memplus,17758,99147,8,0.05,17,False,400,256,0.973166,0.167482,0.683309,0.245,1.424,1.0,0.196218,0.173835,5.598,0.963,3,0.167482,hst,4.96,5.811,0.854,5.811,1.0,5.854654918076721e-16,drift,399,5.548,10318,hst,1,2.104,relabelled,101,1.2723874043553374e-15,0.5
memplus,17758,99147,8,0.05,18,False,400,256,0.826464,0.110024,0.188611,0.583,4.382,1.0,0.135579,0.115751,7.14,0.951,2,0.110024,hst,6.096,7.512,0.812,7.512,1.0,3.582443742956908e-16,drift,393,3.719,8364,hst,1,1.356,native,0,0.0,0.5
memplus,17758,99147,8,0.05,18,False,400,256,0.975457,0.168104,0.693314,0.242,1.407,1.0,0.196763,0.173628,5.618,0.968,3,0.168104,hst,4.958,5.803,0.854,5.803,1.0,3.740534390676602e-16,drift,399,1.89,10619,hst,1,2.078,relabelled,101,5.453098757573454e-16,0.5
memplus,17758,99147,8,0.05,19,False,400,256,0.853335,0.110557,0.176249,0.627,4.842,1.0,0.13434,0.117204,7.281,0.943,2,0.110557,hst,6.352,7.719,0.823,7.719,1.0,4.41481093913526e-16,drift,390,3.617,8213,hst,1,1.199,native,0,0.0,0.5
memplus,17758,99147,8,0.05,19,False,400,256,1.003989,0.170188,0.705677,0.241,1.423,1.0,0.19828,0.170616,5.884,0.997,3,0.170188,hst,5.063,5.899,0.858,5.899,1.0,3.0631221562170383e-16,drift,399,1.648,10489,hst,1,2.771,relabelled,101,1.7833267589449312e-16,0.5
memplus,17758,99147,8,0.05,20,False,400,256,0.892771,0.123562,0.229627,0.538,3.888,1.0,0.14716,0.128625,6.941,0.961,2,0.123562,hst,6.067,7.225,0.84,7.225,1.0,3.582437197197559e-16,drift,397,1.595,9104,hst,1,1.311,native,0,0.0,0.5
memplus,17758,99147,8,0.05,20,False,400,256,1.051989,0.175295,0.732973,0.239,1.435,1.0,0.200559,0.177786,5.917,0.986,2,0.175295,hst,5.245,6.001,0.874,6.001,1.0,2.3036009897389247e-16,drift,399,3.377,10636,hst,1,2.085,relabelled,101,5.453088875808589e-16,0.5
memplus,17758,99147,8,0.05,21,False,400,256,0.847787,0.109942,0.181757,0.605,4.664,1.0,0.13469,0.115644,7.331,0.951,2,0.109942,hst,6.294,7.711,0.816,7.711,1.0,3.582437197197559e-16,drift,396,3.885,8378,hst,1,1.341,native,0,0.0,0.5
memplus,17758,99147,8,0.05,21,False,400,256,0.998987,0.167034,0.693264,0.241,1.441,1.0,0.198493,0.174617,5.721,0.957,2,0.167034,hst,5.033,5.981,0.842,5.981,1.0,7.335666114863471e-16,drift,399,2.596,10416,hst,1,2.054,relabelled,101,7.270785167744785e-16,0.5
memplus,17758,99147,8,0.25,17,False,400,256,0.808784,0.124369,0.361002,0.345,2.24,1.0,0.144512,0.126556,6.391,0.983,2,0.124369,hst,5.597,6.503,0.861,6.503,1.0,3.582437197197559e-16,drift,399,3.41,9493,hst,1,1.38,native,0,0.0,0.5
memplus,17758,99147,8,0.25,17,False,400,256,0.951147,0.185996,1.741615,0.107,0.546,1.0,0.211712,0.190723,4.987,0.975,3,0.185996,hst,4.493,5.114,0.879,5.114,1.0,5.854654918076721e-16,drift,399,1.902,10079,hst,1,1.948,relabelled,101,1.2723874043553374e-15,0.5
memplus,17758,99147,8,0.25,18,False,400,256,0.82054,0.128248,0.421999,0.304,1.944,1.0,0.150811,0.132571,6.189,0.967,2,0.128248,hst,5.441,6.398,0.85,6.398,1.0,3.582443742956908e-16,drift,399,3.6,9240,hst,1,1.353,native,0,0.0,0.5
memplus,17758,99147,8,0.25,18,False,400,256,0.963888,0.184783,1.786089,0.103,0.54,1.0,0.211706,0.190159,5.069,0.972,3,0.184783,hst,4.553,5.216,0.873,5.216,1.0,3.740534390676602e-16,drift,399,1.877,10252,hst,1,1.971,relabelled,101,5.453098757573454e-16,0.5
memplus,17758,99147,8,0.25,19,False,400,256,0.817721,0.12521,0.411347,0.304,1.988,1.0,0.147704,0.131807,6.204,0.95,2,0.12521,hst,5.536,6.531,0.848,6.531,1.0,4.41481093913526e-16,drift,399,2.256,8983,hst,1,1.288,native,0,0.0,0.5
memplus,17758,99147,8,0.25,19,False,400,256,0.96743,0.181406,1.778568,0.102,0.544,1.0,0.205201,0.186001,5.201,0.975,2,0.181406,hst,4.715,5.333,0.884,5.333,1.0,3.0631221562170383e-16,drift,399,1.973,10294,hst,1,1.812,relabelled,101,1.7833267589449312e-16,0.5
memplus,17758,99147,8,0.25,20,False,400,256,0.80892,0.118845,0.354471,0.335,2.282,1.0,0.143262,0.125113,6.466,0.95,2,0.118845,hst,5.646,6.806,0.83,6.806,1.0,3.582437197197559e-16,drift,399,2.551,9009,hst,1,1.329,native,0,0.0,0.5
memplus,17758,99147,8,0.25,20,False,400,256,0.952567,0.182819,1.742357,0.105,0.547,1.0,0.210952,0.189627,5.023,0.964,3,0.182819,hst,4.516,5.21,0.867,5.21,1.0,2.3036009897389247e-16,drift,399,1.0,10188,hst,1,1.962,relabelled,101,5.453088875808589e-16,0.5
memplus,17758,99147,8,0.25,21,False,400,256,0.81078,0.122552,0.364652,0.336,2.223,1.0,0.145969,0.128682,6.301,0.952,2,0.122552,hst,5.554,6.616,0.84,6.616,1.0,3.582437197197559e-16,drift,399,2.154,8111,hst,1,1.279,native,0,0.0,0.5
memplus,17758,99147,8,0.25,21,False,400,256,0.953385,0.184273,1.748176,0.105,0.545,1.0,0.208705,0.187916,5.073,0.981,3,0.184273,hst,4.568,5.174,0.883,5.174,1.0,7.335666114863471e-16,drift,399,5.622,10211,hst,1,1.954,relabelled,101,7.270785167744785e-16,0.5
add32,4960,19848,8,0.0,17,False,400,256,0.006344,0.017505,0.015564,1.125,0.408,1.0,0.007209,0.006901,0.919,0.919,,0.006344,delta_baseline,0.88,1.0,0.88,1.0,2.759,1.834572946307244e-16,drift,0,1.0,595,delta_baseline,0,0.0,native,0,0.0,0.5
add32,4960,19848,8,0.0,17,False,400,256,0.006516,0.042014,0.034504,1.218,0.189,1.0,0.007807,0.007453,0.874,0.874,,0.006516,delta_baseline,0.835,1.0,0.835,1.0,6.448,3.10911987354379e-16,drift,0,1.0,3708,delta_baseline,0,0.0,relabelled,101,1.176177431293989e-16,0.5
add32,4960,19848,8,0.0,18,False,400,256,0.006033,0.017029,0.015366,1.108,0.393,1.0,0.007223,0.006936,0.87,0.87,,0.006033,delta_baseline,0.835,1.0,0.835,1.0,2.822,3.8969112366871195e-16,drift,0,1.0,531,delta_baseline,0,0.0,native,0,0.0,0.5
add32,4960,19848,8,0.0,18,False,400,256,0.006728,0.0404,0.033587,1.203,0.2,1.0,0.007779,0.007401,0.909,0.909,,0.006728,delta_baseline,0.865,1.0,0.865,1.0,6.005,2.2330025505589395e-16,drift,0,1.0,3704,delta_baseline,0,0.0,relabelled,101,1.8983475521399884e-16,0.5
add32,4960,19848,8,0.0,19,False,400,256,0.005869,0.015745,0.014092,1.117,0.416,1.0,0.007091,0.006808,0.862,0.862,,0.005869,delta_baseline,0.828,1.0,0.828,1.0,2.683,1.440904858629578e-16,drift,0,1.0,390,delta_baseline,0,0.0,native,0,0.0,0.5
add32,4960,19848,8,0.0,19,False,400,256,0.006548,0.04133,0.033497,1.234,0.195,1.0,0.007397,0.007065,0.927,0.927,,0.006548,delta_baseline,0.885,1.0,0.885,1.0,6.311,1.8504993273850384e-16,drift,0,1.0,3739,delta_baseline,0,0.0,relabelled,101,2.5024841770165224e-16,0.5
add32,4960,19848,8,0.0,20,False,400,256,0.00609,0.016737,0.014981,1.117,0.407,1.0,0.007304,0.007027,0.867,0.867,,0.00609,delta_baseline,0.834,1.0,0.834,1.0,2.748,1.9189147112235067e-16,drift,0,1.0,516,delta_baseline,0,0.0,native,0,0.0,0.5
add32,4960,19848,8,0.0,20,False,400,256,0.006572,0.040567,0.033192,1.222,0.198,1.0,0.007859,0.007498,0.876,0.876,,0.006572,delta_baseline,0.836,1.0,0.836,1.0,6.173,1.158587140713769e-16,drift,0,1.0,3715,delta_baseline,0,0.0,relabelled,101,3.4783246432016896e-16,0.5
add32,4960,19848,8,0.0,21,False,400,256,0.005924,0.016938,0.015161,1.117,0.391,1.0,0.007217,0.006919,0.856,0.856,,0.005924,delta_baseline,0.821,1.0,0.821,1.0,2.859,2.4073268406156015e-16,drift,0,1.0,447,delta_baseline,0,0.0,native,0,0.0,0.5
add32,4960,19848,8,0.0,21,False,400,256,0.006602,0.042513,0.034148,1.245,0.193,1.0,0.007783,0.007409,0.891,0.891,,0.006602,delta_baseline,0.848,1.0,0.848,1.0,6.44,2.3074081954307656e-16,drift,0,1.0,3814,delta_baseline,0,0.0,relabelled,101,3.598287297916507e-16,0.5
add32,4960,19848,8,0.002,17,False,400,256,0.073285,0.019218,0.017004,1.13,4.31,1.13,0.02532,0.020294,3.611,0.947,13,0.019218,hst,2.894,3.813,0.759,3.813,1.0,1.834572946307244e-16,drift,8,1.245,600,hst,1,0.702,native,0,0.0,0.5
add32,4960,19848,8,0.002,17,False,400,256,0.083467,0.071261,0.104912,0.679,0.796,1.0,0.093258,0.07861,1.062,0.907,885,0.071261,hst,0.895,1.171,0.764,1.171,1.0,3.10911987354379e-16,drift,346,3.637,3783,hst,1,4.298,relabelled,101,1.176177431293989e-16,0.5
add32,4960,19848,8,0.002,18,False,400,256,0.072807,0.019219,0.01636,1.175,4.45,1.175,0.026761,0.023203,3.138,0.828,33,0.019219,hst,2.721,3.788,0.718,3.788,1.0,3.8969112366871195e-16,drift,17,1.37,569,hst,1,1.615,native,0,0.0,0.5
add32,4960,19848,8,0.002,18,False,400,256,0.082182,0.069345,0.101679,0.682,0.808,1.0,0.091075,0.076012,1.081,0.912,660,0.069345,hst,0.902,1.185,0.761,1.185,1.0,2.2330025505589395e-16,drift,335,3.781,3693,hst,1,4.07,relabelled,101,1.8983475521399884e-16,0.5
add32,4960,19848,8,0.002,19,False,400,256,0.071296,0.017385,0.015224,1.142,4.683,1.142,0.022564,0.020372,3.5,0.853,15,0.017385,hst,3.16,4.101,0.77,4.101,1.0,1.440904858629578e-16,drift,7,1.367,472,hst,1,0.782,native,0,0.0,0.5
add32,4960,19848,8,0.002,19,False,400,256,0.07964,0.071289,0.106135,0.672,0.75,1.0,0.098356,0.084426,0.943,0.844,,0.071289,hst,0.81,1.117,0.725,1.117,1.0,1.8504993273850384e-16,drift,357,3.806,3675,delta_baseline,0,4.208,relabelled,101,2.5024841770165224e-16,0.5
add32,4960,19848,8,0.002,20,False,400,256,0.07266,0.01875,0.016556,1.133,4.389,1.133,0.027118,0.025367,2.864,0.739,36,0.01875,hst,2.679,3.875,0.691,3.875,1.0,1.9189147112235067e-16,drift,17,1.604,515,hst,1,1.715,native,0,0.0,0.5
add32,4960,19848,8,0.002,20,False,400,256,0.082462,0.069642,0.103202,0.675,0.799,1.0,0.092136,0.077277,1.067,0.901,808,0.069642,hst,0.895,1.184,0.756,1.184,1.0,1.158587140713769e-16,drift,344,3.744,3693,hst,1,4.188,relabelled,101,3.4783246432016896e-16,0.5
add32,4960,19848,8,0.002,21,False,400,256,0.074217,0.019258,0.01629,1.182,4.556,1.182,0.023971,0.020766,3.574,0.927,8,0.019258,hst,3.096,3.854,0.803,3.854,1.0,2.4073268406156015e-16,drift,16,1.633,558,hst,1,0.416,native,0,0.0,0.5
add32,4960,19848,8,0.002,21,False,400,256,0.084093,0.07221,0.105546,0.684,0.797,1.0,0.099552,0.084343,0.997,0.856,,0.07221,hst,0.845,1.165,0.725,1.165,1.0,2.3074081954307656e-16,drift,354,3.631,3803,hst,1,4.278,relabelled,101,3.598287297916507e-16,0.5
add32,4960,19848,8,0.01,17,False,400,256,0.077652,0.022938,0.019822,1.157,3.918,1.157,0.029009,0.025008,3.105,0.917,10,0.022938,hst,2.677,3.385,0.791,3.385,1.0,1.834572946307244e-16,drift,62,2.138,714,hst,1,0.547,native,0,0.0,0.5
add32,4960,19848,8,0.01,17,False,400,256,0.087404,0.077,0.146337,0.526,0.597,1.0,0.09947,0.084292,1.037,0.913,1396,0.077,hst,0.879,1.135,0.774,1.135,1.0,3.10911987354379e-16,drift,397,4.489,3832,hst,1,4.343,relabelled,101,1.176177431293989e-16,0.5
add32,4960,19848,8,0.01,18,False,400,256,0.076965,0.022097,0.019012,1.162,4.048,1.162,0.030798,0.027577,2.791,0.801,35,0.022097,hst,2.499,3.483,0.717,3.483,1.0,3.8969112366871195e-16,drift,54,2.194,653,hst,1,1.72,native,0,0.0,0.5
add32,4960,19848,8,0.01,18,False,400,256,0.086478,0.075558,0.14304,0.528,0.605,1.0,0.101164,0.08467,1.021,0.892,2504,0.075558,hst,0.855,1.145,0.747,1.145,1.0,2.2330025505589395e-16,drift,394,4.468,3794,hst,1,4.528,relabelled,101,1.8983475521399884e-16,0.5
add32,4960,19848,8,0.01,19,False,400,256,0.075272,0.02166,0.01846,1.173,4.078,1.173,0.026635,0.022938,3.282,0.944,9,0.02166,hst,2.826,3.475,0.813,3.475,1.0,1.440904858629578e-16,drift,48,2.119,510,hst,1,0.487,native,0,0.0,0.5
add32,4960,19848,8,0.01,19,False,400,256,0.086478,0.076709,0.143364,0.535,0.603,1.0,0.104706,0.090114,0.96,0.851,,0.076709,hst,0.826,1.127,0.733,1.127,1.0,1.8504993273850384e-16,drift,399,4.482,3693,delta_baseline,0,4.373,relabelled,101,2.5024841770165224e-16,0.5
add32,4960,19848,8,0.01,20,False,400,256,0.07765,0.02264,0.019803,1.143,3.921,1.143,0.039276,0.02656,2.924,0.852,38,0.02264,hst,1.977,3.43,0.576,3.43,1.0,1.9189147112235067e-16,drift,66,2.502,683,hst,1,1.965,native,0,0.0,0.5
add32,4960,19848,8,0.01,20,False,400,256,0.087437,0.076779,0.141101,0.544,0.62,1.0,0.099161,0.083726,1.044,0.917,1158,0.076779,hst,0.882,1.139,0.774,1.139,1.0,1.158587140713769e-16,drift,398,4.554,3687,hst,1,4.297,relabelled,101,3.4783246432016896e-16,0.5
add32,4960,19848,8,0.01,21,False,400,256,0.077691,0.022022,0.019741,1.116,3.935,1.116,0.032423,0.029128,2.667,0.756,46,0.022022,hst,2.396,3.528,0.679,3.528,1.0,2.4073268406156015e-16,drift,50,2.158,632,hst,1,2.23,native,0,0.0,0.5
add32,4960,19848,8,0.01,21,False,400,256,0.088022,0.077214,0.145234,0.532,0.606,1.0,0.100015,0.084408,1.043,0.915,1236,0.077214,hst,0.88,1.14,0.772,1.14,1.0,2.3074081954307656e-16,drift,398,4.195,3753,hst,1,4.468,relabelled,101,3.598287297916507e-16,0.5
add32,4960,19848,8,0.05,17,False,400,256,0.080175,0.03655,0.032635,1.12,2.457,1.12,0.048406,0.045187,1.774,0.809,18,0.03655,hst,1.656,2.194,0.755,2.194,1.0,1.834572946307244e-16,drift,257,2.4,820,hst,1,0.621,native,0,0.0,0.5
add32,4960,19848,8,0.05,17,False,400,256,0.090478,0.083529,0.228485,0.366,0.396,1.0,0.105771,0.090728,0.997,0.921,,0.083529,hst,0.855,1.083,0.79,1.083,1.0,3.10911987354379e-16,drift,399,3.474,3755,hst,1,4.456,relabelled,101,1.176177431293989e-16,0.5
add32,4960,19848,8,0.05,18,False,400,256,0.079796,0.033372,0.029525,1.13,2.703,1.13,0.052305,0.039154,2.038,0.852,58,0.033372,hst,1.526,2.391,0.638,2.391,1.0,3.8969112366871195e-16,drift,228,2.349,834,hst,1,2.348,native,0,0.0,0.5
add32,4960,19848,8,0.05,18,False,400,256,0.089433,0.080686,0.21652,0.373,0.413,1.0,0.103273,0.087688,1.02,0.92,2556,0.080686,hst,0.866,1.108,0.781,1.108,1.0,2.2330025505589395e-16,drift,399,5.827,3662,hst,1,4.46,relabelled,101,1.8983475521399884e-16,0.5
add32,4960,19848,8,0.05,19,False,400,256,0.07843,0.03125,0.026939,1.16,2.911,1.16,0.040704,0.035873,2.186,0.871,19,0.03125,hst,1.927,2.51,0.768,2.51,1.0,1.440904858629578e-16,drift,199,1.432,730,hst,1,0.804,native,0,0.0,0.5
add32,4960,19848,8,0.05,19,False,400,256,0.088478,0.080715,0.220751,0.366,0.401,1.0,0.108354,0.093891,0.942,0.86,,0.080715,hst,0.817,1.096,0.745,1.096,1.0,1.8504993273850384e-16,drift,399,4.145,3776,delta_baseline,0,4.433,relabelled,101,2.5024841770165224e-16,0.5
add32,4960,19848,8,0.05,20,False,400,256,0.081642,0.041296,0.038685,1.067,2.11,1.067,0.052103,0.049419,1.652,0.836,18,0.041296,hst,1.567,1.977,0.793,1.977,1.0,1.9189147112235067e-16,drift,308,3.084,897,hst,1,0.584,native,0,0.0,0.5
add32,4960,19848,8,0.05,20,False,400,256,0.092681,0.082017,0.222408,0.369,0.417,1.0,0.104445,0.089108,1.04,0.92,1238,0.082017,hst,0.887,1.13,0.785,1.13,1.0,1.158587140713769e-16,drift,399,4.899,3796,hst,1,4.424,relabelled,101,3.4783246432016896e-16,0.5
add32,4960,19848,8,0.05,21,False,400,256,0.081474,0.037691,0.034715,1.086,2.347,1.086,0.056597,0.044106,1.847,0.855,61,0.037691,hst,1.44,2.162,0.666,2.162,1.0,2.4073268406156015e-16,drift,285,2.851,820,hst,1,2.261,native,0,0.0,0.5
add32,4960,19848,8,0.05,21,False,400,256,0.091448,0.081915,0.223548,0.366,0.409,1.0,0.105246,0.089943,1.017,0.911,3032,0.081915,hst,0.869,1.116,0.778,1.116,1.0,2.3074081954307656e-16,drift,399,4.234,3767,hst,1,4.561,relabelled,101,3.598287297916507e-16,0.5
add32,4960,19848,8,0.25,17,False,400,256,0.082117,0.046045,0.059201,0.778,1.387,1.0,0.066919,0.056559,1.452,0.814,168,0.046045,hst,1.227,1.783,0.688,1.783,1.0,1.834572946307244e-16,drift,388,3.515,881,hst,1,4.296,native,0,0.0,0.5
add32,4960,19848,8,0.25,17,False,400,256,0.092556,0.087066,0.453253,0.192,0.204,1.0,0.112746,0.097345,0.951,0.894,,0.087066,hst,0.821,1.063,0.772,1.063,1.0,3.10911987354379e-16,drift,399,4.493,3762,hst,1,4.56,relabelled,101,1.176177431293989e-16,0.5
add32,4960,19848,8,0.25,18,False,400,256,0.083055,0.047438,0.068263,0.695,1.217,1.0,0.067631,0.054443,1.526,0.871,93,0.047438,hst,1.228,1.751,0.701,1.751,1.0,3.8969112366871195e-16,drift,394,2.711,1066,hst,1,2.673,native,0,0.0,0.5
add32,4960,19848,8,0.25,18,False,400,256,0.093531,0.087699,0.452229,0.194,0.207,1.0,0.110782,0.095494,0.979,0.918,,0.087699,hst,0.844,1.066,0.792,1.066,1.0,2.2330025505589395e-16,drift,399,3.619,3805,hst,1,4.496,relabelled,101,1.8983475521399884e-16,0.5
add32,4960,19848,8,0.25,19,False,400,256,0.081035,0.042152,0.048661,0.866,1.665,1.0,0.050129,0.047912,1.691,0.88,23,0.042152,hst,1.617,1.922,0.841,1.922,1.0,1.440904858629578e-16,drift,368,3.07,868,hst,1,0.751,native,0,0.0,0.5
add32,4960,19848,8,0.25,19,False,400,256,0.091424,0.086113,0.431625,0.2,0.212,1.0,0.111257,0.096541,0.947,0.892,,0.086113,hst,0.822,1.062,0.774,1.062,1.0,1.8504993273850384e-16,drift,399,6.091,3792,delta_baseline,0,4.487,relabelled,101,2.5024841770165224e-16,0.5
add32,4960,19848,8,0.25,20,False,400,256,0.083075,0.048486,0.070755,0.685,1.174,1.0,0.068449,0.055172,1.506,0.879,99,0.048486,hst,1.214,1.713,0.708,1.713,1.0,1.9189147112235067e-16,drift,398,3.999,1197,hst,1,2.765,native,0,0.0,0.5
add32,4960,19848,8,0.25,20,False,400,256,0.093815,0.088312,0.456181,0.194,0.206,1.0,0.111675,0.096468,0.972,0.915,,0.088312,hst,0.84,1.062,0.791,1.062,1.0,1.158587140713769e-16,drift,399,4.834,3809,hst,1,4.636,relabelled,101,3.4783246432016896e-16,0.5
add32,4960,19848,8,0.25,21,False,400,256,0.082021,0.049124,0.058716,0.837,1.397,1.0,0.067177,0.053545,1.532,0.917,96,0.049124,hst,1.221,1.67,0.731,1.67,1.0,2.4073268406156015e-16,drift,395,1.936,956,hst,1,2.745,native,0,0.0,0.5
add32,4960,19848,8,0.25,21,False,400,256,0.092752,0.087856,0.45548,0.193,0.204,1.0,0.111144,0.095847,0.968,0.917,,0.087856,hst,0.835,1.056,0.79,1.056,1.0,2.3074081954307656e-16,drift,399,5.274,3790,hst,1,4.581,relabelled,101,3.598287297916507e-16,0.5
circuit_3,12127,48137,8,0.0,17,False,400,256,0.023543,0.041096,0.037717,1.09,0.624,1.0,0.024486,0.023641,0.996,0.996,,0.023543,delta_baseline,0.961,1.0,0.961,1.0,1.746,6.734179160610594e-16,drift,0,1.0,6334,delta_baseline,0,0.0,native,0,0.0,0.5
circuit_3,12127,48137,8,0.0,17,False,400,256,0.026817,0.066859,0.058832,1.136,0.456,1.0,0.028066,0.02688,0.998,0.998,,0.026817,delta_baseline,0.955,1.0,0.955,1.0,2.493,1.0191723855738317e-15,drift,0,1.0,8681,delta_baseline,0,0.0,relabelled,101,4.457350636032268e-16,0.5
circuit_3,12127,48137,8,0.0,18,False,400,256,0.022988,0.04088,0.038255,1.069,0.601,1.0,0.024444,0.023549,0.976,0.976,,0.022988,delta_baseline,0.94,1.0,0.94,1.0,1.778,6.734177751265342e-16,drift,0,1.0,6359,delta_baseline,0,0.0,native,0,0.0,0.5
circuit_3,12127,48137,8,0.0,18,False,400,256,0.026807,0.067383,0.059925,1.124,0.447,1.0,0.028282,0.027197,0.986,0.986,,0.026807,delta_baseline,0.948,1.0,0.948,1.0,2.514,5.086686820954858e-16,drift,0,1.0,8712,delta_baseline,0,0.0,relabelled,101,3.3430156910425366e-16,0.5
circuit_3,12127,48137,8,0.0,19,False,400,256,0.024663,0.042486,0.039727,1.069,0.621,1.0,0.026223,0.025186,0.979,0.979,,0.024663,delta_baseline,0.94,1.0,0.94,1.0,1.723,1.38110199246993e-16,drift,0,1.0,6690,delta_baseline,0,0.0,native,0,0.0,0.5
circuit_3,12127,48137,8,0.0,19,False,400,256,0.028512,0.068914,0.061272,1.125,0.465,1.0,0.029465,0.02829,1.008,1.008,0,0.028512,delta_baseline,0.968,1.0,0.968,1.0,2.417,4.928111202678172e-16,drift,0,1.0,8863,delta_baseline,0,0.0,relabelled,101,5.836392585736671e-16,0.5
circuit_3,12127,48137,8,0.0,20,False,400,256,0.023001,0.041245,0.038058,1.084,0.604,1.0,0.02441,0.023516,0.978,0.978,,0.023001,delta_baseline,0.942,1.0,0.942,1.0,1.793,7.407593410861525e-16,drift,0,1.0,6362,delta_baseline,0,0.0,native,0,0.0,0.5
circuit_3,12127,48137,8,0.0,20,False,400,256,0.026667,0.067501,0.060107,1.123,0.444,1.0,0.027965,0.026885,0.992,0.992,,0.026667,delta_baseline,0.954,1.0,0.954,1.0,2.531,4.1630370044043175e-16,drift,0,1.0,8709,delta_baseline,0,0.0,relabelled,101,4.457355055670896e-16,0.5
circuit_3,12127,48137,8,0.0,21,False,400,256,0.023645,0.046271,0.042392,1.091,0.558,1.0,0.024841,0.023814,0.993,0.993,,0.023645,delta_baseline,0.952,1.0,0.952,1.0,1.957,6.413984212090423e-16,drift,0,1.0,6968,delta_baseline,0,0.0,native,0,0.0,0.5
circuit_3,12127,48137,8,0.0,21,False,400,256,0.027633,0.069011,0.061489,1.122,0.449,1.0,0.028843,0.027764,0.995,0.995,,0.027633,delta_baseline,0.958,1.0,0.958,1.0,2.497,9.834307546993757e-16,drift,0,1.0,8920,delta_baseline,0,0.0,relabelled,101,2.0157435216149258e-16,0.5
circuit_3,12127,48137,8,0.002,17,False,400,256,0.312931,0.056845,0.059428,0.957,5.266,1.0,0.071036,0.059485,5.261,0.956,6,0.056845,hst,4.405,5.505,0.8,5.505,1.0,6.734179160610594e-16,drift,156,1.78,6519,hst,1,1.458,native,0,0.0,0.5
circuit_3,12127,48137,8,0.002,17,False,400,256,0.365519,0.110046,0.190032,0.579,1.923,1.0,0.159326,0.118491,3.085,0.929,28,0.110046,hst,2.294,3.322,0.691,3.322,1.0,1.0191723855738317e-15,drift,393,3.442,8780,hst,1,6.982,relabelled,101,4.457350636032268e-16,0.5
circuit_3,12127,48137,8,0.002,18,False,400,256,0.302588,0.058054,0.061366,0.946,4.931,1.0,0.072317,0.062571,4.836,0.928,5,0.058054,hst,4.184,5.212,0.803,5.212,1.0,6.734177751265342e-16,drift,162,1.972,6689,hst,1,1.262,native,0,0.0,0.5
circuit_3,12127,48137,8,0.002,18,False,400,256,0.367848,0.107767,0.187967,0.573,1.957,1.0,0.158207,0.117498,3.131,0.917,27,0.107767,hst,2.325,3.413,0.681,3.413,1.0,5.086686820954858e-16,drift,391,3.395,8630,hst,1,6.873,relabelled,101,3.3430156910425366e-16,0.5
circuit_3,12127,48137,8,0.002,19,False,400,256,0.349892,0.06079,0.065871,0.923,5.312,1.0,0.074448,0.065752,5.321,0.925,3,0.06079,hst,4.7,5.756,0.817,5.756,1.0,1.38110199246993e-16,drift,156,1.909,6828,hst,1,0.873,native,0,0.0,0.5
circuit_3,12127,48137,8,0.002,19,False,400,256,0.390803,0.106246,0.183731,0.578,2.127,1.0,0.161998,0.11653,3.354,0.912,26,0.106246,hst,2.412,3.678,0.656,3.678,1.0,4.928111202678172e-16,drift,389,3.445,8648,hst,1,7.14,relabelled,101,5.836392585736671e-16,0.5
circuit_3,12127,48137,8,0.002,20,False,400,256,0.292255,0.056247,0.058164,0.967,5.025,1.0,0.070729,0.059484,4.913,0.946,6,0.056247,hst,4.132,5.196,0.795,5.196,1.0,7.407593410861525e-16,drift,145,1.675,6532,hst,1,1.455,native,0,0.0,0.5
circuit_3,12127,48137,8,0.002,20,False,400,256,0.36931,0.108977,0.193075,0.564,1.913,1.0,0.160397,0.119737,3.084,0.91,28,0.108977,hst,2.302,3.389,0.679,3.389,1.0,4.1630370044043175e-16,drift,392,3.221,8724,hst,1,6.908,relabelled,101,4.457355055670896e-16,0.5
circuit_3,12127,48137,8,0.002,21,False,400,256,0.376546,0.064507,0.067954,0.949,5.541,1.0,0.076384,0.067047,5.616,0.962,4,0.064507,hst,4.93,5.837,0.844,5.837,1.0,6.413984212090423e-16,drift,163,2.062,6998,hst,1,1.1,native,0,0.0,0.5
circuit_3,12127,48137,8,0.002,21,False,400,256,0.381353,0.109038,0.198831,0.548,1.918,1.0,0.160803,0.117599,3.243,0.927,27,0.109038,hst,2.372,3.497,0.678,3.497,1.0,9.834307546993757e-16,drift,387,4.564,8738,hst,1,6.991,relabelled,101,2.0157435216149258e-16,0.5
circuit_3,12127,48137,8,0.01,17,False,400,256,0.369851,0.063355,0.080264,0.789,4.608,1.0,0.105918,0.071745,5.155,0.883,17,0.063355,hst,3.492,5.838,0.598,5.838,1.0,6.734179160610594e-16,drift,243,4.279,6637,hst,1,4.922,native,0,0.0,0.5
circuit_3,12127,48137,8,0.01,17,False,400,256,0.382181,0.116332,0.249682,0.466,1.531,1.0,0.164619,0.124159,3.078,0.937,27,0.116332,hst,2.322,3.285,0.707,3.285,1.0,1.0191723855738317e-15,drift,399,4.56,8730,hst,1,6.919,relabelled,101,4.457350636032268e-16,0.5
circuit_3,12127,48137,8,0.01,18,False,400,256,0.333154,0.069129,0.098068,0.705,3.397,1.0,0.100206,0.076429,4.359,0.904,12,0.069129,hst,3.325,4.819,0.69,4.819,1.0,6.734177751265342e-16,drift,282,4.235,6806,hst,1,3.117,native,0,0.0,0.5
circuit_3,12127,48137,8,0.01,18,False,400,256,0.377262,0.1129,0.244548,0.462,1.543,1.0,0.166027,0.125156,3.014,0.902,28,0.1129,hst,2.272,3.342,0.68,3.342,1.0,5.086686820954858e-16,drift,399,3.712,8780,hst,1,6.936,relabelled,101,3.3430156910425366e-16,0.5
circuit_3,12127,48137,8,0.01,19,False,400,256,0.36899,0.067752,0.09162,0.739,4.027,1.0,0.081123,0.071932,5.13,0.942,3,0.067752,hst,4.549,5.446,0.835,5.446,1.0,1.38110199246993e-16,drift,268,4.144,6681,hst,1,0.901,native,0,0.0,0.5
circuit_3,12127,48137,8,0.01,19,False,400,256,0.401816,0.113241,0.245224,0.462,1.639,1.0,0.169599,0.124769,3.22,0.908,26,0.113241,hst,2.369,3.548,0.668,3.548,1.0,4.928111202678172e-16,drift,399,3.511,8818,hst,1,7.237,relabelled,101,5.836392585736671e-16,0.5
circuit_3,12127,48137,8,0.01,20,False,400,256,0.395976,0.071346,0.098725,0.723,4.011,1.0,0.102749,0.076605,5.169,0.931,11,0.071346,hst,3.854,5.55,0.694,5.55,1.0,7.407593410861525e-16,drift,309,4.559,6745,hst,1,3.439,native,0,0.0,0.5
circuit_3,12127,48137,8,0.01,20,False,400,256,0.383782,0.114878,0.240706,0.477,1.594,1.0,0.16526,0.123291,3.113,0.932,27,0.114878,hst,2.322,3.341,0.695,3.341,1.0,4.1630370044043175e-16,drift,399,5.491,8797,hst,1,7.107,relabelled,101,4.457355055670896e-16,0.5
circuit_3,12127,48137,8,0.01,21,False,400,256,0.379948,0.079809,0.106743,0.748,3.559,1.0,0.106854,0.082576,4.601,0.966,11,0.079809,hst,3.556,4.761,0.747,4.761,1.0,6.413984212090423e-16,drift,322,3.779,7302,hst,1,3.123,native,0,0.0,0.5
circuit_3,12127,48137,8,0.01,21,False,400,256,0.391768,0.11584,0.244133,0.474,1.605,1.0,0.167752,0.123662,3.168,0.937,27,0.11584,hst,2.335,3.382,0.691,3.382,1.0,9.834307546993757e-16,drift,399,4.131,8950,hst,1,7.223,relabelled,101,2.0157435216149258e-16,0.5
circuit_3,12127,48137,8,0.05,17,False,400,256,0.364324,0.082975,0.154087,0.538,2.364,1.0,0.113041,0.087428,4.167,0.949,12,0.082975,hst,3.223,4.391,0.734,4.391,1.0,6.734179160610594e-16,drift,397,8.464,7271,hst,1,3.358,native,0,0.0,0.5
circuit_3,12127,48137,8,0.05,17,False,400,256,0.40059,0.122505,0.346477,0.354,1.156,1.0,0.177037,0.134827,2.971,0.909,28,0.122505,hst,2.263,3.27,0.692,3.27,1.0,1.0191723855738317e-15,drift,399,5.401,8925,hst,1,7.321,relabelled,101,4.457350636032268e-16,0.5
circuit_3,12127,48137,8,0.05,18,False,400,256,0.35522,0.081402,0.148368,0.549,2.394,1.0,0.125876,0.091435,3.885,0.89,20,0.081402,hst,2.822,4.364,0.647,4.364,1.0,6.734177751265342e-16,drift,396,7.383,7370,hst,1,5.167,native,0,0.0,0.5
circuit_3,12127,48137,8,0.05,18,False,400,256,0.401871,0.122633,0.340857,0.36,1.179,1.0,0.173898,0.131304,3.061,0.934,27,0.122633,hst,2.311,3.277,0.705,3.277,1.0,5.086686820954858e-16,drift,399,7.343,8976,hst,1,7.403,relabelled,101,3.3430156910425366e-16,0.5
circuit_3,12127,48137,8,0.05,19,False,400,256,0.358568,0.084712,0.155758,0.544,2.302,1.0,0.099222,0.090554,3.96,0.935,4,0.084712,hst,3.614,4.233,0.854,4.233,1.0,1.38110199246993e-16,drift,398,3.525,7142,hst,1,0.976,native,0,0.0,0.5
circuit_3,12127,48137,8,0.05,19,False,400,256,0.417748,0.124812,0.345416,0.361,1.209,1.0,0.178221,0.134469,3.107,0.928,26,0.124812,hst,2.344,3.347,0.7,3.347,1.0,4.928111202678172e-16,drift,399,6.149,9064,hst,1,7.329,relabelled,101,5.836392585736671e-16,0.5
circuit_3,12127,48137,8,0.05,20,False,400,256,0.346532,0.09024,0.189658,0.476,1.827,1.0,0.130668,0.095685,3.622,0.943,18,0.09024,hst,2.652,3.84,0.691,3.84,1.0,7.407593410861525e-16,drift,397,5.724,7472,hst,1,4.624,native,0,0.0,0.5
circuit_3,12127,48137,8,0.05,20,False,400,256,0.406607,0.124775,0.354916,0.352,1.146,1.0,0.178068,0.135437,3.002,0.921,27,0.124775,hst,2.283,3.259,0.701,3.259,1.0,4.1630370044043175e-16,drift,399,7.021,8924,hst,1,7.415,relabelled,101,4.457355055670896e-16,0.5
circuit_3,12127,48137,8,0.05,21,False,400,256,0.353389,0.087161,0.161973,0.538,2.182,1.0,0.14051,0.099077,3.567,0.88,23,0.087161,hst,2.515,4.054,0.62,4.054,1.0,6.413984212090423e-16,drift,399,1.92,7293,hst,1,5.797,native,0,0.0,0.5
circuit_3,12127,48137,8,0.05,21,False,400,256,0.408739,0.124717,0.346353,0.36,1.18,1.0,0.184884,0.141367,2.891,0.882,28,0.124717,hst,2.211,3.277,0.675,3.277,1.0,9.834307546993757e-16,drift,399,4.105,8914,hst,1,7.37,relabelled,101,2.0157435216149258e-16,0.5
circuit_3,12127,48137,8,0.25,17,False,400,256,0.386708,0.090534,0.242047,0.374,1.598,1.0,0.106239,0.096336,4.014,0.94,4,0.090534,hst,3.64,4.271,0.852,4.271,1.0,6.734179160610594e-16,drift,399,2.644,7513,hst,1,1.234,native,0,0.0,0.5
circuit_3,12127,48137,8,0.25,17,False,400,256,0.415912,0.134878,0.696355,0.194,0.597,1.0,0.187648,0.143163,2.905,0.942,27,0.134878,hst,2.216,3.084,0.719,3.084,1.0,1.0191723855738317e-15,drift,399,2.375,9021,hst,1,7.49,relabelled,101,4.457350636032268e-16,0.5
circuit_3,12127,48137,8,0.25,18,False,400,256,0.393883,0.090557,0.242194,0.374,1.626,1.0,0.111492,0.0963,4.09,0.94,7,0.090557,hst,3.533,4.35,0.812,4.35,1.0,6.734177751265342e-16,drift,399,1.886,7080,hst,1,2.048,native,0,0.0,0.5
circuit_3,12127,48137,8,0.25,18,False,400,256,0.407004,0.133815,0.672765,0.199,0.605,1.0,0.18969,0.146072,2.786,0.916,29,0.133815,hst,2.146,3.042,0.705,3.042,1.0,5.086686820954858e-16,drift,399,3.107,8942,hst,1,7.6,relabelled,101,3.3430156910425366e-16,0.5
circuit_3,12127,48137,8,0.25,19,False,400,256,0.386662,0.095301,0.262151,0.364,1.475,1.0,0.110557,0.099732,3.877,0.956,4,0.095301,hst,3.497,4.057,0.862,4.057,1.0,1.38110199246993e-16,drift,399,2.929,7163,hst,1,1.062,native,0,0.0,0.5
circuit_3,12127,48137,8,0.25,19,False,400,256,0.429611,0.133923,0.69271,0.193,0.62,1.0,0.192159,0.14696,2.923,0.911,27,0.133923,hst,2.236,3.208,0.697,3.208,1.0,4.928111202678172e-16,drift,399,2.37,8861,hst,1,7.572,relabelled,101,5.836392585736671e-16,0.5
circuit_3,12127,48137,8,0.25,20,False,400,256,0.387831,0.089035,0.232615,0.383,1.667,1.0,0.108783,0.095926,4.043,0.928,6,0.089035,hst,3.565,4.356,0.818,4.356,1.0,7.407593410861525e-16,drift,399,3.143,7143,hst,1,1.832,native,0,0.0,0.5
circuit_3,12127,48137,8,0.25,20,False,400,256,0.407939,0.134584,0.678241,0.198,0.601,1.0,0.189551,0.147319,2.769,0.914,29,0.134584,hst,2.152,3.031,0.71,3.031,1.0,4.1630370044043175e-16,drift,399,2.153,8931,hst,1,7.433,relabelled,101,4.457355055670896e-16,0.5
circuit_3,12127,48137,8,0.25,21,False,400,256,0.410114,0.093724,0.260691,0.36,1.573,1.0,0.109617,0.099577,4.119,0.941,3,0.093724,hst,3.741,4.376,0.855,4.376,1.0,6.413984212090423e-16,drift,399,2.889,7232,hst,1,1.073,native,0,0.0,0.5
circuit_3,12127,48137,8,0.25,21,False,400,256,0.423502,0.134107,0.684155,0.196,0.619,1.0,0.190485,0.145811,2.904,0.92,27,0.134107,hst,2.223,3.158,0.704,3.158,1.0,9.834307546993757e-16,drift,399,3.599,8894,hst,1,7.523,relabelled,101,2.0157435216149258e-16,0.5
rajat03,7602,32653,8,0.0,17,False,400,256,0.00656,0.020623,0.01791,1.151,0.366,1.0,0.007388,0.007068,0.928,0.928,,0.00656,delta_baseline,0.888,1.0,0.888,1.0,3.144,1.5389215321852664e-16,drift,0,1.0,1007,delta_baseline,0,0.0,native,0,0.0,0.5
rajat03,7602,32653,8,0.0,17,False,400,256,0.006713,0.047595,0.04527,1.051,0.148,1.0,0.008015,0.007621,0.881,0.881,,0.006713,delta_baseline,0.838,1.0,0.838,1.0,7.09,1.8146946334880042e-16,drift,0,1.0,5019,delta_baseline,0,0.0,relabelled,101,1.6990190370887783e-16,0.5
rajat03,7602,32653,8,0.0,18,False,400,256,0.006426,0.018653,0.016446,1.134,0.391,1.0,0.007289,0.006973,0.921,0.921,,0.006426,delta_baseline,0.882,1.0,0.882,1.0,2.903,1.5443765292083486e-16,drift,0,1.0,821,delta_baseline,0,0.0,native,0,0.0,0.5
rajat03,7602,32653,8,0.0,18,False,400,256,0.006711,0.047399,0.043817,1.082,0.153,1.0,0.007842,0.007499,0.895,0.895,,0.006711,delta_baseline,0.856,1.0,0.856,1.0,7.063,1.8964870321935617e-16,drift,0,1.0,5021,delta_baseline,0,0.0,relabelled,101,1.8311920215430897e-16,0.5
rajat03,7602,32653,8,0.0,19,False,400,256,0.006031,0.017705,0.015418,1.148,0.391,1.0,0.007138,0.006834,0.883,0.883,,0.006031,delta_baseline,0.845,1.0,0.845,1.0,2.935,1.5991248545154193e-16,drift,0,1.0,655,delta_baseline,0,0.0,native,0,0.0,0.5
rajat03,7602,32653,8,0.0,19,False,400,256,0.006488,0.047574,0.044441,1.07,0.146,1.0,0.007841,0.007473,0.868,0.868,,0.006488,delta_baseline,0.827,1.0,0.827,1.0,7.332,1.961032925102112e-16,drift,0,1.0,4934,delta_baseline,0,0.0,relabelled,101,1.6990190361429806e-16,0.5
rajat03,7602,32653,8,0.0,20,False,400,256,0.006458,0.019644,0.017113,1.148,0.377,1.0,0.00831,0.007843,0.823,0.823,,0.006458,delta_baseline,0.777,1.0,0.777,1.0,3.042,1.538921533552159e-16,drift,0,1.0,911,delta_baseline,0,0.0,native,0,0.0,0.5
rajat03,7602,32653,8,0.0,20,False,400,256,0.006748,0.050736,0.043611,1.163,0.155,1.0,0.008208,0.007856,0.859,0.859,,0.006748,delta_baseline,0.822,1.0,0.822,1.0,7.519,1.663084479431335e-16,drift,0,1.0,5027,delta_baseline,0,0.0,relabelled,101,1.9448924644801135e-16,0.5
rajat03,7602,32653,8,0.0,21,False,400,256,0.006449,0.019196,0.016801,1.143,0.384,1.0,0.007264,0.006941,0.929,0.929,,0.006449,delta_baseline,0.888,1.0,0.888,1.0,2.977,1.5389215543573844e-16,drift,0,1.0,850,delta_baseline,0,0.0,native,0,0.0,0.5
rajat03,7602,32653,8,0.0,21,False,400,256,0.006767,0.04749,0.042539,1.116,0.159,1.0,0.007688,0.00734,0.922,0.922,,0.006767,delta_baseline,0.88,1.0,0.88,1.0,7.018,1.6769313286123666e-16,drift,0,1.0,4882,delta_baseline,0,0.0,relabelled,101,1.6990190650729986e-16,0.5
rajat03,7602,32653,8,0.002,17,False,400,256,0.074555,0.027038,0.023284,1.161,3.202,1.161,0.044207,0.031037,2.402,0.871,54,0.027038,hst,1.686,2.757,0.612,2.757,1.0,1.5389215321852664e-16,drift,71,2.208,1043,hst,1,2.355,native,0,0.0,0.5
rajat03,7602,32653,8,0.002,17,False,400,256,0.088271,0.081317,0.124577,0.653,0.709,1.0,0.109317,0.093076,0.948,0.874,,0.081317,hst,0.807,1.086,0.744,1.086,1.0,1.8146946334880042e-16,drift,361,4.631,4884,delta_baseline,0,4.885,relabelled,101,1.6990190370887783e-16,0.5
rajat03,7602,32653,8,0.002,18,False,400,256,0.076179,0.025681,0.022945,1.119,3.32,1.119,0.04315,0.030138,2.528,0.852,49,0.025681,hst,1.765,2.966,0.595,2.966,1.0,1.5443765292083486e-16,drift,71,2.426,1049,hst,1,2.274,native,0,0.0,0.5
rajat03,7602,32653,8,0.002,18,False,400,256,0.089461,0.084972,0.138416,0.614,0.646,1.0,0.110856,0.094522,0.946,0.899,,0.084972,hst,0.807,1.053,0.767,1.053,1.0,1.8964870321935617e-16,drift,383,4.79,5206,delta_baseline,0,4.891,relabelled,101,1.8311920215430897e-16,0.5
rajat03,7602,32653,8,0.002,19,False,400,256,0.075189,0.023257,0.01972,1.179,3.813,1.179,0.03652,0.030163,2.493,0.771,63,0.023257,hst,2.059,3.233,0.637,3.233,1.0,1.5991248545154193e-16,drift,45,1.894,927,hst,1,2.821,native,0,0.0,0.5
rajat03,7602,32653,8,0.002,19,False,400,256,0.086878,0.082451,0.126011,0.654,0.689,1.0,0.10712,0.091159,0.953,0.904,,0.082451,hst,0.811,1.054,0.77,1.054,1.0,1.961032925102112e-16,drift,366,4.737,4867,delta_baseline,0,4.781,relabelled,101,1.6990190361429806e-16,0.5
rajat03,7602,32653,8,0.002,20,False,400,256,0.07573,0.024665,0.021085,1.17,3.592,1.17,0.041345,0.029331,2.582,0.841,48,0.024665,hst,1.832,3.07,0.597,3.07,1.0,1.538921533552159e-16,drift,49,2.01,1004,hst,1,2.212,native,0,0.0,0.5
rajat03,7602,32653,8,0.002,20,False,400,256,0.088743,0.084648,0.135704,0.624,0.654,1.0,0.109908,0.094828,0.936,0.893,,0.084648,hst,0.807,1.048,0.77,1.048,1.0,1.663084479431335e-16,drift,375,4.716,5174,delta_baseline,0,4.934,relabelled,101,1.9448924644801135e-16,0.5
rajat03,7602,32653,8,0.002,21,False,400,256,0.074893,0.02654,0.023128,1.148,3.238,1.148,0.04753,0.044524,1.682,0.596,163,0.02654,hst,1.576,2.822,0.558,2.822,1.0,1.5389215543573844e-16,drift,83,2.519,1082,hst,1,4.947,native,0,0.0,0.5
rajat03,7602,32653,8,0.002,21,False,400,256,0.088476,0.08302,0.128708,0.645,0.687,1.0,0.109759,0.093454,0.947,0.888,,0.08302,hst,0.806,1.066,0.756,1.066,1.0,1.6769313286123666e-16,drift,376,4.894,4957,delta_baseline,0,4.949,relabelled,101,1.6990190650729986e-16,0.5
rajat03,7602,32653,8,0.01,17,False,400,256,0.077676,0.038474,0.034564,1.113,2.247,1.113,0.058221,0.045251,1.717,0.85,81,0.038474,hst,1.334,2.019,0.661,2.019,1.0,1.5389215321852664e-16,drift,219,3.529,1286,hst,1,2.612,native,0,0.0,0.5
rajat03,7602,32653,8,0.01,17,False,400,256,0.091617,0.088132,0.178184,0.495,0.514,1.0,0.112848,0.096401,0.95,0.914,,0.088132,hst,0.812,1.04,0.781,1.04,1.0,1.8146946334880042e-16,drift,399,1.648,4941,delta_baseline,0,5.084,relabelled,101,1.6990190370887783e-16,0.5
rajat03,7602,32653,8,0.01,18,False,400,256,0.077304,0.033925,0.030647,1.107,2.522,1.107,0.052603,0.039844,1.94,0.851,64,0.033925,hst,1.47,2.279,0.645,2.279,1.0,1.5443765292083486e-16,drift,180,3.865,1190,hst,1,2.391,native,0,0.0,0.5
rajat03,7602,32653,8,0.01,18,False,400,256,0.090374,0.08721,0.176105,0.495,0.513,1.0,0.112078,0.095603,0.945,0.912,,0.08721,hst,0.806,1.036,0.778,1.036,1.0,1.8964870321935617e-16,drift,399,1.418,5092,delta_baseline,0,5.029,relabelled,101,1.8311920215430897e-16,0.5
rajat03,7602,32653,8,0.01,19,False,400,256,0.077695,0.0317,0.027996,1.132,2.775,1.132,0.050392,0.037497,2.072,0.845,58,0.0317,hst,1.542,2.451,0.629,2.451,1.0,1.5991248545154193e-16,drift,154,1.339,935,hst,1,2.321,native,0,0.0,0.5
rajat03,7602,32653,8,0.01,19,False,400,256,0.089594,0.087462,0.176727,0.495,0.507,1.0,0.111884,0.095136,0.942,0.919,,0.087462,hst,0.801,1.024,0.782,1.024,1.0,1.961032925102112e-16,drift,399,6.63,5069,delta_baseline,0,5.079,relabelled,101,1.6990190361429806e-16,0.5
rajat03,7602,32653,8,0.01,20,False,400,256,0.079323,0.037122,0.033478,1.109,2.369,1.109,0.059445,0.050853,1.56,0.73,161,0.037122,hst,1.334,2.137,0.624,2.137,1.0,1.538921533552159e-16,drift,215,3.558,1189,hst,1,4.588,native,0,0.0,0.5
rajat03,7602,32653,8,0.01,20,False,400,256,0.091292,0.088084,0.174246,0.506,0.524,1.0,0.112732,0.096229,0.949,0.915,,0.088084,hst,0.81,1.036,0.781,1.036,1.0,1.663084479431335e-16,drift,398,2.08,5019,delta_baseline,0,5.132,relabelled,101,1.9448924644801135e-16,0.5
rajat03,7602,32653,8,0.01,21,False,400,256,0.078076,0.036491,0.033471,1.09,2.333,1.09,0.055308,0.042665,1.83,0.855,66,0.036491,hst,1.412,2.14,0.66,2.14,1.0,1.5389215543573844e-16,drift,205,4.051,1228,hst,1,2.341,native,0,0.0,0.5
rajat03,7602,32653,8,0.01,21,False,400,256,0.091892,0.088521,0.172092,0.514,0.534,1.0,0.114005,0.097096,0.946,0.912,,0.088521,hst,0.806,1.038,0.776,1.038,1.0,1.6769313286123666e-16,drift,399,6.566,4994,delta_baseline,0,5.159,relabelled,101,1.6990190650729986e-16,0.5
rajat03,7602,32653,8,0.05,17,False,400,256,0.079699,0.054946,0.068206,0.806,1.169,1.0,0.074938,0.061259,1.301,0.897,168,0.054946,hst,1.064,1.451,0.733,1.451,1.0,1.5389215321852664e-16,drift,384,4.325,1538,hst,1,3.091,native,0,0.0,0.5
rajat03,7602,32653,8,0.05,17,False,400,256,0.093796,0.096699,0.277681,0.348,0.338,1.0,0.116476,0.099976,0.938,0.938,,0.093796,delta_baseline,0.805,1.0,0.805,1.0,1.031,1.8146946334880042e-16,drift,399,3.57,5098,delta_baseline,0,5.211,relabelled,101,1.6990190370887783e-16,0.5
rajat03,7602,32653,8,0.05,18,False,400,256,0.08029,0.052437,0.066561,0.788,1.206,1.0,0.073162,0.059765,1.343,0.877,148,0.052437,hst,1.097,1.531,0.717,1.531,1.0,1.5443765292083486e-16,drift,392,1.751,1457,hst,1,3.031,native,0,0.0,0.5
rajat03,7602,32653,8,0.05,18,False,400,256,0.092971,0.095839,0.272399,0.352,0.341,1.0,0.116606,0.099548,0.934,0.934,,0.092971,delta_baseline,0.797,1.0,0.797,1.0,1.031,1.8964870321935617e-16,drift,399,4.0,4936,delta_baseline,0,5.303,relabelled,101,1.8311920215430897e-16,0.5
rajat03,7602,32653,8,0.05,19,False,400,256,0.079093,0.050862,0.059155,0.86,1.337,1.0,0.071114,0.0581,1.361,0.875,135,0.050862,hst,1.112,1.555,0.715,1.555,1.0,1.5991248545154193e-16,drift,375,3.833,1290,hst,1,2.834,native,0,0.0,0.5
rajat03,7602,32653,8,0.05,19,False,400,256,0.092356,0.095796,0.269165,0.356,0.343,1.0,0.115176,0.098606,0.937,0.937,,0.092356,delta_baseline,0.802,1.0,0.802,1.0,1.037,1.961032925102112e-16,drift,399,3.238,4974,delta_baseline,0,5.16,relabelled,101,1.6990190361429806e-16,0.5
rajat03,7602,32653,8,0.05,20,False,400,256,0.079883,0.053071,0.067363,0.788,1.186,1.0,0.07386,0.060645,1.317,0.875,158,0.053071,hst,1.082,1.505,0.719,1.505,1.0,1.538921533552159e-16,drift,384,2.829,1358,hst,1,3.049,native,0,0.0,0.5
rajat03,7602,32653,8,0.05,20,False,400,256,0.093668,0.095758,0.272652,0.351,0.344,1.0,0.116236,0.099036,0.946,0.946,,0.093668,delta_baseline,0.806,1.0,0.806,1.0,1.022,1.663084479431335e-16,drift,399,3.366,5072,delta_baseline,0,5.261,relabelled,101,1.9448924644801135e-16,0.5
rajat03,7602,32653,8,0.05,21,False,400,256,0.082871,0.058046,0.079028,0.734,1.049,1.0,0.077301,0.064037,1.294,0.906,166,0.058046,hst,1.072,1.428,0.751,1.428,1.0,1.5389215543573844e-16,drift,391,3.394,1678,hst,1,3.118,native,0,0.0,0.5
rajat03,7602,32653,8,0.05,21,False,400,256,0.096162,0.094528,0.267815,0.353,0.359,1.0,0.117916,0.101513,0.947,0.931,,0.094528,hst,0.816,1.017,0.802,1.017,1.0,1.6769313286123666e-16,drift,399,3.988,5002,delta_baseline,0,5.177,relabelled,101,1.6990190650729986e-16,0.5
rajat03,7602,32653,8,0.25,17,False,400,256,0.078401,0.064807,0.165105,0.393,0.475,1.0,0.086696,0.073038,1.073,0.887,647,0.064807,hst,0.904,1.21,0.748,1.21,1.0,1.5389215321852664e-16,drift,399,1.694,1596,hst,1,3.47,native,0,0.0,0.5
rajat03,7602,32653,8,0.25,17,False,400,256,0.094107,0.104325,0.615219,0.17,0.153,1.0,0.116622,0.099412,0.947,0.947,,0.094107,delta_baseline,0.807,1.0,0.807,1.0,1.109,1.8146946334880042e-16,drift,399,1.0,4914,delta_baseline,0,5.416,relabelled,101,1.6990190370887783e-16,0.5
rajat03,7602,32653,8,0.25,18,False,400,256,0.079813,0.060582,0.143369,0.423,0.557,1.0,0.082586,0.069067,1.156,0.877,306,0.060582,hst,0.966,1.317,0.734,1.317,1.0,1.5443765292083486e-16,drift,399,3.843,1608,hst,1,3.284,native,0,0.0,0.5
rajat03,7602,32653,8,0.25,18,False,400,256,0.09455,0.103845,0.612609,0.17,0.154,1.0,0.116098,0.099288,0.952,0.952,,0.09455,delta_baseline,0.814,1.0,0.814,1.0,1.098,1.8964870321935617e-16,drift,399,4.309,5143,delta_baseline,0,5.295,relabelled,101,1.8311920215430897e-16,0.5
rajat03,7602,32653,8,0.25,19,False,400,256,0.079049,0.061625,0.146552,0.42,0.539,1.0,0.083091,0.069755,1.133,0.883,342,0.061625,hst,0.951,1.283,0.742,1.283,1.0,1.5991248545154193e-16,drift,399,4.436,1986,hst,1,3.183,native,0,0.0,0.5
rajat03,7602,32653,8,0.25,19,False,400,256,0.094533,0.104505,0.613792,0.17,0.154,1.0,0.116926,0.099816,0.947,0.947,,0.094533,delta_baseline,0.808,1.0,0.808,1.0,1.105,1.961032925102112e-16,drift,399,6.922,5126,delta_baseline,0,5.376,relabelled,101,1.6990190361429806e-16,0.5
rajat03,7602,32653,8,0.25,20,False,400,256,0.078583,0.065456,0.16859,0.388,0.466,1.0,0.087721,0.074354,1.057,0.88,789,0.065456,hst,0.896,1.201,0.746,1.201,1.0,1.538921533552159e-16,drift,399,3.609,1841,hst,1,3.338,native,0,0.0,0.5
rajat03,7602,32653,8,0.25,20,False,400,256,0.094616,0.105006,0.612023,0.172,0.155,1.0,0.117197,0.099993,0.946,0.946,,0.094616,delta_baseline,0.807,1.0,0.807,1.0,1.11,1.663084479431335e-16,drift,399,4.549,4950,delta_baseline,0,5.374,relabelled,101,1.9448924644801135e-16,0.5
rajat03,7602,32653,8,0.25,21,False,400,256,0.082976,0.063465,0.165153,0.384,0.502,1.0,0.084925,0.071172,1.166,0.892,287,0.063465,hst,0.977,1.307,0.747,1.307,1.0,1.5389215543573844e-16,drift,399,4.301,1437,hst,1,3.393,native,0,0.0,0.5
rajat03,7602,32653,8,0.25,21,False,400,256,0.097385,0.104386,0.635977,0.164,0.153,1.0,0.118893,0.101597,0.959,0.959,,0.097385,delta_baseline,0.819,1.0,0.819,1.0,1.072,1.6769313286123666e-16,drift,399,2.367,4981,delta_baseline,0,5.409,relabelled,101,1.6990190650729986e-16,0.5
wang3,26064,177168,8,0.0,17,False,400,256,0.008404,0.034367,0.036355,0.945,0.231,1.0,0.013762,0.012704,0.661,0.661,,0.008404,delta_baseline,0.611,1.0,0.611,1.0,4.09,1.1305705384438466e-16,drift,0,1.0,1445,delta_baseline,0,0.0,native,0,0.0,0.5
wang3,26064,177168,8,0.0,17,False,400,256,0.010109,0.087818,0.084156,1.044,0.12,1.0,0.011565,0.01102,0.917,0.917,,0.010109,delta_baseline,0.874,1.0,0.874,1.0,8.687,2.1998800226917256e-16,drift,0,1.0,9972,delta_baseline,0,0.0,relabelled,101,1.3360858238079715e-16,0.5
wang3,26064,177168,8,0.0,18,False,400,256,0.008315,0.031057,0.024975,1.244,0.333,1.0,0.009871,0.009439,0.881,0.881,,0.008315,delta_baseline,0.842,1.0,0.842,1.0,3.735,2.415345571415648e-16,drift,0,1.0,1212,delta_baseline,0,0.0,native,0,0.0,0.5
wang3,26064,177168,8,0.0,18,False,400,256,0.009913,0.08251,0.085106,0.969,0.116,1.0,0.010888,0.010404,0.953,0.953,,0.009913,delta_baseline,0.911,1.0,0.911,1.0,8.323,1.1412571772987022e-16,drift,0,1.0,10055,delta_baseline,0,0.0,relabelled,101,2.5530116335172e-16,0.5
wang3,26064,177168,8,0.0,19,False,400,256,0.008246,0.029826,0.024498,1.217,0.337,1.0,0.011081,0.010783,0.765,0.765,,0.008246,delta_baseline,0.744,1.0,0.744,1.0,3.617,1.1119305929315413e-16,drift,0,1.0,1150,delta_baseline,0,0.0,native,0,0.0,0.5
wang3,26064,177168,8,0.0,19,False,400,256,0.00968,0.081568,0.08435,0.967,0.115,1.0,0.011175,0.010692,0.905,0.905,,0.00968,delta_baseline,0.866,1.0,0.866,1.0,8.426,2.545046773776027e-16,drift,0,1.0,10006,delta_baseline,0,0.0,relabelled,101,1.3274126425945156e-16,0.5
wang3,26064,177168,8,0.0,20,False,400,256,0.008454,0.032313,0.025706,1.257,0.329,1.0,0.009998,0.009611,0.88,0.88,,0.008454,delta_baseline,0.846,1.0,0.846,1.0,3.822,2.3978588170819393e-16,drift,0,1.0,1305,delta_baseline,0,0.0,native,0,0.0,0.5
wang3,26064,177168,8,0.0,20,False,400,256,0.009708,0.083012,0.085541,0.97,0.113,1.0,0.011291,0.010808,0.898,0.898,,0.009708,delta_baseline,0.86,1.0,0.86,1.0,8.551,2.3261787111968236e-16,drift,0,1.0,10089,delta_baseline,0,0.0,relabelled,101,1.1823270619442517e-16,0.5
wang3,26064,177168,8,0.0,21,False,400,256,0.008599,0.033292,0.026853,1.24,0.32,1.0,0.01013,0.009696,0.887,0.887,,0.008599,delta_baseline,0.849,1.0,0.849,1.0,3.871,1.1305705384438466e-16,drift,0,1.0,1461,delta_baseline,0,0.0,native,0,0.0,0.5
wang3,26064,177168,8,0.0,21,False,400,256,0.009808,0.082799,0.085738,0.966,0.114,1.0,0.011405,0.010891,0.901,0.901,,0.009808,delta_baseline,0.86,1.0,0.86,1.0,8.442,2.233599252826717e-16,drift,0,1.0,10071,delta_baseline,0,0.0,relabelled,101,2.662975275731638e-16,0.5
wang3,26064,177168,8,0.002,17,False,400,256,0.108353,0.05207,0.041891,1.243,2.587,1.243,0.074451,0.055126,1.966,0.945,81,0.05207,hst,1.455,2.081,0.699,2.081,1.0,1.1305705384438466e-16,drift,134,2.579,2047,hst,1,4.288,native,0,0.0,0.5
wang3,26064,177168,8,0.002,17,False,400,256,0.138779,0.12885,0.237329,0.543,0.585,1.0,0.155659,0.132468,1.048,0.973,1200,0.12885,hst,0.892,1.077,0.828,1.077,1.0,2.1998800226917256e-16,drift,395,6.941,10249,hst,1,7.575,relabelled,101,1.3360858238079715e-16,0.5
wang3,26064,177168,8,0.002,18,False,400,256,0.107166,0.044009,0.037108,1.186,2.888,1.186,0.068723,0.049792,2.152,0.884,71,0.044009,hst,1.559,2.435,0.64,2.435,1.0,2.415345571415648e-16,drift,111,2.61,1712,hst,1,4.1,native,0,0.0,0.5
wang3,26064,177168,8,0.002,18,False,400,256,0.135813,0.126235,0.240442,0.525,0.565,1.0,0.164951,0.14246,0.953,0.886,,0.126235,hst,0.823,1.076,0.765,1.076,1.0,1.1412571772987022e-16,drift,396,6.858,10200,delta_baseline,0,7.58,relabelled,101,2.5530116335172e-16,0.5
wang3,26064,177168,8,0.002,19,False,400,256,0.105562,0.041056,0.034382,1.194,3.07,1.194,0.065435,0.047754,2.211,0.86,66,0.041056,hst,1.613,2.571,0.627,2.571,1.0,1.1119305929315413e-16,drift,104,2.41,1535,hst,1,3.787,native,0,0.0,0.5
wang3,26064,177168,8,0.002,19,False,400,256,0.132132,0.134603,0.235036,0.573,0.562,1.0,0.159918,0.13811,0.957,0.957,,0.132132,delta_baseline,0.826,1.0,0.826,1.0,1.019,2.545046773776027e-16,drift,391,6.859,10113,delta_baseline,0,7.301,relabelled,101,1.3274126425945156e-16,0.5
wang3,26064,177168,8,0.002,20,False,400,256,0.107734,0.045932,0.038667,1.188,2.786,1.188,0.070595,0.052891,2.037,0.868,72,0.045932,hst,1.526,2.345,0.651,2.345,1.0,2.3978588170819393e-16,drift,137,2.762,1687,hst,1,3.937,native,0,0.0,0.5
wang3,26064,177168,8,0.002,20,False,400,256,0.134864,0.127299,0.237156,0.537,0.569,1.0,0.162373,0.141349,0.954,0.901,,0.127299,hst,0.831,1.059,0.784,1.059,1.0,2.3261787111968236e-16,drift,390,6.903,10260,delta_baseline,0,7.423,relabelled,101,1.1823270619442517e-16,0.5
wang3,26064,177168,8,0.002,21,False,400,256,0.10785,0.049804,0.041374,1.204,2.607,1.204,0.072419,0.052887,2.039,0.942,78,0.049804,hst,1.489,2.165,0.688,2.165,1.0,1.1305705384438466e-16,drift,137,2.779,1898,hst,1,4.288,native,0,0.0,0.5
wang3,26064,177168,8,0.002,21,False,400,256,0.136973,0.126016,0.236451,0.533,0.579,1.0,0.166044,0.143641,0.954,0.877,,0.126016,hst,0.825,1.087,0.759,1.087,1.0,2.233599252826717e-16,drift,398,6.911,10279,delta_baseline,0,7.64,relabelled,101,2.662975275731638e-16,0.5
wang3,26064,177168,8,0.01,17,False,400,256,0.112737,0.066636,0.069344,0.961,1.626,1.0,0.094775,0.07517,1.5,0.886,130,0.066636,hst,1.19,1.692,0.703,1.692,1.0,1.1305705384438466e-16,drift,317,1.893,2115,hst,1,4.874,native,0,0.0,0.5
wang3,26064,177168,8,0.01,17,False,400,256,0.142411,0.134581,0.292826,0.46,0.486,1.0,0.163023,0.13949,1.021,0.965,2657,0.134581,hst,0.874,1.058,0.826,1.058,1.0,2.1998800226917256e-16,drift,399,5.091,10270,hst,1,7.759,relabelled,101,1.3360858238079715e-16,0.5
wang3,26064,177168,8,0.01,18,False,400,256,0.111735,0.061049,0.062421,0.978,1.79,1.0,0.088221,0.070106,1.594,0.871,103,0.061049,hst,1.267,1.83,0.692,1.83,1.0,2.415345571415648e-16,drift,276,4.43,2075,hst,1,4.283,native,0,0.0,0.5
wang3,26064,177168,8,0.01,18,False,400,256,0.13986,0.13323,0.294167,0.453,0.475,1.0,0.17243,0.147818,0.946,0.901,,0.13323,hst,0.811,1.05,0.773,1.05,1.0,1.1412571772987022e-16,drift,399,5.357,10282,delta_baseline,0,8.185,relabelled,101,2.5530116335172e-16,0.5
wang3,26064,177168,8,0.01,19,False,400,256,0.109588,0.054736,0.050689,1.08,2.162,1.08,0.080844,0.062596,1.751,0.874,90,0.054736,hst,1.356,2.002,0.677,2.002,1.0,1.1119305929315413e-16,drift,245,4.253,1592,hst,1,4.23,native,0,0.0,0.5
wang3,26064,177168,8,0.01,19,False,400,256,0.137015,0.133506,0.295669,0.452,0.463,1.0,0.165674,0.143483,0.955,0.93,,0.133506,hst,0.827,1.026,0.806,1.026,1.0,2.545046773776027e-16,drift,399,4.939,10300,delta_baseline,0,7.645,relabelled,101,1.3274126425945156e-16,0.5
wang3,26064,177168,8,0.01,20,False,400,256,0.111302,0.06303,0.062231,1.013,1.789,1.013,0.090218,0.0711,1.565,0.886,116,0.06303,hst,1.234,1.766,0.699,1.766,1.0,2.3978588170819393e-16,drift,298,4.106,2154,hst,1,4.677,native,0,0.0,0.5
wang3,26064,177168,8,0.01,20,False,400,256,0.139413,0.133261,0.295892,0.45,0.471,1.0,0.169896,0.147286,0.947,0.905,,0.133261,hst,0.821,1.046,0.784,1.046,1.0,2.3261787111968236e-16,drift,399,5.499,10475,delta_baseline,0,7.861,relabelled,101,1.1823270619442517e-16,0.5
wang3,26064,177168,8,0.01,21,False,400,256,0.111638,0.062763,0.064608,0.971,1.728,1.0,0.089229,0.070822,1.576,0.886,111,0.062763,hst,1.251,1.779,0.703,1.779,1.0,1.1305705384438466e-16,drift,278,4.481,2208,hst,1,4.532,native,0,0.0,0.5
wang3,26064,177168,8,0.01,21,False,400,256,0.140984,0.133089,0.295012,0.451,0.478,1.0,0.16891,0.147126,0.958,0.905,,0.133089,hst,0.835,1.059,0.788,1.059,1.0,2.233599252826717e-16,drift,399,4.954,10420,delta_baseline,0,7.594,relabelled,101,2.662975275731638e-16,0.5
wang3,26064,177168,8,0.05,17,False,400,256,0.114447,0.082768,0.12855,0.644,0.89,1.0,0.109834,0.090335,1.267,0.916,220,0.082768,hst,1.042,1.383,0.754,1.383,1.0,1.1305705384438466e-16,drift,399,2.809,2732,hst,1,5.303,native,0,0.0,0.5
wang3,26064,177168,8,0.05,17,False,400,256,0.144803,0.151192,0.502725,0.301,0.288,1.0,0.175178,0.151577,0.955,0.955,,0.144803,delta_baseline,0.827,1.0,0.827,1.0,1.044,2.1998800226917256e-16,drift,399,7.235,10374,delta_baseline,0,8.158,relabelled,101,1.3360858238079715e-16,0.5
wang3,26064,177168,8,0.05,18,False,400,256,0.114312,0.083621,0.131527,0.636,0.869,1.0,0.110083,0.090921,1.257,0.92,222,0.083621,hst,1.038,1.367,0.76,1.367,1.0,2.415345571415648e-16,drift,398,3.602,2848,hst,1,5.183,native,0,0.0,0.5
wang3,26064,177168,8,0.05,18,False,400,256,0.144313,0.15283,0.495291,0.309,0.291,1.0,0.173193,0.150052,0.962,0.962,,0.144313,delta_baseline,0.833,1.0,0.833,1.0,1.059,1.1412571772987022e-16,drift,399,7.367,10279,delta_baseline,0,8.01,relabelled,101,2.5530116335172e-16,0.5
wang3,26064,177168,8,0.05,19,False,400,256,0.112211,0.083401,0.131336,0.635,0.854,1.0,0.111669,0.092821,1.209,0.899,264,0.083401,hst,1.005,1.345,0.747,1.345,1.0,1.1119305929315413e-16,drift,399,2.902,2777,hst,1,5.127,native,0,0.0,0.5
wang3,26064,177168,8,0.05,19,False,400,256,0.142493,0.149546,0.495506,0.302,0.288,1.0,0.17367,0.150215,0.949,0.949,,0.142493,delta_baseline,0.82,1.0,0.82,1.0,1.049,2.545046773776027e-16,drift,399,7.325,10243,delta_baseline,0,8.159,relabelled,101,1.3274126425945156e-16,0.5
wang3,26064,177168,8,0.05,20,False,400,256,0.112947,0.081307,0.126091,0.645,0.896,1.0,0.109431,0.089836,1.257,0.905,231,0.081307,hst,1.032,1.389,0.743,1.389,1.0,2.3978588170819393e-16,drift,398,2.345,2562,hst,1,5.341,native,0,0.0,0.5
wang3,26064,177168,8,0.05,20,False,400,256,0.141873,0.148472,0.500589,0.297,0.283,1.0,0.170957,0.147454,0.962,0.962,,0.141873,delta_baseline,0.83,1.0,0.83,1.0,1.047,2.3261787111968236e-16,drift,399,1.0,10379,delta_baseline,0,8.028,relabelled,101,1.1823270619442517e-16,0.5
wang3,26064,177168,8,0.05,21,False,400,256,0.113633,0.088084,0.140796,0.626,0.807,1.0,0.116373,0.097442,1.166,0.904,327,0.088084,hst,0.976,1.29,0.757,1.29,1.0,1.1305705384438466e-16,drift,399,4.313,2917,hst,1,5.296,native,0,0.0,0.5
wang3,26064,177168,8,0.05,21,False,400,256,0.14381,0.150497,0.502164,0.3,0.286,1.0,0.173915,0.150461,0.956,0.956,,0.14381,delta_baseline,0.827,1.0,0.827,1.0,1.047,2.233599252826717e-16,drift,399,7.506,10422,delta_baseline,0,8.22,relabelled,101,2.662975275731638e-16,0.5
wang3,26064,177168,8,0.25,17,False,400,256,0.115128,0.105132,0.296556,0.355,0.388,1.0,0.125941,0.106252,1.084,0.989,650,0.105132,hst,0.914,1.095,0.835,1.095,1.0,1.1305705384438466e-16,drift,399,5.165,2726,hst,1,5.769,native,0,0.0,0.5
wang3,26064,177168,8,0.25,17,False,400,256,0.145159,0.168177,1.379345,0.122,0.105,1.0,0.177631,0.152328,0.953,0.953,,0.145159,delta_baseline,0.817,1.0,0.817,1.0,1.159,2.1998800226917256e-16,drift,399,2.989,10419,delta_baseline,0,8.773,relabelled,101,1.3360858238079715e-16,0.5
wang3,26064,177168,8,0.25,18,False,400,256,0.113959,0.102851,0.303077,0.339,0.376,1.0,0.129717,0.111255,1.024,0.924,2071,0.102851,hst,0.879,1.108,0.793,1.108,1.0,2.415345571415648e-16,drift,399,5.162,3239,hst,1,5.6,native,0,0.0,0.5
wang3,26064,177168,8,0.25,18,False,400,256,0.145959,0.167935,1.386287,0.121,0.105,1.0,0.17667,0.153069,0.954,0.954,,0.145959,delta_baseline,0.826,1.0,0.826,1.0,1.151,1.1412571772987022e-16,drift,399,4.085,10210,delta_baseline,0,8.444,relabelled,101,2.5530116335172e-16,0.5
wang3,26064,177168,8,0.25,19,False,400,256,0.112952,0.098768,0.29206,0.338,0.387,1.0,0.12434,0.105768,1.068,0.934,754,0.098768,hst,0.908,1.144,0.794,1.144,1.0,1.1119305929315413e-16,drift,399,2.224,2973,hst,1,5.414,native,0,0.0,0.5
wang3,26064,177168,8,0.25,19,False,400,256,0.145779,0.171772,1.390966,0.123,0.105,1.0,0.176626,0.152578,0.955,0.955,,0.145779,delta_baseline,0.825,1.0,0.825,1.0,1.178,2.545046773776027e-16,drift,399,7.509,10342,delta_baseline,0,8.421,relabelled,101,1.3274126425945156e-16,0.5
wang3,26064,177168,8,0.25,20,False,400,256,0.113012,0.092978,0.280426,0.332,0.403,1.0,0.122241,0.103206,1.095,0.901,566,0.092978,hst,0.925,1.215,0.761,1.215,1.0,2.3978588170819393e-16,drift,399,2.937,2811,hst,1,5.554,native,0,0.0,0.5
wang3,26064,177168,8,0.25,20,False,400,256,0.14443,0.169767,1.372336,0.124,0.105,1.0,0.176176,0.151726,0.952,0.952,,0.14443,delta_baseline,0.82,1.0,0.82,1.0,1.175,2.3261787111968236e-16,drift,399,1.0,10251,delta_baseline,0,8.537,relabelled,101,1.1823270619442517e-16,0.5
wang3,26064,177168,8,0.25,21,False,400,256,0.113594,0.097184,0.288139,0.337,0.394,1.0,0.125003,0.105556,1.076,0.921,721,0.097184,hst,0.909,1.169,0.777,1.169,1.0,1.1305705384438466e-16,drift,399,4.744,3165,hst,1,5.796,native,0,0.0,0.5
wang3,26064,177168,8,0.25,21,False,400,256,0.145844,0.167775,1.411874,0.119,0.103,1.0,0.177292,0.152524,0.956,0.956,,0.145844,delta_baseline,0.823,1.0,0.823,1.0,1.15,2.233599252826717e-16,drift,399,2.116,10185,delta_baseline,0,8.628,relabelled,101,2.662975275731638e-16,0.5
ct20stif,52329,2600295,8,0.0,17,False,400,256,0.026594,0.055051,0.049206,1.119,0.54,1.0,0.028411,0.026465,1.005,1.005,0,0.026594,delta_baseline,0.936,1.0,0.936,1.0,2.07,3.403944480715774e-16,drift,0,1.0,1371,delta_baseline,0,0.0,native,0,0.0,0.5
ct20stif,52329,2600295,8,0.0,17,False,400,256,0.02876,0.433138,0.581074,0.745,0.049,1.0,0.030465,0.028018,1.026,1.026,0,0.02876,delta_baseline,0.944,1.0,0.944,1.0,15.06,3.2504832069570006e-16,drift,0,1.0,41471,delta_baseline,0,0.0,relabelled,101,2.9153251518479167e-16,0.5
ct20stif,52329,2600295,8,0.0,18,False,400,256,0.020826,0.036572,0.032653,1.12,0.638,1.0,0.022266,0.020849,0.999,0.999,,0.020826,delta_baseline,0.935,1.0,0.935,1.0,1.756,3.351339203340676e-16,drift,0,1.0,708,delta_baseline,0,0.0,native,0,0.0,0.5
ct20stif,52329,2600295,8,0.0,18,False,400,256,0.021371,0.415363,0.562896,0.738,0.038,1.0,0.023091,0.021442,0.997,0.997,,0.021371,delta_baseline,0.926,1.0,0.926,1.0,19.436,2.9577521844321694e-16,drift,0,1.0,41864,delta_baseline,0,0.0,relabelled,101,3.863062943548769e-16,0.5
ct20stif,52329,2600295,8,0.0,19,False,400,256,0.023308,0.042975,0.039007,1.102,0.598,1.0,0.02494,0.023247,1.003,1.003,0,0.023308,delta_baseline,0.935,1.0,0.935,1.0,1.844,2.600013994931016e-16,drift,0,1.0,1065,delta_baseline,0,0.0,native,0,0.0,0.5
ct20stif,52329,2600295,8,0.0,19,False,400,256,0.024385,0.409965,0.567044,0.723,0.043,1.0,0.026248,0.024218,1.007,1.007,0,0.024385,delta_baseline,0.929,1.0,0.929,1.0,16.812,1.133966420591672e-16,drift,0,1.0,41616,delta_baseline,0,0.0,relabelled,101,1.5651048963684422e-16,0.5
ct20stif,52329,2600295,8,0.0,20,False,400,256,0.024419,0.043349,0.039995,1.084,0.611,1.0,0.026165,0.024459,0.998,0.998,,0.024419,delta_baseline,0.933,1.0,0.933,1.0,1.775,5.949530076200267e-16,drift,0,1.0,1140,delta_baseline,0,0.0,native,0,0.0,0.5
ct20stif,52329,2600295,8,0.0,20,False,400,256,0.026235,0.411456,0.557437,0.738,0.047,1.0,0.027942,0.025855,1.015,1.015,0,0.026235,delta_baseline,0.939,1.0,0.939,1.0,15.683,2.7318955436720856e-16,drift,0,1.0,40762,delta_baseline,0,0.0,relabelled,101,4.0616131865267723e-16,0.5
ct20stif,52329,2600295,8,0.0,21,False,400,256,0.028087,0.049885,0.046026,1.084,0.61,1.0,0.02902,0.027001,1.04,1.04,0,0.028087,delta_baseline,0.968,1.0,0.968,1.0,1.776,4.493998728164776e-16,drift,0,1.0,1421,delta_baseline,0,0.0,native,0,0.0,0.5
ct20stif,52329,2600295,8,0.0,21,False,400,256,0.029523,0.431478,0.574836,0.751,0.051,1.0,0.031223,0.028725,1.028,1.028,0,0.029523,delta_baseline,0.946,1.0,0.946,1.0,14.615,2.2473322170790034e-16,drift,0,1.0,41747,delta_baseline,0,0.0,relabelled,101,3.145397209230544e-16,0.5
ct20stif,52329,2600295,8,0.002,17,False,400,256,0.745193,0.084536,0.071417,1.184,10.434,1.184,0.099335,0.083403,8.935,1.014,2,0.084536,hst,7.502,8.815,0.851,8.815,1.0,3.403944480715774e-16,drift,64,2.211,2347,hst,1,1.358,native,0,0.0,0.5
ct20stif,52329,2600295,8,0.002,17,False,400,256,0.890053,0.491527,1.393364,0.353,0.639,1.0,0.600207,0.497464,1.789,0.988,71,0.491527,hst,1.483,1.811,0.819,1.811,1.0,3.2504832069570006e-16,drift,387,3.648,41484,hst,1,27.745,relabelled,101,2.9153251518479167e-16,0.5
ct20stif,52329,2600295,8,0.002,18,False,400,256,0.461186,0.041759,0.037709,1.107,12.23,1.107,0.055143,0.04423,10.427,0.944,3,0.041759,hst,8.364,11.044,0.757,11.044,1.0,3.351339203340676e-16,drift,16,1.887,879,hst,1,1.131,native,0,0.0,0.5
ct20stif,52329,2600295,8,0.002,18,False,400,256,0.555555,0.454841,1.282266,0.355,0.433,1.0,0.528151,0.462433,1.201,0.984,251,0.454841,hst,1.052,1.221,0.861,1.221,1.0,2.9577521844321694e-16,drift,375,3.349,41421,hst,1,23.4,relabelled,101,3.863062943548769e-16,0.5
ct20stif,52329,2600295,8,0.002,19,False,400,256,0.579994,0.064097,0.061199,1.047,9.477,1.047,0.079803,0.068493,8.468,0.936,2,0.064097,hst,7.268,9.049,0.803,9.049,1.0,2.600013994931016e-16,drift,70,2.322,1628,hst,1,1.222,native,0,0.0,0.5
ct20stif,52329,2600295,8,0.002,19,False,400,256,0.717968,0.469905,1.341219,0.35,0.535,1.0,0.544792,0.47364,1.516,0.992,93,0.469905,hst,1.318,1.528,0.863,1.528,1.0,1.133966420591672e-16,drift,386,3.881,41357,hst,1,22.672,relabelled,101,1.5651048963684422e-16,0.5
ct20stif,52329,2600295,8,0.002,20,False,400,256,0.635142,0.063282,0.05823,1.087,10.908,1.087,0.082415,0.067763,9.373,0.934,2,0.063282,hst,7.707,10.037,0.768,10.037,1.0,5.949530076200267e-16,drift,63,2.178,1527,hst,1,1.267,native,0,0.0,0.5
ct20stif,52329,2600295,8,0.002,20,False,400,256,0.788423,0.46883,1.300773,0.36,0.606,1.0,0.552572,0.47384,1.664,0.989,73,0.46883,hst,1.427,1.682,0.848,1.682,1.0,2.7318955436720856e-16,drift,382,3.589,41111,hst,1,22.867,relabelled,101,4.0616131865267723e-16,0.5
ct20stif,52329,2600295,8,0.002,21,False,400,256,0.722982,0.067231,0.068641,0.979,10.533,1.0,0.097454,0.071364,10.131,0.942,8,0.067231,hst,7.419,10.754,0.69,10.754,1.0,4.493998728164776e-16,drift,58,2.342,2200,hst,1,5.168,native,0,0.0,0.5
ct20stif,52329,2600295,8,0.002,21,False,400,256,0.859384,0.480613,1.302716,0.369,0.66,1.0,0.576966,0.486811,1.765,0.987,65,0.480613,hst,1.489,1.788,0.833,1.788,1.0,2.2473322170790034e-16,drift,376,3.599,41315,hst,1,24.246,relabelled,101,3.145397209230544e-16,0.5
ct20stif,52329,2600295,8,0.01,17,False,400,256,0.778878,0.089361,0.094346,0.947,8.256,1.0,0.110445,0.095287,8.174,0.938,2,0.089361,hst,7.052,8.716,0.809,8.716,1.0,3.403944480715774e-16,drift,153,3.121,2523,hst,1,1.356,native,0,0.0,0.5
ct20stif,52329,2600295,8,0.01,17,False,400,256,0.945945,0.499606,1.845689,0.271,0.513,1.0,0.636204,0.547074,1.729,0.913,62,0.499606,hst,1.487,1.893,0.785,1.893,1.0,3.2504832069570006e-16,drift,399,3.417,41530,hst,1,24.711,relabelled,101,2.9153251518479167e-16,0.5
ct20stif,52329,2600295,8,0.01,18,False,400,256,0.487914,0.050258,0.045181,1.112,10.799,1.112,0.066089,0.054477,8.956,0.923,3,0.050258,hst,7.383,9.708,0.76,9.708,1.0,3.351339203340676e-16,drift,64,2.341,941,hst,1,1.201,native,0,0.0,0.5
ct20stif,52329,2600295,8,0.01,18,False,400,256,0.59292,0.467114,1.716482,0.272,0.345,1.0,0.542481,0.474831,1.249,0.984,194,0.467114,hst,1.093,1.269,0.861,1.269,1.0,2.9577521844321694e-16,drift,398,3.592,41282,hst,1,22.919,relabelled,101,3.863062943548769e-16,0.5
ct20stif,52329,2600295,8,0.01,19,False,400,256,0.589762,0.075014,0.07421,1.011,7.947,1.011,0.093631,0.080574,7.32,0.931,3,0.075014,hst,6.299,7.862,0.801,7.862,1.0,2.600013994931016e-16,drift,155,3.51,1720,hst,1,1.284,native,0,0.0,0.5
ct20stif,52329,2600295,8,0.01,19,False,400,256,0.753373,0.487075,1.796813,0.271,0.419,1.0,0.590186,0.499716,1.508,0.975,107,0.487075,hst,1.277,1.547,0.825,1.547,1.0,1.133966420591672e-16,drift,399,3.808,41521,hst,1,27.068,relabelled,101,1.5651048963684422e-16,0.5
ct20stif,52329,2600295,8,0.01,20,False,400,256,0.664958,0.08334,0.086526,0.963,7.685,1.0,0.111992,0.08953,7.427,0.931,8,0.08334,hst,5.938,7.979,0.744,7.979,1.0,5.949530076200267e-16,drift,169,4.103,2046,hst,1,4.716,native,0,0.0,0.5
ct20stif,52329,2600295,8,0.01,20,False,400,256,0.838761,0.491142,1.806179,0.272,0.464,1.0,0.589363,0.506212,1.657,0.97,73,0.491142,hst,1.423,1.708,0.833,1.708,1.0,2.7318955436720856e-16,drift,399,3.388,41208,hst,1,24.198,relabelled,101,4.0616131865267723e-16,0.5
ct20stif,52329,2600295,8,0.01,21,False,400,256,0.767126,0.076562,0.078786,0.972,9.737,1.0,0.098188,0.082601,9.287,0.927,2,0.076562,hst,7.813,10.02,0.78,10.02,1.0,4.493998728164776e-16,drift,118,3.196,2442,hst,1,1.364,native,0,0.0,0.5
ct20stif,52329,2600295,8,0.01,21,False,400,256,0.925937,0.496849,1.81756,0.273,0.509,1.0,0.597153,0.505504,1.832,0.983,58,0.496849,hst,1.551,1.864,0.832,1.864,1.0,2.2473322170790034e-16,drift,398,3.288,42377,hst,1,24.216,relabelled,101,3.145397209230544e-16,0.5
ct20stif,52329,2600295,8,0.05,17,False,400,256,0.786046,0.110281,0.150589,0.732,5.22,1.0,0.131131,0.115792,6.788,0.952,2,0.110281,hst,5.994,7.128,0.841,7.128,1.0,3.403944480715774e-16,drift,353,3.518,2167,hst,1,1.386,native,0,0.0,0.5
ct20stif,52329,2600295,8,0.05,17,False,400,256,0.968391,0.548715,3.470428,0.158,0.279,1.0,0.623965,0.530059,1.827,1.035,57,0.548715,hst,1.552,1.765,0.879,1.765,1.0,3.2504832069570006e-16,drift,399,2.528,41362,hst,1,24.766,relabelled,101,2.9153251518479167e-16,0.5
ct20stif,52329,2600295,8,0.05,18,False,400,256,0.517673,0.084219,0.087445,0.963,5.92,1.0,0.100696,0.09065,5.711,0.929,3,0.084219,hst,5.141,6.147,0.836,6.147,1.0,3.351339203340676e-16,drift,308,3.208,1062,hst,1,1.179,native,0,0.0,0.5
ct20stif,52329,2600295,8,0.05,18,False,400,256,0.645659,0.504237,3.273231,0.154,0.197,1.0,0.569798,0.501296,1.288,1.006,162,0.504237,hst,1.133,1.28,0.885,1.28,1.0,2.9577521844321694e-16,drift,399,5.61,41354,hst,1,23.352,relabelled,101,3.863062943548769e-16,0.5
ct20stif,52329,2600295,8,0.05,19,False,400,256,0.632305,0.100846,0.122517,0.823,5.161,1.0,0.118553,0.106213,5.953,0.949,3,0.100846,hst,5.334,6.27,0.851,6.27,1.0,2.600013994931016e-16,drift,347,2.951,2293,hst,1,1.319,native,0,0.0,0.5
ct20stif,52329,2600295,8,0.05,19,False,400,256,0.801351,0.531872,3.331628,0.16,0.241,1.0,0.598059,0.514726,1.557,1.033,86,0.531872,hst,1.34,1.507,0.889,1.507,1.0,1.133966420591672e-16,drift,399,2.998,41523,hst,1,24.54,relabelled,101,1.5651048963684422e-16,0.5
ct20stif,52329,2600295,8,0.05,20,False,400,256,0.660504,0.108453,0.142193,0.763,4.645,1.0,0.127539,0.114874,5.75,0.944,2,0.108453,hst,5.179,6.09,0.85,6.09,1.0,5.949530076200267e-16,drift,362,2.021,2448,hst,1,1.352,native,0,0.0,0.5
ct20stif,52329,2600295,8,0.05,20,False,400,256,0.833579,0.533483,3.424357,0.156,0.243,1.0,0.600057,0.514918,1.619,1.036,76,0.533483,hst,1.389,1.563,0.889,1.563,1.0,2.7318955436720856e-16,drift,399,2.76,41509,hst,1,24.188,relabelled,101,4.0616131865267723e-16,0.5
ct20stif,52329,2600295,8,0.05,21,False,400,256,0.68984,0.093277,0.109045,0.855,6.326,1.0,0.114475,0.098097,7.032,0.951,2,0.093277,hst,6.026,7.396,0.815,7.396,1.0,4.493998728164776e-16,drift,310,2.721,1156,hst,1,1.359,native,0,0.0,0.5
ct20stif,52329,2600295,8,0.05,21,False,400,256,0.85441,0.524289,3.358878,0.156,0.254,1.0,0.619892,0.523167,1.633,1.002,76,0.524289,hst,1.378,1.63,0.846,1.63,1.0,2.2473322170790034e-16,drift,399,5.702,41403,hst,1,25.334,relabelled,101,3.145397209230544e-16,0.5
ct20stif,52329,2600295,8,0.25,17,False,400,256,0.787508,0.128039,0.320424,0.4,2.458,1.0,0.145371,0.128209,6.142,0.999,2,0.128039,hst,5.417,6.151,0.881,6.151,1.0,3.403944480715774e-16,drift,399,3.589,1826,hst,1,1.564,native,0,0.0,0.5
ct20stif,52329,2600295,8,0.25,17,False,400,256,0.964164,0.593716,10.239827,0.058,0.094,1.0,0.66546,0.565759,1.704,1.049,67,0.593716,hst,1.449,1.624,0.892,1.624,1.0,3.2504832069570006e-16,drift,399,1.768,41487,hst,1,26.762,relabelled,101,2.9153251518479167e-16,0.5
ct20stif,52329,2600295,8,0.25,18,False,400,256,0.560962,0.102969,0.211621,0.487,2.651,1.0,0.118564,0.106753,5.255,0.965,3,0.102969,hst,4.731,5.448,0.868,5.448,1.0,3.351339203340676e-16,drift,397,1.248,1518,hst,1,1.327,native,0,0.0,0.5
ct20stif,52329,2600295,8,0.25,18,False,400,256,0.705717,0.55958,9.297691,0.06,0.076,1.0,0.61524,0.543558,1.298,1.029,153,0.55958,hst,1.147,1.261,0.91,1.261,1.0,2.9577521844321694e-16,drift,399,3.163,41402,hst,1,24.8,relabelled,101,3.863062943548769e-16,0.5
ct20stif,52329,2600295,8,0.25,19,False,400,256,0.705436,0.120402,0.280066,0.43,2.519,1.0,0.136089,0.122881,5.741,0.98,2,0.120402,hst,5.184,5.859,0.885,5.859,1.0,2.600013994931016e-16,drift,399,3.722,2768,hst,1,1.417,native,0,0.0,0.5
ct20stif,52329,2600295,8,0.25,19,False,400,256,0.873619,0.575191,10.101422,0.057,0.086,1.0,0.654441,0.56402,1.549,1.02,91,0.575191,hst,1.335,1.519,0.879,1.519,1.0,1.133966420591672e-16,drift,399,4.84,41957,hst,1,28.069,relabelled,101,1.5651048963684422e-16,0.5
ct20stif,52329,2600295,8,0.25,20,False,400,256,0.696993,0.12384,0.308902,0.401,2.256,1.0,0.141331,0.127728,5.457,0.97,3,0.12384,hst,4.932,5.628,0.876,5.628,1.0,5.949530076200267e-16,drift,399,3.928,2908,hst,1,1.457,native,0,0.0,0.5
ct20stif,52329,2600295,8,0.25,20,False,400,256,0.849716,0.560432,9.803808,0.057,0.087,1.0,0.640958,0.556662,1.526,1.007,86,0.560432,hst,1.326,1.516,0.874,1.516,1.0,2.7318955436720856e-16,drift,399,2.369,41637,hst,1,25.262,relabelled,101,4.0616131865267723e-16,0.5
ct20stif,52329,2600295,8,0.25,21,False,400,256,0.768734,0.125862,0.318132,0.396,2.416,1.0,0.145371,0.129479,5.937,0.972,2,0.125862,hst,5.288,6.108,0.866,6.108,1.0,4.493998728164776e-16,drift,399,3.855,1945,hst,1,1.459,native,0,0.0,0.5
ct20stif,52329,2600295,8,0.25,21,False,400,256,0.934875,0.561176,10.170852,0.055,0.092,1.0,0.668872,0.573034,1.631,0.979,73,0.561176,hst,1.398,1.666,0.839,1.666,1.0,2.2473322170790034e-16,drift,399,3.314,41378,hst,1,26.382,relabelled,101,3.145397209230544e-16,0.5
bcsstk18,11948,149090,8,0.0,17,False,400,256,0.011351,0.029976,0.025699,1.166,0.442,1.0,0.012205,0.011457,0.991,0.991,,0.011351,delta_baseline,0.93,1.0,0.93,1.0,2.641,8.625236741385534e-17,drift,0,1.0,1010,delta_baseline,0,0.0,native,0,0.0,0.5
bcsstk18,11948,149090,8,0.0,17,False,400,256,0.011699,0.113711,0.127843,0.889,0.092,1.0,0.0131,0.012265,0.954,0.954,,0.011699,delta_baseline,0.893,1.0,0.893,1.0,9.72,1.5884889943442882e-16,drift,0,1.0,9181,delta_baseline,0,0.0,relabelled,101,4.2537833899787057e-16,0.5
bcsstk18,11948,149090,8,0.0,18,False,400,256,0.010741,0.030242,0.02553,1.185,0.421,1.0,0.012071,0.011358,0.946,0.946,,0.010741,delta_baseline,0.89,1.0,0.89,1.0,2.816,1.7955529896133775e-16,drift,0,1.0,1131,delta_baseline,0,0.0,native,0,0.0,0.5
bcsstk18,11948,149090,8,0.0,18,False,400,256,0.012031,0.106834,0.124236,0.86,0.097,1.0,0.013236,0.012363,0.973,0.973,,0.012031,delta_baseline,0.909,1.0,0.909,1.0,8.88,2.2681219355275616e-16,drift,0,1.0,8932,delta_baseline,0,0.0,relabelled,101,1.0460263449225332e-16,0.5
bcsstk18,11948,149090,8,0.0,19,False,400,256,0.009854,0.027816,0.02425,1.147,0.406,1.0,0.011366,0.010692,0.922,0.922,,0.009854,delta_baseline,0.867,1.0,0.867,1.0,2.823,1.3804959837172369e-16,drift,0,1.0,1151,delta_baseline,0,0.0,native,0,0.0,0.5
bcsstk18,11948,149090,8,0.0,19,False,400,256,0.010807,0.105181,0.126365,0.832,0.086,1.0,0.011951,0.011185,0.966,0.966,,0.010807,delta_baseline,0.904,1.0,0.904,1.0,9.732,1.4178673114026359e-16,drift,0,1.0,9072,delta_baseline,0,0.0,relabelled,101,1.94458909963134e-16,0.5
bcsstk18,11948,149090,8,0.0,20,False,400,256,0.0099,0.0285,0.024057,1.185,0.412,1.0,0.01141,0.010791,0.917,0.917,,0.0099,delta_baseline,0.868,1.0,0.868,1.0,2.879,2.057824038214574e-16,drift,0,1.0,1194,delta_baseline,0,0.0,native,0,0.0,0.5
bcsstk18,11948,149090,8,0.0,20,False,400,256,0.011169,0.108542,0.123844,0.876,0.09,1.0,0.012471,0.011735,0.952,0.952,,0.011169,delta_baseline,0.896,1.0,0.896,1.0,9.718,3.39709234080385e-16,drift,0,1.0,9012,delta_baseline,0,0.0,relabelled,101,1.4480570749677012e-16,0.5
bcsstk18,11948,149090,8,0.0,21,False,400,256,0.010147,0.028079,0.023816,1.179,0.426,1.0,0.011638,0.010972,0.925,0.925,,0.010147,delta_baseline,0.872,1.0,0.872,1.0,2.767,3.703333649681202e-16,drift,0,1.0,918,delta_baseline,0,0.0,native,0,0.0,0.5
bcsstk18,11948,149090,8,0.0,21,False,400,256,0.011513,0.112565,0.128152,0.878,0.09,1.0,0.01288,0.012075,0.953,0.953,,0.011513,delta_baseline,0.894,1.0,0.894,1.0,9.777,1.5528092908947267e-16,drift,0,1.0,9199,delta_baseline,0,0.0,relabelled,101,1.427530661827728e-16,0.5
bcsstk18,11948,149090,8,0.002,17,False,400,256,0.247356,0.049768,0.039174,1.27,6.314,1.27,0.061132,0.052415,4.719,0.95,9,0.049768,hst,4.046,4.97,0.814,4.97,1.0,8.625236741385534e-17,drift,86,2.357,1384,hst,1,1.801,native,0,0.0,0.5
bcsstk18,11948,149090,8,0.002,17,False,400,256,0.278938,0.157776,0.323565,0.488,0.862,1.0,0.19726,0.16631,1.677,0.949,70,0.157776,hst,1.414,1.768,0.8,1.768,1.0,1.5884889943442882e-16,drift,393,3.547,9127,hst,1,7.917,relabelled,101,4.2537833899787057e-16,0.5
bcsstk18,11948,149090,8,0.002,18,False,400,256,0.228798,0.043339,0.037015,1.171,6.181,1.171,0.054292,0.046184,4.954,0.938,5,0.043339,hst,4.214,5.279,0.798,5.279,1.0,1.7955529896133775e-16,drift,64,2.302,1366,hst,1,0.997,native,0,0.0,0.5
bcsstk18,11948,149090,8,0.002,18,False,400,256,0.261374,0.150972,0.305842,0.494,0.855,1.0,0.19008,0.160674,1.627,0.94,74,0.150972,hst,1.375,1.731,0.794,1.731,1.0,2.2681219355275616e-16,drift,384,3.411,9002,hst,1,7.408,relabelled,101,1.0460263449225332e-16,0.5
bcsstk18,11948,149090,8,0.002,19,False,400,256,0.19554,0.045331,0.040547,1.118,4.823,1.118,0.059206,0.048908,3.998,0.927,9,0.045331,hst,3.303,4.314,0.766,4.314,1.0,1.3804959837172369e-16,drift,121,2.949,1831,hst,1,1.388,native,0,0.0,0.5
bcsstk18,11948,149090,8,0.002,19,False,400,256,0.228103,0.151159,0.303994,0.497,0.75,1.0,0.185638,0.158745,1.437,0.952,107,0.151159,hst,1.229,1.509,0.814,1.509,1.0,1.4178673114026359e-16,drift,389,3.468,9245,hst,1,7.437,relabelled,101,1.94458909963134e-16,0.5
bcsstk18,11948,149090,8,0.002,20,False,400,256,0.203939,0.048327,0.042361,1.141,4.814,1.141,0.083172,0.061751,3.303,0.783,62,0.048327,hst,2.452,4.22,0.581,4.22,1.0,2.057824038214574e-16,drift,109,2.671,1792,hst,1,8.752,native,0,0.0,0.5
bcsstk18,11948,149090,8,0.002,20,False,400,256,0.241133,0.153557,0.301838,0.509,0.799,1.0,0.191488,0.163219,1.477,0.941,98,0.153557,hst,1.259,1.57,0.802,1.57,1.0,3.39709234080385e-16,drift,384,3.562,8996,hst,1,7.672,relabelled,101,1.4480570749677012e-16,0.5
bcsstk18,11948,149090,8,0.002,21,False,400,256,0.222486,0.043532,0.036111,1.206,6.161,1.206,0.051805,0.046628,4.771,0.934,3,0.043532,hst,4.295,5.111,0.84,5.111,1.0,3.703333649681202e-16,drift,87,2.417,1411,hst,1,0.552,native,0,0.0,0.5
bcsstk18,11948,149090,8,0.002,21,False,400,256,0.261505,0.155393,0.314201,0.495,0.832,1.0,0.195016,0.165516,1.58,0.939,82,0.155393,hst,1.341,1.683,0.797,1.683,1.0,1.5528092908947267e-16,drift,389,3.452,9095,hst,1,7.91,relabelled,101,1.427530661827728e-16,0.5
bcsstk18,11948,149090,8,0.01,17,False,400,256,0.265236,0.068367,0.063278,1.08,4.192,1.08,0.078465,0.073698,3.599,0.928,3,0.068367,hst,3.38,3.88,0.871,3.88,1.0,8.625236741385534e-17,drift,226,3.274,1828,hst,1,0.628,native,0,0.0,0.5
bcsstk18,11948,149090,8,0.01,17,False,400,256,0.302665,0.164816,0.421066,0.391,0.719,1.0,0.203682,0.171536,1.764,0.961,62,0.164816,hst,1.486,1.836,0.809,1.836,1.0,1.5884889943442882e-16,drift,399,3.074,9072,hst,1,8.076,relabelled,101,4.2537833899787057e-16,0.5
bcsstk18,11948,149090,8,0.01,18,False,400,256,0.23597,0.058534,0.053499,1.094,4.411,1.094,0.082218,0.062594,3.77,0.935,15,0.058534,hst,2.87,4.031,0.712,4.031,1.0,1.7955529896133775e-16,drift,199,3.535,2058,hst,1,2.532,native,0,0.0,0.5
bcsstk18,11948,149090,8,0.01,18,False,400,256,0.274405,0.159662,0.42143,0.379,0.651,1.0,0.203753,0.171183,1.603,0.933,78,0.159662,hst,1.347,1.719,0.784,1.719,1.0,2.2681219355275616e-16,drift,399,2.897,9051,hst,1,8.096,relabelled,101,1.0460263449225332e-16,0.5
bcsstk18,11948,149090,8,0.01,19,False,400,256,0.203896,0.063975,0.059546,1.074,3.424,1.074,0.095883,0.071697,2.844,0.892,31,0.063975,hst,2.127,3.187,0.667,3.187,1.0,1.3804959837172369e-16,drift,252,1.245,1968,hst,1,4.043,native,0,0.0,0.5
bcsstk18,11948,149090,8,0.01,19,False,400,256,0.242342,0.156225,0.39655,0.394,0.611,1.0,0.194212,0.165561,1.464,0.944,100,0.156225,hst,1.248,1.551,0.804,1.551,1.0,1.4178673114026359e-16,drift,399,3.076,9119,hst,1,7.706,relabelled,101,1.94458909963134e-16,0.5
bcsstk18,11948,149090,8,0.01,20,False,400,256,0.220033,0.077274,0.070471,1.097,3.122,1.097,0.107602,0.084317,2.61,0.916,28,0.077274,hst,2.045,2.847,0.718,2.847,1.0,2.057824038214574e-16,drift,261,4.159,2421,hst,1,3.814,native,0,0.0,0.5
bcsstk18,11948,149090,8,0.01,20,False,400,256,0.264744,0.158406,0.407825,0.388,0.649,1.0,0.195429,0.166433,1.591,0.952,80,0.158406,hst,1.355,1.671,0.811,1.671,1.0,3.39709234080385e-16,drift,399,3.29,9002,hst,1,7.879,relabelled,101,1.4480570749677012e-16,0.5
bcsstk18,11948,149090,8,0.01,21,False,400,256,0.232668,0.057027,0.052181,1.093,4.459,1.093,0.077342,0.061224,3.8,0.931,12,0.057027,hst,3.008,4.08,0.737,4.08,1.0,3.703333649681202e-16,drift,199,3.248,1626,hst,1,2.131,native,0,0.0,0.5
bcsstk18,11948,149090,8,0.01,21,False,400,256,0.273221,0.159945,0.419123,0.382,0.652,1.0,0.200368,0.169674,1.61,0.943,77,0.159945,hst,1.364,1.708,0.798,1.708,1.0,1.5528092908947267e-16,drift,399,2.694,9098,hst,1,7.989,relabelled,101,1.427530661827728e-16,0.5
bcsstk18,11948,149090,8,0.05,17,False,400,256,0.281151,0.096842,0.125863,0.769,2.234,1.0,0.135752,0.107535,2.614,0.901,29,0.096842,hst,2.071,2.903,0.713,2.903,1.0,8.625236741385534e-17,drift,394,2.673,2055,hst,1,5.039,native,0,0.0,0.5
bcsstk18,11948,149090,8,0.05,17,False,400,256,0.326006,0.171981,0.755356,0.228,0.432,1.0,0.212596,0.179199,1.819,0.96,57,0.171981,hst,1.533,1.896,0.809,1.896,1.0,1.5884889943442882e-16,drift,399,3.038,9030,hst,1,8.336,relabelled,101,4.2537833899787057e-16,0.5
bcsstk18,11948,149090,8,0.05,18,False,400,256,0.268751,0.097027,0.130087,0.746,2.066,1.0,0.136564,0.108943,2.467,0.891,30,0.097027,hst,1.968,2.77,0.71,2.77,1.0,1.7955529896133775e-16,drift,394,2.689,2013,hst,1,4.759,native,0,0.0,0.5
bcsstk18,11948,149090,8,0.05,18,False,400,256,0.317668,0.168719,0.749069,0.225,0.424,1.0,0.211178,0.178403,1.781,0.946,58,0.168719,hst,1.504,1.883,0.799,1.883,1.0,2.2681219355275616e-16,drift,399,3.676,8887,hst,1,8.092,relabelled,101,1.0460263449225332e-16,0.5
bcsstk18,11948,149090,8,0.05,19,False,400,256,0.258093,0.098287,0.132583,0.741,1.947,1.0,0.132797,0.107594,2.399,0.913,32,0.098287,hst,1.944,2.626,0.74,2.626,1.0,1.3804959837172369e-16,drift,397,2.614,2150,hst,1,4.886,native,0,0.0,0.5
bcsstk18,11948,149090,8,0.05,19,False,400,256,0.306172,0.170448,0.752416,0.227,0.407,1.0,0.208241,0.177993,1.72,0.958,63,0.170448,hst,1.47,1.796,0.819,1.796,1.0,1.4178673114026359e-16,drift,399,3.479,8944,hst,1,8.068,relabelled,101,1.94458909963134e-16,0.5
bcsstk18,11948,149090,8,0.05,20,False,400,256,0.268894,0.103636,0.150342,0.689,1.789,1.0,0.143268,0.118412,2.271,0.875,33,0.103636,hst,1.877,2.595,0.723,2.595,1.0,2.057824038214574e-16,drift,392,1.993,2780,hst,1,5.021,native,0,0.0,0.5
bcsstk18,11948,149090,8,0.05,20,False,400,256,0.324193,0.168572,0.754477,0.223,0.43,1.0,0.209825,0.179867,1.802,0.937,56,0.168572,hst,1.545,1.923,0.803,1.923,1.0,3.39709234080385e-16,drift,399,3.658,9076,hst,1,8.142,relabelled,101,1.4480570749677012e-16,0.5
bcsstk18,11948,149090,8,0.05,21,False,400,256,0.244055,0.087107,0.117378,0.742,2.079,1.0,0.123366,0.097048,2.515,0.898,31,0.087107,hst,1.978,2.802,0.706,2.802,1.0,3.703333649681202e-16,drift,383,3.233,1939,hst,1,4.49,native,0,0.0,0.5
bcsstk18,11948,149090,8,0.05,21,False,400,256,0.296195,0.168297,0.744958,0.226,0.398,1.0,0.209806,0.177044,1.673,0.951,70,0.168297,hst,1.412,1.76,0.802,1.76,1.0,1.5528092908947267e-16,drift,399,3.241,9001,hst,1,8.292,relabelled,101,1.427530661827728e-16,0.5
bcsstk18,11948,149090,8,0.25,17,False,400,256,0.285803,0.107426,0.296134,0.363,0.965,1.0,0.148191,0.117222,2.438,0.916,34,0.107426,hst,1.929,2.66,0.725,2.66,1.0,8.625236741385534e-17,drift,399,3.34,2391,hst,1,5.728,native,0,0.0,0.5
bcsstk18,11948,149090,8,0.25,17,False,400,256,0.336364,0.183773,2.091574,0.088,0.161,1.0,0.228561,0.193205,1.741,0.951,60,0.183773,hst,1.472,1.83,0.804,1.83,1.0,1.5884889943442882e-16,drift,399,3.104,9049,hst,1,8.625,relabelled,101,4.2537833899787057e-16,0.5
bcsstk18,11948,149090,8,0.25,18,False,400,256,0.294059,0.108527,0.286393,0.379,1.027,1.0,0.148632,0.118806,2.475,0.913,30,0.108527,hst,1.978,2.71,0.73,2.71,1.0,1.7955529896133775e-16,drift,399,3.329,2108,hst,1,5.295,native,0,0.0,0.5
bcsstk18,11948,149090,8,0.25,18,False,400,256,0.342205,0.171385,2.080067,0.082,0.165,1.0,0.216706,0.18146,1.886,0.944,53,0.171385,hst,1.579,1.997,0.791,1.997,1.0,2.2681219355275616e-16,drift,399,4.956,9180,hst,1,8.459,relabelled,101,1.0460263449225332e-16,0.5
bcsstk18,11948,149090,8,0.25,19,False,400,256,0.284726,0.112232,0.307709,0.365,0.925,1.0,0.151039,0.12206,2.333,0.919,34,0.112232,hst,1.885,2.537,0.743,2.537,1.0,1.3804959837172369e-16,drift,399,2.121,2320,hst,1,5.455,native,0,0.0,0.5
bcsstk18,11948,149090,8,0.25,19,False,400,256,0.344783,0.183018,2.102069,0.087,0.164,1.0,0.225644,0.191467,1.801,0.956,55,0.183018,hst,1.528,1.884,0.811,1.884,1.0,1.4178673114026359e-16,drift,399,4.434,9084,hst,1,8.497,relabelled,101,1.94458909963134e-16,0.5
bcsstk18,11948,149090,8,0.25,20,False,400,256,0.280328,0.109315,0.288694,0.379,0.971,1.0,0.147431,0.11784,2.379,0.928,34,0.109315,hst,1.901,2.564,0.741,2.564,1.0,2.057824038214574e-16,drift,399,2.875,1765,hst,1,5.597,native,0,0.0,0.5
bcsstk18,11948,149090,8,0.25,20,False,400,256,0.337391,0.179572,2.088051,0.086,0.162,1.0,0.22423,0.189728,1.778,0.946,58,0.179572,hst,1.505,1.879,0.801,1.879,1.0,3.39709234080385e-16,drift,399,4.751,8994,hst,1,8.574,relabelled,101,1.4480570749677012e-16,0.5
bcsstk18,11948,149090,8,0.25,21,False,400,256,0.274461,0.1079,0.287622,0.375,0.954,1.0,0.146722,0.118451,2.317,0.911,34,0.1079,hst,1.871,2.544,0.735,2.544,1.0,3.703333649681202e-16,drift,399,3.218,1906,hst,1,5.273,native,0,0.0,0.5
bcsstk18,11948,149090,8,0.25,21,False,400,256,0.331919,0.18078,2.111254,0.086,0.157,1.0,0.223513,0.189171,1.755,0.956,59,0.18078,hst,1.485,1.836,0.809,1.836,1.0,1.5528092908947267e-16,drift,399,3.659,9003,hst,1,8.476,relabelled,101,1.427530661827728e-16,0.5
bcsstk25,15439,252241,8,0.0,17,False,400,256,0.011756,0.032436,0.027042,1.199,0.435,1.0,0.013112,0.012277,0.958,0.958,,0.011756,delta_baseline,0.897,1.0,0.897,1.0,2.759,1.4310126622262146e-16,drift,0,1.0,978,delta_baseline,0,0.0,native,0,0.0,0.5
bcsstk25,15439,252241,8,0.0,17,False,400,256,0.012922,0.137997,0.175531,0.786,0.074,1.0,0.014514,0.013575,0.952,0.952,,0.012922,delta_baseline,0.89,1.0,0.89,1.0,10.679,3.2945080605609006e-16,drift,0,1.0,12444,delta_baseline,0,0.0,relabelled,101,5.4947376013867543e-17,0.5
bcsstk25,15439,252241,8,0.0,18,False,400,256,0.011531,0.029625,0.024815,1.194,0.465,1.0,0.012812,0.011985,0.962,0.962,,0.011531,delta_baseline,0.9,1.0,0.9,1.0,2.569,2.218697631478781e-16,drift,0,1.0,729,delta_baseline,0,0.0,native,0,0.0,0.5
bcsstk25,15439,252241,8,0.0,18,False,400,256,0.012531,0.134415,0.172873,0.778,0.072,1.0,0.014734,0.013763,0.91,0.91,,0.012531,delta_baseline,0.85,1.0,0.85,1.0,10.726,1.1771966746397312e-16,drift,0,1.0,12349,delta_baseline,0,0.0,relabelled,101,1.867098766652141e-16,0.5
bcsstk25,15439,252241,8,0.0,19,False,400,256,0.010557,0.037855,0.031123,1.216,0.339,1.0,0.0125,0.011773,0.897,0.897,,0.010557,delta_baseline,0.845,1.0,0.845,1.0,3.586,9.427442670147338e-17,drift,0,1.0,1204,delta_baseline,0,0.0,native,0,0.0,0.5
bcsstk25,15439,252241,8,0.0,19,False,400,256,0.011711,0.137092,0.175652,0.78,0.067,1.0,0.013695,0.012807,0.914,0.914,,0.011711,delta_baseline,0.855,1.0,0.855,1.0,11.706,2.251590832581717e-16,drift,0,1.0,12659,delta_baseline,0,0.0,relabelled,101,1.3638420102866327e-16,0.5
bcsstk25,15439,252241,8,0.0,20,False,400,256,0.01177,0.029229,0.024338,1.201,0.484,1.0,0.01342,0.01267,0.929,0.929,,0.01177,delta_baseline,0.877,1.0,0.877,1.0,2.483,1.4798782495741104e-16,drift,0,1.0,742,delta_baseline,0,0.0,native,0,0.0,0.5
bcsstk25,15439,252241,8,0.0,20,False,400,256,0.012811,0.137128,0.175445,0.782,0.073,1.0,0.014639,0.013695,0.935,0.935,,0.012811,delta_baseline,0.875,1.0,0.875,1.0,10.704,1.223229113855286e-16,drift,0,1.0,12330,delta_baseline,0,0.0,relabelled,101,8.584736230676944e-17,0.5
bcsstk25,15439,252241,8,0.0,21,False,400,256,0.010122,0.034385,0.028903,1.19,0.35,1.0,0.011781,0.011114,0.911,0.911,,0.010122,delta_baseline,0.859,1.0,0.859,1.0,3.397,1.5323971434071406e-16,drift,0,1.0,1192,delta_baseline,0,0.0,native,0,0.0,0.5
bcsstk25,15439,252241,8,0.0,21,False,400,256,0.011762,0.134824,0.175882,0.767,0.067,1.0,0.013303,0.01248,0.942,0.942,,0.011762,delta_baseline,0.884,1.0,0.884,1.0,11.463,1.5365041344290623e-16,drift,0,1.0,12717,delta_baseline,0,0.0,relabelled,101,1.3469655899394336e-16,0.5
bcsstk25,15439,252241,8,0.002,17,False,400,256,0.273516,0.047508,0.040155,1.183,6.812,1.183,0.055923,0.049809,5.491,0.954,3,0.047508,hst,4.891,5.757,0.85,5.757,1.0,1.4310126622262146e-16,drift,79,2.176,1571,hst,1,0.644,native,0,0.0,0.5
bcsstk25,15439,252241,8,0.002,17,False,400,256,0.325863,0.178844,0.408252,0.438,0.798,1.0,0.223595,0.188232,1.731,0.95,63,0.178844,hst,1.457,1.822,0.8,1.822,1.0,3.2945080605609006e-16,drift,392,3.574,12485,hst,1,8.654,relabelled,101,5.4947376013867543e-17,0.5
bcsstk25,15439,252241,8,0.002,18,False,400,256,0.26683,0.044484,0.038913,1.143,6.857,1.143,0.053506,0.04788,5.573,0.929,3,0.044484,hst,4.987,5.998,0.831,5.998,1.0,2.218697631478781e-16,drift,77,2.302,1228,hst,1,0.627,native,0,0.0,0.5
bcsstk25,15439,252241,8,0.002,18,False,400,256,0.319322,0.186563,0.401785,0.464,0.795,1.0,0.216552,0.182517,1.75,1.022,62,0.186563,hst,1.475,1.712,0.862,1.712,1.0,1.1771966746397312e-16,drift,386,3.55,12456,hst,1,8.536,relabelled,101,1.867098766652141e-16,0.5
bcsstk25,15439,252241,8,0.002,19,False,400,256,0.305352,0.092966,0.070933,1.311,4.305,1.311,0.105373,0.097458,3.133,0.954,6,0.092966,hst,2.898,3.285,0.882,3.285,1.0,9.427442670147338e-17,drift,120,2.444,1711,hst,1,1.208,native,0,0.0,0.5
bcsstk25,15439,252241,8,0.002,19,False,400,256,0.387767,0.255244,0.523406,0.488,0.741,1.0,0.313254,0.269419,1.439,0.947,104,0.255244,hst,1.238,1.519,0.815,1.519,1.0,2.251590832581717e-16,drift,394,3.703,12519,hst,1,12.325,relabelled,101,1.3638420102866327e-16,0.5
bcsstk25,15439,252241,8,0.002,20,False,400,256,0.342706,0.065614,0.057319,1.145,5.979,1.145,0.091856,0.0729,4.701,0.9,17,0.065614,hst,3.731,5.223,0.714,5.223,1.0,1.4798782495741104e-16,drift,76,2.181,1095,hst,1,4.621,native,0,0.0,0.5
bcsstk25,15439,252241,8,0.002,20,False,400,256,0.405238,0.250566,0.511803,0.49,0.792,1.0,0.314387,0.265415,1.527,0.944,89,0.250566,hst,1.289,1.617,0.797,1.617,1.0,1.223229113855286e-16,drift,386,3.507,12455,hst,1,12.375,relabelled,101,8.584736230676944e-17,0.5
bcsstk25,15439,252241,8,0.002,21,False,400,256,0.298634,0.080269,0.068328,1.175,4.371,1.175,0.094062,0.086333,3.459,0.93,5,0.080269,hst,3.175,3.72,0.853,3.72,1.0,1.5323971434071406e-16,drift,115,2.461,1754,hst,1,0.988,native,0,0.0,0.5
bcsstk25,15439,252241,8,0.002,21,False,400,256,0.352269,0.25277,0.51416,0.492,0.685,1.0,0.306643,0.262447,1.342,0.963,138,0.25277,hst,1.149,1.394,0.824,1.394,1.0,1.5365041344290623e-16,drift,392,3.647,12631,hst,1,12.384,relabelled,101,1.3469655899394336e-16,0.5
bcsstk25,15439,252241,8,0.01,17,False,400,256,0.34868,0.090598,0.080609,1.124,4.326,1.124,0.105893,0.097412,3.579,0.93,4,0.090598,hst,3.293,3.849,0.856,3.849,1.0,1.4310126622262146e-16,drift,190,3.246,1671,hst,1,1.043,native,0,0.0,0.5
bcsstk25,15439,252241,8,0.01,17,False,400,256,0.419899,0.26014,0.679978,0.383,0.618,1.0,0.32351,0.273834,1.533,0.95,87,0.26014,hst,1.298,1.614,0.804,1.614,1.0,3.2945080605609006e-16,drift,399,3.262,12524,hst,1,12.765,relabelled,101,5.4947376013867543e-17,0.5
bcsstk25,15439,252241,8,0.01,18,False,400,256,0.353261,0.084682,0.071784,1.18,4.921,1.18,0.101373,0.094566,3.736,0.895,4,0.084682,hst,3.485,4.172,0.835,4.172,1.0,2.218697631478781e-16,drift,159,2.867,1368,hst,1,1.015,native,0,0.0,0.5
bcsstk25,15439,252241,8,0.01,18,False,400,256,0.425895,0.259523,0.680083,0.382,0.626,1.0,0.322755,0.275093,1.548,0.943,82,0.259523,hst,1.32,1.641,0.804,1.641,1.0,1.1771966746397312e-16,drift,399,3.333,12845,hst,1,12.374,relabelled,101,1.867098766652141e-16,0.5
bcsstk25,15439,252241,8,0.01,19,False,400,256,0.33282,0.118716,0.098689,1.203,3.372,1.203,0.169675,0.131122,2.538,0.905,33,0.118716,hst,1.962,2.804,0.7,2.804,1.0,9.427442670147338e-17,drift,262,3.73,1870,hst,1,6.614,native,0,0.0,0.5
bcsstk25,15439,252241,8,0.01,19,False,400,256,0.396564,0.262508,0.663911,0.395,0.597,1.0,0.318331,0.273106,1.452,0.961,102,0.262508,hst,1.246,1.511,0.825,1.511,1.0,2.251590832581717e-16,drift,399,3.452,12743,hst,1,12.555,relabelled,101,1.3638420102866327e-16,0.5
bcsstk25,15439,252241,8,0.01,20,False,400,256,0.343486,0.089837,0.077919,1.153,4.408,1.153,0.110568,0.097825,3.511,0.918,12,0.089837,hst,3.107,3.823,0.813,3.823,1.0,1.4798782495741104e-16,drift,179,3.135,1512,hst,1,2.835,native,0,0.0,0.5
bcsstk25,15439,252241,8,0.01,20,False,400,256,0.390802,0.177176,0.53088,0.334,0.736,1.0,0.223489,0.186327,2.097,0.951,43,0.177176,hst,1.749,2.206,0.793,2.206,1.0,1.223229113855286e-16,drift,399,3.277,12532,hst,1,8.849,relabelled,101,8.584736230676944e-17,0.5
bcsstk25,15439,252241,8,0.01,21,False,400,256,0.247225,0.069116,0.061731,1.12,4.005,1.12,0.083672,0.074042,3.339,0.933,8,0.069116,hst,2.955,3.577,0.826,3.577,1.0,1.5323971434071406e-16,drift,230,3.624,1748,hst,1,1.352,native,0,0.0,0.5
bcsstk25,15439,252241,8,0.01,21,False,400,256,0.299804,0.178265,0.531656,0.335,0.564,1.0,0.220577,0.188057,1.594,0.948,79,0.178265,hst,1.359,1.682,0.808,1.682,1.0,1.5365041344290623e-16,drift,399,3.289,12674,hst,1,8.821,relabelled,101,1.3469655899394336e-16,0.5
bcsstk25,15439,252241,8,0.05,17,False,400,256,0.273073,0.081622,0.100553,0.812,2.716,1.0,0.092358,0.086749,3.148,0.941,4,0.081622,hst,2.957,3.346,0.884,3.346,1.0,1.4310126622262146e-16,drift,380,2.171,1728,hst,1,0.706,native,0,0.0,0.5
bcsstk25,15439,252241,8,0.05,17,False,400,256,0.333211,0.192698,0.992453,0.194,0.336,1.0,0.236084,0.19982,1.668,0.964,69,0.192698,hst,1.411,1.729,0.816,1.729,1.0,3.2945080605609006e-16,drift,399,4.375,12686,hst,1,9.251,relabelled,101,5.4947376013867543e-17,0.5
bcsstk25,15439,252241,8,0.05,18,False,400,256,0.284529,0.08393,0.098773,0.85,2.881,1.0,0.095273,0.090057,3.159,0.932,4,0.08393,hst,2.986,3.39,0.881,3.39,1.0,2.218697631478781e-16,drift,380,2.506,1400,hst,1,0.686,native,0,0.0,0.5
bcsstk25,15439,252241,8,0.05,18,False,400,256,0.352559,0.192112,0.986681,0.195,0.357,1.0,0.238762,0.201641,1.748,0.953,60,0.192112,hst,1.477,1.835,0.805,1.835,1.0,1.1771966746397312e-16,drift,399,4.51,12420,hst,1,9.107,relabelled,101,1.867098766652141e-16,0.5
bcsstk25,15439,252241,8,0.05,19,False,400,256,0.275211,0.092667,0.123077,0.753,2.236,1.0,0.131399,0.102013,2.698,0.908,30,0.092667,hst,2.094,2.97,0.705,2.97,1.0,9.427442670147338e-17,drift,392,4.316,2110,hst,1,5.167,native,0,0.0,0.5
bcsstk25,15439,252241,8,0.05,19,False,400,256,0.338231,0.196098,1.010122,0.194,0.335,1.0,0.239217,0.205476,1.646,0.954,69,0.196098,hst,1.414,1.725,0.82,1.725,1.0,2.251590832581717e-16,drift,399,4.393,12626,hst,1,9.162,relabelled,101,1.3638420102866327e-16,0.5
bcsstk25,15439,252241,8,0.05,20,False,400,256,0.289628,0.08528,0.101671,0.839,2.849,1.0,0.09694,0.091543,3.164,0.932,4,0.08528,hst,2.988,3.396,0.88,3.396,1.0,1.4798782495741104e-16,drift,374,1.665,1775,hst,1,0.732,native,0,0.0,0.5
bcsstk25,15439,252241,8,0.05,20,False,400,256,0.36292,0.189925,0.980498,0.194,0.37,1.0,0.249336,0.21227,1.71,0.895,63,0.189925,hst,1.456,1.911,0.762,1.911,1.0,1.223229113855286e-16,drift,399,4.715,12417,hst,1,9.45,relabelled,101,8.584736230676944e-17,0.5
bcsstk25,15439,252241,8,0.05,21,False,400,256,0.268918,0.093016,0.126556,0.735,2.125,1.0,0.130981,0.1022,2.631,0.91,30,0.093016,hst,2.053,2.891,0.71,2.891,1.0,1.5323971434071406e-16,drift,393,4.68,2103,hst,1,4.93,native,0,0.0,0.5
bcsstk25,15439,252241,8,0.05,21,False,400,256,0.335782,0.192168,0.987462,0.195,0.34,1.0,0.235706,0.201475,1.667,0.954,69,0.192168,hst,1.425,1.747,0.815,1.747,1.0,1.5365041344290623e-16,drift,399,5.022,12672,hst,1,9.253,relabelled,101,1.3469655899394336e-16,0.5
bcsstk25,15439,252241,8,0.25,17,False,400,256,0.278484,0.092816,0.225651,0.411,1.234,1.0,0.133481,0.102023,2.73,0.91,30,0.092816,hst,2.086,3.0,0.695,3.0,1.0,1.4310126622262146e-16,drift,399,3.466,2136,hst,1,5.34,native,0,0.0,0.5
bcsstk25,15439,252241,8,0.25,17,False,400,256,0.347982,0.206471,2.833967,0.073,0.123,1.0,0.255537,0.218866,1.59,0.943,74,0.206471,hst,1.362,1.685,0.808,1.685,1.0,3.2945080605609006e-16,drift,399,3.746,12566,hst,1,9.542,relabelled,101,5.4947376013867543e-17,0.5
bcsstk25,15439,252241,8,0.25,18,False,400,256,0.287619,0.089072,0.200773,0.444,1.433,1.0,0.101754,0.095908,2.999,0.929,4,0.089072,hst,2.827,3.229,0.875,3.229,1.0,2.218697631478781e-16,drift,399,1.664,1518,hst,1,0.739,native,0,0.0,0.5
bcsstk25,15439,252241,8,0.25,18,False,400,256,0.35942,0.206324,2.807994,0.073,0.128,1.0,0.256652,0.21842,1.646,0.945,67,0.206324,hst,1.4,1.742,0.804,1.742,1.0,1.1771966746397312e-16,drift,399,3.245,12461,hst,1,9.509,relabelled,101,1.867098766652141e-16,0.5
bcsstk25,15439,252241,8,0.25,19,False,400,256,0.289312,0.093828,0.232097,0.404,1.247,1.0,0.134896,0.102254,2.829,0.918,30,0.093828,hst,2.145,3.083,0.696,3.083,1.0,9.427442670147338e-17,drift,399,3.292,1832,hst,1,5.661,native,0,0.0,0.5
bcsstk25,15439,252241,8,0.25,19,False,400,256,0.36624,0.225729,2.845278,0.079,0.129,1.0,0.256778,0.218744,1.674,1.032,65,0.225729,hst,1.426,1.622,0.879,1.622,1.0,2.251590832581717e-16,drift,399,3.807,12345,hst,1,9.659,relabelled,101,1.3638420102866327e-16,0.5
bcsstk25,15439,252241,8,0.25,20,False,400,256,0.293328,0.091792,0.207577,0.442,1.413,1.0,0.134089,0.101356,2.894,0.906,27,0.091792,hst,2.188,3.196,0.685,3.196,1.0,1.4798782495741104e-16,drift,399,3.353,1535,hst,1,5.164,native,0,0.0,0.5
bcsstk25,15439,252241,8,0.25,20,False,400,256,0.369721,0.208658,2.820822,0.074,0.131,1.0,0.25682,0.218596,1.691,0.955,63,0.208658,hst,1.44,1.772,0.812,1.772,1.0,1.223229113855286e-16,drift,399,5.794,12391,hst,1,9.473,relabelled,101,8.584736230676944e-17,0.5
bcsstk25,15439,252241,8,0.25,21,False,400,256,0.279721,0.096998,0.235835,0.411,1.186,1.0,0.134231,0.103963,2.691,0.933,31,0.096998,hst,2.084,2.884,0.723,2.884,1.0,1.5323971434071406e-16,drift,399,3.501,2241,hst,1,5.475,native,0,0.0,0.5
bcsstk25,15439,252241,8,0.25,21,False,400,256,0.347994,0.210737,2.840664,0.074,0.123,1.0,0.257064,0.221612,1.57,0.951,76,0.210737,hst,1.354,1.651,0.82,1.651,1.0,1.5365041344290623e-16,drift,399,1.739,12578,hst,1,9.666,relabelled,101,1.3469655899394336e-16,0.5
msc10848,10848,1229776,8,0.0,17,False,400,256,0.049289,0.088171,0.084024,1.049,0.587,1.0,0.05005,0.046168,1.068,1.068,0,0.049289,delta_baseline,0.985,1.0,0.985,1.0,1.789,3.632031213502581e-16,drift,0,1.0,3609,delta_baseline,0,0.0,native,0,0.0,0.5
msc10848,10848,1229776,8,0.0,17,False,400,256,0.050455,0.676516,0.544181,1.243,0.093,1.0,0.052579,0.048232,1.046,1.046,0,0.050455,delta_baseline,0.96,1.0,0.96,1.0,13.408,2.743124180344532e-16,drift,0,1.0,10848,delta_baseline,0,0.0,relabelled,101,2.650471013401756e-16,0.5
msc10848,10848,1229776,8,0.0,18,False,400,256,0.052727,0.076782,0.073589,1.043,0.717,1.0,0.054499,0.050248,1.049,1.049,0,0.052727,delta_baseline,0.967,1.0,0.967,1.0,1.456,6.160502327889403e-16,drift,0,1.0,2700,delta_baseline,0,0.0,native,0,0.0,0.5
msc10848,10848,1229776,8,0.0,18,False,400,256,0.056937,0.702516,0.580833,1.209,0.098,1.0,0.059399,0.054662,1.042,1.042,0,0.056937,delta_baseline,0.959,1.0,0.959,1.0,12.339,5.007610676088674e-16,drift,0,1.0,10848,delta_baseline,0,0.0,relabelled,101,5.467195880945701e-16,0.5
msc10848,10848,1229776,8,0.0,19,False,400,256,0.051492,0.084605,0.080617,1.049,0.639,1.0,0.052911,0.048721,1.057,1.057,0,0.051492,delta_baseline,0.973,1.0,0.973,1.0,1.643,4.460432847857754e-16,drift,0,1.0,3738,delta_baseline,0,0.0,native,0,0.0,0.5
msc10848,10848,1229776,8,0.0,19,False,400,256,0.054204,0.676975,0.554298,1.221,0.098,1.0,0.057116,0.052223,1.038,1.038,0,0.054204,delta_baseline,0.949,1.0,0.949,1.0,12.489,5.088116929093575e-16,drift,0,1.0,10848,delta_baseline,0,0.0,relabelled,101,4.2141000008848424e-16,0.5
msc10848,10848,1229776,8,0.0,20,False,400,256,0.052055,0.08573,0.081079,1.057,0.642,1.0,0.053102,0.048988,1.063,1.063,0,0.052055,delta_baseline,0.98,1.0,0.98,1.0,1.647,3.2856469467467963e-16,drift,0,1.0,3195,delta_baseline,0,0.0,native,0,0.0,0.5
msc10848,10848,1229776,8,0.0,20,False,400,256,0.054981,0.70669,0.548121,1.289,0.1,1.0,0.056751,0.051999,1.057,1.057,0,0.054981,delta_baseline,0.969,1.0,0.969,1.0,12.853,1.859323584248475e-16,drift,0,1.0,10848,delta_baseline,0,0.0,relabelled,101,1.9032693712657138e-16,0.5
msc10848,10848,1229776,8,0.0,21,False,400,256,0.047878,0.089034,0.083238,1.07,0.575,1.0,0.049188,0.045295,1.057,1.057,0,0.047878,delta_baseline,0.973,1.0,0.973,1.0,1.86,5.305500907434564e-16,drift,0,1.0,4146,delta_baseline,0,0.0,native,0,0.0,0.5
msc10848,10848,1229776,8,0.0,21,False,400,256,0.051721,0.691484,0.566758,1.22,0.091,1.0,0.053264,0.048839,1.059,1.059,0,0.051721,delta_baseline,0.971,1.0,0.971,1.0,13.37,4.0611433180935313e-16,drift,0,1.0,10848,delta_baseline,0,0.0,relabelled,101,3.5811429717820715e-16,0.5
msc10848,10848,1229776,8,0.002,17,False,400,256,1.338704,0.131026,0.141053,0.929,9.491,1.0,0.160689,0.132587,10.097,0.988,1,0.131026,hst,8.331,10.217,0.815,10.217,1.0,3.632031213502581e-16,drift,84,2.646,5709,hst,1,1.295,native,0,0.0,0.5
msc10848,10848,1229776,8,0.002,17,False,400,256,1.521696,0.702628,1.351311,0.52,1.126,1.0,0.860817,0.718722,2.117,0.978,34,0.702628,hst,1.768,2.166,0.816,2.166,1.0,2.743124180344532e-16,drift,368,2.795,10848,hst,1,27.135,relabelled,101,2.650471013401756e-16,0.5
msc10848,10848,1229776,8,0.002,18,False,400,256,1.327348,0.120272,0.12657,0.95,10.487,1.0,0.155615,0.125412,10.584,0.959,1,0.120272,hst,8.53,11.036,0.773,11.036,1.0,6.160502327889403e-16,drift,77,2.654,4851,hst,1,1.249,native,0,0.0,0.5
msc10848,10848,1229776,8,0.002,18,False,400,256,1.505153,0.721371,1.38486,0.521,1.087,1.0,0.886925,0.734474,2.049,0.982,37,0.721371,hst,1.697,2.087,0.813,2.087,1.0,5.007610676088674e-16,drift,372,2.791,10848,hst,1,28.276,relabelled,101,5.467195880945701e-16,0.5
msc10848,10848,1229776,8,0.002,19,False,400,256,1.426331,0.122645,0.129,0.951,11.057,1.0,0.150461,0.125537,11.362,0.977,1,0.122645,hst,9.48,11.63,0.815,11.63,1.0,4.460432847857754e-16,drift,65,2.43,5526,hst,1,1.276,native,0,0.0,0.5
msc10848,10848,1229776,8,0.002,19,False,400,256,1.631086,0.710263,1.323892,0.536,1.232,1.0,0.874824,0.722174,2.259,0.984,30,0.710263,hst,1.864,2.296,0.812,2.296,1.0,5.088116929093575e-16,drift,383,2.722,10848,hst,1,27.216,relabelled,101,4.2141000008848424e-16,0.5
msc10848,10848,1229776,8,0.002,20,False,400,256,1.363542,0.130639,0.141073,0.926,9.665,1.0,0.164107,0.134237,10.158,0.973,1,0.130639,hst,8.309,10.437,0.796,10.437,1.0,3.2856469467467963e-16,drift,85,2.654,4857,hst,1,1.316,native,0,0.0,0.5
msc10848,10848,1229776,8,0.002,20,False,400,256,1.566087,0.700282,1.269639,0.552,1.233,1.0,0.875879,0.719082,2.178,0.974,33,0.700282,hst,1.788,2.236,0.8,2.236,1.0,1.859323584248475e-16,drift,373,2.769,10848,hst,1,27.583,relabelled,101,1.9032693712657138e-16,0.5
msc10848,10848,1229776,8,0.002,21,False,400,256,1.309796,0.11938,0.130309,0.916,10.051,1.0,0.154551,0.126375,10.364,0.945,1,0.11938,hst,8.475,10.972,0.772,10.972,1.0,5.305500907434564e-16,drift,85,2.788,5058,hst,1,1.265,native,0,0.0,0.5
msc10848,10848,1229776,8,0.002,21,False,400,256,1.495507,0.709441,1.399949,0.507,1.068,1.0,0.870472,0.726871,2.057,0.976,36,0.709441,hst,1.718,2.108,0.815,2.108,1.0,4.0611433180935313e-16,drift,373,2.757,10848,hst,1,27.334,relabelled,101,3.5811429717820715e-16,0.5
msc10848,10848,1229776,8,0.01,17,False,400,256,1.400656,0.137226,0.166386,0.825,8.418,1.0,0.168794,0.14188,9.872,0.967,1,0.137226,hst,8.298,10.207,0.813,10.207,1.0,3.632031213502581e-16,drift,179,3.561,6180,hst,1,1.263,native,0,0.0,0.5
msc10848,10848,1229776,8,0.01,17,False,400,256,1.618126,0.715988,2.371292,0.302,0.682,1.0,0.887917,0.735112,2.201,0.974,33,0.715988,hst,1.822,2.26,0.806,2.26,1.0,2.743124180344532e-16,drift,399,2.93,10848,hst,1,29.353,relabelled,101,2.650471013401756e-16,0.5
msc10848,10848,1229776,8,0.01,18,False,400,256,1.296789,0.137841,0.155104,0.889,8.361,1.0,0.172661,0.143609,9.03,0.96,1,0.137841,hst,7.511,9.408,0.798,9.408,1.0,6.160502327889403e-16,drift,185,3.82,5091,hst,1,1.287,native,0,0.0,0.5
msc10848,10848,1229776,8,0.01,18,False,400,256,1.501188,0.724988,2.280935,0.318,0.658,1.0,0.885607,0.736193,2.039,0.985,36,0.724988,hst,1.695,2.071,0.819,2.071,1.0,5.007610676088674e-16,drift,399,2.962,10848,hst,1,27.53,relabelled,101,5.467195880945701e-16,0.5
msc10848,10848,1229776,8,0.01,19,False,400,256,1.416412,0.13592,0.154051,0.882,9.194,1.0,0.170489,0.140121,10.108,0.97,1,0.13592,hst,8.308,10.421,0.797,10.421,1.0,4.460432847857754e-16,drift,174,4.024,4830,hst,1,1.339,native,0,0.0,0.5
msc10848,10848,1229776,8,0.01,19,False,400,256,1.636603,0.726872,2.404986,0.302,0.681,1.0,0.904019,0.743193,2.202,0.978,31,0.726872,hst,1.81,2.252,0.804,2.252,1.0,5.088116929093575e-16,drift,399,2.987,10845,hst,1,28.014,relabelled,101,4.2141000008848424e-16,0.5
msc10848,10848,1229776,8,0.01,20,False,400,256,1.307401,0.138866,0.155752,0.892,8.394,1.0,0.173492,0.14476,9.032,0.959,1,0.138866,hst,7.536,9.415,0.8,9.415,1.0,3.2856469467467963e-16,drift,173,3.457,5397,hst,1,1.285,native,0,0.0,0.5
msc10848,10848,1229776,8,0.01,20,False,400,256,1.511611,0.721857,2.338065,0.309,0.647,1.0,0.897395,0.745875,2.027,0.968,36,0.721857,hst,1.684,2.094,0.804,2.094,1.0,1.859323584248475e-16,drift,399,2.982,10848,hst,1,27.509,relabelled,101,1.9032693712657138e-16,0.5
msc10848,10848,1229776,8,0.01,21,False,400,256,1.262265,0.127718,0.141026,0.906,8.951,1.0,0.155827,0.128412,9.83,0.995,1,0.127718,hst,8.1,9.883,0.82,9.883,1.0,5.305500907434564e-16,drift,154,3.788,5013,hst,1,1.258,native,0,0.0,0.5
msc10848,10848,1229776,8,0.01,21,False,400,256,1.450522,0.713059,2.2954,0.311,0.632,1.0,0.887563,0.747813,1.94,0.954,39,0.713059,hst,1.634,2.034,0.803,2.034,1.0,4.0611433180935313e-16,drift,398,2.796,10848,hst,1,27.679,relabelled,101,3.5811429717820715e-16,0.5
msc10848,10848,1229776,8,0.05,17,False,400,256,1.377611,0.162155,0.289496,0.56,4.759,1.0,0.193451,0.167065,8.246,0.971,1,0.162155,hst,7.121,8.496,0.838,8.496,1.0,3.632031213502581e-16,drift,369,4.45,5388,hst,1,1.381,native,0,0.0,0.5
msc10848,10848,1229776,8,0.05,17,False,400,256,1.593421,0.743536,5.795197,0.128,0.275,1.0,0.883159,0.747913,2.13,0.994,32,0.743536,hst,1.804,2.143,0.842,2.143,1.0,2.743124180344532e-16,drift,399,3.595,10848,hst,1,27.208,relabelled,101,2.650471013401756e-16,0.5
msc10848,10848,1229776,8,0.05,18,False,400,256,1.307495,0.151727,0.259884,0.584,5.031,1.0,0.185586,0.156618,8.348,0.969,1,0.151727,hst,7.045,8.617,0.818,8.617,1.0,6.160502327889403e-16,drift,376,3.518,4992,hst,1,1.367,native,0,0.0,0.5
msc10848,10848,1229776,8,0.05,18,False,400,256,1.520969,0.726015,5.663893,0.128,0.269,1.0,0.886618,0.741189,2.052,0.98,35,0.726015,hst,1.715,2.095,0.819,2.095,1.0,5.007610676088674e-16,drift,399,3.743,10848,hst,1,27.421,relabelled,101,5.467195880945701e-16,0.5
msc10848,10848,1229776,8,0.05,19,False,400,256,1.307744,0.141996,0.226522,0.627,5.773,1.0,0.174852,0.144219,9.068,0.985,1,0.141996,hst,7.479,9.21,0.812,9.21,1.0,4.460432847857754e-16,drift,344,2.71,4671,hst,1,1.41,native,0,0.0,0.5
msc10848,10848,1229776,8,0.05,19,False,400,256,1.488508,0.721478,5.583075,0.129,0.267,1.0,0.890763,0.741101,2.009,0.974,37,0.721478,hst,1.671,2.063,0.81,2.063,1.0,5.088116929093575e-16,drift,399,3.458,10848,hst,1,27.615,relabelled,101,4.2141000008848424e-16,0.5
msc10848,10848,1229776,8,0.05,20,False,400,256,1.33486,0.169685,0.306495,0.554,4.355,1.0,0.202667,0.175008,7.627,0.97,1,0.169685,hst,6.586,7.867,0.837,7.867,1.0,3.2856469467467963e-16,drift,386,5.161,5949,hst,1,1.423,native,0,0.0,0.5
msc10848,10848,1229776,8,0.05,20,False,400,256,1.574235,0.743067,5.878679,0.126,0.268,1.0,0.90693,0.758409,2.076,0.98,36,0.743067,hst,1.736,2.119,0.819,2.119,1.0,1.859323584248475e-16,drift,399,3.664,10848,hst,1,29.527,relabelled,101,1.9032693712657138e-16,0.5
msc10848,10848,1229776,8,0.05,21,False,400,256,1.301863,0.153998,0.257074,0.599,5.064,1.0,0.186345,0.157899,8.245,0.975,1,0.153998,hst,6.986,8.454,0.826,8.454,1.0,5.305500907434564e-16,drift,360,3.774,4707,hst,1,1.395,native,0,0.0,0.5
msc10848,10848,1229776,8,0.05,21,False,400,256,1.477964,0.725862,5.839389,0.124,0.253,1.0,0.89,0.743098,1.989,0.977,38,0.725862,hst,1.661,2.036,0.816,2.036,1.0,4.0611433180935313e-16,drift,399,3.543,10848,hst,1,27.858,relabelled,101,3.5811429717820715e-16,0.5
msc10848,10848,1229776,8,0.25,17,False,400,256,1.427216,0.165308,0.598316,0.276,2.385,1.0,0.196627,0.164959,8.652,1.002,1,0.165308,hst,7.258,8.634,0.841,8.634,1.0,3.632031213502581e-16,drift,398,4.325,4323,hst,1,1.477,native,0,0.0,0.5
msc10848,10848,1229776,8,0.25,17,False,400,256,1.634861,0.754346,15.428721,0.049,0.106,1.0,0.930912,0.773898,2.113,0.975,33,0.754346,hst,1.756,2.167,0.81,2.167,1.0,2.743124180344532e-16,drift,399,5.576,10848,hst,1,28.783,relabelled,101,2.650471013401756e-16,0.5
msc10848,10848,1229776,8,0.25,18,False,400,256,1.435837,0.157383,0.517667,0.304,2.774,1.0,0.191067,0.158717,9.047,0.992,1,0.157383,hst,7.515,9.123,0.824,9.123,1.0,6.160502327889403e-16,drift,398,1.656,4254,hst,1,1.415,native,0,0.0,0.5
msc10848,10848,1229776,8,0.25,18,False,400,256,1.616632,0.752127,14.831464,0.051,0.109,1.0,0.923386,0.773451,2.09,0.972,34,0.752127,hst,1.751,2.149,0.815,2.149,1.0,5.007610676088674e-16,drift,399,5.274,10848,hst,1,28.607,relabelled,101,5.467195880945701e-16,0.5
msc10848,10848,1229776,8,0.25,19,False,400,256,1.458099,0.154336,0.512214,0.301,2.847,1.0,0.191089,0.157984,9.229,0.977,1,0.154336,hst,7.63,9.448,0.808,9.448,1.0,4.460432847857754e-16,drift,399,2.011,4668,hst,1,1.566,native,0,0.0,0.5
msc10848,10848,1229776,8,0.25,19,False,400,256,1.62742,0.753394,14.763545,0.051,0.11,1.0,0.933932,0.775267,2.099,0.972,34,0.753394,hst,1.743,2.16,0.807,2.16,1.0,5.088116929093575e-16,drift,399,4.302,10848,hst,1,28.791,relabelled,101,4.2141000008848424e-16,0.5
msc10848,10848,1229776,8,0.25,20,False,400,256,1.499956,0.178297,0.678785,0.263,2.21,1.0,0.208416,0.179326,8.364,0.994,1,0.178297,hst,7.197,8.413,0.855,8.413,1.0,3.2856469467467963e-16,drift,399,4.383,3684,hst,1,1.444,native,0,0.0,0.5
msc10848,10848,1229776,8,0.25,20,False,400,256,1.725106,0.755785,15.505511,0.049,0.111,1.0,0.92877,0.782015,2.206,0.966,32,0.755785,hst,1.857,2.283,0.814,2.283,1.0,1.859323584248475e-16,drift,399,6.448,10848,hst,1,29.748,relabelled,101,1.9032693712657138e-16,0.5
msc10848,10848,1229776,8,0.25,21,False,400,256,1.46995,0.169324,0.596562,0.284,2.464,1.0,0.203292,0.1738,8.458,0.974,1,0.169324,hst,7.231,8.681,0.833,8.681,1.0,5.305500907434564e-16,drift,399,3.662,4908,hst,1,1.446,native,0,0.0,0.5
msc10848,10848,1229776,8,0.25,21,False,400,256,1.676442,0.768777,15.27692,0.05,0.11,1.0,0.920386,0.773904,2.166,0.993,31,0.768777,hst,1.821,2.181,0.835,2.181,1.0,4.0611433180935313e-16,drift,399,6.406,10848,hst,1,28.129,relabelled,101,3.5811429717820715e-16,0.5
nasa2910,2910,174296,8,0.0,17,False,400,256,0.028193,0.046397,0.044002,1.054,0.641,1.0,0.029072,0.026966,1.045,1.045,0,0.028193,delta_baseline,0.97,1.0,0.97,1.0,1.646,2.8038709295888876e-16,drift,0,1.0,1090,delta_baseline,0,0.0,native,0,0.0,0.5
nasa2910,2910,174296,8,0.0,17,False,400,256,0.029016,0.290825,0.166495,1.747,0.174,1.0,0.030687,0.028076,1.033,1.033,0,0.029016,delta_baseline,0.946,1.0,0.946,1.0,10.023,2.928428936523134e-16,drift,0,1.0,2910,delta_baseline,0,0.0,relabelled,101,2.894353814300335e-16,0.5
nasa2910,2910,174296,8,0.0,18,False,400,256,0.025916,0.039869,0.037417,1.066,0.693,1.0,0.027173,0.025168,1.03,1.03,0,0.025916,delta_baseline,0.954,1.0,0.954,1.0,1.538,3.799423773445064e-16,drift,0,1.0,733,delta_baseline,0,0.0,native,0,0.0,0.5
nasa2910,2910,174296,8,0.0,18,False,400,256,0.02681,0.30303,0.173025,1.751,0.155,1.0,0.02809,0.025707,1.043,1.043,0,0.02681,delta_baseline,0.954,1.0,0.954,1.0,11.303,2.532721756181166e-16,drift,0,1.0,2910,delta_baseline,0,0.0,relabelled,101,4.2134546358544703e-16,0.5
nasa2910,2910,174296,8,0.0,19,False,400,256,0.028595,0.044373,0.041568,1.067,0.688,1.0,0.029655,0.0274,1.044,1.044,0,0.028595,delta_baseline,0.964,1.0,0.964,1.0,1.552,3.9854920332226225e-16,drift,0,1.0,775,delta_baseline,0,0.0,native,0,0.0,0.5
nasa2910,2910,174296,8,0.0,19,False,400,256,0.030591,0.294183,0.169215,1.739,0.181,1.0,0.031668,0.028802,1.062,1.062,0,0.030591,delta_baseline,0.966,1.0,0.966,1.0,9.617,3.0864312933512224e-16,drift,0,1.0,2910,delta_baseline,0,0.0,relabelled,101,2.4491646812434134e-16,0.5
nasa2910,2910,174296,8,0.0,20,False,400,256,0.026213,0.038669,0.036969,1.046,0.709,1.0,0.026986,0.025009,1.048,1.048,0,0.026213,delta_baseline,0.971,1.0,0.971,1.0,1.475,3.799423773445064e-16,drift,0,1.0,733,delta_baseline,0,0.0,native,0,0.0,0.5
nasa2910,2910,174296,8,0.0,20,False,400,256,0.026698,0.301774,0.172122,1.753,0.155,1.0,0.028081,0.025726,1.038,1.038,0,0.026698,delta_baseline,0.951,1.0,0.951,1.0,11.303,2.532721756181166e-16,drift,0,1.0,2910,delta_baseline,0,0.0,relabelled,101,4.2134546358544703e-16,0.5
nasa2910,2910,174296,8,0.0,21,False,400,256,0.025957,0.040556,0.03884,1.044,0.668,1.0,0.026771,0.024806,1.046,1.046,0,0.025957,delta_baseline,0.97,1.0,0.97,1.0,1.562,3.170894107257953e-16,drift,0,1.0,673,delta_baseline,0,0.0,native,0,0.0,0.5
nasa2910,2910,174296,8,0.0,21,False,400,256,0.026734,0.273034,0.16366,1.668,0.163,1.0,0.02812,0.025695,1.04,1.04,0,0.026734,delta_baseline,0.951,1.0,0.951,1.0,10.213,2.7094878950290114e-16,drift,0,1.0,2910,delta_baseline,0,0.0,relabelled,101,3.460736743484216e-16,0.5
nasa2910,2910,174296,8,0.002,17,False,400,256,0.8759,0.070229,0.071492,0.982,12.252,1.0,0.098304,0.072819,12.029,0.964,6,0.070229,hst,8.91,12.472,0.714,12.472,1.0,2.8038709295888876e-16,drift,64,2.183,1756,hst,1,4.511,native,0,0.0,0.5
nasa2910,2910,174296,8,0.002,17,False,400,256,1.032695,0.322266,0.411672,0.783,2.509,1.0,0.421508,0.335762,3.076,0.96,18,0.322266,hst,2.45,3.204,0.765,3.204,1.0,2.928428936523134e-16,drift,280,2.66,2910,hst,1,12.579,relabelled,101,2.894353814300335e-16,0.5
nasa2910,2910,174296,8,0.002,18,False,400,256,0.861265,0.063128,0.060834,1.038,14.158,1.038,0.078201,0.066355,12.98,0.951,1,0.063128,hst,11.013,13.643,0.807,13.643,1.0,3.799423773445064e-16,drift,57,2.146,1888,hst,1,0.657,native,0,0.0,0.5
nasa2910,2910,174296,8,0.002,18,False,400,256,1.027749,0.339088,0.425353,0.797,2.416,1.0,0.423672,0.352296,2.917,0.963,19,0.339088,hst,2.426,3.031,0.8,3.031,1.0,2.532721756181166e-16,drift,290,2.787,2910,hst,1,13.148,relabelled,101,4.2134546358544703e-16,0.5
nasa2910,2910,174296,8,0.002,19,False,400,256,0.874158,0.061649,0.057665,1.069,15.159,1.069,0.082385,0.06573,13.299,0.938,1,0.061649,hst,10.611,14.18,0.748,14.18,1.0,3.9854920332226225e-16,drift,55,1.953,1193,hst,1,0.827,native,0,0.0,0.5
nasa2910,2910,174296,8,0.002,19,False,400,256,1.035359,0.329618,0.402731,0.818,2.571,1.0,0.427905,0.340528,3.04,0.968,18,0.329618,hst,2.42,3.141,0.77,3.141,1.0,3.0864312933512224e-16,drift,287,2.652,2910,hst,1,12.805,relabelled,101,2.4491646812434134e-16,0.5
nasa2910,2910,174296,8,0.002,20,False,400,256,0.86431,0.0573,0.055539,1.032,15.562,1.032,0.074492,0.060061,14.391,0.954,1,0.0573,hst,11.603,15.084,0.769,15.084,1.0,3.799423773445064e-16,drift,44,2.243,1748,hst,1,0.664,native,0,0.0,0.5
nasa2910,2910,174296,8,0.002,20,False,400,256,1.020804,0.339116,0.465063,0.729,2.195,1.0,0.427242,0.349154,2.924,0.971,19,0.339116,hst,2.389,3.01,0.794,3.01,1.0,2.532721756181166e-16,drift,286,2.751,2910,hst,1,12.999,relabelled,101,4.2134546358544703e-16,0.5
nasa2910,2910,174296,8,0.002,21,False,400,256,0.722395,0.047731,0.047721,1.0,15.138,1.0,0.08826,0.075592,9.557,0.631,15,0.047731,hst,8.185,15.135,0.541,15.135,1.0,3.170894107257953e-16,drift,32,2.066,720,hst,1,9.502,native,0,0.0,0.5
nasa2910,2910,174296,8,0.002,21,False,400,256,0.816141,0.318247,0.391131,0.814,2.087,1.0,0.405341,0.332005,2.458,0.959,25,0.318247,hst,2.013,2.564,0.785,2.564,1.0,2.7094878950290114e-16,drift,276,2.651,2910,hst,1,11.978,relabelled,101,3.460736743484216e-16,0.5
nasa2910,2910,174296,8,0.01,17,False,400,256,0.870927,0.078808,0.084377,0.934,10.322,1.0,0.099798,0.08474,10.278,0.93,1,0.078808,hst,8.727,11.051,0.79,11.051,1.0,2.8038709295888876e-16,drift,142,2.77,1716,hst,1,0.808,native,0,0.0,0.5
nasa2910,2910,174296,8,0.01,17,False,400,256,1.031402,0.341503,0.797978,0.428,1.293,1.0,0.444607,0.359531,2.869,0.95,20,0.341503,hst,2.32,3.02,0.768,3.02,1.0,2.928428936523134e-16,drift,396,2.635,2910,hst,1,13.371,relabelled,101,2.894353814300335e-16,0.5
nasa2910,2910,174296,8,0.01,18,False,400,256,0.875714,0.073273,0.07936,0.923,11.035,1.0,0.100515,0.077966,11.232,0.94,5,0.073273,hst,8.712,11.951,0.729,11.951,1.0,3.799423773445064e-16,drift,122,2.931,2052,hst,1,4.214,native,0,0.0,0.5
nasa2910,2910,174296,8,0.01,18,False,400,256,1.055298,0.343447,0.816071,0.421,1.293,1.0,0.441695,0.360469,2.928,0.953,20,0.343447,hst,2.389,3.073,0.778,3.073,1.0,2.532721756181166e-16,drift,391,2.928,2910,hst,1,13.574,relabelled,101,4.2134546358544703e-16,0.5
nasa2910,2910,174296,8,0.01,19,False,400,256,0.778263,0.06136,0.063726,0.963,12.213,1.0,0.081526,0.064533,12.06,0.951,1,0.06136,hst,9.546,12.683,0.753,12.683,1.0,3.9854920332226225e-16,drift,103,3.579,781,hst,1,0.751,native,0,0.0,0.5
nasa2910,2910,174296,8,0.01,19,False,400,256,0.921168,0.33651,0.756505,0.445,1.218,1.0,0.441252,0.350228,2.63,0.961,24,0.33651,hst,2.088,2.737,0.763,2.737,1.0,3.0864312933512224e-16,drift,390,2.788,2910,hst,1,13.523,relabelled,101,2.4491646812434134e-16,0.5
nasa2910,2910,174296,8,0.01,20,False,400,256,0.920767,0.081508,0.087529,0.931,10.52,1.0,0.101242,0.088237,10.435,0.924,1,0.081508,hst,9.095,11.297,0.805,11.297,1.0,3.799423773445064e-16,drift,147,2.858,2019,hst,1,0.682,native,0,0.0,0.5
nasa2910,2910,174296,8,0.01,20,False,400,256,1.133624,0.344264,0.77653,0.443,1.46,1.0,0.451066,0.36831,3.078,0.935,18,0.344264,hst,2.513,3.293,0.763,3.293,1.0,2.532721756181166e-16,drift,389,2.879,2910,hst,1,13.393,relabelled,101,4.2134546358544703e-16,0.5
nasa2910,2910,174296,8,0.01,21,False,400,256,0.752673,0.050884,0.052876,0.962,14.235,1.0,0.086899,0.063852,11.788,0.797,11,0.050884,hst,8.661,14.792,0.586,14.792,1.0,3.170894107257953e-16,drift,48,2.443,971,hst,1,7.649,native,0,0.0,0.5
nasa2910,2910,174296,8,0.01,21,False,400,256,0.856416,0.333416,0.72266,0.461,1.185,1.0,0.425289,0.348841,2.455,0.956,25,0.333416,hst,2.014,2.569,0.784,2.569,1.0,2.7094878950290114e-16,drift,381,2.755,2910,hst,1,12.684,relabelled,101,3.460736743484216e-16,0.5
nasa2910,2910,174296,8,0.05,17,False,400,256,0.798395,0.096614,0.12814,0.754,6.231,1.0,0.118195,0.101596,7.859,0.951,1,0.096614,hst,6.755,8.264,0.817,8.264,1.0,2.8038709295888876e-16,drift,328,4.026,1253,hst,1,0.853,native,0,0.0,0.5
nasa2910,2910,174296,8,0.05,17,False,400,256,0.953448,0.340286,1.845172,0.184,0.517,1.0,0.450112,0.356047,2.678,0.956,23,0.340286,hst,2.118,2.802,0.756,2.802,1.0,2.928428936523134e-16,drift,399,3.15,2910,hst,1,13.462,relabelled,101,2.894353814300335e-16,0.5
nasa2910,2910,174296,8,0.05,18,False,400,256,0.824887,0.10052,0.131929,0.762,6.253,1.0,0.120996,0.108807,7.581,0.924,1,0.10052,hst,6.817,8.206,0.831,8.206,1.0,3.799423773445064e-16,drift,324,2.303,947,hst,1,0.747,native,0,0.0,0.5
nasa2910,2910,174296,8,0.05,18,False,400,256,1.003365,0.349241,1.867448,0.187,0.537,1.0,0.446037,0.361414,2.776,0.966,21,0.349241,hst,2.25,2.873,0.783,2.873,1.0,2.532721756181166e-16,drift,399,3.285,2910,hst,1,13.532,relabelled,101,4.2134546358544703e-16,0.5
nasa2910,2910,174296,8,0.05,19,False,400,256,0.723362,0.073,0.088864,0.821,8.14,1.0,0.095431,0.078327,9.235,0.932,1,0.073,hst,7.58,9.909,0.765,9.909,1.0,3.9854920332226225e-16,drift,268,2.696,786,hst,1,0.772,native,0,0.0,0.5
nasa2910,2910,174296,8,0.05,19,False,400,256,0.859892,0.345112,1.856901,0.186,0.463,1.0,0.449579,0.359649,2.391,0.96,27,0.345112,hst,1.913,2.492,0.768,2.492,1.0,3.0864312933512224e-16,drift,399,2.907,2910,hst,1,13.747,relabelled,101,2.4491646812434134e-16,0.5
nasa2910,2910,174296,8,0.05,20,False,400,256,0.807208,0.098048,0.124211,0.789,6.499,1.0,0.118263,0.106206,7.6,0.923,1,0.098048,hst,6.826,8.233,0.829,8.233,1.0,3.799423773445064e-16,drift,327,5.326,1187,hst,1,0.721,native,0,0.0,0.5
nasa2910,2910,174296,8,0.05,20,False,400,256,0.988881,0.351098,1.914094,0.183,0.517,1.0,0.449964,0.365865,2.703,0.96,22,0.351098,hst,2.198,2.817,0.78,2.817,1.0,2.532721756181166e-16,drift,399,3.163,2910,hst,1,13.788,relabelled,101,4.2134546358544703e-16,0.5
nasa2910,2910,174296,8,0.05,21,False,400,256,0.755404,0.076607,0.093464,0.82,8.082,1.0,0.095913,0.081453,9.274,0.94,1,0.076607,hst,7.876,9.861,0.799,9.861,1.0,3.170894107257953e-16,drift,276,3.23,924,hst,1,0.705,native,0,0.0,0.5
nasa2910,2910,174296,8,0.05,21,False,400,256,0.88115,0.341787,1.820569,0.188,0.484,1.0,0.434839,0.356549,2.471,0.959,25,0.341787,hst,2.026,2.578,0.786,2.578,1.0,2.7094878950290114e-16,drift,399,2.926,2910,hst,1,13.131,relabelled,101,3.460736743484216e-16,0.5
nasa2910,2910,174296,8,0.25,17,False,400,256,0.8603,0.104564,0.267381,0.391,3.218,1.0,0.125393,0.10838,7.938,0.965,1,0.104564,hst,6.861,8.227,0.834,8.227,1.0,2.8038709295888876e-16,drift,399,1.955,1555,hst,1,0.923,native,0,0.0,0.5
nasa2910,2910,174296,8,0.25,17,False,400,256,1.021765,0.3546,4.510438,0.079,0.227,1.0,0.463824,0.370204,2.76,0.958,21,0.3546,hst,2.203,2.881,0.765,2.881,1.0,2.928428936523134e-16,drift,399,4.116,2910,hst,1,13.783,relabelled,101,2.894353814300335e-16,0.5
nasa2910,2910,174296,8,0.25,18,False,400,256,0.827551,0.096742,0.232754,0.416,3.555,1.0,0.116227,0.100762,8.213,0.96,1,0.096742,hst,7.12,8.554,0.832,8.554,1.0,3.799423773445064e-16,drift,398,3.161,1462,hst,1,0.805,native,0,0.0,0.5
nasa2910,2910,174296,8,0.25,18,False,400,256,0.979955,0.351162,4.434444,0.079,0.221,1.0,0.458327,0.365889,2.678,0.96,23,0.351162,hst,2.138,2.791,0.766,2.791,1.0,2.532721756181166e-16,drift,399,3.933,2910,hst,1,13.984,relabelled,101,4.2134546358544703e-16,0.5
nasa2910,2910,174296,8,0.25,19,False,400,256,0.831399,0.093194,0.209182,0.446,3.975,1.0,0.116254,0.0992,8.381,0.939,1,0.093194,hst,7.152,8.921,0.802,8.921,1.0,3.9854920332226225e-16,drift,397,2.35,1082,hst,1,1.078,native,0,0.0,0.5
nasa2910,2910,174296,8,0.25,19,False,400,256,0.989717,0.357713,4.408171,0.081,0.225,1.0,0.44924,0.365356,2.709,0.979,21,0.357713,hst,2.203,2.767,0.796,2.767,1.0,3.0864312933512224e-16,drift,399,3.657,2910,hst,1,13.416,relabelled,101,2.4491646812434134e-16,0.5
nasa2910,2910,174296,8,0.25,20,False,400,256,0.836187,0.096817,0.227215,0.426,3.68,1.0,0.118447,0.102608,8.149,0.944,1,0.096817,hst,7.06,8.637,0.817,8.637,1.0,3.799423773445064e-16,drift,398,4.448,1210,hst,1,0.869,native,0,0.0,0.5
nasa2910,2910,174296,8,0.25,20,False,400,256,0.992695,0.34796,4.41611,0.079,0.225,1.0,0.457982,0.365665,2.715,0.952,22,0.34796,hst,2.168,2.853,0.76,2.853,1.0,2.532721756181166e-16,drift,399,3.492,2910,hst,1,13.624,relabelled,101,4.2134546358544703e-16,0.5
nasa2910,2910,174296,8,0.25,21,False,400,256,0.838879,0.098152,0.231457,0.424,3.624,1.0,0.116105,0.100602,8.339,0.976,1,0.098152,hst,7.225,8.547,0.845,8.547,1.0,3.170894107257953e-16,drift,398,2.686,1216,hst,1,0.855,native,0,0.0,0.5
nasa2910,2910,174296,8,0.25,21,False,400,256,0.994555,0.349865,4.438673,0.079,0.224,1.0,0.457745,0.367973,2.703,0.951,22,0.349865,hst,2.173,2.843,0.764,2.843,1.0,2.7094878950290114e-16,drift,399,3.847,2910,hst,1,13.791,relabelled,101,3.460736743484216e-16,0.5
s3rmt3m3,5357,207123,8,0.0,17,False,400,256,0.018004,0.032128,0.029408,1.092,0.612,1.0,0.019073,0.01771,1.017,1.017,0,0.018004,delta_baseline,0.944,1.0,0.944,1.0,1.785,4.0558810500666957e-16,drift,0,1.0,674,delta_baseline,0,0.0,native,0,0.0,0.5
s3rmt3m3,5357,207123,8,0.0,17,False,400,256,0.019093,0.232247,0.19384,1.198,0.098,1.0,0.020564,0.018818,1.015,1.015,0,0.019093,delta_baseline,0.928,1.0,0.928,1.0,12.164,2.8015694764349287e-16,drift,0,1.0,5354,delta_baseline,0,0.0,relabelled,101,3.411013695022156e-16,0.5
s3rmt3m3,5357,207123,8,0.0,18,False,400,256,0.016485,0.029913,0.027482,1.088,0.6,1.0,0.017807,0.016528,0.997,0.997,,0.016485,delta_baseline,0.926,1.0,0.926,1.0,1.815,4.602754019127631e-16,drift,0,1.0,597,delta_baseline,0,0.0,native,0,0.0,0.5
s3rmt3m3,5357,207123,8,0.0,18,False,400,256,0.018145,0.222746,0.184806,1.205,0.098,1.0,0.019595,0.018059,1.005,1.005,0,0.018145,delta_baseline,0.926,1.0,0.926,1.0,12.276,3.9855727061763846e-16,drift,0,1.0,5356,delta_baseline,0,0.0,relabelled,101,2.7363638763643937e-16,0.5
s3rmt3m3,5357,207123,8,0.0,19,False,400,256,0.018021,0.030403,0.028132,1.081,0.641,1.0,0.018975,0.017704,1.018,1.018,0,0.018021,delta_baseline,0.95,1.0,0.95,1.0,1.687,3.6103403035014226e-16,drift,0,1.0,498,delta_baseline,0,0.0,native,0,0.0,0.5
s3rmt3m3,5357,207123,8,0.0,19,False,400,256,0.019377,0.231575,0.188703,1.227,0.103,1.0,0.020176,0.018378,1.054,1.054,0,0.019377,delta_baseline,0.96,1.0,0.96,1.0,11.951,5.953728312883426e-16,drift,0,1.0,5357,delta_baseline,0,0.0,relabelled,101,2.597742958694203e-16,0.5
s3rmt3m3,5357,207123,8,0.0,20,False,400,256,0.016567,0.030919,0.028456,1.087,0.582,1.0,0.017543,0.016333,1.014,1.014,0,0.016567,delta_baseline,0.944,1.0,0.944,1.0,1.866,3.8491695538458903e-16,drift,0,1.0,612,delta_baseline,0,0.0,native,0,0.0,0.5
s3rmt3m3,5357,207123,8,0.0,20,False,400,256,0.017672,0.21863,0.183966,1.188,0.096,1.0,0.019273,0.017722,0.997,0.997,,0.017672,delta_baseline,0.917,1.0,0.917,1.0,12.372,4.771307047727113e-16,drift,0,1.0,5357,delta_baseline,0,0.0,relabelled,101,4.579706159159549e-16,0.5
s3rmt3m3,5357,207123,8,0.0,21,False,400,256,0.016438,0.029013,0.027302,1.063,0.602,1.0,0.017783,0.016557,0.993,0.993,,0.016438,delta_baseline,0.924,1.0,0.924,1.0,1.765,4.3170597187208097e-16,drift,0,1.0,471,delta_baseline,0,0.0,native,0,0.0,0.5
s3rmt3m3,5357,207123,8,0.0,21,False,400,256,0.017978,0.220742,0.183441,1.203,0.098,1.0,0.019625,0.018029,0.997,0.997,,0.017978,delta_baseline,0.916,1.0,0.916,1.0,12.278,3.7582660580828873e-16,drift,0,1.0,5357,delta_baseline,0,0.0,relabelled,101,4.1110618908199816e-16,0.5
s3rmt3m3,5357,207123,8,0.002,17,False,400,256,0.473454,0.044909,0.040616,1.106,11.657,1.106,0.055766,0.046227,10.242,0.971,1,0.044909,hst,8.49,10.542,0.805,10.542,1.0,4.0558810500666957e-16,drift,45,2.08,1050,hst,1,0.568,native,0,0.0,0.5
s3rmt3m3,5357,207123,8,0.002,17,False,400,256,0.591179,0.262361,0.42579,0.616,1.388,1.0,0.325595,0.270469,2.186,0.97,34,0.262361,hst,1.816,2.253,0.806,2.253,1.0,2.8015694764349287e-16,drift,354,2.84,5354,hst,1,10.904,relabelled,101,3.411013695022156e-16,0.5
s3rmt3m3,5357,207123,8,0.002,18,False,400,256,0.429665,0.035493,0.033676,1.054,12.759,1.054,0.061841,0.050341,8.535,0.705,18,0.035493,hst,6.948,12.106,0.574,12.106,1.0,4.602754019127631e-16,drift,33,1.718,810,hst,1,6.813,native,0,0.0,0.5
s3rmt3m3,5357,207123,8,0.002,18,False,400,256,0.534324,0.250983,0.388477,0.646,1.375,1.0,0.308101,0.262878,2.033,0.955,38,0.250983,hst,1.734,2.129,0.815,2.129,1.0,3.9855727061763846e-16,drift,341,2.706,5357,hst,1,10.393,relabelled,101,2.7363638763643937e-16,0.5
s3rmt3m3,5357,207123,8,0.002,19,False,400,256,0.481476,0.039765,0.039978,0.995,12.043,1.0,0.049595,0.041288,11.661,0.963,1,0.039765,hst,9.708,12.108,0.802,12.108,1.0,3.6103403035014226e-16,drift,43,2.078,894,hst,1,0.55,native,0,0.0,0.5
s3rmt3m3,5357,207123,8,0.002,19,False,400,256,0.595486,0.261391,0.413702,0.632,1.439,1.0,0.325733,0.273694,2.176,0.955,34,0.261391,hst,1.828,2.278,0.802,2.278,1.0,5.953728312883426e-16,drift,358,2.722,5357,hst,1,11.039,relabelled,101,2.597742958694203e-16,0.5
s3rmt3m3,5357,207123,8,0.002,20,False,400,256,0.410422,0.033539,0.03328,1.008,12.333,1.008,0.060873,0.046812,8.767,0.716,19,0.033539,hst,6.742,12.237,0.551,12.237,1.0,3.8491695538458903e-16,drift,20,1.917,744,hst,1,6.75,native,0,0.0,0.5
s3rmt3m3,5357,207123,8,0.002,20,False,400,256,0.510876,0.245413,0.366231,0.67,1.395,1.0,0.306574,0.256284,1.993,0.958,42,0.245413,hst,1.666,2.082,0.801,2.082,1.0,4.771307047727113e-16,drift,328,2.369,5357,hst,1,10.693,relabelled,101,4.579706159159549e-16,0.5
s3rmt3m3,5357,207123,8,0.002,21,False,400,256,0.422034,0.031939,0.030076,1.062,14.032,1.062,0.059305,0.045726,9.23,0.698,18,0.031939,hst,7.116,13.214,0.539,13.214,1.0,4.3170597187208097e-16,drift,18,1.811,609,hst,1,6.752,native,0,0.0,0.5
s3rmt3m3,5357,207123,8,0.002,21,False,400,256,0.521445,0.253412,0.38951,0.651,1.339,1.0,0.313942,0.266713,1.955,0.95,42,0.253412,hst,1.661,2.058,0.807,2.058,1.0,3.7582660580828873e-16,drift,343,2.607,5357,hst,1,10.812,relabelled,101,4.1110618908199816e-16,0.5
s3rmt3m3,5357,207123,8,0.01,17,False,400,256,0.482457,0.050964,0.049806,1.023,9.687,1.023,0.06461,0.055361,8.715,0.921,1,0.050964,hst,7.467,9.467,0.789,9.467,1.0,4.0558810500666957e-16,drift,132,3.125,1054,hst,1,0.585,native,0,0.0,0.5
s3rmt3m3,5357,207123,8,0.01,17,False,400,256,0.607275,0.268505,0.676273,0.397,0.898,1.0,0.339229,0.281714,2.156,0.953,35,0.268505,hst,1.79,2.262,0.792,2.262,1.0,2.8015694764349287e-16,drift,398,3.096,5357,hst,1,11.526,relabelled,101,3.411013695022156e-16,0.5
s3rmt3m3,5357,207123,8,0.01,18,False,400,256,0.443736,0.038886,0.036658,1.061,12.105,1.061,0.050293,0.040886,10.853,0.951,1,0.038886,hst,8.823,11.411,0.773,11.411,1.0,4.602754019127631e-16,drift,63,2.29,810,hst,1,0.542,native,0,0.0,0.5
s3rmt3m3,5357,207123,8,0.01,18,False,400,256,0.553592,0.257046,0.608785,0.422,0.909,1.0,0.320379,0.266635,2.076,0.964,38,0.257046,hst,1.728,2.154,0.802,2.154,1.0,3.9855727061763846e-16,drift,395,2.899,5357,hst,1,10.952,relabelled,101,2.7363638763643937e-16,0.5
s3rmt3m3,5357,207123,8,0.01,19,False,400,256,0.504771,0.052521,0.054253,0.968,9.304,1.0,0.065861,0.057225,8.821,0.918,1,0.052521,hst,7.664,9.611,0.797,9.611,1.0,3.6103403035014226e-16,drift,141,2.618,1176,hst,1,0.537,native,0,0.0,0.5
s3rmt3m3,5357,207123,8,0.01,19,False,400,256,0.636443,0.267646,0.650631,0.411,0.978,1.0,0.337673,0.279324,2.279,0.958,32,0.267646,hst,1.885,2.378,0.793,2.378,1.0,5.953728312883426e-16,drift,397,2.983,5357,hst,1,11.555,relabelled,101,2.597742958694203e-16,0.5
s3rmt3m3,5357,207123,8,0.01,20,False,400,256,0.435927,0.04145,0.039618,1.046,11.003,1.046,0.070315,0.056923,7.658,0.728,18,0.04145,hst,6.2,10.517,0.589,10.517,1.0,3.8491695538458903e-16,drift,75,2.324,1032,hst,1,6.813,native,0,0.0,0.5
s3rmt3m3,5357,207123,8,0.01,20,False,400,256,0.547294,0.253967,0.592856,0.428,0.923,1.0,0.319488,0.268027,2.042,0.948,40,0.253967,hst,1.713,2.155,0.795,2.155,1.0,4.771307047727113e-16,drift,397,3.079,5356,hst,1,11.141,relabelled,101,4.579706159159549e-16,0.5
s3rmt3m3,5357,207123,8,0.01,21,False,400,256,0.487301,0.037905,0.038941,0.973,12.514,1.0,0.050057,0.041084,11.861,0.923,1,0.037905,hst,9.735,12.856,0.757,12.856,1.0,4.3170597187208097e-16,drift,69,2.46,678,hst,1,0.522,native,0,0.0,0.5
s3rmt3m3,5357,207123,8,0.01,21,False,400,256,0.552943,0.256854,0.638127,0.403,0.867,1.0,0.324025,0.273786,2.02,0.938,39,0.256854,hst,1.706,2.153,0.793,2.153,1.0,3.7582660580828873e-16,drift,395,2.906,5357,hst,1,10.853,relabelled,101,4.1110618908199816e-16,0.5
s3rmt3m3,5357,207123,8,0.05,17,False,400,256,0.485886,0.070665,0.082117,0.861,5.917,1.0,0.085895,0.076894,6.319,0.919,1,0.070665,hst,5.657,6.876,0.823,6.876,1.0,4.0558810500666957e-16,drift,338,1.734,1162,hst,1,0.611,native,0,0.0,0.5
s3rmt3m3,5357,207123,8,0.05,17,False,400,256,0.627477,0.272274,1.634993,0.167,0.384,1.0,0.340727,0.281655,2.228,0.967,34,0.272274,hst,1.842,2.305,0.799,2.305,1.0,2.8015694764349287e-16,drift,399,3.797,5351,hst,1,11.586,relabelled,101,3.411013695022156e-16,0.5
s3rmt3m3,5357,207123,8,0.05,18,False,400,256,0.476207,0.066601,0.077945,0.854,6.109,1.0,0.080158,0.072606,6.559,0.917,1,0.066601,hst,5.941,7.15,0.831,7.15,1.0,4.602754019127631e-16,drift,313,4.241,1239,hst,1,0.567,native,0,0.0,0.5
s3rmt3m3,5357,207123,8,0.05,18,False,400,256,0.612234,0.269629,1.560364,0.173,0.392,1.0,0.334796,0.28017,2.185,0.962,33,0.269629,hst,1.829,2.271,0.805,2.271,1.0,3.9855727061763846e-16,drift,399,3.774,5357,hst,1,11.124,relabelled,101,2.7363638763643937e-16,0.5
s3rmt3m3,5357,207123,8,0.05,19,False,400,256,0.493909,0.068539,0.076896,0.891,6.423,1.0,0.084064,0.075504,6.542,0.908,1,0.068539,hst,5.875,7.206,0.815,7.206,1.0,3.6103403035014226e-16,drift,328,4.035,1188,hst,1,0.584,native,0,0.0,0.5
s3rmt3m3,5357,207123,8,0.05,19,False,400,256,0.636096,0.272337,1.648379,0.165,0.386,1.0,0.342545,0.283779,2.242,0.96,33,0.272337,hst,1.857,2.336,0.795,2.336,1.0,5.953728312883426e-16,drift,399,3.534,5357,hst,1,11.518,relabelled,101,2.597742958694203e-16,0.5
s3rmt3m3,5357,207123,8,0.05,20,False,400,256,0.454448,0.06197,0.070858,0.875,6.413,1.0,0.075185,0.067433,6.739,0.919,1,0.06197,hst,6.044,7.333,0.824,7.333,1.0,3.8491695538458903e-16,drift,288,2.971,1047,hst,1,0.542,native,0,0.0,0.5
s3rmt3m3,5357,207123,8,0.05,20,False,400,256,0.581519,0.266588,1.554722,0.171,0.374,1.0,0.333912,0.279657,2.079,0.953,37,0.266588,hst,1.742,2.181,0.798,2.181,1.0,4.771307047727113e-16,drift,399,3.554,5356,hst,1,11.307,relabelled,101,4.579706159159549e-16,0.5
s3rmt3m3,5357,207123,8,0.05,21,False,400,256,0.469218,0.064958,0.073848,0.88,6.354,1.0,0.078711,0.071571,6.556,0.908,1,0.064958,hst,5.961,7.223,0.825,7.223,1.0,4.3170597187208097e-16,drift,301,1.094,1181,hst,1,0.527,native,0,0.0,0.5
s3rmt3m3,5357,207123,8,0.05,21,False,400,256,0.59805,0.26878,1.537358,0.175,0.389,1.0,0.334379,0.280768,2.13,0.957,35,0.26878,hst,1.789,2.225,0.804,2.225,1.0,3.7582660580828873e-16,drift,399,3.796,5354,hst,1,11.045,relabelled,101,4.1110618908199816e-16,0.5
s3rmt3m3,5357,207123,8,0.25,17,False,400,256,0.485314,0.07323,0.137222,0.534,3.537,1.0,0.087232,0.07719,6.287,0.949,2,0.07323,hst,5.563,6.627,0.839,6.627,1.0,4.0558810500666957e-16,drift,399,2.638,1241,hst,1,0.678,native,0,0.0,0.5
s3rmt3m3,5357,207123,8,0.25,17,False,400,256,0.624903,0.275124,4.140262,0.066,0.151,1.0,0.348356,0.28928,2.16,0.951,35,0.275124,hst,1.794,2.271,0.79,2.271,1.0,2.8015694764349287e-16,drift,399,4.84,5357,hst,1,11.718,relabelled,101,3.411013695022156e-16,0.5
s3rmt3m3,5357,207123,8,0.25,18,False,400,256,0.484547,0.072286,0.131162,0.551,3.694,1.0,0.084832,0.076311,6.35,0.947,1,0.072286,hst,5.712,6.703,0.852,6.703,1.0,4.602754019127631e-16,drift,398,4.329,1146,hst,1,0.578,native,0,0.0,0.5
s3rmt3m3,5357,207123,8,0.25,18,False,400,256,0.619955,0.278615,4.082395,0.068,0.152,1.0,0.34793,0.292963,2.116,0.951,35,0.278615,hst,1.782,2.225,0.801,2.225,1.0,3.9855727061763846e-16,drift,399,4.786,5357,hst,1,11.459,relabelled,101,2.7363638763643937e-16,0.5
s3rmt3m3,5357,207123,8,0.25,19,False,400,256,0.483719,0.071418,0.130252,0.548,3.714,1.0,0.086341,0.076428,6.329,0.934,2,0.071418,hst,5.602,6.773,0.827,6.773,1.0,3.6103403035014226e-16,drift,399,3.419,915,hst,1,0.668,native,0,0.0,0.5
s3rmt3m3,5357,207123,8,0.25,19,False,400,256,0.618498,0.27771,4.114729,0.067,0.15,1.0,0.348466,0.289346,2.138,0.96,35,0.27771,hst,1.775,2.227,0.797,2.227,1.0,5.953728312883426e-16,drift,399,5.007,5356,hst,1,11.684,relabelled,101,2.597742958694203e-16,0.5
s3rmt3m3,5357,207123,8,0.25,20,False,400,256,0.471919,0.071506,0.129434,0.552,3.646,1.0,0.086021,0.077241,6.11,0.926,2,0.071506,hst,5.486,6.6,0.831,6.6,1.0,3.8491695538458903e-16,drift,399,1.324,1140,hst,1,0.613,native,0,0.0,0.5
s3rmt3m3,5357,207123,8,0.25,20,False,400,256,0.606086,0.27582,4.070462,0.068,0.149,1.0,0.345323,0.29001,2.09,0.951,36,0.27582,hst,1.755,2.197,0.799,2.197,1.0,4.771307047727113e-16,drift,399,4.812,5357,hst,1,11.337,relabelled,101,4.579706159159549e-16,0.5
s3rmt3m3,5357,207123,8,0.25,21,False,400,256,0.48327,0.072338,0.130101,0.556,3.715,1.0,0.084861,0.075718,6.383,0.955,2,0.072338,hst,5.695,6.681,0.852,6.681,1.0,4.3170597187208097e-16,drift,399,2.88,873,hst,1,0.63,native,0,0.0,0.5
s3rmt3m3,5357,207123,8,0.25,21,False,400,256,0.619498,0.273149,4.033818,0.068,0.154,1.0,0.344562,0.287357,2.156,0.951,35,0.273149,hst,1.798,2.268,0.793,2.268,1.0,3.7582660580828873e-16,drift,399,4.653,5357,hst,1,11.553,relabelled,101,4.1110618908199816e-16,0.5
olafu,16146,1015156,8,0.0,17,False,400,256,0.02471,0.05311,0.047841,1.11,0.517,1.0,0.025741,0.023844,1.036,1.036,0,0.02471,delta_baseline,0.96,1.0,0.96,1.0,2.149,5.582074938205133e-16,drift,0,1.0,858,delta_baseline,0,0.0,native,0,0.0,0.5
olafu,16146,1015156,8,0.0,17,False,400,256,0.025942,0.399287,0.371469,1.075,0.07,1.0,0.028112,0.025775,1.006,1.006,0,0.025942,delta_baseline,0.923,1.0,0.923,1.0,15.391,6.333298741387345e-16,drift,0,1.0,16125,delta_baseline,0,0.0,relabelled,101,2.5904017898144334e-16,0.5
olafu,16146,1015156,8,0.0,18,False,400,256,0.02249,0.043973,0.039454,1.115,0.57,1.0,0.02397,0.022346,1.006,1.006,0,0.02249,delta_baseline,0.938,1.0,0.938,1.0,1.955,6.4036469396236e-16,drift,0,1.0,942,delta_baseline,0,0.0,native,0,0.0,0.5
olafu,16146,1015156,8,0.0,18,False,400,256,0.023785,0.385845,0.361439,1.068,0.066,1.0,0.025536,0.02346,1.014,1.014,0,0.023785,delta_baseline,0.931,1.0,0.931,1.0,16.222,2.754956920541187e-16,drift,0,1.0,16130,delta_baseline,0,0.0,relabelled,101,2.2844516423930047e-16,0.5
olafu,16146,1015156,8,0.0,19,False,400,256,0.023329,0.058238,0.053591,1.087,0.435,1.0,0.024835,0.023051,1.012,1.012,0,0.023329,delta_baseline,0.939,1.0,0.939,1.0,2.496,4.864534386882603e-16,drift,0,1.0,1014,delta_baseline,0,0.0,native,0,0.0,0.5
olafu,16146,1015156,8,0.0,19,False,400,256,0.024729,0.401236,0.370823,1.082,0.067,1.0,0.026955,0.024803,0.997,0.997,,0.024729,delta_baseline,0.917,1.0,0.917,1.0,16.226,1.0819098556423372e-15,drift,0,1.0,16116,delta_baseline,0,0.0,relabelled,101,3.0083992041347256e-16,0.5
olafu,16146,1015156,8,0.0,20,False,400,256,0.025646,0.042869,0.039725,1.079,0.646,1.0,0.026818,0.024878,1.031,1.031,0,0.025646,delta_baseline,0.956,1.0,0.956,1.0,1.672,8.4320949564375e-16,drift,0,1.0,794,delta_baseline,0,0.0,native,0,0.0,0.5
olafu,16146,1015156,8,0.0,20,False,400,256,0.027317,0.390174,0.364622,1.07,0.075,1.0,0.029218,0.026824,1.018,1.018,0,0.027317,delta_baseline,0.935,1.0,0.935,1.0,14.283,5.357644625131427e-16,drift,0,1.0,16091,delta_baseline,0,0.0,relabelled,101,5.605636111057413e-16,0.5
olafu,16146,1015156,8,0.0,21,False,400,256,0.02927,0.041053,0.040353,1.017,0.725,1.0,0.030702,0.028426,1.03,1.03,0,0.02927,delta_baseline,0.953,1.0,0.953,1.0,1.403,5.998259265642777e-16,drift,0,1.0,629,delta_baseline,0,0.0,native,0,0.0,0.5
olafu,16146,1015156,8,0.0,21,False,400,256,0.0313,0.396684,0.369688,1.073,0.085,1.0,0.033039,0.030258,1.034,1.034,0,0.0313,delta_baseline,0.947,1.0,0.947,1.0,12.674,4.2313685453480476e-16,drift,0,1.0,16113,delta_baseline,0,0.0,relabelled,101,4.0355928044838344e-16,0.5
olafu,16146,1015156,8,0.002,17,False,400,256,0.678227,0.078182,0.070385,1.111,9.636,1.111,0.093726,0.079883,8.49,0.979,1,0.078182,hst,7.236,8.675,0.834,8.675,1.0,5.582074938205133e-16,drift,59,2.518,1333,hst,1,0.893,native,0,0.0,0.5
olafu,16146,1015156,8,0.002,17,False,400,256,0.800892,0.440375,0.892475,0.493,0.897,1.0,0.523353,0.448948,1.784,0.981,51,0.440375,hst,1.53,1.819,0.841,1.819,1.0,6.333298741387345e-16,drift,379,2.756,16098,hst,1,17.865,relabelled,101,2.5904017898144334e-16,0.5
olafu,16146,1015156,8,0.002,18,False,400,256,0.586112,0.063846,0.056538,1.129,10.367,1.129,0.079505,0.067961,8.624,0.939,2,0.063846,hst,7.372,9.18,0.803,9.18,1.0,6.4036469396236e-16,drift,52,1.983,1491,hst,1,0.784,native,0,0.0,0.5
olafu,16146,1015156,8,0.002,18,False,400,256,0.73522,0.430514,0.811448,0.531,0.906,1.0,0.49794,0.439907,1.671,0.979,57,0.430514,hst,1.477,1.708,0.865,1.708,1.0,2.754956920541187e-16,drift,380,2.675,16114,hst,1,16.763,relabelled,101,2.2844516423930047e-16,0.5
olafu,16146,1015156,8,0.002,19,False,400,256,0.656952,0.08549,0.084313,1.014,7.792,1.014,0.097166,0.088006,7.465,0.971,2,0.08549,hst,6.761,7.685,0.88,7.685,1.0,4.864534386882603e-16,drift,82,2.526,1580,hst,1,0.898,native,0,0.0,0.5
olafu,16146,1015156,8,0.002,19,False,400,256,0.806158,0.448168,0.924265,0.485,0.872,1.0,0.523492,0.456459,1.766,0.982,53,0.448168,hst,1.54,1.799,0.856,1.799,1.0,1.0819098556423372e-15,drift,383,2.764,16106,hst,1,18.498,relabelled,101,3.0083992041347256e-16,0.5
olafu,16146,1015156,8,0.002,20,False,400,256,0.753178,0.070144,0.066356,1.057,11.351,1.057,0.105201,0.083592,9.01,0.839,11,0.070144,hst,7.159,10.738,0.667,10.738,1.0,8.4320949564375e-16,drift,79,2.49,1285,hst,1,7.617,native,0,0.0,0.5
olafu,16146,1015156,8,0.002,20,False,400,256,0.901336,0.447444,0.852632,0.525,1.057,1.0,0.530053,0.456212,1.976,0.981,39,0.447444,hst,1.7,2.014,0.844,2.014,1.0,5.357644625131427e-16,drift,386,2.816,16123,hst,1,17.501,relabelled,101,5.605636111057413e-16,0.5
olafu,16146,1015156,8,0.002,21,False,400,256,0.80688,0.059129,0.057639,1.026,13.999,1.026,0.079331,0.062375,12.936,0.948,1,0.059129,hst,10.171,13.646,0.745,13.646,1.0,5.998259265642777e-16,drift,52,2.269,822,hst,1,0.858,native,0,0.0,0.5
olafu,16146,1015156,8,0.002,21,False,400,256,0.953749,0.445247,0.836447,0.532,1.14,1.0,0.545315,0.455561,2.094,0.977,36,0.445247,hst,1.749,2.142,0.816,2.142,1.0,4.2313685453480476e-16,drift,380,2.719,16130,hst,1,17.854,relabelled,101,4.0355928044838344e-16,0.5
olafu,16146,1015156,8,0.01,17,False,400,256,0.746907,0.085786,0.083452,1.028,8.95,1.028,0.102701,0.089311,8.363,0.961,1,0.085786,hst,7.273,8.707,0.835,8.707,1.0,5.582074938205133e-16,drift,144,2.719,1379,hst,1,0.863,native,0,0.0,0.5
olafu,16146,1015156,8,0.01,17,False,400,256,0.901365,0.456399,1.432777,0.319,0.629,1.0,0.541325,0.464764,1.939,0.982,41,0.456399,hst,1.665,1.975,0.843,1.975,1.0,6.333298741387345e-16,drift,399,3.28,16114,hst,1,18.083,relabelled,101,2.5904017898144334e-16,0.5
olafu,16146,1015156,8,0.01,18,False,400,256,0.635628,0.072881,0.073185,0.996,8.685,1.0,0.088767,0.077419,8.21,0.941,1,0.072881,hst,7.161,8.721,0.821,8.721,1.0,6.4036469396236e-16,drift,118,2.342,1715,hst,1,0.785,native,0,0.0,0.5
olafu,16146,1015156,8,0.01,18,False,400,256,0.796235,0.444438,1.310863,0.339,0.607,1.0,0.52016,0.451187,1.765,0.985,51,0.444438,hst,1.531,1.792,0.854,1.792,1.0,2.754956920541187e-16,drift,399,3.257,16111,hst,1,17.492,relabelled,101,2.2844516423930047e-16,0.5
olafu,16146,1015156,8,0.01,19,False,400,256,0.639011,0.094985,0.0964,0.985,6.629,1.0,0.112448,0.100408,6.364,0.946,2,0.094985,hst,5.683,6.727,0.845,6.727,1.0,4.864534386882603e-16,drift,170,3.56,1842,hst,1,0.975,native,0,0.0,0.5
olafu,16146,1015156,8,0.01,19,False,400,256,0.812463,0.447883,1.345136,0.333,0.604,1.0,0.533183,0.455459,1.784,0.983,53,0.447883,hst,1.524,1.814,0.84,1.814,1.0,1.0819098556423372e-15,drift,398,3.288,16114,hst,1,19.037,relabelled,101,3.0083992041347256e-16,0.5
olafu,16146,1015156,8,0.01,20,False,400,256,0.750795,0.091479,0.092229,0.992,8.141,1.0,0.109955,0.097589,7.693,0.937,1,0.091479,hst,6.828,8.207,0.832,8.207,1.0,8.4320949564375e-16,drift,190,3.132,2009,hst,1,0.818,native,0,0.0,0.5
olafu,16146,1015156,8,0.01,20,False,400,256,0.933743,0.456794,1.3776,0.332,0.678,1.0,0.546956,0.471074,1.982,0.97,39,0.456794,hst,1.707,2.044,0.835,2.044,1.0,5.357644625131427e-16,drift,398,3.563,16126,hst,1,18.273,relabelled,101,5.605636111057413e-16,0.5
olafu,16146,1015156,8,0.01,21,False,400,256,0.80433,0.059659,0.062885,0.949,12.79,1.0,0.089879,0.063549,12.657,0.939,6,0.059659,hst,8.949,13.482,0.664,13.482,1.0,5.998259265642777e-16,drift,68,2.936,845,hst,1,4.689,native,0,0.0,0.5
olafu,16146,1015156,8,0.01,21,False,400,256,0.948894,0.449279,1.328463,0.338,0.714,1.0,0.549642,0.459852,2.063,0.977,37,0.449279,hst,1.726,2.112,0.817,2.112,1.0,4.2313685453480476e-16,drift,398,3.024,16131,hst,1,18.127,relabelled,101,4.0355928044838344e-16,0.5
olafu,16146,1015156,8,0.05,17,False,400,256,0.797788,0.118723,0.165754,0.716,4.813,1.0,0.136366,0.123728,6.448,0.96,1,0.118723,hst,5.85,6.72,0.871,6.72,1.0,5.582074938205133e-16,drift,366,2.476,2039,hst,1,0.941,native,0,0.0,0.5
olafu,16146,1015156,8,0.05,17,False,400,256,0.997157,0.485922,3.507301,0.139,0.284,1.0,0.566263,0.484431,2.058,1.003,37,0.485922,hst,1.761,2.052,0.858,2.052,1.0,6.333298741387345e-16,drift,399,5.496,16119,hst,1,18.741,relabelled,101,2.5904017898144334e-16,0.5
olafu,16146,1015156,8,0.05,18,False,400,256,0.659765,0.103623,0.138683,0.747,4.757,1.0,0.127893,0.110964,5.946,0.934,7,0.103623,hst,5.159,6.367,0.81,6.367,1.0,6.4036469396236e-16,drift,359,4.678,1762,hst,1,3.604,native,0,0.0,0.5
olafu,16146,1015156,8,0.05,18,False,400,256,0.83319,0.45991,3.322116,0.138,0.251,1.0,0.537895,0.469693,1.774,0.979,49,0.45991,hst,1.549,1.812,0.855,1.812,1.0,2.754956920541187e-16,drift,399,4.817,16103,hst,1,17.813,relabelled,101,2.2844516423930047e-16,0.5
olafu,16146,1015156,8,0.05,19,False,400,256,0.749913,0.113483,0.163512,0.694,4.586,1.0,0.131715,0.119563,6.272,0.949,2,0.113483,hst,5.693,6.608,0.862,6.608,1.0,4.864534386882603e-16,drift,363,3.307,1452,hst,1,1.032,native,0,0.0,0.5
olafu,16146,1015156,8,0.05,19,False,400,256,0.938717,0.48113,3.362589,0.143,0.279,1.0,0.553369,0.477647,1.965,1.007,41,0.48113,hst,1.696,1.951,0.869,1.951,1.0,1.0819098556423372e-15,drift,399,5.134,16087,hst,1,18.708,relabelled,101,3.0083992041347256e-16,0.5
olafu,16146,1015156,8,0.05,20,False,400,256,0.778504,0.108915,0.149675,0.728,5.201,1.0,0.126845,0.114874,6.777,0.948,1,0.108915,hst,6.137,7.148,0.859,7.148,1.0,8.4320949564375e-16,drift,353,3.097,2160,hst,1,0.876,native,0,0.0,0.5
olafu,16146,1015156,8,0.05,20,False,400,256,0.964883,0.474418,3.390673,0.14,0.285,1.0,0.56483,0.484992,1.989,0.978,39,0.474418,hst,1.708,2.034,0.84,2.034,1.0,5.357644625131427e-16,drift,399,5.556,16102,hst,1,18.485,relabelled,101,5.605636111057413e-16,0.5
olafu,16146,1015156,8,0.05,21,False,400,256,0.792975,0.07229,0.081946,0.882,9.677,1.0,0.09439,0.076665,10.343,0.943,1,0.07229,hst,8.401,10.969,0.766,10.969,1.0,5.998259265642777e-16,drift,217,3.386,756,hst,1,0.887,native,0,0.0,0.5
olafu,16146,1015156,8,0.05,21,False,400,256,0.942152,0.463425,3.340656,0.139,0.282,1.0,0.571309,0.480224,1.962,0.965,41,0.463425,hst,1.649,2.033,0.811,2.033,1.0,4.2313685453480476e-16,drift,399,3.943,16124,hst,1,18.912,relabelled,101,4.0355928044838344e-16,0.5
olafu,16146,1015156,8,0.25,17,False,400,256,0.840864,0.113923,0.28734,0.396,2.926,1.0,0.132177,0.11819,7.115,0.964,1,0.113923,hst,6.362,7.381,0.862,7.381,1.0,5.582074938205133e-16,drift,399,4.273,1325,hst,1,0.951,native,0,0.0,0.5
olafu,16146,1015156,8,0.25,17,False,400,256,1.037973,0.497786,9.927718,0.05,0.105,1.0,0.591944,0.510165,2.035,0.976,36,0.497786,hst,1.753,2.085,0.841,2.085,1.0,6.333298741387345e-16,drift,399,5.167,16122,hst,1,19.083,relabelled,101,2.5904017898144334e-16,0.5
olafu,16146,1015156,8,0.25,18,False,400,256,0.839341,0.113736,0.288924,0.394,2.905,1.0,0.131427,0.119355,7.032,0.953,1,0.113736,hst,6.386,7.38,0.865,7.38,1.0,6.4036469396236e-16,drift,398,3.121,1258,hst,1,0.937,native,0,0.0,0.5
olafu,16146,1015156,8,0.25,18,False,400,256,1.033039,0.49235,9.805771,0.05,0.105,1.0,0.594838,0.51404,2.01,0.958,37,0.49235,hst,1.737,2.098,0.828,2.098,1.0,2.754956920541187e-16,drift,399,5.027,16131,hst,1,19.09,relabelled,101,2.2844516423930047e-16,0.5
olafu,16146,1015156,8,0.25,19,False,400,256,0.84277,0.10432,0.232083,0.449,3.631,1.0,0.122967,0.108991,7.732,0.957,1,0.10432,hst,6.854,8.079,0.848,8.079,1.0,4.864534386882603e-16,drift,399,2.169,1061,hst,1,1.017,native,0,0.0,0.5
olafu,16146,1015156,8,0.25,19,False,400,256,1.020383,0.489844,9.545302,0.051,0.107,1.0,0.59203,0.504102,2.024,0.972,38,0.489844,hst,1.724,2.083,0.827,2.083,1.0,1.0819098556423372e-15,drift,399,3.877,16047,hst,1,19.561,relabelled,101,3.0083992041347256e-16,0.5
olafu,16146,1015156,8,0.25,20,False,400,256,0.817421,0.106696,0.242314,0.44,3.373,1.0,0.126984,0.112994,7.234,0.944,1,0.106696,hst,6.437,7.661,0.84,7.661,1.0,8.4320949564375e-16,drift,399,4.173,1595,hst,1,0.938,native,0,0.0,0.5
olafu,16146,1015156,8,0.25,20,False,400,256,1.001761,0.493296,9.747596,0.051,0.103,1.0,0.598528,0.510495,1.962,0.966,42,0.493296,hst,1.674,2.031,0.824,2.031,1.0,5.357644625131427e-16,drift,399,4.332,16125,hst,1,20.39,relabelled,101,5.605636111057413e-16,0.5
olafu,16146,1015156,8,0.25,21,False,400,256,0.849362,0.103948,0.236247,0.44,3.595,1.0,0.125463,0.10828,7.844,0.96,1,0.103948,hst,6.77,8.171,0.829,8.171,1.0,5.998259265642777e-16,drift,398,4.319,1413,hst,1,0.986,native,0,0.0,0.5
olafu,16146,1015156,8,0.25,21,False,400,256,1.028107,0.507539,9.452409,0.054,0.109,1.0,0.598005,0.504458,2.038,1.006,37,0.507539,hst,1.719,2.026,0.849,2.026,1.0,4.2313685453480476e-16,drift,399,3.455,16128,hst,1,19.448,relabelled,101,4.0355928044838344e-16,0.5
raefsky3,21200,1488768,8,0.0,17,False,400,256,0.029432,0.041484,0.038205,1.086,0.77,1.0,0.030901,0.028747,1.024,1.024,0,0.029432,delta_baseline,0.952,1.0,0.952,1.0,1.409,4.21040283801125e-16,drift,0,1.0,480,delta_baseline,0,0.0,native,0,0.0,0.5
raefsky3,21200,1488768,8,0.0,17,False,400,256,0.031248,0.509986,0.443058,1.151,0.071,1.0,0.032961,0.030305,1.031,1.031,0,0.031248,delta_baseline,0.948,1.0,0.948,1.0,16.321,3.250151888965749e-16,drift,0,1.0,21152,delta_baseline,0,0.0,relabelled,101,3.939266389732705e-16,0.5
raefsky3,21200,1488768,8,0.0,18,False,400,256,0.029357,0.039835,0.03759,1.06,0.781,1.0,0.030598,0.028352,1.035,1.035,0,0.029357,delta_baseline,0.959,1.0,0.959,1.0,1.357,3.542741100665178e-16,drift,0,1.0,480,delta_baseline,0,0.0,native,0,0.0,0.5
raefsky3,21200,1488768,8,0.0,18,False,400,256,0.031491,0.511078,0.449968,1.136,0.07,1.0,0.033291,0.030485,1.033,1.033,0,0.031491,delta_baseline,0.946,1.0,0.946,1.0,16.229,5.271573318362142e-16,drift,0,1.0,21168,delta_baseline,0,0.0,relabelled,101,3.3145940745707376e-16,0.5
raefsky3,21200,1488768,8,0.0,19,False,400,256,0.029122,0.039945,0.037453,1.067,0.778,1.0,0.030418,0.028287,1.03,1.03,0,0.029122,delta_baseline,0.957,1.0,0.957,1.0,1.372,2.936613481310225e-16,drift,0,1.0,480,delta_baseline,0,0.0,native,0,0.0,0.5
raefsky3,21200,1488768,8,0.0,19,False,400,256,0.031233,0.517943,0.449537,1.152,0.069,1.0,0.033091,0.030414,1.027,1.027,0,0.031233,delta_baseline,0.944,1.0,0.944,1.0,16.583,3.3247354230279637e-16,drift,0,1.0,21176,delta_baseline,0,0.0,relabelled,101,4.121252932524646e-16,0.5
raefsky3,21200,1488768,8,0.0,20,False,400,256,0.029096,0.039633,0.037637,1.053,0.773,1.0,0.030507,0.028296,1.028,1.028,0,0.029096,delta_baseline,0.954,1.0,0.954,1.0,1.362,4.654934124763125e-16,drift,0,1.0,480,delta_baseline,0,0.0,native,0,0.0,0.5
raefsky3,21200,1488768,8,0.0,20,False,400,256,0.031175,0.504305,0.441828,1.141,0.071,1.0,0.033213,0.030439,1.024,1.024,0,0.031175,delta_baseline,0.939,1.0,0.939,1.0,16.177,2.1276162972388885e-16,drift,0,1.0,21160,delta_baseline,0,0.0,relabelled,101,3.484131185149837e-16,0.5
raefsky3,21200,1488768,8,0.0,21,False,400,256,0.029282,0.040059,0.037669,1.063,0.777,1.0,0.03052,0.028359,1.033,1.033,0,0.029282,delta_baseline,0.959,1.0,0.959,1.0,1.368,3.205001438329397e-16,drift,0,1.0,480,delta_baseline,0,0.0,native,0,0.0,0.5
raefsky3,21200,1488768,8,0.0,21,False,400,256,0.031508,0.4719,0.444885,1.061,0.071,1.0,0.033287,0.030594,1.03,1.03,0,0.031508,delta_baseline,0.947,1.0,0.947,1.0,14.977,2.313345072131935e-16,drift,0,1.0,21176,delta_baseline,0,0.0,relabelled,101,4.797774792993218e-16,0.5
raefsky3,21200,1488768,8,0.002,17,False,400,256,0.799156,0.060109,0.059499,1.01,13.432,1.01,0.086716,0.060706,13.164,0.99,6,0.060109,hst,9.216,13.295,0.693,13.295,1.0,4.21040283801125e-16,drift,47,2.268,896,hst,1,4.649,native,0,0.0,0.5
raefsky3,21200,1488768,8,0.002,17,False,400,256,0.991618,0.526052,1.010701,0.52,0.981,1.0,0.612363,0.531727,1.865,0.989,45,0.526052,hst,1.619,1.885,0.859,1.885,1.0,3.250151888965749e-16,drift,385,2.8,21144,hst,1,20.696,relabelled,101,3.939266389732705e-16,0.5
raefsky3,21200,1488768,8,0.002,18,False,400,256,0.810437,0.059641,0.05687,1.049,14.251,1.049,0.077504,0.061468,13.185,0.97,1,0.059641,hst,10.457,13.589,0.77,13.589,1.0,3.542741100665178e-16,drift,44,1.903,952,hst,1,0.897,native,0,0.0,0.5
raefsky3,21200,1488768,8,0.002,18,False,400,256,0.993424,0.522175,1.02637,0.509,0.968,1.0,0.61206,0.532192,1.867,0.981,45,0.522175,hst,1.623,1.902,0.853,1.902,1.0,5.271573318362142e-16,drift,389,2.732,21152,hst,1,20.793,relabelled,101,3.3145940745707376e-16,0.5
raefsky3,21200,1488768,8,0.002,19,False,400,256,0.808354,0.059374,0.060815,0.976,13.292,1.0,0.078481,0.062625,12.908,0.948,1,0.059374,hst,10.3,13.615,0.757,13.615,1.0,2.936613481310225e-16,drift,55,2.285,984,hst,1,0.899,native,0,0.0,0.5
raefsky3,21200,1488768,8,0.002,19,False,400,256,0.99307,0.535129,1.10361,0.485,0.9,1.0,0.629474,0.543886,1.826,0.984,47,0.535129,hst,1.578,1.856,0.85,1.856,1.0,3.3247354230279637e-16,drift,389,2.826,21152,hst,1,21.261,relabelled,101,4.121252932524646e-16,0.5
raefsky3,21200,1488768,8,0.002,20,False,400,256,0.785973,0.056619,0.057014,0.993,13.786,1.0,0.075444,0.059649,13.177,0.949,1,0.056619,hst,10.418,13.882,0.75,13.882,1.0,4.654934124763125e-16,drift,55,2.261,880,hst,1,0.843,native,0,0.0,0.5
raefsky3,21200,1488768,8,0.002,20,False,400,256,0.956811,0.514049,1.002662,0.513,0.954,1.0,0.612999,0.522323,1.832,0.984,48,0.514049,hst,1.561,1.861,0.839,1.861,1.0,2.1276162972388885e-16,drift,374,2.718,21120,hst,1,20.805,relabelled,101,3.484131185149837e-16,0.5
raefsky3,21200,1488768,8,0.002,21,False,400,256,0.809611,0.062523,0.062341,1.003,12.987,1.003,0.082305,0.066147,12.24,0.945,1,0.062523,hst,9.837,12.949,0.76,12.949,1.0,3.205001438329397e-16,drift,66,2.319,944,hst,1,0.864,native,0,0.0,0.5
raefsky3,21200,1488768,8,0.002,21,False,400,256,0.990537,0.525635,1.096014,0.48,0.904,1.0,0.636826,0.540627,1.832,0.972,53,0.525635,hst,1.555,1.884,0.825,1.884,1.0,2.313345072131935e-16,drift,390,2.758,21168,hst,1,23.752,relabelled,101,4.797774792993218e-16,0.5
raefsky3,21200,1488768,8,0.01,17,False,400,256,0.831832,0.067127,0.066772,1.005,12.458,1.005,0.088304,0.072565,11.463,0.925,1,0.067127,hst,9.42,12.392,0.76,12.392,1.0,4.21040283801125e-16,drift,97,2.658,992,hst,1,0.893,native,0,0.0,0.5
raefsky3,21200,1488768,8,0.01,17,False,400,256,1.034073,0.542397,1.695673,0.32,0.61,1.0,0.635135,0.545007,1.897,0.995,43,0.542397,hst,1.628,1.906,0.854,1.906,1.0,3.250151888965749e-16,drift,399,3.395,21152,hst,1,21.039,relabelled,101,3.939266389732705e-16,0.5
raefsky3,21200,1488768,8,0.01,18,False,400,256,0.833115,0.071605,0.074888,0.956,11.125,1.0,0.112329,0.077659,10.728,0.922,11,0.071605,hst,7.417,11.635,0.637,11.635,1.0,3.542741100665178e-16,drift,120,3.097,1208,hst,1,8.505,native,0,0.0,0.5
raefsky3,21200,1488768,8,0.01,18,False,400,256,1.041644,0.530477,1.597819,0.332,0.652,1.0,0.63001,0.543406,1.917,0.976,43,0.530477,hst,1.653,1.964,0.842,1.964,1.0,5.271573318362142e-16,drift,398,3.57,21152,hst,1,21.313,relabelled,101,3.3145940745707376e-16,0.5
raefsky3,21200,1488768,8,0.01,19,False,400,256,0.832526,0.074256,0.078761,0.943,10.57,1.0,0.094035,0.079231,10.508,0.937,1,0.074256,hst,8.853,11.212,0.79,11.212,1.0,2.936613481310225e-16,drift,124,3.461,1192,hst,1,0.862,native,0,0.0,0.5
raefsky3,21200,1488768,8,0.01,19,False,400,256,1.053662,0.543743,1.70042,0.32,0.62,1.0,0.637215,0.544918,1.934,0.998,42,0.543743,hst,1.654,1.938,0.853,1.938,1.0,3.3247354230279637e-16,drift,399,3.656,21120,hst,1,21.59,relabelled,101,4.121252932524646e-16,0.5
raefsky3,21200,1488768,8,0.01,20,False,400,256,0.834262,0.073878,0.078046,0.947,10.689,1.0,0.093894,0.078729,10.597,0.938,1,0.073878,hst,8.885,11.292,0.787,11.292,1.0,4.654934124763125e-16,drift,131,2.982,1360,hst,1,0.868,native,0,0.0,0.5
raefsky3,21200,1488768,8,0.01,20,False,400,256,1.053324,0.535673,1.671369,0.32,0.63,1.0,0.632495,0.54147,1.945,0.989,42,0.535673,hst,1.665,1.966,0.847,1.966,1.0,2.1276162972388885e-16,drift,399,3.565,21160,hst,1,21.279,relabelled,101,3.484131185149837e-16,0.5
raefsky3,21200,1488768,8,0.01,21,False,400,256,0.833908,0.070379,0.071704,0.982,11.63,1.0,0.090198,0.074568,11.183,0.944,1,0.070379,hst,9.245,11.849,0.78,11.849,1.0,3.205001438329397e-16,drift,112,2.923,1064,hst,1,0.925,native,0,0.0,0.5
raefsky3,21200,1488768,8,0.01,21,False,400,256,1.03654,0.533213,1.665232,0.32,0.622,1.0,0.63098,0.539539,1.921,0.988,43,0.533213,hst,1.643,1.944,0.845,1.944,1.0,2.313345072131935e-16,drift,399,3.47,21104,hst,1,21.362,relabelled,101,4.797774792993218e-16,0.5
raefsky3,21200,1488768,8,0.05,17,False,400,256,0.845566,0.089377,0.092152,0.97,9.176,1.0,0.104929,0.089805,9.416,0.995,1,0.089377,hst,8.058,9.461,0.852,9.461,1.0,4.21040283801125e-16,drift,291,1.916,1152,hst,1,0.843,native,0,0.0,0.5
raefsky3,21200,1488768,8,0.05,17,False,400,256,1.047983,0.572054,3.996563,0.143,0.262,1.0,0.655646,0.563198,1.861,1.016,45,0.572054,hst,1.598,1.832,0.873,1.832,1.0,3.250151888965749e-16,drift,399,5.473,21120,hst,1,21.866,relabelled,101,3.939266389732705e-16,0.5
raefsky3,21200,1488768,8,0.05,18,False,400,256,0.835115,0.089462,0.105258,0.85,7.934,1.0,0.110066,0.095938,8.705,0.932,1,0.089462,hst,7.587,9.335,0.813,9.335,1.0,3.542741100665178e-16,drift,302,2.21,1400,hst,1,0.91,native,0,0.0,0.5
raefsky3,21200,1488768,8,0.05,18,False,400,256,1.060833,0.563482,4.036138,0.14,0.263,1.0,0.653072,0.562582,1.886,1.002,44,0.563482,hst,1.624,1.883,0.863,1.883,1.0,5.271573318362142e-16,drift,399,5.756,21160,hst,1,21.759,relabelled,101,3.3145940745707376e-16,0.5
raefsky3,21200,1488768,8,0.05,19,False,400,256,0.826855,0.08968,0.103243,0.869,8.009,1.0,0.110144,0.095665,8.643,0.937,1,0.08968,hst,7.507,9.22,0.814,9.22,1.0,2.936613481310225e-16,drift,309,1.299,1192,hst,1,0.868,native,0,0.0,0.5
raefsky3,21200,1488768,8,0.05,19,False,400,256,1.051734,0.552191,4.049041,0.136,0.26,1.0,0.654192,0.561574,1.873,0.983,45,0.552191,hst,1.608,1.905,0.844,1.905,1.0,3.3247354230279637e-16,drift,399,5.691,21184,hst,1,22.08,relabelled,101,4.121252932524646e-16,0.5
raefsky3,21200,1488768,8,0.05,20,False,400,256,0.840951,0.089468,0.11025,0.812,7.628,1.0,0.113591,0.100278,8.386,0.892,1,0.089468,hst,7.403,9.399,0.788,9.399,1.0,4.654934124763125e-16,drift,315,2.361,1632,hst,1,0.882,native,0,0.0,0.5
raefsky3,21200,1488768,8,0.05,20,False,400,256,1.069649,0.545589,4.041071,0.135,0.265,1.0,0.658291,0.567553,1.885,0.961,43,0.545589,hst,1.625,1.961,0.829,1.961,1.0,2.1276162972388885e-16,drift,399,5.898,21112,hst,1,21.774,relabelled,101,3.484131185149837e-16,0.5
raefsky3,21200,1488768,8,0.05,21,False,400,256,0.817571,0.082441,0.093787,0.879,8.717,1.0,0.103028,0.087596,9.333,0.941,1,0.082441,hst,7.935,9.917,0.8,9.917,1.0,3.205001438329397e-16,drift,288,4.635,1104,hst,1,0.864,native,0,0.0,0.5
raefsky3,21200,1488768,8,0.05,21,False,400,256,1.013069,0.552463,3.935883,0.14,0.257,1.0,0.65334,0.560775,1.807,0.985,49,0.552463,hst,1.551,1.834,0.846,1.834,1.0,2.313345072131935e-16,drift,399,5.303,21112,hst,1,22.03,relabelled,101,4.797774792993218e-16,0.5
raefsky3,21200,1488768,8,0.25,17,False,400,256,0.832542,0.094729,0.157325,0.602,5.292,1.0,0.114111,0.098053,8.491,0.966,1,0.094729,hst,7.296,8.789,0.83,8.789,1.0,4.21040283801125e-16,drift,399,3.724,1216,hst,1,0.961,native,0,0.0,0.5
raefsky3,21200,1488768,8,0.25,17,False,400,256,1.049551,0.581354,11.282089,0.052,0.093,1.0,0.684971,0.591689,1.774,0.983,49,0.581354,hst,1.532,1.805,0.849,1.805,1.0,3.250151888965749e-16,drift,399,5.181,21160,hst,1,22.547,relabelled,101,3.939266389732705e-16,0.5
raefsky3,21200,1488768,8,0.25,18,False,400,256,0.830083,0.091507,0.152756,0.599,5.434,1.0,0.112063,0.096623,8.591,0.947,1,0.091507,hst,7.407,9.071,0.817,9.071,1.0,3.542741100665178e-16,drift,397,2.778,888,hst,1,0.949,native,0,0.0,0.5
raefsky3,21200,1488768,8,0.25,18,False,400,256,1.037701,0.57222,11.141317,0.051,0.093,1.0,0.67954,0.58836,1.764,0.973,50,0.57222,hst,1.527,1.813,0.842,1.813,1.0,5.271573318362142e-16,drift,399,4.258,21120,hst,1,22.483,relabelled,101,3.3145940745707376e-16,0.5
raefsky3,21200,1488768,8,0.25,19,False,400,256,0.82346,0.091454,0.147657,0.619,5.577,1.0,0.115653,0.099137,8.306,0.922,1,0.091454,hst,7.12,9.004,0.791,9.004,1.0,2.936613481310225e-16,drift,397,3.14,712,hst,1,0.996,native,0,0.0,0.5
raefsky3,21200,1488768,8,0.25,19,False,400,256,1.020744,0.565292,10.89374,0.052,0.094,1.0,0.677311,0.584853,1.745,0.967,51,0.565292,hst,1.507,1.806,0.835,1.806,1.0,3.3247354230279637e-16,drift,399,2.827,21056,hst,1,22.254,relabelled,101,4.121252932524646e-16,0.5
raefsky3,21200,1488768,8,0.25,20,False,400,256,0.825959,0.091145,0.152238,0.599,5.425,1.0,0.112451,0.097019,8.513,0.939,1,0.091145,hst,7.345,9.062,0.811,9.062,1.0,4.654934124763125e-16,drift,399,3.846,976,hst,1,0.904,native,0,0.0,0.5
raefsky3,21200,1488768,8,0.25,20,False,400,256,1.032985,0.569116,11.106826,0.051,0.093,1.0,0.675049,0.586263,1.762,0.971,50,0.569116,hst,1.53,1.815,0.843,1.815,1.0,2.1276162972388885e-16,drift,399,4.393,21136,hst,1,22.397,relabelled,101,3.484131185149837e-16,0.5
raefsky3,21200,1488768,8,0.25,21,False,400,256,0.831307,0.092344,0.149068,0.619,5.577,1.0,0.114175,0.098179,8.467,0.941,1,0.092344,hst,7.281,9.002,0.809,9.002,1.0,3.205001438329397e-16,drift,397,2.56,800,hst,1,0.916,native,0,0.0,0.5
raefsky3,21200,1488768,8,0.25,21,False,400,256,1.038038,0.567167,10.803927,0.052,0.096,1.0,0.677568,0.583895,1.778,0.971,50,0.567167,hst,1.532,1.83,0.837,1.83,1.0,2.313345072131935e-16,drift,399,4.311,21160,hst,1,22.509,relabelled,101,4.797774792993218e-16,0.5
epb2,25228,175027,8,0.0,17,False,400,256,0.012063,0.032671,0.026481,1.234,0.456,1.0,0.013463,0.012786,0.943,0.943,,0.012063,delta_baseline,0.896,1.0,0.896,1.0,2.708,1.2653601002823704e-16,drift,0,1.0,1078,delta_baseline,0,0.0,native,0,0.0,0.5
epb2,25228,175027,8,0.0,17,False,400,256,0.013133,0.090836,0.091326,0.995,0.144,1.0,0.014748,0.013859,0.948,0.948,,0.013133,delta_baseline,0.891,1.0,0.891,1.0,6.916,1.1844688859462142e-16,drift,0,1.0,9704,delta_baseline,0,0.0,relabelled,101,1.2252037091137569e-16,0.5
epb2,25228,175027,8,0.0,18,False,400,256,0.00848,0.022707,0.019374,1.172,0.438,1.0,0.010159,0.009733,0.871,0.871,,0.00848,delta_baseline,0.835,1.0,0.835,1.0,2.678,1.0817377525460358e-16,drift,0,1.0,468,delta_baseline,0,0.0,native,0,0.0,0.5
epb2,25228,175027,8,0.0,18,False,400,256,0.009578,0.081116,0.086016,0.943,0.111,1.0,0.010933,0.010452,0.916,0.916,,0.009578,delta_baseline,0.876,1.0,0.876,1.0,8.469,3.0137344819068073e-16,drift,0,1.0,9720,delta_baseline,0,0.0,relabelled,101,1.2263271831879387e-16,0.5
epb2,25228,175027,8,0.0,19,False,400,256,0.008501,0.022187,0.019283,1.151,0.441,1.0,0.010047,0.009607,0.885,0.885,,0.008501,delta_baseline,0.846,1.0,0.846,1.0,2.61,1.2261168325020086e-16,drift,0,1.0,468,delta_baseline,0,0.0,native,0,0.0,0.5
epb2,25228,175027,8,0.0,19,False,400,256,0.009578,0.079359,0.084652,0.937,0.113,1.0,0.011181,0.01065,0.899,0.899,,0.009578,delta_baseline,0.857,1.0,0.857,1.0,8.286,2.3865081860521443e-16,drift,0,1.0,9575,delta_baseline,0,0.0,relabelled,101,2.1734922058520277e-16,0.5
epb2,25228,175027,8,0.0,20,False,400,256,0.008421,0.02286,0.019204,1.19,0.438,1.0,0.009974,0.009617,0.876,0.876,,0.008421,delta_baseline,0.844,1.0,0.844,1.0,2.715,1.2651934239081537e-16,drift,0,1.0,495,delta_baseline,0,0.0,native,0,0.0,0.5
epb2,25228,175027,8,0.0,20,False,400,256,0.009594,0.08116,0.084974,0.955,0.113,1.0,0.011253,0.010709,0.896,0.896,,0.009594,delta_baseline,0.853,1.0,0.853,1.0,8.46,1.358183038078299e-16,drift,0,1.0,9563,delta_baseline,0,0.0,relabelled,101,1.8392322346693233e-16,0.5
epb2,25228,175027,8,0.0,21,False,400,256,0.008771,0.024081,0.020567,1.171,0.426,1.0,0.010385,0.009959,0.881,0.881,,0.008771,delta_baseline,0.845,1.0,0.845,1.0,2.745,1.711511604198709e-16,drift,0,1.0,584,delta_baseline,0,0.0,native,0,0.0,0.5
epb2,25228,175027,8,0.0,21,False,400,256,0.009769,0.081167,0.085252,0.952,0.115,1.0,0.011194,0.010657,0.917,0.917,,0.009769,delta_baseline,0.873,1.0,0.873,1.0,8.309,1.7348200408098446e-16,drift,0,1.0,9697,delta_baseline,0,0.0,relabelled,101,1.1165353883835033e-16,0.5
epb2,25228,175027,8,0.002,17,False,400,256,0.172298,0.047576,0.040277,1.181,4.278,1.181,0.05477,0.04894,3.521,0.972,6,0.047576,hst,3.146,3.622,0.869,3.622,1.0,1.2653601002823704e-16,drift,128,2.839,1277,hst,1,0.728,native,0,0.0,0.5
epb2,25228,175027,8,0.002,17,False,400,256,0.211364,0.131771,0.255638,0.515,0.827,1.0,0.165818,0.133267,1.586,0.989,99,0.131771,hst,1.275,1.604,0.795,1.604,1.0,1.1844688859462142e-16,drift,388,6.35,9696,hst,1,7.753,relabelled,101,1.2252037091137569e-16,0.5
epb2,25228,175027,8,0.002,18,False,400,256,0.105544,0.028047,0.024006,1.168,4.397,1.168,0.033966,0.030011,3.517,0.935,7,0.028047,hst,3.107,3.763,0.826,3.763,1.0,1.0817377525460358e-16,drift,37,1.792,681,hst,1,0.542,native,0,0.0,0.5
epb2,25228,175027,8,0.002,18,False,400,256,0.135233,0.120475,0.232841,0.517,0.581,1.0,0.150618,0.127933,1.057,0.942,1009,0.120475,hst,0.898,1.122,0.8,1.122,1.0,3.0137344819068073e-16,drift,393,6.469,9680,hst,1,7.363,relabelled,101,1.2263271831879387e-16,0.5
epb2,25228,175027,8,0.002,19,False,400,256,0.106704,0.028429,0.023391,1.215,4.562,1.215,0.038826,0.036016,2.963,0.789,29,0.028429,hst,2.748,3.753,0.732,3.753,1.0,1.2261168325020086e-16,drift,44,1.922,768,hst,1,2.027,native,0,0.0,0.5
epb2,25228,175027,8,0.002,19,False,400,256,0.13695,0.121094,0.229881,0.527,0.596,1.0,0.165375,0.143906,0.952,0.841,,0.121094,hst,0.828,1.131,0.732,1.131,1.0,2.3865081860521443e-16,drift,390,6.408,9562,delta_baseline,0,7.518,relabelled,101,2.1734922058520277e-16,0.5
epb2,25228,175027,8,0.002,20,False,400,256,0.10124,0.027871,0.02357,1.182,4.295,1.182,0.035283,0.030413,3.329,0.916,12,0.027871,hst,2.869,3.632,0.79,3.632,1.0,1.2651934239081537e-16,drift,38,1.728,635,hst,1,0.862,native,0,0.0,0.5
epb2,25228,175027,8,0.002,20,False,400,256,0.128597,0.120954,0.223009,0.542,0.577,1.0,0.155746,0.138618,0.928,0.873,,0.120954,hst,0.826,1.063,0.777,1.063,1.0,1.358183038078299e-16,drift,382,6.231,9758,delta_baseline,0,7.21,relabelled,101,1.8392322346693233e-16,0.5
epb2,25228,175027,8,0.002,21,False,400,256,0.116586,0.03029,0.026528,1.142,4.395,1.142,0.04179,0.032648,3.571,0.928,18,0.03029,hst,2.79,3.849,0.725,3.849,1.0,1.711511604198709e-16,drift,49,2.065,748,hst,1,1.503,native,0,0.0,0.5
epb2,25228,175027,8,0.002,21,False,400,256,0.154203,0.128382,0.233735,0.549,0.66,1.0,0.17869,0.158386,0.974,0.811,,0.128382,hst,0.863,1.201,0.718,1.201,1.0,1.7348200408098446e-16,drift,388,6.374,9572,delta_baseline,0,7.379,relabelled,101,1.1165353883835033e-16,0.5
epb2,25228,175027,8,0.01,17,False,400,256,0.151336,0.057186,0.055075,1.038,2.748,1.038,0.067302,0.061837,2.447,0.925,8,0.057186,hst,2.249,2.646,0.85,2.646,1.0,1.2653601002823704e-16,drift,252,3.924,1398,hst,1,0.693,native,0,0.0,0.5
epb2,25228,175027,8,0.01,17,False,400,256,0.187645,0.133749,0.306586,0.436,0.612,1.0,0.172146,0.139446,1.346,0.959,169,0.133749,hst,1.09,1.403,0.777,1.403,1.0,1.1844688859462142e-16,drift,399,4.367,9826,hst,1,8.168,relabelled,101,1.2252037091137569e-16,0.5
epb2,25228,175027,8,0.01,18,False,400,256,0.108647,0.036203,0.03068,1.18,3.541,1.18,0.045747,0.040193,2.703,0.901,19,0.036203,hst,2.375,3.001,0.791,3.001,1.0,1.0817377525460358e-16,drift,134,2.659,819,hst,1,1.271,native,0,0.0,0.5
epb2,25228,175027,8,0.01,18,False,400,256,0.137775,0.127105,0.28717,0.443,0.48,1.0,0.166293,0.14504,0.95,0.876,,0.127105,hst,0.829,1.084,0.764,1.084,1.0,3.0137344819068073e-16,drift,399,4.879,9888,delta_baseline,0,7.457,relabelled,101,1.2263271831879387e-16,0.5
epb2,25228,175027,8,0.01,19,False,400,256,0.114732,0.036405,0.031139,1.169,3.685,1.169,0.045008,0.040709,2.818,0.894,11,0.036405,hst,2.549,3.152,0.809,3.152,1.0,1.2261168325020086e-16,drift,114,2.959,794,hst,1,0.812,native,0,0.0,0.5
epb2,25228,175027,8,0.01,19,False,400,256,0.146993,0.127409,0.291472,0.437,0.504,1.0,0.175687,0.15435,0.952,0.825,,0.127409,hst,0.837,1.154,0.725,1.154,1.0,2.3865081860521443e-16,drift,399,3.945,9708,delta_baseline,0,7.564,relabelled,101,2.1734922058520277e-16,0.5
epb2,25228,175027,8,0.01,20,False,400,256,0.109761,0.037596,0.031857,1.18,3.445,1.18,0.045187,0.041996,2.614,0.895,8,0.037596,hst,2.429,2.92,0.832,2.92,1.0,1.2651934239081537e-16,drift,134,3.17,1044,hst,1,0.556,native,0,0.0,0.5
epb2,25228,175027,8,0.01,20,False,400,256,0.139918,0.12896,0.293906,0.439,0.476,1.0,0.168909,0.14729,0.95,0.876,,0.12896,hst,0.828,1.085,0.763,1.085,1.0,1.358183038078299e-16,drift,399,4.497,9613,delta_baseline,0,7.557,relabelled,101,1.8392322346693233e-16,0.5
epb2,25228,175027,8,0.01,21,False,400,256,0.125963,0.037852,0.032312,1.171,3.898,1.171,0.044875,0.041326,3.048,0.916,7,0.037852,hst,2.807,3.328,0.843,3.328,1.0,1.711511604198709e-16,drift,114,2.347,872,hst,1,0.559,native,0,0.0,0.5
epb2,25228,175027,8,0.01,21,False,400,256,0.159311,0.128281,0.296406,0.433,0.537,1.0,0.159671,0.136095,1.171,0.943,329,0.128281,hst,0.998,1.242,0.803,1.242,1.0,1.7348200408098446e-16,drift,399,4.9,9689,hst,1,7.631,relabelled,101,1.1165353883835033e-16,0.5
epb2,25228,175027,8,0.05,17,False,400,256,0.158394,0.074573,0.097773,0.763,1.62,1.0,0.10822,0.083233,1.903,0.896,66,0.074573,hst,1.464,2.124,0.689,2.124,1.0,1.2653601002823704e-16,drift,395,3.34,1388,hst,1,4.949,native,0,0.0,0.5
epb2,25228,175027,8,0.05,17,False,400,256,0.197907,0.150099,0.510948,0.294,0.387,1.0,0.184795,0.154765,1.279,0.97,192,0.150099,hst,1.071,1.319,0.812,1.319,1.0,1.1844688859462142e-16,drift,399,4.589,9826,hst,1,8.304,relabelled,101,1.2252037091137569e-16,0.5
epb2,25228,175027,8,0.05,18,False,400,256,0.122469,0.06169,0.067542,0.913,1.813,1.0,0.088592,0.071342,1.717,0.865,79,0.06169,hst,1.382,1.985,0.696,1.985,1.0,1.0817377525460358e-16,drift,368,3.747,1412,hst,1,4.037,native,0,0.0,0.5
epb2,25228,175027,8,0.05,18,False,400,256,0.158846,0.142586,0.499491,0.285,0.318,1.0,0.188065,0.166648,0.953,0.856,,0.142586,hst,0.845,1.114,0.758,1.114,1.0,3.0137344819068073e-16,drift,399,4.479,9766,delta_baseline,0,7.958,relabelled,101,1.2263271831879387e-16,0.5
epb2,25228,175027,8,0.05,19,False,400,256,0.134384,0.062365,0.06794,0.918,1.978,1.0,0.089444,0.071732,1.873,0.869,67,0.062365,hst,1.502,2.155,0.697,2.155,1.0,1.2261168325020086e-16,drift,378,2.994,1330,hst,1,4.202,native,0,0.0,0.5
epb2,25228,175027,8,0.05,19,False,400,256,0.173279,0.142002,0.496799,0.286,0.349,1.0,0.203282,0.183478,0.944,0.774,,0.142002,hst,0.852,1.22,0.699,1.22,1.0,2.3865081860521443e-16,drift,399,3.268,9731,delta_baseline,0,7.866,relabelled,101,2.1734922058520277e-16,0.5
epb2,25228,175027,8,0.05,20,False,400,256,0.116335,0.058334,0.059546,0.98,1.954,1.0,0.084214,0.066695,1.744,0.875,82,0.058334,hst,1.381,1.994,0.693,1.994,1.0,1.2651934239081537e-16,drift,360,3.61,1287,hst,1,4.083,native,0,0.0,0.5
epb2,25228,175027,8,0.05,20,False,400,256,0.15094,0.139786,0.497032,0.281,0.304,1.0,0.180002,0.158244,0.954,0.883,,0.139786,hst,0.839,1.08,0.777,1.08,1.0,1.358183038078299e-16,drift,399,3.335,9888,delta_baseline,0,7.969,relabelled,101,1.8392322346693233e-16,0.5
epb2,25228,175027,8,0.05,21,False,400,256,0.126121,0.063075,0.070112,0.9,1.799,1.0,0.091549,0.07244,1.741,0.871,79,0.063075,hst,1.378,2.0,0.689,2.0,1.0,1.711511604198709e-16,drift,380,3.964,1264,hst,1,4.246,native,0,0.0,0.5
epb2,25228,175027,8,0.05,21,False,400,256,0.160822,0.142489,0.490194,0.291,0.328,1.0,0.174084,0.149649,1.075,0.952,715,0.142489,hst,0.924,1.129,0.819,1.129,1.0,1.7348200408098446e-16,drift,399,3.679,9752,hst,1,7.984,relabelled,101,1.1165353883835033e-16,0.5
epb2,25228,175027,8,0.25,17,False,400,256,0.161741,0.077968,0.177689,0.439,0.91,1.0,0.11074,0.085542,1.891,0.911,70,0.077968,hst,1.461,2.074,0.704,2.074,1.0,1.2653601002823704e-16,drift,399,3.468,1355,hst,1,5.352,native,0,0.0,0.5
epb2,25228,175027,8,0.25,17,False,400,256,0.200929,0.166225,1.389339,0.12,0.145,1.0,0.201215,0.172163,1.167,0.966,305,0.166225,hst,0.999,1.209,0.826,1.209,1.0,1.1844688859462142e-16,drift,399,3.445,9902,hst,1,8.769,relabelled,101,1.2252037091137569e-16,0.5
epb2,25228,175027,8,0.25,18,False,400,256,0.149707,0.076416,0.171907,0.445,0.871,1.0,0.103376,0.085312,1.755,0.896,71,0.076416,hst,1.448,1.959,0.739,1.959,1.0,1.0817377525460358e-16,drift,399,3.893,1679,hst,1,4.574,native,0,0.0,0.5
epb2,25228,175027,8,0.25,18,False,400,256,0.188272,0.168665,1.384005,0.122,0.136,1.0,0.218705,0.198476,0.949,0.85,,0.168665,hst,0.861,1.116,0.771,1.116,1.0,3.0137344819068073e-16,drift,399,7.832,9903,delta_baseline,0,8.293,relabelled,101,1.2263271831879387e-16,0.5
epb2,25228,175027,8,0.25,19,False,400,256,0.16122,0.076871,0.175135,0.439,0.921,1.0,0.106393,0.086745,1.859,0.886,64,0.076871,hst,1.515,2.097,0.723,2.097,1.0,1.2261168325020086e-16,drift,399,3.006,1599,hst,1,4.788,native,0,0.0,0.5
epb2,25228,175027,8,0.25,19,False,400,256,0.202566,0.164363,1.397964,0.118,0.145,1.0,0.197684,0.17378,1.166,0.946,289,0.164363,hst,1.025,1.232,0.831,1.232,1.0,2.3865081860521443e-16,drift,399,6.727,9849,hst,1,8.314,relabelled,101,2.1734922058520277e-16,0.5
epb2,25228,175027,8,0.25,20,False,400,256,0.149829,0.077351,0.175022,0.442,0.856,1.0,0.106339,0.086056,1.741,0.899,77,0.077351,hst,1.409,1.937,0.727,1.937,1.0,1.2651934239081537e-16,drift,399,4.763,1826,hst,1,4.902,native,0,0.0,0.5
epb2,25228,175027,8,0.25,20,False,400,256,0.188942,0.163201,1.36462,0.12,0.138,1.0,0.197772,0.173102,1.092,0.943,534,0.163201,hst,0.955,1.158,0.825,1.158,1.0,1.358183038078299e-16,drift,399,4.595,9667,hst,1,8.461,relabelled,101,1.8392322346693233e-16,0.5
epb2,25228,175027,8,0.25,21,False,400,256,0.142942,0.074333,0.144565,0.514,0.989,1.0,0.102357,0.080564,1.774,0.923,80,0.074333,hst,1.397,1.923,0.726,1.923,1.0,1.711511604198709e-16,drift,399,3.606,1426,hst,1,5.018,native,0,0.0,0.5
epb2,25228,175027,8,0.25,21,False,400,256,0.181034,0.163645,1.350661,0.121,0.134,1.0,0.198186,0.172929,1.047,0.946,1042,0.163645,hst,0.913,1.106,0.826,1.106,1.0,1.7348200408098446e-16,drift,399,7.541,9963,hst,1,8.449,relabelled,101,1.1165353883835033e-16,0.5
