matrix,N,nnz,B,rho,seed,phase,steps,dirty_cols,always_delta_baseline_ms,always_hst_ms,always_hst_patchable_ms,patchable_vs_per_block,patchable_vs_delta_baseline,oracle3_vs_oracle2,router_ms,router_steady_ms,router_steady_vs_csr,router_steady_vs_oracle,breakeven_steps,oracle_ms,oracle_arm,router_vs_csr,oracle_vs_csr,router_vs_oracle,misroute_cost_if_delta_baseline,misroute_cost_if_hst,maxrelerr,churn_model,patchable_splices,patchable_arena_ratio,rows_patchable,router_arm,router_switches,router_tax_ms
TSOPF_RS_b39_c30,60098,1079986,8,0.0,17,False,400,256,0.396834,0.393469,0.374247,1.051,1.06,1.051,0.392515,0.355722,1.116,1.106,0,0.393469,hst,1.011,1.009,1.002,1.009,1.0,1.3924108160288588e-16,jump,0,1.0,30502,delta_baseline,0,0.0
TSOPF_RS_b39_c30,60098,1079986,8,0.0,18,False,400,256,0.3877,0.38673,0.373702,1.035,1.037,1.035,0.395069,0.358967,1.08,1.077,0,0.38673,hst,0.981,1.003,0.979,1.003,1.0,1.3924108160288588e-16,jump,0,1.0,30502,delta_baseline,0,0.0
TSOPF_RS_b39_c30,60098,1079986,8,0.0,19,False,400,256,0.388659,0.386303,0.373166,1.035,1.042,1.035,0.391651,0.355728,1.093,1.086,0,0.386303,hst,0.992,1.006,0.986,1.006,1.0,1.3924108160288588e-16,jump,0,1.0,30494,delta_baseline,0,0.0
TSOPF_RS_b39_c30,60098,1079986,8,0.0,20,False,400,256,0.398521,0.387852,0.376505,1.03,1.058,1.03,0.398146,0.361978,1.101,1.071,0,0.387852,hst,1.001,1.028,0.974,1.028,1.0,1.3924108160288588e-16,jump,0,1.0,30502,delta_baseline,0,0.0
TSOPF_RS_b39_c30,60098,1079986,8,0.0,21,False,400,138,0.394373,0.381685,0.374566,1.019,1.053,1.019,0.396377,0.359972,1.096,1.06,0,0.381685,hst,0.995,1.033,0.963,1.033,1.0,1.3924108160288588e-16,jump,0,1.0,30428,delta_baseline,0,0.0
TSOPF_RS_b39_c30,60098,1079986,8,0.002,17,False,400,256,7.340962,0.519939,0.835318,0.622,8.788,1.0,0.788213,0.51431,14.273,1.011,1,0.519939,hst,9.313,14.119,0.66,14.119,1.0,1.3924108160288588e-16,jump,394,1.66,33412,hst,1,8.437
TSOPF_RS_b39_c30,60098,1079986,8,0.002,18,False,400,256,10.300284,0.516979,0.867657,0.596,11.871,1.0,0.793766,0.52667,19.557,0.982,1,0.516979,hst,12.976,19.924,0.651,19.924,1.0,1.3924108160288588e-16,jump,395,1.672,33428,hst,1,8.106
TSOPF_RS_b39_c30,60098,1079986,8,0.002,19,False,400,256,8.925588,0.518065,0.883123,0.587,10.107,1.0,0.782056,0.526509,16.952,0.984,1,0.518065,hst,11.413,17.229,0.662,17.229,1.0,1.3924108160288588e-16,jump,398,1.689,33466,hst,1,7.967
TSOPF_RS_b39_c30,60098,1079986,8,0.002,20,False,400,256,8.383576,0.516911,0.800524,0.646,10.473,1.0,0.794225,0.52655,15.922,0.982,1,0.516911,hst,10.556,16.219,0.651,16.219,1.0,1.3924108160288588e-16,jump,394,1.678,33396,hst,1,8.218
TSOPF_RS_b39_c30,60098,1079986,8,0.002,21,False,400,138,0.382983,0.383118,0.362096,1.058,1.058,1.058,0.385946,0.349679,1.095,1.095,0,0.382983,delta_baseline,0.992,1.0,0.992,1.0,1.0,1.3924108160288588e-16,jump,0,1.0,30428,delta_baseline,0,0.0
TSOPF_RS_b39_c30,60098,1079986,8,0.01,17,False,400,256,2.904403,0.358488,0.670184,0.535,4.334,1.0,0.60484,0.346846,8.374,1.034,3,0.358488,hst,4.802,8.102,0.593,8.102,1.0,1.3924108160288588e-16,jump,399,1.745,9291,hst,1,7.861
TSOPF_RS_b39_c30,60098,1079986,8,0.01,18,False,400,256,3.883122,0.423143,0.788228,0.537,4.926,1.0,0.700135,0.421098,9.221,1.005,2,0.423143,hst,5.546,9.177,0.604,9.177,1.0,1.3924108160288588e-16,jump,399,4.136,8751,hst,1,8.471
TSOPF_RS_b39_c30,60098,1079986,8,0.01,19,False,400,256,3.441012,0.368789,0.655497,0.563,5.249,1.0,0.63137,0.359961,9.559,1.025,3,0.368789,hst,5.45,9.331,0.584,9.331,1.0,1.3924108160288588e-16,jump,399,1.831,8457,hst,1,8.042
TSOPF_RS_b39_c30,60098,1079986,8,0.01,20,False,400,256,2.055464,0.329911,0.762038,0.433,2.697,1.0,0.598879,0.317512,6.474,1.039,5,0.329911,hst,3.432,6.23,0.551,6.23,1.0,1.3924108160288588e-16,jump,399,6.577,33810,hst,1,8.167
TSOPF_RS_b39_c30,60098,1079986,8,0.01,21,False,400,138,5.071622,0.408654,0.725781,0.563,6.988,1.0,0.676193,0.410164,12.365,0.996,2,0.408654,hst,7.5,12.411,0.604,12.411,1.0,1.3924108160288588e-16,jump,399,6.452,32329,hst,1,8.037
TSOPF_RS_b39_c30,60098,1079986,8,0.05,17,False,400,256,0.896688,0.235358,0.484304,0.486,1.851,1.0,0.457214,0.202139,4.436,1.164,11,0.235358,hst,1.961,3.81,0.515,3.81,1.0,1.3924108160288588e-16,jump,399,5.416,8682,hst,1,7.611
TSOPF_RS_b39_c30,60098,1079986,8,0.05,18,False,400,256,0.711701,0.215759,0.459112,0.47,1.55,1.0,0.426803,0.189685,3.752,1.137,14,0.215759,hst,1.668,3.299,0.506,3.299,1.0,1.3924108160288588e-16,jump,399,4.382,8800,hst,1,7.159
TSOPF_RS_b39_c30,60098,1079986,8,0.05,19,False,400,256,0.721493,0.215255,0.443153,0.486,1.628,1.0,0.448251,0.186475,3.869,1.154,14,0.215255,hst,1.61,3.352,0.48,3.352,1.0,1.3924108160288588e-16,jump,399,1.981,8734,hst,1,7.493
TSOPF_RS_b39_c30,60098,1079986,8,0.05,20,False,400,256,1.232821,0.251687,0.537155,0.469,2.295,1.0,0.524064,0.230345,5.352,1.093,8,0.251687,hst,2.352,4.898,0.48,4.898,1.0,1.3924108160288588e-16,jump,399,4.349,8636,hst,1,8.439
TSOPF_RS_b39_c30,60098,1079986,8,0.05,21,False,400,138,0.620602,0.139542,0.327953,0.425,1.892,1.0,0.383687,0.118284,5.247,1.18,15,0.139542,hst,1.617,4.447,0.364,4.447,1.0,1.3924108160288588e-16,jump,399,1.516,4958,hst,1,7.401
TSOPF_RS_b39_c30,60098,1079986,8,0.25,17,False,400,256,0.31954,0.216731,0.927695,0.234,0.344,1.0,0.349163,0.214285,1.491,1.011,52,0.216731,hst,0.915,1.474,0.621,1.474,1.0,1.3924108160288588e-16,jump,399,2.853,8706,hst,1,5.506
TSOPF_RS_b39_c30,60098,1079986,8,0.25,18,False,400,256,0.355082,0.221771,1.062049,0.209,0.334,1.0,0.364407,0.220099,1.613,1.008,45,0.221771,hst,0.974,1.601,0.609,1.601,1.0,1.3924108160288588e-16,jump,399,4.244,8800,hst,1,6.068
TSOPF_RS_b39_c30,60098,1079986,8,0.25,19,False,400,256,0.347584,0.217103,1.030988,0.211,0.337,1.0,0.324395,0.214398,1.621,1.013,31,0.217103,hst,1.071,1.601,0.669,1.601,1.0,1.3924108160288588e-16,jump,399,1.89,8616,hst,1,4.165
TSOPF_RS_b39_c30,60098,1079986,8,0.25,20,False,400,256,0.488255,0.233618,1.093845,0.214,0.446,1.0,0.427784,0.230683,2.117,1.013,26,0.233618,hst,1.141,2.09,0.546,2.09,1.0,1.3924108160288588e-16,jump,399,3.485,8436,hst,1,6.706
TSOPF_RS_b39_c30,60098,1079986,8,0.25,21,False,400,138,0.285199,0.139449,0.619907,0.225,0.46,1.0,0.264486,0.133281,2.14,1.046,33,0.139449,hst,1.078,2.045,0.527,2.045,1.0,1.3924108160288588e-16,jump,399,1.0,4850,hst,1,5.016
bcspwr10,5300,21842,8,0.0,17,False,400,256,0.006655,0.03714,0.034082,1.09,0.195,1.0,0.007885,0.007513,0.886,0.886,,0.006655,delta_baseline,0.844,1.0,0.844,1.0,5.581,1.871280638170483e-16,jump,0,1.0,3622,delta_baseline,0,0.0
bcspwr10,5300,21842,8,0.0,18,False,400,256,0.006525,0.038294,0.034961,1.095,0.187,1.0,0.00759,0.007215,0.904,0.904,,0.006525,delta_baseline,0.86,1.0,0.86,1.0,5.868,3.513861746800697e-16,jump,0,1.0,3653,delta_baseline,0,0.0
bcspwr10,5300,21842,8,0.0,19,False,400,256,0.006538,0.035423,0.032551,1.088,0.201,1.0,0.007799,0.007446,0.878,0.878,,0.006538,delta_baseline,0.838,1.0,0.838,1.0,5.418,2.258919437555397e-16,jump,0,1.0,3393,delta_baseline,0,0.0
bcspwr10,5300,21842,8,0.0,20,False,400,256,0.006303,0.033523,0.03085,1.087,0.204,1.0,0.007696,0.007343,0.858,0.858,,0.006303,delta_baseline,0.819,1.0,0.819,1.0,5.319,1.5260920413345594e-16,jump,0,1.0,3187,delta_baseline,0,0.0
bcspwr10,5300,21842,8,0.0,21,False,400,256,0.006327,0.034919,0.032029,1.09,0.198,1.0,0.007616,0.007305,0.866,0.866,,0.006327,delta_baseline,0.831,1.0,0.831,1.0,5.519,3.1586084160755566e-16,jump,0,1.0,3363,delta_baseline,0,0.0
bcspwr10,5300,21842,8,0.002,17,False,400,256,0.084416,0.071484,0.108717,0.658,0.776,1.0,0.095424,0.080517,1.048,0.888,1017,0.071484,hst,0.885,1.181,0.749,1.181,1.0,1.871280638170483e-16,jump,363,4.782,4031,hst,1,3.965
bcspwr10,5300,21842,8,0.002,18,False,400,256,0.087225,0.072083,0.103625,0.696,0.842,1.0,0.095716,0.079909,1.092,0.902,570,0.072083,hst,0.911,1.21,0.753,1.21,1.0,3.513861746800697e-16,jump,360,4.583,4059,hst,1,4.168
bcspwr10,5300,21842,8,0.002,19,False,400,256,0.084699,0.070492,0.101103,0.697,0.838,1.0,0.092952,0.077758,1.089,0.907,571,0.070492,hst,0.911,1.202,0.758,1.202,1.0,2.258919437555397e-16,jump,362,5.015,3965,hst,1,3.965
bcspwr10,5300,21842,8,0.002,20,False,400,256,0.085356,0.069434,0.09792,0.709,0.872,1.0,0.092292,0.077468,1.102,0.896,496,0.069434,hst,0.925,1.229,0.752,1.229,1.0,1.5260920413345594e-16,jump,356,4.841,3979,hst,1,3.915
bcspwr10,5300,21842,8,0.002,21,False,400,256,0.082856,0.073162,0.106086,0.69,0.781,1.0,0.095622,0.080235,1.033,0.912,1536,0.073162,hst,0.866,1.133,0.765,1.133,1.0,3.1586084160755566e-16,jump,359,4.636,3963,hst,1,4.024
bcspwr10,5300,21842,8,0.01,17,False,400,256,0.084432,0.08045,0.148394,0.542,0.569,1.0,0.104041,0.088844,0.95,0.906,,0.08045,hst,0.812,1.049,0.773,1.049,1.0,1.871280638170483e-16,jump,399,5.332,4102,hst,1,4.371
bcspwr10,5300,21842,8,0.01,18,False,400,256,0.086217,0.080344,0.148756,0.54,0.58,1.0,0.116725,0.101815,0.847,0.789,,0.080344,hst,0.739,1.073,0.688,1.073,1.0,3.513861746800697e-16,jump,398,5.216,4116,hst,1,4.528
bcspwr10,5300,21842,8,0.01,19,False,400,256,0.085149,0.079903,0.151715,0.527,0.561,1.0,0.1036,0.088288,0.964,0.905,,0.079903,hst,0.822,1.066,0.771,1.066,1.0,2.258919437555397e-16,jump,398,6.142,4035,hst,1,4.281
bcspwr10,5300,21842,8,0.01,20,False,400,256,0.084135,0.079314,0.146916,0.54,0.573,1.0,0.103007,0.087998,0.956,0.901,,0.079314,hst,0.817,1.061,0.77,1.061,1.0,1.5260920413345594e-16,jump,399,5.377,3991,hst,1,4.215
bcspwr10,5300,21842,8,0.01,21,False,400,256,0.083829,0.078833,0.146372,0.539,0.573,1.0,0.10302,0.087517,0.958,0.901,,0.078833,hst,0.814,1.063,0.765,1.063,1.0,3.1586084160755566e-16,jump,398,5.479,4093,hst,1,4.409
bcspwr10,5300,21842,8,0.05,17,False,400,256,0.083504,0.08682,0.234742,0.37,0.356,1.0,0.103618,0.087667,0.953,0.953,,0.083504,delta_baseline,0.806,1.0,0.806,1.0,1.04,1.871280638170483e-16,jump,399,4.885,4128,delta_baseline,0,4.651
bcspwr10,5300,21842,8,0.05,18,False,400,256,0.083705,0.085876,0.233534,0.368,0.358,1.0,0.108536,0.093131,0.899,0.899,,0.083705,delta_baseline,0.771,1.0,0.771,1.0,1.026,3.513861746800697e-16,jump,399,5.323,4015,hst,1,4.578
bcspwr10,5300,21842,8,0.05,19,False,400,256,0.083145,0.084654,0.232206,0.365,0.358,1.0,0.109665,0.094474,0.88,0.88,,0.083145,delta_baseline,0.758,1.0,0.758,1.0,1.018,2.258919437555397e-16,jump,399,5.302,4130,hst,1,4.545
bcspwr10,5300,21842,8,0.05,20,False,400,256,0.084307,0.08597,0.233285,0.369,0.361,1.0,0.104523,0.08857,0.952,0.952,,0.084307,delta_baseline,0.807,1.0,0.807,1.0,1.02,1.5260920413345594e-16,jump,399,4.521,4047,delta_baseline,0,4.638
bcspwr10,5300,21842,8,0.05,21,False,400,256,0.083729,0.087739,0.232505,0.377,0.36,1.0,0.10419,0.088193,0.949,0.949,,0.083729,delta_baseline,0.804,1.0,0.804,1.0,1.048,3.1586084160755566e-16,jump,399,4.911,4032,delta_baseline,0,4.596
bcspwr10,5300,21842,8,0.25,17,False,400,256,0.084429,0.092172,0.59474,0.155,0.142,1.0,0.103876,0.087792,0.962,0.962,,0.084429,delta_baseline,0.813,1.0,0.813,1.0,1.092,1.871280638170483e-16,jump,399,6.544,3985,delta_baseline,0,4.747
bcspwr10,5300,21842,8,0.25,18,False,400,256,0.083493,0.092806,0.597207,0.155,0.14,1.0,0.104259,0.087681,0.952,0.952,,0.083493,delta_baseline,0.801,1.0,0.801,1.0,1.112,3.513861746800697e-16,jump,399,3.716,4237,delta_baseline,0,4.798
bcspwr10,5300,21842,8,0.25,19,False,400,256,0.084276,0.093141,0.598944,0.156,0.141,1.0,0.104929,0.088442,0.953,0.953,,0.084276,delta_baseline,0.803,1.0,0.803,1.0,1.105,2.258919437555397e-16,jump,399,4.862,4099,delta_baseline,0,4.845
bcspwr10,5300,21842,8,0.25,20,False,400,256,0.083789,0.092665,0.598134,0.155,0.14,1.0,0.104029,0.088225,0.95,0.95,,0.083789,delta_baseline,0.805,1.0,0.805,1.0,1.106,1.5260920413345594e-16,jump,399,1.844,4037,delta_baseline,0,4.762
bcspwr10,5300,21842,8,0.25,21,False,400,256,0.083935,0.097234,0.596939,0.163,0.141,1.0,0.104506,0.088619,0.947,0.947,,0.083935,delta_baseline,0.803,1.0,0.803,1.0,1.158,3.1586084160755566e-16,jump,399,1.0,4015,delta_baseline,0,4.724
scircuit,170998,958936,8,0.0,17,False,400,256,0.013784,0.041291,0.033367,1.238,0.413,1.0,0.016553,0.015905,0.867,0.867,,0.013784,delta_baseline,0.833,1.0,0.833,1.0,2.996,2.6050372849850016e-16,jump,0,1.0,1855,delta_baseline,0,0.0
scircuit,170998,958936,8,0.0,18,False,400,256,0.011561,0.031804,0.025738,1.236,0.449,1.0,0.014278,0.01374,0.841,0.841,,0.011561,delta_baseline,0.81,1.0,0.81,1.0,2.751,2.0386846321125864e-16,jump,0,1.0,774,delta_baseline,0,0.0
scircuit,170998,958936,8,0.0,19,False,400,256,0.016132,0.063813,0.048334,1.32,0.334,1.0,0.018733,0.017881,0.902,0.902,,0.016132,delta_baseline,0.861,1.0,0.861,1.0,3.956,1.8803246323926756e-16,jump,0,1.0,3169,delta_baseline,0,0.0
scircuit,170998,958936,8,0.0,20,False,400,256,0.011533,0.032048,0.025824,1.241,0.447,1.0,0.014238,0.013719,0.841,0.841,,0.011533,delta_baseline,0.81,1.0,0.81,1.0,2.779,2.757259758035496e-16,jump,0,1.0,772,delta_baseline,0,0.0
scircuit,170998,958936,8,0.0,21,False,400,256,0.017729,0.051819,0.042772,1.212,0.414,1.0,0.020091,0.019252,0.921,0.921,,0.017729,delta_baseline,0.882,1.0,0.882,1.0,2.923,5.194813152189734e-16,jump,0,1.0,3198,delta_baseline,0,0.0
scircuit,170998,958936,8,0.002,17,False,400,256,0.136133,0.174443,0.146423,1.191,0.93,1.0,0.229681,0.153815,0.885,0.885,,0.136133,delta_baseline,0.593,1.0,0.593,1.0,1.281,2.6050372849850016e-16,jump,399,7.016,6177,hst,1,25.43
scircuit,170998,958936,8,0.002,18,False,400,256,0.10566,0.124455,0.12352,1.008,0.855,1.0,0.203316,0.138373,0.764,0.764,,0.10566,delta_baseline,0.52,1.0,0.52,1.0,1.178,2.0386846321125864e-16,jump,399,1.0,5453,hst,1,25.185
scircuit,170998,958936,8,0.002,19,False,400,256,0.166683,0.157715,0.174779,0.902,0.954,1.0,0.251381,0.176035,0.947,0.896,,0.157715,hst,0.663,1.057,0.627,1.057,1.0,1.8803246323926756e-16,jump,399,6.778,7240,hst,1,27.431
scircuit,170998,958936,8,0.002,20,False,400,256,0.103491,0.128527,0.126789,1.014,0.816,1.0,0.210782,0.144802,0.715,0.715,,0.103491,delta_baseline,0.491,1.0,0.491,1.0,1.242,2.757259758035496e-16,jump,396,7.307,5907,hst,1,25.714
scircuit,170998,958936,8,0.002,21,False,400,256,0.160664,0.145995,0.160362,0.91,1.002,1.0,0.238179,0.162265,0.99,0.9,,0.145995,hst,0.675,1.1,0.613,1.1,1.0,5.194813152189734e-16,jump,397,6.864,6912,hst,1,27.031
scircuit,170998,958936,8,0.01,17,False,400,256,0.116954,0.172234,0.208695,0.825,0.56,1.0,0.256276,0.188325,0.621,0.621,,0.116954,delta_baseline,0.456,1.0,0.456,1.0,1.473,2.6050372849850016e-16,jump,399,1.441,6820,hst,1,27.114
scircuit,170998,958936,8,0.01,18,False,400,256,0.106475,0.176647,0.197967,0.892,0.538,1.0,0.253374,0.189673,0.561,0.561,,0.106475,delta_baseline,0.42,1.0,0.42,1.0,1.659,2.0386846321125864e-16,jump,399,1.616,6385,hst,1,26.28
scircuit,170998,958936,8,0.01,19,False,400,256,0.136949,0.215114,0.234628,0.917,0.584,1.0,0.282886,0.203249,0.674,0.674,,0.136949,delta_baseline,0.484,1.0,0.484,1.0,1.571,1.8803246323926756e-16,jump,399,1.169,6670,hst,1,30.488
scircuit,170998,958936,8,0.01,20,False,400,256,0.104401,0.17912,0.200631,0.893,0.52,1.0,0.262439,0.199887,0.522,0.522,,0.104401,delta_baseline,0.398,1.0,0.398,1.0,1.716,2.757259758035496e-16,jump,399,2.095,6933,hst,1,26.469
scircuit,170998,958936,8,0.01,21,False,400,256,0.129947,0.184048,0.211087,0.872,0.616,1.0,0.274288,0.19833,0.655,0.655,,0.129947,delta_baseline,0.474,1.0,0.474,1.0,1.416,5.194813152189734e-16,jump,399,1.471,6557,hst,1,28.884
scircuit,170998,958936,8,0.05,17,False,400,256,0.11231,0.228341,0.323978,0.705,0.347,1.0,0.204838,0.123872,0.907,0.907,,0.11231,delta_baseline,0.548,1.0,0.548,1.0,2.033,2.6050372849850016e-16,jump,399,1.49,6642,delta_baseline,0,30.457
scircuit,170998,958936,8,0.05,18,False,400,256,0.113448,0.230221,0.325984,0.706,0.348,1.0,0.202948,0.126054,0.9,0.9,,0.113448,delta_baseline,0.559,1.0,0.559,1.0,2.029,2.0386846321125864e-16,jump,399,5.572,6538,delta_baseline,0,29.955
scircuit,170998,958936,8,0.05,19,False,400,256,0.116863,0.234453,0.340505,0.689,0.343,1.0,0.222643,0.138843,0.842,0.842,,0.116863,delta_baseline,0.525,1.0,0.525,1.0,2.006,1.8803246323926756e-16,jump,399,5.423,6449,delta_baseline,0,31.243
scircuit,170998,958936,8,0.05,20,False,400,256,0.119879,0.236424,0.326547,0.724,0.367,1.0,0.223343,0.148437,0.808,0.808,,0.119879,delta_baseline,0.537,1.0,0.537,1.0,1.972,2.757259758035496e-16,jump,399,5.991,6646,delta_baseline,0,29.832
scircuit,170998,958936,8,0.05,21,False,400,256,0.127202,0.235292,0.330135,0.713,0.385,1.0,0.217882,0.134468,0.946,0.946,,0.127202,delta_baseline,0.584,1.0,0.584,1.0,1.85,5.194813152189734e-16,jump,399,1.0,6576,delta_baseline,0,30.865
scircuit,170998,958936,8,0.25,17,False,400,256,0.121603,0.292432,0.806929,0.362,0.151,1.0,0.235206,0.145726,0.834,0.834,,0.121603,delta_baseline,0.517,1.0,0.517,1.0,2.405,2.6050372849850016e-16,jump,399,2.109,6890,delta_baseline,0,32.214
scircuit,170998,958936,8,0.25,18,False,400,256,0.124519,0.282421,0.813388,0.347,0.153,1.0,0.236277,0.148015,0.841,0.841,,0.124519,delta_baseline,0.527,1.0,0.527,1.0,2.268,2.0386846321125864e-16,jump,399,3.423,7375,delta_baseline,0,32.12
scircuit,170998,958936,8,0.25,19,False,400,256,0.125513,0.281711,0.816579,0.345,0.154,1.0,0.242227,0.151932,0.826,0.826,,0.125513,delta_baseline,0.518,1.0,0.518,1.0,2.244,1.8803246323926756e-16,jump,399,7.45,6574,delta_baseline,0,32.641
scircuit,170998,958936,8,0.25,20,False,400,256,0.122061,0.273828,0.810167,0.338,0.151,1.0,0.237938,0.149153,0.818,0.818,,0.122061,delta_baseline,0.513,1.0,0.513,1.0,2.243,2.757259758035496e-16,jump,399,2.058,6460,delta_baseline,0,32.802
scircuit,170998,958936,8,0.25,21,False,400,256,0.124445,0.274947,0.801547,0.343,0.155,1.0,0.237166,0.147313,0.845,0.845,,0.124445,delta_baseline,0.525,1.0,0.525,1.0,2.209,5.194813152189734e-16,jump,399,7.321,6541,delta_baseline,0,32.433
ct20stif,52329,2600295,8,0.0,17,False,400,256,0.025814,0.053652,0.046565,1.152,0.554,1.0,0.027355,0.025443,1.015,1.015,0,0.025814,delta_baseline,0.944,1.0,0.944,1.0,2.078,3.403944480715774e-16,jump,0,1.0,1371,delta_baseline,0,0.0
ct20stif,52329,2600295,8,0.0,18,False,400,256,0.019694,0.034586,0.031053,1.114,0.634,1.0,0.021114,0.019779,0.996,0.996,,0.019694,delta_baseline,0.933,1.0,0.933,1.0,1.756,3.351339203340676e-16,jump,0,1.0,708,delta_baseline,0,0.0
ct20stif,52329,2600295,8,0.0,19,False,400,256,0.022532,0.041329,0.037033,1.116,0.608,1.0,0.024009,0.022384,1.007,1.007,0,0.022532,delta_baseline,0.938,1.0,0.938,1.0,1.834,2.600013994931016e-16,jump,0,1.0,1065,delta_baseline,0,0.0
ct20stif,52329,2600295,8,0.0,20,False,400,256,0.023544,0.043003,0.038521,1.116,0.611,1.0,0.025234,0.023543,1.0,1.0,0,0.023544,delta_baseline,0.933,1.0,0.933,1.0,1.826,5.949530076200267e-16,jump,0,1.0,1140,delta_baseline,0,0.0
ct20stif,52329,2600295,8,0.0,21,False,400,256,0.026634,0.048165,0.04404,1.094,0.605,1.0,0.028324,0.02638,1.01,1.01,0,0.026634,delta_baseline,0.94,1.0,0.94,1.0,1.808,4.493998728164776e-16,jump,0,1.0,1421,delta_baseline,0,0.0
ct20stif,52329,2600295,8,0.002,17,False,400,256,0.647126,0.197643,0.284613,0.694,2.274,1.0,0.211988,0.203927,3.173,0.969,3,0.197643,hst,3.053,3.274,0.932,3.274,1.0,3.403944480715774e-16,jump,395,4.494,15103,hst,1,1.442
ct20stif,52329,2600295,8,0.002,18,False,400,256,0.531242,0.182454,0.266166,0.685,1.996,1.0,0.193039,0.189954,2.797,0.961,4,0.182454,hst,2.752,2.912,0.945,2.912,1.0,3.351339203340676e-16,jump,396,4.58,14854,hst,1,1.211
ct20stif,52329,2600295,8,0.002,19,False,400,256,0.588219,0.191706,0.269334,0.712,2.184,1.0,0.205863,0.201109,2.925,0.953,3,0.191706,hst,2.857,3.068,0.931,3.068,1.0,2.600013994931016e-16,jump,397,4.396,15128,hst,1,1.246
ct20stif,52329,2600295,8,0.002,20,False,400,256,0.610009,0.195942,0.279111,0.702,2.186,1.0,0.212423,0.206831,2.949,0.947,3,0.195942,hst,2.872,3.113,0.922,3.113,1.0,5.949530076200267e-16,jump,390,4.316,15517,hst,1,1.395
ct20stif,52329,2600295,8,0.002,21,False,400,256,0.685673,0.198958,0.270546,0.735,2.534,1.0,0.207468,0.199308,3.44,0.998,3,0.198958,hst,3.305,3.446,0.959,3.446,1.0,4.493998728164776e-16,jump,396,4.337,15205,hst,1,1.291
ct20stif,52329,2600295,8,0.01,17,False,400,256,0.602199,0.258038,0.432219,0.597,1.393,1.0,0.265088,0.259717,2.319,0.994,4,0.258038,hst,2.272,2.334,0.973,2.334,1.0,3.403944480715774e-16,jump,399,4.393,18259,hst,1,1.367
ct20stif,52329,2600295,8,0.01,18,False,400,256,0.569407,0.26248,0.443415,0.592,1.284,1.0,0.26558,0.265564,2.144,0.988,4,0.26248,hst,2.144,2.169,0.988,2.169,1.0,3.351339203340676e-16,jump,399,4.197,18334,hst,1,1.238
ct20stif,52329,2600295,8,0.01,19,False,400,256,0.593228,0.257894,0.441042,0.585,1.345,1.0,0.268523,0.266963,2.222,0.966,4,0.257894,hst,2.209,2.3,0.96,2.3,1.0,2.600013994931016e-16,jump,399,3.785,17850,hst,1,1.26
ct20stif,52329,2600295,8,0.01,20,False,400,256,0.589959,0.259198,0.44023,0.589,1.34,1.0,0.271891,0.269239,2.191,0.963,4,0.259198,hst,2.17,2.276,0.953,2.276,1.0,5.949530076200267e-16,jump,399,3.788,17645,hst,1,1.354
ct20stif,52329,2600295,8,0.01,21,False,400,256,0.617084,0.257551,0.445046,0.579,1.387,1.0,0.274658,0.269162,2.293,0.957,4,0.257551,hst,2.247,2.396,0.938,2.396,1.0,4.493998728164776e-16,jump,399,4.254,18025,hst,1,1.37
ct20stif,52329,2600295,8,0.05,17,False,400,256,0.589864,0.313213,0.759466,0.412,0.777,1.0,0.318082,0.308762,1.91,1.014,6,0.313213,hst,1.854,1.883,0.985,1.883,1.0,3.403944480715774e-16,jump,399,3.309,17850,hst,1,1.647
ct20stif,52329,2600295,8,0.05,18,False,400,256,0.584036,0.307635,0.765407,0.402,0.763,1.0,0.374157,0.319627,1.827,0.962,51,0.307635,hst,1.561,1.898,0.822,1.898,1.0,3.351339203340676e-16,jump,399,3.78,17697,hst,1,13.428
ct20stif,52329,2600295,8,0.05,19,False,400,256,0.591116,0.302961,0.750771,0.404,0.787,1.0,0.380535,0.319471,1.85,0.948,51,0.302961,hst,1.553,1.951,0.796,1.951,1.0,2.600013994931016e-16,jump,399,3.821,18837,hst,1,13.981
ct20stif,52329,2600295,8,0.05,20,False,400,256,0.587295,0.301541,0.748651,0.403,0.784,1.0,0.318643,0.31125,1.887,0.969,6,0.301541,hst,1.843,1.948,0.946,1.948,1.0,5.949530076200267e-16,jump,399,3.02,17807,hst,1,1.659
ct20stif,52329,2600295,8,0.05,21,False,400,256,0.590618,0.299413,0.749222,0.4,0.788,1.0,0.320859,0.311537,1.896,0.961,6,0.299413,hst,1.841,1.973,0.933,1.973,1.0,4.493998728164776e-16,jump,399,3.029,18079,hst,1,1.713
ct20stif,52329,2600295,8,0.25,17,False,400,256,0.592235,0.352932,2.051487,0.172,0.289,1.0,0.423348,0.352844,1.678,1.0,77,0.352932,hst,1.399,1.678,0.834,1.678,1.0,3.403944480715774e-16,jump,399,1.0,18080,hst,1,18.466
ct20stif,52329,2600295,8,0.25,18,False,400,256,0.586856,0.335844,2.052679,0.164,0.286,1.0,0.419581,0.352206,1.666,0.954,77,0.335844,hst,1.399,1.747,0.8,1.747,1.0,3.351339203340676e-16,jump,399,3.159,17395,hst,1,18.125
ct20stif,52329,2600295,8,0.25,19,False,400,256,0.58596,0.334658,2.050174,0.163,0.286,1.0,0.419788,0.351571,1.667,0.952,77,0.334658,hst,1.396,1.751,0.797,1.751,1.0,2.600013994931016e-16,jump,399,1.0,17549,hst,1,18.039
ct20stif,52329,2600295,8,0.25,20,False,400,256,0.591144,0.339621,2.072195,0.164,0.285,1.0,0.42654,0.355655,1.662,0.955,79,0.339621,hst,1.386,1.741,0.796,1.741,1.0,5.949530076200267e-16,jump,399,4.894,17717,hst,1,18.611
ct20stif,52329,2600295,8,0.25,21,False,400,256,0.589883,0.338094,2.088138,0.162,0.282,1.0,0.426331,0.355551,1.659,0.951,79,0.338094,hst,1.384,1.745,0.793,1.745,1.0,4.493998728164776e-16,jump,399,1.0,17385,hst,1,18.486
memplus,17758,99147,8,0.0,17,False,400,256,0.038662,0.066275,0.059503,1.114,0.65,1.0,0.040813,0.038502,1.004,1.004,0,0.038662,delta_baseline,0.947,1.0,0.947,1.0,1.714,3.582437197197559e-16,jump,0,1.0,8170,delta_baseline,0,0.0
memplus,17758,99147,8,0.0,18,False,400,256,0.039867,0.065748,0.058886,1.117,0.677,1.0,0.041408,0.039025,1.022,1.022,0,0.039867,delta_baseline,0.963,1.0,0.963,1.0,1.649,3.582443742956908e-16,jump,0,1.0,8169,delta_baseline,0,0.0
memplus,17758,99147,8,0.0,19,False,400,256,0.035317,0.053225,0.050219,1.06,0.703,1.0,0.038037,0.03576,0.988,0.988,,0.035317,delta_baseline,0.928,1.0,0.928,1.0,1.507,4.41481093913526e-16,jump,0,1.0,7075,delta_baseline,0,0.0
memplus,17758,99147,8,0.0,20,False,400,256,0.038843,0.066293,0.059203,1.12,0.656,1.0,0.040975,0.038618,1.006,1.006,0,0.038843,delta_baseline,0.948,1.0,0.948,1.0,1.707,3.582437197197559e-16,jump,0,1.0,8190,delta_baseline,0,0.0
memplus,17758,99147,8,0.0,21,False,400,256,0.038993,0.06507,0.059192,1.099,0.659,1.0,0.040453,0.038039,1.025,1.025,0,0.038993,delta_baseline,0.964,1.0,0.964,1.0,1.669,3.582437197197559e-16,jump,0,1.0,8145,delta_baseline,0,0.0
memplus,17758,99147,8,0.002,17,False,400,256,0.533194,0.119311,0.167712,0.711,3.179,1.0,0.142441,0.124759,4.274,0.956,3,0.119311,hst,3.743,4.469,0.838,4.469,1.0,3.582437197197559e-16,jump,389,3.501,8216,hst,1,1.303
memplus,17758,99147,8,0.002,18,False,400,256,0.526044,0.119171,0.170308,0.7,3.089,1.0,0.141909,0.123957,4.244,0.961,3,0.119171,hst,3.707,4.414,0.84,4.414,1.0,3.582443742956908e-16,jump,392,3.916,7648,hst,1,1.289
memplus,17758,99147,8,0.002,19,False,400,256,0.475973,0.110608,0.149776,0.738,3.178,1.0,0.132053,0.116687,4.079,0.948,3,0.110608,hst,3.604,4.303,0.838,4.303,1.0,4.41481093913526e-16,jump,390,3.664,7588,hst,1,1.115
memplus,17758,99147,8,0.002,20,False,400,256,0.539732,0.118507,0.164431,0.721,3.282,1.0,0.143054,0.125348,4.306,0.945,3,0.118507,hst,3.773,4.554,0.828,4.554,1.0,3.582437197197559e-16,jump,382,3.58,7814,hst,1,1.301
memplus,17758,99147,8,0.002,21,False,400,256,0.487949,0.117406,0.162979,0.72,2.994,1.0,0.140896,0.123111,3.964,0.954,4,0.117406,hst,3.463,4.156,0.833,4.156,1.0,3.582437197197559e-16,jump,382,3.912,7442,hst,1,1.314
memplus,17758,99147,8,0.01,17,False,400,256,0.278773,0.121685,0.194681,0.625,1.432,1.0,0.144325,0.126291,2.207,0.964,9,0.121685,hst,1.932,2.291,0.843,2.291,1.0,3.582437197197559e-16,jump,399,3.536,5214,hst,1,1.318
memplus,17758,99147,8,0.01,18,False,400,256,0.269844,0.12172,0.195425,0.623,1.381,1.0,0.144901,0.126717,2.13,0.961,9,0.12172,hst,1.862,2.217,0.84,2.217,1.0,3.582443742956908e-16,jump,399,3.783,5138,hst,1,1.325
memplus,17758,99147,8,0.01,19,False,400,256,0.241083,0.116914,0.183816,0.636,1.312,1.0,0.139769,0.12433,1.939,0.94,10,0.116914,hst,1.725,2.062,0.836,2.062,1.0,4.41481093913526e-16,jump,399,1.793,5444,hst,1,1.169
memplus,17758,99147,8,0.01,20,False,400,256,0.273647,0.121515,0.191279,0.635,1.431,1.0,0.144558,0.126476,2.164,0.961,9,0.121515,hst,1.893,2.252,0.841,2.252,1.0,3.582437197197559e-16,jump,399,1.642,5515,hst,1,1.302
memplus,17758,99147,8,0.01,21,False,400,256,0.293365,0.121472,0.19992,0.608,1.467,1.0,0.144992,0.126757,2.314,0.958,8,0.121472,hst,2.023,2.415,0.838,2.415,1.0,3.582437197197559e-16,jump,399,2.224,4319,hst,1,1.3
memplus,17758,99147,8,0.05,17,False,400,256,0.140162,0.124914,0.252965,0.494,0.554,1.0,0.147778,0.129206,1.085,0.967,125,0.124914,hst,0.948,1.122,0.845,1.122,1.0,3.582437197197559e-16,jump,399,2.377,4682,hst,1,1.373
memplus,17758,99147,8,0.05,18,False,400,256,0.142696,0.125071,0.256347,0.488,0.557,1.0,0.149155,0.130814,1.091,0.956,117,0.125071,hst,0.957,1.141,0.839,1.141,1.0,3.582443742956908e-16,jump,399,6.619,4793,hst,1,1.385
memplus,17758,99147,8,0.05,19,False,400,256,0.152759,0.125068,0.25285,0.495,0.604,1.0,0.14676,0.129761,1.177,0.964,55,0.125068,hst,1.041,1.221,0.852,1.221,1.0,4.41481093913526e-16,jump,399,2.578,5085,hst,1,1.264
memplus,17758,99147,8,0.05,20,False,400,256,0.151358,0.128791,0.260928,0.494,0.58,1.0,0.15954,0.139998,1.081,0.92,138,0.128791,hst,0.949,1.175,0.807,1.175,1.0,3.582437197197559e-16,jump,399,1.591,5020,hst,1,1.57
memplus,17758,99147,8,0.05,21,False,400,256,0.141493,0.123416,0.252269,0.489,0.561,1.0,0.147046,0.128651,1.1,0.959,107,0.123416,hst,0.962,1.146,0.839,1.146,1.0,3.582437197197559e-16,jump,399,2.742,3959,hst,1,1.372
memplus,17758,99147,8,0.25,17,False,400,256,0.111321,0.133753,0.579938,0.231,0.192,1.0,0.166774,0.141155,0.789,0.789,,0.111321,delta_baseline,0.667,1.0,0.667,1.0,1.202,3.582437197197559e-16,jump,399,6.341,4244,hst,1,7.054
memplus,17758,99147,8,0.25,18,False,400,256,0.113452,0.134763,0.588009,0.229,0.193,1.0,0.169364,0.141867,0.8,0.8,,0.113452,delta_baseline,0.67,1.0,0.67,1.0,1.188,3.582443742956908e-16,jump,399,5.102,4757,hst,1,7.252
memplus,17758,99147,8,0.25,19,False,400,256,0.112724,0.134634,0.590507,0.228,0.191,1.0,0.168577,0.141842,0.795,0.795,,0.112724,delta_baseline,0.669,1.0,0.669,1.0,1.194,4.41481093913526e-16,jump,399,4.391,5059,hst,1,7.297
memplus,17758,99147,8,0.25,20,False,400,256,0.11253,0.133988,0.584124,0.229,0.193,1.0,0.16906,0.141929,0.793,0.793,,0.11253,delta_baseline,0.666,1.0,0.666,1.0,1.191,3.582437197197559e-16,jump,399,6.374,5640,hst,1,7.203
memplus,17758,99147,8,0.25,21,False,400,256,0.113656,0.133841,0.579416,0.231,0.196,1.0,0.174075,0.14583,0.779,0.779,,0.113656,delta_baseline,0.653,1.0,0.653,1.0,1.178,3.582437197197559e-16,jump,399,3.649,4585,hst,1,7.598
TSOPF_RS_b162_c3,15374,610299,8,0.0,17,False,400,256,0.231347,0.266119,0.262646,1.013,0.881,1.0,0.234194,0.212283,1.09,1.09,0,0.231347,delta_baseline,0.988,1.0,0.988,1.0,1.15,1.2582477660838618e-16,jump,0,1.0,7920,delta_baseline,0,0.0
TSOPF_RS_b162_c3,15374,610299,8,0.0,18,False,400,256,0.231637,0.266327,0.263664,1.01,0.879,1.0,0.234203,0.212439,1.09,1.09,0,0.231637,delta_baseline,0.989,1.0,0.989,1.0,1.15,1.2582477660838618e-16,jump,0,1.0,7924,delta_baseline,0,0.0
TSOPF_RS_b162_c3,15374,610299,8,0.0,19,False,400,256,0.231673,0.266429,0.264961,1.006,0.874,1.0,0.233691,0.212066,1.092,1.092,0,0.231673,delta_baseline,0.991,1.0,0.991,1.0,1.15,1.2582477660838618e-16,jump,0,1.0,7924,delta_baseline,0,0.0
TSOPF_RS_b162_c3,15374,610299,8,0.0,20,False,400,256,0.231408,0.265931,0.264196,1.007,0.876,1.0,0.234412,0.212489,1.089,1.089,0,0.231408,delta_baseline,0.987,1.0,0.987,1.0,1.149,1.2582477660838618e-16,jump,0,1.0,7920,delta_baseline,0,0.0
TSOPF_RS_b162_c3,15374,610299,8,0.0,21,False,400,256,0.232698,0.267617,0.266156,1.005,0.874,1.0,0.23513,0.213746,1.089,1.089,0,0.232698,delta_baseline,0.99,1.0,0.99,1.0,1.15,1.172605067740121e-16,jump,0,1.0,7926,delta_baseline,0,0.0
TSOPF_RS_b162_c3,15374,610299,8,0.002,17,False,400,256,4.868563,0.338492,0.44875,0.754,10.849,1.0,0.505409,0.345761,14.081,0.979,1,0.338492,hst,9.633,14.383,0.67,14.383,1.0,1.2582477660838618e-16,jump,388,2.666,10398,hst,1,4.391
TSOPF_RS_b162_c3,15374,610299,8,0.002,18,False,400,256,4.672472,0.344803,0.468502,0.736,9.973,1.0,0.509572,0.35051,13.33,0.984,1,0.344803,hst,9.169,13.551,0.677,13.551,1.0,1.2582477660838618e-16,jump,383,2.648,10572,hst,1,4.413
TSOPF_RS_b162_c3,15374,610299,8,0.002,19,False,400,256,5.103118,0.340892,0.458142,0.744,11.139,1.0,0.510105,0.350072,14.577,0.974,1,0.340892,hst,10.004,14.97,0.668,14.97,1.0,1.2582477660838618e-16,jump,391,2.61,10436,hst,1,4.435
TSOPF_RS_b162_c3,15374,610299,8,0.002,20,False,400,256,4.244943,0.32729,0.43676,0.749,9.719,1.0,0.494929,0.335256,12.662,0.976,1,0.32729,hst,8.577,12.97,0.661,12.97,1.0,1.2582477660838618e-16,jump,381,2.93,10375,hst,1,4.498
TSOPF_RS_b162_c3,15374,610299,8,0.002,21,False,400,256,4.976241,0.347185,0.467374,0.743,10.647,1.0,0.510613,0.34959,14.235,0.993,1,0.347185,hst,9.746,14.333,0.68,14.333,1.0,1.172605067740121e-16,jump,386,2.616,10514,hst,1,4.622
TSOPF_RS_b162_c3,15374,610299,8,0.01,17,False,400,256,2.208851,0.283987,0.477368,0.595,4.627,1.0,0.444277,0.285628,7.733,0.994,2,0.283987,hst,4.972,7.778,0.639,7.778,1.0,1.2582477660838618e-16,jump,399,1.0,9017,hst,1,4.336
TSOPF_RS_b162_c3,15374,610299,8,0.01,18,False,400,256,2.524494,0.310548,0.498758,0.623,5.062,1.0,0.472939,0.3151,8.012,0.986,2,0.310548,hst,5.338,8.129,0.657,8.129,1.0,1.2582477660838618e-16,jump,399,3.843,10773,hst,1,4.321
TSOPF_RS_b162_c3,15374,610299,8,0.01,19,False,400,256,1.893263,0.259241,0.418679,0.619,4.522,1.0,0.427437,0.260789,7.26,0.994,3,0.259241,hst,4.429,7.303,0.607,7.303,1.0,1.2582477660838618e-16,jump,399,3.334,8425,hst,1,4.318
TSOPF_RS_b162_c3,15374,610299,8,0.01,20,False,400,256,2.265112,0.287321,0.478461,0.601,4.734,1.0,0.453962,0.291216,7.778,0.987,2,0.287321,hst,4.99,7.884,0.633,7.884,1.0,1.2582477660838618e-16,jump,399,4.661,10831,hst,1,4.415
TSOPF_RS_b162_c3,15374,610299,8,0.01,21,False,400,256,2.164321,0.275073,0.444445,0.619,4.87,1.0,0.448342,0.278861,7.761,0.986,2,0.275073,hst,4.827,7.868,0.614,7.868,1.0,1.172605067740121e-16,jump,399,4.169,8656,hst,1,4.611
TSOPF_RS_b162_c3,15374,610299,8,0.05,17,False,400,256,0.969469,0.231976,0.534638,0.434,1.813,1.0,0.384866,0.231008,4.197,1.004,6,0.231976,hst,2.519,4.179,0.603,4.179,1.0,1.2582477660838618e-16,jump,399,3.87,8404,hst,1,4.063
TSOPF_RS_b162_c3,15374,610299,8,0.05,18,False,400,256,0.925197,0.216261,0.548077,0.395,1.688,1.0,0.377695,0.210743,4.39,1.026,6,0.216261,hst,2.45,4.278,0.573,4.278,1.0,1.2582477660838618e-16,jump,399,3.194,8748,hst,1,4.525
TSOPF_RS_b162_c3,15374,610299,8,0.05,19,False,400,256,0.99634,0.226841,0.534221,0.425,1.865,1.0,0.38774,0.219453,4.54,1.034,6,0.226841,hst,2.57,4.392,0.585,4.392,1.0,1.2582477660838618e-16,jump,399,1.85,8700,hst,1,4.521
TSOPF_RS_b162_c3,15374,610299,8,0.05,20,False,400,256,0.95777,0.231061,0.539722,0.428,1.775,1.0,0.388325,0.224722,4.262,1.028,6,0.231061,hst,2.466,4.145,0.595,4.145,1.0,1.2582477660838618e-16,jump,399,4.292,8711,hst,1,4.388
TSOPF_RS_b162_c3,15374,610299,8,0.05,21,False,400,256,0.801159,0.216566,0.522039,0.415,1.535,1.0,0.371723,0.218442,3.668,0.991,7,0.216566,hst,2.155,3.699,0.583,3.699,1.0,1.172605067740121e-16,jump,399,1.544,8529,hst,1,4.198
TSOPF_RS_b162_c3,15374,610299,8,0.25,17,False,400,256,0.568231,0.222397,1.342461,0.166,0.423,1.0,0.310514,0.2264,2.51,0.982,9,0.222397,hst,1.83,2.555,0.716,2.555,1.0,1.2582477660838618e-16,jump,399,3.34,10751,hst,1,3.17
TSOPF_RS_b162_c3,15374,610299,8,0.25,18,False,400,256,0.591298,0.225197,1.318129,0.171,0.449,1.0,0.315545,0.230196,2.569,0.978,8,0.225197,hst,1.874,2.626,0.714,2.626,1.0,1.2582477660838618e-16,jump,399,4.702,10726,hst,1,3.067
TSOPF_RS_b162_c3,15374,610299,8,0.25,19,False,400,256,0.555888,0.220081,1.322357,0.166,0.42,1.0,0.307733,0.221024,2.515,0.996,9,0.220081,hst,1.806,2.526,0.715,2.526,1.0,1.2582477660838618e-16,jump,399,3.274,10792,hst,1,3.052
TSOPF_RS_b162_c3,15374,610299,8,0.25,20,False,400,256,0.570922,0.221906,1.290779,0.172,0.442,1.0,0.317482,0.22265,2.564,0.997,10,0.221906,hst,1.798,2.573,0.699,2.573,1.0,1.2582477660838618e-16,jump,399,4.388,10744,hst,1,3.388
TSOPF_RS_b162_c3,15374,610299,8,0.25,21,False,400,256,0.583842,0.222051,1.267092,0.175,0.461,1.0,0.302017,0.224362,2.602,0.99,8,0.222051,hst,1.933,2.629,0.735,2.629,1.0,1.172605067740121e-16,jump,399,3.387,8581,hst,1,3.012
TSOPF_RS_b300_c1,14538,1474325,8,0.0,17,False,400,256,0.63458,0.651598,0.650762,1.001,0.975,1.0,0.637405,0.580499,1.093,1.093,0,0.63458,delta_baseline,0.996,1.0,0.996,1.0,1.027,1.1112960972222602e-16,jump,0,1.0,7435,delta_baseline,0,0.0
TSOPF_RS_b300_c1,14538,1474325,8,0.0,18,False,400,256,0.634688,0.652352,0.661505,0.986,0.959,1.0,0.653959,0.597154,1.063,1.063,0,0.634688,delta_baseline,0.971,1.0,0.971,1.0,1.028,1.1112960972222602e-16,jump,0,1.0,7435,delta_baseline,0,0.0
TSOPF_RS_b300_c1,14538,1474325,8,0.0,19,False,400,256,0.636089,0.652162,0.646753,1.008,0.984,1.0,0.634487,0.577849,1.101,1.101,0,0.636089,delta_baseline,1.003,1.0,1.003,1.0,1.025,1.1112960972222602e-16,jump,0,1.0,7435,delta_baseline,0,0.0
TSOPF_RS_b300_c1,14538,1474325,8,0.0,20,False,400,256,0.633032,0.647759,0.646354,1.002,0.979,1.0,0.635786,0.57932,1.093,1.093,0,0.633032,delta_baseline,0.996,1.0,0.996,1.0,1.023,1.1112960972222602e-16,jump,0,1.0,7435,delta_baseline,0,0.0
TSOPF_RS_b300_c1,14538,1474325,8,0.0,21,False,400,256,0.639381,0.655174,0.660024,0.993,0.969,1.0,0.642774,0.586346,1.09,1.09,0,0.639381,delta_baseline,0.995,1.0,0.995,1.0,1.025,1.4073755446586306e-16,jump,0,1.0,7314,delta_baseline,0,0.0
TSOPF_RS_b300_c1,14538,1474325,8,0.002,17,False,400,256,12.362925,0.753483,1.09177,0.69,11.324,1.0,1.171302,0.763924,16.183,0.986,1,0.753483,hst,10.555,16.408,0.643,16.408,1.0,1.1112960972222602e-16,jump,390,2.64,9925,hst,1,10.146
TSOPF_RS_b300_c1,14538,1474325,8,0.002,18,False,400,256,11.847468,0.765446,1.113533,0.687,10.64,1.0,1.182285,0.776832,15.251,0.985,1,0.765446,hst,10.021,15.478,0.647,15.478,1.0,1.1112960972222602e-16,jump,390,2.738,10125,hst,1,9.905
TSOPF_RS_b300_c1,14538,1474325,8,0.002,19,False,400,256,13.212733,0.756431,1.111649,0.68,11.886,1.0,1.169615,0.770423,17.15,0.982,1,0.756431,hst,11.297,17.467,0.647,17.467,1.0,1.1112960972222602e-16,jump,389,2.659,9927,hst,1,9.994
TSOPF_RS_b300_c1,14538,1474325,8,0.002,20,False,400,256,12.044199,0.737703,1.084696,0.68,11.104,1.0,1.160923,0.755092,15.951,0.977,1,0.737703,hst,10.375,16.327,0.635,16.327,1.0,1.1112960972222602e-16,jump,389,2.925,9895,hst,1,10.153
TSOPF_RS_b300_c1,14538,1474325,8,0.002,21,False,400,256,11.123143,0.727522,1.04945,0.693,10.599,1.0,1.152534,0.737908,15.074,0.986,1,0.727522,hst,9.651,15.289,0.631,15.289,1.0,1.4073755446586306e-16,jump,385,3.037,9865,hst,1,10.31
TSOPF_RS_b300_c1,14538,1474325,8,0.01,17,False,400,256,5.560758,0.603035,1.095782,0.55,5.075,1.0,1.004732,0.597943,9.3,1.009,2,0.603035,hst,5.535,9.221,0.6,9.221,1.0,1.1112960972222602e-16,jump,399,5.347,10343,hst,1,9.88
TSOPF_RS_b300_c1,14538,1474325,8,0.01,18,False,400,256,6.414614,0.627664,1.112095,0.564,5.768,1.0,1.032315,0.628001,10.214,0.999,2,0.627664,hst,6.214,10.22,0.608,10.22,1.0,1.1112960972222602e-16,jump,399,5.408,10367,hst,1,9.742
TSOPF_RS_b300_c1,14538,1474325,8,0.01,19,False,400,256,4.972455,0.525142,0.982004,0.535,5.064,1.0,0.927618,0.520472,9.554,1.009,2,0.525142,hst,5.36,9.469,0.566,9.469,1.0,1.1112960972222602e-16,jump,399,7.459,10310,hst,1,9.42
TSOPF_RS_b300_c1,14538,1474325,8,0.01,20,False,400,256,5.669442,0.59398,1.095934,0.542,5.173,1.0,1.008883,0.592975,9.561,1.002,2,0.59398,hst,5.62,9.545,0.589,9.545,1.0,1.1112960972222602e-16,jump,399,6.802,10315,hst,1,10.084
TSOPF_RS_b300_c1,14538,1474325,8,0.01,21,False,400,256,5.711564,0.55578,1.027003,0.541,5.561,1.0,0.974945,0.549625,10.392,1.011,2,0.55578,hst,5.858,10.277,0.57,10.277,1.0,1.4073755446586306e-16,jump,399,8.962,10158,hst,1,10.126
TSOPF_RS_b300_c1,14538,1474325,8,0.05,17,False,400,256,2.056544,0.384388,1.024677,0.375,2.007,1.0,0.74404,0.357296,5.756,1.076,5,0.384388,hst,2.764,5.35,0.517,5.35,1.0,1.1112960972222602e-16,jump,399,3.439,10209,hst,1,8.994
TSOPF_RS_b300_c1,14538,1474325,8,0.05,18,False,400,256,2.500697,0.415743,1.108455,0.375,2.256,1.0,0.797708,0.395816,6.318,1.05,5,0.415743,hst,3.135,6.015,0.521,6.015,1.0,1.1112960972222602e-16,jump,399,3.256,10276,hst,1,9.497
TSOPF_RS_b300_c1,14538,1474325,8,0.05,19,False,400,256,2.695091,0.446607,1.141985,0.391,2.36,1.0,0.817767,0.422593,6.378,1.057,4,0.446607,hst,3.296,6.035,0.546,6.035,1.0,1.1112960972222602e-16,jump,399,4.701,10254,hst,1,9.294
TSOPF_RS_b300_c1,14538,1474325,8,0.05,20,False,400,256,1.986744,0.362176,0.956475,0.379,2.077,1.0,0.740763,0.333634,5.955,1.086,6,0.362176,hst,2.682,5.486,0.489,5.486,1.0,1.1112960972222602e-16,jump,399,5.679,9653,hst,1,9.373
TSOPF_RS_b300_c1,14538,1474325,8,0.05,21,False,400,256,2.094754,0.384355,1.037919,0.37,2.018,1.0,0.744889,0.357954,5.852,1.074,5,0.384355,hst,2.812,5.45,0.516,5.45,1.0,1.4073755446586306e-16,jump,399,2.35,10122,hst,1,9.174
TSOPF_RS_b300_c1,14538,1474325,8,0.25,17,False,400,256,1.385806,0.3715,2.409566,0.154,0.575,1.0,0.574731,0.36832,3.763,1.009,5,0.3715,hst,2.411,3.73,0.646,3.73,1.0,1.1112960972222602e-16,jump,399,4.235,9650,hst,1,5.325
TSOPF_RS_b300_c1,14538,1474325,8,0.25,18,False,400,256,1.407954,0.367215,2.350197,0.156,0.599,1.0,0.591608,0.368755,3.818,0.996,6,0.367215,hst,2.38,3.834,0.621,3.834,1.0,1.1112960972222602e-16,jump,399,7.458,9835,hst,1,6.01
TSOPF_RS_b300_c1,14538,1474325,8,0.25,19,False,400,256,1.448684,0.379413,2.459841,0.154,0.589,1.0,0.587365,0.374435,3.869,1.013,6,0.379413,hst,2.466,3.818,0.646,3.818,1.0,1.1112960972222602e-16,jump,399,1.69,10268,hst,1,6.144
TSOPF_RS_b300_c1,14538,1474325,8,0.25,20,False,400,256,1.434952,0.37588,2.363266,0.159,0.607,1.0,0.609678,0.375856,3.818,1.0,6,0.37588,hst,2.354,3.818,0.617,3.818,1.0,1.1112960972222602e-16,jump,399,4.47,10326,hst,1,6.567
TSOPF_RS_b300_c1,14538,1474325,8,0.25,21,False,400,256,1.412955,0.376794,2.383627,0.158,0.593,1.0,0.580463,0.374891,3.769,1.005,5,0.376794,hst,2.434,3.75,0.649,3.75,1.0,1.4073755446586306e-16,jump,399,2.06,9440,hst,1,5.587
case9,14454,147972,8,0.0,17,False,400,256,0.044752,0.067315,0.063449,1.061,0.705,1.0,0.046734,0.04383,1.021,1.021,0,0.044752,delta_baseline,0.958,1.0,0.958,1.0,1.504,1.8253563338087409e-16,jump,0,1.0,7516,delta_baseline,0,0.0
case9,14454,147972,8,0.0,18,False,400,256,0.0462,0.079847,0.074158,1.077,0.623,1.0,0.047374,0.044424,1.04,1.04,0,0.0462,delta_baseline,0.975,1.0,0.975,1.0,1.728,1.6384614607668743e-15,jump,0,1.0,8024,delta_baseline,0,0.0
case9,14454,147972,8,0.0,19,False,400,256,0.045177,0.06777,0.063969,1.059,0.706,1.0,0.046531,0.043529,1.038,1.038,0,0.045177,delta_baseline,0.971,1.0,0.971,1.0,1.5,1.8253563338087409e-16,jump,0,1.0,7524,delta_baseline,0,0.0
case9,14454,147972,8,0.0,20,False,400,256,0.045413,0.080554,0.074308,1.084,0.611,1.0,0.047608,0.044591,1.018,1.018,0,0.045413,delta_baseline,0.954,1.0,0.954,1.0,1.774,1.1571059044469956e-15,jump,0,1.0,8018,delta_baseline,0,0.0
case9,14454,147972,8,0.0,21,False,400,256,0.045456,0.078845,0.072909,1.081,0.623,1.0,0.047273,0.044297,1.026,1.026,0,0.045456,delta_baseline,0.962,1.0,0.962,1.0,1.735,1.4037033603327298e-15,jump,0,1.0,7973,delta_baseline,0,0.0
case9,14454,147972,8,0.002,17,False,400,256,0.489657,0.124935,0.177514,0.704,2.758,1.0,0.151921,0.131715,3.718,0.949,4,0.124935,hst,3.223,3.919,0.822,3.919,1.0,1.8253563338087409e-16,jump,389,2.635,9250,hst,1,1.301
case9,14454,147972,8,0.002,18,False,400,256,0.594053,0.121105,0.17765,0.682,3.344,1.0,0.148718,0.12578,4.723,0.963,3,0.121105,hst,3.995,4.905,0.814,4.905,1.0,1.6384614607668743e-15,jump,388,1.973,5012,hst,1,1.339
case9,14454,147972,8,0.002,19,False,400,256,0.81302,0.118804,0.177334,0.67,4.585,1.0,0.144141,0.123738,6.57,0.96,2,0.118804,hst,5.64,6.843,0.824,6.843,1.0,1.8253563338087409e-16,jump,388,2.829,9296,hst,1,1.225
case9,14454,147972,8,0.002,20,False,400,256,0.541408,0.125729,0.179793,0.699,3.011,1.0,0.153933,0.131596,4.114,0.955,3,0.125729,hst,3.517,4.306,0.817,4.306,1.0,1.1571059044469956e-15,jump,387,1.777,5021,hst,1,1.388
case9,14454,147972,8,0.002,21,False,400,256,0.318385,0.104446,0.144105,0.725,2.209,1.0,0.132325,0.108362,2.938,0.964,7,0.104446,hst,2.406,3.048,0.789,3.048,1.0,1.4037033603327298e-15,jump,388,2.853,4859,hst,1,1.375
case9,14454,147972,8,0.01,17,False,400,256,0.306168,0.124829,0.199207,0.627,1.537,1.0,0.14797,0.126698,2.417,0.985,7,0.124829,hst,2.069,2.453,0.844,2.453,1.0,1.8253563338087409e-16,jump,399,5.425,5125,hst,1,1.317
case9,14454,147972,8,0.01,18,False,400,256,0.252951,0.121316,0.20279,0.598,1.247,1.0,0.147836,0.125992,2.008,0.963,11,0.121316,hst,1.711,2.085,0.821,2.085,1.0,1.6384614607668743e-15,jump,399,3.375,9620,hst,1,1.375
case9,14454,147972,8,0.01,19,False,400,256,0.495253,0.136332,0.245262,0.556,2.019,1.0,0.168745,0.149787,3.306,0.91,4,0.136332,hst,2.935,3.633,0.808,3.633,1.0,1.8253563338087409e-16,jump,399,4.722,9516,hst,1,1.326
case9,14454,147972,8,0.01,20,False,400,256,0.381182,0.125142,0.202781,0.617,1.88,1.0,0.150323,0.13018,2.928,0.961,5,0.125142,hst,2.536,3.046,0.832,3.046,1.0,1.1571059044469956e-15,jump,399,3.295,5141,hst,1,1.298
case9,14454,147972,8,0.01,21,False,400,256,0.618503,0.149456,0.261151,0.572,2.368,1.0,0.17425,0.151388,4.086,0.987,3,0.149456,hst,3.55,4.138,0.858,4.138,1.0,1.4037033603327298e-15,jump,399,4.762,9536,hst,1,1.555
case9,14454,147972,8,0.05,17,False,400,256,0.268643,0.138724,0.314611,0.441,0.854,1.0,0.162307,0.142839,1.881,0.971,11,0.138724,hst,1.655,1.937,0.855,1.937,1.0,1.8253563338087409e-16,jump,399,1.295,5308,hst,1,1.367
case9,14454,147972,8,0.05,18,False,400,256,0.256247,0.135444,0.299627,0.452,0.855,1.0,0.165571,0.142475,1.799,0.951,14,0.135444,hst,1.548,1.892,0.818,1.892,1.0,1.6384614607668743e-15,jump,399,1.385,5019,hst,1,1.541
case9,14454,147972,8,0.05,19,False,400,256,0.192248,0.134168,0.300556,0.446,0.64,1.0,0.164437,0.140491,1.368,0.955,29,0.134168,hst,1.169,1.433,0.816,1.433,1.0,1.8253563338087409e-16,jump,399,2.453,5367,hst,1,1.497
case9,14454,147972,8,0.05,20,False,400,256,0.202559,0.135033,0.303604,0.445,0.667,1.0,0.164625,0.140457,1.442,0.961,25,0.135033,hst,1.23,1.5,0.82,1.5,1.0,1.1571059044469956e-15,jump,399,5.574,4933,hst,1,1.539
case9,14454,147972,8,0.05,21,False,400,256,0.21151,0.126872,0.274791,0.462,0.77,1.0,0.155601,0.129328,1.635,0.981,19,0.126872,hst,1.359,1.667,0.815,1.667,1.0,1.4037033603327298e-15,jump,399,1.982,5075,hst,1,1.537
case9,14454,147972,8,0.25,17,False,400,256,0.180998,0.143303,0.690387,0.208,0.262,1.0,0.21057,0.188444,0.96,0.76,,0.143303,hst,0.86,1.263,0.681,1.263,1.0,1.8253563338087409e-16,jump,399,3.081,5174,delta_baseline,0,7.874
case9,14454,147972,8,0.25,18,False,400,256,0.182066,0.136782,0.657218,0.208,0.277,1.0,0.181706,0.150996,1.206,0.906,233,0.136782,hst,1.002,1.331,0.753,1.331,1.0,1.6384614607668743e-15,jump,399,3.923,5360,hst,1,7.247
case9,14454,147972,8,0.25,19,False,400,256,0.159657,0.141302,0.69915,0.202,0.228,1.0,0.18273,0.14665,1.089,0.964,592,0.141302,hst,0.874,1.13,0.773,1.13,1.0,1.8253563338087409e-16,jump,399,2.1,5193,hst,1,7.706
case9,14454,147972,8,0.25,20,False,400,256,0.159389,0.139128,0.669467,0.208,0.238,1.0,0.176265,0.147928,1.077,0.941,643,0.139128,hst,0.904,1.146,0.789,1.146,1.0,1.1571059044469956e-15,jump,399,1.0,5205,hst,1,7.373
case9,14454,147972,8,0.25,21,False,400,256,0.146789,0.133676,0.650531,0.205,0.226,1.0,0.175465,0.141779,1.035,0.943,1471,0.133676,hst,0.837,1.098,0.762,1.098,1.0,1.4037033603327298e-15,jump,399,1.0,7549,hst,1,7.368
bcspwr09,1723,6511,8,0.0,17,False,400,256,0.006498,0.025649,0.021518,1.192,0.302,1.0,0.007665,0.007328,0.887,0.887,,0.006498,delta_baseline,0.848,1.0,0.848,1.0,3.947,3.3992994908668667e-16,jump,0,1.0,1518,delta_baseline,0,0.0
bcspwr09,1723,6511,8,0.0,18,False,400,256,0.006077,0.025838,0.021592,1.197,0.281,1.0,0.007461,0.007134,0.852,0.852,,0.006077,delta_baseline,0.814,1.0,0.814,1.0,4.252,1.860896069197576e-16,jump,0,1.0,1551,delta_baseline,0,0.0
bcspwr09,1723,6511,8,0.0,19,False,400,256,0.006437,0.024444,0.020637,1.184,0.312,1.0,0.007332,0.006995,0.92,0.92,,0.006437,delta_baseline,0.878,1.0,0.878,1.0,3.798,1.4472386138826977e-16,jump,0,1.0,1501,delta_baseline,0,0.0
bcspwr09,1723,6511,8,0.0,20,False,400,256,0.005935,0.026187,0.021419,1.223,0.277,1.0,0.007307,0.007015,0.846,0.846,,0.005935,delta_baseline,0.812,1.0,0.812,1.0,4.412,4.2716015826531054e-16,jump,0,1.0,1539,delta_baseline,0,0.0
bcspwr09,1723,6511,8,0.0,21,False,400,256,0.006352,0.025504,0.021049,1.212,0.302,1.0,0.007658,0.00731,0.869,0.869,,0.006352,delta_baseline,0.829,1.0,0.829,1.0,4.015,9.609496773994548e-17,jump,0,1.0,1535,delta_baseline,0,0.0
bcspwr09,1723,6511,8,0.002,17,False,400,256,0.076622,0.044719,0.044688,1.001,1.715,1.001,0.063134,0.050157,1.528,0.892,101,0.044719,hst,1.214,1.713,0.708,1.713,1.0,3.3992994908668667e-16,jump,225,2.751,1652,hst,1,2.671
bcspwr09,1723,6511,8,0.002,18,False,400,256,0.07575,0.04358,0.044813,0.972,1.69,1.0,0.062514,0.049202,1.54,0.886,103,0.04358,hst,1.212,1.738,0.697,1.738,1.0,1.860896069197576e-16,jump,218,2.73,1651,hst,1,2.746
bcspwr09,1723,6511,8,0.002,19,False,400,256,0.07406,0.043907,0.044748,0.981,1.655,1.0,0.061964,0.048815,1.517,0.899,110,0.043907,hst,1.195,1.687,0.709,1.687,1.0,1.4472386138826977e-16,jump,223,2.724,1642,hst,1,2.768
bcspwr09,1723,6511,8,0.002,20,False,400,256,0.076856,0.044329,0.045993,0.964,1.671,1.0,0.063043,0.050375,1.526,0.88,97,0.044329,hst,1.219,1.734,0.703,1.734,1.0,4.2716015826531054e-16,jump,231,2.851,1644,hst,1,2.576
bcspwr09,1723,6511,8,0.002,21,False,400,256,0.077783,0.043418,0.044101,0.985,1.764,1.0,0.062282,0.049104,1.584,0.884,90,0.043418,hst,1.249,1.792,0.697,1.792,1.0,9.609496773994548e-17,jump,213,2.666,1665,hst,1,2.585
bcspwr09,1723,6511,8,0.01,17,False,400,256,0.077952,0.054794,0.066877,0.819,1.166,1.0,0.07502,0.061394,1.27,0.893,184,0.054794,hst,1.039,1.423,0.73,1.423,1.0,3.3992994908668667e-16,jump,370,3.784,1643,hst,1,3.054
bcspwr09,1723,6511,8,0.01,18,False,400,256,0.075662,0.054695,0.066982,0.817,1.13,1.0,0.07412,0.060578,1.249,0.903,207,0.054695,hst,1.021,1.383,0.738,1.383,1.0,1.860896069197576e-16,jump,366,3.685,1639,hst,1,3.119
bcspwr09,1723,6511,8,0.01,19,False,400,256,0.076101,0.053933,0.065312,0.826,1.165,1.0,0.073207,0.059945,1.27,0.9,186,0.053933,hst,1.04,1.411,0.737,1.411,1.0,1.4472386138826977e-16,jump,360,3.587,1673,hst,1,3.005
bcspwr09,1723,6511,8,0.01,20,False,400,256,0.076104,0.053509,0.064712,0.827,1.176,1.0,0.073178,0.059921,1.27,0.893,185,0.053509,hst,1.04,1.422,0.731,1.422,1.0,4.2716015826531054e-16,jump,357,3.853,1615,hst,1,2.987
bcspwr09,1723,6511,8,0.01,21,False,400,256,0.078467,0.054327,0.066242,0.82,1.185,1.0,0.074298,0.060307,1.301,0.901,170,0.054327,hst,1.056,1.444,0.731,1.444,1.0,9.609496773994548e-17,jump,358,3.75,1641,hst,1,3.085
bcspwr09,1723,6511,8,0.05,17,False,400,256,0.075399,0.060374,0.110666,0.546,0.681,1.0,0.079298,0.065857,1.145,0.917,337,0.060374,hst,0.951,1.249,0.761,1.249,1.0,3.3992994908668667e-16,jump,399,3.763,1649,hst,1,3.211
bcspwr09,1723,6511,8,0.05,18,False,400,256,0.076061,0.060541,0.111627,0.542,0.681,1.0,0.079976,0.066351,1.146,0.912,337,0.060541,hst,0.951,1.256,0.757,1.256,1.0,1.860896069197576e-16,jump,399,3.7,1652,hst,1,3.272
bcspwr09,1723,6511,8,0.05,19,False,400,256,0.075744,0.060008,0.110144,0.545,0.688,1.0,0.079655,0.066427,1.14,0.903,347,0.060008,hst,0.951,1.262,0.753,1.262,1.0,1.4472386138826977e-16,jump,399,3.601,1666,hst,1,3.229
bcspwr09,1723,6511,8,0.05,20,False,400,256,0.076338,0.060347,0.109947,0.549,0.694,1.0,0.079386,0.066518,1.148,0.907,333,0.060347,hst,0.962,1.265,0.76,1.265,1.0,4.2716015826531054e-16,jump,399,3.368,1644,hst,1,3.266
bcspwr09,1723,6511,8,0.05,21,False,400,256,0.076317,0.060489,0.111629,0.542,0.684,1.0,0.080146,0.066097,1.155,0.915,328,0.060489,hst,0.952,1.262,0.755,1.262,1.0,9.609496773994548e-17,jump,399,3.083,1660,hst,1,3.357
bcspwr09,1723,6511,8,0.25,17,False,400,256,0.075924,0.063461,0.226983,0.28,0.334,1.0,0.082853,0.069492,1.093,0.913,523,0.063461,hst,0.916,1.196,0.766,1.196,1.0,3.3992994908668667e-16,jump,399,1.971,1658,hst,1,3.362
bcspwr09,1723,6511,8,0.25,18,False,400,256,0.07594,0.063564,0.227779,0.279,0.333,1.0,0.082692,0.069476,1.093,0.915,518,0.063564,hst,0.918,1.195,0.769,1.195,1.0,1.860896069197576e-16,jump,399,4.803,1658,hst,1,3.346
bcspwr09,1723,6511,8,0.25,19,False,400,256,0.075692,0.06364,0.228081,0.279,0.332,1.0,0.082983,0.069662,1.087,0.914,557,0.06364,hst,0.912,1.189,0.767,1.189,1.0,1.4472386138826977e-16,jump,399,2.479,1642,hst,1,3.358
bcspwr09,1723,6511,8,0.25,20,False,400,256,0.075485,0.06369,0.228752,0.278,0.33,1.0,0.082953,0.069638,1.084,0.915,570,0.06369,hst,0.91,1.185,0.768,1.185,1.0,4.2716015826531054e-16,jump,399,2.122,1657,hst,1,3.332
bcspwr09,1723,6511,8,0.25,21,False,400,256,0.075928,0.063534,0.227442,0.279,0.334,1.0,0.083065,0.069676,1.09,0.912,533,0.063534,hst,0.914,1.195,0.765,1.195,1.0,9.609496773994548e-17,jump,399,2.478,1614,hst,1,3.333
add32,4960,19848,8,0.0,17,False,400,256,0.006013,0.017767,0.015583,1.14,0.386,1.0,0.007588,0.007269,0.827,0.827,,0.006013,delta_baseline,0.792,1.0,0.792,1.0,2.955,1.834572946307244e-16,jump,0,1.0,595,delta_baseline,0,0.0
add32,4960,19848,8,0.0,18,False,400,256,0.00633,0.017851,0.015431,1.157,0.41,1.0,0.007563,0.007221,0.877,0.877,,0.00633,delta_baseline,0.837,1.0,0.837,1.0,2.82,3.8969112366871195e-16,jump,0,1.0,531,delta_baseline,0,0.0
add32,4960,19848,8,0.0,19,False,400,256,0.00606,0.017172,0.017184,0.999,0.353,1.0,0.00768,0.007292,0.831,0.831,,0.00606,delta_baseline,0.789,1.0,0.789,1.0,2.834,1.440904858629578e-16,jump,0,1.0,390,delta_baseline,0,0.0
add32,4960,19848,8,0.0,20,False,400,256,0.006222,0.01708,0.015003,1.138,0.415,1.0,0.007725,0.007303,0.852,0.852,,0.006222,delta_baseline,0.805,1.0,0.805,1.0,2.745,1.9189147112235067e-16,jump,0,1.0,516,delta_baseline,0,0.0
add32,4960,19848,8,0.0,21,False,400,256,0.006253,0.017154,0.014889,1.152,0.42,1.0,0.007713,0.00728,0.859,0.859,,0.006253,delta_baseline,0.811,1.0,0.811,1.0,2.743,2.4073268406156015e-16,jump,0,1.0,447,delta_baseline,0,0.0
add32,4960,19848,8,0.002,17,False,400,256,0.071757,0.059405,0.058694,1.012,1.223,1.012,0.073886,0.061791,1.161,0.961,277,0.059405,hst,0.971,1.208,0.804,1.208,1.0,1.834572946307244e-16,jump,356,5.204,2782,hst,1,2.759
add32,4960,19848,8,0.002,18,False,400,256,0.071436,0.056196,0.059273,0.948,1.205,1.0,0.076733,0.064153,1.114,0.876,403,0.056196,hst,0.931,1.271,0.732,1.271,1.0,3.8969112366871195e-16,jump,354,5.017,2984,hst,1,2.935
add32,4960,19848,8,0.002,19,False,400,256,0.069936,0.052328,0.053365,0.981,1.311,1.0,0.071373,0.060116,1.163,0.87,259,0.052328,hst,0.98,1.336,0.733,1.336,1.0,1.440904858629578e-16,jump,349,5.392,2757,hst,1,2.54
add32,4960,19848,8,0.002,20,False,400,256,0.070962,0.053427,0.055935,0.955,1.269,1.0,0.073079,0.061026,1.163,0.875,274,0.053427,hst,0.971,1.328,0.731,1.328,1.0,1.9189147112235067e-16,jump,351,5.419,2639,hst,1,2.725
add32,4960,19848,8,0.002,21,False,400,256,0.07052,0.054148,0.058896,0.919,1.197,1.0,0.073377,0.06159,1.145,0.879,293,0.054148,hst,0.961,1.302,0.738,1.302,1.0,2.4073268406156015e-16,jump,357,5.271,2938,hst,1,2.619
add32,4960,19848,8,0.01,17,False,400,256,0.071084,0.06865,0.097819,0.702,0.727,1.0,0.088782,0.076972,0.924,0.892,,0.06865,hst,0.801,1.035,0.773,1.035,1.0,1.834572946307244e-16,jump,399,2.722,3056,hst,1,3.133
add32,4960,19848,8,0.01,18,False,400,256,0.070933,0.067917,0.094635,0.718,0.75,1.0,0.089076,0.077102,0.92,0.881,,0.067917,hst,0.796,1.044,0.762,1.044,1.0,3.8969112366871195e-16,jump,399,2.844,3071,hst,1,3.134
add32,4960,19848,8,0.01,19,False,400,256,0.070931,0.067507,0.097373,0.693,0.728,1.0,0.087377,0.075694,0.937,0.892,,0.067507,hst,0.812,1.051,0.773,1.051,1.0,1.440904858629578e-16,jump,398,2.672,3044,hst,1,3.029
add32,4960,19848,8,0.01,20,False,400,256,0.070989,0.067335,0.095909,0.702,0.74,1.0,0.088038,0.07619,0.932,0.884,,0.067335,hst,0.806,1.054,0.765,1.054,1.0,1.9189147112235067e-16,jump,399,3.356,3011,hst,1,3.122
add32,4960,19848,8,0.01,21,False,400,256,0.072812,0.068004,0.096836,0.702,0.752,1.0,0.08899,0.076511,0.952,0.889,,0.068004,hst,0.818,1.071,0.764,1.071,1.0,2.4073268406156015e-16,jump,399,1.825,2970,hst,1,3.208
add32,4960,19848,8,0.05,17,False,400,256,0.071636,0.076918,0.156606,0.491,0.457,1.0,0.099353,0.085885,0.834,0.834,,0.071636,delta_baseline,0.721,1.0,0.721,1.0,1.074,1.834572946307244e-16,jump,399,5.112,3224,hst,1,4.013
add32,4960,19848,8,0.05,18,False,400,256,0.071305,0.077587,0.157211,0.494,0.454,1.0,0.099358,0.085974,0.829,0.829,,0.071305,delta_baseline,0.718,1.0,0.718,1.0,1.088,3.8969112366871195e-16,jump,399,3.562,2991,hst,1,4.018
add32,4960,19848,8,0.05,19,False,400,256,0.072015,0.077061,0.154755,0.498,0.465,1.0,0.098391,0.085079,0.846,0.846,,0.072015,delta_baseline,0.732,1.0,0.732,1.0,1.07,1.440904858629578e-16,jump,399,2.861,3082,hst,1,3.882
add32,4960,19848,8,0.05,20,False,400,256,0.07081,0.077419,0.157168,0.493,0.451,1.0,0.100108,0.086461,0.819,0.819,,0.07081,delta_baseline,0.707,1.0,0.707,1.0,1.093,1.9189147112235067e-16,jump,399,4.332,3003,hst,1,4.03
add32,4960,19848,8,0.05,21,False,400,256,0.071425,0.077191,0.155475,0.496,0.459,1.0,0.099241,0.085918,0.831,0.831,,0.071425,delta_baseline,0.72,1.0,0.72,1.0,1.081,2.4073268406156015e-16,jump,399,2.154,2985,hst,1,3.944
add32,4960,19848,8,0.25,17,False,400,256,0.071764,0.085025,0.352786,0.241,0.203,1.0,0.091167,0.075787,0.947,0.947,,0.071764,delta_baseline,0.787,1.0,0.787,1.0,1.185,1.834572946307244e-16,jump,399,5.493,3061,delta_baseline,0,4.486
add32,4960,19848,8,0.25,18,False,400,256,0.071885,0.084804,0.352897,0.24,0.204,1.0,0.091473,0.076076,0.945,0.945,,0.071885,delta_baseline,0.786,1.0,0.786,1.0,1.18,3.8969112366871195e-16,jump,399,3.708,3086,delta_baseline,0,4.453
add32,4960,19848,8,0.25,19,False,400,256,0.071978,0.084291,0.351696,0.24,0.205,1.0,0.092049,0.076326,0.943,0.943,,0.071978,delta_baseline,0.782,1.0,0.782,1.0,1.171,1.440904858629578e-16,jump,399,3.204,3153,delta_baseline,0,4.538
add32,4960,19848,8,0.25,20,False,400,256,0.071824,0.084925,0.351231,0.242,0.204,1.0,0.091431,0.076029,0.945,0.945,,0.071824,delta_baseline,0.786,1.0,0.786,1.0,1.182,1.9189147112235067e-16,jump,399,6.357,3191,delta_baseline,0,4.506
add32,4960,19848,8,0.25,21,False,400,256,0.071443,0.084786,0.350989,0.242,0.204,1.0,0.09145,0.075921,0.941,0.941,,0.071443,delta_baseline,0.781,1.0,0.781,1.0,1.187,2.4073268406156015e-16,jump,399,1.0,3128,delta_baseline,0,4.459
circuit_3,12127,48137,8,0.0,17,False,400,256,0.022894,0.039593,0.036497,1.085,0.627,1.0,0.024268,0.023445,0.976,0.976,,0.022894,delta_baseline,0.943,1.0,0.943,1.0,1.729,6.734179160610594e-16,jump,0,1.0,6334,delta_baseline,0,0.0
circuit_3,12127,48137,8,0.0,18,False,400,256,0.022494,0.040138,0.036512,1.099,0.616,1.0,0.023899,0.023111,0.973,0.973,,0.022494,delta_baseline,0.941,1.0,0.941,1.0,1.784,6.734177751265342e-16,jump,0,1.0,6359,delta_baseline,0,0.0
circuit_3,12127,48137,8,0.0,19,False,400,256,0.023538,0.0411,0.037893,1.085,0.621,1.0,0.024918,0.023882,0.986,0.986,,0.023538,delta_baseline,0.945,1.0,0.945,1.0,1.746,1.38110199246993e-16,jump,0,1.0,6690,delta_baseline,0,0.0
circuit_3,12127,48137,8,0.0,20,False,400,256,0.022491,0.040572,0.036548,1.11,0.615,1.0,0.023821,0.023038,0.976,0.976,,0.022491,delta_baseline,0.944,1.0,0.944,1.0,1.804,7.407593410861525e-16,jump,0,1.0,6362,delta_baseline,0,0.0
circuit_3,12127,48137,8,0.0,21,False,400,256,0.022406,0.045153,0.039725,1.137,0.564,1.0,0.024305,0.02336,0.959,0.959,,0.022406,delta_baseline,0.922,1.0,0.922,1.0,2.015,6.413984212090423e-16,jump,0,1.0,6968,delta_baseline,0,0.0
circuit_3,12127,48137,8,0.002,17,False,400,256,0.076921,0.074328,0.081261,0.915,0.947,1.0,0.102038,0.079497,0.968,0.935,,0.074328,hst,0.754,1.035,0.728,1.035,1.0,6.734179160610594e-16,jump,389,6.295,3461,hst,1,4.451
circuit_3,12127,48137,8,0.002,18,False,400,256,0.142963,0.077683,0.093978,0.827,1.521,1.0,0.120987,0.086305,1.656,0.9,91,0.077683,hst,1.182,1.84,0.642,1.84,1.0,6.734177751265342e-16,jump,383,3.262,3215,hst,1,5.156
circuit_3,12127,48137,8,0.002,19,False,400,256,0.356306,0.092943,0.126707,0.734,2.812,1.0,0.118704,0.100619,3.541,0.924,10,0.092943,hst,3.002,3.834,0.783,3.834,1.0,1.38110199246993e-16,jump,384,3.286,7707,hst,1,2.436
circuit_3,12127,48137,8,0.002,20,False,400,256,0.123444,0.077674,0.087705,0.886,1.407,1.0,0.1217,0.086728,1.423,0.896,141,0.077674,hst,1.014,1.589,0.638,1.589,1.0,7.407593410861525e-16,jump,388,1.991,3090,hst,1,5.181
circuit_3,12127,48137,8,0.002,21,False,400,256,0.085817,0.096855,0.126087,0.768,0.681,1.0,0.135338,0.104485,0.821,0.821,,0.085817,delta_baseline,0.634,1.0,0.634,1.0,1.129,6.413984212090423e-16,jump,387,3.289,7498,hst,1,5.412
circuit_3,12127,48137,8,0.01,17,False,400,256,0.071311,0.091358,0.118341,0.772,0.603,1.0,0.121629,0.101999,0.699,0.699,,0.071311,delta_baseline,0.586,1.0,0.586,1.0,1.281,6.734179160610594e-16,jump,399,5.14,3453,hst,1,4.715
circuit_3,12127,48137,8,0.01,18,False,400,256,0.07628,0.090132,0.117581,0.767,0.649,1.0,0.125366,0.097099,0.786,0.786,,0.07628,delta_baseline,0.608,1.0,0.608,1.0,1.182,6.734177751265342e-16,jump,399,6.357,3486,hst,1,5.237
circuit_3,12127,48137,8,0.01,19,False,400,256,0.101346,0.093069,0.1407,0.661,0.72,1.0,0.1081,0.100578,1.008,0.925,1182,0.093069,hst,0.938,1.089,0.861,1.089,1.0,1.38110199246993e-16,jump,399,4.365,3372,hst,1,0.908
circuit_3,12127,48137,8,0.01,20,False,400,256,0.072271,0.09007,0.116029,0.776,0.623,1.0,0.120831,0.100091,0.722,0.722,,0.072271,delta_baseline,0.598,1.0,0.598,1.0,1.246,7.407593410861525e-16,jump,399,5.639,3296,hst,1,4.818
circuit_3,12127,48137,8,0.01,21,False,400,256,0.153001,0.104745,0.164825,0.635,0.928,1.0,0.15569,0.119028,1.285,0.88,172,0.104745,hst,0.983,1.461,0.673,1.461,1.0,6.413984212090423e-16,jump,399,6.328,7723,hst,1,5.833
circuit_3,12127,48137,8,0.05,17,False,400,256,0.080306,0.104224,0.202098,0.516,0.397,1.0,0.136321,0.111768,0.719,0.719,,0.080306,delta_baseline,0.589,1.0,0.589,1.0,1.298,6.734179160610594e-16,jump,399,1.468,3436,hst,1,5.726
circuit_3,12127,48137,8,0.05,18,False,400,256,0.077096,0.1118,0.219198,0.51,0.352,1.0,0.135465,0.118223,0.652,0.652,,0.077096,delta_baseline,0.569,1.0,0.569,1.0,1.45,6.734177751265342e-16,jump,399,1.758,3337,hst,1,5.226
circuit_3,12127,48137,8,0.05,19,False,400,256,0.093607,0.107232,0.205169,0.523,0.456,1.0,0.153291,0.114487,0.818,0.818,,0.093607,delta_baseline,0.611,1.0,0.611,1.0,1.146,1.38110199246993e-16,jump,399,6.563,3439,hst,1,6.377
circuit_3,12127,48137,8,0.05,20,False,400,256,0.069814,0.104805,0.196384,0.534,0.356,1.0,0.137022,0.114973,0.607,0.607,,0.069814,delta_baseline,0.51,1.0,0.51,1.0,1.501,7.407593410861525e-16,jump,399,4.956,3419,hst,1,5.704
circuit_3,12127,48137,8,0.05,21,False,400,256,0.132996,0.109629,0.213857,0.513,0.622,1.0,0.145159,0.118614,1.121,0.924,431,0.109629,hst,0.916,1.213,0.755,1.213,1.0,6.413984212090423e-16,jump,399,4.406,7668,hst,1,6.192
circuit_3,12127,48137,8,0.25,17,False,400,256,0.06765,0.114354,0.468187,0.244,0.144,1.0,0.092024,0.069649,0.971,0.971,,0.06765,delta_baseline,0.735,1.0,0.735,1.0,1.69,6.734179160610594e-16,jump,399,5.79,7621,delta_baseline,0,5.77
circuit_3,12127,48137,8,0.25,18,False,400,256,0.078482,0.116578,0.458898,0.254,0.171,1.0,0.142838,0.122301,0.642,0.642,,0.078482,delta_baseline,0.549,1.0,0.549,1.0,1.485,6.734177751265342e-16,jump,399,3.923,3343,hst,1,5.733
circuit_3,12127,48137,8,0.25,19,False,400,256,0.075835,0.117655,0.457434,0.257,0.166,1.0,0.148936,0.126494,0.6,0.6,,0.075835,delta_baseline,0.509,1.0,0.509,1.0,1.551,1.38110199246993e-16,jump,399,1.0,3410,hst,1,6.336
circuit_3,12127,48137,8,0.25,20,False,400,256,0.071981,0.115282,0.458609,0.251,0.157,1.0,0.095248,0.076114,0.946,0.946,,0.071981,delta_baseline,0.756,1.0,0.756,1.0,1.602,7.407593410861525e-16,jump,399,1.834,3506,delta_baseline,0,5.709
circuit_3,12127,48137,8,0.25,21,False,400,256,0.067533,0.114071,0.437815,0.261,0.154,1.0,0.090417,0.067848,0.995,0.995,,0.067533,delta_baseline,0.747,1.0,0.747,1.0,1.689,6.413984212090423e-16,jump,399,2.868,3445,delta_baseline,0,5.86
rajat03,7602,32653,8,0.0,17,False,400,256,0.006492,0.021448,0.018618,1.152,0.349,1.0,0.007737,0.007403,0.877,0.877,,0.006492,delta_baseline,0.839,1.0,0.839,1.0,3.304,1.5389215321852664e-16,jump,0,1.0,1007,delta_baseline,0,0.0
rajat03,7602,32653,8,0.0,18,False,400,256,0.006179,0.019273,0.016884,1.142,0.366,1.0,0.007499,0.007192,0.859,0.859,,0.006179,delta_baseline,0.824,1.0,0.824,1.0,3.119,1.5443765292083486e-16,jump,0,1.0,821,delta_baseline,0,0.0
rajat03,7602,32653,8,0.0,19,False,400,256,0.005928,0.017883,0.015718,1.138,0.377,1.0,0.007313,0.006999,0.847,0.847,,0.005928,delta_baseline,0.811,1.0,0.811,1.0,3.017,1.5991248545154193e-16,jump,0,1.0,655,delta_baseline,0,0.0
rajat03,7602,32653,8,0.0,20,False,400,256,0.006262,0.020136,0.017428,1.155,0.359,1.0,0.007613,0.007314,0.856,0.856,,0.006262,delta_baseline,0.823,1.0,0.823,1.0,3.215,1.538921533552159e-16,jump,0,1.0,911,delta_baseline,0,0.0
rajat03,7602,32653,8,0.0,21,False,400,256,0.006155,0.019725,0.017347,1.137,0.355,1.0,0.007431,0.00712,0.864,0.864,,0.006155,delta_baseline,0.828,1.0,0.828,1.0,3.205,1.5389215543573844e-16,jump,0,1.0,850,delta_baseline,0,0.0
rajat03,7602,32653,8,0.002,17,False,400,256,0.07346,0.068045,0.079003,0.861,0.93,1.0,0.089017,0.07502,0.979,0.907,,0.068045,hst,0.825,1.08,0.764,1.08,1.0,1.5389215321852664e-16,jump,365,6.075,4139,hst,1,3.302
rajat03,7602,32653,8,0.002,18,False,400,256,0.071883,0.065417,0.076373,0.857,0.941,1.0,0.086617,0.074291,0.968,0.881,,0.065417,hst,0.83,1.099,0.755,1.099,1.0,1.5443765292083486e-16,jump,372,6.094,4260,hst,1,3.058
rajat03,7602,32653,8,0.002,19,False,400,256,0.072299,0.064318,0.076469,0.841,0.945,1.0,0.08643,0.0736,0.982,0.874,,0.064318,hst,0.837,1.124,0.744,1.124,1.0,1.5991248545154193e-16,jump,377,6.349,4046,hst,1,3.131
rajat03,7602,32653,8,0.002,20,False,400,256,0.068503,0.065964,0.083668,0.788,0.819,1.0,0.086954,0.074638,0.918,0.884,,0.065964,hst,0.788,1.038,0.759,1.038,1.0,1.538921533552159e-16,jump,364,6.111,4145,hst,1,3.133
rajat03,7602,32653,8,0.002,21,False,400,256,0.073326,0.06539,0.075548,0.866,0.971,1.0,0.086463,0.074093,0.99,0.883,,0.06539,hst,0.848,1.121,0.756,1.121,1.0,1.5389215543573844e-16,jump,367,6.292,4064,hst,1,3.181
rajat03,7602,32653,8,0.01,17,False,400,256,0.075407,0.082264,0.128678,0.639,0.586,1.0,0.107879,0.094385,0.799,0.799,,0.075407,delta_baseline,0.699,1.0,0.699,1.0,1.091,1.5389215321852664e-16,jump,399,3.583,4722,hst,1,3.782
rajat03,7602,32653,8,0.01,18,False,400,256,0.07105,0.080654,0.125245,0.644,0.567,1.0,0.105231,0.091705,0.775,0.775,,0.07105,delta_baseline,0.675,1.0,0.675,1.0,1.135,1.5443765292083486e-16,jump,399,3.347,4625,hst,1,3.607
rajat03,7602,32653,8,0.01,19,False,400,256,0.070337,0.081651,0.123487,0.661,0.57,1.0,0.104033,0.092307,0.762,0.762,,0.070337,delta_baseline,0.676,1.0,0.676,1.0,1.161,1.5991248545154193e-16,jump,399,2.637,4422,hst,1,3.428
rajat03,7602,32653,8,0.01,20,False,400,256,0.078023,0.09435,0.125114,0.754,0.624,1.0,0.113106,0.101797,0.766,0.766,,0.078023,delta_baseline,0.69,1.0,0.69,1.0,1.209,1.538921533552159e-16,jump,399,4.017,4430,hst,1,3.632
rajat03,7602,32653,8,0.01,21,False,400,256,0.070477,0.086666,0.124515,0.696,0.566,1.0,0.104114,0.092014,0.766,0.766,,0.070477,delta_baseline,0.677,1.0,0.677,1.0,1.23,1.5389215543573844e-16,jump,399,2.926,4472,hst,1,3.576
rajat03,7602,32653,8,0.05,17,False,400,256,0.075397,0.0983,0.200842,0.489,0.375,1.0,0.115244,0.100105,0.753,0.753,,0.075397,delta_baseline,0.654,1.0,0.654,1.0,1.304,1.5389215321852664e-16,jump,399,3.127,4447,hst,1,4.495
rajat03,7602,32653,8,0.05,18,False,400,256,0.075054,0.090265,0.204165,0.442,0.368,1.0,0.118836,0.103667,0.724,0.724,,0.075054,delta_baseline,0.632,1.0,0.632,1.0,1.203,1.5443765292083486e-16,jump,399,2.789,4510,hst,1,4.448
rajat03,7602,32653,8,0.05,19,False,400,256,0.074688,0.097228,0.204817,0.475,0.365,1.0,0.092729,0.077376,0.965,0.965,,0.074688,delta_baseline,0.805,1.0,0.805,1.0,1.302,1.5991248545154193e-16,jump,399,1.0,4463,delta_baseline,0,4.495
rajat03,7602,32653,8,0.05,20,False,400,256,0.077961,0.095426,0.202325,0.472,0.385,1.0,0.116463,0.101788,0.766,0.766,,0.077961,delta_baseline,0.669,1.0,0.669,1.0,1.224,1.538921533552159e-16,jump,399,2.097,4433,hst,1,4.535
rajat03,7602,32653,8,0.05,21,False,400,256,0.078245,0.0967,0.202853,0.477,0.386,1.0,0.098102,0.08337,0.939,0.939,,0.078245,delta_baseline,0.798,1.0,0.798,1.0,1.236,1.5389215543573844e-16,jump,399,2.229,4467,delta_baseline,0,4.454
rajat03,7602,32653,8,0.25,17,False,400,256,0.074033,0.098578,0.511201,0.193,0.145,1.0,0.095654,0.079102,0.936,0.936,,0.074033,delta_baseline,0.774,1.0,0.774,1.0,1.332,1.5389215321852664e-16,jump,399,3.38,4398,delta_baseline,0,5.06
rajat03,7602,32653,8,0.25,18,False,400,256,0.075638,0.098688,0.510754,0.193,0.148,1.0,0.096332,0.079502,0.951,0.951,,0.075638,delta_baseline,0.785,1.0,0.785,1.0,1.305,1.5443765292083486e-16,jump,399,4.937,4434,delta_baseline,0,5.019
rajat03,7602,32653,8,0.25,19,False,400,256,0.075815,0.098646,0.509166,0.194,0.149,1.0,0.097839,0.080232,0.945,0.945,,0.075815,delta_baseline,0.775,1.0,0.775,1.0,1.301,1.5991248545154193e-16,jump,399,4.361,4543,delta_baseline,0,5.155
rajat03,7602,32653,8,0.25,20,False,400,256,0.076388,0.100595,0.51262,0.196,0.149,1.0,0.099158,0.082082,0.931,0.931,,0.076388,delta_baseline,0.77,1.0,0.77,1.0,1.317,1.538921533552159e-16,jump,399,1.0,4524,delta_baseline,0,5.156
rajat03,7602,32653,8,0.25,21,False,400,256,0.074951,0.098759,0.509741,0.194,0.147,1.0,0.09725,0.080381,0.932,0.932,,0.074951,delta_baseline,0.771,1.0,0.771,1.0,1.318,1.5389215543573844e-16,jump,399,5.782,4552,delta_baseline,0,5.165
bcsstk18,11948,149090,8,0.0,17,False,400,256,0.010091,0.029827,0.025021,1.192,0.403,1.0,0.011458,0.010745,0.939,0.939,,0.010091,delta_baseline,0.881,1.0,0.881,1.0,2.956,8.625236741385534e-17,jump,0,1.0,1010,delta_baseline,0,0.0
bcsstk18,11948,149090,8,0.0,18,False,400,256,0.009784,0.029766,0.024987,1.191,0.392,1.0,0.011543,0.010824,0.904,0.904,,0.009784,delta_baseline,0.848,1.0,0.848,1.0,3.042,1.7955529896133775e-16,jump,0,1.0,1131,delta_baseline,0,0.0
bcsstk18,11948,149090,8,0.0,19,False,400,256,0.008896,0.027514,0.023814,1.155,0.374,1.0,0.010316,0.009691,0.918,0.918,,0.008896,delta_baseline,0.862,1.0,0.862,1.0,3.093,1.3804959837172369e-16,jump,0,1.0,1151,delta_baseline,0,0.0
bcsstk18,11948,149090,8,0.0,20,False,400,256,0.008907,0.027941,0.023676,1.18,0.376,1.0,0.010496,0.009871,0.902,0.902,,0.008907,delta_baseline,0.849,1.0,0.849,1.0,3.137,2.057824038214574e-16,jump,0,1.0,1194,delta_baseline,0,0.0
bcsstk18,11948,149090,8,0.0,21,False,400,256,0.009383,0.027367,0.023632,1.158,0.397,1.0,0.010782,0.010105,0.929,0.929,,0.009383,delta_baseline,0.87,1.0,0.87,1.0,2.917,3.703333649681202e-16,jump,0,1.0,918,delta_baseline,0,0.0
bcsstk18,11948,149090,8,0.002,17,False,400,256,0.211296,0.127183,0.142574,0.892,1.482,1.0,0.16069,0.136843,1.544,0.929,62,0.127183,hst,1.315,1.661,0.791,1.661,1.0,8.625236741385534e-17,jump,389,4.374,6786,hst,1,4.608
bcsstk18,11948,149090,8,0.002,18,False,400,256,0.213638,0.128525,0.144499,0.889,1.478,1.0,0.16319,0.139859,1.528,0.919,62,0.128525,hst,1.309,1.662,0.788,1.662,1.0,1.7955529896133775e-16,jump,388,4.384,6647,hst,1,4.606
bcsstk18,11948,149090,8,0.002,19,False,400,256,0.194208,0.124473,0.14633,0.851,1.327,1.0,0.15751,0.13757,1.412,0.905,78,0.124473,hst,1.233,1.56,0.79,1.56,1.0,1.3804959837172369e-16,jump,390,4.334,7023,hst,1,4.421
bcsstk18,11948,149090,8,0.002,20,False,400,256,0.186785,0.124456,0.138698,0.897,1.347,1.0,0.157165,0.137,1.363,0.908,91,0.124456,hst,1.188,1.501,0.792,1.501,1.0,2.057824038214574e-16,jump,375,4.173,7031,hst,1,4.545
bcsstk18,11948,149090,8,0.002,21,False,400,256,0.210451,0.12529,0.143208,0.875,1.47,1.0,0.160438,0.138957,1.515,0.902,61,0.12529,hst,1.312,1.68,0.781,1.68,1.0,3.703333649681202e-16,jump,385,4.231,6834,hst,1,4.394
bcsstk18,11948,149090,8,0.01,17,False,400,256,0.196894,0.1611,0.224441,0.718,0.877,1.0,0.19696,0.175138,1.124,0.92,245,0.1611,hst,1.0,1.222,0.818,1.222,1.0,8.625236741385534e-17,jump,399,1.95,7378,hst,1,5.325
bcsstk18,11948,149090,8,0.01,18,False,400,256,0.191768,0.158345,0.229623,0.69,0.835,1.0,0.196171,0.174122,1.101,0.909,305,0.158345,hst,0.978,1.211,0.807,1.211,1.0,1.7955529896133775e-16,jump,399,1.847,7253,hst,1,5.375
bcsstk18,11948,149090,8,0.01,19,False,400,256,0.188346,0.160061,0.228242,0.701,0.825,1.0,0.195936,0.176636,1.066,0.906,457,0.160061,hst,0.961,1.177,0.817,1.177,1.0,1.3804959837172369e-16,jump,399,5.585,7325,hst,1,5.357
bcsstk18,11948,149090,8,0.01,20,False,400,256,0.186277,0.158721,0.230081,0.69,0.81,1.0,0.192986,0.173694,1.072,0.914,419,0.158721,hst,0.965,1.174,0.822,1.174,1.0,2.057824038214574e-16,jump,399,1.0,7402,hst,1,5.275
bcsstk18,11948,149090,8,0.01,21,False,400,256,0.189096,0.157368,0.228029,0.69,0.829,1.0,0.194984,0.174111,1.086,0.904,356,0.157368,hst,0.97,1.202,0.807,1.202,1.0,3.703333649681202e-16,jump,399,1.668,7356,hst,1,5.338
bcsstk18,11948,149090,8,0.05,17,False,400,256,0.187251,0.179698,0.376021,0.478,0.498,1.0,0.21741,0.192948,0.97,0.931,,0.179698,hst,0.861,1.042,0.827,1.042,1.0,8.625236741385534e-17,jump,399,1.213,7481,hst,1,7.167
bcsstk18,11948,149090,8,0.05,18,False,400,256,0.186859,0.180968,0.377918,0.479,0.494,1.0,0.216906,0.19334,0.966,0.936,,0.180968,hst,0.861,1.033,0.834,1.033,1.0,1.7955529896133775e-16,jump,399,1.0,7240,hst,1,7.131
bcsstk18,11948,149090,8,0.05,19,False,400,256,0.180115,0.185145,0.382926,0.484,0.47,1.0,0.214451,0.192933,0.934,0.934,,0.180115,delta_baseline,0.84,1.0,0.84,1.0,1.028,1.3804959837172369e-16,jump,399,1.988,7576,hst,1,7.12
bcsstk18,11948,149090,8,0.05,20,False,400,256,0.181992,0.180751,0.376561,0.48,0.483,1.0,0.21521,0.19292,0.943,0.937,,0.180751,hst,0.846,1.007,0.84,1.007,1.0,2.057824038214574e-16,jump,399,1.0,7535,hst,1,7.213
bcsstk18,11948,149090,8,0.05,21,False,400,256,0.187125,0.182605,0.376379,0.485,0.497,1.0,0.216143,0.193914,0.965,0.942,,0.182605,hst,0.866,1.025,0.845,1.025,1.0,3.703333649681202e-16,jump,399,1.445,7475,hst,1,7.126
bcsstk18,11948,149090,8,0.25,17,False,400,256,0.18317,0.192433,0.989034,0.195,0.185,1.0,0.226619,0.20254,0.904,0.904,,0.18317,delta_baseline,0.808,1.0,0.808,1.0,1.051,8.625236741385534e-17,jump,399,1.852,7419,hst,1,8.372
bcsstk18,11948,149090,8,0.25,18,False,400,256,0.18528,0.193863,0.979317,0.198,0.189,1.0,0.225653,0.201804,0.918,0.918,,0.18528,delta_baseline,0.821,1.0,0.821,1.0,1.046,1.7955529896133775e-16,jump,399,1.0,7393,hst,1,8.327
bcsstk18,11948,149090,8,0.25,19,False,400,256,0.183271,0.190745,0.977621,0.195,0.187,1.0,0.226334,0.202385,0.906,0.906,,0.183271,delta_baseline,0.81,1.0,0.81,1.0,1.041,1.3804959837172369e-16,jump,399,3.639,7600,hst,1,8.383
bcsstk18,11948,149090,8,0.25,20,False,400,256,0.183483,0.195697,0.99286,0.197,0.185,1.0,0.229217,0.203878,0.9,0.9,,0.183483,delta_baseline,0.8,1.0,0.8,1.0,1.067,2.057824038214574e-16,jump,399,5.537,7699,hst,1,8.75
bcsstk18,11948,149090,8,0.25,21,False,400,256,0.183538,0.193112,0.979565,0.197,0.187,1.0,0.228569,0.204402,0.898,0.898,,0.183538,delta_baseline,0.803,1.0,0.803,1.0,1.052,3.703333649681202e-16,jump,399,1.0,7471,hst,1,8.427
bcsstk25,15439,252241,8,0.0,17,False,400,256,0.011625,0.031858,0.027644,1.152,0.421,1.0,0.013548,0.012771,0.91,0.91,,0.011625,delta_baseline,0.858,1.0,0.858,1.0,2.74,1.4310126622262146e-16,jump,0,1.0,978,delta_baseline,0,0.0
bcsstk25,15439,252241,8,0.0,18,False,400,256,0.011212,0.029742,0.025866,1.15,0.433,1.0,0.013192,0.012378,0.906,0.906,,0.011212,delta_baseline,0.85,1.0,0.85,1.0,2.653,2.218697631478781e-16,jump,0,1.0,729,delta_baseline,0,0.0
bcsstk25,15439,252241,8,0.0,19,False,400,256,0.010861,0.037631,0.031238,1.205,0.348,1.0,0.012517,0.011785,0.922,0.922,,0.010861,delta_baseline,0.868,1.0,0.868,1.0,3.465,9.427442670147338e-17,jump,0,1.0,1204,delta_baseline,0,0.0
bcsstk25,15439,252241,8,0.0,20,False,400,256,0.01166,0.02931,0.025181,1.164,0.463,1.0,0.01336,0.012559,0.928,0.928,,0.01166,delta_baseline,0.873,1.0,0.873,1.0,2.514,1.4798782495741104e-16,jump,0,1.0,742,delta_baseline,0,0.0
bcsstk25,15439,252241,8,0.0,21,False,400,256,0.010152,0.034129,0.029482,1.158,0.344,1.0,0.012162,0.011445,0.887,0.887,,0.010152,delta_baseline,0.835,1.0,0.835,1.0,3.362,1.5323971434071406e-16,jump,0,1.0,1192,delta_baseline,0,0.0
bcsstk25,15439,252241,8,0.002,17,False,400,256,0.242872,0.134201,0.162542,0.826,1.494,1.0,0.142331,0.141543,1.716,0.948,7,0.134201,hst,1.706,1.81,0.943,1.81,1.0,1.4310126622262146e-16,jump,394,4.323,8154,hst,1,0.664
bcsstk25,15439,252241,8,0.002,18,False,400,256,0.24062,0.131194,0.154623,0.848,1.556,1.0,0.139032,0.138175,1.741,0.949,6,0.131194,hst,1.731,1.834,0.944,1.834,1.0,2.218697631478781e-16,jump,391,4.688,8038,hst,1,0.647
bcsstk25,15439,252241,8,0.002,19,False,400,256,0.227346,0.140866,0.162859,0.865,1.396,1.0,0.177263,0.153444,1.482,0.918,70,0.140866,hst,1.283,1.614,0.795,1.614,1.0,9.427442670147338e-17,jump,395,4.506,8420,hst,1,5.161
bcsstk25,15439,252241,8,0.002,20,False,400,256,0.244256,0.129573,0.150928,0.859,1.618,1.0,0.141117,0.140251,1.742,0.924,6,0.129573,hst,1.731,1.885,0.918,1.885,1.0,1.4798782495741104e-16,jump,386,4.545,8344,hst,1,0.668
bcsstk25,15439,252241,8,0.002,21,False,400,256,0.227475,0.134468,0.158587,0.848,1.434,1.0,0.170265,0.146925,1.548,0.915,62,0.134468,hst,1.336,1.692,0.79,1.692,1.0,1.5323971434071406e-16,jump,388,4.562,8174,hst,1,5.032
bcsstk25,15439,252241,8,0.01,17,False,400,256,0.228408,0.167963,0.252012,0.666,0.906,1.0,0.20835,0.183703,1.243,0.914,128,0.167963,hst,1.096,1.36,0.806,1.36,1.0,1.4310126622262146e-16,jump,399,3.157,9297,hst,1,5.726
bcsstk25,15439,252241,8,0.01,18,False,400,256,0.225836,0.167405,0.244481,0.685,0.924,1.0,0.207284,0.182959,1.234,0.915,130,0.167405,hst,1.089,1.349,0.808,1.349,1.0,2.218697631478781e-16,jump,399,2.602,9171,hst,1,5.592
bcsstk25,15439,252241,8,0.01,19,False,400,256,0.220479,0.170458,0.254398,0.67,0.867,1.0,0.20837,0.185119,1.191,0.921,171,0.170458,hst,1.058,1.293,0.818,1.293,1.0,9.427442670147338e-17,jump,399,2.422,8953,hst,1,6.035
bcsstk25,15439,252241,8,0.01,20,False,400,256,0.233101,0.169303,0.254736,0.665,0.915,1.0,0.210513,0.185768,1.255,0.911,121,0.169303,hst,1.107,1.377,0.804,1.377,1.0,1.4798782495741104e-16,jump,399,2.344,9176,hst,1,5.724
bcsstk25,15439,252241,8,0.01,21,False,400,256,0.222834,0.168965,0.253655,0.666,0.878,1.0,0.207931,0.185771,1.2,0.91,159,0.168965,hst,1.072,1.319,0.813,1.319,1.0,1.5323971434071406e-16,jump,399,2.542,9035,hst,1,5.882
bcsstk25,15439,252241,8,0.05,17,False,400,256,0.218923,0.190917,0.408311,0.468,0.536,1.0,0.229451,0.203091,1.078,0.94,487,0.190917,hst,0.954,1.147,0.832,1.147,1.0,1.4310126622262146e-16,jump,399,3.632,8959,hst,1,7.704
bcsstk25,15439,252241,8,0.05,18,False,400,256,0.218906,0.191402,0.411747,0.465,0.532,1.0,0.229325,0.203162,1.077,0.942,481,0.191402,hst,0.955,1.144,0.835,1.144,1.0,2.218697631478781e-16,jump,399,3.183,8911,hst,1,7.578
bcsstk25,15439,252241,8,0.05,19,False,400,256,0.215002,0.19069,0.407644,0.468,0.527,1.0,0.228697,0.20291,1.06,0.94,651,0.19069,hst,0.94,1.127,0.834,1.127,1.0,9.427442670147338e-17,jump,399,2.823,9089,hst,1,7.874
bcsstk25,15439,252241,8,0.05,20,False,400,256,0.220153,0.188544,0.40792,0.462,0.54,1.0,0.228683,0.202365,1.088,0.932,429,0.188544,hst,0.963,1.168,0.824,1.168,1.0,1.4798782495741104e-16,jump,399,2.304,8959,hst,1,7.638
bcsstk25,15439,252241,8,0.05,21,False,400,256,0.213951,0.189973,0.408054,0.466,0.524,1.0,0.227024,0.202484,1.057,0.938,674,0.189973,hst,0.942,1.126,0.837,1.126,1.0,1.5323971434071406e-16,jump,399,4.006,8928,hst,1,7.726
bcsstk25,15439,252241,8,0.25,17,False,400,256,0.215714,0.203971,1.048769,0.194,0.206,1.0,0.241526,0.213963,1.008,0.953,5229,0.203971,hst,0.893,1.058,0.845,1.058,1.0,1.4310126622262146e-16,jump,399,4.842,9044,hst,1,9.155
bcsstk25,15439,252241,8,0.25,18,False,400,256,0.213477,0.204423,1.054866,0.194,0.202,1.0,0.242713,0.215019,0.993,0.951,,0.204423,hst,0.88,1.044,0.842,1.044,1.0,2.218697631478781e-16,jump,399,2.665,9198,hst,1,9.261
bcsstk25,15439,252241,8,0.25,19,False,400,256,0.213445,0.2055,1.056988,0.194,0.202,1.0,0.243699,0.215283,0.991,0.955,,0.2055,hst,0.876,1.039,0.843,1.039,1.0,9.427442670147338e-17,jump,399,4.279,9130,hst,1,9.482
bcsstk25,15439,252241,8,0.25,20,False,400,256,0.215223,0.203284,1.05122,0.193,0.205,1.0,0.242433,0.215122,1.0,0.945,90461,0.203284,hst,0.888,1.059,0.839,1.059,1.0,1.4798782495741104e-16,jump,399,1.0,9184,hst,1,9.154
bcsstk25,15439,252241,8,0.25,21,False,400,256,0.213957,0.204167,1.05198,0.194,0.203,1.0,0.242202,0.215132,0.995,0.949,,0.204167,hst,0.883,1.048,0.843,1.048,1.0,1.5323971434071406e-16,jump,399,3.838,9100,hst,1,9.27
msc10848,10848,1229776,8,0.0,17,False,400,256,0.048777,0.095369,0.089038,1.071,0.548,1.0,0.050035,0.046359,1.052,1.052,0,0.048777,delta_baseline,0.975,1.0,0.975,1.0,1.955,3.632031213502581e-16,jump,0,1.0,3609,delta_baseline,0,0.0
msc10848,10848,1229776,8,0.0,18,False,400,256,0.053586,0.086429,0.079783,1.083,0.672,1.0,0.055358,0.051209,1.046,1.046,0,0.053586,delta_baseline,0.968,1.0,0.968,1.0,1.613,6.160502327889403e-16,jump,0,1.0,2700,delta_baseline,0,0.0
msc10848,10848,1229776,8,0.0,19,False,400,256,0.051968,0.094472,0.087791,1.076,0.592,1.0,0.053169,0.049071,1.059,1.059,0,0.051968,delta_baseline,0.977,1.0,0.977,1.0,1.818,4.460432847857754e-16,jump,0,1.0,3738,delta_baseline,0,0.0
msc10848,10848,1229776,8,0.0,20,False,400,256,0.051222,0.096001,0.08863,1.083,0.578,1.0,0.053291,0.049259,1.04,1.04,0,0.051222,delta_baseline,0.961,1.0,0.961,1.0,1.874,3.2856469467467963e-16,jump,0,1.0,3195,delta_baseline,0,0.0
msc10848,10848,1229776,8,0.0,21,False,400,256,0.048468,0.097824,0.092302,1.06,0.525,1.0,0.050158,0.046257,1.048,1.048,0,0.048468,delta_baseline,0.966,1.0,0.966,1.0,2.018,5.305500907434564e-16,jump,0,1.0,4146,delta_baseline,0,0.0
msc10848,10848,1229776,8,0.002,17,False,400,256,1.562233,0.310364,0.419173,0.74,3.727,1.0,0.33417,0.31922,4.894,0.972,1,0.310364,hst,4.675,5.034,0.929,5.034,1.0,3.632031213502581e-16,jump,387,3.124,10341,hst,1,1.342
msc10848,10848,1229776,8,0.002,18,False,400,256,1.642019,0.306134,0.383633,0.798,4.28,1.0,0.332615,0.314879,5.215,0.972,1,0.306134,hst,4.937,5.364,0.92,5.364,1.0,6.160502327889403e-16,jump,381,3.094,10434,hst,1,1.348
msc10848,10848,1229776,8,0.002,19,False,400,256,1.616417,0.306184,0.405894,0.754,3.982,1.0,0.336164,0.319391,5.061,0.959,1,0.306184,hst,4.808,5.279,0.911,5.279,1.0,4.460432847857754e-16,jump,382,2.986,10356,hst,1,1.387
msc10848,10848,1229776,8,0.002,20,False,400,256,1.647283,0.308061,0.419217,0.735,3.929,1.0,0.34197,0.325082,5.067,0.948,1,0.308061,hst,4.817,5.347,0.901,5.347,1.0,3.2856469467467963e-16,jump,387,3.267,10443,hst,1,1.413
msc10848,10848,1229776,8,0.002,21,False,400,256,1.555124,0.296872,0.405958,0.731,3.831,1.0,0.330765,0.314754,4.941,0.943,1,0.296872,hst,4.702,5.238,0.898,5.238,1.0,5.305500907434564e-16,jump,386,3.11,10293,hst,1,1.394
msc10848,10848,1229776,8,0.01,17,False,400,256,1.598221,0.382842,0.659091,0.581,2.425,1.0,0.412124,0.400236,3.993,0.957,1,0.382842,hst,3.878,4.175,0.929,4.175,1.0,3.632031213502581e-16,jump,399,4.895,10554,hst,1,1.422
msc10848,10848,1229776,8,0.01,18,False,400,256,1.610742,0.373003,0.629092,0.593,2.56,1.0,0.411342,0.396657,4.061,0.94,1,0.373003,hst,3.916,4.318,0.907,4.318,1.0,6.160502327889403e-16,jump,399,4.431,10623,hst,1,1.405
msc10848,10848,1229776,8,0.01,19,False,400,256,1.597952,0.366129,0.644167,0.568,2.481,1.0,0.404446,0.390257,4.095,0.938,1,0.366129,hst,3.951,4.364,0.905,4.364,1.0,4.460432847857754e-16,jump,399,4.793,10575,hst,1,1.407
msc10848,10848,1229776,8,0.01,20,False,400,256,1.558376,0.373028,0.644684,0.579,2.417,1.0,0.411407,0.396344,3.932,0.941,1,0.373028,hst,3.788,4.178,0.907,4.178,1.0,3.2856469467467963e-16,jump,399,4.779,10590,hst,1,1.455
msc10848,10848,1229776,8,0.01,21,False,400,256,1.557598,0.376642,0.628521,0.599,2.478,1.0,0.415969,0.403774,3.858,0.933,1,0.376642,hst,3.745,4.135,0.905,4.135,1.0,5.305500907434564e-16,jump,399,4.437,10626,hst,1,1.449
msc10848,10848,1229776,8,0.05,17,False,400,256,1.570749,0.417805,1.257982,0.332,1.249,1.0,0.448445,0.428061,3.669,0.976,2,0.417805,hst,3.503,3.76,0.932,3.76,1.0,3.632031213502581e-16,jump,399,4.33,10671,hst,1,1.841
msc10848,10848,1229776,8,0.05,18,False,400,256,1.56252,0.45881,1.235815,0.371,1.264,1.0,0.456933,0.436477,3.58,1.051,2,0.45881,hst,3.42,3.406,1.004,3.406,1.0,6.160502327889403e-16,jump,399,3.728,10593,hst,1,1.813
msc10848,10848,1229776,8,0.05,19,False,400,256,1.564735,0.412399,1.201971,0.343,1.302,1.0,0.453439,0.432263,3.62,0.954,2,0.412399,hst,3.451,3.794,0.909,3.794,1.0,4.460432847857754e-16,jump,399,4.151,10614,hst,1,1.93
msc10848,10848,1229776,8,0.05,20,False,400,256,1.553381,0.415904,1.233682,0.337,1.259,1.0,0.449992,0.427664,3.632,0.973,2,0.415904,hst,3.452,3.735,0.924,3.735,1.0,3.2856469467467963e-16,jump,399,3.862,10563,hst,1,1.871
msc10848,10848,1229776,8,0.05,21,False,400,256,1.555572,0.415008,1.231193,0.337,1.263,1.0,0.452685,0.431385,3.606,0.962,2,0.415008,hst,3.436,3.748,0.917,3.748,1.0,5.305500907434564e-16,jump,399,3.834,10560,hst,1,1.904
msc10848,10848,1229776,8,0.25,17,False,400,256,1.553974,0.441942,3.608056,0.122,0.431,1.0,0.603785,0.465683,3.337,0.949,17,0.441942,hst,2.574,3.516,0.732,3.516,1.0,3.632031213502581e-16,jump,399,4.964,10596,hst,1,18.42
msc10848,10848,1229776,8,0.25,18,False,400,256,1.559326,0.44498,3.673421,0.121,0.424,1.0,0.607495,0.46694,3.339,0.953,17,0.44498,hst,2.567,3.504,0.732,3.504,1.0,6.160502327889403e-16,jump,399,5.131,10557,hst,1,18.741
msc10848,10848,1229776,8,0.25,19,False,400,256,1.559293,0.447388,3.660845,0.122,0.426,1.0,0.609538,0.469918,3.318,0.952,18,0.447388,hst,2.558,3.485,0.734,3.485,1.0,4.460432847857754e-16,jump,399,4.558,10524,hst,1,19.096
msc10848,10848,1229776,8,0.25,20,False,400,256,1.562004,0.44857,3.63975,0.123,0.429,1.0,0.614159,0.475379,3.286,0.944,17,0.44857,hst,2.543,3.482,0.73,3.482,1.0,3.2856469467467963e-16,jump,399,3.039,10632,hst,1,18.643
msc10848,10848,1229776,8,0.25,21,False,400,256,1.563373,0.446866,3.667376,0.122,0.426,1.0,0.609764,0.470401,3.323,0.95,17,0.446866,hst,2.564,3.499,0.733,3.499,1.0,5.305500907434564e-16,jump,399,5.158,10515,hst,1,18.829
nasa2910,2910,174296,8,0.0,17,False,400,256,0.027808,0.048403,0.043773,1.106,0.635,1.0,0.029083,0.026974,1.031,1.031,0,0.027808,delta_baseline,0.956,1.0,0.956,1.0,1.741,2.8038709295888876e-16,jump,0,1.0,1090,delta_baseline,0,0.0
nasa2910,2910,174296,8,0.0,18,False,400,256,0.025875,0.039832,0.03662,1.088,0.707,1.0,0.026837,0.024849,1.041,1.041,0,0.025875,delta_baseline,0.964,1.0,0.964,1.0,1.539,3.799423773445064e-16,jump,0,1.0,733,delta_baseline,0,0.0
nasa2910,2910,174296,8,0.0,19,False,400,256,0.028255,0.045299,0.041445,1.093,0.682,1.0,0.029676,0.027411,1.031,1.031,0,0.028255,delta_baseline,0.952,1.0,0.952,1.0,1.603,3.9854920332226225e-16,jump,0,1.0,775,delta_baseline,0,0.0
nasa2910,2910,174296,8,0.0,20,False,400,256,0.025924,0.039602,0.036485,1.085,0.711,1.0,0.026888,0.024872,1.042,1.042,0,0.025924,delta_baseline,0.964,1.0,0.964,1.0,1.528,3.799423773445064e-16,jump,0,1.0,733,delta_baseline,0,0.0
nasa2910,2910,174296,8,0.0,21,False,400,256,0.025395,0.041517,0.037812,1.098,0.672,1.0,0.026643,0.024611,1.032,1.032,0,0.025395,delta_baseline,0.953,1.0,0.953,1.0,1.635,3.170894107257953e-16,jump,0,1.0,673,delta_baseline,0,0.0
nasa2910,2910,174296,8,0.002,17,False,400,256,0.819743,0.159596,0.157311,1.015,5.211,1.015,0.178449,0.167928,4.882,0.95,1,0.159596,hst,4.594,5.136,0.894,5.136,1.0,2.8038709295888876e-16,jump,318,2.825,2900,hst,1,0.877
nasa2910,2910,174296,8,0.002,18,False,400,256,0.802546,0.149479,0.154572,0.967,5.192,1.0,0.167927,0.15871,5.057,0.942,1,0.149479,hst,4.779,5.369,0.89,5.369,1.0,3.799423773445064e-16,jump,319,2.684,2910,hst,1,0.754
nasa2910,2910,174296,8,0.002,19,False,400,256,0.83093,0.145146,0.165979,0.874,5.006,1.0,0.167096,0.155751,5.335,0.932,1,0.145146,hst,4.973,5.725,0.869,5.725,1.0,3.9854920332226225e-16,jump,331,2.658,2899,hst,1,0.857
nasa2910,2910,174296,8,0.002,20,False,400,256,0.797657,0.148408,0.164214,0.904,4.857,1.0,0.168337,0.159545,5.0,0.93,1,0.148408,hst,4.738,5.375,0.882,5.375,1.0,3.799423773445064e-16,jump,319,2.689,2900,hst,1,0.752
nasa2910,2910,174296,8,0.002,21,False,400,256,0.784346,0.146578,0.153041,0.958,5.125,1.0,0.16725,0.158124,4.96,0.927,1,0.146578,hst,4.69,5.351,0.876,5.351,1.0,3.170894107257953e-16,jump,315,2.766,2902,hst,1,0.764
nasa2910,2910,174296,8,0.01,17,False,400,256,0.800944,0.191545,0.24027,0.797,3.334,1.0,0.212777,0.203636,3.933,0.941,1,0.191545,hst,3.764,4.181,0.9,4.181,1.0,2.8038709295888876e-16,jump,395,3.408,2910,hst,1,0.891
nasa2910,2910,174296,8,0.01,18,False,400,256,0.795349,0.181473,0.228733,0.793,3.477,1.0,0.206937,0.19903,3.996,0.912,2,0.181473,hst,3.843,4.383,0.877,4.383,1.0,3.799423773445064e-16,jump,390,3.384,2909,hst,1,0.903
nasa2910,2910,174296,8,0.01,19,False,400,256,0.814012,0.187716,0.235293,0.798,3.46,1.0,0.211311,0.201145,4.047,0.933,2,0.187716,hst,3.852,4.336,0.888,4.336,1.0,3.9854920332226225e-16,jump,395,3.378,2910,hst,1,0.93
nasa2910,2910,174296,8,0.01,20,False,400,256,0.813052,0.189636,0.246955,0.768,3.292,1.0,0.212375,0.204199,3.982,0.929,1,0.189636,hst,3.828,4.287,0.893,4.287,1.0,3.799423773445064e-16,jump,394,3.5,2910,hst,1,0.853
nasa2910,2910,174296,8,0.01,21,False,400,256,0.78018,0.184181,0.234138,0.787,3.332,1.0,0.205711,0.197744,3.945,0.931,1,0.184181,hst,3.793,4.236,0.895,4.236,1.0,3.170894107257953e-16,jump,399,3.4,2910,hst,1,0.819
nasa2910,2910,174296,8,0.05,17,False,400,256,0.782918,0.20144,0.417258,0.483,1.876,1.0,0.224519,0.211272,3.706,0.953,2,0.20144,hst,3.487,3.887,0.897,3.887,1.0,2.8038709295888876e-16,jump,399,4.09,2895,hst,1,1.079
nasa2910,2910,174296,8,0.05,18,False,400,256,0.783588,0.201486,0.411909,0.489,1.902,1.0,0.223376,0.211953,3.697,0.951,2,0.201486,hst,3.508,3.889,0.902,3.889,1.0,3.799423773445064e-16,jump,399,4.307,2889,hst,1,1.037
nasa2910,2910,174296,8,0.05,19,False,400,256,0.786329,0.20405,0.40986,0.498,1.919,1.0,0.226309,0.211456,3.719,0.965,2,0.20405,hst,3.475,3.854,0.902,3.854,1.0,3.9854920332226225e-16,jump,399,3.857,2910,hst,1,1.174
nasa2910,2910,174296,8,0.05,20,False,400,256,0.78268,0.204356,0.417998,0.489,1.872,1.0,0.226465,0.214961,3.641,0.951,2,0.204356,hst,3.456,3.83,0.902,3.83,1.0,3.799423773445064e-16,jump,399,3.746,2910,hst,1,1.035
nasa2910,2910,174296,8,0.05,21,False,400,256,0.787623,0.205,0.412396,0.497,1.91,1.0,0.226019,0.213072,3.697,0.962,2,0.205,hst,3.485,3.842,0.907,3.842,1.0,3.170894107257953e-16,jump,399,4.003,2904,hst,1,1.115
nasa2910,2910,174296,8,0.25,17,False,400,256,0.79001,0.212813,1.086513,0.196,0.727,1.0,0.304598,0.228704,3.454,0.931,18,0.212813,hst,2.594,3.712,0.699,3.712,1.0,2.8038709295888876e-16,jump,399,3.924,2910,hst,1,9.849
nasa2910,2910,174296,8,0.25,18,False,400,256,0.78674,0.213385,1.096946,0.195,0.717,1.0,0.301216,0.228126,3.449,0.935,18,0.213385,hst,2.612,3.687,0.708,3.687,1.0,3.799423773445064e-16,jump,399,4.27,2910,hst,1,9.817
nasa2910,2910,174296,8,0.25,19,False,400,256,0.789181,0.212986,1.09953,0.194,0.718,1.0,0.305894,0.229655,3.436,0.927,18,0.212986,hst,2.58,3.705,0.696,3.705,1.0,3.9854920332226225e-16,jump,399,3.649,2910,hst,1,10.095
nasa2910,2910,174296,8,0.25,20,False,400,256,0.794209,0.214061,1.08437,0.197,0.732,1.0,0.302855,0.228142,3.481,0.938,17,0.214061,hst,2.622,3.71,0.707,3.71,1.0,3.799423773445064e-16,jump,399,3.924,2897,hst,1,9.8
nasa2910,2910,174296,8,0.25,21,False,400,256,0.787197,0.211538,1.102398,0.192,0.714,1.0,0.300241,0.226514,3.475,0.934,17,0.211538,hst,2.622,3.721,0.705,3.721,1.0,3.170894107257953e-16,jump,399,3.51,2910,hst,1,9.688
s3rmt3m3,5357,207123,8,0.0,17,False,400,256,0.017927,0.031533,0.029467,1.07,0.608,1.0,0.01906,0.017707,1.012,1.012,0,0.017927,delta_baseline,0.941,1.0,0.941,1.0,1.759,4.0558810500666957e-16,jump,0,1.0,674,delta_baseline,0,0.0
s3rmt3m3,5357,207123,8,0.0,18,False,400,256,0.016457,0.029592,0.027259,1.086,0.604,1.0,0.017822,0.016572,0.993,0.993,,0.016457,delta_baseline,0.923,1.0,0.923,1.0,1.798,4.602754019127631e-16,jump,0,1.0,597,delta_baseline,0,0.0
s3rmt3m3,5357,207123,8,0.0,19,False,400,256,0.017924,0.029768,0.027665,1.076,0.648,1.0,0.019071,0.017701,1.013,1.013,0,0.017924,delta_baseline,0.94,1.0,0.94,1.0,1.661,3.6103403035014226e-16,jump,0,1.0,498,delta_baseline,0,0.0
s3rmt3m3,5357,207123,8,0.0,20,False,400,256,0.016426,0.030378,0.027903,1.089,0.589,1.0,0.01763,0.016367,1.004,1.004,0,0.016426,delta_baseline,0.932,1.0,0.932,1.0,1.849,3.8491695538458903e-16,jump,0,1.0,612,delta_baseline,0,0.0
s3rmt3m3,5357,207123,8,0.0,21,False,400,256,0.016542,0.028775,0.026823,1.073,0.617,1.0,0.017937,0.016665,0.993,0.993,,0.016542,delta_baseline,0.922,1.0,0.922,1.0,1.739,4.3170597187208097e-16,jump,0,1.0,471,delta_baseline,0,0.0
s3rmt3m3,5357,207123,8,0.002,17,False,400,256,0.481871,0.121879,0.144465,0.844,3.336,1.0,0.133383,0.128187,3.759,0.951,2,0.121879,hst,3.613,3.954,0.914,3.954,1.0,4.0558810500666957e-16,jump,364,3.174,4606,hst,1,0.631
s3rmt3m3,5357,207123,8,0.002,18,False,400,256,0.464181,0.117588,0.140254,0.838,3.31,1.0,0.132634,0.128183,3.621,0.917,2,0.117588,hst,3.5,3.948,0.887,3.948,1.0,4.602754019127631e-16,jump,365,3.216,4668,hst,1,0.6
s3rmt3m3,5357,207123,8,0.002,19,False,400,256,0.478212,0.12065,0.147294,0.819,3.247,1.0,0.134795,0.130011,3.678,0.928,2,0.12065,hst,3.548,3.964,0.895,3.964,1.0,3.6103403035014226e-16,jump,368,3.085,4852,hst,1,0.628
s3rmt3m3,5357,207123,8,0.002,20,False,400,256,0.459434,0.11951,0.142221,0.84,3.23,1.0,0.133111,0.128657,3.571,0.929,2,0.11951,hst,3.452,3.844,0.898,3.844,1.0,3.8491695538458903e-16,jump,364,2.936,4800,hst,1,0.602
s3rmt3m3,5357,207123,8,0.002,21,False,400,256,0.463971,0.11732,0.140795,0.833,3.295,1.0,0.132998,0.128708,3.605,0.912,2,0.11732,hst,3.489,3.955,0.882,3.955,1.0,4.3170597187208097e-16,jump,357,3.078,4718,hst,1,0.583
s3rmt3m3,5357,207123,8,0.01,17,False,400,256,0.477592,0.151747,0.221667,0.685,2.155,1.0,0.168222,0.164323,2.906,0.923,2,0.151747,hst,2.839,3.147,0.902,3.147,1.0,4.0558810500666957e-16,jump,399,2.624,4996,hst,1,0.686
s3rmt3m3,5357,207123,8,0.01,18,False,400,256,0.462489,0.149446,0.210595,0.71,2.196,1.0,0.164002,0.160492,2.882,0.931,2,0.149446,hst,2.82,3.095,0.911,3.095,1.0,4.602754019127631e-16,jump,399,2.274,4925,hst,1,0.65
s3rmt3m3,5357,207123,8,0.01,19,False,400,256,0.474539,0.149392,0.22407,0.667,2.118,1.0,0.165488,0.161405,2.94,0.926,2,0.149392,hst,2.868,3.176,0.903,3.176,1.0,3.6103403035014226e-16,jump,398,2.403,5000,hst,1,0.676
s3rmt3m3,5357,207123,8,0.01,20,False,400,256,0.47964,0.149772,0.220949,0.678,2.171,1.0,0.164741,0.161392,2.972,0.928,2,0.149772,hst,2.911,3.202,0.909,3.202,1.0,3.8491695538458903e-16,jump,398,2.19,4966,hst,1,0.666
s3rmt3m3,5357,207123,8,0.01,21,False,400,256,0.478296,0.149474,0.213404,0.7,2.241,1.0,0.165645,0.162661,2.94,0.919,2,0.149474,hst,2.887,3.2,0.902,3.2,1.0,4.3170597187208097e-16,jump,399,2.318,4894,hst,1,0.652
s3rmt3m3,5357,207123,8,0.05,17,False,400,256,0.472539,0.165056,0.348896,0.473,1.354,1.0,0.18264,0.174945,2.701,0.943,3,0.165056,hst,2.587,2.863,0.904,2.863,1.0,4.0558810500666957e-16,jump,399,4.945,4882,hst,1,0.863
s3rmt3m3,5357,207123,8,0.05,18,False,400,256,0.467611,0.165574,0.353395,0.469,1.323,1.0,0.182182,0.175335,2.667,0.944,3,0.165574,hst,2.567,2.824,0.909,2.824,1.0,4.602754019127631e-16,jump,399,2.366,5051,hst,1,0.844
s3rmt3m3,5357,207123,8,0.05,19,False,400,256,0.469202,0.166772,0.346853,0.481,1.353,1.0,0.183476,0.176194,2.663,0.947,3,0.166772,hst,2.557,2.813,0.909,2.813,1.0,3.6103403035014226e-16,jump,399,4.533,4924,hst,1,0.887
s3rmt3m3,5357,207123,8,0.05,20,False,400,256,0.470699,0.168305,0.343245,0.49,1.371,1.0,0.182123,0.175206,2.687,0.961,3,0.168305,hst,2.585,2.797,0.924,2.797,1.0,3.8491695538458903e-16,jump,399,1.453,4861,hst,1,0.849
s3rmt3m3,5357,207123,8,0.05,21,False,400,256,0.467689,0.165191,0.35162,0.47,1.33,1.0,0.182542,0.175717,2.662,0.94,3,0.165191,hst,2.562,2.831,0.905,2.831,1.0,4.3170597187208097e-16,jump,399,1.153,5044,hst,1,0.824
s3rmt3m3,5357,207123,8,0.25,17,False,400,256,0.469835,0.178138,0.848812,0.21,0.554,1.0,0.237723,0.189288,2.482,0.941,30,0.178138,hst,1.976,2.637,0.749,2.637,1.0,4.0558810500666957e-16,jump,399,3.919,5014,hst,1,8.331
s3rmt3m3,5357,207123,8,0.25,18,False,400,256,0.472255,0.175143,0.848242,0.206,0.557,1.0,0.236301,0.189013,2.499,0.927,29,0.175143,hst,1.999,2.696,0.741,2.696,1.0,4.602754019127631e-16,jump,399,3.443,4987,hst,1,8.251
s3rmt3m3,5357,207123,8,0.25,19,False,400,256,0.468917,0.176952,0.85484,0.207,0.549,1.0,0.245663,0.195217,2.402,0.906,32,0.176952,hst,1.909,2.65,0.72,2.65,1.0,3.6103403035014226e-16,jump,399,3.052,4887,hst,1,8.715
s3rmt3m3,5357,207123,8,0.25,20,False,400,256,0.475171,0.178377,0.853344,0.209,0.557,1.0,0.23954,0.191792,2.478,0.93,29,0.178377,hst,1.984,2.664,0.745,2.664,1.0,3.8491695538458903e-16,jump,399,1.706,5086,hst,1,8.353
s3rmt3m3,5357,207123,8,0.25,21,False,400,256,0.47689,0.181924,0.887559,0.205,0.537,1.0,0.239113,0.190907,2.498,0.953,30,0.181924,hst,1.994,2.621,0.761,2.621,1.0,4.3170597187208097e-16,jump,399,3.98,4996,hst,1,8.46
olafu,16146,1015156,8,0.0,17,False,400,256,0.024324,0.054596,0.048923,1.116,0.497,1.0,0.026364,0.024483,0.994,0.994,,0.024324,delta_baseline,0.923,1.0,0.923,1.0,2.244,5.582074938205133e-16,jump,0,1.0,858,delta_baseline,0,0.0
olafu,16146,1015156,8,0.0,18,False,400,256,0.023065,0.045293,0.040551,1.117,0.569,1.0,0.025015,0.023426,0.985,0.985,,0.023065,delta_baseline,0.922,1.0,0.922,1.0,1.964,6.4036469396236e-16,jump,0,1.0,942,delta_baseline,0,0.0
olafu,16146,1015156,8,0.0,19,False,400,256,0.023908,0.059549,0.054618,1.09,0.438,1.0,0.025555,0.02387,1.002,1.002,0,0.023908,delta_baseline,0.936,1.0,0.936,1.0,2.491,4.864534386882603e-16,jump,0,1.0,1014,delta_baseline,0,0.0
olafu,16146,1015156,8,0.0,20,False,400,256,0.025539,0.043227,0.040393,1.07,0.632,1.0,0.027017,0.024996,1.022,1.022,0,0.025539,delta_baseline,0.945,1.0,0.945,1.0,1.693,8.4320949564375e-16,jump,0,1.0,794,delta_baseline,0,0.0
olafu,16146,1015156,8,0.0,21,False,400,256,0.029969,0.041422,0.040518,1.022,0.74,1.0,0.031251,0.028994,1.034,1.034,0,0.029969,delta_baseline,0.959,1.0,0.959,1.0,1.382,5.998259265642777e-16,jump,0,1.0,629,delta_baseline,0,0.0
olafu,16146,1015156,8,0.002,17,False,400,256,0.736935,0.202614,0.265822,0.762,2.772,1.0,0.215982,0.210211,3.506,0.964,2,0.202614,hst,3.412,3.637,0.938,3.637,1.0,5.582074938205133e-16,jump,392,3.579,11378,hst,1,0.956
olafu,16146,1015156,8,0.002,18,False,400,256,0.659604,0.186579,0.250112,0.746,2.637,1.0,0.199317,0.195017,3.382,0.957,2,0.186579,hst,3.309,3.535,0.936,3.535,1.0,6.4036469396236e-16,jump,392,3.55,11514,hst,1,0.885
olafu,16146,1015156,8,0.002,19,False,400,256,0.682358,0.195163,0.254605,0.767,2.68,1.0,0.21041,0.205128,3.326,0.951,2,0.195163,hst,3.243,3.496,0.928,3.496,1.0,4.864534386882603e-16,jump,387,3.55,11741,hst,1,1.047
olafu,16146,1015156,8,0.002,20,False,400,256,0.745928,0.185389,0.24838,0.746,3.003,1.0,0.20405,0.197432,3.778,0.939,2,0.185389,hst,3.656,4.024,0.909,4.024,1.0,8.4320949564375e-16,jump,387,3.535,11792,hst,1,0.934
olafu,16146,1015156,8,0.002,21,False,400,256,0.80555,0.17962,0.245905,0.73,3.276,1.0,0.199988,0.191164,4.214,0.94,1,0.17962,hst,4.028,4.485,0.898,4.485,1.0,5.998259265642777e-16,jump,384,3.375,11575,hst,1,0.918
olafu,16146,1015156,8,0.01,17,False,400,256,0.728318,0.246357,0.413311,0.596,1.762,1.0,0.260897,0.256459,2.84,0.961,2,0.246357,hst,2.792,2.956,0.944,2.956,1.0,5.582074938205133e-16,jump,399,4.375,12774,hst,1,1.061
olafu,16146,1015156,8,0.01,18,False,400,256,0.71354,0.238393,0.401054,0.594,1.779,1.0,0.254941,0.252714,2.824,0.943,2,0.238393,hst,2.799,2.993,0.935,2.993,1.0,6.4036469396236e-16,jump,399,4.837,12422,hst,1,0.942
olafu,16146,1015156,8,0.01,19,False,400,256,0.726644,0.24553,0.41592,0.59,1.747,1.0,0.263829,0.2598,2.797,0.945,2,0.24553,hst,2.754,2.959,0.931,2.959,1.0,4.864534386882603e-16,jump,399,4.457,12920,hst,1,1.146
olafu,16146,1015156,8,0.01,20,False,400,256,0.740432,0.23913,0.403655,0.592,1.834,1.0,0.258534,0.253917,2.916,0.942,2,0.23913,hst,2.864,3.096,0.925,3.096,1.0,8.4320949564375e-16,jump,399,4.374,12398,hst,1,0.984
olafu,16146,1015156,8,0.01,21,False,400,256,0.761544,0.238318,0.408425,0.584,1.865,1.0,0.261876,0.255777,2.977,0.932,2,0.238318,hst,2.908,3.195,0.91,3.195,1.0,5.998259265642777e-16,jump,399,4.404,13013,hst,1,1.0
olafu,16146,1015156,8,0.05,17,False,400,256,0.734739,0.276291,0.683404,0.404,1.075,1.0,0.291236,0.28215,2.604,0.979,3,0.276291,hst,2.523,2.659,0.949,2.659,1.0,5.582074938205133e-16,jump,399,2.564,12740,hst,1,1.278
olafu,16146,1015156,8,0.05,18,False,400,256,0.73931,0.271988,0.688052,0.395,1.074,1.0,0.291811,0.28528,2.592,0.953,3,0.271988,hst,2.534,2.718,0.932,2.718,1.0,6.4036469396236e-16,jump,399,3.041,12798,hst,1,1.329
olafu,16146,1015156,8,0.05,19,False,400,256,0.736115,0.276565,0.694124,0.398,1.06,1.0,0.357647,0.293748,2.506,0.942,25,0.276565,hst,2.058,2.662,0.773,2.662,1.0,4.864534386882603e-16,jump,399,3.063,12669,hst,1,11.084
olafu,16146,1015156,8,0.05,20,False,400,256,0.739422,0.272672,0.680869,0.4,1.086,1.0,0.292345,0.283318,2.61,0.962,3,0.272672,hst,2.529,2.712,0.933,2.712,1.0,8.4320949564375e-16,jump,399,3.024,12412,hst,1,1.266
olafu,16146,1015156,8,0.05,21,False,400,256,0.746146,0.271812,0.680749,0.399,1.096,1.0,0.294859,0.284027,2.627,0.957,3,0.271812,hst,2.531,2.745,0.922,2.745,1.0,5.998259265642777e-16,jump,399,3.889,12540,hst,1,1.304
olafu,16146,1015156,8,0.25,17,False,400,256,0.742938,0.305632,1.895033,0.161,0.392,1.0,0.387797,0.315438,2.355,0.969,32,0.305632,hst,1.916,2.431,0.788,2.431,1.0,5.582074938205133e-16,jump,399,4.415,12796,hst,1,13.708
olafu,16146,1015156,8,0.25,18,False,400,256,0.742733,0.298751,1.892841,0.158,0.392,1.0,0.385566,0.31459,2.361,0.95,32,0.298751,hst,1.926,2.486,0.775,2.486,1.0,6.4036469396236e-16,jump,399,3.63,12476,hst,1,13.713
olafu,16146,1015156,8,0.25,19,False,400,256,0.740898,0.300475,1.896376,0.158,0.391,1.0,0.391916,0.318734,2.325,0.943,33,0.300475,hst,1.89,2.466,0.767,2.466,1.0,4.864534386882603e-16,jump,399,3.909,12937,hst,1,13.909
olafu,16146,1015156,8,0.25,20,False,400,256,0.74386,0.29933,1.892975,0.158,0.393,1.0,0.400054,0.328849,2.262,0.91,33,0.29933,hst,1.859,2.485,0.748,2.485,1.0,8.4320949564375e-16,jump,399,4.664,12660,hst,1,13.722
olafu,16146,1015156,8,0.25,21,False,400,256,0.742717,0.299719,1.893954,0.158,0.392,1.0,0.389431,0.315802,2.352,0.949,32,0.299719,hst,1.907,2.478,0.77,2.478,1.0,5.998259265642777e-16,jump,399,3.225,12618,hst,1,13.727
raefsky3,21200,1488768,8,0.0,17,False,400,256,0.029048,0.036157,0.035557,1.017,0.817,1.0,0.03078,0.028627,1.015,1.015,0,0.029048,delta_baseline,0.944,1.0,0.944,1.0,1.245,4.21040283801125e-16,jump,0,1.0,480,delta_baseline,0,0.0
raefsky3,21200,1488768,8,0.0,18,False,400,256,0.02909,0.035847,0.035702,1.004,0.815,1.0,0.030827,0.028686,1.014,1.014,0,0.02909,delta_baseline,0.944,1.0,0.944,1.0,1.232,3.542741100665178e-16,jump,0,1.0,480,delta_baseline,0,0.0
raefsky3,21200,1488768,8,0.0,19,False,400,256,0.02924,0.03602,0.035546,1.013,0.823,1.0,0.030597,0.028464,1.027,1.027,0,0.02924,delta_baseline,0.956,1.0,0.956,1.0,1.232,2.936613481310225e-16,jump,0,1.0,480,delta_baseline,0,0.0
raefsky3,21200,1488768,8,0.0,20,False,400,256,0.029126,0.035331,0.035595,0.993,0.818,1.0,0.030636,0.028463,1.023,1.023,0,0.029126,delta_baseline,0.951,1.0,0.951,1.0,1.213,4.654934124763125e-16,jump,0,1.0,480,delta_baseline,0,0.0
raefsky3,21200,1488768,8,0.0,21,False,400,256,0.029128,0.036339,0.035406,1.026,0.823,1.0,0.030649,0.028546,1.02,1.02,0,0.029128,delta_baseline,0.95,1.0,0.95,1.0,1.248,3.205001438329397e-16,jump,0,1.0,480,delta_baseline,0,0.0
raefsky3,21200,1488768,8,0.002,17,False,400,256,0.824762,0.168253,0.242496,0.694,3.401,1.0,0.19569,0.187943,4.388,0.895,1,0.168253,hst,4.215,4.902,0.86,4.902,1.0,4.21040283801125e-16,jump,394,3.596,10912,hst,1,0.911
raefsky3,21200,1488768,8,0.002,18,False,400,256,0.815104,0.164034,0.223994,0.732,3.639,1.0,0.18064,0.171593,4.75,0.956,1,0.164034,hst,4.512,4.969,0.908,4.969,1.0,3.542741100665178e-16,jump,393,3.624,11224,hst,1,0.887
raefsky3,21200,1488768,8,0.002,19,False,400,256,0.821004,0.164366,0.219009,0.75,3.749,1.0,0.181076,0.171884,4.777,0.956,1,0.164366,hst,4.534,4.995,0.908,4.995,1.0,2.936613481310225e-16,jump,390,3.648,10824,hst,1,0.912
raefsky3,21200,1488768,8,0.002,20,False,400,256,0.81408,0.165723,0.220999,0.75,3.684,1.0,0.185284,0.176568,4.611,0.939,1,0.165723,hst,4.394,4.912,0.894,4.912,1.0,4.654934124763125e-16,jump,392,3.654,11032,hst,1,0.883
raefsky3,21200,1488768,8,0.002,21,False,400,256,0.821487,0.167637,0.224453,0.747,3.66,1.0,0.184876,0.175787,4.673,0.954,1,0.167637,hst,4.443,4.9,0.907,4.9,1.0,3.205001438329397e-16,jump,392,3.569,10736,hst,1,0.927
raefsky3,21200,1488768,8,0.01,17,False,400,256,0.806815,0.220101,0.352731,0.624,2.287,1.0,0.24729,0.241451,3.342,0.912,2,0.220101,hst,3.263,3.666,0.89,3.666,1.0,4.21040283801125e-16,jump,399,3.091,12328,hst,1,0.963
raefsky3,21200,1488768,8,0.01,18,False,400,256,0.803795,0.223973,0.357206,0.627,2.25,1.0,0.239467,0.233104,3.448,0.961,2,0.223973,hst,3.357,3.589,0.935,3.589,1.0,3.542741100665178e-16,jump,399,2.536,12040,hst,1,0.925
raefsky3,21200,1488768,8,0.01,19,False,400,256,0.813309,0.21911,0.354983,0.617,2.291,1.0,0.241386,0.235102,3.459,0.932,2,0.21911,hst,3.369,3.712,0.908,3.712,1.0,2.936613481310225e-16,jump,399,2.756,12080,hst,1,0.947
raefsky3,21200,1488768,8,0.01,20,False,400,256,0.808772,0.221635,0.354378,0.625,2.282,1.0,0.243153,0.237259,3.409,0.934,2,0.221635,hst,3.326,3.649,0.912,3.649,1.0,4.654934124763125e-16,jump,399,2.913,12216,hst,1,0.93
raefsky3,21200,1488768,8,0.01,21,False,400,256,0.808335,0.227066,0.358208,0.634,2.257,1.0,0.245148,0.238976,3.382,0.95,2,0.227066,hst,3.297,3.56,0.926,3.56,1.0,3.205001438329397e-16,jump,399,2.659,12008,hst,1,0.935
raefsky3,21200,1488768,8,0.05,17,False,400,256,0.798266,0.261192,0.591091,0.442,1.35,1.0,0.280957,0.270695,2.949,0.965,2,0.261192,hst,2.841,3.056,0.93,3.056,1.0,4.21040283801125e-16,jump,399,1.757,12056,hst,1,1.205
raefsky3,21200,1488768,8,0.05,18,False,400,256,0.800059,0.255475,0.591119,0.432,1.353,1.0,0.280709,0.270729,2.955,0.944,2,0.255475,hst,2.85,3.132,0.91,3.132,1.0,3.542741100665178e-16,jump,399,1.922,12456,hst,1,1.207
raefsky3,21200,1488768,8,0.05,19,False,400,256,0.795334,0.257587,0.592139,0.435,1.343,1.0,0.285381,0.275025,2.892,0.937,2,0.257587,hst,2.787,3.088,0.903,3.088,1.0,2.936613481310225e-16,jump,399,4.339,12584,hst,1,1.263
raefsky3,21200,1488768,8,0.05,20,False,400,256,0.799041,0.258823,0.592696,0.437,1.348,1.0,0.280299,0.269261,2.968,0.961,2,0.258823,hst,2.851,3.087,0.923,3.087,1.0,4.654934124763125e-16,jump,399,4.55,12224,hst,1,1.289
raefsky3,21200,1488768,8,0.05,21,False,400,256,0.795267,0.257669,0.593899,0.434,1.339,1.0,0.280781,0.270089,2.944,0.954,2,0.257669,hst,2.832,3.086,0.918,3.086,1.0,3.205001438329397e-16,jump,399,1.613,12160,hst,1,1.248
raefsky3,21200,1488768,8,0.25,17,False,400,256,0.799439,0.290748,1.595246,0.182,0.501,1.0,0.386179,0.307748,2.598,0.945,28,0.290748,hst,2.07,2.75,0.753,2.75,1.0,4.21040283801125e-16,jump,399,1.0,12792,hst,1,13.781
raefsky3,21200,1488768,8,0.25,18,False,400,256,0.796899,0.289476,1.591026,0.182,0.501,1.0,0.384511,0.306777,2.598,0.944,28,0.289476,hst,2.072,2.753,0.753,2.753,1.0,3.542741100665178e-16,jump,399,3.623,12088,hst,1,13.666
raefsky3,21200,1488768,8,0.25,19,False,400,256,0.794081,0.292575,1.596324,0.183,0.497,1.0,0.386791,0.308633,2.573,0.948,28,0.292575,hst,2.053,2.714,0.756,2.714,1.0,2.936613481310225e-16,jump,399,4.402,12136,hst,1,13.733
raefsky3,21200,1488768,8,0.25,20,False,400,256,0.798307,0.289167,1.593734,0.181,0.501,1.0,0.383609,0.306742,2.603,0.943,28,0.289167,hst,2.081,2.761,0.754,2.761,1.0,4.654934124763125e-16,jump,399,1.0,12088,hst,1,13.734
raefsky3,21200,1488768,8,0.25,21,False,400,256,0.795365,0.28877,1.598746,0.181,0.497,1.0,0.389399,0.310691,2.56,0.929,29,0.28877,hst,2.043,2.754,0.742,2.754,1.0,3.205001438329397e-16,jump,399,1.695,12576,hst,1,14.019
wang3,26064,177168,8,0.0,17,False,400,256,0.009385,0.035486,0.025513,1.391,0.368,1.0,0.011352,0.010322,0.909,0.909,,0.009385,delta_baseline,0.827,1.0,0.827,1.0,3.781,1.1305705384438466e-16,jump,0,1.0,1445,delta_baseline,0,0.0
wang3,26064,177168,8,0.0,18,False,400,256,0.008583,0.03026,0.024239,1.248,0.354,1.0,0.010777,0.010389,0.826,0.826,,0.008583,delta_baseline,0.796,1.0,0.796,1.0,3.525,2.415345571415648e-16,jump,0,1.0,1212,delta_baseline,0,0.0
wang3,26064,177168,8,0.0,19,False,400,256,0.008873,0.029287,0.02348,1.247,0.378,1.0,0.010815,0.010384,0.854,0.854,,0.008873,delta_baseline,0.82,1.0,0.82,1.0,3.301,1.1119305929315413e-16,jump,0,1.0,1150,delta_baseline,0,0.0
wang3,26064,177168,8,0.0,20,False,400,256,0.008656,0.031316,0.024752,1.265,0.35,1.0,0.01079,0.010366,0.835,0.835,,0.008656,delta_baseline,0.802,1.0,0.802,1.0,3.618,2.3978588170819393e-16,jump,0,1.0,1305,delta_baseline,0,0.0
wang3,26064,177168,8,0.0,21,False,400,256,0.008997,0.032847,0.025927,1.267,0.347,1.0,0.010909,0.010519,0.855,0.855,,0.008997,delta_baseline,0.825,1.0,0.825,1.0,3.651,1.1305705384438466e-16,jump,0,1.0,1461,delta_baseline,0,0.0
wang3,26064,177168,8,0.002,17,False,400,256,0.105752,0.101845,0.134468,0.757,0.786,1.0,0.125892,0.108248,0.977,0.941,,0.101845,hst,0.84,1.038,0.809,1.038,1.0,1.1305705384438466e-16,jump,394,7.197,7784,hst,1,5.177
wang3,26064,177168,8,0.002,18,False,400,256,0.105804,0.096494,0.126227,0.764,0.838,1.0,0.120276,0.10283,1.029,0.938,1713,0.096494,hst,0.88,1.096,0.802,1.096,1.0,2.415345571415648e-16,jump,394,7.235,7687,hst,1,5.095
wang3,26064,177168,8,0.002,19,False,400,256,0.104905,0.096547,0.125078,0.772,0.839,1.0,0.121206,0.103849,1.01,0.93,4714,0.096547,hst,0.866,1.087,0.797,1.087,1.0,1.1119305929315413e-16,jump,391,7.259,7543,hst,1,4.98
wang3,26064,177168,8,0.002,20,False,400,256,0.104503,0.098164,0.130774,0.751,0.799,1.0,0.124533,0.106879,0.978,0.918,,0.098164,hst,0.839,1.065,0.788,1.065,1.0,2.3978588170819393e-16,jump,391,7.126,8034,hst,1,5.215
wang3,26064,177168,8,0.002,21,False,400,256,0.105492,0.098003,0.128487,0.763,0.821,1.0,0.123825,0.106426,0.991,0.921,,0.098003,hst,0.852,1.076,0.791,1.076,1.0,1.1305705384438466e-16,jump,389,7.098,7759,hst,1,5.133
wang3,26064,177168,8,0.01,17,False,400,256,0.105812,0.121227,0.196509,0.617,0.538,1.0,0.145255,0.128035,0.826,0.826,,0.105812,delta_baseline,0.728,1.0,0.728,1.0,1.146,1.1305705384438466e-16,jump,399,6.386,8623,hst,1,5.768
wang3,26064,177168,8,0.01,18,False,400,256,0.105162,0.120737,0.196486,0.614,0.535,1.0,0.145391,0.128572,0.818,0.818,,0.105162,delta_baseline,0.723,1.0,0.723,1.0,1.148,2.415345571415648e-16,jump,399,5.739,8613,hst,1,5.692
wang3,26064,177168,8,0.01,19,False,400,256,0.104869,0.119923,0.196461,0.61,0.534,1.0,0.146917,0.130046,0.806,0.806,,0.104869,delta_baseline,0.714,1.0,0.714,1.0,1.144,1.1119305929315413e-16,jump,399,5.839,8680,hst,1,5.551
wang3,26064,177168,8,0.01,20,False,400,256,0.104704,0.122277,0.199769,0.612,0.524,1.0,0.149444,0.132538,0.79,0.79,,0.104704,delta_baseline,0.701,1.0,0.701,1.0,1.168,2.3978588170819393e-16,jump,399,5.767,8711,hst,1,5.794
wang3,26064,177168,8,0.01,21,False,400,256,0.10439,0.119806,0.199897,0.599,0.522,1.0,0.147458,0.130117,0.802,0.802,,0.10439,delta_baseline,0.708,1.0,0.708,1.0,1.148,1.1305705384438466e-16,jump,399,5.326,8798,hst,1,5.862
wang3,26064,177168,8,0.05,17,False,400,256,0.105606,0.1477,0.325764,0.453,0.324,1.0,0.131833,0.110086,0.959,0.959,,0.105606,delta_baseline,0.801,1.0,0.801,1.0,1.399,1.1305705384438466e-16,jump,399,2.347,8791,delta_baseline,0,7.173
wang3,26064,177168,8,0.05,18,False,400,256,0.103957,0.137393,0.311203,0.441,0.334,1.0,0.131974,0.110209,0.943,0.943,,0.103957,delta_baseline,0.788,1.0,0.788,1.0,1.322,2.415345571415648e-16,jump,399,2.827,8754,delta_baseline,0,7.114
wang3,26064,177168,8,0.05,19,False,400,256,0.1045,0.139042,0.318233,0.437,0.328,1.0,0.132565,0.11055,0.945,0.945,,0.1045,delta_baseline,0.788,1.0,0.788,1.0,1.331,1.1119305929315413e-16,jump,399,3.03,8960,delta_baseline,0,7.18
wang3,26064,177168,8,0.05,20,False,400,256,0.103991,0.138873,0.318341,0.436,0.327,1.0,0.132535,0.110275,0.943,0.943,,0.103991,delta_baseline,0.785,1.0,0.785,1.0,1.335,2.3978588170819393e-16,jump,399,2.502,8642,delta_baseline,0,7.215
wang3,26064,177168,8,0.05,21,False,400,256,0.104642,0.138942,0.318163,0.437,0.329,1.0,0.130812,0.10898,0.96,0.96,,0.104642,delta_baseline,0.8,1.0,0.8,1.0,1.328,1.1305705384438466e-16,jump,399,6.982,8411,delta_baseline,0,7.206
wang3,26064,177168,8,0.25,17,False,400,256,0.104349,0.156447,0.805738,0.194,0.13,1.0,0.134198,0.109891,0.95,0.95,,0.104349,delta_baseline,0.778,1.0,0.778,1.0,1.499,1.1305705384438466e-16,jump,399,2.133,8735,delta_baseline,0,8.257
wang3,26064,177168,8,0.25,18,False,400,256,0.104681,0.157868,0.806187,0.196,0.13,1.0,0.135319,0.110516,0.947,0.947,,0.104681,delta_baseline,0.774,1.0,0.774,1.0,1.508,2.415345571415648e-16,jump,399,1.0,8538,delta_baseline,0,8.325
wang3,26064,177168,8,0.25,19,False,400,256,0.104356,0.157097,0.81014,0.194,0.129,1.0,0.135254,0.110352,0.946,0.946,,0.104356,delta_baseline,0.772,1.0,0.772,1.0,1.505,1.1119305929315413e-16,jump,399,5.115,8483,delta_baseline,0,8.314
wang3,26064,177168,8,0.25,20,False,400,256,0.104681,0.157771,0.808087,0.195,0.13,1.0,0.13518,0.110367,0.948,0.948,,0.104681,delta_baseline,0.774,1.0,0.774,1.0,1.507,2.3978588170819393e-16,jump,399,4.245,8578,delta_baseline,0,8.36
wang3,26064,177168,8,0.25,21,False,400,256,0.104558,0.158921,0.809237,0.196,0.129,1.0,0.134024,0.109809,0.952,0.952,,0.104558,delta_baseline,0.78,1.0,0.78,1.0,1.52,1.1305705384438466e-16,jump,399,4.137,8679,delta_baseline,0,8.283
epb2,25228,175027,8,0.0,17,False,400,256,0.012021,0.03266,0.026462,1.234,0.454,1.0,0.013932,0.013286,0.905,0.905,,0.012021,delta_baseline,0.863,1.0,0.863,1.0,2.717,1.2653601002823704e-16,jump,0,1.0,1078,delta_baseline,0,0.0
epb2,25228,175027,8,0.0,18,False,400,256,0.008588,0.023163,0.018957,1.222,0.453,1.0,0.010624,0.010189,0.843,0.843,,0.008588,delta_baseline,0.808,1.0,0.808,1.0,2.697,1.0817377525460358e-16,jump,0,1.0,468,delta_baseline,0,0.0
epb2,25228,175027,8,0.0,19,False,400,256,0.008604,0.022367,0.019383,1.154,0.444,1.0,0.010575,0.010176,0.846,0.846,,0.008604,delta_baseline,0.814,1.0,0.814,1.0,2.599,1.2261168325020086e-16,jump,0,1.0,468,delta_baseline,0,0.0
epb2,25228,175027,8,0.0,20,False,400,256,0.008791,0.022772,0.019496,1.168,0.451,1.0,0.010472,0.010143,0.867,0.867,,0.008791,delta_baseline,0.839,1.0,0.839,1.0,2.59,1.2651934239081537e-16,jump,0,1.0,495,delta_baseline,0,0.0
epb2,25228,175027,8,0.0,21,False,400,256,0.009038,0.024125,0.020766,1.162,0.435,1.0,0.011387,0.01098,0.823,0.823,,0.009038,delta_baseline,0.794,1.0,0.794,1.0,2.669,1.711511604198709e-16,jump,0,1.0,584,delta_baseline,0,0.0
epb2,25228,175027,8,0.002,17,False,400,256,0.146572,0.094394,0.106937,0.883,1.371,1.0,0.123536,0.098114,1.494,0.962,103,0.094394,hst,1.186,1.553,0.764,1.553,1.0,1.2653601002823704e-16,jump,388,5.94,4925,hst,1,4.984
epb2,25228,175027,8,0.002,18,False,400,256,0.104295,0.0865,0.093975,0.92,1.11,1.0,0.109972,0.093611,1.114,0.924,414,0.0865,hst,0.948,1.206,0.787,1.206,1.0,1.0817377525460358e-16,jump,394,5.708,4747,hst,1,4.425
epb2,25228,175027,8,0.002,19,False,400,256,0.099213,0.086619,0.094875,0.913,1.046,1.0,0.111858,0.095968,1.034,0.903,1343,0.086619,hst,0.887,1.145,0.774,1.145,1.0,1.2261168325020086e-16,jump,396,5.962,4916,hst,1,4.359
epb2,25228,175027,8,0.002,20,False,400,256,0.105433,0.087172,0.097224,0.897,1.084,1.0,0.113025,0.096502,1.093,0.903,512,0.087172,hst,0.933,1.209,0.771,1.209,1.0,1.2651934239081537e-16,jump,387,5.773,4947,hst,1,4.573
epb2,25228,175027,8,0.002,21,False,400,256,0.108336,0.090009,0.09666,0.931,1.121,1.0,0.117018,0.100359,1.079,0.897,574,0.090009,hst,0.926,1.204,0.769,1.204,1.0,1.711511604198709e-16,jump,396,5.858,5014,hst,1,4.578
epb2,25228,175027,8,0.01,17,False,400,256,0.120947,0.114682,0.153811,0.746,0.786,1.0,0.148684,0.124542,0.971,0.921,,0.114682,hst,0.813,1.055,0.771,1.055,1.0,1.2653601002823704e-16,jump,399,5.019,5629,hst,1,5.648
epb2,25228,175027,8,0.01,18,False,400,256,0.102275,0.111221,0.147086,0.756,0.695,1.0,0.136796,0.121623,0.841,0.841,,0.102275,delta_baseline,0.748,1.0,0.748,1.0,1.087,1.0817377525460358e-16,jump,399,5.73,5574,hst,1,4.996
epb2,25228,175027,8,0.01,19,False,400,256,0.099817,0.110989,0.149487,0.742,0.668,1.0,0.137179,0.121989,0.818,0.818,,0.099817,delta_baseline,0.728,1.0,0.728,1.0,1.112,1.2261168325020086e-16,jump,399,4.943,5592,hst,1,4.992
epb2,25228,175027,8,0.01,20,False,400,256,0.104721,0.111667,0.150689,0.741,0.695,1.0,0.138299,0.122349,0.856,0.856,,0.104721,delta_baseline,0.757,1.0,0.757,1.0,1.066,1.2651934239081537e-16,jump,399,5.288,5660,hst,1,5.089
epb2,25228,175027,8,0.01,21,False,400,256,0.105156,0.112714,0.149359,0.755,0.704,1.0,0.140035,0.123424,0.852,0.852,,0.105156,delta_baseline,0.751,1.0,0.751,1.0,1.072,1.711511604198709e-16,jump,399,5.288,5656,hst,1,5.21
epb2,25228,175027,8,0.05,17,False,400,256,0.10907,0.132999,0.241297,0.551,0.452,1.0,0.166183,0.142716,0.764,0.764,,0.10907,delta_baseline,0.656,1.0,0.656,1.0,1.219,1.2653601002823704e-16,jump,399,4.078,5631,hst,1,6.969
epb2,25228,175027,8,0.05,18,False,400,256,0.101684,0.131353,0.237981,0.552,0.427,1.0,0.127951,0.108032,0.941,0.941,,0.101684,delta_baseline,0.795,1.0,0.795,1.0,1.292,1.0817377525460358e-16,jump,399,4.877,5555,delta_baseline,0,6.507
epb2,25228,175027,8,0.05,19,False,400,256,0.104746,0.130577,0.24003,0.544,0.436,1.0,0.130408,0.110733,0.946,0.946,,0.104746,delta_baseline,0.803,1.0,0.803,1.0,1.247,1.2261168325020086e-16,jump,399,5.653,5694,delta_baseline,0,6.494
epb2,25228,175027,8,0.05,20,False,400,256,0.100378,0.1373,0.235039,0.584,0.427,1.0,0.126322,0.106492,0.943,0.943,,0.100378,delta_baseline,0.795,1.0,0.795,1.0,1.368,1.2651934239081537e-16,jump,399,5.056,5532,delta_baseline,0,6.535
epb2,25228,175027,8,0.05,21,False,400,256,0.10124,0.130285,0.239789,0.543,0.422,1.0,0.12756,0.106566,0.95,0.95,,0.10124,delta_baseline,0.794,1.0,0.794,1.0,1.287,1.711511604198709e-16,jump,399,3.525,5505,delta_baseline,0,6.669
epb2,25228,175027,8,0.25,17,False,400,256,0.103068,0.145548,0.56543,0.257,0.182,1.0,0.132497,0.107815,0.956,0.956,,0.103068,delta_baseline,0.778,1.0,0.778,1.0,1.412,1.2653601002823704e-16,jump,399,6.034,5541,delta_baseline,0,7.837
epb2,25228,175027,8,0.25,18,False,400,256,0.102932,0.146151,0.567936,0.257,0.181,1.0,0.132064,0.10883,0.946,0.946,,0.102932,delta_baseline,0.779,1.0,0.779,1.0,1.42,1.0817377525460358e-16,jump,399,1.935,5558,delta_baseline,0,7.815
epb2,25228,175027,8,0.25,19,False,400,256,0.102409,0.146607,0.569418,0.257,0.18,1.0,0.132137,0.109083,0.939,0.939,,0.102409,delta_baseline,0.775,1.0,0.775,1.0,1.432,1.2261168325020086e-16,jump,399,1.0,5631,delta_baseline,0,7.79
epb2,25228,175027,8,0.25,20,False,400,256,0.101481,0.146901,0.575114,0.255,0.176,1.0,0.131737,0.108074,0.939,0.939,,0.101481,delta_baseline,0.77,1.0,0.77,1.0,1.448,1.2651934239081537e-16,jump,399,1.0,5637,delta_baseline,0,7.916
epb2,25228,175027,8,0.25,21,False,400,256,0.103186,0.147638,0.573451,0.257,0.18,1.0,0.132018,0.108478,0.951,0.951,,0.103186,delta_baseline,0.782,1.0,0.782,1.0,1.431,1.711511604198709e-16,jump,399,1.0,5643,delta_baseline,0,7.848
