matrix,N,nnz,B,rho,seed,phase,steps,dirty_cols,always_delta_baseline_ms,always_hst_ms,always_hst_patchable_ms,patchable_vs_per_block,patchable_vs_delta_baseline,oracle3_vs_oracle2,router_ms,router_steady_ms,router_steady_vs_csr,router_steady_vs_oracle,breakeven_steps,oracle_ms,oracle_arm,router_vs_csr,oracle_vs_csr,router_vs_oracle,misroute_cost_if_delta_baseline,misroute_cost_if_hst,maxrelerr,churn_model,patchable_splices,patchable_arena_ratio,rows_patchable,router_arm,router_switches,router_tax_ms
TSOPF_RS_b39_c30,60098,1079986,8,0.0,17,False,400,256,0.383526,0.395929,0.381392,1.038,1.006,1.006,0.391514,0.355388,1.079,1.079,0,0.383526,delta_baseline,0.98,1.0,0.98,1.0,1.032,1.3924108160288588e-16,drift,0,1.0,30502,delta_baseline,0,0.0
TSOPF_RS_b39_c30,60098,1079986,8,0.0,18,False,400,256,0.385615,0.386454,0.36699,1.053,1.051,1.051,0.391497,0.354816,1.087,1.087,0,0.385615,delta_baseline,0.985,1.0,0.985,1.0,1.002,1.3924108160288588e-16,drift,0,1.0,30502,delta_baseline,0,0.0
TSOPF_RS_b39_c30,60098,1079986,8,0.0,19,False,400,256,0.387376,0.385422,0.367741,1.048,1.053,1.048,0.388949,0.353188,1.097,1.091,0,0.385422,hst,0.996,1.005,0.991,1.005,1.0,1.3924108160288588e-16,drift,0,1.0,30494,delta_baseline,0,0.0
TSOPF_RS_b39_c30,60098,1079986,8,0.0,20,False,400,256,0.386194,0.38562,0.367261,1.05,1.052,1.05,0.38988,0.353382,1.093,1.091,0,0.38562,hst,0.991,1.001,0.989,1.001,1.0,1.3924108160288588e-16,drift,0,1.0,30502,delta_baseline,0,0.0
TSOPF_RS_b39_c30,60098,1079986,8,0.0,21,False,400,138,0.383978,0.380281,0.361803,1.051,1.061,1.051,0.3871,0.351485,1.092,1.082,0,0.380281,hst,0.992,1.01,0.982,1.01,1.0,1.3924108160288588e-16,drift,0,1.0,30428,delta_baseline,0,0.0
TSOPF_RS_b39_c30,60098,1079986,8,0.002,17,False,400,256,13.861758,0.43,0.461629,0.931,30.028,1.0,0.691571,0.421378,32.896,1.02,1,0.43,hst,20.044,32.237,0.622,32.237,1.0,1.3924108160288588e-16,drift,27,1.015,30508,hst,1,7.938
TSOPF_RS_b39_c30,60098,1079986,8,0.002,18,False,400,256,13.838,0.406899,0.377528,1.078,36.654,1.078,0.851619,0.594385,23.281,0.685,6,0.406899,hst,16.249,34.008,0.478,34.008,1.0,1.3924108160288588e-16,drift,18,1.012,30572,hst,1,73.663
TSOPF_RS_b39_c30,60098,1079986,8,0.002,19,False,400,256,13.875739,0.410918,0.379419,1.083,36.571,1.083,0.693882,0.417405,33.243,0.984,1,0.410918,hst,19.997,33.768,0.592,33.768,1.0,1.3924108160288588e-16,drift,27,1.012,30574,hst,1,8.13
TSOPF_RS_b39_c30,60098,1079986,8,0.002,20,False,400,256,14.049175,0.410908,0.384743,1.068,36.516,1.068,1.016779,0.593657,23.665,0.692,10,0.410908,hst,13.817,34.191,0.404,34.191,1.0,1.3924108160288588e-16,drift,32,1.017,30500,hst,1,138.64
TSOPF_RS_b39_c30,60098,1079986,8,0.002,21,False,400,138,0.381335,0.374167,0.357747,1.046,1.066,1.046,0.38292,0.346473,1.101,1.08,0,0.374167,hst,0.996,1.019,0.977,1.019,1.0,1.3924108160288588e-16,drift,0,1.0,30428,delta_baseline,0,0.0
TSOPF_RS_b39_c30,60098,1079986,8,0.01,17,False,400,256,14.45414,0.409891,0.440574,0.93,32.808,1.0,0.685855,0.411361,35.137,0.996,1,0.409891,hst,21.075,35.263,0.598,35.263,1.0,1.3924108160288588e-16,drift,53,1.035,30540,hst,1,8.154
TSOPF_RS_b39_c30,60098,1079986,8,0.01,18,False,400,256,14.568732,0.409636,0.394302,1.039,36.948,1.039,1.507478,1.265704,11.51,0.324,25,0.409636,hst,9.664,35.565,0.272,35.565,1.0,1.3924108160288588e-16,drift,74,1.027,30606,hst,1,332.849
TSOPF_RS_b39_c30,60098,1079986,8,0.01,19,False,400,256,14.371716,0.415682,0.450523,0.923,31.9,1.0,1.308929,0.950718,15.117,0.437,19,0.415682,hst,10.98,34.574,0.318,34.574,1.0,1.3924108160288588e-16,drift,36,1.02,30532,hst,1,252.97
TSOPF_RS_b39_c30,60098,1079986,8,0.01,20,False,400,256,14.546849,0.42158,0.449712,0.937,32.347,1.0,0.685848,0.412188,35.292,1.023,1,0.42158,hst,21.21,34.506,0.615,34.506,1.0,1.3924108160288588e-16,drift,34,1.018,30614,hst,1,8.147
TSOPF_RS_b39_c30,60098,1079986,8,0.01,21,False,400,138,0.380895,0.432819,0.42449,1.02,0.897,1.0,0.386813,0.35021,1.088,1.088,0,0.380895,delta_baseline,0.985,1.0,0.985,1.0,1.136,1.3924108160288588e-16,drift,0,1.0,30428,delta_baseline,0,0.0
TSOPF_RS_b39_c30,60098,1079986,8,0.05,17,False,400,256,14.585099,0.431412,0.525933,0.82,27.732,1.0,0.710951,0.440865,33.083,0.979,1,0.431412,hst,20.515,33.808,0.607,33.808,1.0,1.3924108160288588e-16,drift,247,1.083,30758,hst,1,8.092
TSOPF_RS_b39_c30,60098,1079986,8,0.05,18,False,400,256,14.552261,0.430898,0.460848,0.935,31.577,1.0,0.707526,0.436764,33.318,0.987,1,0.430898,hst,20.568,33.772,0.609,33.772,1.0,1.3924108160288588e-16,drift,230,1.091,30450,hst,1,8.135
TSOPF_RS_b39_c30,60098,1079986,8,0.05,19,False,400,256,14.52744,0.434872,0.480041,0.906,30.263,1.0,0.712057,0.440558,32.975,0.987,1,0.434872,hst,20.402,33.406,0.611,33.406,1.0,1.3924108160288588e-16,drift,276,1.072,30668,hst,1,8.072
TSOPF_RS_b39_c30,60098,1079986,8,0.05,20,False,400,256,14.618694,0.434683,0.527055,0.825,27.737,1.0,0.711292,0.438548,33.334,0.991,1,0.434683,hst,20.552,33.631,0.611,33.631,1.0,1.3924108160288588e-16,drift,256,1.081,30672,hst,1,8.141
TSOPF_RS_b39_c30,60098,1079986,8,0.05,21,False,400,138,14.355105,0.431451,0.448027,0.963,32.041,1.0,0.705582,0.433428,33.12,0.995,1,0.431451,hst,20.345,33.272,0.611,33.272,1.0,1.3924108160288588e-16,drift,39,1.017,30444,hst,1,8.141
TSOPF_RS_b39_c30,60098,1079986,8,0.25,17,False,400,256,14.682139,0.431567,0.579718,0.744,25.326,1.0,0.713957,0.441494,33.256,0.978,1,0.431567,hst,20.564,34.021,0.604,34.021,1.0,1.3924108160288588e-16,drift,284,1.148,30508,hst,1,8.23
TSOPF_RS_b39_c30,60098,1079986,8,0.25,18,False,400,256,14.656868,0.44291,0.707901,0.626,20.705,1.0,0.720827,0.448312,32.693,0.988,1,0.44291,hst,20.333,33.092,0.614,33.092,1.0,1.3924108160288588e-16,drift,388,1.249,30532,hst,1,8.199
TSOPF_RS_b39_c30,60098,1079986,8,0.25,19,False,400,256,14.63418,0.411553,0.473513,0.869,30.906,1.0,0.692853,0.419983,34.845,0.98,1,0.411553,hst,21.122,35.558,0.594,35.558,1.0,1.3924108160288588e-16,drift,202,1.08,30516,hst,1,8.18
TSOPF_RS_b39_c30,60098,1079986,8,0.25,20,False,400,256,14.658637,0.439119,0.573765,0.765,25.548,1.0,0.714605,0.443227,33.073,0.991,1,0.439119,hst,20.513,33.382,0.614,33.382,1.0,1.3924108160288588e-16,drift,336,1.201,30540,hst,1,8.169
TSOPF_RS_b39_c30,60098,1079986,8,0.25,21,False,400,138,14.430449,0.431499,0.648452,0.665,22.254,1.0,0.707787,0.437276,33.001,0.987,1,0.431499,hst,20.388,33.443,0.61,33.443,1.0,1.3924108160288588e-16,drift,389,1.295,30526,hst,1,8.093
bcspwr10,5300,21842,8,0.0,17,False,400,256,0.006185,0.035258,0.030503,1.156,0.203,1.0,0.007305,0.006936,0.892,0.892,,0.006185,delta_baseline,0.847,1.0,0.847,1.0,5.7,1.871280638170483e-16,drift,0,1.0,3622,delta_baseline,0,0.0
bcspwr10,5300,21842,8,0.0,18,False,400,256,0.006128,0.035858,0.03092,1.16,0.198,1.0,0.007445,0.007099,0.863,0.863,,0.006128,delta_baseline,0.823,1.0,0.823,1.0,5.852,3.513861746800697e-16,drift,0,1.0,3653,delta_baseline,0,0.0
bcspwr10,5300,21842,8,0.0,19,False,400,256,0.006056,0.033169,0.029207,1.136,0.207,1.0,0.007384,0.007071,0.856,0.856,,0.006056,delta_baseline,0.82,1.0,0.82,1.0,5.477,2.258919437555397e-16,drift,0,1.0,3393,delta_baseline,0,0.0
bcspwr10,5300,21842,8,0.0,20,False,400,256,0.006227,0.031056,0.027467,1.131,0.227,1.0,0.007285,0.006965,0.894,0.894,,0.006227,delta_baseline,0.855,1.0,0.855,1.0,4.988,1.5260920413345594e-16,drift,0,1.0,3187,delta_baseline,0,0.0
bcspwr10,5300,21842,8,0.0,21,False,400,256,0.005979,0.033129,0.0288,1.15,0.208,1.0,0.007413,0.007084,0.844,0.844,,0.005979,delta_baseline,0.807,1.0,0.807,1.0,5.541,3.1586084160755566e-16,drift,0,1.0,3363,delta_baseline,0,0.0
bcspwr10,5300,21842,8,0.002,17,False,400,256,0.08195,0.061954,0.083644,0.741,0.98,1.0,0.083237,0.068751,1.192,0.901,275,0.061954,hst,0.985,1.323,0.744,1.323,1.0,1.871280638170483e-16,drift,318,3.896,3616,hst,1,3.625
bcspwr10,5300,21842,8,0.002,18,False,400,256,0.084483,0.064018,0.092538,0.692,0.913,1.0,0.086847,0.072147,1.171,0.887,306,0.064018,hst,0.973,1.32,0.737,1.32,1.0,3.513861746800697e-16,drift,332,4.065,3685,hst,1,3.77
bcspwr10,5300,21842,8,0.002,19,False,400,256,0.083084,0.059515,0.081373,0.731,1.021,1.0,0.08148,0.065981,1.259,0.902,219,0.059515,hst,1.02,1.396,0.73,1.396,1.0,2.258919437555397e-16,drift,300,3.897,3605,hst,1,3.739
bcspwr10,5300,21842,8,0.002,20,False,400,256,0.08144,0.055354,0.072007,0.769,1.131,1.0,0.077166,0.062568,1.302,0.885,182,0.055354,hst,1.055,1.471,0.717,1.471,1.0,1.5260920413345594e-16,drift,284,4.07,3436,hst,1,3.428
bcspwr10,5300,21842,8,0.002,21,False,400,256,0.077286,0.06032,0.081325,0.742,0.95,1.0,0.081916,0.067259,1.149,0.897,375,0.06032,hst,0.943,1.281,0.736,1.281,1.0,3.1586084160755566e-16,drift,311,4.088,3607,hst,1,3.763
bcspwr10,5300,21842,8,0.01,17,False,400,256,0.087403,0.069614,0.124301,0.56,0.703,1.0,0.092211,0.076717,1.139,0.907,377,0.069614,hst,0.948,1.256,0.755,1.256,1.0,1.871280638170483e-16,drift,396,4.405,3614,hst,1,4.028
bcspwr10,5300,21842,8,0.01,18,False,400,256,0.090237,0.071185,0.129837,0.548,0.695,1.0,0.09668,0.080966,1.114,0.879,461,0.071185,hst,0.933,1.268,0.736,1.268,1.0,3.513861746800697e-16,drift,398,4.352,3675,hst,1,4.27
bcspwr10,5300,21842,8,0.01,19,False,400,256,0.086214,0.06894,0.117715,0.586,0.732,1.0,0.092342,0.077116,1.118,0.894,443,0.06894,hst,0.934,1.251,0.747,1.251,1.0,2.258919437555397e-16,drift,394,3.721,3603,hst,1,4.035
bcspwr10,5300,21842,8,0.01,20,False,400,256,0.087876,0.069046,0.122516,0.564,0.717,1.0,0.092328,0.077596,1.132,0.89,383,0.069046,hst,0.952,1.273,0.748,1.273,1.0,1.5260920413345594e-16,drift,396,4.565,3681,hst,1,3.941
bcspwr10,5300,21842,8,0.01,21,False,400,256,0.081631,0.068163,0.120585,0.565,0.677,1.0,0.091342,0.076709,1.064,0.889,797,0.068163,hst,0.894,1.198,0.746,1.198,1.0,3.1586084160755566e-16,drift,393,5.058,3594,hst,1,3.924
bcspwr10,5300,21842,8,0.05,17,False,400,256,0.09597,0.07712,0.207269,0.372,0.463,1.0,0.100947,0.085777,1.119,0.899,416,0.07712,hst,0.951,1.244,0.764,1.244,1.0,1.871280638170483e-16,drift,399,5.042,3769,hst,1,4.242
bcspwr10,5300,21842,8,0.05,18,False,400,256,0.096024,0.078234,0.210187,0.372,0.457,1.0,0.102247,0.086478,1.11,0.905,463,0.078234,hst,0.939,1.227,0.765,1.227,1.0,3.513861746800697e-16,drift,399,4.702,3793,hst,1,4.418
bcspwr10,5300,21842,8,0.05,19,False,400,256,0.092966,0.077824,0.204143,0.381,0.455,1.0,0.101142,0.085965,1.081,0.905,606,0.077824,hst,0.919,1.195,0.769,1.195,1.0,2.258919437555397e-16,drift,399,4.296,3859,hst,1,4.24
bcspwr10,5300,21842,8,0.05,20,False,400,256,0.093664,0.077088,0.205397,0.375,0.456,1.0,0.100349,0.085672,1.093,0.9,510,0.077088,hst,0.933,1.215,0.768,1.215,1.0,1.5260920413345594e-16,drift,399,4.68,3796,hst,1,4.077
bcspwr10,5300,21842,8,0.05,21,False,400,256,0.089349,0.078224,0.207189,0.378,0.431,1.0,0.10058,0.085741,1.042,0.912,1168,0.078224,hst,0.888,1.142,0.778,1.142,1.0,3.1586084160755566e-16,drift,399,6.014,3826,hst,1,4.215
bcspwr10,5300,21842,8,0.25,17,False,400,256,0.097617,0.084806,0.454905,0.186,0.215,1.0,0.107122,0.092,1.061,0.922,775,0.084806,hst,0.911,1.151,0.792,1.151,1.0,1.871280638170483e-16,drift,399,5.326,3593,hst,1,4.351
bcspwr10,5300,21842,8,0.25,18,False,400,256,0.099643,0.083056,0.452475,0.184,0.22,1.0,0.107431,0.091453,1.09,0.908,550,0.083056,hst,0.928,1.2,0.773,1.2,1.0,3.513861746800697e-16,drift,399,3.954,3852,hst,1,4.505
bcspwr10,5300,21842,8,0.25,19,False,400,256,0.094073,0.082017,0.432872,0.189,0.217,1.0,0.10613,0.09056,1.039,0.906,1248,0.082017,hst,0.886,1.147,0.773,1.147,1.0,2.258919437555397e-16,drift,399,2.675,3871,hst,1,4.386
bcspwr10,5300,21842,8,0.25,20,False,400,256,0.097113,0.082522,0.44241,0.187,0.22,1.0,0.106472,0.090969,1.068,0.907,707,0.082522,hst,0.912,1.177,0.775,1.177,1.0,1.5260920413345594e-16,drift,399,3.996,3816,hst,1,4.341
bcspwr10,5300,21842,8,0.25,21,False,400,256,0.094704,0.083203,0.446289,0.186,0.212,1.0,0.105623,0.091011,1.041,0.914,1165,0.083203,hst,0.897,1.138,0.788,1.138,1.0,3.1586084160755566e-16,drift,399,1.681,3686,hst,1,4.304
scircuit,170998,958936,8,0.0,17,False,400,256,0.024747,0.066075,0.056717,1.165,0.436,1.0,0.030636,0.029785,0.831,0.831,,0.024747,delta_baseline,0.808,1.0,0.808,1.0,2.67,2.6050372849850016e-16,drift,0,1.0,1855,delta_baseline,0,0.0
scircuit,170998,958936,8,0.0,18,False,400,256,0.021722,0.038477,0.02961,1.299,0.734,1.0,0.01668,0.016177,1.343,1.343,0,0.021722,delta_baseline,1.302,1.0,1.302,1.0,1.771,2.0386846321125864e-16,drift,0,1.0,774,delta_baseline,0,0.0
scircuit,170998,958936,8,0.0,19,False,400,256,0.018486,0.071271,0.052265,1.364,0.354,1.0,0.022161,0.021395,0.864,0.864,,0.018486,delta_baseline,0.834,1.0,0.834,1.0,3.855,1.8803246323926756e-16,drift,0,1.0,3169,delta_baseline,0,0.0
scircuit,170998,958936,8,0.0,20,False,400,256,0.013832,0.038135,0.029896,1.276,0.463,1.0,0.017199,0.01671,0.828,0.828,,0.013832,delta_baseline,0.804,1.0,0.804,1.0,2.757,2.757259758035496e-16,drift,0,1.0,772,delta_baseline,0,0.0
scircuit,170998,958936,8,0.0,21,False,400,256,0.020899,0.058561,0.04778,1.226,0.437,1.0,0.023771,0.022927,0.912,0.912,,0.020899,delta_baseline,0.879,1.0,0.879,1.0,2.802,5.194813152189734e-16,drift,0,1.0,3198,delta_baseline,0,0.0
scircuit,170998,958936,8,0.002,17,False,400,256,0.168591,0.102299,0.052929,1.933,3.185,1.933,0.15874,0.081178,2.077,1.26,285,0.102299,hst,1.062,1.648,0.644,1.648,1.0,2.6050372849850016e-16,drift,88,2.857,2060,hst,1,24.935
scircuit,170998,958936,8,0.002,18,False,400,256,0.115431,0.04686,0.035367,1.325,3.264,1.325,0.127673,0.057822,1.996,0.81,429,0.04686,hst,0.904,2.463,0.367,2.463,1.0,2.0386846321125864e-16,drift,39,1.85,883,hst,1,24.738
scircuit,170998,958936,8,0.002,19,False,400,256,0.207777,0.113745,0.100372,1.133,2.07,1.133,0.209206,0.127553,1.629,0.892,359,0.113745,hst,0.993,1.827,0.544,1.827,1.0,1.8803246323926756e-16,drift,179,3.16,3062,hst,1,28.767
scircuit,170998,958936,8,0.002,20,False,400,256,0.114315,0.051099,0.03887,1.315,2.941,1.315,0.132518,0.066722,1.713,0.766,521,0.051099,hst,0.863,2.237,0.386,2.237,1.0,2.757259758035496e-16,drift,59,2.158,852,hst,1,24.819
scircuit,170998,958936,8,0.002,21,False,400,256,0.213975,0.081893,0.073655,1.112,2.905,1.112,0.175488,0.0959,2.231,0.854,226,0.081893,hst,1.219,2.613,0.467,2.613,1.0,5.194813152189734e-16,drift,133,3.667,3062,hst,1,26.694
scircuit,170998,958936,8,0.01,17,False,400,256,0.199779,0.092339,0.09216,1.002,2.168,1.002,0.184056,0.109198,1.83,0.846,288,0.092339,hst,1.085,2.164,0.502,2.164,1.0,2.6050372849850016e-16,drift,243,4.624,2959,hst,1,26.043
scircuit,170998,958936,8,0.01,18,False,400,256,0.120744,0.0656,0.048883,1.342,2.47,1.342,0.15032,0.080104,1.507,0.819,628,0.0656,hst,0.803,1.841,0.436,1.841,1.0,2.0386846321125864e-16,drift,160,3.349,954,hst,1,25.541
scircuit,170998,958936,8,0.01,19,False,400,256,0.218635,0.12492,0.140599,0.888,1.555,1.0,0.220465,0.141304,1.547,0.884,361,0.12492,hst,0.992,1.75,0.567,1.75,1.0,1.8803246323926756e-16,drift,348,3.357,3211,hst,1,27.906
scircuit,170998,958936,8,0.01,20,False,400,256,0.11754,0.070588,0.056874,1.241,2.067,1.241,0.158916,0.089785,1.309,0.786,915,0.070588,hst,0.74,1.665,0.444,1.665,1.0,2.757259758035496e-16,drift,190,3.612,1048,hst,1,25.382
scircuit,170998,958936,8,0.01,21,False,400,256,0.220703,0.109925,0.116768,0.941,1.89,1.0,0.204964,0.125075,1.765,0.879,287,0.109925,hst,1.077,2.008,0.536,2.008,1.0,5.194813152189734e-16,drift,302,4.866,3224,hst,1,27.433
scircuit,170998,958936,8,0.05,17,False,400,256,0.230077,0.135193,0.214689,0.63,1.072,1.0,0.22407,0.151672,1.517,0.891,342,0.135193,hst,1.027,1.702,0.603,1.702,1.0,2.6050372849850016e-16,drift,396,5.367,5093,hst,1,26.777
scircuit,170998,958936,8,0.05,18,False,400,256,0.127601,0.092635,0.091207,1.016,1.399,1.016,0.177902,0.109244,1.168,0.848,1404,0.092635,hst,0.717,1.377,0.521,1.377,1.0,2.0386846321125864e-16,drift,380,2.726,1275,hst,1,25.772
scircuit,170998,958936,8,0.05,19,False,400,256,0.216357,0.135982,0.216026,0.629,1.002,1.0,0.230657,0.151415,1.429,0.898,437,0.135982,hst,0.938,1.591,0.59,1.591,1.0,1.8803246323926756e-16,drift,399,4.662,3418,hst,1,28.407
scircuit,170998,958936,8,0.05,20,False,400,256,0.127624,0.090917,0.088381,1.029,1.444,1.029,0.175323,0.106322,1.2,0.855,1216,0.090917,hst,0.728,1.404,0.519,1.404,1.0,2.757259758035496e-16,drift,375,2.948,1325,hst,1,25.905
scircuit,170998,958936,8,0.05,21,False,400,256,0.23626,0.150201,0.261243,0.575,0.904,1.0,0.245486,0.164947,1.432,0.911,400,0.150201,hst,0.962,1.573,0.612,1.573,1.0,5.194813152189734e-16,drift,399,5.604,7131,hst,1,28.534
scircuit,170998,958936,8,0.25,17,False,400,256,0.232261,0.163939,0.502505,0.326,0.462,1.0,0.249257,0.175318,1.325,0.935,471,0.163939,hst,0.932,1.417,0.658,1.417,1.0,2.6050372849850016e-16,drift,399,3.178,4736,hst,1,26.841
scircuit,170998,958936,8,0.25,18,False,400,256,0.160573,0.112242,0.22041,0.509,0.729,1.0,0.195124,0.129659,1.238,0.866,806,0.112242,hst,0.823,1.431,0.575,1.431,1.0,2.0386846321125864e-16,drift,399,1.744,2823,hst,1,24.918
scircuit,170998,958936,8,0.25,19,False,400,256,0.231691,0.155385,0.475625,0.327,0.487,1.0,0.248138,0.166853,1.389,0.931,449,0.155385,hst,0.934,1.491,0.626,1.491,1.0,1.8803246323926756e-16,drift,399,3.197,3728,hst,1,29.088
scircuit,170998,958936,8,0.25,20,False,400,256,0.15292,0.109942,0.211235,0.52,0.724,1.0,0.1941,0.127522,1.199,0.862,991,0.109942,hst,0.788,1.391,0.566,1.391,1.0,2.757259758035496e-16,drift,399,3.948,2775,hst,1,25.163
scircuit,170998,958936,8,0.25,21,False,400,256,0.231074,0.159926,0.501886,0.319,0.46,1.0,0.25666,0.176159,1.312,0.908,527,0.159926,hst,0.9,1.445,0.623,1.445,1.0,5.194813152189734e-16,drift,399,3.494,4980,hst,1,28.934
ct20stif,52329,2600295,8,0.0,17,False,400,256,0.027131,0.052007,0.045129,1.152,0.601,1.0,0.029301,0.027398,0.99,0.99,,0.027131,delta_baseline,0.926,1.0,0.926,1.0,1.917,3.403944480715774e-16,drift,0,1.0,1371,delta_baseline,0,0.0
ct20stif,52329,2600295,8,0.0,18,False,400,256,0.020908,0.035166,0.031103,1.131,0.672,1.0,0.022602,0.021205,0.986,0.986,,0.020908,delta_baseline,0.925,1.0,0.925,1.0,1.682,3.351339203340676e-16,drift,0,1.0,708,delta_baseline,0,0.0
ct20stif,52329,2600295,8,0.0,19,False,400,256,0.023027,0.039283,0.036715,1.07,0.627,1.0,0.025667,0.024042,0.958,0.958,,0.023027,delta_baseline,0.897,1.0,0.897,1.0,1.706,2.600013994931016e-16,drift,0,1.0,1065,delta_baseline,0,0.0
ct20stif,52329,2600295,8,0.0,20,False,400,256,0.024476,0.041369,0.037534,1.102,0.652,1.0,0.026423,0.024714,0.99,0.99,,0.024476,delta_baseline,0.926,1.0,0.926,1.0,1.69,5.949530076200267e-16,drift,0,1.0,1140,delta_baseline,0,0.0
ct20stif,52329,2600295,8,0.0,21,False,400,256,0.027801,0.047059,0.043144,1.091,0.644,1.0,0.0294,0.027482,1.012,1.012,0,0.027801,delta_baseline,0.946,1.0,0.946,1.0,1.693,4.493998728164776e-16,drift,0,1.0,1421,delta_baseline,0,0.0
ct20stif,52329,2600295,8,0.002,17,False,400,256,0.741193,0.086066,0.076219,1.129,9.724,1.129,0.101189,0.085449,8.674,1.007,2,0.086066,hst,7.325,8.612,0.851,8.612,1.0,3.403944480715774e-16,drift,64,2.211,2347,hst,1,1.355
ct20stif,52329,2600295,8,0.002,18,False,400,256,0.460167,0.043491,0.038243,1.137,12.033,1.137,0.056309,0.045357,10.146,0.959,3,0.043491,hst,8.172,10.581,0.772,10.581,1.0,3.351339203340676e-16,drift,16,1.887,879,hst,1,1.143
ct20stif,52329,2600295,8,0.002,19,False,400,256,0.580267,0.065156,0.062086,1.049,9.346,1.049,0.080991,0.06939,8.362,0.939,2,0.065156,hst,7.165,8.906,0.804,8.906,1.0,2.600013994931016e-16,drift,70,2.322,1628,hst,1,1.258
ct20stif,52329,2600295,8,0.002,20,False,400,256,0.637125,0.065472,0.060949,1.074,10.453,1.074,0.083521,0.068881,9.25,0.951,2,0.065472,hst,7.628,9.731,0.784,9.731,1.0,5.949530076200267e-16,drift,63,2.178,1527,hst,1,1.261
ct20stif,52329,2600295,8,0.002,21,False,400,256,0.723851,0.069193,0.064289,1.076,11.259,1.076,0.099574,0.073659,9.827,0.939,8,0.069193,hst,7.27,10.461,0.695,10.461,1.0,4.493998728164776e-16,drift,58,2.342,2200,hst,1,5.148
ct20stif,52329,2600295,8,0.01,17,False,400,256,0.779043,0.090711,0.089241,1.016,8.73,1.016,0.113152,0.098132,7.939,0.924,2,0.090711,hst,6.885,8.588,0.802,8.588,1.0,3.403944480715774e-16,drift,153,3.121,2523,hst,1,1.376
ct20stif,52329,2600295,8,0.01,18,False,400,256,0.487471,0.051691,0.048882,1.057,9.972,1.057,0.067069,0.055878,8.724,0.925,3,0.051691,hst,7.268,9.431,0.771,9.431,1.0,3.351339203340676e-16,drift,64,2.341,941,hst,1,1.107
ct20stif,52329,2600295,8,0.01,19,False,400,256,0.590974,0.076175,0.077409,0.984,7.634,1.0,0.094804,0.082165,7.193,0.927,2,0.076175,hst,6.234,7.758,0.803,7.758,1.0,2.600013994931016e-16,drift,155,3.51,1720,hst,1,1.242
ct20stif,52329,2600295,8,0.01,20,False,400,256,0.666258,0.085858,0.081119,1.058,8.213,1.058,0.114627,0.092417,7.209,0.929,8,0.085858,hst,5.812,7.76,0.749,7.76,1.0,5.949530076200267e-16,drift,169,4.103,2046,hst,1,4.755
ct20stif,52329,2600295,8,0.01,21,False,400,256,0.767756,0.078504,0.082244,0.955,9.335,1.0,0.099401,0.084301,9.107,0.931,2,0.078504,hst,7.724,9.78,0.79,9.78,1.0,4.493998728164776e-16,drift,118,3.196,2442,hst,1,1.282
ct20stif,52329,2600295,8,0.05,17,False,400,256,0.784737,0.112393,0.145479,0.773,5.394,1.0,0.133561,0.118512,6.622,0.948,2,0.112393,hst,5.875,6.982,0.842,6.982,1.0,3.403944480715774e-16,drift,353,3.518,2167,hst,1,1.386
ct20stif,52329,2600295,8,0.05,18,False,400,256,0.518435,0.08421,0.090322,0.932,5.74,1.0,0.100717,0.090856,5.706,0.927,3,0.08421,hst,5.147,6.156,0.836,6.156,1.0,3.351339203340676e-16,drift,308,3.208,1062,hst,1,1.134
ct20stif,52329,2600295,8,0.05,19,False,400,256,0.634265,0.101977,0.128075,0.796,4.952,1.0,0.120523,0.108461,5.848,0.94,2,0.101977,hst,5.263,6.22,0.846,6.22,1.0,2.600013994931016e-16,drift,347,2.951,2293,hst,1,1.257
ct20stif,52329,2600295,8,0.05,20,False,400,256,0.664762,0.112078,0.139333,0.804,4.771,1.0,0.128499,0.115793,5.741,0.968,3,0.112078,hst,5.173,5.931,0.872,5.931,1.0,5.949530076200267e-16,drift,362,2.021,2448,hst,1,1.398
ct20stif,52329,2600295,8,0.05,21,False,400,256,0.68602,0.094616,0.109711,0.862,6.253,1.0,0.117186,0.101106,6.785,0.936,2,0.094616,hst,5.854,7.251,0.807,7.251,1.0,4.493998728164776e-16,drift,310,2.721,1156,hst,1,1.414
ct20stif,52329,2600295,8,0.25,17,False,400,256,0.787894,0.129233,0.325381,0.397,2.421,1.0,0.14654,0.129812,6.07,0.996,2,0.129233,hst,5.377,6.097,0.882,6.097,1.0,3.403944480715774e-16,drift,399,3.589,1826,hst,1,1.545
ct20stif,52329,2600295,8,0.25,18,False,400,256,0.561811,0.102971,0.209725,0.491,2.679,1.0,0.11867,0.107056,5.248,0.962,3,0.102971,hst,4.734,5.456,0.868,5.456,1.0,3.351339203340676e-16,drift,397,1.248,1518,hst,1,1.317
ct20stif,52329,2600295,8,0.25,19,False,400,256,0.706273,0.119665,0.28147,0.425,2.509,1.0,0.133543,0.120672,5.853,0.992,2,0.119665,hst,5.289,5.902,0.896,5.902,1.0,2.600013994931016e-16,drift,399,3.722,2768,hst,1,1.427
ct20stif,52329,2600295,8,0.25,20,False,400,256,0.691816,0.122608,0.30743,0.399,2.25,1.0,0.140071,0.127126,5.442,0.964,2,0.122608,hst,4.939,5.642,0.875,5.642,1.0,5.949530076200267e-16,drift,399,3.928,2908,hst,1,1.341
ct20stif,52329,2600295,8,0.25,21,False,400,256,0.758951,0.124461,0.313932,0.396,2.418,1.0,0.141197,0.125736,6.036,0.99,2,0.124461,hst,5.375,6.098,0.881,6.098,1.0,4.493998728164776e-16,drift,399,3.855,1945,hst,1,1.384
memplus,17758,99147,8,0.0,17,False,400,256,0.038475,0.066291,0.058101,1.141,0.662,1.0,0.040383,0.03801,1.012,1.012,0,0.038475,delta_baseline,0.953,1.0,0.953,1.0,1.723,3.582437197197559e-16,drift,0,1.0,8170,delta_baseline,0,0.0
memplus,17758,99147,8,0.0,18,False,400,256,0.038339,0.066504,0.059082,1.126,0.649,1.0,0.040668,0.038348,1.0,1.0,,0.038339,delta_baseline,0.943,1.0,0.943,1.0,1.735,3.582443742956908e-16,drift,0,1.0,8169,delta_baseline,0,0.0
memplus,17758,99147,8,0.0,19,False,400,256,0.034837,0.053109,0.049073,1.082,0.71,1.0,0.036932,0.034804,1.001,1.001,0,0.034837,delta_baseline,0.943,1.0,0.943,1.0,1.525,4.41481093913526e-16,drift,0,1.0,7075,delta_baseline,0,0.0
memplus,17758,99147,8,0.0,20,False,400,256,0.039274,0.064759,0.058979,1.098,0.666,1.0,0.040194,0.037746,1.04,1.04,0,0.039274,delta_baseline,0.977,1.0,0.977,1.0,1.649,3.582437197197559e-16,drift,0,1.0,8190,delta_baseline,0,0.0
memplus,17758,99147,8,0.0,21,False,400,256,0.038221,0.063991,0.05809,1.102,0.658,1.0,0.040288,0.037978,1.006,1.006,0,0.038221,delta_baseline,0.949,1.0,0.949,1.0,1.674,3.582437197197559e-16,drift,0,1.0,8145,delta_baseline,0,0.0
memplus,17758,99147,8,0.002,17,False,400,256,0.754349,0.081759,0.083041,0.985,9.084,1.0,0.103946,0.084913,8.884,0.963,2,0.081759,hst,7.257,9.226,0.787,9.226,1.0,3.582437197197559e-16,drift,119,2.125,8284,hst,1,1.255
memplus,17758,99147,8,0.002,18,False,400,256,0.766335,0.080747,0.079904,1.011,9.591,1.011,0.104309,0.084875,9.029,0.951,2,0.080747,hst,7.347,9.491,0.774,9.491,1.0,3.582443742956908e-16,drift,111,1.907,8314,hst,1,1.233
memplus,17758,99147,8,0.002,19,False,400,256,0.840423,0.075146,0.078283,0.96,10.736,1.0,0.096884,0.07967,10.549,0.943,1,0.075146,hst,8.674,11.184,0.776,11.184,1.0,4.41481093913526e-16,drift,116,2.098,8458,hst,1,1.103
memplus,17758,99147,8,0.002,20,False,400,256,0.767965,0.082769,0.084813,0.976,9.055,1.0,0.105924,0.087284,8.798,0.948,2,0.082769,hst,7.25,9.278,0.781,9.278,1.0,3.582437197197559e-16,drift,121,2.018,8770,hst,1,1.198
memplus,17758,99147,8,0.002,21,False,400,256,0.820327,0.082119,0.081609,1.006,10.052,1.006,0.124071,0.08493,9.659,0.967,12,0.082119,hst,6.612,9.99,0.662,9.99,1.0,3.582437197197559e-16,drift,111,1.772,8843,hst,1,9.1
memplus,17758,99147,8,0.01,17,False,400,256,0.784519,0.091523,0.105811,0.865,7.414,1.0,0.11449,0.095891,8.181,0.954,2,0.091523,hst,6.852,8.572,0.799,8.572,1.0,3.582437197197559e-16,drift,250,2.629,8167,hst,1,1.213
memplus,17758,99147,8,0.01,18,False,400,256,0.814956,0.095851,0.113141,0.847,7.203,1.0,0.118715,0.100091,8.142,0.958,2,0.095851,hst,6.865,8.502,0.807,8.502,1.0,3.582443742956908e-16,drift,274,2.654,8270,hst,1,1.214
memplus,17758,99147,8,0.01,19,False,400,256,0.84736,0.088979,0.104065,0.855,8.143,1.0,0.111459,0.094916,8.927,0.937,1,0.088979,hst,7.602,9.523,0.798,9.523,1.0,4.41481093913526e-16,drift,254,2.934,7870,hst,1,1.106
memplus,17758,99147,8,0.01,20,False,400,256,0.820159,0.092457,0.109349,0.846,7.5,1.0,0.116306,0.097595,8.404,0.947,2,0.092457,hst,7.052,8.871,0.795,8.871,1.0,3.582437197197559e-16,drift,259,2.895,8049,hst,1,1.253
memplus,17758,99147,8,0.01,21,False,400,256,0.832613,0.092988,0.107656,0.864,7.734,1.0,0.117839,0.099304,8.385,0.936,2,0.092988,hst,7.066,8.954,0.789,8.954,1.0,3.582437197197559e-16,drift,264,2.73,8266,hst,1,1.237
memplus,17758,99147,8,0.05,17,False,400,256,0.817187,0.1075,0.174414,0.616,4.685,1.0,0.12968,0.112152,7.286,0.959,2,0.1075,hst,6.302,7.602,0.829,7.602,1.0,3.582437197197559e-16,drift,392,3.276,8396,hst,1,1.253
memplus,17758,99147,8,0.05,18,False,400,256,0.818387,0.107283,0.182419,0.588,4.486,1.0,0.132331,0.112834,7.253,0.951,2,0.107283,hst,6.184,7.628,0.811,7.628,1.0,3.582443742956908e-16,drift,393,3.719,8364,hst,1,1.327
memplus,17758,99147,8,0.05,19,False,400,256,0.846984,0.107646,0.17539,0.614,4.829,1.0,0.130901,0.113485,7.463,0.949,2,0.107646,hst,6.47,7.868,0.822,7.868,1.0,4.41481093913526e-16,drift,390,3.617,8213,hst,1,1.179
memplus,17758,99147,8,0.05,20,False,400,256,0.880652,0.119146,0.224653,0.53,3.92,1.0,0.144019,0.125643,7.009,0.948,2,0.119146,hst,6.115,7.391,0.827,7.391,1.0,3.582437197197559e-16,drift,397,1.595,9104,hst,1,1.325
memplus,17758,99147,8,0.05,21,False,400,256,0.835987,0.105346,0.178599,0.59,4.681,1.0,0.130614,0.111858,7.474,0.942,2,0.105346,hst,6.4,7.936,0.807,7.936,1.0,3.582437197197559e-16,drift,396,3.885,8378,hst,1,1.326
memplus,17758,99147,8,0.25,17,False,400,256,0.797252,0.120114,0.356428,0.337,2.237,1.0,0.140799,0.123071,6.478,0.976,2,0.120114,hst,5.662,6.637,0.853,6.637,1.0,3.582437197197559e-16,drift,399,3.41,9493,hst,1,1.29
memplus,17758,99147,8,0.25,18,False,400,256,0.81138,0.122886,0.418043,0.294,1.941,1.0,0.14627,0.127964,6.341,0.96,2,0.122886,hst,5.547,6.603,0.84,6.603,1.0,3.582443742956908e-16,drift,399,3.6,9240,hst,1,1.321
memplus,17758,99147,8,0.25,19,False,400,256,0.809604,0.124037,0.406449,0.305,1.992,1.0,0.143376,0.127544,6.348,0.973,2,0.124037,hst,5.647,6.527,0.865,6.527,1.0,4.41481093913526e-16,drift,399,2.256,8983,hst,1,1.254
memplus,17758,99147,8,0.25,20,False,400,256,0.803493,0.115702,0.347673,0.333,2.311,1.0,0.139473,0.121438,6.616,0.953,2,0.115702,hst,5.761,6.945,0.83,6.945,1.0,3.582437197197559e-16,drift,399,2.551,9009,hst,1,1.338
memplus,17758,99147,8,0.25,21,False,400,256,0.799493,0.118201,0.360271,0.328,2.219,1.0,0.140979,0.123561,6.47,0.957,2,0.118201,hst,5.671,6.764,0.838,6.764,1.0,3.582437197197559e-16,drift,399,2.154,8111,hst,1,1.258
TSOPF_RS_b162_c3,15374,610299,8,0.0,17,False,400,256,0.23371,0.267526,0.259308,1.032,0.901,1.0,0.236194,0.213181,1.096,1.096,0,0.23371,delta_baseline,0.989,1.0,0.989,1.0,1.145,1.2582477660838618e-16,drift,0,1.0,7920,delta_baseline,0,0.0
TSOPF_RS_b162_c3,15374,610299,8,0.0,18,False,400,256,0.233215,0.267762,0.260245,1.029,0.896,1.0,0.235945,0.213329,1.093,1.093,0,0.233215,delta_baseline,0.988,1.0,0.988,1.0,1.148,1.2582477660838618e-16,drift,0,1.0,7924,delta_baseline,0,0.0
TSOPF_RS_b162_c3,15374,610299,8,0.0,19,False,400,256,0.233149,0.267242,0.260305,1.027,0.896,1.0,0.235561,0.213008,1.095,1.095,0,0.233149,delta_baseline,0.99,1.0,0.99,1.0,1.146,1.2582477660838618e-16,drift,0,1.0,7924,delta_baseline,0,0.0
TSOPF_RS_b162_c3,15374,610299,8,0.0,20,False,400,256,0.232999,0.267291,0.259084,1.032,0.899,1.0,0.236143,0.213328,1.092,1.092,0,0.232999,delta_baseline,0.987,1.0,0.987,1.0,1.147,1.2582477660838618e-16,drift,0,1.0,7920,delta_baseline,0,0.0
TSOPF_RS_b162_c3,15374,610299,8,0.0,21,False,400,256,0.235122,0.268697,0.263738,1.019,0.891,1.0,0.237284,0.214672,1.095,1.095,0,0.235122,delta_baseline,0.991,1.0,0.991,1.0,1.143,1.172605067740121e-16,drift,0,1.0,7926,delta_baseline,0,0.0
TSOPF_RS_b162_c3,15374,610299,8,0.002,17,False,400,256,8.489638,0.26843,0.236433,1.135,35.907,1.135,0.411225,0.270293,31.409,0.993,1,0.26843,hst,20.645,31.627,0.653,31.627,1.0,1.2582477660838618e-16,drift,77,1.084,8132,hst,1,4.305
TSOPF_RS_b162_c3,15374,610299,8,0.002,18,False,400,256,8.484418,0.262252,0.268519,0.977,31.597,1.0,0.43154,0.268253,31.628,0.978,1,0.262252,hst,19.661,32.352,0.608,32.352,1.0,1.2582477660838618e-16,drift,58,1.078,8129,hst,1,4.454
TSOPF_RS_b162_c3,15374,610299,8,0.002,19,False,400,256,8.45248,0.263859,0.237776,1.11,35.548,1.11,0.411153,0.268902,31.433,0.981,1,0.263859,hst,20.558,32.034,0.642,32.034,1.0,1.2582477660838618e-16,drift,70,1.102,8131,hst,1,4.315
TSOPF_RS_b162_c3,15374,610299,8,0.002,20,False,400,256,8.417865,0.263544,0.288161,0.915,29.212,1.0,0.412702,0.270478,31.122,0.974,1,0.263544,hst,20.397,31.941,0.639,31.941,1.0,1.2582477660838618e-16,drift,70,1.1,8137,hst,1,4.526
TSOPF_RS_b162_c3,15374,610299,8,0.002,21,False,400,256,8.422473,0.266957,0.239056,1.117,35.232,1.117,0.429817,0.266405,31.615,1.002,1,0.266957,hst,19.595,31.55,0.621,31.55,1.0,1.172605067740121e-16,drift,70,1.159,8189,hst,1,4.416
TSOPF_RS_b162_c3,15374,610299,8,0.01,17,False,400,256,8.586369,0.272841,0.28585,0.954,30.038,1.0,0.436447,0.278476,30.833,0.98,1,0.272841,hst,19.673,31.47,0.625,31.47,1.0,1.2582477660838618e-16,drift,129,1.13,8177,hst,1,4.337
TSOPF_RS_b162_c3,15374,610299,8,0.01,18,False,400,256,8.552443,0.275779,0.257043,1.073,33.272,1.073,0.443587,0.281448,30.387,0.98,1,0.275779,hst,19.28,31.012,0.622,31.012,1.0,1.2582477660838618e-16,drift,170,1.135,8175,hst,1,4.334
TSOPF_RS_b162_c3,15374,610299,8,0.01,19,False,400,256,8.127541,0.272917,0.295239,0.924,27.529,1.0,0.437388,0.277194,29.321,0.985,1,0.272917,hst,18.582,29.78,0.624,29.78,1.0,1.2582477660838618e-16,drift,138,1.133,8129,hst,1,4.429
TSOPF_RS_b162_c3,15374,610299,8,0.01,20,False,400,256,8.338867,0.269567,0.246596,1.093,33.816,1.093,0.438452,0.275704,30.246,0.978,1,0.269567,hst,19.019,30.934,0.615,30.934,1.0,1.2582477660838618e-16,drift,130,1.131,8111,hst,1,4.365
TSOPF_RS_b162_c3,15374,610299,8,0.01,21,False,400,256,8.68895,0.282924,0.296434,0.954,29.312,1.0,0.448003,0.283285,30.672,0.999,1,0.282924,hst,19.395,30.711,0.632,30.711,1.0,1.172605067740121e-16,drift,165,1.201,8231,hst,1,4.44
TSOPF_RS_b162_c3,15374,610299,8,0.05,17,False,400,256,8.244712,0.291151,0.363984,0.8,22.651,1.0,0.462377,0.298293,27.64,0.976,1,0.291151,hst,17.831,28.318,0.63,28.318,1.0,1.2582477660838618e-16,drift,332,1.582,8181,hst,1,4.425
TSOPF_RS_b162_c3,15374,610299,8,0.05,18,False,400,256,7.746173,0.292916,0.380741,0.769,20.345,1.0,0.459545,0.297466,26.041,0.985,1,0.292916,hst,16.856,26.445,0.637,26.445,1.0,1.2582477660838618e-16,drift,342,1.601,7980,hst,1,4.442
TSOPF_RS_b162_c3,15374,610299,8,0.05,19,False,400,256,8.210336,0.290807,0.315574,0.922,26.017,1.0,0.458986,0.29647,27.694,0.981,1,0.290807,hst,17.888,28.233,0.634,28.233,1.0,1.2582477660838618e-16,drift,337,1.452,8187,hst,1,4.403
TSOPF_RS_b162_c3,15374,610299,8,0.05,20,False,400,256,8.267821,0.29087,0.314796,0.924,26.264,1.0,0.461829,0.298929,27.658,0.973,1,0.29087,hst,17.902,28.424,0.63,28.424,1.0,1.2582477660838618e-16,drift,340,1.473,8126,hst,1,4.439
TSOPF_RS_b162_c3,15374,610299,8,0.05,21,False,400,256,8.195504,0.291184,0.323734,0.899,25.316,1.0,0.458486,0.296462,27.644,0.982,1,0.291184,hst,17.875,28.145,0.635,28.145,1.0,1.172605067740121e-16,drift,348,1.559,8152,hst,1,4.361
TSOPF_RS_b162_c3,15374,610299,8,0.25,17,False,400,256,8.192168,0.29246,0.404258,0.723,20.265,1.0,0.462715,0.296269,27.651,0.987,1,0.29246,hst,17.705,28.011,0.632,28.011,1.0,1.2582477660838618e-16,drift,374,5.997,7883,hst,1,4.62
TSOPF_RS_b162_c3,15374,610299,8,0.25,18,False,400,256,5.961249,0.227923,0.360406,0.632,16.54,1.0,0.394659,0.225812,26.399,1.009,1,0.227923,hst,15.105,26.155,0.578,26.155,1.0,1.2582477660838618e-16,drift,276,11.43,7874,hst,1,4.439
TSOPF_RS_b162_c3,15374,610299,8,0.25,19,False,400,256,8.857384,0.299841,0.481901,0.622,18.38,1.0,0.468596,0.304021,29.134,0.986,1,0.299841,hst,18.902,29.54,0.64,29.54,1.0,1.2582477660838618e-16,drift,393,2.431,7985,hst,1,4.405
TSOPF_RS_b162_c3,15374,610299,8,0.25,20,False,400,256,8.462474,0.291389,0.428888,0.679,19.731,1.0,0.460656,0.297008,28.492,0.981,1,0.291389,hst,18.37,29.042,0.633,29.042,1.0,1.2582477660838618e-16,drift,368,1.996,7975,hst,1,4.512
TSOPF_RS_b162_c3,15374,610299,8,0.25,21,False,400,256,8.872521,0.30258,0.462304,0.655,19.192,1.0,0.471542,0.308626,28.748,0.98,1,0.30258,hst,18.816,29.323,0.642,29.323,1.0,1.172605067740121e-16,drift,399,2.977,8079,hst,1,4.571
TSOPF_RS_b300_c1,14538,1474325,8,0.0,17,False,400,256,0.636105,0.639523,0.646141,0.99,0.984,1.0,0.639013,0.582429,1.092,1.092,0,0.636105,delta_baseline,0.995,1.0,0.995,1.0,1.005,1.1112960972222602e-16,drift,0,1.0,7435,delta_baseline,0,0.0
TSOPF_RS_b300_c1,14538,1474325,8,0.0,18,False,400,256,0.636349,0.639782,0.647186,0.989,0.983,1.0,0.639015,0.582151,1.093,1.093,0,0.636349,delta_baseline,0.996,1.0,0.996,1.0,1.005,1.1112960972222602e-16,drift,0,1.0,7435,delta_baseline,0,0.0
TSOPF_RS_b300_c1,14538,1474325,8,0.0,19,False,400,256,0.636153,0.63958,0.645177,0.991,0.986,1.0,0.638694,0.58154,1.094,1.094,0,0.636153,delta_baseline,0.996,1.0,0.996,1.0,1.005,1.1112960972222602e-16,drift,0,1.0,7435,delta_baseline,0,0.0
TSOPF_RS_b300_c1,14538,1474325,8,0.0,20,False,400,256,0.636924,0.638587,0.64607,0.988,0.986,1.0,0.639163,0.582307,1.094,1.094,0,0.636924,delta_baseline,0.996,1.0,0.996,1.0,1.003,1.1112960972222602e-16,drift,0,1.0,7435,delta_baseline,0,0.0
TSOPF_RS_b300_c1,14538,1474325,8,0.0,21,False,400,256,0.643838,0.645364,0.655459,0.985,0.982,1.0,0.647793,0.589944,1.091,1.091,0,0.643838,delta_baseline,0.994,1.0,0.994,1.0,1.002,1.4073755446586306e-16,drift,0,1.0,7314,delta_baseline,0,0.0
TSOPF_RS_b300_c1,14538,1474325,8,0.002,17,False,400,256,14.157257,0.624831,0.74794,0.835,18.928,1.0,1.035758,0.627689,22.555,0.995,1,0.624831,hst,13.668,22.658,0.603,22.658,1.0,1.1112960972222602e-16,drift,157,1.382,8008,hst,1,9.943
TSOPF_RS_b300_c1,14538,1474325,8,0.002,18,False,400,256,15.528742,0.646782,0.752818,0.859,20.627,1.0,1.059925,0.642714,24.161,1.006,1,0.646782,hst,14.651,24.009,0.61,24.009,1.0,1.1112960972222602e-16,drift,163,1.259,8025,hst,1,10.254
TSOPF_RS_b300_c1,14538,1474325,8,0.002,19,False,400,256,14.817525,0.598559,0.691166,0.866,21.438,1.0,0.993989,0.591124,25.067,1.013,1,0.598559,hst,14.907,24.755,0.602,24.755,1.0,1.1112960972222602e-16,drift,153,1.564,7990,hst,1,9.442
TSOPF_RS_b300_c1,14538,1474325,8,0.002,20,False,400,256,14.326135,0.622237,0.688585,0.904,20.805,1.0,1.023999,0.621948,23.034,1.0,1,0.622237,hst,13.99,23.024,0.608,23.024,1.0,1.1112960972222602e-16,drift,155,1.418,8040,hst,1,9.746
TSOPF_RS_b300_c1,14538,1474325,8,0.002,21,False,400,256,17.099437,0.63753,0.722169,0.883,23.678,1.0,1.055491,0.642838,26.6,0.992,1,0.63753,hst,16.2,26.821,0.604,26.821,1.0,1.4073755446586306e-16,drift,131,1.383,7966,hst,1,10.181
TSOPF_RS_b300_c1,14538,1474325,8,0.01,17,False,400,256,17.742175,0.636918,0.764694,0.833,23.202,1.0,1.035238,0.645821,27.472,0.986,1,0.636918,hst,17.138,27.856,0.615,27.856,1.0,1.1112960972222602e-16,drift,251,1.375,7911,hst,1,9.475
TSOPF_RS_b300_c1,14538,1474325,8,0.01,18,False,400,256,14.444681,0.630274,0.716732,0.879,20.154,1.0,1.043036,0.63713,22.671,0.989,1,0.630274,hst,13.849,22.918,0.604,22.918,1.0,1.1112960972222602e-16,drift,271,1.739,7717,hst,1,9.838
TSOPF_RS_b300_c1,14538,1474325,8,0.01,19,False,400,256,13.161061,0.565119,0.675531,0.837,19.483,1.0,0.962116,0.56387,23.341,1.002,1,0.565119,hst,13.679,23.289,0.587,23.289,1.0,1.1112960972222602e-16,drift,227,1.77,7812,hst,1,9.519
TSOPF_RS_b300_c1,14538,1474325,8,0.01,20,False,400,256,14.392108,0.600892,0.708773,0.848,20.306,1.0,1.007255,0.597181,24.1,1.006,1,0.600892,hst,14.288,23.951,0.597,23.951,1.0,1.1112960972222602e-16,drift,227,1.543,7827,hst,1,9.925
TSOPF_RS_b300_c1,14538,1474325,8,0.01,21,False,400,256,18.746708,0.655282,0.795052,0.824,23.579,1.0,1.069833,0.661145,28.355,0.991,1,0.655282,hst,17.523,28.609,0.613,28.609,1.0,1.4073755446586306e-16,drift,299,1.405,7973,hst,1,9.932
TSOPF_RS_b300_c1,14538,1474325,8,0.05,17,False,400,256,5.673997,0.285572,0.391074,0.73,14.509,1.0,0.662166,0.258843,21.921,1.103,2,0.285572,hst,8.569,19.869,0.431,19.869,1.0,1.1112960972222602e-16,drift,299,2.118,734,hst,1,9.335
TSOPF_RS_b300_c1,14538,1474325,8,0.05,18,False,400,256,5.575715,0.276889,0.41494,0.667,13.437,1.0,0.641436,0.249702,22.33,1.109,2,0.276889,hst,8.693,20.137,0.432,20.137,1.0,1.1112960972222602e-16,drift,313,1.314,738,hst,1,9.022
TSOPF_RS_b300_c1,14538,1474325,8,0.05,19,False,400,256,7.117305,0.318315,0.441554,0.721,16.119,1.0,0.707575,0.292795,24.308,1.087,1,0.318315,hst,10.059,22.359,0.45,22.359,1.0,1.1112960972222602e-16,drift,294,1.885,702,hst,1,9.446
TSOPF_RS_b300_c1,14538,1474325,8,0.05,20,False,400,256,6.161307,0.275949,0.397914,0.693,15.484,1.0,0.675862,0.247359,24.908,1.116,2,0.275949,hst,9.116,22.328,0.408,22.328,1.0,1.1112960972222602e-16,drift,277,1.711,728,hst,1,9.65
TSOPF_RS_b300_c1,14538,1474325,8,0.05,21,False,400,256,5.269712,0.242168,0.354116,0.684,14.881,1.0,0.610998,0.213123,24.726,1.136,2,0.242168,hst,8.625,21.761,0.396,21.761,1.0,1.4073755446586306e-16,drift,284,1.391,738,hst,1,9.027
TSOPF_RS_b300_c1,14538,1474325,8,0.25,17,False,400,256,11.756248,0.408183,0.781168,0.523,15.05,1.0,0.794337,0.38404,30.612,1.063,1,0.408183,hst,14.8,28.801,0.514,28.801,1.0,1.1112960972222602e-16,drift,391,2.666,728,hst,1,9.94
TSOPF_RS_b300_c1,14538,1474325,8,0.25,18,False,400,256,18.889257,0.607223,1.26842,0.479,14.892,1.0,1.015355,0.604124,31.267,1.005,1,0.607223,hst,18.604,31.108,0.598,31.108,1.0,1.1112960972222602e-16,drift,395,1.325,738,hst,1,9.984
TSOPF_RS_b300_c1,14538,1474325,8,0.25,19,False,400,256,4.63775,0.194447,0.330493,0.588,14.033,1.0,0.575613,0.159965,28.992,1.216,2,0.194447,hst,8.057,23.851,0.338,23.851,1.0,1.1112960972222602e-16,drift,394,2.595,730,hst,1,10.172
TSOPF_RS_b300_c1,14538,1474325,8,0.25,20,False,400,256,21.627537,0.668482,1.338347,0.499,16.16,1.0,1.075903,0.674635,32.058,0.991,0,0.668482,hst,20.102,32.353,0.621,32.353,1.0,1.1112960972222602e-16,drift,399,6.97,7681,hst,1,10.086
TSOPF_RS_b300_c1,14538,1474325,8,0.25,21,False,400,256,11.151525,0.382818,0.711698,0.538,15.669,1.0,0.783029,0.363206,30.703,1.054,1,0.382818,hst,14.242,29.13,0.489,29.13,1.0,1.4073755446586306e-16,drift,391,1.992,738,hst,1,9.997
case9,14454,147972,8,0.0,17,False,400,256,0.062835,0.087098,0.081056,1.075,0.775,1.0,0.066781,0.062933,0.998,0.998,,0.062835,delta_baseline,0.941,1.0,0.941,1.0,1.386,1.8253563338087409e-16,drift,0,1.0,7516,delta_baseline,0,0.0
case9,14454,147972,8,0.0,18,False,400,256,0.063518,0.102716,0.093065,1.104,0.683,1.0,0.069747,0.065832,0.965,0.965,,0.063518,delta_baseline,0.911,1.0,0.911,1.0,1.617,1.6384614607668743e-15,drift,0,1.0,8024,delta_baseline,0,0.0
case9,14454,147972,8,0.0,19,False,400,256,0.063217,0.08833,0.081269,1.087,0.778,1.0,0.066291,0.062274,1.015,1.015,0,0.063217,delta_baseline,0.954,1.0,0.954,1.0,1.397,1.8253563338087409e-16,drift,0,1.0,7524,delta_baseline,0,0.0
case9,14454,147972,8,0.0,20,False,400,256,0.062921,0.103414,0.094644,1.093,0.665,1.0,0.069967,0.06585,0.956,0.956,,0.062921,delta_baseline,0.899,1.0,0.899,1.0,1.644,1.1571059044469956e-15,drift,0,1.0,8018,delta_baseline,0,0.0
case9,14454,147972,8,0.0,21,False,400,256,0.063373,0.101507,0.091174,1.113,0.695,1.0,0.070678,0.066833,0.948,0.948,,0.063373,delta_baseline,0.897,1.0,0.897,1.0,1.602,1.4037033603327298e-15,drift,0,1.0,7973,delta_baseline,0,0.0
case9,14454,147972,8,0.002,17,False,400,256,1.529127,0.115833,0.106598,1.087,14.345,1.087,0.150613,0.120334,12.707,0.963,1,0.115833,hst,10.153,13.201,0.769,13.201,1.0,1.8253563338087409e-16,drift,107,1.366,7758,hst,1,1.782
case9,14454,147972,8,0.002,18,False,400,256,1.474731,0.145756,0.164464,0.886,8.967,1.0,0.18576,0.155723,9.47,0.936,1,0.145756,hst,7.939,10.118,0.785,10.118,1.0,1.6384614607668743e-15,drift,186,1.888,8297,hst,1,1.921
case9,14454,147972,8,0.002,19,False,400,256,1.353012,0.078551,0.081803,0.96,16.54,1.0,0.104706,0.082227,16.455,0.955,1,0.078551,hst,12.922,17.225,0.75,17.225,1.0,1.8253563338087409e-16,drift,113,1.36,7753,hst,1,1.244
case9,14454,147972,8,0.002,20,False,400,256,1.193301,0.103554,0.112864,0.918,10.573,1.0,0.133795,0.109106,10.937,0.949,1,0.103554,hst,8.919,11.523,0.774,11.523,1.0,1.1571059044469956e-15,drift,199,1.875,8283,hst,1,1.44
case9,14454,147972,8,0.002,21,False,400,256,1.253908,0.101092,0.112163,0.901,11.179,1.0,0.129842,0.106302,11.796,0.951,1,0.101092,hst,9.657,12.404,0.779,12.404,1.0,1.4037033603327298e-15,drift,200,1.875,8255,hst,1,1.352
case9,14454,147972,8,0.01,17,False,400,256,1.249864,0.092595,0.096563,0.959,12.943,1.0,0.11924,0.096923,12.895,0.955,1,0.092595,hst,10.482,13.498,0.777,13.498,1.0,1.8253563338087409e-16,drift,239,1.464,7768,hst,1,1.297
case9,14454,147972,8,0.01,18,False,400,256,1.272192,0.106829,0.133805,0.798,9.508,1.0,0.135615,0.111502,11.41,0.958,1,0.106829,hst,9.381,11.909,0.788,11.909,1.0,1.6384614607668743e-15,drift,312,2.114,7925,hst,1,1.5
case9,14454,147972,8,0.01,19,False,400,256,1.245096,0.090247,0.100394,0.899,12.402,1.0,0.119297,0.095925,12.98,0.941,1,0.090247,hst,10.437,13.797,0.756,13.797,1.0,1.8253563338087409e-16,drift,226,1.483,7774,hst,1,1.296
case9,14454,147972,8,0.01,20,False,400,256,1.255492,0.105637,0.133325,0.792,9.417,1.0,0.133572,0.11037,11.375,0.957,1,0.105637,hst,9.399,11.885,0.791,11.885,1.0,1.1571059044469956e-15,drift,307,2.125,7948,hst,1,1.369
case9,14454,147972,8,0.01,21,False,400,256,1.275767,0.102885,0.125986,0.817,10.126,1.0,0.130959,0.107409,11.878,0.958,1,0.102885,hst,9.742,12.4,0.786,12.4,1.0,1.4037033603327298e-15,drift,288,2.088,7841,hst,1,1.292
case9,14454,147972,8,0.05,17,False,400,256,1.269477,0.098102,0.129928,0.755,9.771,1.0,0.125904,0.102526,12.382,0.957,1,0.098102,hst,10.083,12.94,0.779,12.94,1.0,1.8253563338087409e-16,drift,346,1.917,7654,hst,1,1.293
case9,14454,147972,8,0.05,18,False,400,256,1.282702,0.106348,0.147917,0.719,8.672,1.0,0.135534,0.111204,11.535,0.956,1,0.106348,hst,9.464,12.061,0.785,12.061,1.0,1.6384614607668743e-15,drift,380,2.648,7653,hst,1,1.412
case9,14454,147972,8,0.05,19,False,400,256,1.290383,0.104147,0.136804,0.761,9.432,1.0,0.127821,0.105042,12.284,0.991,1,0.104147,hst,10.095,12.39,0.815,12.39,1.0,1.8253563338087409e-16,drift,367,1.928,7624,hst,1,1.277
case9,14454,147972,8,0.05,20,False,400,256,1.284267,0.106895,0.150853,0.709,8.513,1.0,0.135682,0.111238,11.545,0.961,1,0.106895,hst,9.465,12.014,0.788,12.014,1.0,1.1571059044469956e-15,drift,385,2.648,7713,hst,1,1.41
case9,14454,147972,8,0.05,21,False,400,256,1.274307,0.105242,0.149375,0.705,8.531,1.0,0.133242,0.109005,11.69,0.965,1,0.105242,hst,9.564,12.108,0.79,12.108,1.0,1.4037033603327298e-15,drift,378,2.522,7732,hst,1,1.399
case9,14454,147972,8,0.25,17,False,400,256,1.285342,0.104927,0.207979,0.505,6.18,1.0,0.133915,0.109749,11.712,0.956,1,0.104927,hst,9.598,12.25,0.784,12.25,1.0,1.8253563338087409e-16,drift,399,2.312,7748,hst,1,1.368
case9,14454,147972,8,0.25,18,False,400,256,1.280073,0.106207,0.216044,0.492,5.925,1.0,0.13745,0.112922,11.336,0.941,1,0.106207,hst,9.313,12.053,0.773,12.053,1.0,1.6384614607668743e-15,drift,399,2.449,7713,hst,1,1.453
case9,14454,147972,8,0.25,19,False,400,256,1.293199,0.104283,0.206758,0.504,6.255,1.0,0.134844,0.110559,11.697,0.943,1,0.104283,hst,9.59,12.401,0.773,12.401,1.0,1.8253563338087409e-16,drift,399,2.473,7768,hst,1,1.381
case9,14454,147972,8,0.25,20,False,400,256,1.283331,0.106063,0.216554,0.49,5.926,1.0,0.135224,0.110884,11.574,0.957,1,0.106063,hst,9.49,12.1,0.784,12.1,1.0,1.1571059044469956e-15,drift,399,2.258,7679,hst,1,1.465
case9,14454,147972,8,0.25,21,False,400,256,1.282704,0.10591,0.214742,0.493,5.973,1.0,0.136239,0.110853,11.571,0.955,1,0.10591,hst,9.415,12.111,0.777,12.111,1.0,1.4037033603327298e-15,drift,399,2.492,7694,hst,1,1.477
bcspwr09,1723,6511,8,0.0,17,False,400,256,0.006429,0.026856,0.022808,1.178,0.282,1.0,0.007855,0.007493,0.858,0.858,,0.006429,delta_baseline,0.818,1.0,0.818,1.0,4.177,3.3992994908668667e-16,drift,0,1.0,1518,delta_baseline,0,0.0
bcspwr09,1723,6511,8,0.0,18,False,400,256,0.006231,0.026937,0.022923,1.175,0.272,1.0,0.007407,0.007062,0.882,0.882,,0.006231,delta_baseline,0.841,1.0,0.841,1.0,4.323,1.860896069197576e-16,drift,0,1.0,1551,delta_baseline,0,0.0
bcspwr09,1723,6511,8,0.0,19,False,400,256,0.006037,0.025231,0.022079,1.143,0.273,1.0,0.007445,0.007088,0.852,0.852,,0.006037,delta_baseline,0.811,1.0,0.811,1.0,4.18,1.4472386138826977e-16,drift,0,1.0,1501,delta_baseline,0,0.0
bcspwr09,1723,6511,8,0.0,20,False,400,256,0.00594,0.027127,0.023166,1.171,0.256,1.0,0.007313,0.006981,0.851,0.851,,0.00594,delta_baseline,0.812,1.0,0.812,1.0,4.567,4.2716015826531054e-16,drift,0,1.0,1539,delta_baseline,0,0.0
bcspwr09,1723,6511,8,0.0,21,False,400,256,0.006279,0.026349,0.022642,1.164,0.277,1.0,0.007382,0.007043,0.892,0.892,,0.006279,delta_baseline,0.851,1.0,0.851,1.0,4.196,9.609496773994548e-17,drift,0,1.0,1535,delta_baseline,0,0.0
bcspwr09,1723,6511,8,0.002,17,False,400,256,0.076305,0.039558,0.037674,1.05,2.025,1.05,0.057379,0.044551,1.713,0.888,80,0.039558,hst,1.33,1.929,0.689,1.929,1.0,3.3992994908668667e-16,drift,177,2.221,1577,hst,1,2.525
bcspwr09,1723,6511,8,0.002,18,False,400,256,0.075768,0.038564,0.037587,1.026,2.016,1.026,0.056457,0.044074,1.719,0.875,76,0.038564,hst,1.342,1.965,0.683,1.965,1.0,1.860896069197576e-16,drift,165,2.336,1547,hst,1,2.414
bcspwr09,1723,6511,8,0.002,19,False,400,256,0.072841,0.036261,0.034489,1.051,2.112,1.051,0.054346,0.041433,1.758,0.875,76,0.036261,hst,1.34,2.009,0.667,2.009,1.0,1.4472386138826977e-16,drift,168,2.474,1522,hst,1,2.394
bcspwr09,1723,6511,8,0.002,20,False,400,256,0.075406,0.038917,0.038509,1.011,1.958,1.011,0.056837,0.044475,1.695,0.875,82,0.038917,hst,1.327,1.938,0.685,1.938,1.0,4.2716015826531054e-16,drift,169,2.286,1570,hst,1,2.53
bcspwr09,1723,6511,8,0.002,21,False,400,256,0.078667,0.039202,0.036994,1.06,2.126,1.06,0.058149,0.043821,1.795,0.895,78,0.039202,hst,1.353,2.007,0.674,2.007,1.0,9.609496773994548e-17,drift,170,2.426,1581,hst,1,2.721
bcspwr09,1723,6511,8,0.01,17,False,400,256,0.082621,0.050533,0.059542,0.849,1.388,1.0,0.069889,0.05661,1.459,0.893,115,0.050533,hst,1.182,1.635,0.723,1.635,1.0,3.3992994908668667e-16,drift,339,3.473,1585,hst,1,2.98
bcspwr09,1723,6511,8,0.01,18,False,400,256,0.080415,0.04896,0.055224,0.887,1.456,1.0,0.068052,0.054624,1.472,0.896,110,0.04896,hst,1.182,1.642,0.719,1.642,1.0,1.860896069197576e-16,drift,320,3.337,1588,hst,1,2.833
bcspwr09,1723,6511,8,0.01,19,False,400,256,0.079565,0.048365,0.054209,0.892,1.468,1.0,0.068426,0.055673,1.429,0.869,114,0.048365,hst,1.163,1.645,0.707,1.645,1.0,1.4472386138826977e-16,drift,318,3.214,1622,hst,1,2.733
bcspwr09,1723,6511,8,0.01,20,False,400,256,0.079798,0.049606,0.056423,0.879,1.414,1.0,0.069225,0.055818,1.43,0.889,123,0.049606,hst,1.153,1.609,0.717,1.609,1.0,4.2716015826531054e-16,drift,332,3.405,1580,hst,1,2.952
bcspwr09,1723,6511,8,0.01,21,False,400,256,0.081705,0.048958,0.055008,0.89,1.485,1.0,0.069082,0.054983,1.486,0.89,114,0.048958,hst,1.183,1.669,0.709,1.669,1.0,9.609496773994548e-17,drift,321,3.382,1623,hst,1,3.05
bcspwr09,1723,6511,8,0.05,17,False,400,256,0.08967,0.056919,0.094991,0.599,0.944,1.0,0.07663,0.062842,1.427,0.906,117,0.056919,hst,1.17,1.575,0.743,1.575,1.0,3.3992994908668667e-16,drift,399,3.386,1578,hst,1,3.146
bcspwr09,1723,6511,8,0.05,18,False,400,256,0.087393,0.056634,0.096187,0.589,0.909,1.0,0.075444,0.061718,1.416,0.918,121,0.056634,hst,1.158,1.543,0.751,1.543,1.0,1.860896069197576e-16,drift,399,3.514,1595,hst,1,3.11
bcspwr09,1723,6511,8,0.05,19,False,400,256,0.084349,0.056012,0.093952,0.596,0.898,1.0,0.075379,0.06229,1.354,0.899,137,0.056012,hst,1.119,1.506,0.743,1.506,1.0,1.4472386138826977e-16,drift,398,3.781,1561,hst,1,3.024
bcspwr09,1723,6511,8,0.05,20,False,400,256,0.087761,0.056195,0.095488,0.589,0.919,1.0,0.075886,0.062619,1.402,0.897,120,0.056195,hst,1.156,1.562,0.741,1.562,1.0,4.2716015826531054e-16,drift,399,3.561,1614,hst,1,3.028
bcspwr09,1723,6511,8,0.05,21,False,400,256,0.088173,0.056932,0.09757,0.583,0.904,1.0,0.076424,0.062654,1.407,0.909,122,0.056932,hst,1.154,1.549,0.745,1.549,1.0,9.609496773994548e-17,drift,399,3.63,1554,hst,1,3.12
bcspwr09,1723,6511,8,0.25,17,False,400,256,0.092168,0.059243,0.17123,0.346,0.538,1.0,0.079872,0.065497,1.407,0.905,122,0.059243,hst,1.154,1.556,0.742,1.556,1.0,3.3992994908668667e-16,drift,399,3.553,1626,hst,1,3.241
bcspwr09,1723,6511,8,0.25,18,False,400,256,0.090566,0.059664,0.169169,0.353,0.535,1.0,0.079218,0.065433,1.384,0.912,126,0.059664,hst,1.143,1.518,0.753,1.518,1.0,1.860896069197576e-16,drift,399,4.284,1557,hst,1,3.176
bcspwr09,1723,6511,8,0.25,19,False,400,256,0.090956,0.059732,0.170788,0.35,0.533,1.0,0.079993,0.065921,1.38,0.906,129,0.059732,hst,1.137,1.523,0.747,1.523,1.0,1.4472386138826977e-16,drift,399,2.966,1568,hst,1,3.221
bcspwr09,1723,6511,8,0.25,20,False,400,256,0.090416,0.059564,0.1691,0.352,0.535,1.0,0.079481,0.065798,1.374,0.905,129,0.059564,hst,1.138,1.518,0.749,1.518,1.0,4.2716015826531054e-16,drift,399,2.948,1582,hst,1,3.164
bcspwr09,1723,6511,8,0.25,21,False,400,256,0.092121,0.060222,0.17115,0.352,0.538,1.0,0.080464,0.065897,1.398,0.914,125,0.060222,hst,1.145,1.53,0.748,1.53,1.0,9.609496773994548e-17,drift,399,3.129,1573,hst,1,3.287
add32,4960,19848,8,0.0,17,False,400,256,0.006096,0.017443,0.015547,1.122,0.392,1.0,0.007387,0.007052,0.864,0.864,,0.006096,delta_baseline,0.825,1.0,0.825,1.0,2.861,1.834572946307244e-16,drift,0,1.0,595,delta_baseline,0,0.0
add32,4960,19848,8,0.0,18,False,400,256,0.005882,0.017001,0.015266,1.114,0.385,1.0,0.00713,0.006801,0.865,0.865,,0.005882,delta_baseline,0.825,1.0,0.825,1.0,2.89,3.8969112366871195e-16,drift,0,1.0,531,delta_baseline,0,0.0
add32,4960,19848,8,0.0,19,False,400,256,0.005762,0.015475,0.013894,1.114,0.415,1.0,0.007135,0.006857,0.84,0.84,,0.005762,delta_baseline,0.808,1.0,0.808,1.0,2.686,1.440904858629578e-16,drift,0,1.0,390,delta_baseline,0,0.0
add32,4960,19848,8,0.0,20,False,400,256,0.005985,0.016636,0.01497,1.111,0.4,1.0,0.007272,0.00697,0.859,0.859,,0.005985,delta_baseline,0.823,1.0,0.823,1.0,2.779,1.9189147112235067e-16,drift,0,1.0,516,delta_baseline,0,0.0
add32,4960,19848,8,0.0,21,False,400,256,0.005904,0.0163,0.01458,1.118,0.405,1.0,0.007098,0.006826,0.865,0.865,,0.005904,delta_baseline,0.832,1.0,0.832,1.0,2.761,2.4073268406156015e-16,drift,0,1.0,447,delta_baseline,0,0.0
add32,4960,19848,8,0.002,17,False,400,256,0.072482,0.018526,0.016337,1.134,4.437,1.134,0.026601,0.019744,3.671,0.938,18,0.018526,hst,2.725,3.912,0.696,3.912,1.0,1.834572946307244e-16,drift,8,1.245,600,hst,1,0.951
add32,4960,19848,8,0.002,18,False,400,256,0.071758,0.018782,0.017072,1.1,4.203,1.1,0.026181,0.022674,3.165,0.828,32,0.018782,hst,2.741,3.821,0.717,3.821,1.0,3.8969112366871195e-16,drift,17,1.37,569,hst,1,1.589
add32,4960,19848,8,0.002,19,False,400,256,0.06885,0.017271,0.015777,1.095,4.364,1.095,0.023077,0.020445,3.368,0.845,18,0.017271,hst,2.984,3.987,0.748,3.987,1.0,1.440904858629578e-16,drift,7,1.367,472,hst,1,0.884
add32,4960,19848,8,0.002,20,False,400,256,0.071443,0.018698,0.017208,1.087,4.152,1.087,0.027936,0.025232,2.831,0.741,40,0.018698,hst,2.557,3.821,0.669,3.821,1.0,1.9189147112235067e-16,drift,17,1.604,515,hst,1,1.856
add32,4960,19848,8,0.002,21,False,400,256,0.073326,0.018752,0.016885,1.111,4.343,1.111,0.024002,0.020324,3.608,0.923,9,0.018752,hst,3.055,3.91,0.781,3.91,1.0,2.4073268406156015e-16,drift,16,1.633,558,hst,1,0.485
add32,4960,19848,8,0.01,17,False,400,256,0.076553,0.022518,0.019523,1.153,3.921,1.153,0.028569,0.024459,3.13,0.921,11,0.022518,hst,2.68,3.4,0.788,3.4,1.0,1.834572946307244e-16,drift,62,2.138,714,hst,1,0.561
add32,4960,19848,8,0.01,18,False,400,256,0.075991,0.021729,0.019481,1.115,3.901,1.115,0.030899,0.027595,2.754,0.787,36,0.021729,hst,2.459,3.497,0.703,3.497,1.0,3.8969112366871195e-16,drift,54,2.194,653,hst,1,1.72
add32,4960,19848,8,0.01,19,False,400,256,0.07424,0.020314,0.017751,1.144,4.182,1.144,0.025735,0.022711,3.269,0.894,8,0.020314,hst,2.885,3.655,0.789,3.655,1.0,1.440904858629578e-16,drift,48,2.119,510,hst,1,0.41
add32,4960,19848,8,0.01,20,False,400,256,0.076703,0.022376,0.020283,1.103,3.782,1.103,0.038871,0.026397,2.906,0.848,39,0.022376,hst,1.973,3.428,0.576,3.428,1.0,1.9189147112235067e-16,drift,66,2.502,683,hst,1,1.937
add32,4960,19848,8,0.01,21,False,400,256,0.076501,0.021688,0.019065,1.138,4.013,1.138,0.03238,0.029088,2.63,0.746,47,0.021688,hst,2.363,3.527,0.67,3.527,1.0,2.4073268406156015e-16,drift,50,2.158,632,hst,1,2.228
add32,4960,19848,8,0.05,17,False,400,256,0.079781,0.036014,0.033687,1.069,2.368,1.069,0.054427,0.043146,1.849,0.835,53,0.036014,hst,1.466,2.215,0.662,2.215,1.0,1.834572946307244e-16,drift,257,2.4,820,hst,1,1.93
add32,4960,19848,8,0.05,18,False,400,256,0.082591,0.035971,0.029894,1.203,2.763,1.203,0.052239,0.039209,2.106,0.917,54,0.035971,hst,1.581,2.296,0.689,2.296,1.0,3.8969112366871195e-16,drift,228,2.349,834,hst,1,2.33
add32,4960,19848,8,0.05,19,False,400,256,0.078281,0.031358,0.02772,1.131,2.824,1.131,0.040978,0.035597,2.199,0.881,20,0.031358,hst,1.91,2.496,0.765,2.496,1.0,1.440904858629578e-16,drift,199,1.432,730,hst,1,0.869
add32,4960,19848,8,0.05,20,False,400,256,0.080799,0.039003,0.036333,1.073,2.224,1.073,0.047493,0.044724,1.807,0.872,15,0.039003,hst,1.701,2.072,0.821,2.072,1.0,1.9189147112235067e-16,drift,308,3.084,897,hst,1,0.548
add32,4960,19848,8,0.05,21,False,400,256,0.080745,0.03687,0.033039,1.116,2.444,1.116,0.055989,0.042925,1.881,0.859,61,0.03687,hst,1.442,2.19,0.659,2.19,1.0,2.4073268406156015e-16,drift,285,2.851,820,hst,1,2.318
add32,4960,19848,8,0.25,17,False,400,256,0.080867,0.044722,0.057904,0.772,1.397,1.0,0.066077,0.05576,1.45,0.802,169,0.044722,hst,1.224,1.808,0.677,1.808,1.0,1.834572946307244e-16,drift,388,3.515,881,hst,1,4.255
add32,4960,19848,8,0.25,18,False,400,256,0.081952,0.047008,0.066588,0.706,1.231,1.0,0.066755,0.053652,1.527,0.876,95,0.047008,hst,1.228,1.743,0.704,1.743,1.0,3.8969112366871195e-16,drift,394,2.711,1066,hst,1,2.692
add32,4960,19848,8,0.25,19,False,400,256,0.079981,0.041354,0.049238,0.84,1.624,1.0,0.050136,0.047485,1.684,0.871,27,0.041354,hst,1.595,1.934,0.825,1.934,1.0,1.440904858629578e-16,drift,368,3.07,868,hst,1,0.875
add32,4960,19848,8,0.25,20,False,400,256,0.082005,0.047437,0.070259,0.675,1.167,1.0,0.068354,0.055129,1.487,0.86,104,0.047437,hst,1.2,1.729,0.694,1.729,1.0,1.9189147112235067e-16,drift,398,3.999,1197,hst,1,2.785
add32,4960,19848,8,0.25,21,False,400,256,0.081454,0.045598,0.05865,0.777,1.389,1.0,0.065667,0.052272,1.558,0.872,94,0.045598,hst,1.24,1.786,0.694,1.786,1.0,2.4073268406156015e-16,drift,395,1.936,956,hst,1,2.74
circuit_3,12127,48137,8,0.0,17,False,400,256,0.021893,0.041139,0.036291,1.134,0.603,1.0,0.023287,0.022312,0.981,0.981,,0.021893,delta_baseline,0.94,1.0,0.94,1.0,1.879,6.734179160610594e-16,drift,0,1.0,6334,delta_baseline,0,0.0
circuit_3,12127,48137,8,0.0,18,False,400,256,0.021787,0.041194,0.036133,1.14,0.603,1.0,0.023163,0.022301,0.977,0.977,,0.021787,delta_baseline,0.941,1.0,0.941,1.0,1.891,6.734177751265342e-16,drift,0,1.0,6359,delta_baseline,0,0.0
circuit_3,12127,48137,8,0.0,19,False,400,256,0.023255,0.041738,0.037939,1.1,0.613,1.0,0.024577,0.023573,0.987,0.987,,0.023255,delta_baseline,0.946,1.0,0.946,1.0,1.795,1.38110199246993e-16,drift,0,1.0,6690,delta_baseline,0,0.0
circuit_3,12127,48137,8,0.0,20,False,400,256,0.021944,0.040512,0.036284,1.117,0.605,1.0,0.023004,0.022153,0.991,0.991,,0.021944,delta_baseline,0.954,1.0,0.954,1.0,1.846,7.407593410861525e-16,drift,0,1.0,6362,delta_baseline,0,0.0
circuit_3,12127,48137,8,0.0,21,False,400,256,0.022055,0.04602,0.039765,1.157,0.555,1.0,0.023601,0.02267,0.973,0.973,,0.022055,delta_baseline,0.935,1.0,0.935,1.0,2.087,6.413984212090423e-16,drift,0,1.0,6968,delta_baseline,0,0.0
circuit_3,12127,48137,8,0.002,17,False,400,256,0.314406,0.057631,0.059687,0.966,5.268,1.0,0.067398,0.060207,5.222,0.957,3,0.057631,hst,4.665,5.455,0.855,5.455,1.0,6.734179160610594e-16,drift,156,1.78,6519,hst,1,0.824
circuit_3,12127,48137,8,0.002,18,False,400,256,0.303718,0.057636,0.061934,0.931,4.904,1.0,0.073153,0.062188,4.884,0.927,6,0.057636,hst,4.152,5.27,0.788,5.27,1.0,6.734177751265342e-16,drift,162,1.972,6689,hst,1,1.416
circuit_3,12127,48137,8,0.002,19,False,400,256,0.349369,0.060412,0.06659,0.907,5.247,1.0,0.073135,0.064725,5.398,0.933,3,0.060412,hst,4.777,5.783,0.826,5.783,1.0,1.38110199246993e-16,drift,156,1.909,6828,hst,1,0.847
circuit_3,12127,48137,8,0.002,20,False,400,256,0.290584,0.05588,0.058447,0.956,4.972,1.0,0.070452,0.059443,4.888,0.94,6,0.05588,hst,4.125,5.2,0.793,5.2,1.0,7.407593410861525e-16,drift,145,1.675,6532,hst,1,1.4
circuit_3,12127,48137,8,0.002,21,False,400,256,0.378356,0.062696,0.070555,0.889,5.363,1.0,0.074886,0.066859,5.659,0.938,3,0.062696,hst,5.052,6.035,0.837,6.035,1.0,6.413984212090423e-16,drift,163,2.062,6998,hst,1,0.907
circuit_3,12127,48137,8,0.01,17,False,400,256,0.372913,0.063398,0.082987,0.764,4.494,1.0,0.104959,0.070924,5.258,0.894,16,0.063398,hst,3.553,5.882,0.604,5.882,1.0,6.734179160610594e-16,drift,243,4.279,6637,hst,1,4.822
circuit_3,12127,48137,8,0.01,18,False,400,256,0.33473,0.06771,0.097555,0.694,3.431,1.0,0.097235,0.072958,4.588,0.928,12,0.06771,hst,3.442,4.944,0.696,4.944,1.0,6.734177751265342e-16,drift,282,4.235,6806,hst,1,3.171
circuit_3,12127,48137,8,0.01,19,False,400,256,0.37026,0.066632,0.091707,0.727,4.037,1.0,0.082352,0.073109,5.065,0.911,3,0.066632,hst,4.496,5.557,0.809,5.557,1.0,1.38110199246993e-16,drift,268,4.144,6681,hst,1,0.885
circuit_3,12127,48137,8,0.01,20,False,400,256,0.400121,0.070804,0.097989,0.723,4.083,1.0,0.102397,0.076359,5.24,0.927,11,0.070804,hst,3.908,5.651,0.691,5.651,1.0,7.407593410861525e-16,drift,309,4.559,6745,hst,1,3.43
circuit_3,12127,48137,8,0.01,21,False,400,256,0.38305,0.077652,0.107924,0.72,3.549,1.0,0.11983,0.083422,4.592,0.931,15,0.077652,hst,3.197,4.933,0.648,4.933,1.0,6.413984212090423e-16,drift,322,3.779,7302,hst,1,4.589
circuit_3,12127,48137,8,0.05,17,False,400,256,0.365697,0.079961,0.153919,0.519,2.376,1.0,0.110626,0.086547,4.225,0.924,11,0.079961,hst,3.306,4.573,0.723,4.573,1.0,6.734179160610594e-16,drift,397,8.464,7271,hst,1,3.158
circuit_3,12127,48137,8,0.05,18,False,400,256,0.355339,0.079532,0.146611,0.542,2.424,1.0,0.12486,0.090851,3.911,0.875,19,0.079532,hst,2.846,4.468,0.637,4.468,1.0,6.734177751265342e-16,drift,396,7.383,7370,hst,1,5.098
circuit_3,12127,48137,8,0.05,19,False,400,256,0.358437,0.083816,0.15522,0.54,2.309,1.0,0.09827,0.089419,4.009,0.937,3,0.083816,hst,3.647,4.276,0.853,4.276,1.0,1.38110199246993e-16,drift,398,3.525,7142,hst,1,0.918
circuit_3,12127,48137,8,0.05,20,False,400,256,0.346846,0.087687,0.181596,0.483,1.91,1.0,0.119833,0.096107,3.609,0.912,13,0.087687,hst,2.894,3.955,0.732,3.955,1.0,7.407593410861525e-16,drift,397,5.724,7472,hst,1,3.225
circuit_3,12127,48137,8,0.05,21,False,400,256,0.352638,0.086552,0.160474,0.539,2.197,1.0,0.110721,0.093299,3.78,0.928,9,0.086552,hst,3.185,4.074,0.782,4.074,1.0,6.413984212090423e-16,drift,399,1.92,7293,hst,1,2.276
circuit_3,12127,48137,8,0.25,17,False,400,256,0.385797,0.090433,0.241624,0.374,1.597,1.0,0.105176,0.097171,3.97,0.931,3,0.090433,hst,3.668,4.266,0.86,4.266,1.0,6.734179160610594e-16,drift,399,2.644,7513,hst,1,0.938
circuit_3,12127,48137,8,0.25,18,False,400,256,0.392483,0.089006,0.237573,0.375,1.652,1.0,0.102158,0.094932,4.134,0.938,3,0.089006,hst,3.842,4.41,0.871,4.41,1.0,6.734177751265342e-16,drift,399,1.886,7080,hst,1,0.914
circuit_3,12127,48137,8,0.25,19,False,400,256,0.385074,0.094273,0.259396,0.363,1.485,1.0,0.109357,0.098909,3.893,0.953,3,0.094273,hst,3.521,4.085,0.862,4.085,1.0,1.38110199246993e-16,drift,399,2.929,7163,hst,1,0.995
circuit_3,12127,48137,8,0.25,20,False,400,256,0.38724,0.089857,0.231448,0.388,1.673,1.0,0.103239,0.095546,4.053,0.94,4,0.089857,hst,3.751,4.31,0.87,4.31,1.0,7.407593410861525e-16,drift,399,3.143,7143,hst,1,1.086
circuit_3,12127,48137,8,0.25,21,False,400,256,0.40773,0.092285,0.255565,0.361,1.595,1.0,0.108987,0.09973,4.088,0.925,3,0.092285,hst,3.741,4.418,0.847,4.418,1.0,6.413984212090423e-16,drift,399,2.889,7232,hst,1,0.984
rajat03,7602,32653,8,0.0,17,False,400,256,0.00662,0.020998,0.01834,1.145,0.361,1.0,0.00752,0.007179,0.922,0.922,,0.00662,delta_baseline,0.88,1.0,0.88,1.0,3.172,1.5389215321852664e-16,drift,0,1.0,1007,delta_baseline,0,0.0
rajat03,7602,32653,8,0.0,18,False,400,256,0.006075,0.019004,0.016518,1.151,0.368,1.0,0.007145,0.006844,0.888,0.888,,0.006075,delta_baseline,0.85,1.0,0.85,1.0,3.128,1.5443765292083486e-16,drift,0,1.0,821,delta_baseline,0,0.0
rajat03,7602,32653,8,0.0,19,False,400,256,0.005909,0.018047,0.01566,1.152,0.377,1.0,0.007126,0.006801,0.869,0.869,,0.005909,delta_baseline,0.829,1.0,0.829,1.0,3.054,1.5991248545154193e-16,drift,0,1.0,655,delta_baseline,0,0.0
rajat03,7602,32653,8,0.0,20,False,400,256,0.006071,0.020134,0.017552,1.147,0.346,1.0,0.0073,0.006997,0.868,0.868,,0.006071,delta_baseline,0.832,1.0,0.832,1.0,3.317,1.538921533552159e-16,drift,0,1.0,911,delta_baseline,0,0.0
rajat03,7602,32653,8,0.0,21,False,400,256,0.006088,0.019554,0.01733,1.128,0.351,1.0,0.00714,0.006828,0.892,0.892,,0.006088,delta_baseline,0.853,1.0,0.853,1.0,3.212,1.5389215543573844e-16,drift,0,1.0,850,delta_baseline,0,0.0
rajat03,7602,32653,8,0.002,17,False,400,256,0.073185,0.027152,0.023276,1.167,3.144,1.167,0.043664,0.030816,2.375,0.881,54,0.027152,hst,1.676,2.695,0.622,2.695,1.0,1.5389215321852664e-16,drift,71,2.208,1043,hst,1,2.294
rajat03,7602,32653,8,0.002,18,False,400,256,0.074952,0.026003,0.021856,1.19,3.429,1.19,0.036392,0.028489,2.631,0.913,25,0.026003,hst,2.06,2.882,0.715,2.882,1.0,1.5443765292083486e-16,drift,71,2.426,1049,hst,1,1.171
rajat03,7602,32653,8,0.002,19,False,400,256,0.073052,0.023107,0.020324,1.137,3.594,1.137,0.036928,0.029553,2.472,0.782,65,0.023107,hst,1.978,3.161,0.626,3.161,1.0,1.5991248545154193e-16,drift,45,1.894,927,hst,1,2.825
rajat03,7602,32653,8,0.002,20,False,400,256,0.074399,0.024451,0.021771,1.123,3.417,1.123,0.04148,0.029285,2.54,0.835,50,0.024451,hst,1.794,3.043,0.589,3.043,1.0,1.538921533552159e-16,drift,49,2.01,1004,hst,1,2.238
rajat03,7602,32653,8,0.002,21,False,400,256,0.073571,0.026246,0.023638,1.11,3.112,1.11,0.04362,0.031131,2.363,0.843,51,0.026246,hst,1.687,2.803,0.602,2.803,1.0,1.5389215543573844e-16,drift,83,2.519,1082,hst,1,2.175
rajat03,7602,32653,8,0.01,17,False,400,256,0.076506,0.037988,0.034256,1.109,2.233,1.109,0.057789,0.044714,1.711,0.85,82,0.037988,hst,1.324,2.014,0.657,2.014,1.0,1.5389215321852664e-16,drift,219,3.529,1286,hst,1,2.618
rajat03,7602,32653,8,0.01,18,False,400,256,0.076184,0.033696,0.030498,1.105,2.498,1.105,0.052913,0.039811,1.914,0.846,67,0.033696,hst,1.44,2.261,0.637,2.261,1.0,1.5443765292083486e-16,drift,180,3.865,1190,hst,1,2.451
rajat03,7602,32653,8,0.01,19,False,400,256,0.076166,0.030949,0.028058,1.103,2.715,1.103,0.050045,0.037031,2.057,0.836,59,0.030949,hst,1.522,2.461,0.618,2.461,1.0,1.5991248545154193e-16,drift,154,1.339,935,hst,1,2.308
rajat03,7602,32653,8,0.01,20,False,400,256,0.076259,0.036574,0.033832,1.081,2.254,1.081,0.056435,0.043487,1.754,0.841,77,0.036574,hst,1.351,2.085,0.648,2.085,1.0,1.538921533552159e-16,drift,215,3.558,1189,hst,1,2.521
rajat03,7602,32653,8,0.01,21,False,400,256,0.077116,0.035751,0.033301,1.074,2.316,1.074,0.055663,0.042702,1.806,0.837,71,0.035751,hst,1.385,2.157,0.642,2.157,1.0,1.5389215543573844e-16,drift,205,4.051,1228,hst,1,2.45
rajat03,7602,32653,8,0.05,17,False,400,256,0.078791,0.052474,0.065152,0.805,1.209,1.0,0.07395,0.060392,1.305,0.869,171,0.052474,hst,1.065,1.502,0.71,1.502,1.0,1.5389215321852664e-16,drift,384,4.325,1538,hst,1,3.142
rajat03,7602,32653,8,0.05,18,False,400,256,0.078246,0.051869,0.066132,0.784,1.183,1.0,0.073496,0.059728,1.31,0.868,166,0.051869,hst,1.065,1.509,0.706,1.509,1.0,1.5443765292083486e-16,drift,392,1.751,1457,hst,1,3.072
rajat03,7602,32653,8,0.05,19,False,400,256,0.077834,0.049142,0.057152,0.86,1.362,1.0,0.069855,0.056791,1.371,0.865,137,0.049142,hst,1.114,1.584,0.703,1.584,1.0,1.5991248545154193e-16,drift,375,3.833,1290,hst,1,2.875
rajat03,7602,32653,8,0.05,20,False,400,256,0.078037,0.051799,0.06452,0.803,1.209,1.0,0.073603,0.060292,1.294,0.859,170,0.051799,hst,1.06,1.507,0.704,1.507,1.0,1.538921533552159e-16,drift,384,2.829,1358,hst,1,3.019
rajat03,7602,32653,8,0.05,21,False,400,256,0.08168,0.054886,0.07733,0.71,1.056,1.0,0.075719,0.062655,1.304,0.876,158,0.054886,hst,1.079,1.488,0.725,1.488,1.0,1.5389215543573844e-16,drift,391,3.394,1678,hst,1,3.003
rajat03,7602,32653,8,0.25,17,False,400,256,0.077067,0.062781,0.162214,0.387,0.475,1.0,0.084356,0.070655,1.091,0.889,543,0.062781,hst,0.914,1.228,0.744,1.228,1.0,1.5389215321852664e-16,drift,399,1.694,1596,hst,1,3.48
rajat03,7602,32653,8,0.25,18,False,400,256,0.078494,0.059077,0.141243,0.418,0.556,1.0,0.081247,0.067439,1.164,0.876,299,0.059077,hst,0.966,1.329,0.727,1.329,1.0,1.5443765292083486e-16,drift,399,3.843,1608,hst,1,3.301
rajat03,7602,32653,8,0.25,19,False,400,256,0.077628,0.060437,0.144893,0.417,0.536,1.0,0.081733,0.068289,1.137,0.885,345,0.060437,hst,0.95,1.284,0.739,1.284,1.0,1.5991248545154193e-16,drift,399,4.436,1986,hst,1,3.224
rajat03,7602,32653,8,0.25,20,False,400,256,0.077324,0.063232,0.166617,0.38,0.464,1.0,0.086708,0.073369,1.054,0.862,852,0.063232,hst,0.892,1.223,0.729,1.223,1.0,1.538921533552159e-16,drift,399,3.609,1841,hst,1,3.37
rajat03,7602,32653,8,0.25,21,False,400,256,0.081899,0.061473,0.163608,0.376,0.501,1.0,0.083667,0.070031,1.169,0.878,287,0.061473,hst,0.979,1.332,0.735,1.332,1.0,1.5389215543573844e-16,drift,399,4.301,1437,hst,1,3.402
bcsstk18,11948,149090,8,0.0,17,False,400,256,0.009979,0.028176,0.022801,1.236,0.438,1.0,0.011035,0.010307,0.968,0.968,,0.009979,delta_baseline,0.904,1.0,0.904,1.0,2.823,8.625236741385534e-17,drift,0,1.0,1010,delta_baseline,0,0.0
bcsstk18,11948,149090,8,0.0,18,False,400,256,0.009649,0.028279,0.022638,1.249,0.426,1.0,0.011184,0.010472,0.921,0.921,,0.009649,delta_baseline,0.863,1.0,0.863,1.0,2.931,1.7955529896133775e-16,drift,0,1.0,1131,delta_baseline,0,0.0
bcsstk18,11948,149090,8,0.0,19,False,400,256,0.008782,0.025823,0.021752,1.187,0.404,1.0,0.009962,0.009368,0.937,0.937,,0.008782,delta_baseline,0.882,1.0,0.882,1.0,2.94,1.3804959837172369e-16,drift,0,1.0,1151,delta_baseline,0,0.0
bcsstk18,11948,149090,8,0.0,20,False,400,256,0.008958,0.025405,0.021388,1.188,0.419,1.0,0.010153,0.009535,0.94,0.94,,0.008958,delta_baseline,0.882,1.0,0.882,1.0,2.836,2.057824038214574e-16,drift,0,1.0,1194,delta_baseline,0,0.0
bcsstk18,11948,149090,8,0.0,21,False,400,256,0.009213,0.02519,0.021034,1.198,0.438,1.0,0.010625,0.009951,0.926,0.926,,0.009213,delta_baseline,0.867,1.0,0.867,1.0,2.734,3.703333649681202e-16,drift,0,1.0,918,delta_baseline,0,0.0
bcsstk18,11948,149090,8,0.002,17,False,400,256,0.249386,0.049931,0.038654,1.292,6.452,1.292,0.060954,0.052188,4.779,0.957,9,0.049931,hst,4.091,4.995,0.819,4.995,1.0,8.625236741385534e-17,drift,86,2.357,1384,hst,1,1.798
bcsstk18,11948,149090,8,0.002,18,False,400,256,0.23072,0.041694,0.034086,1.223,6.769,1.223,0.051605,0.044727,5.158,0.932,5,0.041694,hst,4.471,5.534,0.808,5.534,1.0,1.7955529896133775e-16,drift,64,2.302,1366,hst,1,0.843
bcsstk18,11948,149090,8,0.002,19,False,400,256,0.19555,0.04576,0.040042,1.143,4.884,1.143,0.055363,0.049153,3.978,0.931,6,0.04576,hst,3.532,4.273,0.827,4.273,1.0,1.3804959837172369e-16,drift,121,2.949,1831,hst,1,0.817
bcsstk18,11948,149090,8,0.002,20,False,400,256,0.203542,0.047591,0.042129,1.13,4.831,1.13,0.062988,0.051543,3.949,0.923,18,0.047591,hst,3.231,4.277,0.756,4.277,1.0,2.057824038214574e-16,drift,109,2.671,1792,hst,1,2.784
bcsstk18,11948,149090,8,0.002,21,False,400,256,0.222741,0.043236,0.035558,1.216,6.264,1.216,0.05626,0.051496,4.325,0.84,3,0.043236,hst,3.959,5.152,0.769,5.152,1.0,3.703333649681202e-16,drift,87,2.417,1411,hst,1,0.56
bcsstk18,11948,149090,8,0.01,17,False,400,256,0.266191,0.067793,0.060781,1.115,4.38,1.115,0.077941,0.072339,3.68,0.937,4,0.067793,hst,3.415,3.927,0.87,3.927,1.0,8.625236741385534e-17,drift,226,3.274,1828,hst,1,0.752
bcsstk18,11948,149090,8,0.01,18,False,400,256,0.236526,0.057658,0.053876,1.07,4.39,1.07,0.082114,0.062464,3.787,0.923,14,0.057658,hst,2.88,4.102,0.702,4.102,1.0,1.7955529896133775e-16,drift,199,3.535,2058,hst,1,2.506
bcsstk18,11948,149090,8,0.01,19,False,400,256,0.20335,0.065663,0.06033,1.088,3.371,1.088,0.103107,0.078709,2.584,0.834,34,0.065663,hst,1.972,3.097,0.637,3.097,1.0,1.3804959837172369e-16,drift,252,1.245,1968,hst,1,4.206
bcsstk18,11948,149090,8,0.01,20,False,400,256,0.222596,0.074712,0.071231,1.049,3.125,1.049,0.107853,0.084621,2.631,0.883,28,0.074712,hst,2.064,2.979,0.693,2.979,1.0,2.057824038214574e-16,drift,261,4.159,2421,hst,1,3.811
bcsstk18,11948,149090,8,0.01,21,False,400,256,0.232868,0.057353,0.050445,1.137,4.616,1.137,0.077579,0.061567,3.782,0.932,12,0.057353,hst,3.002,4.06,0.739,4.06,1.0,3.703333649681202e-16,drift,199,3.248,1626,hst,1,2.122
bcsstk18,11948,149090,8,0.05,17,False,400,256,0.283598,0.097638,0.128081,0.762,2.214,1.0,0.137925,0.109618,2.587,0.891,29,0.097638,hst,2.056,2.905,0.708,2.905,1.0,8.625236741385534e-17,drift,394,2.673,2055,hst,1,4.995
bcsstk18,11948,149090,8,0.05,18,False,400,256,0.270567,0.099126,0.129569,0.765,2.088,1.0,0.137682,0.110701,2.444,0.895,30,0.099126,hst,1.965,2.73,0.72,2.73,1.0,1.7955529896133775e-16,drift,394,2.689,2013,hst,1,4.717
bcsstk18,11948,149090,8,0.05,19,False,400,256,0.258277,0.099534,0.133508,0.746,1.935,1.0,0.133465,0.108208,2.387,0.92,33,0.099534,hst,1.935,2.595,0.746,2.595,1.0,1.3804959837172369e-16,drift,397,2.614,2150,hst,1,4.932
bcsstk18,11948,149090,8,0.05,20,False,400,256,0.272334,0.1051,0.148585,0.707,1.833,1.0,0.142393,0.117635,2.315,0.893,32,0.1051,hst,1.913,2.591,0.738,2.591,1.0,2.057824038214574e-16,drift,392,1.993,2780,hst,1,4.984
bcsstk18,11948,149090,8,0.05,21,False,400,256,0.245964,0.089624,0.116963,0.766,2.103,1.0,0.12527,0.09936,2.475,0.902,31,0.089624,hst,1.963,2.744,0.715,2.744,1.0,3.703333649681202e-16,drift,383,3.233,1939,hst,1,4.531
bcsstk18,11948,149090,8,0.25,17,False,400,256,0.287668,0.109992,0.296619,0.371,0.97,1.0,0.150629,0.119822,2.401,0.918,34,0.109992,hst,1.91,2.615,0.73,2.615,1.0,8.625236741385534e-17,drift,399,3.34,2391,hst,1,5.64
bcsstk18,11948,149090,8,0.25,18,False,400,256,0.28872,0.107607,0.283349,0.38,1.019,1.0,0.149727,0.120084,2.404,0.896,31,0.107607,hst,1.928,2.683,0.719,2.683,1.0,1.7955529896133775e-16,drift,399,3.329,2108,hst,1,5.239
bcsstk18,11948,149090,8,0.25,19,False,400,256,0.285468,0.112117,0.305237,0.367,0.935,1.0,0.152198,0.123038,2.32,0.911,34,0.112117,hst,1.876,2.546,0.737,2.546,1.0,1.3804959837172369e-16,drift,399,2.121,2320,hst,1,5.488
bcsstk18,11948,149090,8,0.25,20,False,400,256,0.282774,0.107623,0.287743,0.374,0.983,1.0,0.147768,0.118429,2.388,0.909,34,0.107623,hst,1.914,2.627,0.728,2.627,1.0,2.057824038214574e-16,drift,399,2.875,1765,hst,1,5.63
bcsstk18,11948,149090,8,0.25,21,False,400,256,0.273148,0.107198,0.285165,0.376,0.958,1.0,0.146712,0.118176,2.311,0.907,34,0.107198,hst,1.862,2.548,0.731,2.548,1.0,3.703333649681202e-16,drift,399,3.218,1906,hst,1,5.275
bcsstk25,15439,252241,8,0.0,17,False,400,256,0.011365,0.030194,0.024375,1.239,0.466,1.0,0.013189,0.012429,0.914,0.914,,0.011365,delta_baseline,0.862,1.0,0.862,1.0,2.657,1.4310126622262146e-16,drift,0,1.0,978,delta_baseline,0,0.0
bcsstk25,15439,252241,8,0.0,18,False,400,256,0.01124,0.027471,0.022823,1.204,0.492,1.0,0.012797,0.012019,0.935,0.935,,0.01124,delta_baseline,0.878,1.0,0.878,1.0,2.444,2.218697631478781e-16,drift,0,1.0,729,delta_baseline,0,0.0
bcsstk25,15439,252241,8,0.0,19,False,400,256,0.010665,0.036808,0.02838,1.297,0.376,1.0,0.012537,0.011861,0.899,0.899,,0.010665,delta_baseline,0.851,1.0,0.851,1.0,3.451,9.427442670147338e-17,drift,0,1.0,1204,delta_baseline,0,0.0
bcsstk25,15439,252241,8,0.0,20,False,400,256,0.011281,0.026735,0.023252,1.15,0.485,1.0,0.013204,0.012462,0.905,0.905,,0.011281,delta_baseline,0.854,1.0,0.854,1.0,2.37,1.4798782495741104e-16,drift,0,1.0,742,delta_baseline,0,0.0
bcsstk25,15439,252241,8,0.0,21,False,400,256,0.010181,0.033106,0.02622,1.263,0.388,1.0,0.011832,0.011123,0.915,0.915,,0.010181,delta_baseline,0.86,1.0,0.86,1.0,3.252,1.5323971434071406e-16,drift,0,1.0,1192,delta_baseline,0,0.0
bcsstk25,15439,252241,8,0.002,17,False,400,256,0.271703,0.045677,0.037577,1.216,7.231,1.216,0.054885,0.048941,5.552,0.933,3,0.045677,hst,4.95,5.948,0.832,5.948,1.0,1.4310126622262146e-16,drift,79,2.176,1571,hst,1,0.611
bcsstk25,15439,252241,8,0.002,18,False,400,256,0.26537,0.044463,0.035941,1.237,7.383,1.237,0.052556,0.047009,5.645,0.946,3,0.044463,hst,5.049,5.968,0.846,5.968,1.0,2.218697631478781e-16,drift,77,2.302,1228,hst,1,0.616
bcsstk25,15439,252241,8,0.002,19,False,400,256,0.26132,0.060491,0.046827,1.292,5.581,1.292,0.06988,0.065129,4.012,0.929,3,0.060491,hst,3.74,4.32,0.866,4.32,1.0,9.427442670147338e-17,drift,120,2.444,1711,hst,1,0.658
bcsstk25,15439,252241,8,0.002,20,False,400,256,0.269669,0.043347,0.035871,1.208,7.518,1.208,0.060428,0.046195,5.838,0.938,15,0.043347,hst,4.463,6.221,0.717,6.221,1.0,1.4798782495741104e-16,drift,76,2.181,1095,hst,1,3.434
bcsstk25,15439,252241,8,0.002,21,False,400,256,0.234796,0.053291,0.046192,1.154,5.083,1.154,0.062601,0.056742,4.138,0.939,4,0.053291,hst,3.751,4.406,0.851,4.406,1.0,1.5323971434071406e-16,drift,115,2.461,1754,hst,1,0.647
bcsstk25,15439,252241,8,0.01,17,False,400,256,0.276309,0.05811,0.052392,1.109,5.274,1.109,0.067575,0.060991,4.53,0.953,3,0.05811,hst,4.089,4.755,0.86,4.755,1.0,1.4310126622262146e-16,drift,190,3.246,1671,hst,1,0.666
bcsstk25,15439,252241,8,0.01,18,False,400,256,0.281593,0.055258,0.048917,1.13,5.757,1.13,0.06482,0.059568,4.727,0.928,3,0.055258,hst,4.344,5.096,0.852,5.096,1.0,2.218697631478781e-16,drift,159,2.867,1368,hst,1,0.607
bcsstk25,15439,252241,8,0.01,19,False,400,256,0.260164,0.076435,0.071035,1.076,3.662,1.076,0.11395,0.085478,3.044,0.894,26,0.076435,hst,2.283,3.404,0.671,3.404,1.0,9.427442670147338e-17,drift,262,3.73,1870,hst,1,4.582
bcsstk25,15439,252241,8,0.01,20,False,400,256,0.272001,0.058332,0.050652,1.152,5.37,1.152,0.071854,0.062174,4.375,0.938,10,0.058332,hst,3.785,4.663,0.812,4.663,1.0,1.4798782495741104e-16,drift,179,3.135,1512,hst,1,2.063
bcsstk25,15439,252241,8,0.01,21,False,400,256,0.24602,0.068922,0.061733,1.116,3.985,1.116,0.105917,0.078281,3.143,0.88,26,0.068922,hst,2.323,3.57,0.651,3.57,1.0,1.5323971434071406e-16,drift,230,3.624,1748,hst,1,4.389
bcsstk25,15439,252241,8,0.05,17,False,400,256,0.273836,0.083429,0.10405,0.802,2.632,1.0,0.09328,0.087711,3.122,0.951,4,0.083429,hst,2.936,3.282,0.894,3.282,1.0,1.4310126622262146e-16,drift,380,2.171,1728,hst,1,0.718
bcsstk25,15439,252241,8,0.05,18,False,400,256,0.285435,0.084073,0.097611,0.861,2.924,1.0,0.094691,0.089733,3.181,0.937,3,0.084073,hst,3.014,3.395,0.888,3.395,1.0,2.218697631478781e-16,drift,380,2.506,1400,hst,1,0.671
bcsstk25,15439,252241,8,0.05,19,False,400,256,0.274225,0.092507,0.125384,0.738,2.187,1.0,0.132349,0.10258,2.673,0.902,30,0.092507,hst,2.072,2.964,0.699,2.964,1.0,9.427442670147338e-17,drift,392,4.316,2110,hst,1,5.182
bcsstk25,15439,252241,8,0.05,20,False,400,256,0.290144,0.084957,0.101171,0.84,2.868,1.0,0.09764,0.091852,3.159,0.925,4,0.084957,hst,2.972,3.415,0.87,3.415,1.0,1.4798782495741104e-16,drift,374,1.665,1775,hst,1,0.878
bcsstk25,15439,252241,8,0.05,21,False,400,256,0.269173,0.093583,0.126335,0.741,2.131,1.0,0.131102,0.102598,2.624,0.912,30,0.093583,hst,2.053,2.876,0.714,2.876,1.0,1.5323971434071406e-16,drift,393,4.68,2103,hst,1,4.956
bcsstk25,15439,252241,8,0.25,17,False,400,256,0.279584,0.093942,0.222747,0.422,1.255,1.0,0.133684,0.102389,2.731,0.918,30,0.093942,hst,2.091,2.976,0.703,2.976,1.0,1.4310126622262146e-16,drift,399,3.466,2136,hst,1,5.292
bcsstk25,15439,252241,8,0.25,18,False,400,256,0.28826,0.090824,0.199973,0.454,1.441,1.0,0.134231,0.101527,2.839,0.895,28,0.090824,hst,2.147,3.174,0.677,3.174,1.0,2.218697631478781e-16,drift,399,1.664,1518,hst,1,5.161
bcsstk25,15439,252241,8,0.25,19,False,400,256,0.289739,0.094301,0.231198,0.408,1.253,1.0,0.135869,0.102463,2.828,0.92,31,0.094301,hst,2.132,3.072,0.694,3.072,1.0,9.427442670147338e-17,drift,399,3.292,1832,hst,1,5.712
bcsstk25,15439,252241,8,0.25,20,False,400,256,0.292738,0.091012,0.205231,0.443,1.426,1.0,0.134934,0.102155,2.866,0.891,27,0.091012,hst,2.169,3.216,0.674,3.216,1.0,1.4798782495741104e-16,drift,399,3.353,1535,hst,1,5.223
bcsstk25,15439,252241,8,0.25,21,False,400,256,0.279863,0.097457,0.233881,0.417,1.197,1.0,0.135262,0.104996,2.665,0.928,31,0.097457,hst,2.069,2.872,0.721,2.872,1.0,1.5323971434071406e-16,drift,399,3.501,2241,hst,1,5.438
msc10848,10848,1229776,8,0.0,17,False,400,256,0.047704,0.095728,0.088669,1.08,0.538,1.0,0.049711,0.04595,1.038,1.038,0,0.047704,delta_baseline,0.96,1.0,0.96,1.0,2.007,3.632031213502581e-16,drift,0,1.0,3609,delta_baseline,0,0.0
msc10848,10848,1229776,8,0.0,18,False,400,256,0.052879,0.089954,0.079459,1.132,0.665,1.0,0.054774,0.050648,1.044,1.044,0,0.052879,delta_baseline,0.965,1.0,0.965,1.0,1.701,6.160502327889403e-16,drift,0,1.0,2700,delta_baseline,0,0.0
msc10848,10848,1229776,8,0.0,19,False,400,256,0.051355,0.093354,0.087581,1.066,0.586,1.0,0.053245,0.049172,1.044,1.044,0,0.051355,delta_baseline,0.965,1.0,0.965,1.0,1.818,4.460432847857754e-16,drift,0,1.0,3738,delta_baseline,0,0.0
msc10848,10848,1229776,8,0.0,20,False,400,256,0.051835,0.096858,0.087511,1.107,0.592,1.0,0.052969,0.048847,1.061,1.061,0,0.051835,delta_baseline,0.979,1.0,0.979,1.0,1.869,3.2856469467467963e-16,drift,0,1.0,3195,delta_baseline,0,0.0
msc10848,10848,1229776,8,0.0,21,False,400,256,0.048341,0.098462,0.090727,1.085,0.533,1.0,0.050122,0.046289,1.044,1.044,0,0.048341,delta_baseline,0.964,1.0,0.964,1.0,2.037,5.305500907434564e-16,drift,0,1.0,4146,delta_baseline,0,0.0
msc10848,10848,1229776,8,0.002,17,False,400,256,1.330568,0.132383,0.13615,0.972,9.773,1.0,0.163754,0.1361,9.776,0.973,1,0.132383,hst,8.125,10.051,0.808,10.051,1.0,3.632031213502581e-16,drift,84,2.646,5709,hst,1,1.299
msc10848,10848,1229776,8,0.002,18,False,400,256,1.322701,0.121521,0.130762,0.929,10.115,1.0,0.156084,0.126116,10.488,0.964,1,0.121521,hst,8.474,10.885,0.779,10.885,1.0,6.160502327889403e-16,drift,77,2.654,4851,hst,1,1.258
msc10848,10848,1229776,8,0.002,19,False,400,256,1.419074,0.125181,0.12484,1.003,11.367,1.003,0.155132,0.130429,10.88,0.96,1,0.125181,hst,9.148,11.336,0.807,11.336,1.0,4.460432847857754e-16,drift,65,2.43,5526,hst,1,1.252
msc10848,10848,1229776,8,0.002,20,False,400,256,1.357879,0.132312,0.142505,0.928,9.529,1.0,0.166575,0.137303,9.89,0.964,1,0.132312,hst,8.152,10.263,0.794,10.263,1.0,3.2856469467467963e-16,drift,85,2.654,4857,hst,1,1.301
msc10848,10848,1229776,8,0.002,21,False,400,256,1.305869,0.124534,0.126911,0.981,10.29,1.0,0.156011,0.127771,10.22,0.975,1,0.124534,hst,8.37,10.486,0.798,10.486,1.0,5.305500907434564e-16,drift,85,2.788,5058,hst,1,1.24
msc10848,10848,1229776,8,0.01,17,False,400,256,1.393882,0.139937,0.161306,0.868,8.641,1.0,0.173631,0.14719,9.47,0.951,1,0.139937,hst,8.028,9.961,0.806,9.961,1.0,3.632031213502581e-16,drift,179,3.561,6180,hst,1,1.259
msc10848,10848,1229776,8,0.01,18,False,400,256,1.310014,0.141486,0.157208,0.9,8.333,1.0,0.175964,0.146877,8.919,0.963,1,0.141486,hst,7.445,9.259,0.804,9.259,1.0,6.160502327889403e-16,drift,185,3.82,5091,hst,1,1.346
msc10848,10848,1229776,8,0.01,19,False,400,256,1.413933,0.139283,0.156594,0.889,9.029,1.0,0.173615,0.143462,9.856,0.971,1,0.139283,hst,8.144,10.152,0.802,10.152,1.0,4.460432847857754e-16,drift,174,4.024,4830,hst,1,1.367
msc10848,10848,1229776,8,0.01,20,False,400,256,1.312005,0.143541,0.159381,0.901,8.232,1.0,0.176529,0.147963,8.867,0.97,1,0.143541,hst,7.432,9.14,0.813,9.14,1.0,3.2856469467467963e-16,drift,173,3.457,5397,hst,1,1.325
msc10848,10848,1229776,8,0.01,21,False,400,256,1.257047,0.127923,0.150215,0.852,8.368,1.0,0.160125,0.132652,9.476,0.964,1,0.127923,hst,7.85,9.827,0.799,9.827,1.0,5.305500907434564e-16,drift,154,3.788,5013,hst,1,1.261
msc10848,10848,1229776,8,0.05,17,False,400,256,1.371907,0.168252,0.292352,0.576,4.693,1.0,0.198095,0.172399,7.958,0.976,1,0.168252,hst,6.925,8.154,0.849,8.154,1.0,3.632031213502581e-16,drift,369,4.45,5388,hst,1,1.373
msc10848,10848,1229776,8,0.05,18,False,400,256,1.309475,0.15918,0.272278,0.585,4.809,1.0,0.192501,0.164172,7.976,0.97,1,0.15918,hst,6.802,8.226,0.827,8.226,1.0,6.160502327889403e-16,drift,376,3.518,4992,hst,1,1.286
msc10848,10848,1229776,8,0.05,19,False,400,256,1.306583,0.145083,0.224125,0.647,5.83,1.0,0.179513,0.149032,8.767,0.974,1,0.145083,hst,7.278,9.006,0.808,9.006,1.0,4.460432847857754e-16,drift,344,2.71,4671,hst,1,1.392
msc10848,10848,1229776,8,0.05,20,False,400,256,1.33283,0.173613,0.302309,0.574,4.409,1.0,0.206653,0.179254,7.435,0.969,1,0.173613,hst,6.45,7.677,0.84,7.677,1.0,3.2856469467467963e-16,drift,386,5.161,5949,hst,1,1.416
msc10848,10848,1229776,8,0.05,21,False,400,256,1.301322,0.157784,0.259682,0.608,5.011,1.0,0.190679,0.162291,8.018,0.972,1,0.157784,hst,6.825,8.247,0.827,8.247,1.0,5.305500907434564e-16,drift,360,3.774,4707,hst,1,1.385
msc10848,10848,1229776,8,0.25,17,False,400,256,1.425203,0.169301,0.600024,0.282,2.375,1.0,0.200868,0.169857,8.391,0.997,1,0.169301,hst,7.095,8.418,0.843,8.418,1.0,3.632031213502581e-16,drift,398,4.325,4323,hst,1,1.476
msc10848,10848,1229776,8,0.25,18,False,400,256,1.433518,0.160665,0.529998,0.303,2.705,1.0,0.194188,0.162144,8.841,0.991,1,0.160665,hst,7.382,8.922,0.827,8.922,1.0,6.160502327889403e-16,drift,398,1.656,4254,hst,1,1.438
msc10848,10848,1229776,8,0.25,19,False,400,256,1.440542,0.15879,0.521016,0.305,2.765,1.0,0.195396,0.162765,8.85,0.976,1,0.15879,hst,7.372,9.072,0.813,9.072,1.0,4.460432847857754e-16,drift,399,2.011,4668,hst,1,1.569
msc10848,10848,1229776,8,0.25,20,False,400,256,1.497062,0.184958,0.679896,0.272,2.202,1.0,0.214882,0.185866,8.055,0.995,1,0.184958,hst,6.967,8.094,0.861,8.094,1.0,3.2856469467467963e-16,drift,399,4.383,3684,hst,1,1.468
msc10848,10848,1229776,8,0.25,21,False,400,256,1.46757,0.175157,0.603976,0.29,2.43,1.0,0.208191,0.17888,8.204,0.979,1,0.175157,hst,7.049,8.379,0.841,8.379,1.0,5.305500907434564e-16,drift,399,3.662,4908,hst,1,1.438
nasa2910,2910,174296,8,0.0,17,False,400,256,0.02769,0.042592,0.040899,1.041,0.677,1.0,0.02882,0.026625,1.04,1.04,0,0.02769,delta_baseline,0.961,1.0,0.961,1.0,1.538,2.8038709295888876e-16,drift,0,1.0,1090,delta_baseline,0,0.0
nasa2910,2910,174296,8,0.0,18,False,400,256,0.025648,0.035336,0.033946,1.041,0.756,1.0,0.026703,0.024731,1.037,1.037,0,0.025648,delta_baseline,0.96,1.0,0.96,1.0,1.378,3.799423773445064e-16,drift,0,1.0,733,delta_baseline,0,0.0
nasa2910,2910,174296,8,0.0,19,False,400,256,0.028155,0.039545,0.038556,1.026,0.73,1.0,0.02986,0.027563,1.021,1.021,0,0.028155,delta_baseline,0.943,1.0,0.943,1.0,1.405,3.9854920332226225e-16,drift,0,1.0,775,delta_baseline,0,0.0
nasa2910,2910,174296,8,0.0,20,False,400,256,0.025787,0.035305,0.034345,1.028,0.751,1.0,0.026723,0.024755,1.042,1.042,0,0.025787,delta_baseline,0.965,1.0,0.965,1.0,1.369,3.799423773445064e-16,drift,0,1.0,733,delta_baseline,0,0.0
nasa2910,2910,174296,8,0.0,21,False,400,256,0.02527,0.037147,0.036018,1.031,0.702,1.0,0.026686,0.024652,1.025,1.025,0,0.02527,delta_baseline,0.947,1.0,0.947,1.0,1.47,3.170894107257953e-16,drift,0,1.0,673,delta_baseline,0,0.0
nasa2910,2910,174296,8,0.002,17,False,400,256,0.874788,0.067649,0.065896,1.027,13.275,1.027,0.097347,0.071551,12.226,0.945,6,0.067649,hst,8.986,12.931,0.695,12.931,1.0,2.8038709295888876e-16,drift,64,2.183,1756,hst,1,4.533
nasa2910,2910,174296,8,0.002,18,False,400,256,0.857802,0.06098,0.065195,0.935,13.158,1.0,0.07702,0.065189,13.159,0.935,1,0.06098,hst,11.137,14.067,0.792,14.067,1.0,3.799423773445064e-16,drift,57,2.146,1888,hst,1,0.661
nasa2910,2910,174296,8,0.002,19,False,400,256,0.871138,0.061386,0.057657,1.065,15.109,1.065,0.080418,0.063788,13.657,0.962,1,0.061386,hst,10.833,14.191,0.763,14.191,1.0,3.9854920332226225e-16,drift,55,1.953,1193,hst,1,0.779
nasa2910,2910,174296,8,0.002,20,False,400,256,0.859778,0.055677,0.054661,1.019,15.729,1.019,0.072265,0.057697,14.902,0.965,1,0.055677,hst,11.898,15.442,0.77,15.442,1.0,3.799423773445064e-16,drift,44,2.243,1748,hst,1,0.697
nasa2910,2910,174296,8,0.002,21,False,400,256,0.718149,0.046951,0.045175,1.039,15.897,1.039,0.087202,0.074687,9.615,0.629,15,0.046951,hst,8.235,15.296,0.538,15.296,1.0,3.170894107257953e-16,drift,32,2.066,720,hst,1,9.485
nasa2910,2910,174296,8,0.01,17,False,400,256,0.869846,0.077351,0.084359,0.917,10.311,1.0,0.096987,0.081791,10.635,0.946,1,0.077351,hst,8.969,11.245,0.798,11.245,1.0,2.8038709295888876e-16,drift,142,2.77,1716,hst,1,0.789
nasa2910,2910,174296,8,0.01,18,False,400,256,0.871664,0.071635,0.07806,0.918,11.167,1.0,0.100151,0.077622,11.23,0.923,5,0.071635,hst,8.703,12.168,0.715,12.168,1.0,3.799423773445064e-16,drift,122,2.931,2052,hst,1,4.191
nasa2910,2910,174296,8,0.01,19,False,400,256,0.771724,0.060988,0.062174,0.981,12.412,1.0,0.080408,0.063246,12.202,0.964,1,0.060988,hst,9.598,12.654,0.758,12.654,1.0,3.9854920332226225e-16,drift,103,3.579,781,hst,1,0.766
nasa2910,2910,174296,8,0.01,20,False,400,256,0.916527,0.08045,0.08478,0.949,10.811,1.0,0.098799,0.085802,10.682,0.938,1,0.08045,hst,9.277,11.392,0.814,11.392,1.0,3.799423773445064e-16,drift,147,2.858,2019,hst,1,0.656
nasa2910,2910,174296,8,0.01,21,False,400,256,0.748877,0.048962,0.04916,0.996,15.234,1.0,0.085132,0.062086,12.062,0.789,11,0.048962,hst,8.797,15.295,0.575,15.295,1.0,3.170894107257953e-16,drift,48,2.443,971,hst,1,7.638
nasa2910,2910,174296,8,0.05,17,False,400,256,0.795674,0.095131,0.1263,0.753,6.3,1.0,0.118489,0.102034,7.798,0.932,1,0.095131,hst,6.715,8.364,0.803,8.364,1.0,2.8038709295888876e-16,drift,328,4.026,1253,hst,1,0.845
nasa2910,2910,174296,8,0.05,18,False,400,256,0.836619,0.097603,0.137419,0.71,6.088,1.0,0.117615,0.104952,7.971,0.93,1,0.097603,hst,7.113,8.572,0.83,8.572,1.0,3.799423773445064e-16,drift,324,2.303,947,hst,1,0.745
nasa2910,2910,174296,8,0.05,19,False,400,256,0.720456,0.072668,0.085326,0.852,8.444,1.0,0.094309,0.076994,9.357,0.944,1,0.072668,hst,7.639,9.914,0.771,9.914,1.0,3.9854920332226225e-16,drift,268,2.696,786,hst,1,0.765
nasa2910,2910,174296,8,0.05,20,False,400,256,0.805811,0.094509,0.125351,0.754,6.428,1.0,0.114918,0.102037,7.897,0.926,1,0.094509,hst,7.012,8.526,0.822,8.526,1.0,3.799423773445064e-16,drift,327,5.326,1187,hst,1,0.782
nasa2910,2910,174296,8,0.05,21,False,400,256,0.753433,0.074142,0.091084,0.814,8.272,1.0,0.09407,0.079473,9.48,0.933,1,0.074142,hst,8.009,10.162,0.788,10.162,1.0,3.170894107257953e-16,drift,276,3.23,924,hst,1,0.712
nasa2910,2910,174296,8,0.25,17,False,400,256,0.857272,0.1031,0.265046,0.389,3.234,1.0,0.124893,0.107785,7.954,0.957,1,0.1031,hst,6.864,8.315,0.826,8.315,1.0,2.8038709295888876e-16,drift,399,1.955,1555,hst,1,0.9
nasa2910,2910,174296,8,0.25,18,False,400,256,0.825352,0.096428,0.236283,0.408,3.493,1.0,0.11746,0.102161,8.079,0.944,1,0.096428,hst,7.027,8.559,0.821,8.559,1.0,3.799423773445064e-16,drift,398,3.161,1462,hst,1,0.807
nasa2910,2910,174296,8,0.25,19,False,400,256,0.827536,0.091907,0.211604,0.434,3.911,1.0,0.114955,0.099098,8.351,0.927,1,0.091907,hst,7.199,9.004,0.8,9.004,1.0,3.9854920332226225e-16,drift,397,2.35,1082,hst,1,0.906
nasa2910,2910,174296,8,0.25,20,False,400,256,0.834455,0.095871,0.226246,0.424,3.688,1.0,0.11751,0.101621,8.211,0.943,1,0.095871,hst,7.101,8.704,0.816,8.704,1.0,3.799423773445064e-16,drift,398,4.448,1210,hst,1,0.848
nasa2910,2910,174296,8,0.25,21,False,400,256,0.838994,0.094735,0.230337,0.411,3.642,1.0,0.115842,0.100449,8.352,0.943,1,0.094735,hst,7.243,8.856,0.818,8.856,1.0,3.170894107257953e-16,drift,398,2.686,1216,hst,1,0.815
s3rmt3m3,5357,207123,8,0.0,17,False,400,256,0.02904,0.045202,0.042016,1.076,0.691,1.0,0.03361,0.031846,0.912,0.912,,0.02904,delta_baseline,0.864,1.0,0.864,1.0,1.557,4.0558810500666957e-16,drift,0,1.0,674,delta_baseline,0,0.0
s3rmt3m3,5357,207123,8,0.0,18,False,400,256,0.025103,0.041442,0.041633,0.995,0.603,1.0,0.03027,0.028514,0.88,0.88,,0.025103,delta_baseline,0.829,1.0,0.829,1.0,1.651,4.602754019127631e-16,drift,0,1.0,597,delta_baseline,0,0.0
s3rmt3m3,5357,207123,8,0.0,19,False,400,256,0.028505,0.042275,0.040041,1.056,0.712,1.0,0.032572,0.030758,0.927,0.927,,0.028505,delta_baseline,0.875,1.0,0.875,1.0,1.483,3.6103403035014226e-16,drift,0,1.0,498,delta_baseline,0,0.0
s3rmt3m3,5357,207123,8,0.0,20,False,400,256,0.025305,0.042099,0.040513,1.039,0.625,1.0,0.031143,0.02968,0.853,0.853,,0.025305,delta_baseline,0.813,1.0,0.813,1.0,1.664,3.8491695538458903e-16,drift,0,1.0,612,delta_baseline,0,0.0
s3rmt3m3,5357,207123,8,0.0,21,False,400,256,0.02671,0.041481,0.039601,1.047,0.674,1.0,0.030891,0.029326,0.911,0.911,,0.02671,delta_baseline,0.865,1.0,0.865,1.0,1.553,4.3170597187208097e-16,drift,0,1.0,471,delta_baseline,0,0.0
s3rmt3m3,5357,207123,8,0.002,17,False,400,256,0.587542,0.071012,0.067763,1.048,8.671,1.048,0.088174,0.076041,7.727,0.934,2,0.071012,hst,6.663,8.274,0.805,8.274,1.0,4.0558810500666957e-16,drift,45,2.08,1050,hst,1,0.834
s3rmt3m3,5357,207123,8,0.002,18,False,400,256,0.533585,0.055744,0.049972,1.116,10.678,1.116,0.092971,0.078227,6.821,0.713,20,0.055744,hst,5.739,9.572,0.6,9.572,1.0,4.602754019127631e-16,drift,33,1.718,810,hst,1,8.943
s3rmt3m3,5357,207123,8,0.002,19,False,400,256,0.596961,0.063126,0.056655,1.114,10.537,1.114,0.079277,0.068419,8.725,0.923,2,0.063126,hst,7.53,9.457,0.796,9.457,1.0,3.6103403035014226e-16,drift,43,2.078,894,hst,1,0.901
s3rmt3m3,5357,207123,8,0.002,20,False,400,256,0.511726,0.052968,0.048949,1.082,10.454,1.082,0.090527,0.072689,7.04,0.729,20,0.052968,hst,5.653,9.661,0.585,9.661,1.0,3.8491695538458903e-16,drift,20,1.917,744,hst,1,8.855
s3rmt3m3,5357,207123,8,0.002,21,False,400,256,0.525916,0.049992,0.04683,1.068,11.23,1.068,0.090872,0.07319,7.186,0.683,20,0.049992,hst,5.787,10.52,0.55,10.52,1.0,4.3170597187208097e-16,drift,18,1.811,609,hst,1,8.835
s3rmt3m3,5357,207123,8,0.01,17,False,400,256,0.597454,0.081639,0.076191,1.072,7.842,1.072,0.102702,0.090821,6.578,0.899,2,0.081639,hst,5.817,7.318,0.795,7.318,1.0,4.0558810500666957e-16,drift,132,3.125,1054,hst,1,0.914
s3rmt3m3,5357,207123,8,0.01,18,False,400,256,0.551944,0.062483,0.055984,1.116,9.859,1.116,0.07994,0.067464,8.181,0.926,2,0.062483,hst,6.905,8.834,0.782,8.834,1.0,4.602754019127631e-16,drift,63,2.29,810,hst,1,0.817
s3rmt3m3,5357,207123,8,0.01,19,False,400,256,0.630919,0.085109,0.080401,1.059,7.847,1.059,0.104387,0.093883,6.72,0.907,1,0.085109,hst,6.044,7.413,0.815,7.413,1.0,3.6103403035014226e-16,drift,141,2.618,1176,hst,1,0.799
s3rmt3m3,5357,207123,8,0.01,20,False,400,256,0.542866,0.06514,0.060315,1.08,9.001,1.08,0.105242,0.088322,6.146,0.738,20,0.06514,hst,5.158,8.334,0.619,8.334,1.0,3.8491695538458903e-16,drift,75,2.324,1032,hst,1,8.892
s3rmt3m3,5357,207123,8,0.01,21,False,400,256,0.554574,0.062178,0.054864,1.133,10.108,1.133,0.080075,0.068404,8.107,0.909,2,0.062178,hst,6.926,8.919,0.776,8.919,1.0,4.3170597187208097e-16,drift,69,2.46,678,hst,1,0.781
s3rmt3m3,5357,207123,8,0.05,17,False,400,256,0.603267,0.113259,0.118349,0.957,5.097,1.0,0.140316,0.129295,4.666,0.876,2,0.113259,hst,4.299,5.326,0.807,5.326,1.0,4.0558810500666957e-16,drift,338,1.734,1162,hst,1,0.989
s3rmt3m3,5357,207123,8,0.05,18,False,400,256,0.588924,0.108606,0.109315,0.994,5.387,1.0,0.127943,0.11902,4.948,0.912,2,0.108606,hst,4.603,5.423,0.849,5.423,1.0,4.602754019127631e-16,drift,313,4.241,1239,hst,1,0.881
s3rmt3m3,5357,207123,8,0.05,19,False,400,256,0.615361,0.111868,0.111906,1.0,5.499,1.0,0.131884,0.120826,5.093,0.926,2,0.111868,hst,4.666,5.501,0.848,5.501,1.0,3.6103403035014226e-16,drift,328,4.035,1188,hst,1,0.937
s3rmt3m3,5357,207123,8,0.05,20,False,400,256,0.567189,0.102411,0.099315,1.031,5.711,1.031,0.122761,0.113164,5.012,0.905,2,0.102411,hst,4.62,5.538,0.834,5.538,1.0,3.8491695538458903e-16,drift,288,2.971,1047,hst,1,0.827
s3rmt3m3,5357,207123,8,0.05,21,False,400,256,0.584306,0.105689,0.110801,0.954,5.273,1.0,0.127375,0.118794,4.919,0.89,2,0.105689,hst,4.587,5.529,0.83,5.529,1.0,4.3170597187208097e-16,drift,301,1.094,1181,hst,1,0.802
s3rmt3m3,5357,207123,8,0.25,17,False,400,256,0.601487,0.118426,0.190374,0.622,3.16,1.0,0.142748,0.130553,4.607,0.907,2,0.118426,hst,4.214,5.079,0.83,5.079,1.0,4.0558810500666957e-16,drift,399,2.638,1241,hst,1,0.956
s3rmt3m3,5357,207123,8,0.25,18,False,400,256,0.600514,0.117287,0.181203,0.647,3.314,1.0,0.139231,0.128539,4.672,0.912,2,0.117287,hst,4.313,5.12,0.842,5.12,1.0,4.602754019127631e-16,drift,398,4.329,1146,hst,1,0.881
s3rmt3m3,5357,207123,8,0.25,19,False,400,256,0.598896,0.118565,0.177531,0.668,3.373,1.0,0.142611,0.130697,4.582,0.907,2,0.118565,hst,4.2,5.051,0.831,5.051,1.0,3.6103403035014226e-16,drift,399,3.419,915,hst,1,1.02
s3rmt3m3,5357,207123,8,0.25,20,False,400,256,0.585847,0.118466,0.181332,0.653,3.231,1.0,0.138642,0.127329,4.601,0.93,2,0.118466,hst,4.226,4.945,0.854,4.945,1.0,3.8491695538458903e-16,drift,399,1.324,1140,hst,1,0.998
s3rmt3m3,5357,207123,8,0.25,21,False,400,256,0.592759,0.114352,0.174718,0.654,3.393,1.0,0.138898,0.127805,4.638,0.895,2,0.114352,hst,4.268,5.184,0.823,5.184,1.0,4.3170597187208097e-16,drift,399,2.88,873,hst,1,0.882
olafu,16146,1015156,8,0.0,17,False,400,256,0.024041,0.05731,0.051379,1.115,0.468,1.0,0.025593,0.023706,1.014,1.014,0,0.024041,delta_baseline,0.939,1.0,0.939,1.0,2.384,5.582074938205133e-16,drift,0,1.0,858,delta_baseline,0,0.0
olafu,16146,1015156,8,0.0,18,False,400,256,0.02212,0.047406,0.042393,1.118,0.522,1.0,0.023473,0.021825,1.014,1.014,0,0.02212,delta_baseline,0.942,1.0,0.942,1.0,2.143,6.4036469396236e-16,drift,0,1.0,942,delta_baseline,0,0.0
olafu,16146,1015156,8,0.0,19,False,400,256,0.02336,0.063024,0.058476,1.078,0.399,1.0,0.024931,0.023166,1.008,1.008,0,0.02336,delta_baseline,0.937,1.0,0.937,1.0,2.698,4.864534386882603e-16,drift,0,1.0,1014,delta_baseline,0,0.0
olafu,16146,1015156,8,0.0,20,False,400,256,0.025263,0.046314,0.043009,1.077,0.587,1.0,0.026835,0.024906,1.014,1.014,0,0.025263,delta_baseline,0.941,1.0,0.941,1.0,1.833,8.4320949564375e-16,drift,0,1.0,794,delta_baseline,0,0.0
olafu,16146,1015156,8,0.0,21,False,400,256,0.029194,0.044322,0.042605,1.04,0.685,1.0,0.030849,0.028611,1.02,1.02,0,0.029194,delta_baseline,0.946,1.0,0.946,1.0,1.518,5.998259265642777e-16,drift,0,1.0,629,delta_baseline,0,0.0
olafu,16146,1015156,8,0.002,17,False,400,256,0.672475,0.077949,0.069862,1.116,9.626,1.116,0.093349,0.079505,8.458,0.98,1,0.077949,hst,7.204,8.627,0.835,8.627,1.0,5.582074938205133e-16,drift,59,2.518,1333,hst,1,0.853
olafu,16146,1015156,8,0.002,18,False,400,256,0.582763,0.063829,0.060863,1.049,9.575,1.049,0.078678,0.067256,8.665,0.949,2,0.063829,hst,7.407,9.13,0.811,9.13,1.0,6.4036469396236e-16,drift,52,1.983,1491,hst,1,0.795
olafu,16146,1015156,8,0.002,19,False,400,256,0.653012,0.08509,0.084113,1.012,7.764,1.012,0.09932,0.088139,7.409,0.965,2,0.08509,hst,6.575,7.674,0.857,7.674,1.0,4.864534386882603e-16,drift,82,2.526,1580,hst,1,1.09
olafu,16146,1015156,8,0.002,20,False,400,256,0.750542,0.070525,0.07102,0.993,10.568,1.0,0.112757,0.091419,8.21,0.771,12,0.070525,hst,6.656,10.642,0.625,10.642,1.0,8.4320949564375e-16,drift,79,2.49,1285,hst,1,7.696
olafu,16146,1015156,8,0.002,21,False,400,256,0.806293,0.061653,0.05924,1.041,13.611,1.041,0.078255,0.061069,13.203,1.01,1,0.061653,hst,10.303,13.078,0.788,13.078,1.0,5.998259265642777e-16,drift,52,2.269,822,hst,1,0.854
olafu,16146,1015156,8,0.01,17,False,400,256,0.745665,0.085023,0.082751,1.027,9.011,1.027,0.102722,0.089073,8.371,0.955,1,0.085023,hst,7.259,8.77,0.828,8.77,1.0,5.582074938205133e-16,drift,144,2.719,1379,hst,1,0.896
olafu,16146,1015156,8,0.01,18,False,400,256,0.632954,0.072802,0.068584,1.062,9.229,1.062,0.088814,0.077374,8.18,0.941,1,0.072802,hst,7.127,8.694,0.82,8.694,1.0,6.4036469396236e-16,drift,118,2.342,1715,hst,1,0.796
olafu,16146,1015156,8,0.01,19,False,400,256,0.638119,0.094762,0.096293,0.984,6.627,1.0,0.113951,0.101883,6.263,0.93,2,0.094762,hst,5.6,6.734,0.832,6.734,1.0,4.864534386882603e-16,drift,170,3.56,1842,hst,1,0.946
olafu,16146,1015156,8,0.01,20,False,400,256,0.749185,0.091988,0.09759,0.943,7.677,1.0,0.110499,0.097843,7.657,0.94,1,0.091988,hst,6.78,8.144,0.832,8.144,1.0,8.4320949564375e-16,drift,190,3.132,2009,hst,1,0.883
olafu,16146,1015156,8,0.01,21,False,400,256,0.80107,0.059539,0.058888,1.011,13.603,1.011,0.089343,0.063274,12.66,0.941,6,0.059539,hst,8.966,13.454,0.666,13.454,1.0,5.998259265642777e-16,drift,68,2.936,845,hst,1,4.642
olafu,16146,1015156,8,0.05,17,False,400,256,0.798261,0.118519,0.172032,0.689,4.64,1.0,0.137394,0.124963,6.388,0.948,1,0.118519,hst,5.81,6.735,0.863,6.735,1.0,5.582074938205133e-16,drift,366,2.476,2039,hst,1,0.955
olafu,16146,1015156,8,0.05,18,False,400,256,0.65904,0.103499,0.132766,0.78,4.964,1.0,0.127496,0.11043,5.968,0.937,7,0.103499,hst,5.169,6.368,0.812,6.368,1.0,6.4036469396236e-16,drift,359,4.678,1762,hst,1,3.605
olafu,16146,1015156,8,0.05,19,False,400,256,0.748422,0.112423,0.163429,0.688,4.579,1.0,0.130913,0.118797,6.3,0.946,2,0.112423,hst,5.717,6.657,0.859,6.657,1.0,4.864534386882603e-16,drift,363,3.307,1452,hst,1,0.991
olafu,16146,1015156,8,0.05,20,False,400,256,0.777826,0.108403,0.148873,0.728,5.225,1.0,0.127692,0.115801,6.717,0.936,1,0.108403,hst,6.091,7.175,0.849,7.175,1.0,8.4320949564375e-16,drift,353,3.097,2160,hst,1,0.889
olafu,16146,1015156,8,0.05,21,False,400,256,0.791001,0.072293,0.081145,0.891,9.748,1.0,0.092666,0.075506,10.476,0.957,1,0.072293,hst,8.536,10.942,0.78,10.942,1.0,5.998259265642777e-16,drift,217,3.386,756,hst,1,0.878
olafu,16146,1015156,8,0.25,17,False,400,256,0.837989,0.113733,0.289039,0.393,2.899,1.0,0.132622,0.11886,7.05,0.957,1,0.113733,hst,6.319,7.368,0.858,7.368,1.0,5.582074938205133e-16,drift,399,4.273,1325,hst,1,0.949
olafu,16146,1015156,8,0.25,18,False,400,256,0.838852,0.112682,0.292014,0.386,2.873,1.0,0.13142,0.119145,7.041,0.946,1,0.112682,hst,6.383,7.444,0.857,7.444,1.0,6.4036469396236e-16,drift,398,3.121,1258,hst,1,0.917
olafu,16146,1015156,8,0.25,19,False,400,256,0.839992,0.103408,0.232649,0.444,3.611,1.0,0.122235,0.108263,7.759,0.955,1,0.103408,hst,6.872,8.123,0.846,8.123,1.0,4.864534386882603e-16,drift,399,2.169,1061,hst,1,1.001
olafu,16146,1015156,8,0.25,20,False,400,256,0.81554,0.106415,0.246797,0.431,3.305,1.0,0.135137,0.121388,6.718,0.877,1,0.106415,hst,6.035,7.664,0.787,7.664,1.0,8.4320949564375e-16,drift,399,4.173,1595,hst,1,0.923
olafu,16146,1015156,8,0.25,21,False,400,256,0.845498,0.102331,0.236894,0.432,3.569,1.0,0.124343,0.107178,7.889,0.955,1,0.102331,hst,6.8,8.262,0.823,8.262,1.0,5.998259265642777e-16,drift,398,4.319,1413,hst,1,0.993
raefsky3,21200,1488768,8,0.0,17,False,400,256,0.028905,0.0405,0.038258,1.059,0.756,1.0,0.030734,0.028522,1.013,1.013,0,0.028905,delta_baseline,0.94,1.0,0.94,1.0,1.401,4.21040283801125e-16,drift,0,1.0,480,delta_baseline,0,0.0
raefsky3,21200,1488768,8,0.0,18,False,400,256,0.029032,0.039984,0.03823,1.046,0.759,1.0,0.030482,0.028299,1.026,1.026,0,0.029032,delta_baseline,0.952,1.0,0.952,1.0,1.377,3.542741100665178e-16,drift,0,1.0,480,delta_baseline,0,0.0
raefsky3,21200,1488768,8,0.0,19,False,400,256,0.029075,0.039725,0.038355,1.036,0.758,1.0,0.030607,0.028439,1.022,1.022,0,0.029075,delta_baseline,0.95,1.0,0.95,1.0,1.366,2.936613481310225e-16,drift,0,1.0,480,delta_baseline,0,0.0
raefsky3,21200,1488768,8,0.0,20,False,400,256,0.028962,0.039784,0.038475,1.034,0.753,1.0,0.030646,0.028509,1.016,1.016,0,0.028962,delta_baseline,0.945,1.0,0.945,1.0,1.374,4.654934124763125e-16,drift,0,1.0,480,delta_baseline,0,0.0
raefsky3,21200,1488768,8,0.0,21,False,400,256,0.028986,0.040201,0.038193,1.053,0.759,1.0,0.030754,0.028659,1.011,1.011,0,0.028986,delta_baseline,0.942,1.0,0.942,1.0,1.387,3.205001438329397e-16,drift,0,1.0,480,delta_baseline,0,0.0
raefsky3,21200,1488768,8,0.002,17,False,400,256,0.793346,0.059961,0.059632,1.006,13.304,1.006,0.086335,0.060579,13.096,0.99,6,0.059961,hst,9.189,13.231,0.695,13.231,1.0,4.21040283801125e-16,drift,47,2.268,896,hst,1,4.578
raefsky3,21200,1488768,8,0.002,18,False,400,256,0.805743,0.059263,0.056037,1.058,14.379,1.058,0.077371,0.061545,13.092,0.963,1,0.059263,hst,10.414,13.596,0.766,13.596,1.0,3.542741100665178e-16,drift,44,1.903,952,hst,1,0.868
raefsky3,21200,1488768,8,0.002,19,False,400,256,0.804402,0.058969,0.060671,0.972,13.259,1.0,0.077745,0.061941,12.987,0.952,1,0.058969,hst,10.347,13.641,0.759,13.641,1.0,2.936613481310225e-16,drift,55,2.285,984,hst,1,0.845
raefsky3,21200,1488768,8,0.002,20,False,400,256,0.783123,0.055595,0.054228,1.025,14.441,1.025,0.074766,0.058957,13.283,0.943,1,0.055595,hst,10.474,14.086,0.744,14.086,1.0,4.654934124763125e-16,drift,55,2.261,880,hst,1,0.853
raefsky3,21200,1488768,8,0.002,21,False,400,256,0.806682,0.060462,0.062803,0.963,12.845,1.0,0.079875,0.063732,12.657,0.949,1,0.060462,hst,10.099,13.342,0.757,13.342,1.0,3.205001438329397e-16,drift,66,2.319,944,hst,1,0.835
raefsky3,21200,1488768,8,0.01,17,False,400,256,0.830045,0.066913,0.066119,1.012,12.554,1.012,0.087514,0.071798,11.561,0.932,1,0.066913,hst,9.485,12.405,0.765,12.405,1.0,4.21040283801125e-16,drift,97,2.658,992,hst,1,0.876
raefsky3,21200,1488768,8,0.01,18,False,400,256,0.828654,0.071403,0.075437,0.947,10.985,1.0,0.11039,0.075776,10.936,0.942,11,0.071403,hst,7.507,11.605,0.647,11.605,1.0,3.542741100665178e-16,drift,120,3.097,1208,hst,1,8.444
raefsky3,21200,1488768,8,0.01,19,False,400,256,0.832051,0.073771,0.077977,0.946,10.67,1.0,0.093374,0.078686,10.574,0.938,1,0.073771,hst,8.911,11.279,0.79,11.279,1.0,2.936613481310225e-16,drift,124,3.461,1192,hst,1,0.855
raefsky3,21200,1488768,8,0.01,20,False,400,256,0.831867,0.073023,0.077701,0.94,10.706,1.0,0.093274,0.07813,10.647,0.935,1,0.073023,hst,8.919,11.392,0.783,11.392,1.0,4.654934124763125e-16,drift,131,2.982,1360,hst,1,0.882
raefsky3,21200,1488768,8,0.01,21,False,400,256,0.830705,0.069123,0.072083,0.959,11.524,1.0,0.089251,0.073712,11.27,0.938,1,0.069123,hst,9.307,12.018,0.774,12.018,1.0,3.205001438329397e-16,drift,112,2.923,1064,hst,1,0.908
raefsky3,21200,1488768,8,0.05,17,False,400,256,0.83203,0.084837,0.091106,0.931,9.133,1.0,0.104249,0.089069,9.341,0.952,1,0.084837,hst,7.981,9.807,0.814,9.807,1.0,4.21040283801125e-16,drift,291,1.916,1152,hst,1,0.854
raefsky3,21200,1488768,8,0.05,18,False,400,256,0.834667,0.089184,0.103613,0.861,8.056,1.0,0.109049,0.094754,8.809,0.941,1,0.089184,hst,7.654,9.359,0.818,9.359,1.0,3.542741100665178e-16,drift,302,2.21,1400,hst,1,0.886
raefsky3,21200,1488768,8,0.05,19,False,400,256,0.826472,0.088698,0.103821,0.854,7.961,1.0,0.109938,0.095583,8.647,0.928,1,0.088698,hst,7.518,9.318,0.807,9.318,1.0,2.936613481310225e-16,drift,309,1.299,1192,hst,1,0.865
raefsky3,21200,1488768,8,0.05,20,False,400,256,0.840413,0.089219,0.108693,0.821,7.732,1.0,0.111136,0.097333,8.634,0.917,1,0.089219,hst,7.562,9.42,0.803,9.42,1.0,4.654934124763125e-16,drift,315,2.361,1632,hst,1,0.926
raefsky3,21200,1488768,8,0.05,21,False,400,256,0.814822,0.081269,0.093274,0.871,8.736,1.0,0.10153,0.086291,9.443,0.942,1,0.081269,hst,8.025,10.026,0.8,10.026,1.0,3.205001438329397e-16,drift,288,4.635,1104,hst,1,0.868
raefsky3,21200,1488768,8,0.25,17,False,400,256,0.845196,0.093441,0.156107,0.599,5.414,1.0,0.113306,0.097039,8.71,0.963,1,0.093441,hst,7.459,9.045,0.825,9.045,1.0,4.21040283801125e-16,drift,399,3.724,1216,hst,1,0.983
raefsky3,21200,1488768,8,0.25,18,False,400,256,0.829042,0.091141,0.152109,0.599,5.45,1.0,0.111774,0.096455,8.595,0.945,1,0.091141,hst,7.417,9.096,0.815,9.096,1.0,3.542741100665178e-16,drift,397,2.778,888,hst,1,0.904
raefsky3,21200,1488768,8,0.25,19,False,400,256,0.818923,0.089212,0.142696,0.625,5.739,1.0,0.110787,0.094528,8.663,0.944,1,0.089212,hst,7.392,9.179,0.805,9.179,1.0,2.936613481310225e-16,drift,397,3.14,712,hst,1,0.956
raefsky3,21200,1488768,8,0.25,20,False,400,256,0.823171,0.090869,0.150698,0.603,5.462,1.0,0.111716,0.096156,8.561,0.945,1,0.090869,hst,7.368,9.059,0.813,9.059,1.0,4.654934124763125e-16,drift,399,3.846,976,hst,1,0.907
raefsky3,21200,1488768,8,0.25,21,False,400,256,0.826527,0.090096,0.146811,0.614,5.63,1.0,0.110759,0.094627,8.735,0.952,1,0.090096,hst,7.462,9.174,0.813,9.174,1.0,3.205001438329397e-16,drift,397,2.56,800,hst,1,0.958
wang3,26064,177168,8,0.0,17,False,400,256,0.008723,0.03492,0.02652,1.317,0.329,1.0,0.010966,0.010578,0.825,0.825,,0.008723,delta_baseline,0.795,1.0,0.795,1.0,4.003,1.1305705384438466e-16,drift,0,1.0,1445,delta_baseline,0,0.0
wang3,26064,177168,8,0.0,18,False,400,256,0.008713,0.0312,0.025404,1.228,0.343,1.0,0.010901,0.010464,0.833,0.833,,0.008713,delta_baseline,0.799,1.0,0.799,1.0,3.581,2.415345571415648e-16,drift,0,1.0,1212,delta_baseline,0,0.0
wang3,26064,177168,8,0.0,19,False,400,256,0.008452,0.030359,0.02478,1.225,0.341,1.0,0.010627,0.010234,0.826,0.826,,0.008452,delta_baseline,0.795,1.0,0.795,1.0,3.592,1.1119305929315413e-16,drift,0,1.0,1150,delta_baseline,0,0.0
wang3,26064,177168,8,0.0,20,False,400,256,0.008943,0.033329,0.025939,1.285,0.345,1.0,0.010544,0.010181,0.878,0.878,,0.008943,delta_baseline,0.848,1.0,0.848,1.0,3.727,2.3978588170819393e-16,drift,0,1.0,1305,delta_baseline,0,0.0
wang3,26064,177168,8,0.0,21,False,400,256,0.008887,0.032992,0.026922,1.225,0.33,1.0,0.010968,0.010568,0.841,0.841,,0.008887,delta_baseline,0.81,1.0,0.81,1.0,3.712,1.1305705384438466e-16,drift,0,1.0,1461,delta_baseline,0,0.0
wang3,26064,177168,8,0.002,17,False,400,256,0.109399,0.05374,0.043326,1.24,2.525,1.24,0.077172,0.057737,1.895,0.931,86,0.05374,hst,1.418,2.036,0.696,2.036,1.0,1.1305705384438466e-16,drift,134,2.579,2047,hst,1,4.44
wang3,26064,177168,8,0.002,18,False,400,256,0.10838,0.045815,0.038399,1.193,2.822,1.193,0.070215,0.051008,2.125,0.898,72,0.045815,hst,1.544,2.366,0.652,2.366,1.0,2.415345571415648e-16,drift,111,2.61,1712,hst,1,4.143
wang3,26064,177168,8,0.002,19,False,400,256,0.10522,0.041301,0.034475,1.198,3.052,1.198,0.06551,0.047483,2.216,0.87,67,0.041301,hst,1.606,2.548,0.63,2.548,1.0,1.1119305929315413e-16,drift,104,2.41,1535,hst,1,3.885
wang3,26064,177168,8,0.002,20,False,400,256,0.107394,0.046248,0.040409,1.145,2.658,1.145,0.071771,0.053845,1.995,0.859,75,0.046248,hst,1.496,2.322,0.644,2.322,1.0,2.3978588170819393e-16,drift,137,2.762,1687,hst,1,4.001
wang3,26064,177168,8,0.002,21,False,400,256,0.108313,0.047377,0.042407,1.117,2.554,1.117,0.072908,0.05321,2.036,0.89,78,0.047377,hst,1.486,2.286,0.65,2.286,1.0,1.1305705384438466e-16,drift,137,2.779,1898,hst,1,4.317
wang3,26064,177168,8,0.01,17,False,400,256,0.111901,0.066544,0.067665,0.983,1.654,1.0,0.093474,0.073764,1.517,0.902,129,0.066544,hst,1.197,1.682,0.712,1.682,1.0,1.1305705384438466e-16,drift,317,1.893,2115,hst,1,4.92
wang3,26064,177168,8,0.01,18,False,400,256,0.111979,0.064076,0.059857,1.07,1.871,1.07,0.088017,0.069606,1.609,0.921,103,0.064076,hst,1.272,1.748,0.728,1.748,1.0,2.415345571415648e-16,drift,276,4.43,2075,hst,1,4.367
wang3,26064,177168,8,0.01,19,False,400,256,0.109798,0.054646,0.051354,1.064,2.138,1.064,0.081104,0.06246,1.758,0.875,91,0.054646,hst,1.354,2.009,0.674,2.009,1.0,1.1119305929315413e-16,drift,245,4.253,1592,hst,1,4.302
wang3,26064,177168,8,0.01,20,False,400,256,0.111321,0.062774,0.061492,1.021,1.81,1.021,0.092168,0.073878,1.507,0.85,121,0.062774,hst,1.208,1.773,0.681,1.773,1.0,2.3978588170819393e-16,drift,298,4.106,2154,hst,1,4.531
wang3,26064,177168,8,0.01,21,False,400,256,0.111346,0.062376,0.064825,0.962,1.718,1.0,0.088884,0.070451,1.58,0.885,112,0.062376,hst,1.253,1.785,0.702,1.785,1.0,1.1305705384438466e-16,drift,278,4.481,2208,hst,1,4.568
wang3,26064,177168,8,0.05,17,False,400,256,0.114293,0.086847,0.126536,0.686,0.903,1.0,0.112804,0.093307,1.225,0.931,251,0.086847,hst,1.013,1.316,0.77,1.316,1.0,1.1305705384438466e-16,drift,399,2.809,2732,hst,1,5.274
wang3,26064,177168,8,0.05,18,False,400,256,0.113269,0.082225,0.128924,0.638,0.879,1.0,0.10862,0.089599,1.264,0.918,214,0.082225,hst,1.043,1.378,0.757,1.378,1.0,2.415345571415648e-16,drift,398,3.602,2848,hst,1,5.057
wang3,26064,177168,8,0.05,19,False,400,256,0.111187,0.08369,0.129269,0.647,0.86,1.0,0.10985,0.091246,1.219,0.917,257,0.08369,hst,1.012,1.329,0.762,1.329,1.0,1.1119305929315413e-16,drift,399,2.902,2777,hst,1,5.124
wang3,26064,177168,8,0.05,20,False,400,256,0.112479,0.080294,0.121846,0.659,0.923,1.0,0.108632,0.089326,1.259,0.899,228,0.080294,hst,1.035,1.401,0.739,1.401,1.0,2.3978588170819393e-16,drift,398,2.345,2562,hst,1,5.276
wang3,26064,177168,8,0.05,21,False,400,256,0.112633,0.086297,0.138026,0.625,0.816,1.0,0.113018,0.093677,1.202,0.921,281,0.086297,hst,0.997,1.305,0.764,1.305,1.0,1.1305705384438466e-16,drift,399,4.313,2917,hst,1,5.333
wang3,26064,177168,8,0.25,17,False,400,256,0.112875,0.099119,0.294544,0.337,0.383,1.0,0.125852,0.106266,1.062,0.933,884,0.099119,hst,0.897,1.139,0.788,1.139,1.0,1.1305705384438466e-16,drift,399,5.165,2726,hst,1,5.841
wang3,26064,177168,8,0.25,18,False,400,256,0.112893,0.097598,0.297598,0.328,0.379,1.0,0.123871,0.104851,1.077,0.931,689,0.097598,hst,0.911,1.157,0.788,1.157,1.0,2.415345571415648e-16,drift,399,5.162,3239,hst,1,5.545
wang3,26064,177168,8,0.25,19,False,400,256,0.112154,0.099894,0.289106,0.346,0.388,1.0,0.125024,0.10638,1.054,0.939,946,0.099894,hst,0.897,1.123,0.799,1.123,1.0,1.1119305929315413e-16,drift,399,2.224,2973,hst,1,5.462
wang3,26064,177168,8,0.25,20,False,400,256,0.112669,0.094399,0.277874,0.34,0.405,1.0,0.121129,0.101928,1.105,0.926,518,0.094399,hst,0.93,1.194,0.779,1.194,1.0,2.3978588170819393e-16,drift,399,2.937,2811,hst,1,5.564
wang3,26064,177168,8,0.25,21,False,400,256,0.113336,0.095803,0.285369,0.336,0.397,1.0,0.122264,0.102739,1.103,0.932,542,0.095803,hst,0.927,1.183,0.784,1.183,1.0,1.1305705384438466e-16,drift,399,4.744,3165,hst,1,5.748
epb2,25228,175027,8,0.0,17,False,400,256,0.011939,0.031518,0.025189,1.251,0.474,1.0,0.013717,0.013079,0.913,0.913,,0.011939,delta_baseline,0.87,1.0,0.87,1.0,2.64,1.2653601002823704e-16,drift,0,1.0,1078,delta_baseline,0,0.0
epb2,25228,175027,8,0.0,18,False,400,256,0.008699,0.022296,0.018706,1.192,0.465,1.0,0.010503,0.010117,0.86,0.86,,0.008699,delta_baseline,0.828,1.0,0.828,1.0,2.563,1.0817377525460358e-16,drift,0,1.0,468,delta_baseline,0,0.0
epb2,25228,175027,8,0.0,19,False,400,256,0.008544,0.021606,0.018955,1.14,0.451,1.0,0.010437,0.010042,0.851,0.851,,0.008544,delta_baseline,0.819,1.0,0.819,1.0,2.529,1.2261168325020086e-16,drift,0,1.0,468,delta_baseline,0,0.0
epb2,25228,175027,8,0.0,20,False,400,256,0.008346,0.022299,0.019615,1.137,0.426,1.0,0.010458,0.010071,0.829,0.829,,0.008346,delta_baseline,0.798,1.0,0.798,1.0,2.672,1.2651934239081537e-16,drift,0,1.0,495,delta_baseline,0,0.0
epb2,25228,175027,8,0.0,21,False,400,256,0.00904,0.023677,0.020175,1.174,0.448,1.0,0.010918,0.010516,0.86,0.86,,0.00904,delta_baseline,0.828,1.0,0.828,1.0,2.619,1.711511604198709e-16,drift,0,1.0,584,delta_baseline,0,0.0
epb2,25228,175027,8,0.002,17,False,400,256,0.170741,0.04751,0.04107,1.157,4.157,1.157,0.056049,0.050375,3.389,0.943,6,0.04751,hst,3.046,3.594,0.848,3.594,1.0,1.2653601002823704e-16,drift,128,2.839,1277,hst,1,0.695
epb2,25228,175027,8,0.002,18,False,400,256,0.104889,0.029233,0.024284,1.204,4.319,1.204,0.034833,0.031001,3.383,0.943,8,0.029233,hst,3.011,3.588,0.839,3.588,1.0,1.0817377525460358e-16,drift,37,1.792,681,hst,1,0.574
epb2,25228,175027,8,0.002,19,False,400,256,0.106036,0.028808,0.024999,1.152,4.242,1.152,0.039758,0.037049,2.862,0.778,30,0.028808,hst,2.667,3.681,0.725,3.681,1.0,1.2261168325020086e-16,drift,44,1.922,768,hst,1,2.079
epb2,25228,175027,8,0.002,20,False,400,256,0.100165,0.02862,0.023598,1.213,4.245,1.213,0.035652,0.03117,3.214,0.918,11,0.02862,hst,2.81,3.5,0.803,3.5,1.0,1.2651934239081537e-16,drift,38,1.728,635,hst,1,0.776
epb2,25228,175027,8,0.002,21,False,400,256,0.116127,0.030962,0.0265,1.168,4.382,1.168,0.042789,0.033777,3.438,0.917,18,0.030962,hst,2.714,3.751,0.724,3.751,1.0,1.711511604198709e-16,drift,49,2.065,748,hst,1,1.497
epb2,25228,175027,8,0.01,17,False,400,256,0.151007,0.05702,0.053675,1.062,2.813,1.062,0.067594,0.06216,2.429,0.917,8,0.05702,hst,2.234,2.648,0.844,2.648,1.0,1.2653601002823704e-16,drift,252,3.924,1398,hst,1,0.699
epb2,25228,175027,8,0.01,18,False,400,256,0.10814,0.037055,0.03025,1.225,3.575,1.225,0.064106,0.048331,2.238,0.767,111,0.037055,hst,1.687,2.918,0.578,2.918,1.0,1.0817377525460358e-16,drift,134,2.659,819,hst,1,6.638
epb2,25228,175027,8,0.01,19,False,400,256,0.114592,0.037063,0.03064,1.21,3.74,1.21,0.044253,0.041134,2.786,0.901,8,0.037063,hst,2.589,3.092,0.838,3.092,1.0,1.2261168325020086e-16,drift,114,2.959,794,hst,1,0.569
epb2,25228,175027,8,0.01,20,False,400,256,0.109437,0.037768,0.033077,1.142,3.309,1.142,0.045846,0.042472,2.577,0.889,9,0.037768,hst,2.387,2.898,0.824,2.898,1.0,1.2651934239081537e-16,drift,134,3.17,1044,hst,1,0.573
epb2,25228,175027,8,0.01,21,False,400,256,0.12477,0.038208,0.031554,1.211,3.954,1.211,0.046535,0.042805,2.915,0.893,7,0.038208,hst,2.681,3.266,0.821,3.266,1.0,1.711511604198709e-16,drift,114,2.347,872,hst,1,0.591
epb2,25228,175027,8,0.05,17,False,400,256,0.15805,0.073702,0.098364,0.749,1.607,1.0,0.085248,0.080368,1.967,0.917,10,0.073702,hst,1.854,2.144,0.865,2.144,1.0,1.2653601002823704e-16,drift,395,3.34,1388,hst,1,0.767
epb2,25228,175027,8,0.05,18,False,400,256,0.122088,0.06257,0.068258,0.917,1.789,1.0,0.089074,0.07147,1.708,0.875,82,0.06257,hst,1.371,1.951,0.702,1.951,1.0,1.0817377525460358e-16,drift,368,3.747,1412,hst,1,4.127
epb2,25228,175027,8,0.05,19,False,400,256,0.134475,0.063065,0.068587,0.919,1.961,1.0,0.090401,0.072297,1.86,0.872,69,0.063065,hst,1.488,2.132,0.698,2.132,1.0,1.2261168325020086e-16,drift,378,2.994,1330,hst,1,4.271
epb2,25228,175027,8,0.05,20,False,400,256,0.117169,0.057844,0.06058,0.955,1.934,1.0,0.085737,0.067408,1.738,0.858,84,0.057844,hst,1.367,2.026,0.675,2.026,1.0,1.2651934239081537e-16,drift,360,3.61,1287,hst,1,4.184
epb2,25228,175027,8,0.05,21,False,400,256,0.12666,0.063759,0.067821,0.94,1.868,1.0,0.09207,0.072041,1.758,0.885,81,0.063759,hst,1.376,1.987,0.693,1.987,1.0,1.711511604198709e-16,drift,380,3.964,1264,hst,1,4.406
epb2,25228,175027,8,0.25,17,False,400,256,0.161574,0.078475,0.176614,0.444,0.915,1.0,0.111969,0.086557,1.867,0.907,73,0.078475,hst,1.443,2.059,0.701,2.059,1.0,1.2653601002823704e-16,drift,399,3.468,1355,hst,1,5.475
epb2,25228,175027,8,0.25,18,False,400,256,0.148995,0.075375,0.169353,0.445,0.88,1.0,0.104422,0.086433,1.724,0.872,74,0.075375,hst,1.427,1.977,0.722,1.977,1.0,1.0817377525460358e-16,drift,399,3.893,1679,hst,1,4.648
epb2,25228,175027,8,0.25,19,False,400,256,0.160697,0.077689,0.175381,0.443,0.916,1.0,0.106701,0.086542,1.857,0.898,66,0.077689,hst,1.506,2.068,0.728,2.068,1.0,1.2261168325020086e-16,drift,399,3.006,1599,hst,1,4.87
epb2,25228,175027,8,0.25,20,False,400,256,0.150302,0.077514,0.173658,0.446,0.866,1.0,0.106121,0.085309,1.762,0.909,77,0.077514,hst,1.416,1.939,0.73,1.939,1.0,1.2651934239081537e-16,drift,399,4.763,1826,hst,1,5.035
epb2,25228,175027,8,0.25,21,False,400,256,0.142734,0.074203,0.141638,0.524,1.008,1.0,0.103837,0.082117,1.738,0.904,84,0.074203,hst,1.375,1.924,0.715,1.924,1.0,1.711511604198709e-16,drift,399,3.606,1426,hst,1,5.088
