matrix,N,nnz,B,rho,seed,phase,steps,dirty_cols,always_delta_baseline_ms,always_hst_ms,router_ms,router_steady_ms,router_steady_vs_csr,router_steady_vs_oracle,breakeven_steps,oracle_ms,oracle_arm,router_vs_csr,oracle_vs_csr,router_vs_oracle,misroute_cost_if_delta_baseline,misroute_cost_if_hst,maxrelerr,churn_model,router_arm,router_switches,router_tax_ms
TSOPF_RS_b39_c30,60098,1079986,8,0.0,17,False,400,256,0.498273,0.565527,0.501179,0.45453,1.096,1.096,0,0.498273,delta_baseline,0.994,1.0,0.994,1.0,1.135,1.3924108160288588e-16,drift,delta_baseline,0,0.0
TSOPF_RS_b39_c30,60098,1079986,8,0.0,18,False,400,256,0.495425,0.573501,0.495615,0.450204,1.1,1.1,0,0.495425,delta_baseline,1.0,1.0,1.0,1.0,1.158,1.3924108160288588e-16,drift,delta_baseline,0,0.0
TSOPF_RS_b39_c30,60098,1079986,8,0.0,19,False,400,256,0.48905,0.520629,0.499689,0.453589,1.078,1.078,0,0.48905,delta_baseline,0.979,1.0,0.979,1.0,1.065,1.3924108160288588e-16,drift,delta_baseline,0,0.0
TSOPF_RS_b39_c30,60098,1079986,8,0.0,20,False,400,256,0.491826,0.540202,0.479003,0.349076,1.409,1.409,0,0.491826,delta_baseline,1.027,1.0,1.027,1.0,1.098,1.3924108160288588e-16,drift,delta_baseline,0,0.0
TSOPF_RS_b39_c30,60098,1079986,8,0.0,21,False,400,138,0.383387,0.393511,0.385221,0.348375,1.101,1.101,0,0.383387,delta_baseline,0.995,1.0,0.995,1.0,1.026,1.3924108160288588e-16,drift,delta_baseline,0,0.0
TSOPF_RS_b39_c30,60098,1079986,8,0.002,17,False,400,256,13.959339,0.468107,0.716981,0.447731,31.178,1.046,1,0.468107,hst,19.47,29.821,0.653,29.821,1.0,1.3924108160288588e-16,drift,hst,1,8.502
TSOPF_RS_b39_c30,60098,1079986,8,0.002,18,False,400,256,13.964612,0.437746,0.868228,0.608242,22.959,0.72,5,0.437746,hst,16.084,31.901,0.504,31.901,1.0,1.3924108160288588e-16,drift,hst,1,72.975
TSOPF_RS_b39_c30,60098,1079986,8,0.002,19,False,400,256,13.883131,0.420957,0.689134,0.417271,33.271,1.009,1,0.420957,hst,20.146,32.98,0.611,32.98,1.0,1.3924108160288588e-16,drift,hst,1,8.394
TSOPF_RS_b39_c30,60098,1079986,8,0.002,20,False,400,256,14.129403,0.436665,1.020549,0.599084,23.585,0.729,10,0.436665,hst,13.845,32.358,0.428,32.358,1.0,1.3924108160288588e-16,drift,hst,1,138.751
TSOPF_RS_b39_c30,60098,1079986,8,0.002,21,False,400,138,0.38266,0.430897,0.385593,0.348749,1.097,1.097,0,0.38266,delta_baseline,0.992,1.0,0.992,1.0,1.126,1.3924108160288588e-16,drift,delta_baseline,0,0.0
TSOPF_RS_b39_c30,60098,1079986,8,0.01,17,False,400,256,14.527559,0.437795,0.710344,0.434471,33.437,1.008,1,0.437795,hst,20.451,33.184,0.616,33.184,1.0,1.3924108160288588e-16,drift,hst,1,8.434
TSOPF_RS_b39_c30,60098,1079986,8,0.01,18,False,400,256,14.631323,0.445543,1.546731,1.301166,11.245,0.342,25,0.445543,hst,9.46,32.839,0.288,32.839,1.0,1.3924108160288588e-16,drift,hst,1,334.742
TSOPF_RS_b39_c30,60098,1079986,8,0.01,19,False,400,256,14.483761,0.435129,1.320282,0.963851,15.027,0.451,19,0.435129,hst,10.97,33.286,0.33,33.286,1.0,1.3924108160288588e-16,drift,hst,1,252.539
TSOPF_RS_b39_c30,60098,1079986,8,0.01,20,False,400,256,14.56197,0.430854,0.694361,0.421982,34.509,1.021,1,0.430854,hst,20.972,33.798,0.621,33.798,1.0,1.3924108160288588e-16,drift,hst,1,8.422
TSOPF_RS_b39_c30,60098,1079986,8,0.01,21,False,400,138,0.381682,0.43046,0.383854,0.347587,1.098,1.098,0,0.381682,delta_baseline,0.994,1.0,0.994,1.0,1.128,1.3924108160288588e-16,drift,delta_baseline,0,0.0
TSOPF_RS_b39_c30,60098,1079986,8,0.05,17,False,400,256,14.60895,0.53588,0.801352,0.537193,27.195,0.998,1,0.53588,hst,18.23,27.262,0.669,27.262,1.0,1.3924108160288588e-16,drift,hst,1,8.307
TSOPF_RS_b39_c30,60098,1079986,8,0.05,18,False,400,256,14.624429,0.515873,0.79015,0.521351,28.051,0.989,1,0.515873,hst,18.508,28.349,0.653,28.349,1.0,1.3924108160288588e-16,drift,hst,1,8.583
TSOPF_RS_b39_c30,60098,1079986,8,0.05,19,False,400,256,14.562052,0.551531,0.822151,0.555086,26.234,0.994,1,0.551531,hst,17.712,26.403,0.671,26.403,1.0,1.3924108160288588e-16,drift,hst,1,8.55
TSOPF_RS_b39_c30,60098,1079986,8,0.05,20,False,400,256,14.610398,0.536846,0.804133,0.53774,27.17,0.998,1,0.536846,hst,18.169,27.215,0.668,27.215,1.0,1.3924108160288588e-16,drift,hst,1,8.409
TSOPF_RS_b39_c30,60098,1079986,8,0.05,21,False,400,138,14.433037,0.453354,0.670864,0.389372,37.067,1.164,1,0.453354,hst,21.514,31.836,0.676,31.836,1.0,1.3924108160288588e-16,drift,hst,1,8.458
TSOPF_RS_b39_c30,60098,1079986,8,0.25,17,False,400,256,14.747992,0.54858,0.813727,0.537849,27.42,1.02,1,0.54858,hst,18.124,26.884,0.674,26.884,1.0,1.3924108160288588e-16,drift,hst,1,8.875
TSOPF_RS_b39_c30,60098,1079986,8,0.25,18,False,400,256,14.726879,0.598163,0.880614,0.609576,24.159,0.981,1,0.598163,hst,16.723,24.62,0.679,24.62,1.0,1.3924108160288588e-16,drift,hst,1,8.933
TSOPF_RS_b39_c30,60098,1079986,8,0.25,19,False,400,256,14.72474,0.493609,0.78046,0.497386,29.604,0.992,1,0.493609,hst,18.867,29.831,0.632,29.831,1.0,1.3924108160288588e-16,drift,hst,1,9.087
TSOPF_RS_b39_c30,60098,1079986,8,0.25,20,False,400,256,14.741699,0.571845,0.840622,0.567308,25.985,1.008,1,0.571845,hst,17.537,25.779,0.68,25.779,1.0,1.3924108160288588e-16,drift,hst,1,9.011
TSOPF_RS_b39_c30,60098,1079986,8,0.25,21,False,400,138,14.495464,0.602739,0.871873,0.600048,24.157,1.004,1,0.602739,hst,16.626,24.049,0.691,24.049,1.0,1.3924108160288588e-16,drift,hst,1,8.66
bcspwr10,5300,21842,8,0.0,17,False,400,256,0.006142,0.037482,0.007357,0.007006,0.877,0.877,,0.006142,delta_baseline,0.835,1.0,0.835,1.0,6.103,1.871280638170483e-16,drift,delta_baseline,0,0.0
bcspwr10,5300,21842,8,0.0,18,False,400,256,0.006002,0.038155,0.007219,0.00688,0.872,0.872,,0.006002,delta_baseline,0.831,1.0,0.831,1.0,6.357,3.513861746800697e-16,drift,delta_baseline,0,0.0
bcspwr10,5300,21842,8,0.0,19,False,400,256,0.005997,0.035471,0.008,0.007502,0.799,0.799,,0.005997,delta_baseline,0.75,1.0,0.75,1.0,5.915,2.258919437555397e-16,drift,delta_baseline,0,0.0
bcspwr10,5300,21842,8,0.0,20,False,400,256,0.006179,0.033432,0.0074,0.007054,0.876,0.876,,0.006179,delta_baseline,0.835,1.0,0.835,1.0,5.411,1.5260920413345594e-16,drift,delta_baseline,0,0.0
bcspwr10,5300,21842,8,0.0,21,False,400,256,0.005983,0.035055,0.007159,0.006842,0.874,0.874,,0.005983,delta_baseline,0.836,1.0,0.836,1.0,5.859,3.1586084160755566e-16,drift,delta_baseline,0,0.0
bcspwr10,5300,21842,8,0.002,17,False,400,256,0.081977,0.075712,0.096715,0.082202,0.997,0.921,,0.075712,hst,0.848,1.083,0.783,1.083,1.0,1.871280638170483e-16,drift,hst,1,3.966
bcspwr10,5300,21842,8,0.002,18,False,400,256,0.084421,0.078249,0.09943,0.085652,0.986,0.914,,0.078249,hst,0.849,1.079,0.787,1.079,1.0,3.513861746800697e-16,drift,hst,1,3.919
bcspwr10,5300,21842,8,0.002,19,False,400,256,0.083216,0.072355,0.092941,0.078206,1.064,0.925,782,0.072355,hst,0.895,1.15,0.779,1.15,1.0,2.258919437555397e-16,drift,hst,1,3.918
bcspwr10,5300,21842,8,0.002,20,False,400,256,0.081701,0.067879,0.088483,0.075079,1.088,0.904,551,0.067879,hst,0.923,1.204,0.767,1.204,1.0,1.5260920413345594e-16,drift,hst,1,3.648
bcspwr10,5300,21842,8,0.002,21,False,400,256,0.077724,0.074033,0.096304,0.081838,0.95,0.905,,0.074033,hst,0.807,1.05,0.769,1.05,1.0,3.1586084160755566e-16,drift,hst,1,4.023
bcspwr10,5300,21842,8,0.01,17,False,400,256,0.088112,0.08733,0.108736,0.093776,0.94,0.931,,0.08733,hst,0.81,1.009,0.803,1.009,1.0,1.871280638170483e-16,drift,hst,1,4.405
bcspwr10,5300,21842,8,0.01,18,False,400,256,0.090444,0.088291,0.111828,0.097044,0.932,0.91,,0.088291,hst,0.809,1.024,0.79,1.024,1.0,3.513861746800697e-16,drift,hst,1,4.489
bcspwr10,5300,21842,8,0.01,19,False,400,256,0.087051,0.085855,0.108195,0.093883,0.927,0.914,,0.085855,hst,0.805,1.014,0.794,1.014,1.0,2.258919437555397e-16,drift,hst,1,4.235
bcspwr10,5300,21842,8,0.01,20,False,400,256,0.088776,0.086887,0.108431,0.094604,0.938,0.918,,0.086887,hst,0.819,1.022,0.801,1.022,1.0,1.5260920413345594e-16,drift,hst,1,4.175
bcspwr10,5300,21842,8,0.01,21,False,400,256,0.082104,0.084762,0.107054,0.092809,0.885,0.885,,0.082104,delta_baseline,0.767,1.0,0.767,1.0,1.032,3.1586084160755566e-16,drift,hst,1,4.228
bcspwr10,5300,21842,8,0.05,17,False,400,256,0.097331,0.094365,0.1163,0.102189,0.952,0.923,,0.094365,hst,0.837,1.031,0.811,1.031,1.0,1.871280638170483e-16,drift,hst,1,4.45
bcspwr10,5300,21842,8,0.05,18,False,400,256,0.096817,0.094895,0.118554,0.103955,0.931,0.913,,0.094895,hst,0.817,1.02,0.8,1.02,1.0,3.513861746800697e-16,drift,hst,1,4.538
bcspwr10,5300,21842,8,0.05,19,False,400,256,0.093871,0.095239,0.117111,0.102732,0.914,0.914,,0.093871,delta_baseline,0.802,1.0,0.802,1.0,1.015,2.258919437555397e-16,drift,hst,1,4.509
bcspwr10,5300,21842,8,0.05,20,False,400,256,0.094572,0.093422,0.116724,0.102591,0.922,0.911,,0.093422,hst,0.81,1.012,0.8,1.012,1.0,1.5260920413345594e-16,drift,hst,1,4.352
bcspwr10,5300,21842,8,0.05,21,False,400,256,0.089577,0.094715,0.108837,0.094162,0.951,0.951,,0.089577,delta_baseline,0.823,1.0,0.823,1.0,1.057,3.1586084160755566e-16,drift,delta_baseline,0,4.482
bcspwr10,5300,21842,8,0.25,17,False,400,256,0.097946,0.101764,0.124539,0.109744,0.892,0.892,,0.097946,delta_baseline,0.786,1.0,0.786,1.0,1.039,1.871280638170483e-16,drift,hst,1,4.619
bcspwr10,5300,21842,8,0.25,18,False,400,256,0.099187,0.100613,0.123659,0.108329,0.916,0.916,,0.099187,delta_baseline,0.802,1.0,0.802,1.0,1.014,3.513861746800697e-16,drift,hst,1,4.768
bcspwr10,5300,21842,8,0.25,19,False,400,256,0.09521,0.09976,0.121655,0.106923,0.89,0.89,,0.09521,delta_baseline,0.783,1.0,0.783,1.0,1.048,2.258919437555397e-16,drift,hst,1,4.543
bcspwr10,5300,21842,8,0.25,20,False,400,256,0.097556,0.101449,0.124555,0.109775,0.889,0.889,,0.097556,delta_baseline,0.783,1.0,0.783,1.0,1.04,1.5260920413345594e-16,drift,hst,1,4.577
bcspwr10,5300,21842,8,0.25,21,False,400,256,0.096128,0.100437,0.121506,0.107463,0.895,0.895,,0.096128,delta_baseline,0.791,1.0,0.791,1.0,1.045,3.1586084160755566e-16,drift,hst,1,4.532
scircuit,170998,958936,8,0.0,17,False,400,256,0.013092,0.039592,0.015739,0.015017,0.872,0.872,,0.013092,delta_baseline,0.832,1.0,0.832,1.0,3.024,2.6050372849850016e-16,drift,delta_baseline,0,0.0
scircuit,170998,958936,8,0.0,18,False,400,256,0.011182,0.032858,0.018031,0.017801,0.628,0.628,,0.011182,delta_baseline,0.62,1.0,0.62,1.0,2.938,2.0386846321125864e-16,drift,delta_baseline,0,0.0
scircuit,170998,958936,8,0.0,19,False,400,256,0.015503,0.058285,0.018142,0.017316,0.895,0.895,,0.015503,delta_baseline,0.855,1.0,0.855,1.0,3.76,1.8803246323926756e-16,drift,delta_baseline,0,0.0
scircuit,170998,958936,8,0.0,20,False,400,256,0.010776,0.03081,0.013457,0.012956,0.832,0.832,,0.010776,delta_baseline,0.801,1.0,0.801,1.0,2.859,2.757259758035496e-16,drift,delta_baseline,0,0.0
scircuit,170998,958936,8,0.0,21,False,400,256,0.016928,0.04856,0.019613,0.018806,0.9,0.9,,0.016928,delta_baseline,0.863,1.0,0.863,1.0,2.869,5.194813152189734e-16,drift,delta_baseline,0,0.0
scircuit,170998,958936,8,0.002,17,False,400,256,0.159416,0.200138,0.204404,0.170351,0.936,0.936,,0.159416,delta_baseline,0.78,1.0,0.78,1.0,1.255,2.6050372849850016e-16,drift,delta_baseline,0,12.627
scircuit,170998,958936,8,0.002,18,False,400,256,0.106824,0.130881,0.188821,0.116069,0.92,0.92,,0.106824,delta_baseline,0.566,1.0,0.566,1.0,1.225,2.0386846321125864e-16,drift,delta_baseline,0,26.38
scircuit,170998,958936,8,0.002,19,False,400,256,0.197447,0.315658,0.246975,0.200209,0.986,0.986,,0.197447,delta_baseline,0.799,1.0,0.799,1.0,1.599,1.8803246323926756e-16,drift,delta_baseline,0,17.039
scircuit,170998,958936,8,0.002,20,False,400,256,0.103557,0.143314,0.200156,0.119991,0.863,0.863,,0.103557,delta_baseline,0.517,1.0,0.517,1.0,1.384,2.757259758035496e-16,drift,delta_baseline,0,32.568
scircuit,170998,958936,8,0.002,21,False,400,256,0.202261,0.256437,0.255973,0.208031,0.972,0.972,,0.202261,delta_baseline,0.79,1.0,0.79,1.0,1.268,5.194813152189734e-16,drift,delta_baseline,0,17.314
scircuit,170998,958936,8,0.01,17,False,400,256,0.190695,0.395983,0.230454,0.197167,0.967,0.967,,0.190695,delta_baseline,0.827,1.0,0.827,1.0,2.077,2.6050372849850016e-16,drift,delta_baseline,0,12.608
scircuit,170998,958936,8,0.01,18,False,400,256,0.111661,0.274415,0.14006,0.116263,0.96,0.96,,0.111661,delta_baseline,0.797,1.0,0.797,1.0,2.458,2.0386846321125864e-16,drift,delta_baseline,0,8.305
scircuit,170998,958936,8,0.01,19,False,400,256,0.209229,0.53864,0.248905,0.213791,0.979,0.979,,0.209229,delta_baseline,0.841,1.0,0.841,1.0,2.574,1.8803246323926756e-16,drift,delta_baseline,0,12.79
scircuit,170998,958936,8,0.01,20,False,400,256,0.109096,0.314331,0.139376,0.113372,0.962,0.962,,0.109096,delta_baseline,0.783,1.0,0.783,1.0,2.881,2.757259758035496e-16,drift,delta_baseline,0,9.147
scircuit,170998,958936,8,0.01,21,False,400,256,0.209998,0.472324,0.261891,0.213651,0.983,0.983,,0.209998,delta_baseline,0.802,1.0,0.802,1.0,2.249,5.194813152189734e-16,drift,delta_baseline,0,17.31
scircuit,170998,958936,8,0.05,17,False,400,256,0.219595,0.579328,0.270113,0.228536,0.961,0.961,,0.219595,delta_baseline,0.813,1.0,0.813,1.0,2.638,2.6050372849850016e-16,drift,delta_baseline,0,16.834
scircuit,170998,958936,8,0.05,18,False,400,256,0.119558,0.528433,0.149021,0.12468,0.959,0.959,,0.119558,delta_baseline,0.802,1.0,0.802,1.0,4.42,2.0386846321125864e-16,drift,delta_baseline,0,8.697
scircuit,170998,958936,8,0.05,19,False,400,256,0.20637,0.602666,0.239772,0.212853,0.97,0.97,,0.20637,delta_baseline,0.861,1.0,0.861,1.0,2.92,1.8803246323926756e-16,drift,delta_baseline,0,9.541
scircuit,170998,958936,8,0.05,20,False,400,256,0.118952,0.520265,0.169242,0.124926,0.952,0.952,,0.118952,delta_baseline,0.703,1.0,0.703,1.0,4.374,2.757259758035496e-16,drift,delta_baseline,0,16.755
scircuit,170998,958936,8,0.05,21,False,400,256,0.227563,0.610173,0.259873,0.232398,0.979,0.979,,0.227563,delta_baseline,0.876,1.0,0.876,1.0,2.681,5.194813152189734e-16,drift,delta_baseline,0,9.632
scircuit,170998,958936,8,0.25,17,False,400,256,0.222733,0.629395,0.254927,0.22937,0.971,0.971,,0.222733,delta_baseline,0.874,1.0,0.874,1.0,2.826,2.6050372849850016e-16,drift,delta_baseline,0,9.497
scircuit,170998,958936,8,0.25,18,False,400,256,0.151776,0.571229,0.18224,0.158856,0.955,0.955,,0.151776,delta_baseline,0.833,1.0,0.833,1.0,3.764,2.0386846321125864e-16,drift,delta_baseline,0,9.267
scircuit,170998,958936,8,0.25,19,False,400,256,0.222032,0.624568,0.254412,0.225698,0.984,0.984,,0.222032,delta_baseline,0.873,1.0,0.873,1.0,2.813,1.8803246323926756e-16,drift,delta_baseline,0,9.729
scircuit,170998,958936,8,0.25,20,False,400,256,0.143626,0.568529,0.173697,0.149463,0.961,0.961,,0.143626,delta_baseline,0.827,1.0,0.827,1.0,3.958,2.757259758035496e-16,drift,delta_baseline,0,9.274
scircuit,170998,958936,8,0.25,21,False,400,256,0.223452,0.632894,0.254872,0.227149,0.984,0.984,,0.223452,delta_baseline,0.877,1.0,0.877,1.0,2.832,5.194813152189734e-16,drift,delta_baseline,0,9.637
ct20stif,52329,2600295,8,0.0,17,False,400,256,0.026341,0.049701,0.028388,0.026374,0.999,0.999,,0.026341,delta_baseline,0.928,1.0,0.928,1.0,1.887,3.403944480715774e-16,drift,delta_baseline,0,0.0
ct20stif,52329,2600295,8,0.0,18,False,400,256,0.020285,0.034078,0.023543,0.022109,0.918,0.918,,0.020285,delta_baseline,0.862,1.0,0.862,1.0,1.68,3.351339203340676e-16,drift,delta_baseline,0,0.0
ct20stif,52329,2600295,8,0.0,19,False,400,256,0.022727,0.039621,0.024274,0.022676,1.002,1.002,0,0.022727,delta_baseline,0.936,1.0,0.936,1.0,1.743,2.600013994931016e-16,drift,delta_baseline,0,0.0
ct20stif,52329,2600295,8,0.0,20,False,400,256,0.02392,0.04026,0.025416,0.023711,1.009,1.009,0,0.02392,delta_baseline,0.941,1.0,0.941,1.0,1.683,5.949530076200267e-16,drift,delta_baseline,0,0.0
ct20stif,52329,2600295,8,0.0,21,False,400,256,0.026949,0.045447,0.028354,0.026365,1.022,1.022,0,0.026949,delta_baseline,0.95,1.0,0.95,1.0,1.686,4.493998728164776e-16,drift,delta_baseline,0,0.0
ct20stif,52329,2600295,8,0.002,17,False,400,256,0.738687,0.098689,0.116064,0.098372,7.509,1.003,3,0.098689,hst,6.364,7.485,0.85,7.485,1.0,3.403944480715774e-16,drift,hst,1,1.683
ct20stif,52329,2600295,8,0.002,18,False,400,256,0.455922,0.045745,0.057778,0.045623,9.993,1.003,3,0.045745,hst,7.891,9.967,0.792,9.967,1.0,3.351339203340676e-16,drift,hst,1,1.39
ct20stif,52329,2600295,8,0.002,19,False,400,256,0.576082,0.084833,0.10082,0.086722,6.643,0.978,4,0.084833,hst,5.714,6.791,0.841,6.791,1.0,2.600013994931016e-16,drift,hst,1,1.844
ct20stif,52329,2600295,8,0.002,20,False,400,256,0.632108,0.081895,0.099094,0.081138,7.791,1.009,3,0.081895,hst,6.379,7.719,0.826,7.719,1.0,5.949530076200267e-16,drift,hst,1,1.475
ct20stif,52329,2600295,8,0.002,21,False,400,256,0.717964,0.082344,0.112688,0.086577,8.293,0.951,8,0.082344,hst,6.371,8.719,0.731,8.719,1.0,4.493998728164776e-16,drift,hst,1,5.113
ct20stif,52329,2600295,8,0.01,17,False,400,256,0.77504,0.13575,0.15525,0.140176,5.529,0.968,3,0.13575,hst,4.992,5.709,0.874,5.709,1.0,3.403944480715774e-16,drift,hst,1,1.723
ct20stif,52329,2600295,8,0.01,18,False,400,256,0.483025,0.067697,0.082168,0.071507,6.755,0.947,3,0.067697,hst,5.878,7.135,0.824,7.135,1.0,3.351339203340676e-16,drift,hst,1,1.31
ct20stif,52329,2600295,8,0.01,19,False,400,256,0.586828,0.122136,0.13903,0.126081,4.654,0.969,3,0.122136,hst,4.221,4.805,0.878,4.805,1.0,2.600013994931016e-16,drift,hst,1,1.58
ct20stif,52329,2600295,8,0.01,20,False,400,256,0.662676,0.134403,0.162875,0.137435,4.822,0.978,11,0.134403,hst,4.069,4.931,0.825,4.931,1.0,5.949530076200267e-16,drift,hst,1,5.568
ct20stif,52329,2600295,8,0.01,21,False,400,256,0.762334,0.111603,0.131037,0.116317,6.554,0.959,2,0.111603,hst,5.818,6.831,0.852,6.831,1.0,4.493998728164776e-16,drift,hst,1,1.475
ct20stif,52329,2600295,8,0.05,17,False,400,256,0.78045,0.222896,0.239734,0.226947,3.439,0.982,3,0.222896,hst,3.255,3.501,0.93,3.501,1.0,3.403944480715774e-16,drift,hst,1,1.575
ct20stif,52329,2600295,8,0.05,18,False,400,256,0.514307,0.176571,0.192236,0.184756,2.784,0.956,5,0.176571,hst,2.675,2.913,0.919,2.913,1.0,3.351339203340676e-16,drift,hst,1,1.512
ct20stif,52329,2600295,8,0.05,19,False,400,256,0.628269,0.207977,0.28689,0.223353,2.813,0.931,28,0.207977,hst,2.19,3.021,0.725,3.021,1.0,2.600013994931016e-16,drift,hst,1,11.32
ct20stif,52329,2600295,8,0.05,20,False,400,256,0.656068,0.221269,0.301006,0.235353,2.788,0.94,28,0.221269,hst,2.18,2.965,0.735,2.965,1.0,5.949530076200267e-16,drift,hst,1,11.676
ct20stif,52329,2600295,8,0.05,21,False,400,256,0.681813,0.188621,0.213798,0.19293,3.534,0.978,5,0.188621,hst,3.189,3.615,0.882,3.615,1.0,4.493998728164776e-16,drift,hst,1,2.612
ct20stif,52329,2600295,8,0.25,17,False,400,256,0.781649,0.253338,0.343665,0.264046,2.96,0.959,28,0.253338,hst,2.274,3.085,0.737,3.085,1.0,3.403944480715774e-16,drift,hst,1,14.386
ct20stif,52329,2600295,8,0.25,18,False,400,256,0.557072,0.226078,0.293732,0.237907,2.342,0.95,38,0.226078,hst,1.897,2.464,0.77,2.464,1.0,3.351339203340676e-16,drift,hst,1,12.161
ct20stif,52329,2600295,8,0.25,19,False,400,256,0.714828,0.246302,0.324057,0.257313,2.778,0.957,29,0.246302,hst,2.206,2.902,0.76,2.902,1.0,2.600013994931016e-16,drift,hst,1,13.15
ct20stif,52329,2600295,8,0.25,20,False,400,256,0.689886,0.250179,0.327508,0.26138,2.639,0.957,31,0.250179,hst,2.106,2.758,0.764,2.758,1.0,5.949530076200267e-16,drift,hst,1,13.102
ct20stif,52329,2600295,8,0.25,21,False,400,256,0.757593,0.252043,0.271499,0.256739,2.951,0.982,4,0.252043,hst,2.79,3.006,0.928,3.006,1.0,4.493998728164776e-16,drift,hst,1,1.916
memplus,17758,99147,8,0.0,17,False,400,256,0.037791,0.063823,0.039157,0.036737,1.029,1.029,0,0.037791,delta_baseline,0.965,1.0,0.965,1.0,1.689,3.582437197197559e-16,drift,delta_baseline,0,0.0
memplus,17758,99147,8,0.0,18,False,400,256,0.037781,0.064006,0.039451,0.037068,1.019,1.019,0,0.037781,delta_baseline,0.958,1.0,0.958,1.0,1.694,3.582443742956908e-16,drift,delta_baseline,0,0.0
memplus,17758,99147,8,0.0,19,False,400,256,0.034359,0.051869,0.0361,0.03384,1.015,1.015,0,0.034359,delta_baseline,0.952,1.0,0.952,1.0,1.51,4.41481093913526e-16,drift,delta_baseline,0,0.0
memplus,17758,99147,8,0.0,20,False,400,256,0.037781,0.06304,0.03912,0.036697,1.03,1.03,0,0.037781,delta_baseline,0.966,1.0,0.966,1.0,1.669,3.582437197197559e-16,drift,delta_baseline,0,0.0
memplus,17758,99147,8,0.0,21,False,400,256,0.037413,0.062352,0.039154,0.036692,1.02,1.02,0,0.037413,delta_baseline,0.956,1.0,0.956,1.0,1.667,3.582437197197559e-16,drift,delta_baseline,0,0.0
memplus,17758,99147,8,0.002,17,False,400,256,0.754081,0.094218,0.116728,0.097194,7.759,0.969,2,0.094218,hst,6.46,8.004,0.807,8.004,1.0,3.582437197197559e-16,drift,hst,1,1.373
memplus,17758,99147,8,0.002,18,False,400,256,0.766607,0.092983,0.115691,0.095721,8.009,0.971,2,0.092983,hst,6.626,8.245,0.804,8.245,1.0,3.582443742956908e-16,drift,hst,1,1.366
memplus,17758,99147,8,0.002,19,False,400,256,0.838981,0.088419,0.109445,0.091724,9.147,0.964,2,0.088419,hst,7.666,9.489,0.808,9.489,1.0,4.41481093913526e-16,drift,hst,1,1.125
memplus,17758,99147,8,0.002,20,False,400,256,0.767909,0.095986,0.11837,0.099334,7.731,0.966,2,0.095986,hst,6.487,8.0,0.811,8.0,1.0,3.582437197197559e-16,drift,hst,1,1.283
memplus,17758,99147,8,0.002,21,False,400,256,0.815183,0.093754,0.136212,0.097418,8.368,0.962,13,0.093754,hst,5.985,8.695,0.688,8.695,1.0,3.582437197197559e-16,drift,hst,1,9.118
memplus,17758,99147,8,0.01,17,False,400,256,0.784079,0.120467,0.142976,0.123736,6.337,0.974,2,0.120467,hst,5.484,6.509,0.843,6.509,1.0,3.582437197197559e-16,drift,hst,1,1.369
memplus,17758,99147,8,0.01,18,False,400,256,0.813498,0.128304,0.15001,0.13165,6.179,0.975,2,0.128304,hst,5.423,6.34,0.855,6.34,1.0,3.582443742956908e-16,drift,hst,1,1.378
memplus,17758,99147,8,0.01,19,False,400,256,0.842185,0.118192,0.139643,0.12317,6.838,0.96,2,0.118192,hst,6.031,7.126,0.846,7.126,1.0,4.41481093913526e-16,drift,hst,1,1.263
memplus,17758,99147,8,0.01,20,False,400,256,0.821178,0.121994,0.144559,0.125929,6.521,0.969,2,0.121994,hst,5.681,6.731,0.844,6.731,1.0,3.582437197197559e-16,drift,hst,1,1.364
memplus,17758,99147,8,0.01,21,False,400,256,0.828248,0.122758,0.14646,0.128597,6.441,0.955,2,0.122758,hst,5.655,6.747,0.838,6.747,1.0,3.582437197197559e-16,drift,hst,1,1.308
memplus,17758,99147,8,0.05,17,False,400,256,0.818011,0.152538,0.178357,0.161622,5.061,0.944,2,0.152538,hst,4.586,5.363,0.855,5.363,1.0,3.582437197197559e-16,drift,hst,1,1.464
memplus,17758,99147,8,0.05,18,False,400,256,0.815729,0.151922,0.175887,0.156718,5.205,0.969,2,0.151922,hst,4.638,5.369,0.864,5.369,1.0,3.582443742956908e-16,drift,hst,1,1.535
memplus,17758,99147,8,0.05,19,False,400,256,0.843968,0.151217,0.173522,0.156755,5.384,0.965,2,0.151217,hst,4.864,5.581,0.871,5.581,1.0,4.41481093913526e-16,drift,hst,1,1.339
memplus,17758,99147,8,0.05,20,False,400,256,0.881548,0.164068,0.187391,0.169261,5.208,0.969,2,0.164068,hst,4.704,5.373,0.876,5.373,1.0,3.582437197197559e-16,drift,hst,1,1.514
memplus,17758,99147,8,0.05,21,False,400,256,0.836513,0.151833,0.175368,0.156854,5.333,0.968,2,0.151833,hst,4.77,5.509,0.866,5.509,1.0,3.582437197197559e-16,drift,hst,1,1.515
memplus,17758,99147,8,0.25,17,False,400,256,0.799217,0.16669,0.187188,0.169829,4.706,0.982,2,0.16669,hst,4.27,4.795,0.89,4.795,1.0,3.582437197197559e-16,drift,hst,1,1.488
memplus,17758,99147,8,0.25,18,False,400,256,0.81051,0.170456,0.191591,0.173989,4.658,0.98,2,0.170456,hst,4.23,4.755,0.89,4.755,1.0,3.582443742956908e-16,drift,hst,1,1.539
memplus,17758,99147,8,0.25,19,False,400,256,0.808781,0.167913,0.188731,0.173282,4.667,0.969,2,0.167913,hst,4.285,4.817,0.89,4.817,1.0,4.41481093913526e-16,drift,hst,1,1.454
memplus,17758,99147,8,0.25,20,False,400,256,0.804022,0.163366,0.18623,0.168563,4.77,0.969,2,0.163366,hst,4.317,4.922,0.877,4.922,1.0,3.582437197197559e-16,drift,hst,1,1.55
memplus,17758,99147,8,0.25,21,False,400,256,0.799196,0.164218,0.18676,0.170128,4.698,0.965,2,0.164218,hst,4.279,4.867,0.879,4.867,1.0,3.582437197197559e-16,drift,hst,1,1.437
TSOPF_RS_b162_c3,15374,610299,8,0.0,17,False,400,256,0.231494,0.228982,0.233525,0.211264,1.096,1.084,0,0.228982,hst,0.991,1.011,0.981,1.011,1.0,1.2582477660838618e-16,drift,delta_baseline,0,0.0
TSOPF_RS_b162_c3,15374,610299,8,0.0,18,False,400,256,0.231386,0.229579,0.233552,0.211521,1.094,1.085,0,0.229579,hst,0.991,1.008,0.983,1.008,1.0,1.2582477660838618e-16,drift,delta_baseline,0,0.0
TSOPF_RS_b162_c3,15374,610299,8,0.0,19,False,400,256,0.230784,0.22847,0.233495,0.211219,1.093,1.082,0,0.22847,hst,0.988,1.01,0.978,1.01,1.0,1.2582477660838618e-16,drift,delta_baseline,0,0.0
TSOPF_RS_b162_c3,15374,610299,8,0.0,20,False,400,256,0.231364,0.228387,0.233794,0.211542,1.094,1.08,0,0.228387,hst,0.99,1.013,0.977,1.013,1.0,1.2582477660838618e-16,drift,delta_baseline,0,0.0
TSOPF_RS_b162_c3,15374,610299,8,0.0,21,False,400,256,0.232766,0.229861,0.235012,0.212978,1.093,1.079,0,0.229861,hst,0.99,1.013,0.978,1.013,1.0,1.172605067740121e-16,drift,delta_baseline,0,0.0
TSOPF_RS_b162_c3,15374,610299,8,0.002,17,False,400,256,8.468801,0.268018,0.411116,0.269437,31.432,0.995,1,0.268018,hst,20.6,31.598,0.652,31.598,1.0,1.2582477660838618e-16,drift,hst,1,4.427
TSOPF_RS_b162_c3,15374,610299,8,0.002,18,False,400,256,8.438119,0.263272,0.428886,0.266454,31.668,0.988,1,0.263272,hst,19.674,32.051,0.614,32.051,1.0,1.2582477660838618e-16,drift,hst,1,4.478
TSOPF_RS_b162_c3,15374,610299,8,0.002,19,False,400,256,8.367267,0.264752,0.41584,0.2744,30.493,0.965,1,0.264752,hst,20.121,31.604,0.637,31.604,1.0,1.2582477660838618e-16,drift,hst,1,4.368
TSOPF_RS_b162_c3,15374,610299,8,0.002,20,False,400,256,8.393805,0.262331,0.413539,0.27337,30.705,0.96,1,0.262331,hst,20.297,31.997,0.634,31.997,1.0,1.2582477660838618e-16,drift,hst,1,4.444
TSOPF_RS_b162_c3,15374,610299,8,0.002,21,False,400,256,8.386622,0.264999,0.431954,0.266928,31.419,0.993,1,0.264999,hst,19.416,31.648,0.613,31.648,1.0,1.172605067740121e-16,drift,hst,1,4.505
TSOPF_RS_b162_c3,15374,610299,8,0.01,17,False,400,256,8.604914,0.277907,0.440371,0.282813,30.426,0.983,1,0.277907,hst,19.54,30.963,0.631,30.963,1.0,1.2582477660838618e-16,drift,hst,1,4.415
TSOPF_RS_b162_c3,15374,610299,8,0.01,18,False,400,256,8.533403,0.284009,0.45186,0.291052,29.319,0.976,1,0.284009,hst,18.885,30.046,0.629,30.046,1.0,1.2582477660838618e-16,drift,hst,1,4.457
TSOPF_RS_b162_c3,15374,610299,8,0.01,19,False,400,256,8.061745,0.279942,0.446302,0.286677,28.121,0.977,1,0.279942,hst,18.063,28.798,0.627,28.798,1.0,1.2582477660838618e-16,drift,hst,1,4.482
TSOPF_RS_b162_c3,15374,610299,8,0.01,20,False,400,256,8.276101,0.27671,0.44224,0.279465,29.614,0.99,1,0.27671,hst,18.714,29.909,0.626,29.909,1.0,1.2582477660838618e-16,drift,hst,1,4.474
TSOPF_RS_b162_c3,15374,610299,8,0.01,21,False,400,256,8.677135,0.290727,0.462993,0.299582,28.964,0.97,1,0.290727,hst,18.741,29.846,0.628,29.846,1.0,1.172605067740121e-16,drift,hst,1,4.404
TSOPF_RS_b162_c3,15374,610299,8,0.05,17,False,400,256,8.190322,0.317339,0.489922,0.327422,25.015,0.969,1,0.317339,hst,16.718,25.809,0.648,25.809,1.0,1.2582477660838618e-16,drift,hst,1,4.468
TSOPF_RS_b162_c3,15374,610299,8,0.05,18,False,400,256,7.729437,0.314816,0.485704,0.325489,23.747,0.967,1,0.314816,hst,15.914,24.552,0.648,24.552,1.0,1.2582477660838618e-16,drift,hst,1,4.551
TSOPF_RS_b162_c3,15374,610299,8,0.05,19,False,400,256,8.181789,0.313225,0.484134,0.321735,25.43,0.974,1,0.313225,hst,16.9,26.121,0.647,26.121,1.0,1.2582477660838618e-16,drift,hst,1,4.644
TSOPF_RS_b162_c3,15374,610299,8,0.05,20,False,400,256,8.254683,0.313391,0.490178,0.327953,25.17,0.956,1,0.313391,hst,16.84,26.34,0.639,26.34,1.0,1.2582477660838618e-16,drift,hst,1,4.576
TSOPF_RS_b162_c3,15374,610299,8,0.05,21,False,400,256,8.2005,0.315229,0.490108,0.328767,24.943,0.959,1,0.315229,hst,16.732,26.014,0.643,26.014,1.0,1.172605067740121e-16,drift,hst,1,4.535
TSOPF_RS_b162_c3,15374,610299,8,0.25,17,False,400,256,8.182713,0.317895,0.498453,0.331732,24.667,0.958,1,0.317895,hst,16.416,25.74,0.638,25.74,1.0,1.2582477660838618e-16,drift,hst,1,4.906
TSOPF_RS_b162_c3,15374,610299,8,0.25,18,False,400,256,5.948237,0.246803,0.416875,0.246774,24.104,1.0,1,0.246803,hst,14.269,24.101,0.592,24.101,1.0,1.2582477660838618e-16,drift,hst,1,4.665
TSOPF_RS_b162_c3,15374,610299,8,0.25,19,False,400,256,8.844869,0.327387,0.504007,0.340055,26.01,0.963,1,0.327387,hst,17.549,27.017,0.65,27.017,1.0,1.2582477660838618e-16,drift,hst,1,4.795
TSOPF_RS_b162_c3,15374,610299,8,0.25,20,False,400,256,8.426139,0.316174,0.493587,0.329619,25.563,0.959,1,0.316174,hst,17.071,26.65,0.641,26.65,1.0,1.2582477660838618e-16,drift,hst,1,4.771
TSOPF_RS_b162_c3,15374,610299,8,0.25,21,False,400,256,8.886576,0.330305,0.508605,0.345134,25.748,0.957,1,0.330305,hst,17.472,26.904,0.649,26.904,1.0,1.172605067740121e-16,drift,hst,1,4.693
TSOPF_RS_b300_c1,14538,1474325,8,0.0,17,False,400,256,0.634114,0.643072,0.636432,0.580776,1.092,1.092,0,0.634114,delta_baseline,0.996,1.0,0.996,1.0,1.014,1.1112960972222602e-16,drift,delta_baseline,0,0.0
TSOPF_RS_b300_c1,14538,1474325,8,0.0,18,False,400,256,0.634166,0.642674,0.637424,0.581062,1.091,1.091,0,0.634166,delta_baseline,0.995,1.0,0.995,1.0,1.013,1.1112960972222602e-16,drift,delta_baseline,0,0.0
TSOPF_RS_b300_c1,14538,1474325,8,0.0,19,False,400,256,0.633368,0.643983,0.636323,0.579817,1.092,1.092,0,0.633368,delta_baseline,0.995,1.0,0.995,1.0,1.017,1.1112960972222602e-16,drift,delta_baseline,0,0.0
TSOPF_RS_b300_c1,14538,1474325,8,0.0,20,False,400,256,0.634594,0.642092,0.636491,0.580974,1.092,1.092,0,0.634594,delta_baseline,0.997,1.0,0.997,1.0,1.012,1.1112960972222602e-16,drift,delta_baseline,0,0.0
TSOPF_RS_b300_c1,14538,1474325,8,0.0,21,False,400,256,0.641544,0.649922,0.644496,0.588549,1.09,1.09,0,0.641544,delta_baseline,0.995,1.0,0.995,1.0,1.013,1.4073755446586306e-16,drift,delta_baseline,0,0.0
TSOPF_RS_b300_c1,14538,1474325,8,0.002,17,False,400,256,14.12713,0.623919,1.043621,0.632976,22.319,0.986,1,0.623919,hst,13.537,22.643,0.598,22.643,1.0,1.1112960972222602e-16,drift,hst,1,10.032
TSOPF_RS_b300_c1,14538,1474325,8,0.002,18,False,400,256,15.492815,0.638139,1.071377,0.657775,23.553,0.97,1,0.638139,hst,14.461,24.278,0.596,24.278,1.0,1.1112960972222602e-16,drift,hst,1,9.847
TSOPF_RS_b300_c1,14538,1474325,8,0.002,19,False,400,256,14.820504,0.588946,1.002666,0.595747,24.877,0.989,1,0.588946,hst,14.781,25.164,0.587,25.164,1.0,1.1112960972222602e-16,drift,hst,1,9.847
TSOPF_RS_b300_c1,14538,1474325,8,0.002,20,False,400,256,14.287851,0.612218,1.044427,0.641027,22.289,0.955,1,0.612218,hst,13.68,23.338,0.586,23.338,1.0,1.1112960972222602e-16,drift,hst,1,9.985
TSOPF_RS_b300_c1,14538,1474325,8,0.002,21,False,400,256,17.089864,0.633394,1.061602,0.65056,26.269,0.974,1,0.633394,hst,16.098,26.981,0.597,26.981,1.0,1.4073755446586306e-16,drift,hst,1,10.264
TSOPF_RS_b300_c1,14538,1474325,8,0.01,17,False,400,256,17.762113,0.656201,1.04871,0.660211,26.904,0.994,1,0.656201,hst,16.937,27.068,0.626,27.068,1.0,1.1112960972222602e-16,drift,hst,1,9.519
TSOPF_RS_b300_c1,14538,1474325,8,0.01,18,False,400,256,14.393503,0.640056,1.061123,0.656355,21.929,0.975,1,0.640056,hst,13.564,22.488,0.603,22.488,1.0,1.1112960972222602e-16,drift,hst,1,9.993
TSOPF_RS_b300_c1,14538,1474325,8,0.01,19,False,400,256,13.141204,0.567757,0.989088,0.591426,22.22,0.96,1,0.567757,hst,13.286,23.146,0.574,23.146,1.0,1.1112960972222602e-16,drift,hst,1,9.642
TSOPF_RS_b300_c1,14538,1474325,8,0.01,20,False,400,256,14.387152,0.600008,1.024694,0.613749,23.441,0.978,1,0.600008,hst,14.04,23.978,0.586,23.978,1.0,1.1112960972222602e-16,drift,hst,1,10.118
TSOPF_RS_b300_c1,14538,1474325,8,0.01,21,False,400,256,18.72498,0.663805,1.089741,0.681744,27.466,0.974,1,0.663805,hst,17.183,28.209,0.609,28.209,1.0,1.4073755446586306e-16,drift,hst,1,10.006
TSOPF_RS_b300_c1,14538,1474325,8,0.05,17,False,400,256,5.639588,0.306032,0.690288,0.287718,19.601,1.064,2,0.306032,hst,8.17,18.428,0.443,18.428,1.0,1.1112960972222602e-16,drift,hst,1,9.461
TSOPF_RS_b300_c1,14538,1474325,8,0.05,18,False,400,256,5.573177,0.297367,0.685453,0.286408,19.459,1.038,2,0.297367,hst,8.131,18.742,0.434,18.742,1.0,1.1112960972222602e-16,drift,hst,1,9.538
TSOPF_RS_b300_c1,14538,1474325,8,0.05,19,False,400,256,7.136946,0.336347,0.73082,0.315295,22.636,1.067,1,0.336347,hst,9.766,21.219,0.46,21.219,1.0,1.1112960972222602e-16,drift,hst,1,9.712
TSOPF_RS_b300_c1,14538,1474325,8,0.05,20,False,400,256,6.152242,0.292369,0.69631,0.26788,22.966,1.091,2,0.292369,hst,8.835,21.043,0.42,21.043,1.0,1.1112960972222602e-16,drift,hst,1,9.821
TSOPF_RS_b300_c1,14538,1474325,8,0.05,21,False,400,256,5.251151,0.262685,0.633706,0.23468,22.376,1.119,2,0.262685,hst,8.286,19.99,0.415,19.99,1.0,1.4073755446586306e-16,drift,hst,1,9.313
TSOPF_RS_b300_c1,14538,1474325,8,0.25,17,False,400,256,11.751412,0.436372,0.829253,0.420568,27.942,1.038,1,0.436372,hst,14.171,26.93,0.526,26.93,1.0,1.1112960972222602e-16,drift,hst,1,9.964
TSOPF_RS_b300_c1,14538,1474325,8,0.25,18,False,400,256,18.921064,0.645961,1.065468,0.653805,28.94,0.988,1,0.645961,hst,17.758,29.291,0.606,29.291,1.0,1.1112960972222602e-16,drift,hst,1,10.475
TSOPF_RS_b300_c1,14538,1474325,8,0.25,19,False,400,256,4.638151,0.230811,0.610745,0.194881,23.8,1.184,2,0.230811,hst,7.594,20.095,0.378,20.095,1.0,1.1112960972222602e-16,drift,hst,1,10.404
TSOPF_RS_b300_c1,14538,1474325,8,0.25,20,False,400,256,21.583934,0.717894,1.128163,0.727527,29.668,0.987,1,0.717894,hst,19.132,30.066,0.636,30.066,1.0,1.1112960972222602e-16,drift,hst,1,10.488
TSOPF_RS_b300_c1,14538,1474325,8,0.25,21,False,400,256,11.182833,0.432117,0.829097,0.411118,27.201,1.051,1,0.432117,hst,13.488,25.879,0.521,25.879,1.0,1.4073755446586306e-16,drift,hst,1,10.239
case9,14454,147972,8,0.0,17,False,400,256,0.043653,0.066028,0.045232,0.042309,1.032,1.032,0,0.043653,delta_baseline,0.965,1.0,0.965,1.0,1.513,1.8253563338087409e-16,drift,delta_baseline,0,0.0
case9,14454,147972,8,0.0,18,False,400,256,0.04417,0.078616,0.045923,0.042955,1.028,1.028,0,0.04417,delta_baseline,0.962,1.0,0.962,1.0,1.78,1.6384614607668743e-15,drift,delta_baseline,0,0.0
case9,14454,147972,8,0.0,19,False,400,256,0.043624,0.066456,0.045329,0.042426,1.028,1.028,0,0.043624,delta_baseline,0.962,1.0,0.962,1.0,1.523,1.8253563338087409e-16,drift,delta_baseline,0,0.0
case9,14454,147972,8,0.0,20,False,400,256,0.044791,0.079088,0.046057,0.042986,1.042,1.042,0,0.044791,delta_baseline,0.973,1.0,0.973,1.0,1.766,1.1571059044469956e-15,drift,delta_baseline,0,0.0
case9,14454,147972,8,0.0,21,False,400,256,0.044832,0.078161,0.047318,0.0442,1.014,1.014,0,0.044832,delta_baseline,0.947,1.0,0.947,1.0,1.743,1.4037033603327298e-15,drift,delta_baseline,0,0.0
case9,14454,147972,8,0.002,17,False,400,256,1.240394,0.087765,0.114009,0.089838,13.807,0.977,1,0.087765,hst,10.88,14.133,0.77,14.133,1.0,1.8253563338087409e-16,drift,hst,1,1.353
case9,14454,147972,8,0.002,18,False,400,256,1.190192,0.117721,0.145303,0.120629,9.867,0.976,1,0.117721,hst,8.191,10.11,0.81,10.11,1.0,1.6384614607668743e-15,drift,hst,1,1.484
case9,14454,147972,8,0.002,19,False,400,256,1.232446,0.089015,0.114854,0.091551,13.462,0.972,1,0.089015,hst,10.731,13.845,0.775,13.845,1.0,1.8253563338087409e-16,drift,hst,1,1.368
case9,14454,147972,8,0.002,20,False,400,256,1.191622,0.12069,0.147305,0.122881,9.697,0.982,1,0.12069,hst,8.089,9.873,0.819,9.873,1.0,1.1571059044469956e-15,drift,hst,1,1.441
case9,14454,147972,8,0.002,21,False,400,256,1.252761,0.119309,0.146069,0.122125,10.258,0.977,1,0.119309,hst,8.577,10.5,0.817,10.5,1.0,1.4037033603327298e-15,drift,hst,1,1.435
case9,14454,147972,8,0.01,17,False,400,256,1.246977,0.115161,0.140774,0.11853,10.52,0.972,1,0.115161,hst,8.858,10.828,0.818,10.828,1.0,1.8253563338087409e-16,drift,hst,1,1.414
case9,14454,147972,8,0.01,18,False,400,256,1.269506,0.135121,0.163911,0.140439,9.04,0.962,1,0.135121,hst,7.745,9.395,0.824,9.395,1.0,1.6384614607668743e-15,drift,hst,1,1.516
case9,14454,147972,8,0.01,19,False,400,256,1.239927,0.111121,0.139281,0.115258,10.758,0.964,1,0.111121,hst,8.902,11.158,0.798,11.158,1.0,1.8253563338087409e-16,drift,hst,1,1.52
case9,14454,147972,8,0.01,20,False,400,256,1.254929,0.13441,0.162686,0.1392,9.015,0.966,1,0.13441,hst,7.714,9.337,0.826,9.337,1.0,1.1571059044469956e-15,drift,hst,1,1.546
case9,14454,147972,8,0.01,21,False,400,256,1.274681,0.128998,0.157236,0.13388,9.521,0.964,1,0.128998,hst,8.107,9.881,0.82,9.881,1.0,1.4037033603327298e-15,drift,hst,1,1.379
case9,14454,147972,8,0.05,17,False,400,256,1.270938,0.130855,0.158015,0.134287,9.464,0.974,1,0.130855,hst,8.043,9.713,0.828,9.713,1.0,1.8253563338087409e-16,drift,hst,1,1.482
case9,14454,147972,8,0.05,18,False,400,256,1.284179,0.141052,0.169456,0.144954,8.859,0.973,1,0.141052,hst,7.578,9.104,0.832,9.104,1.0,1.6384614607668743e-15,drift,hst,1,1.589
case9,14454,147972,8,0.05,19,False,400,256,1.281321,0.13361,0.161856,0.138935,9.222,0.962,1,0.13361,hst,7.916,9.59,0.825,9.59,1.0,1.8253563338087409e-16,drift,hst,1,1.5
case9,14454,147972,8,0.05,20,False,400,256,1.287979,0.140185,0.169433,0.145012,8.882,0.967,1,0.140185,hst,7.602,9.188,0.827,9.188,1.0,1.1571059044469956e-15,drift,hst,1,1.603
case9,14454,147972,8,0.05,21,False,400,256,1.273112,0.138959,0.166989,0.142658,8.924,0.974,1,0.138959,hst,7.624,9.162,0.832,9.162,1.0,1.4037033603327298e-15,drift,hst,1,1.559
case9,14454,147972,8,0.25,17,False,400,256,1.284696,0.140616,0.169122,0.145213,8.847,0.968,1,0.140616,hst,7.596,9.136,0.831,9.136,1.0,1.8253563338087409e-16,drift,hst,1,1.529
case9,14454,147972,8,0.25,18,False,400,256,1.280044,0.141811,0.170632,0.145803,8.779,0.973,1,0.141811,hst,7.502,9.026,0.831,9.026,1.0,1.6384614607668743e-15,drift,hst,1,1.598
case9,14454,147972,8,0.25,19,False,400,256,1.286885,0.14062,0.170296,0.145974,8.816,0.963,1,0.14062,hst,7.557,9.152,0.826,9.152,1.0,1.8253563338087409e-16,drift,hst,1,1.588
case9,14454,147972,8,0.25,20,False,400,256,1.283494,0.141707,0.170372,0.146685,8.75,0.966,1,0.141707,hst,7.533,9.057,0.832,9.057,1.0,1.1571059044469956e-15,drift,hst,1,1.593
case9,14454,147972,8,0.25,21,False,400,256,1.295119,0.142052,0.170783,0.145709,8.888,0.975,1,0.142052,hst,7.583,9.117,0.832,9.117,1.0,1.4037033603327298e-15,drift,hst,1,1.611
bcspwr09,1723,6511,8,0.0,17,False,400,256,0.006343,0.02559,0.007571,0.00717,0.885,0.885,,0.006343,delta_baseline,0.838,1.0,0.838,1.0,4.034,3.3992994908668667e-16,drift,delta_baseline,0,0.0
bcspwr09,1723,6511,8,0.0,18,False,400,256,0.005866,0.025742,0.007247,0.006927,0.847,0.847,,0.005866,delta_baseline,0.809,1.0,0.809,1.0,4.388,1.860896069197576e-16,drift,delta_baseline,0,0.0
bcspwr09,1723,6511,8,0.0,19,False,400,256,0.00592,0.024419,0.007705,0.007393,0.801,0.801,,0.00592,delta_baseline,0.768,1.0,0.768,1.0,4.125,1.4472386138826977e-16,drift,delta_baseline,0,0.0
bcspwr09,1723,6511,8,0.0,20,False,400,256,0.005901,0.02575,0.007231,0.006934,0.851,0.851,,0.005901,delta_baseline,0.816,1.0,0.816,1.0,4.363,4.2716015826531054e-16,drift,delta_baseline,0,0.0
bcspwr09,1723,6511,8,0.0,21,False,400,256,0.006194,0.025102,0.007517,0.007213,0.859,0.859,,0.006194,delta_baseline,0.824,1.0,0.824,1.0,4.053,9.609496773994548e-17,drift,delta_baseline,0,0.0
bcspwr09,1723,6511,8,0.002,17,False,400,256,0.076351,0.041324,0.059709,0.046492,1.642,0.889,89,0.041324,hst,1.279,1.848,0.692,1.848,1.0,3.3992994908668667e-16,drift,hst,1,2.659
bcspwr09,1723,6511,8,0.002,18,False,400,256,0.075776,0.039909,0.057446,0.045494,1.666,0.877,80,0.039909,hst,1.319,1.899,0.695,1.899,1.0,1.860896069197576e-16,drift,hst,1,2.409
bcspwr09,1723,6511,8,0.002,19,False,400,256,0.072924,0.038209,0.055926,0.043387,1.681,0.881,83,0.038209,hst,1.304,1.909,0.683,1.909,1.0,1.4472386138826977e-16,drift,hst,1,2.448
bcspwr09,1723,6511,8,0.002,20,False,400,256,0.07553,0.040749,0.05861,0.04627,1.632,0.881,88,0.040749,hst,1.289,1.854,0.695,1.854,1.0,4.2716015826531054e-16,drift,hst,1,2.586
bcspwr09,1723,6511,8,0.002,21,False,400,256,0.078675,0.040944,0.060465,0.045939,1.713,0.891,87,0.040944,hst,1.301,1.922,0.677,1.922,1.0,9.609496773994548e-17,drift,hst,1,2.861
bcspwr09,1723,6511,8,0.01,17,False,400,256,0.082477,0.054792,0.074489,0.061108,1.35,0.897,142,0.054792,hst,1.107,1.505,0.736,1.505,1.0,3.3992994908668667e-16,drift,hst,1,3.043
bcspwr09,1723,6511,8,0.01,18,False,400,256,0.080501,0.053163,0.072215,0.059173,1.36,0.898,136,0.053163,hst,1.115,1.514,0.736,1.514,1.0,1.860896069197576e-16,drift,hst,1,2.908
bcspwr09,1723,6511,8,0.01,19,False,400,256,0.079609,0.052439,0.072565,0.059634,1.335,0.879,145,0.052439,hst,1.097,1.518,0.723,1.518,1.0,1.4472386138826977e-16,drift,hst,1,2.894
bcspwr09,1723,6511,8,0.01,20,False,400,256,0.079642,0.054244,0.074168,0.060756,1.311,0.893,163,0.054244,hst,1.074,1.468,0.731,1.468,1.0,4.2716015826531054e-16,drift,hst,1,3.085
bcspwr09,1723,6511,8,0.01,21,False,400,256,0.081879,0.053703,0.073471,0.059338,1.38,0.905,140,0.053703,hst,1.114,1.525,0.731,1.525,1.0,9.609496773994548e-17,drift,hst,1,3.152
bcspwr09,1723,6511,8,0.05,17,False,400,256,0.089806,0.062527,0.08303,0.06887,1.304,0.908,160,0.062527,hst,1.082,1.436,0.753,1.436,1.0,3.3992994908668667e-16,drift,hst,1,3.353
bcspwr09,1723,6511,8,0.05,18,False,400,256,0.086973,0.062425,0.083148,0.069599,1.25,0.897,191,0.062425,hst,1.046,1.393,0.751,1.393,1.0,1.860896069197576e-16,drift,hst,1,3.319
bcspwr09,1723,6511,8,0.05,19,False,400,256,0.084895,0.062089,0.081083,0.06825,1.244,0.91,189,0.062089,hst,1.047,1.367,0.766,1.367,1.0,1.4472386138826977e-16,drift,hst,1,3.147
bcspwr09,1723,6511,8,0.05,20,False,400,256,0.087759,0.063222,0.082461,0.069396,1.265,0.911,176,0.063222,hst,1.064,1.388,0.767,1.388,1.0,4.2716015826531054e-16,drift,hst,1,3.23
bcspwr09,1723,6511,8,0.05,21,False,400,256,0.088413,0.06336,0.086965,0.073443,1.204,0.863,223,0.06336,hst,1.017,1.395,0.729,1.395,1.0,9.609496773994548e-17,drift,hst,1,3.344
bcspwr09,1723,6511,8,0.25,17,False,400,256,0.091616,0.065491,0.086596,0.07292,1.256,0.898,178,0.065491,hst,1.058,1.399,0.756,1.399,1.0,3.3992994908668667e-16,drift,hst,1,3.322
bcspwr09,1723,6511,8,0.25,18,False,400,256,0.091177,0.070619,0.089569,0.075764,1.203,0.932,220,0.070619,hst,1.018,1.291,0.788,1.291,1.0,1.860896069197576e-16,drift,hst,1,3.39
bcspwr09,1723,6511,8,0.25,19,False,400,256,0.090974,0.065362,0.085245,0.071929,1.265,0.909,173,0.065362,hst,1.067,1.392,0.767,1.392,1.0,1.4472386138826977e-16,drift,hst,1,3.287
bcspwr09,1723,6511,8,0.25,20,False,400,256,0.090535,0.064954,0.085605,0.071919,1.259,0.903,179,0.064954,hst,1.058,1.394,0.759,1.394,1.0,4.2716015826531054e-16,drift,hst,1,3.33
bcspwr09,1723,6511,8,0.25,21,False,400,256,0.091789,0.065659,0.086138,0.071792,1.279,0.915,171,0.065659,hst,1.066,1.398,0.762,1.398,1.0,9.609496773994548e-17,drift,hst,1,3.416
add32,4960,19848,8,0.0,17,False,400,256,0.005913,0.016875,0.007006,0.006699,0.883,0.883,,0.005913,delta_baseline,0.844,1.0,0.844,1.0,2.854,1.834572946307244e-16,drift,delta_baseline,0,0.0
add32,4960,19848,8,0.0,18,False,400,256,0.005783,0.01644,0.006861,0.006576,0.879,0.879,,0.005783,delta_baseline,0.843,1.0,0.843,1.0,2.843,3.8969112366871195e-16,drift,delta_baseline,0,0.0
add32,4960,19848,8,0.0,19,False,400,256,0.00571,0.015024,0.006928,0.00662,0.863,0.863,,0.00571,delta_baseline,0.824,1.0,0.824,1.0,2.631,1.440904858629578e-16,drift,delta_baseline,0,0.0
add32,4960,19848,8,0.0,20,False,400,256,0.005792,0.015905,0.007026,0.006751,0.858,0.858,,0.005792,delta_baseline,0.824,1.0,0.824,1.0,2.746,1.9189147112235067e-16,drift,delta_baseline,0,0.0
add32,4960,19848,8,0.0,21,False,400,256,0.005733,0.015912,0.007033,0.006696,0.856,0.856,,0.005733,delta_baseline,0.815,1.0,0.815,1.0,2.776,2.4073268406156015e-16,drift,delta_baseline,0,0.0
add32,4960,19848,8,0.002,17,False,400,256,0.071868,0.018783,0.02861,0.020653,3.48,0.909,22,0.018783,hst,2.512,3.826,0.657,3.826,1.0,1.834572946307244e-16,drift,hst,1,1.106
add32,4960,19848,8,0.002,18,False,400,256,0.071305,0.019307,0.027084,0.023478,3.037,0.822,34,0.019307,hst,2.633,3.693,0.713,3.693,1.0,3.8969112366871195e-16,drift,hst,1,1.623
add32,4960,19848,8,0.002,19,False,400,256,0.068654,0.016949,0.023315,0.021617,3.176,0.784,24,0.016949,hst,2.945,4.051,0.727,4.051,1.0,1.440904858629578e-16,drift,hst,1,1.122
add32,4960,19848,8,0.002,20,False,400,256,0.071344,0.019423,0.027478,0.025763,2.769,0.754,37,0.019423,hst,2.596,3.673,0.707,3.673,1.0,1.9189147112235067e-16,drift,hst,1,1.691
add32,4960,19848,8,0.002,21,False,400,256,0.072811,0.019435,0.025595,0.021198,3.435,0.917,12,0.019435,hst,2.845,3.746,0.759,3.746,1.0,2.4073268406156015e-16,drift,hst,1,0.603
add32,4960,19848,8,0.01,17,False,400,256,0.076371,0.024812,0.033087,0.02748,2.779,0.903,16,0.024812,hst,2.308,3.078,0.75,3.078,1.0,1.834572946307244e-16,drift,hst,1,0.783
add32,4960,19848,8,0.01,18,False,400,256,0.075947,0.023881,0.040178,0.037582,2.021,0.635,99,0.023881,hst,1.89,3.18,0.594,3.18,1.0,3.8969112366871195e-16,drift,hst,1,3.781
add32,4960,19848,8,0.01,19,False,400,256,0.074326,0.022374,0.028335,0.024374,3.049,0.918,11,0.022374,hst,2.623,3.322,0.79,3.322,1.0,1.440904858629578e-16,drift,hst,1,0.542
add32,4960,19848,8,0.01,20,False,400,256,0.076629,0.024879,0.041481,0.0288,2.661,0.864,44,0.024879,hst,1.847,3.08,0.6,3.08,1.0,1.9189147112235067e-16,drift,hst,1,2.092
add32,4960,19848,8,0.01,21,False,400,256,0.076495,0.023465,0.033895,0.030483,2.509,0.77,51,0.023465,hst,2.257,3.26,0.692,3.26,1.0,2.4073268406156015e-16,drift,hst,1,2.365
add32,4960,19848,8,0.05,17,False,400,256,0.079438,0.046018,0.064842,0.054288,1.463,0.848,77,0.046018,hst,1.225,1.726,0.71,1.726,1.0,1.834572946307244e-16,drift,hst,1,1.946
add32,4960,19848,8,0.05,18,False,400,256,0.078422,0.041451,0.060289,0.047279,1.659,0.877,83,0.041451,hst,1.301,1.892,0.688,1.892,1.0,3.8969112366871195e-16,drift,hst,1,2.579
add32,4960,19848,8,0.05,19,False,400,256,0.077626,0.038249,0.051017,0.043768,1.774,0.874,36,0.038249,hst,1.522,2.03,0.75,2.03,1.0,1.440904858629578e-16,drift,hst,1,1.202
add32,4960,19848,8,0.05,20,False,400,256,0.080287,0.051419,0.071531,0.060591,1.325,0.849,120,0.051419,hst,1.122,1.561,0.719,1.561,1.0,1.9189147112235067e-16,drift,hst,1,2.366
add32,4960,19848,8,0.05,21,False,400,256,0.080007,0.048106,0.066719,0.054416,1.47,0.884,98,0.048106,hst,1.199,1.663,0.721,1.663,1.0,2.4073268406156015e-16,drift,hst,1,2.512
add32,4960,19848,8,0.25,17,False,400,256,0.080915,0.060807,0.082829,0.073328,1.103,0.829,569,0.060807,hst,0.977,1.331,0.734,1.331,1.0,1.834572946307244e-16,drift,hst,1,4.317
add32,4960,19848,8,0.25,18,False,400,256,0.081922,0.062785,0.082716,0.069976,1.171,0.897,263,0.062785,hst,0.99,1.305,0.759,1.305,1.0,3.8969112366871195e-16,drift,hst,1,3.139
add32,4960,19848,8,0.25,19,False,400,256,0.079739,0.055443,0.075877,0.067571,1.18,0.821,326,0.055443,hst,1.051,1.438,0.731,1.438,1.0,1.440904858629578e-16,drift,hst,1,3.964
add32,4960,19848,8,0.25,20,False,400,256,0.081627,0.063292,0.084485,0.071635,1.139,0.884,319,0.063292,hst,0.966,1.29,0.749,1.29,1.0,1.9189147112235067e-16,drift,hst,1,3.189
add32,4960,19848,8,0.25,21,False,400,256,0.08095,0.060965,0.082142,0.068861,1.176,0.885,259,0.060965,hst,0.985,1.328,0.742,1.328,1.0,2.4073268406156015e-16,drift,hst,1,3.127
circuit_3,12127,48137,8,0.0,17,False,400,256,0.022015,0.039555,0.023463,0.02261,0.974,0.974,,0.022015,delta_baseline,0.938,1.0,0.938,1.0,1.797,6.734179160610594e-16,drift,delta_baseline,0,0.0
circuit_3,12127,48137,8,0.0,18,False,400,256,0.021953,0.038842,0.023536,0.022751,0.965,0.965,,0.021953,delta_baseline,0.933,1.0,0.933,1.0,1.769,6.734177751265342e-16,drift,delta_baseline,0,0.0
circuit_3,12127,48137,8,0.0,19,False,400,256,0.022919,0.040956,0.024632,0.023685,0.968,0.968,,0.022919,delta_baseline,0.93,1.0,0.93,1.0,1.787,1.38110199246993e-16,drift,delta_baseline,0,0.0
circuit_3,12127,48137,8,0.0,20,False,400,256,0.021686,0.039124,0.023287,0.022585,0.96,0.96,,0.021686,delta_baseline,0.931,1.0,0.931,1.0,1.804,7.407593410861525e-16,drift,delta_baseline,0,0.0
circuit_3,12127,48137,8,0.0,21,False,400,256,0.021858,0.044198,0.023763,0.022797,0.959,0.959,,0.021858,delta_baseline,0.92,1.0,0.92,1.0,2.022,6.413984212090423e-16,drift,delta_baseline,0,0.0
circuit_3,12127,48137,8,0.002,17,False,400,256,0.31053,0.067765,0.109781,0.075596,4.108,0.896,21,0.067765,hst,2.829,4.582,0.617,4.582,1.0,6.734179160610594e-16,drift,hst,1,5.042
circuit_3,12127,48137,8,0.002,18,False,400,256,0.300116,0.069836,0.111819,0.077882,3.853,0.897,23,0.069836,hst,2.684,4.297,0.625,4.297,1.0,6.734177751265342e-16,drift,hst,1,5.049
circuit_3,12127,48137,8,0.002,19,False,400,256,0.348186,0.071947,0.08401,0.075598,4.606,0.952,3,0.071947,hst,4.145,4.839,0.856,4.839,1.0,1.38110199246993e-16,drift,hst,1,0.876
circuit_3,12127,48137,8,0.002,20,False,400,256,0.289617,0.066098,0.107628,0.073579,3.936,0.898,23,0.066098,hst,2.691,4.382,0.614,4.382,1.0,7.407593410861525e-16,drift,hst,1,5.016
circuit_3,12127,48137,8,0.002,21,False,400,256,0.377021,0.073989,0.089854,0.077964,4.836,0.949,5,0.073989,hst,4.196,5.096,0.823,5.096,1.0,6.413984212090423e-16,drift,hst,1,1.538
circuit_3,12127,48137,8,0.01,17,False,400,256,0.370161,0.082254,0.124495,0.089752,4.124,0.916,21,0.082254,hst,2.973,4.5,0.661,4.5,1.0,6.734179160610594e-16,drift,hst,1,5.84
circuit_3,12127,48137,8,0.01,18,False,400,256,0.3321,0.08954,0.131648,0.097497,3.406,0.918,25,0.08954,hst,2.523,3.709,0.68,3.709,1.0,6.734177751265342e-16,drift,hst,1,5.755
circuit_3,12127,48137,8,0.01,19,False,400,256,0.36631,0.087473,0.137957,0.096179,3.809,0.909,23,0.087473,hst,2.655,4.188,0.634,4.188,1.0,1.38110199246993e-16,drift,hst,1,6.1
circuit_3,12127,48137,8,0.01,20,False,400,256,0.398354,0.093665,0.143621,0.107884,3.692,0.868,19,0.093665,hst,2.774,4.253,0.652,4.253,1.0,7.407593410861525e-16,drift,hst,1,5.586
circuit_3,12127,48137,8,0.01,21,False,400,256,0.379841,0.101247,0.149666,0.1106,3.434,0.915,23,0.101247,hst,2.538,3.752,0.676,3.752,1.0,6.413984212090423e-16,drift,hst,1,6.325
circuit_3,12127,48137,8,0.05,17,False,400,256,0.366082,0.11115,0.161465,0.120943,3.027,0.919,27,0.11115,hst,2.267,3.294,0.688,3.294,1.0,6.734179160610594e-16,drift,hst,1,6.504
circuit_3,12127,48137,8,0.05,18,False,400,256,0.355043,0.111275,0.154117,0.120201,2.954,0.926,26,0.111275,hst,2.304,3.191,0.722,3.191,1.0,6.734177751265342e-16,drift,hst,1,6.17
circuit_3,12127,48137,8,0.05,19,False,400,256,0.357727,0.113736,0.163467,0.12405,2.884,0.917,28,0.113736,hst,2.188,3.145,0.696,3.145,1.0,1.38110199246993e-16,drift,hst,1,6.579
circuit_3,12127,48137,8,0.05,20,False,400,256,0.346481,0.118573,0.162873,0.127694,2.713,0.929,28,0.118573,hst,2.127,2.922,0.728,2.922,1.0,7.407593410861525e-16,drift,hst,1,6.045
circuit_3,12127,48137,8,0.05,21,False,400,256,0.351318,0.115735,0.166671,0.125784,2.793,0.92,29,0.115735,hst,2.108,3.036,0.694,3.036,1.0,6.413984212090423e-16,drift,hst,1,6.469
circuit_3,12127,48137,8,0.25,17,False,400,256,0.38434,0.119887,0.173442,0.13117,2.93,0.914,25,0.119887,hst,2.216,3.206,0.691,3.206,1.0,6.734179160610594e-16,drift,hst,1,6.439
circuit_3,12127,48137,8,0.25,18,False,400,256,0.391036,0.121275,0.172465,0.130455,2.997,0.93,24,0.121275,hst,2.267,3.224,0.703,3.224,1.0,6.734177751265342e-16,drift,hst,1,6.364
circuit_3,12127,48137,8,0.25,19,False,400,256,0.384032,0.121979,0.139811,0.12978,2.959,0.94,4,0.121979,hst,2.747,3.148,0.872,3.148,1.0,1.38110199246993e-16,drift,hst,1,1.128
circuit_3,12127,48137,8,0.25,20,False,400,256,0.387466,0.118173,0.166626,0.130184,2.976,0.908,25,0.118173,hst,2.325,3.279,0.709,3.279,1.0,7.407593410861525e-16,drift,hst,1,6.311
circuit_3,12127,48137,8,0.25,21,False,400,256,0.409689,0.123084,0.177648,0.133358,3.072,0.923,25,0.123084,hst,2.306,3.329,0.693,3.329,1.0,6.413984212090423e-16,drift,hst,1,6.967
rajat03,7602,32653,8,0.0,17,False,400,256,0.006168,0.020548,0.007214,0.006891,0.895,0.895,,0.006168,delta_baseline,0.855,1.0,0.855,1.0,3.331,1.5389215321852664e-16,drift,delta_baseline,0,0.0
rajat03,7602,32653,8,0.0,18,False,400,256,0.006138,0.018675,0.006952,0.006641,0.924,0.924,,0.006138,delta_baseline,0.883,1.0,0.883,1.0,3.042,1.5443765292083486e-16,drift,delta_baseline,0,0.0
rajat03,7602,32653,8,0.0,19,False,400,256,0.005924,0.017518,0.007211,0.006881,0.861,0.861,,0.005924,delta_baseline,0.822,1.0,0.822,1.0,2.957,1.5991248545154193e-16,drift,delta_baseline,0,0.0
rajat03,7602,32653,8,0.0,20,False,400,256,0.006074,0.019521,0.007015,0.006718,0.904,0.904,,0.006074,delta_baseline,0.866,1.0,0.866,1.0,3.214,1.538921533552159e-16,drift,delta_baseline,0,0.0
rajat03,7602,32653,8,0.0,21,False,400,256,0.00611,0.018889,0.007087,0.006798,0.899,0.899,,0.00611,delta_baseline,0.862,1.0,0.862,1.0,3.092,1.5389215543573844e-16,drift,delta_baseline,0,0.0
rajat03,7602,32653,8,0.002,17,False,400,256,0.07342,0.030599,0.048675,0.036027,2.038,0.849,63,0.030599,hst,1.508,2.399,0.629,2.399,1.0,1.5389215321852664e-16,drift,hst,1,2.357
rajat03,7602,32653,8,0.002,18,False,400,256,0.07504,0.030512,0.047484,0.034426,2.18,0.886,58,0.030512,hst,1.58,2.459,0.643,2.459,1.0,1.5443765292083486e-16,drift,hst,1,2.37
rajat03,7602,32653,8,0.002,19,False,400,256,0.073095,0.025676,0.044065,0.03826,1.91,0.671,119,0.025676,hst,1.659,2.847,0.583,2.847,1.0,1.5991248545154193e-16,drift,hst,1,4.154
rajat03,7602,32653,8,0.002,20,False,400,256,0.074323,0.027299,0.044059,0.032146,2.312,0.849,53,0.027299,hst,1.687,2.723,0.62,2.723,1.0,1.538921533552159e-16,drift,hst,1,2.224
rajat03,7602,32653,8,0.002,21,False,400,256,0.073698,0.031291,0.052295,0.0491,1.501,0.637,195,0.031291,hst,1.409,2.355,0.598,2.355,1.0,1.5389215543573844e-16,drift,hst,1,4.808
rajat03,7602,32653,8,0.01,17,False,400,256,0.076613,0.053106,0.07064,0.058533,1.309,0.907,152,0.053106,hst,1.085,1.443,0.752,1.443,1.0,1.5389215321852664e-16,drift,hst,1,2.753
rajat03,7602,32653,8,0.01,18,False,400,256,0.075915,0.044286,0.064258,0.051647,1.47,0.857,108,0.044286,hst,1.181,1.714,0.689,1.714,1.0,1.5443765292083486e-16,drift,hst,1,2.63
rajat03,7602,32653,8,0.01,19,False,400,256,0.076559,0.039955,0.058627,0.046082,1.661,0.867,81,0.039955,hst,1.306,1.916,0.682,1.916,1.0,1.5991248545154193e-16,drift,hst,1,2.466
rajat03,7602,32653,8,0.01,20,False,400,256,0.07638,0.050421,0.068724,0.056714,1.347,0.889,139,0.050421,hst,1.111,1.515,0.734,1.515,1.0,1.538921533552159e-16,drift,hst,1,2.731
rajat03,7602,32653,8,0.01,21,False,400,256,0.077282,0.048534,0.067942,0.055816,1.385,0.87,120,0.048534,hst,1.137,1.592,0.714,1.592,1.0,1.5389215543573844e-16,drift,hst,1,2.571
rajat03,7602,32653,8,0.05,17,False,400,256,0.078303,0.075939,0.09619,0.082981,0.944,0.915,,0.075939,hst,0.814,1.031,0.789,1.031,1.0,1.5389215321852664e-16,drift,hst,1,3.601
rajat03,7602,32653,8,0.05,18,False,400,256,0.078645,0.075728,0.09589,0.082705,0.951,0.916,,0.075728,hst,0.82,1.039,0.79,1.039,1.0,1.5443765292083486e-16,drift,hst,1,3.658
rajat03,7602,32653,8,0.05,19,False,400,256,0.077998,0.072727,0.09277,0.080215,0.972,0.907,,0.072727,hst,0.841,1.072,0.784,1.072,1.0,1.5991248545154193e-16,drift,hst,1,3.289
rajat03,7602,32653,8,0.05,20,False,400,256,0.078841,0.07469,0.095503,0.083065,0.949,0.899,,0.07469,hst,0.826,1.056,0.782,1.056,1.0,1.538921533552159e-16,drift,hst,1,3.467
rajat03,7602,32653,8,0.05,21,False,400,256,0.081838,0.078314,0.099236,0.08668,0.944,0.903,,0.078314,hst,0.825,1.045,0.789,1.045,1.0,1.5389215543573844e-16,drift,hst,1,3.582
rajat03,7602,32653,8,0.25,17,False,400,256,0.077753,0.086244,0.106499,0.093504,0.832,0.832,,0.077753,delta_baseline,0.73,1.0,0.73,1.0,1.109,1.5389215321852664e-16,drift,hst,1,3.95
rajat03,7602,32653,8,0.25,18,False,400,256,0.078163,0.082912,0.105065,0.091758,0.852,0.852,,0.078163,delta_baseline,0.744,1.0,0.744,1.0,1.061,1.5443765292083486e-16,drift,hst,1,3.878
rajat03,7602,32653,8,0.25,19,False,400,256,0.078432,0.083646,0.104235,0.091216,0.86,0.86,,0.078432,delta_baseline,0.752,1.0,0.752,1.0,1.066,1.5991248545154193e-16,drift,hst,1,3.829
rajat03,7602,32653,8,0.25,20,False,400,256,0.07735,0.086561,0.108303,0.095297,0.812,0.812,,0.07735,delta_baseline,0.714,1.0,0.714,1.0,1.119,1.538921533552159e-16,drift,hst,1,3.924
rajat03,7602,32653,8,0.25,21,False,400,256,0.081969,0.087224,0.108208,0.095639,0.857,0.857,,0.081969,delta_baseline,0.758,1.0,0.758,1.0,1.064,1.5389215543573844e-16,drift,hst,1,3.889
bcsstk18,11948,149090,8,0.0,17,False,400,256,0.010165,0.027491,0.011144,0.010376,0.98,0.98,,0.010165,delta_baseline,0.912,1.0,0.912,1.0,2.705,8.625236741385534e-17,drift,delta_baseline,0,0.0
bcsstk18,11948,149090,8,0.0,18,False,400,256,0.009659,0.027425,0.011131,0.010385,0.93,0.93,,0.009659,delta_baseline,0.868,1.0,0.868,1.0,2.839,1.7955529896133775e-16,drift,delta_baseline,0,0.0
bcsstk18,11948,149090,8,0.0,19,False,400,256,0.008724,0.025388,0.010111,0.009536,0.915,0.915,,0.008724,delta_baseline,0.863,1.0,0.863,1.0,2.91,1.3804959837172369e-16,drift,delta_baseline,0,0.0
bcsstk18,11948,149090,8,0.0,20,False,400,256,0.008667,0.025622,0.009987,0.009335,0.928,0.928,,0.008667,delta_baseline,0.868,1.0,0.868,1.0,2.956,2.057824038214574e-16,drift,delta_baseline,0,0.0
bcsstk18,11948,149090,8,0.0,21,False,400,256,0.009152,0.025399,0.01046,0.009795,0.934,0.934,,0.009152,delta_baseline,0.875,1.0,0.875,1.0,2.775,3.703333649681202e-16,drift,delta_baseline,0,0.0
bcsstk18,11948,149090,8,0.002,17,False,400,256,0.248798,0.052517,0.063584,0.054495,4.566,0.964,9,0.052517,hst,3.913,4.737,0.826,4.737,1.0,8.625236741385534e-17,drift,hst,1,1.835
bcsstk18,11948,149090,8,0.002,18,False,400,256,0.229112,0.043762,0.056881,0.046127,4.967,0.949,7,0.043762,hst,4.028,5.235,0.769,5.235,1.0,1.7955529896133775e-16,drift,hst,1,1.35
bcsstk18,11948,149090,8,0.002,19,False,400,256,0.195171,0.052575,0.083235,0.060231,3.24,0.873,27,0.052575,hst,2.345,3.712,0.632,3.712,1.0,1.3804959837172369e-16,drift,hst,1,3.633
bcsstk18,11948,149090,8,0.002,20,False,400,256,0.204154,0.054201,0.091194,0.068922,2.962,0.786,66,0.054201,hst,2.239,3.767,0.594,3.767,1.0,2.057824038214574e-16,drift,hst,1,8.87
bcsstk18,11948,149090,8,0.002,21,False,400,256,0.224831,0.047577,0.055179,0.049806,4.514,0.955,3,0.047577,hst,4.075,4.726,0.862,4.726,1.0,3.703333649681202e-16,drift,hst,1,0.61
bcsstk18,11948,149090,8,0.01,17,False,400,256,0.266316,0.082484,0.119196,0.09127,2.918,0.904,27,0.082484,hst,2.234,3.229,0.692,3.229,1.0,8.625236741385534e-17,drift,hst,1,4.789
bcsstk18,11948,149090,8,0.01,18,False,400,256,0.236779,0.069839,0.106599,0.078178,3.029,0.893,29,0.069839,hst,2.221,3.39,0.655,3.39,1.0,1.7955529896133775e-16,drift,hst,1,4.57
bcsstk18,11948,149090,8,0.01,19,False,400,256,0.204108,0.080924,0.114535,0.089752,2.274,0.902,42,0.080924,hst,1.782,2.522,0.707,2.522,1.0,1.3804959837172369e-16,drift,hst,1,4.785
bcsstk18,11948,149090,8,0.01,20,False,400,256,0.221442,0.091951,0.124758,0.102118,2.168,0.9,35,0.091951,hst,1.775,2.408,0.737,2.408,1.0,2.057824038214574e-16,drift,hst,1,4.222
bcsstk18,11948,149090,8,0.01,21,False,400,256,0.233294,0.069292,0.10449,0.07827,2.981,0.885,28,0.069292,hst,2.233,3.367,0.663,3.367,1.0,3.703333649681202e-16,drift,hst,1,4.389
bcsstk18,11948,149090,8,0.05,17,False,400,256,0.283744,0.12609,0.165728,0.137591,2.062,0.916,41,0.12609,hst,1.712,2.25,0.761,2.25,1.0,8.625236741385534e-17,drift,hst,1,6.0
bcsstk18,11948,149090,8,0.05,18,False,400,256,0.271502,0.128197,0.167214,0.140012,1.939,0.916,43,0.128197,hst,1.624,2.118,0.767,2.118,1.0,1.7955529896133775e-16,drift,hst,1,5.678
bcsstk18,11948,149090,8,0.05,19,False,400,256,0.256255,0.128971,0.163257,0.138548,1.85,0.931,49,0.128971,hst,1.57,1.987,0.79,1.987,1.0,1.3804959837172369e-16,drift,hst,1,5.786
bcsstk18,11948,149090,8,0.05,20,False,400,256,0.270634,0.133351,0.170414,0.145652,1.858,0.916,48,0.133351,hst,1.588,2.029,0.783,2.029,1.0,2.057824038214574e-16,drift,hst,1,6.031
bcsstk18,11948,149090,8,0.05,21,False,400,256,0.24624,0.116403,0.151983,0.126006,1.954,0.924,44,0.116403,hst,1.62,2.115,0.766,2.115,1.0,3.703333649681202e-16,drift,hst,1,5.311
bcsstk18,11948,149090,8,0.25,17,False,400,256,0.287456,0.138893,0.179833,0.149163,1.927,0.931,48,0.138893,hst,1.598,2.07,0.772,2.07,1.0,8.625236741385534e-17,drift,hst,1,6.632
bcsstk18,11948,149090,8,0.25,18,False,400,256,0.288351,0.13781,0.178195,0.149096,1.934,0.924,44,0.13781,hst,1.618,2.092,0.773,2.092,1.0,1.7955529896133775e-16,drift,hst,1,6.069
bcsstk18,11948,149090,8,0.25,19,False,400,256,0.284686,0.14143,0.181374,0.152113,1.872,0.93,49,0.14143,hst,1.57,2.013,0.78,2.013,1.0,1.3804959837172369e-16,drift,hst,1,6.522
bcsstk18,11948,149090,8,0.25,20,False,400,256,0.281541,0.138193,0.17638,0.147588,1.908,0.936,49,0.138193,hst,1.596,2.037,0.783,2.037,1.0,2.057824038214574e-16,drift,hst,1,6.499
bcsstk18,11948,149090,8,0.25,21,False,400,256,0.274193,0.138234,0.176648,0.148758,1.843,0.929,49,0.138234,hst,1.552,1.984,0.783,1.984,1.0,3.703333649681202e-16,drift,hst,1,6.122
bcsstk25,15439,252241,8,0.0,17,False,400,256,0.011637,0.0286,0.012931,0.012145,0.958,0.958,,0.011637,delta_baseline,0.9,1.0,0.9,1.0,2.458,1.4310126622262146e-16,drift,delta_baseline,0,0.0
bcsstk25,15439,252241,8,0.0,18,False,400,256,0.011272,0.026694,0.012603,0.011828,0.953,0.953,,0.011272,delta_baseline,0.894,1.0,0.894,1.0,2.368,2.218697631478781e-16,drift,delta_baseline,0,0.0
bcsstk25,15439,252241,8,0.0,19,False,400,256,0.01036,0.033808,0.012063,0.01142,0.907,0.907,,0.01036,delta_baseline,0.859,1.0,0.859,1.0,3.263,9.427442670147338e-17,drift,delta_baseline,0,0.0
bcsstk25,15439,252241,8,0.0,20,False,400,256,0.011364,0.026104,0.012842,0.012024,0.945,0.945,,0.011364,delta_baseline,0.885,1.0,0.885,1.0,2.297,1.4798782495741104e-16,drift,delta_baseline,0,0.0
bcsstk25,15439,252241,8,0.0,21,False,400,256,0.010055,0.030728,0.011502,0.010799,0.931,0.931,,0.010055,delta_baseline,0.874,1.0,0.874,1.0,3.056,1.5323971434071406e-16,drift,delta_baseline,0,0.0
bcsstk25,15439,252241,8,0.002,17,False,400,256,0.269337,0.050501,0.058945,0.052789,5.102,0.957,3,0.050501,hst,4.569,5.333,0.857,5.333,1.0,1.4310126622262146e-16,drift,hst,1,0.695
bcsstk25,15439,252241,8,0.002,18,False,400,256,0.265346,0.04852,0.062512,0.051176,5.185,0.948,7,0.04852,hst,4.245,5.469,0.776,5.469,1.0,2.218697631478781e-16,drift,hst,1,1.493
bcsstk25,15439,252241,8,0.002,19,False,400,256,0.25897,0.066646,0.084375,0.07103,3.646,0.938,10,0.066646,hst,3.069,3.886,0.79,3.886,1.0,9.427442670147338e-17,drift,hst,1,1.969
bcsstk25,15439,252241,8,0.002,20,False,400,256,0.268131,0.047492,0.064658,0.050001,5.363,0.95,16,0.047492,hst,4.147,5.646,0.735,5.646,1.0,1.4798782495741104e-16,drift,hst,1,3.469
bcsstk25,15439,252241,8,0.002,21,False,400,256,0.233545,0.060608,0.094817,0.065764,3.551,0.922,28,0.060608,hst,2.463,3.853,0.639,3.853,1.0,1.5323971434071406e-16,drift,hst,1,4.73
bcsstk25,15439,252241,8,0.01,17,False,400,256,0.274325,0.073044,0.112589,0.080076,3.426,0.912,26,0.073044,hst,2.437,3.756,0.649,3.756,1.0,1.4310126622262146e-16,drift,hst,1,5.093
bcsstk25,15439,252241,8,0.01,18,False,400,256,0.279705,0.066928,0.078109,0.071556,3.909,0.935,5,0.066928,hst,3.581,4.179,0.857,4.179,1.0,2.218697631478781e-16,drift,hst,1,0.938
bcsstk25,15439,252241,8,0.01,19,False,400,256,0.259817,0.097756,0.135061,0.106719,2.435,0.916,34,0.097756,hst,1.924,2.658,0.724,2.658,1.0,9.427442670147338e-17,drift,hst,1,5.281
bcsstk25,15439,252241,8,0.01,20,False,400,256,0.269872,0.071541,0.099815,0.076697,3.519,0.933,34,0.071541,hst,2.704,3.772,0.717,3.772,1.0,1.4798782495741104e-16,drift,hst,1,6.591
bcsstk25,15439,252241,8,0.01,21,False,400,256,0.245509,0.086761,0.122984,0.095264,2.577,0.911,34,0.086761,hst,1.996,2.83,0.705,2.83,1.0,1.5323971434071406e-16,drift,hst,1,5.056
bcsstk25,15439,252241,8,0.05,17,False,400,256,0.272751,0.115889,0.155469,0.125011,2.182,0.927,40,0.115889,hst,1.754,2.354,0.745,2.354,1.0,1.4310126622262146e-16,drift,hst,1,5.93
bcsstk25,15439,252241,8,0.05,18,False,400,256,0.28309,0.117747,0.159131,0.127975,2.212,0.92,39,0.117747,hst,1.779,2.404,0.74,2.404,1.0,2.218697631478781e-16,drift,hst,1,6.101
bcsstk25,15439,252241,8,0.05,19,False,400,256,0.273631,0.128844,0.166821,0.137302,1.993,0.938,47,0.128844,hst,1.64,2.124,0.772,2.124,1.0,9.427442670147338e-17,drift,hst,1,6.388
bcsstk25,15439,252241,8,0.05,20,False,400,256,0.288432,0.118831,0.160518,0.130372,2.212,0.911,35,0.118831,hst,1.797,2.427,0.74,2.427,1.0,1.4798782495741104e-16,drift,hst,1,5.606
bcsstk25,15439,252241,8,0.05,21,False,400,256,0.267739,0.12835,0.166633,0.137946,1.941,0.93,48,0.12835,hst,1.607,2.086,0.77,2.086,1.0,1.5323971434071406e-16,drift,hst,1,6.181
bcsstk25,15439,252241,8,0.25,17,False,400,256,0.277232,0.129942,0.170721,0.139291,1.99,0.933,47,0.129942,hst,1.624,2.133,0.761,2.133,1.0,1.4310126622262146e-16,drift,hst,1,6.546
bcsstk25,15439,252241,8,0.25,18,False,400,256,0.285661,0.127544,0.169171,0.137279,2.081,0.929,43,0.127544,hst,1.689,2.24,0.754,2.24,1.0,2.218697631478781e-16,drift,hst,1,6.384
bcsstk25,15439,252241,8,0.25,19,False,400,256,0.287928,0.131483,0.171942,0.139001,2.071,0.946,46,0.131483,hst,1.675,2.19,0.765,2.19,1.0,9.427442670147338e-17,drift,hst,1,6.785
bcsstk25,15439,252241,8,0.25,20,False,400,256,0.291755,0.128586,0.171816,0.139526,2.091,0.922,43,0.128586,hst,1.698,2.269,0.748,2.269,1.0,1.4798782495741104e-16,drift,hst,1,6.532
bcsstk25,15439,252241,8,0.25,21,False,400,256,0.278985,0.134093,0.171901,0.141705,1.969,0.946,48,0.134093,hst,1.623,2.081,0.78,2.081,1.0,1.5323971434071406e-16,drift,hst,1,6.628
msc10848,10848,1229776,8,0.0,17,False,400,256,0.048383,0.084118,0.048956,0.045227,1.07,1.07,0,0.048383,delta_baseline,0.988,1.0,0.988,1.0,1.739,3.632031213502581e-16,drift,delta_baseline,0,0.0
msc10848,10848,1229776,8,0.0,18,False,400,256,0.053003,0.075306,0.054288,0.050081,1.058,1.058,0,0.053003,delta_baseline,0.976,1.0,0.976,1.0,1.421,6.160502327889403e-16,drift,delta_baseline,0,0.0
msc10848,10848,1229776,8,0.0,19,False,400,256,0.051465,0.083111,0.053228,0.049279,1.044,1.044,0,0.051465,delta_baseline,0.967,1.0,0.967,1.0,1.615,4.460432847857754e-16,drift,delta_baseline,0,0.0
msc10848,10848,1229776,8,0.0,20,False,400,256,0.051614,0.085047,0.053057,0.049028,1.053,1.053,0,0.051614,delta_baseline,0.973,1.0,0.973,1.0,1.648,3.2856469467467963e-16,drift,delta_baseline,0,0.0
msc10848,10848,1229776,8,0.0,21,False,400,256,0.048134,0.086865,0.049215,0.04531,1.062,1.062,0,0.048134,delta_baseline,0.978,1.0,0.978,1.0,1.805,5.305500907434564e-16,drift,delta_baseline,0,0.0
msc10848,10848,1229776,8,0.002,17,False,400,256,1.328699,0.129718,0.162239,0.134265,9.896,0.966,1,0.129718,hst,8.19,10.243,0.8,10.243,1.0,3.632031213502581e-16,drift,hst,1,1.33
msc10848,10848,1229776,8,0.002,18,False,400,256,1.321923,0.121351,0.155643,0.124769,10.595,0.973,1,0.121351,hst,8.493,10.893,0.78,10.893,1.0,6.160502327889403e-16,drift,hst,1,1.344
msc10848,10848,1229776,8,0.002,19,False,400,256,1.4228,0.123185,0.151531,0.125979,11.294,0.978,1,0.123185,hst,9.39,11.55,0.813,11.55,1.0,4.460432847857754e-16,drift,hst,1,1.319
msc10848,10848,1229776,8,0.002,20,False,400,256,1.361724,0.131257,0.166514,0.136248,9.994,0.963,1,0.131257,hst,8.178,10.374,0.788,10.374,1.0,3.2856469467467963e-16,drift,hst,1,1.413
msc10848,10848,1229776,8,0.002,21,False,400,256,1.302931,0.122298,0.154382,0.126143,10.329,0.97,1,0.122298,hst,8.44,10.654,0.792,10.654,1.0,5.305500907434564e-16,drift,hst,1,1.318
msc10848,10848,1229776,8,0.01,17,False,400,256,1.394725,0.146152,0.178281,0.151171,9.226,0.967,1,0.146152,hst,7.823,9.543,0.82,9.543,1.0,3.632031213502581e-16,drift,hst,1,1.344
msc10848,10848,1229776,8,0.01,18,False,400,256,1.289428,0.146467,0.18244,0.153306,8.411,0.955,1,0.146467,hst,7.068,8.804,0.803,8.804,1.0,6.160502327889403e-16,drift,hst,1,1.411
msc10848,10848,1229776,8,0.01,19,False,400,256,1.408954,0.142158,0.17826,0.148137,9.511,0.96,1,0.142158,hst,7.904,9.911,0.797,9.911,1.0,4.460432847857754e-16,drift,hst,1,1.414
msc10848,10848,1229776,8,0.01,20,False,400,256,1.31351,0.145551,0.179336,0.150563,8.724,0.967,1,0.145551,hst,7.324,9.024,0.812,9.024,1.0,3.2856469467467963e-16,drift,hst,1,1.363
msc10848,10848,1229776,8,0.01,21,False,400,256,1.252189,0.129643,0.162162,0.134351,9.32,0.965,1,0.129643,hst,7.722,9.659,0.799,9.659,1.0,5.305500907434564e-16,drift,hst,1,1.397
msc10848,10848,1229776,8,0.05,17,False,400,256,1.364424,0.184326,0.213342,0.18764,7.272,0.982,1,0.184326,hst,6.395,7.402,0.864,7.402,1.0,3.632031213502581e-16,drift,hst,1,1.497
msc10848,10848,1229776,8,0.05,18,False,400,256,1.303178,0.175219,0.20718,0.178837,7.287,0.98,1,0.175219,hst,6.29,7.437,0.846,7.437,1.0,6.160502327889403e-16,drift,hst,1,1.404
msc10848,10848,1229776,8,0.05,19,False,400,256,1.301013,0.162444,0.19521,0.164709,7.899,0.986,1,0.162444,hst,6.665,8.009,0.832,8.009,1.0,4.460432847857754e-16,drift,hst,1,1.509
msc10848,10848,1229776,8,0.05,20,False,400,256,1.328427,0.192726,0.224554,0.197467,6.727,0.976,1,0.192726,hst,5.916,6.893,0.858,6.893,1.0,3.2856469467467963e-16,drift,hst,1,1.47
msc10848,10848,1229776,8,0.05,21,False,400,256,1.295598,0.17559,0.205944,0.177519,7.298,0.989,1,0.17559,hst,6.291,7.379,0.853,7.379,1.0,5.305500907434564e-16,drift,hst,1,1.521
msc10848,10848,1229776,8,0.25,17,False,400,256,1.420756,0.191669,0.222365,0.191322,7.426,1.002,1,0.191669,hst,6.389,7.413,0.862,7.413,1.0,3.632031213502581e-16,drift,hst,1,1.567
msc10848,10848,1229776,8,0.25,18,False,400,256,1.429521,0.184038,0.218125,0.186119,7.681,0.989,1,0.184038,hst,6.554,7.768,0.844,7.768,1.0,6.160502327889403e-16,drift,hst,1,1.579
msc10848,10848,1229776,8,0.25,19,False,400,256,1.438575,0.181942,0.218135,0.18543,7.758,0.981,1,0.181942,hst,6.595,7.907,0.834,7.907,1.0,4.460432847857754e-16,drift,hst,1,1.704
msc10848,10848,1229776,8,0.25,20,False,400,256,1.491169,0.208778,0.238156,0.209186,7.128,0.998,1,0.208778,hst,6.261,7.142,0.877,7.142,1.0,3.2856469467467963e-16,drift,hst,1,1.61
msc10848,10848,1229776,8,0.25,21,False,400,256,1.461059,0.200116,0.231927,0.202604,7.211,0.988,1,0.200116,hst,6.3,7.301,0.863,7.301,1.0,5.305500907434564e-16,drift,hst,1,1.618
nasa2910,2910,174296,8,0.0,17,False,400,256,0.028726,0.046393,0.02844,0.026244,1.095,1.095,0,0.028726,delta_baseline,1.01,1.0,1.01,1.0,1.615,2.8038709295888876e-16,drift,delta_baseline,0,0.0
nasa2910,2910,174296,8,0.0,18,False,400,256,0.025737,0.038616,0.026997,0.025031,1.028,1.028,0,0.025737,delta_baseline,0.953,1.0,0.953,1.0,1.5,3.799423773445064e-16,drift,delta_baseline,0,0.0
nasa2910,2910,174296,8,0.0,19,False,400,256,0.028437,0.043645,0.029733,0.027442,1.036,1.036,0,0.028437,delta_baseline,0.956,1.0,0.956,1.0,1.535,3.9854920332226225e-16,drift,delta_baseline,0,0.0
nasa2910,2910,174296,8,0.0,20,False,400,256,0.02576,0.038305,0.027001,0.025057,1.028,1.028,0,0.02576,delta_baseline,0.954,1.0,0.954,1.0,1.487,3.799423773445064e-16,drift,delta_baseline,0,0.0
nasa2910,2910,174296,8,0.0,21,False,400,256,0.02538,0.040454,0.026502,0.024498,1.036,1.036,0,0.02538,delta_baseline,0.958,1.0,0.958,1.0,1.594,3.170894107257953e-16,drift,delta_baseline,0,0.0
nasa2910,2910,174296,8,0.002,17,False,400,256,0.868954,0.068446,0.096397,0.07057,12.313,0.97,6,0.068446,hst,9.014,12.695,0.71,12.695,1.0,2.8038709295888876e-16,drift,hst,1,4.516
nasa2910,2910,174296,8,0.002,18,False,400,256,0.852674,0.062123,0.078405,0.066585,12.806,0.933,1,0.062123,hst,10.875,13.726,0.792,13.726,1.0,3.799423773445064e-16,drift,hst,1,0.644
nasa2910,2910,174296,8,0.002,19,False,400,256,0.86515,0.060928,0.080069,0.063675,13.587,0.957,1,0.060928,hst,10.805,14.2,0.761,14.2,1.0,3.9854920332226225e-16,drift,hst,1,0.792
nasa2910,2910,174296,8,0.002,20,False,400,256,0.855424,0.055741,0.074602,0.060014,14.254,0.929,1,0.055741,hst,11.466,15.346,0.747,15.346,1.0,3.799423773445064e-16,drift,hst,1,0.706
nasa2910,2910,174296,8,0.002,21,False,400,256,0.714513,0.047319,0.088332,0.075646,9.446,0.626,15,0.047319,hst,8.089,15.1,0.536,15.1,1.0,3.170894107257953e-16,drift,hst,1,9.467
nasa2910,2910,174296,8,0.01,17,False,400,256,0.865435,0.078504,0.100176,0.08519,10.159,0.922,1,0.078504,hst,8.639,11.024,0.784,11.024,1.0,2.8038709295888876e-16,drift,hst,1,0.776
nasa2910,2910,174296,8,0.01,18,False,400,256,0.86906,0.072234,0.102951,0.080428,10.805,0.898,5,0.072234,hst,8.442,12.031,0.702,12.031,1.0,3.799423773445064e-16,drift,hst,1,4.178
nasa2910,2910,174296,8,0.01,19,False,400,256,0.771435,0.062484,0.083532,0.066376,11.622,0.941,1,0.062484,hst,9.235,12.346,0.748,12.346,1.0,3.9854920332226225e-16,drift,hst,1,0.756
nasa2910,2910,174296,8,0.01,20,False,400,256,0.913814,0.081131,0.101882,0.088796,10.291,0.914,1,0.081131,hst,8.969,11.263,0.796,11.263,1.0,3.799423773445064e-16,drift,hst,1,0.672
nasa2910,2910,174296,8,0.01,21,False,400,256,0.746969,0.050499,0.086636,0.064208,11.634,0.786,11,0.050499,hst,8.622,14.792,0.583,14.792,1.0,3.170894107257953e-16,drift,hst,1,7.51
nasa2910,2910,174296,8,0.05,17,False,400,256,0.79229,0.100865,0.121578,0.105504,7.51,0.956,1,0.100865,hst,6.517,7.855,0.83,7.855,1.0,2.8038709295888876e-16,drift,hst,1,0.856
nasa2910,2910,174296,8,0.05,18,False,400,256,0.818568,0.104734,0.122101,0.109765,7.457,0.954,1,0.104734,hst,6.704,7.816,0.858,7.816,1.0,3.799423773445064e-16,drift,hst,1,0.74
nasa2910,2910,174296,8,0.05,19,False,400,256,0.715149,0.079183,0.10458,0.088431,8.087,0.895,1,0.079183,hst,6.838,9.032,0.757,9.032,1.0,3.9854920332226225e-16,drift,hst,1,0.753
nasa2910,2910,174296,8,0.05,20,False,400,256,0.799831,0.102011,0.119948,0.107969,7.408,0.945,1,0.102011,hst,6.668,7.841,0.85,7.841,1.0,3.799423773445064e-16,drift,hst,1,0.722
nasa2910,2910,174296,8,0.05,21,False,400,256,0.752146,0.080506,0.099392,0.085159,8.832,0.945,1,0.080506,hst,7.568,9.343,0.81,9.343,1.0,3.170894107257953e-16,drift,hst,1,0.7
nasa2910,2910,174296,8,0.25,17,False,400,256,0.855466,0.111253,0.131107,0.114311,7.484,0.973,1,0.111253,hst,6.525,7.689,0.849,7.689,1.0,2.8038709295888876e-16,drift,hst,1,0.929
nasa2910,2910,174296,8,0.25,18,False,400,256,0.822367,0.103842,0.122514,0.107164,7.674,0.969,1,0.103842,hst,6.712,7.919,0.848,7.919,1.0,3.799423773445064e-16,drift,hst,1,0.803
nasa2910,2910,174296,8,0.25,19,False,400,256,0.823905,0.101173,0.121789,0.106165,7.761,0.953,1,0.101173,hst,6.765,8.144,0.831,8.144,1.0,3.9854920332226225e-16,drift,hst,1,0.882
nasa2910,2910,174296,8,0.25,20,False,400,256,0.831205,0.105354,0.1229,0.107346,7.743,0.981,1,0.105354,hst,6.763,7.89,0.857,7.89,1.0,3.799423773445064e-16,drift,hst,1,0.791
nasa2910,2910,174296,8,0.25,21,False,400,256,0.833689,0.102843,0.123764,0.108494,7.684,0.948,1,0.102843,hst,6.736,8.106,0.831,8.106,1.0,3.170894107257953e-16,drift,hst,1,0.838
s3rmt3m3,5357,207123,8,0.0,17,False,400,256,0.017587,0.029734,0.018887,0.017561,1.002,1.002,0,0.017587,delta_baseline,0.931,1.0,0.931,1.0,1.691,4.0558810500666957e-16,drift,delta_baseline,0,0.0
s3rmt3m3,5357,207123,8,0.0,18,False,400,256,0.016047,0.027675,0.017595,0.016282,0.986,0.986,,0.016047,delta_baseline,0.912,1.0,0.912,1.0,1.725,4.602754019127631e-16,drift,delta_baseline,0,0.0
s3rmt3m3,5357,207123,8,0.0,19,False,400,256,0.017721,0.027558,0.019139,0.017705,1.001,1.001,0,0.017721,delta_baseline,0.926,1.0,0.926,1.0,1.555,3.6103403035014226e-16,drift,delta_baseline,0,0.0
s3rmt3m3,5357,207123,8,0.0,20,False,400,256,0.016117,0.02785,0.01745,0.016167,0.997,0.997,,0.016117,delta_baseline,0.924,1.0,0.924,1.0,1.728,3.8491695538458903e-16,drift,delta_baseline,0,0.0
s3rmt3m3,5357,207123,8,0.0,21,False,400,256,0.016226,0.026247,0.017664,0.016409,0.989,0.989,,0.016226,delta_baseline,0.919,1.0,0.919,1.0,1.618,4.3170597187208097e-16,drift,delta_baseline,0,0.0
s3rmt3m3,5357,207123,8,0.002,17,False,400,256,0.474233,0.045705,0.057785,0.048267,9.825,0.947,1,0.045705,hst,8.207,10.376,0.791,10.376,1.0,4.0558810500666957e-16,drift,hst,1,0.583
s3rmt3m3,5357,207123,8,0.002,18,False,400,256,0.428289,0.036619,0.06274,0.051203,8.364,0.715,18,0.036619,hst,6.826,11.696,0.584,11.696,1.0,4.602754019127631e-16,drift,hst,1,6.807
s3rmt3m3,5357,207123,8,0.002,19,False,400,256,0.47828,0.041524,0.052404,0.044118,10.841,0.941,1,0.041524,hst,9.127,11.518,0.792,11.518,1.0,3.6103403035014226e-16,drift,hst,1,0.599
s3rmt3m3,5357,207123,8,0.002,20,False,400,256,0.410481,0.033458,0.061506,0.04764,8.616,0.702,19,0.033458,hst,6.674,12.269,0.544,12.269,1.0,3.8491695538458903e-16,drift,hst,1,6.795
s3rmt3m3,5357,207123,8,0.002,21,False,400,256,0.419822,0.034794,0.059707,0.046095,9.108,0.755,18,0.034794,hst,7.031,12.066,0.583,12.066,1.0,4.3170597187208097e-16,drift,hst,1,6.755
s3rmt3m3,5357,207123,8,0.01,17,False,400,256,0.480214,0.056817,0.070586,0.061487,7.81,0.924,1,0.056817,hst,6.803,8.452,0.805,8.452,1.0,4.0558810500666957e-16,drift,hst,1,0.608
s3rmt3m3,5357,207123,8,0.01,18,False,400,256,0.440587,0.041407,0.052958,0.043403,10.151,0.954,1,0.041407,hst,8.319,10.64,0.782,10.64,1.0,4.602754019127631e-16,drift,hst,1,0.582
s3rmt3m3,5357,207123,8,0.01,19,False,400,256,0.50211,0.059113,0.072519,0.064227,7.818,0.92,1,0.059113,hst,6.924,8.494,0.815,8.494,1.0,3.6103403035014226e-16,drift,hst,1,0.574
s3rmt3m3,5357,207123,8,0.01,20,False,400,256,0.433471,0.043625,0.072154,0.059003,7.347,0.739,18,0.043625,hst,6.008,9.936,0.605,9.936,1.0,3.8491695538458903e-16,drift,hst,1,6.773
s3rmt3m3,5357,207123,8,0.01,21,False,400,256,0.443297,0.04143,0.052717,0.043703,10.143,0.948,1,0.04143,hst,8.409,10.7,0.786,10.7,1.0,4.3170597187208097e-16,drift,hst,1,0.544
s3rmt3m3,5357,207123,8,0.05,17,False,400,256,0.482271,0.083948,0.10015,0.091517,5.27,0.917,2,0.083948,hst,4.816,5.745,0.838,5.745,1.0,4.0558810500666957e-16,drift,hst,1,0.672
s3rmt3m3,5357,207123,8,0.05,18,False,400,256,0.474269,0.079583,0.093109,0.086094,5.509,0.924,2,0.079583,hst,5.094,5.959,0.855,5.959,1.0,4.602754019127631e-16,drift,hst,1,0.598
s3rmt3m3,5357,207123,8,0.05,19,False,400,256,0.494112,0.08317,0.095794,0.087452,5.65,0.951,1,0.08317,hst,5.158,5.941,0.868,5.941,1.0,3.6103403035014226e-16,drift,hst,1,0.604
s3rmt3m3,5357,207123,8,0.05,20,False,400,256,0.453665,0.073841,0.086786,0.079349,5.717,0.931,2,0.073841,hst,5.227,6.144,0.851,6.144,1.0,3.8491695538458903e-16,drift,hst,1,0.572
s3rmt3m3,5357,207123,8,0.05,21,False,400,256,0.467793,0.076467,0.090106,0.083552,5.599,0.915,1,0.076467,hst,5.192,6.118,0.849,6.118,1.0,4.3170597187208097e-16,drift,hst,1,0.546
s3rmt3m3,5357,207123,8,0.25,17,False,400,256,0.481272,0.088639,0.102937,0.092998,5.175,0.953,2,0.088639,hst,4.675,5.43,0.861,5.43,1.0,4.0558810500666957e-16,drift,hst,1,0.699
s3rmt3m3,5357,207123,8,0.25,18,False,400,256,0.480404,0.088104,0.10104,0.092704,5.182,0.95,2,0.088104,hst,4.755,5.453,0.872,5.453,1.0,4.602754019127631e-16,drift,hst,1,0.637
s3rmt3m3,5357,207123,8,0.25,19,False,400,256,0.480776,0.089378,0.102548,0.092987,5.17,0.961,2,0.089378,hst,4.688,5.379,0.872,5.379,1.0,3.6103403035014226e-16,drift,hst,1,0.681
s3rmt3m3,5357,207123,8,0.25,20,False,400,256,0.468488,0.088983,0.100708,0.091948,5.095,0.968,2,0.088983,hst,4.652,5.265,0.884,5.265,1.0,3.8491695538458903e-16,drift,hst,1,0.684
s3rmt3m3,5357,207123,8,0.25,21,False,400,256,0.482459,0.086168,0.100376,0.091689,5.262,0.94,2,0.086168,hst,4.807,5.599,0.858,5.599,1.0,4.3170597187208097e-16,drift,hst,1,0.647
olafu,16146,1015156,8,0.0,17,False,400,256,0.037788,0.075837,0.043415,0.041062,0.92,0.92,,0.037788,delta_baseline,0.87,1.0,0.87,1.0,2.007,5.582074938205133e-16,drift,delta_baseline,0,0.0
olafu,16146,1015156,8,0.0,18,False,400,256,0.033586,0.064046,0.040106,0.038194,0.879,0.879,,0.033586,delta_baseline,0.837,1.0,0.837,1.0,1.907,6.4036469396236e-16,drift,delta_baseline,0,0.0
olafu,16146,1015156,8,0.0,19,False,400,256,0.035722,0.077694,0.02487,0.023077,1.548,1.548,0,0.035722,delta_baseline,1.436,1.0,1.436,1.0,2.175,4.864534386882603e-16,drift,delta_baseline,0,0.0
olafu,16146,1015156,8,0.0,20,False,400,256,0.025846,0.043007,0.026931,0.025052,1.032,1.032,0,0.025846,delta_baseline,0.96,1.0,0.96,1.0,1.664,8.4320949564375e-16,drift,delta_baseline,0,0.0
olafu,16146,1015156,8,0.0,21,False,400,256,0.029332,0.040724,0.030726,0.028483,1.03,1.03,0,0.029332,delta_baseline,0.955,1.0,0.955,1.0,1.388,5.998259265642777e-16,drift,delta_baseline,0,0.0
olafu,16146,1015156,8,0.002,17,False,400,256,0.672881,0.084178,0.099778,0.085057,7.911,0.99,2,0.084178,hst,6.744,7.994,0.844,7.994,1.0,5.582074938205133e-16,drift,hst,1,1.043
olafu,16146,1015156,8,0.002,18,False,400,256,0.584396,0.075592,0.088951,0.077731,7.518,0.972,2,0.075592,hst,6.57,7.731,0.85,7.731,1.0,6.4036469396236e-16,drift,hst,1,0.888
olafu,16146,1015156,8,0.002,19,False,400,256,0.651801,0.094962,0.107405,0.095885,6.798,0.99,2,0.094962,hst,6.069,6.864,0.884,6.864,1.0,4.864534386882603e-16,drift,hst,1,1.21
olafu,16146,1015156,8,0.002,20,False,400,256,0.752136,0.079236,0.11364,0.091805,8.193,0.863,12,0.079236,hst,6.619,9.492,0.697,9.492,1.0,8.4320949564375e-16,drift,hst,1,7.825
olafu,16146,1015156,8,0.002,21,False,400,256,0.806972,0.064992,0.083131,0.065307,12.357,0.995,1,0.064992,hst,9.707,12.416,0.782,12.416,1.0,5.998259265642777e-16,drift,hst,1,0.945
olafu,16146,1015156,8,0.01,17,False,400,256,0.746789,0.1021,0.118452,0.104752,7.129,0.975,2,0.1021,hst,6.305,7.314,0.862,7.314,1.0,5.582074938205133e-16,drift,hst,1,1.014
olafu,16146,1015156,8,0.01,18,False,400,256,0.633069,0.088174,0.104092,0.092821,6.82,0.95,2,0.088174,hst,6.082,7.18,0.847,7.18,1.0,6.4036469396236e-16,drift,hst,1,0.885
olafu,16146,1015156,8,0.01,19,False,400,256,0.639667,0.114891,0.130556,0.118581,5.394,0.969,2,0.114891,hst,4.9,5.568,0.88,5.568,1.0,4.864534386882603e-16,drift,hst,1,1.137
olafu,16146,1015156,8,0.01,20,False,400,256,0.750904,0.113974,0.131362,0.118839,6.319,0.959,2,0.113974,hst,5.716,6.588,0.868,6.588,1.0,8.4320949564375e-16,drift,hst,1,1.026
olafu,16146,1015156,8,0.01,21,False,400,256,0.8023,0.06744,0.097663,0.071384,11.239,0.945,7,0.06744,hst,8.215,11.897,0.691,11.897,1.0,5.998259265642777e-16,drift,hst,1,4.799
olafu,16146,1015156,8,0.05,17,False,400,256,0.798367,0.161193,0.178421,0.166636,4.791,0.967,2,0.161193,hst,4.475,4.953,0.903,4.953,1.0,5.582074938205133e-16,drift,hst,1,1.07
olafu,16146,1015156,8,0.05,18,False,400,256,0.660964,0.148901,0.170741,0.154839,4.269,0.962,7,0.148901,hst,3.871,4.439,0.872,4.439,1.0,6.4036469396236e-16,drift,hst,1,3.669
olafu,16146,1015156,8,0.05,19,False,400,256,0.749729,0.155175,0.173686,0.162094,4.625,0.957,2,0.155175,hst,4.317,4.831,0.893,4.831,1.0,4.864534386882603e-16,drift,hst,1,1.23
olafu,16146,1015156,8,0.05,20,False,400,256,0.779026,0.152018,0.169396,0.158692,4.909,0.958,2,0.152018,hst,4.599,5.125,0.897,5.125,1.0,8.4320949564375e-16,drift,hst,1,1.026
olafu,16146,1015156,8,0.05,21,False,400,256,0.789558,0.097235,0.118111,0.100477,7.858,0.968,2,0.097235,hst,6.685,8.12,0.823,8.12,1.0,5.998259265642777e-16,drift,hst,1,1.067
olafu,16146,1015156,8,0.25,17,False,400,256,0.835112,0.161899,0.178972,0.165543,5.045,0.978,2,0.161899,hst,4.666,5.158,0.905,5.158,1.0,5.582074938205133e-16,drift,hst,1,1.216
olafu,16146,1015156,8,0.25,18,False,400,256,0.835826,0.159739,0.178404,0.166604,5.017,0.959,2,0.159739,hst,4.685,5.232,0.895,5.232,1.0,6.4036469396236e-16,drift,hst,1,1.151
olafu,16146,1015156,8,0.25,19,False,400,256,0.838532,0.150672,0.168858,0.155093,5.407,0.971,2,0.150672,hst,4.966,5.565,0.892,5.565,1.0,4.864534386882603e-16,drift,hst,1,1.208
olafu,16146,1015156,8,0.25,20,False,400,256,0.813646,0.152884,0.173752,0.160037,5.084,0.955,2,0.152884,hst,4.683,5.322,0.88,5.322,1.0,8.4320949564375e-16,drift,hst,1,1.105
olafu,16146,1015156,8,0.25,21,False,400,256,0.844669,0.148565,0.171976,0.155346,5.437,0.956,2,0.148565,hst,4.912,5.686,0.864,5.686,1.0,5.998259265642777e-16,drift,hst,1,1.19
raefsky3,21200,1488768,8,0.0,17,False,400,256,0.029112,0.036841,0.030392,0.028282,1.029,1.029,0,0.029112,delta_baseline,0.958,1.0,0.958,1.0,1.265,4.21040283801125e-16,drift,delta_baseline,0,0.0
raefsky3,21200,1488768,8,0.0,18,False,400,256,0.028922,0.036625,0.030311,0.028217,1.025,1.025,0,0.028922,delta_baseline,0.954,1.0,0.954,1.0,1.266,3.542741100665178e-16,drift,delta_baseline,0,0.0
raefsky3,21200,1488768,8,0.0,19,False,400,256,0.029157,0.036176,0.031019,0.028859,1.01,1.01,0,0.029157,delta_baseline,0.94,1.0,0.94,1.0,1.241,2.936613481310225e-16,drift,delta_baseline,0,0.0
raefsky3,21200,1488768,8,0.0,20,False,400,256,0.028967,0.036272,0.030621,0.028525,1.015,1.015,0,0.028967,delta_baseline,0.946,1.0,0.946,1.0,1.252,4.654934124763125e-16,drift,delta_baseline,0,0.0
raefsky3,21200,1488768,8,0.0,21,False,400,256,0.029299,0.036817,0.031818,0.02966,0.988,0.988,,0.029299,delta_baseline,0.921,1.0,0.921,1.0,1.257,3.205001438329397e-16,drift,delta_baseline,0,0.0
raefsky3,21200,1488768,8,0.002,17,False,400,256,0.797695,0.064018,0.09192,0.064866,12.298,0.987,6,0.064018,hst,8.678,12.46,0.696,12.46,1.0,4.21040283801125e-16,drift,hst,1,4.724
raefsky3,21200,1488768,8,0.002,18,False,400,256,0.804361,0.064021,0.082807,0.066549,12.087,0.962,1,0.064021,hst,9.714,12.564,0.773,12.564,1.0,3.542741100665178e-16,drift,hst,1,1.098
raefsky3,21200,1488768,8,0.002,19,False,400,256,0.802275,0.066394,0.084855,0.068442,11.722,0.97,1,0.066394,hst,9.455,12.084,0.782,12.084,1.0,2.936613481310225e-16,drift,hst,1,1.089
raefsky3,21200,1488768,8,0.002,20,False,400,256,0.780787,0.063145,0.080946,0.064987,12.015,0.972,1,0.063145,hst,9.646,12.365,0.78,12.365,1.0,4.654934124763125e-16,drift,hst,1,0.946
raefsky3,21200,1488768,8,0.002,21,False,400,256,0.804352,0.069192,0.087855,0.07057,11.398,0.98,1,0.069192,hst,9.155,11.625,0.788,11.625,1.0,3.205001438329397e-16,drift,hst,1,0.973
raefsky3,21200,1488768,8,0.01,17,False,400,256,0.827796,0.080096,0.099185,0.082201,10.07,0.974,2,0.080096,hst,8.346,10.335,0.808,10.335,1.0,4.21040283801125e-16,drift,hst,1,1.151
raefsky3,21200,1488768,8,0.01,18,False,400,256,0.827742,0.087505,0.125215,0.090256,9.171,0.97,12,0.087505,hst,6.611,9.459,0.699,9.459,1.0,3.542741100665178e-16,drift,hst,1,8.547
raefsky3,21200,1488768,8,0.01,19,False,400,256,0.829292,0.089579,0.10819,0.093294,8.889,0.96,1,0.089579,hst,7.665,9.258,0.828,9.258,1.0,2.936613481310225e-16,drift,hst,1,1.02
raefsky3,21200,1488768,8,0.01,20,False,400,256,0.829419,0.090964,0.110903,0.095302,8.703,0.954,1,0.090964,hst,7.479,9.118,0.82,9.118,1.0,4.654934124763125e-16,drift,hst,1,1.09
raefsky3,21200,1488768,8,0.01,21,False,400,256,0.82801,0.083101,0.102247,0.086215,9.604,0.964,2,0.083101,hst,8.098,9.964,0.813,9.964,1.0,3.205001438329397e-16,drift,hst,1,1.121
raefsky3,21200,1488768,8,0.05,17,False,400,256,0.830431,0.12389,0.144237,0.12961,6.407,0.956,1,0.12389,hst,5.757,6.703,0.859,6.703,1.0,4.21040283801125e-16,drift,hst,1,1.013
raefsky3,21200,1488768,8,0.05,18,False,400,256,0.832044,0.130303,0.148653,0.135605,6.136,0.961,2,0.130303,hst,5.597,6.385,0.877,6.385,1.0,3.542741100665178e-16,drift,hst,1,1.16
raefsky3,21200,1488768,8,0.05,19,False,400,256,0.823666,0.129812,0.150596,0.137938,5.971,0.941,1,0.129812,hst,5.469,6.345,0.862,6.345,1.0,2.936613481310225e-16,drift,hst,1,0.973
raefsky3,21200,1488768,8,0.05,20,False,400,256,0.837043,0.132156,0.152491,0.140605,5.953,0.94,2,0.132156,hst,5.489,6.334,0.867,6.334,1.0,4.654934124763125e-16,drift,hst,1,1.147
raefsky3,21200,1488768,8,0.05,21,False,400,256,0.815811,0.119566,0.139619,0.124446,6.556,0.961,2,0.119566,hst,5.843,6.823,0.856,6.823,1.0,3.205001438329397e-16,drift,hst,1,1.115
raefsky3,21200,1488768,8,0.25,17,False,400,256,0.828613,0.148282,0.166779,0.151007,5.487,0.982,2,0.148282,hst,4.968,5.588,0.889,5.588,1.0,4.21040283801125e-16,drift,hst,1,1.277
raefsky3,21200,1488768,8,0.25,18,False,400,256,0.826353,0.146836,0.165925,0.151033,5.471,0.972,2,0.146836,hst,4.98,5.628,0.885,5.628,1.0,3.542741100665178e-16,drift,hst,1,1.166
raefsky3,21200,1488768,8,0.25,19,False,400,256,0.818549,0.142211,0.163198,0.146996,5.569,0.967,2,0.142211,hst,5.016,5.756,0.871,5.756,1.0,2.936613481310225e-16,drift,hst,1,1.215
raefsky3,21200,1488768,8,0.25,20,False,400,256,0.821793,0.145433,0.165744,0.150409,5.464,0.967,2,0.145433,hst,4.958,5.651,0.877,5.651,1.0,4.654934124763125e-16,drift,hst,1,1.181
raefsky3,21200,1488768,8,0.25,21,False,400,256,0.830423,0.144218,0.164289,0.148241,5.602,0.973,2,0.144218,hst,5.055,5.758,0.878,5.758,1.0,3.205001438329397e-16,drift,hst,1,1.203
wang3,26064,177168,8,0.0,17,False,400,256,0.008428,0.033792,0.010315,0.00992,0.85,0.85,,0.008428,delta_baseline,0.817,1.0,0.817,1.0,4.009,1.1305705384438466e-16,drift,delta_baseline,0,0.0
wang3,26064,177168,8,0.0,18,False,400,256,0.008223,0.031002,0.010086,0.009665,0.851,0.851,,0.008223,delta_baseline,0.815,1.0,0.815,1.0,3.77,2.415345571415648e-16,drift,delta_baseline,0,0.0
wang3,26064,177168,8,0.0,19,False,400,256,0.008348,0.029368,0.010155,0.009773,0.854,0.854,,0.008348,delta_baseline,0.822,1.0,0.822,1.0,3.518,1.1119305929315413e-16,drift,delta_baseline,0,0.0
wang3,26064,177168,8,0.0,20,False,400,256,0.008439,0.031671,0.010042,0.009652,0.874,0.874,,0.008439,delta_baseline,0.84,1.0,0.84,1.0,3.753,2.3978588170819393e-16,drift,delta_baseline,0,0.0
wang3,26064,177168,8,0.0,21,False,400,256,0.008532,0.032767,0.010363,0.010004,0.853,0.853,,0.008532,delta_baseline,0.823,1.0,0.823,1.0,3.84,1.1305705384438466e-16,drift,delta_baseline,0,0.0
wang3,26064,177168,8,0.002,17,False,400,256,0.109161,0.074085,0.098968,0.079104,1.38,0.937,174,0.074085,hst,1.103,1.473,0.749,1.473,1.0,1.1305705384438466e-16,drift,hst,1,5.222
wang3,26064,177168,8,0.002,18,False,400,256,0.108839,0.063444,0.089353,0.069807,1.559,0.909,128,0.063444,hst,1.218,1.716,0.71,1.716,1.0,2.415345571415648e-16,drift,hst,1,5.0
wang3,26064,177168,8,0.002,19,False,400,256,0.106295,0.058834,0.082733,0.065498,1.623,0.898,102,0.058834,hst,1.285,1.807,0.711,1.807,1.0,1.1119305929315413e-16,drift,hst,1,4.161
wang3,26064,177168,8,0.002,20,False,400,256,0.107989,0.069898,0.095232,0.077999,1.385,0.896,146,0.069898,hst,1.134,1.545,0.734,1.545,1.0,2.3978588170819393e-16,drift,hst,1,4.388
wang3,26064,177168,8,0.002,21,False,400,256,0.108843,0.071618,0.096129,0.076012,1.432,0.942,157,0.071618,hst,1.132,1.52,0.745,1.52,1.0,1.1305705384438466e-16,drift,hst,1,5.148
wang3,26064,177168,8,0.01,17,False,400,256,0.112869,0.120487,0.153853,0.133502,0.845,0.845,,0.112869,delta_baseline,0.734,1.0,0.734,1.0,1.067,1.1305705384438466e-16,drift,hst,1,6.877
wang3,26064,177168,8,0.01,18,False,400,256,0.112052,0.108113,0.13531,0.118301,0.947,0.914,,0.108113,hst,0.828,1.036,0.799,1.036,1.0,2.415345571415648e-16,drift,hst,1,5.371
wang3,26064,177168,8,0.01,19,False,400,256,0.109647,0.098073,0.122868,0.105984,1.035,0.925,1428,0.098073,hst,0.892,1.118,0.798,1.118,1.0,1.1119305929315413e-16,drift,hst,1,5.23
wang3,26064,177168,8,0.01,20,False,400,256,0.111586,0.113364,0.140061,0.122187,0.913,0.913,,0.111586,delta_baseline,0.797,1.0,0.797,1.0,1.016,2.3978588170819393e-16,drift,hst,1,5.996
wang3,26064,177168,8,0.01,21,False,400,256,0.112159,0.110766,0.137088,0.119341,0.94,0.928,,0.110766,hst,0.818,1.013,0.808,1.013,1.0,1.1305705384438466e-16,drift,hst,1,5.859
wang3,26064,177168,8,0.05,17,False,400,256,0.1142,0.147994,0.143326,0.121421,0.941,0.941,,0.1142,delta_baseline,0.797,1.0,0.797,1.0,1.296,1.1305705384438466e-16,drift,delta_baseline,0,7.357
wang3,26064,177168,8,0.05,18,False,400,256,0.114373,0.148228,0.1422,0.120953,0.946,0.946,,0.114373,delta_baseline,0.804,1.0,0.804,1.0,1.296,2.415345571415648e-16,drift,delta_baseline,0,7.158
wang3,26064,177168,8,0.05,19,False,400,256,0.112579,0.151399,0.141036,0.119397,0.943,0.943,,0.112579,delta_baseline,0.798,1.0,0.798,1.0,1.345,1.1119305929315413e-16,drift,delta_baseline,0,7.197
wang3,26064,177168,8,0.05,20,False,400,256,0.112641,0.151044,0.142871,0.121293,0.929,0.929,,0.112641,delta_baseline,0.788,1.0,0.788,1.0,1.341,2.3978588170819393e-16,drift,delta_baseline,0,7.232
wang3,26064,177168,8,0.05,21,False,400,256,0.113411,0.155064,0.141261,0.119846,0.946,0.946,,0.113411,delta_baseline,0.803,1.0,0.803,1.0,1.367,1.1305705384438466e-16,drift,delta_baseline,0,7.205
wang3,26064,177168,8,0.25,17,False,400,256,0.112619,0.166719,0.142751,0.12001,0.938,0.938,,0.112619,delta_baseline,0.789,1.0,0.789,1.0,1.48,1.1305705384438466e-16,drift,delta_baseline,0,7.732
wang3,26064,177168,8,0.25,18,False,400,256,0.113575,0.16861,0.142138,0.119935,0.947,0.947,,0.113575,delta_baseline,0.799,1.0,0.799,1.0,1.485,2.415345571415648e-16,drift,delta_baseline,0,7.455
wang3,26064,177168,8,0.25,19,False,400,256,0.112796,0.167437,0.141062,0.119024,0.948,0.948,,0.112796,delta_baseline,0.8,1.0,0.8,1.0,1.484,1.1119305929315413e-16,drift,delta_baseline,0,7.402
wang3,26064,177168,8,0.25,20,False,400,256,0.112713,0.162805,0.141472,0.118982,0.947,0.947,,0.112713,delta_baseline,0.797,1.0,0.797,1.0,1.444,2.3978588170819393e-16,drift,delta_baseline,0,7.573
wang3,26064,177168,8,0.25,21,False,400,256,0.11348,0.16618,0.143347,0.119533,0.949,0.949,,0.11348,delta_baseline,0.792,1.0,0.792,1.0,1.464,1.1305705384438466e-16,drift,delta_baseline,0,8.022
epb2,25228,175027,8,0.0,17,False,400,256,0.011795,0.031075,0.013401,0.012733,0.926,0.926,,0.011795,delta_baseline,0.88,1.0,0.88,1.0,2.635,1.2653601002823704e-16,drift,delta_baseline,0,0.0
epb2,25228,175027,8,0.0,18,False,400,256,0.008335,0.02186,0.010027,0.009629,0.866,0.866,,0.008335,delta_baseline,0.831,1.0,0.831,1.0,2.623,1.0817377525460358e-16,drift,delta_baseline,0,0.0
epb2,25228,175027,8,0.0,19,False,400,256,0.008367,0.021331,0.009931,0.009574,0.874,0.874,,0.008367,delta_baseline,0.843,1.0,0.843,1.0,2.549,1.2261168325020086e-16,drift,delta_baseline,0,0.0
epb2,25228,175027,8,0.0,20,False,400,256,0.00827,0.021729,0.009927,0.009572,0.864,0.864,,0.00827,delta_baseline,0.833,1.0,0.833,1.0,2.628,1.2651934239081537e-16,drift,delta_baseline,0,0.0
epb2,25228,175027,8,0.0,21,False,400,256,0.008642,0.0233,0.010213,0.009769,0.885,0.885,,0.008642,delta_baseline,0.846,1.0,0.846,1.0,2.696,1.711511604198709e-16,drift,delta_baseline,0,0.0
epb2,25228,175027,8,0.002,17,False,400,256,0.170187,0.066184,0.098893,0.071256,2.388,0.929,51,0.066184,hst,1.721,2.571,0.669,2.571,1.0,1.2653601002823704e-16,drift,hst,1,5.043
epb2,25228,175027,8,0.002,18,False,400,256,0.104893,0.033933,0.056803,0.037536,2.794,0.904,59,0.033933,hst,1.847,3.091,0.597,3.091,1.0,1.0817377525460358e-16,drift,hst,1,3.952
epb2,25228,175027,8,0.002,19,False,400,256,0.105878,0.035618,0.049332,0.046869,2.259,0.76,56,0.035618,hst,2.146,2.973,0.722,2.973,1.0,1.2261168325020086e-16,drift,hst,1,3.319
epb2,25228,175027,8,0.002,20,False,400,256,0.100251,0.034057,0.045711,0.037193,2.695,0.916,26,0.034057,hst,2.193,2.944,0.745,2.944,1.0,1.2651934239081537e-16,drift,hst,1,1.647
epb2,25228,175027,8,0.002,21,False,400,256,0.120198,0.040896,0.064704,0.044598,2.695,0.917,60,0.040896,hst,1.858,2.939,0.632,2.939,1.0,1.711511604198709e-16,drift,hst,1,4.548
epb2,25228,175027,8,0.01,17,False,400,256,0.150116,0.097256,0.13187,0.10515,1.428,0.925,135,0.097256,hst,1.138,1.544,0.738,1.544,1.0,1.2653601002823704e-16,drift,hst,1,6.092
epb2,25228,175027,8,0.01,18,False,400,256,0.108347,0.058008,0.086926,0.069237,1.565,0.838,183,0.058008,hst,1.246,1.868,0.667,1.868,1.0,1.0817377525460358e-16,drift,hst,1,7.142
epb2,25228,175027,8,0.01,19,False,400,256,0.114299,0.055112,0.079308,0.061907,1.846,0.89,79,0.055112,hst,1.441,2.074,0.695,2.074,1.0,1.2261168325020086e-16,drift,hst,1,4.127
epb2,25228,175027,8,0.01,20,False,400,256,0.109288,0.0593,0.08333,0.065872,1.659,0.9,103,0.0593,hst,1.312,1.843,0.712,1.843,1.0,1.2651934239081537e-16,drift,hst,1,4.488
epb2,25228,175027,8,0.01,21,False,400,256,0.125163,0.0564,0.080684,0.061352,2.04,0.919,71,0.0564,hst,1.551,2.219,0.699,2.219,1.0,1.711511604198709e-16,drift,hst,1,4.545
epb2,25228,175027,8,0.05,17,False,400,256,0.158281,0.136773,0.16944,0.144891,1.092,0.944,515,0.136773,hst,0.934,1.157,0.807,1.157,1.0,1.2653601002823704e-16,drift,hst,1,6.896
epb2,25228,175027,8,0.05,18,False,400,256,0.121813,0.12127,0.147876,0.131873,0.924,0.92,,0.12127,hst,0.824,1.004,0.82,1.004,1.0,1.0817377525460358e-16,drift,hst,1,5.523
epb2,25228,175027,8,0.05,19,False,400,256,0.13476,0.124588,0.151022,0.133585,1.009,0.933,5170,0.124588,hst,0.892,1.082,0.825,1.082,1.0,1.2261168325020086e-16,drift,hst,1,6.072
epb2,25228,175027,8,0.05,20,False,400,256,0.116571,0.115596,0.141457,0.124498,0.936,0.928,,0.115596,hst,0.824,1.008,0.817,1.008,1.0,1.2651934239081537e-16,drift,hst,1,5.589
epb2,25228,175027,8,0.05,21,False,400,256,0.126228,0.125571,0.153333,0.134959,0.935,0.93,,0.125571,hst,0.823,1.005,0.819,1.005,1.0,1.711511604198709e-16,drift,hst,1,5.905
epb2,25228,175027,8,0.25,17,False,400,256,0.16131,0.141725,0.174861,0.150159,1.074,0.944,666,0.141725,hst,0.923,1.138,0.81,1.138,1.0,1.2653601002823704e-16,drift,hst,1,7.428
epb2,25228,175027,8,0.25,18,False,400,256,0.149622,0.140395,0.168133,0.150276,0.996,0.934,,0.140395,hst,0.89,1.066,0.835,1.066,1.0,1.0817377525460358e-16,drift,hst,1,6.679
epb2,25228,175027,8,0.25,19,False,400,256,0.160564,0.14101,0.170161,0.150712,1.065,0.936,697,0.14101,hst,0.944,1.139,0.829,1.139,1.0,1.2261168325020086e-16,drift,hst,1,6.87
epb2,25228,175027,8,0.25,20,False,400,256,0.149746,0.140452,0.169868,0.149559,1.001,0.939,37960,0.140452,hst,0.882,1.066,0.827,1.066,1.0,1.2651934239081537e-16,drift,hst,1,7.074
epb2,25228,175027,8,0.25,21,False,400,256,0.143268,0.139971,0.167909,0.146444,0.978,0.956,,0.139971,hst,0.853,1.024,0.834,1.024,1.0,1.711511604198709e-16,drift,hst,1,7.168
TSOPF_RS_b39_c30,60098,1079986,8,0.0,17,False,400,256,0.400012,0.445917,0.397008,0.360313,1.11,1.11,0,0.400012,delta_baseline,1.008,1.0,1.008,1.0,1.115,1.3924108160288588e-16,jump,delta_baseline,0,0.0
TSOPF_RS_b39_c30,60098,1079986,8,0.0,18,False,400,256,0.394832,0.436649,0.389131,0.353035,1.118,1.118,0,0.394832,delta_baseline,1.015,1.0,1.015,1.0,1.106,1.3924108160288588e-16,jump,delta_baseline,0,0.0
TSOPF_RS_b39_c30,60098,1079986,8,0.0,19,False,400,256,0.392186,0.4373,0.391769,0.356051,1.101,1.101,0,0.392186,delta_baseline,1.001,1.0,1.001,1.0,1.115,1.3924108160288588e-16,jump,delta_baseline,0,0.0
TSOPF_RS_b39_c30,60098,1079986,8,0.0,20,False,400,256,0.391428,0.436821,0.391145,0.355094,1.102,1.102,0,0.391428,delta_baseline,1.001,1.0,1.001,1.0,1.116,1.3924108160288588e-16,jump,delta_baseline,0,0.0
TSOPF_RS_b39_c30,60098,1079986,8,0.0,21,False,400,138,0.391372,0.430997,0.39223,0.354978,1.103,1.103,0,0.391372,delta_baseline,0.998,1.0,0.998,1.0,1.101,1.3924108160288588e-16,jump,delta_baseline,0,0.0
TSOPF_RS_b39_c30,60098,1079986,8,0.002,17,False,400,256,7.361837,0.684899,0.95011,0.67467,10.912,1.015,1,0.684899,hst,7.748,10.749,0.721,10.749,1.0,1.3924108160288588e-16,jump,hst,1,9.064
TSOPF_RS_b39_c30,60098,1079986,8,0.002,18,False,400,256,10.276854,0.662074,0.935554,0.668039,15.384,0.991,1,0.662074,hst,10.985,15.522,0.708,15.522,1.0,1.3924108160288588e-16,jump,hst,1,8.899
TSOPF_RS_b39_c30,60098,1079986,8,0.002,19,False,400,256,8.909077,0.665681,0.924549,0.667834,13.34,0.997,1,0.665681,hst,9.636,13.383,0.72,13.383,1.0,1.3924108160288588e-16,jump,hst,1,8.747
TSOPF_RS_b39_c30,60098,1079986,8,0.002,20,False,400,256,8.387578,0.668801,0.945946,0.676137,12.405,0.989,1,0.668801,hst,8.867,12.541,0.707,12.541,1.0,1.3924108160288588e-16,jump,hst,1,8.815
TSOPF_RS_b39_c30,60098,1079986,8,0.002,21,False,400,138,0.383046,0.43192,0.38493,0.348861,1.098,1.098,0,0.383046,delta_baseline,0.995,1.0,0.995,1.0,1.128,1.3924108160288588e-16,jump,delta_baseline,0,0.0
TSOPF_RS_b39_c30,60098,1079986,8,0.01,17,False,400,256,2.890279,0.512813,0.757825,0.500328,5.777,1.025,4,0.512813,hst,3.814,5.636,0.677,5.636,1.0,1.3924108160288588e-16,jump,hst,1,8.529
TSOPF_RS_b39_c30,60098,1079986,8,0.01,18,False,400,256,3.871163,0.577669,0.850035,0.569171,6.801,1.015,3,0.577669,hst,4.554,6.701,0.68,6.701,1.0,1.3924108160288588e-16,jump,hst,1,8.999
TSOPF_RS_b39_c30,60098,1079986,8,0.01,19,False,400,256,3.436573,0.552061,0.801599,0.523749,6.561,1.054,3,0.552061,hst,4.287,6.225,0.689,6.225,1.0,1.3924108160288588e-16,jump,hst,1,8.699
TSOPF_RS_b39_c30,60098,1079986,8,0.01,20,False,400,256,2.060702,0.478287,0.749889,0.46617,4.42,1.026,6,0.478287,hst,2.748,4.309,0.638,4.309,1.0,1.3924108160288588e-16,jump,hst,1,8.874
TSOPF_RS_b39_c30,60098,1079986,8,0.01,21,False,400,138,5.085607,0.559852,0.828911,0.560515,9.073,0.999,2,0.559852,hst,6.135,9.084,0.675,9.084,1.0,1.3924108160288588e-16,jump,hst,1,8.577
TSOPF_RS_b39_c30,60098,1079986,8,0.05,17,False,400,256,0.904602,0.412888,0.630413,0.375233,2.411,1.1,16,0.412888,hst,1.435,2.191,0.655,2.191,1.0,1.3924108160288588e-16,jump,hst,1,8.454
TSOPF_RS_b39_c30,60098,1079986,8,0.05,18,False,400,256,0.71141,0.392369,0.595375,0.356657,1.995,1.1,22,0.392369,hst,1.195,1.813,0.659,1.813,1.0,1.3924108160288588e-16,jump,hst,1,7.808
TSOPF_RS_b39_c30,60098,1079986,8,0.05,19,False,400,256,0.728469,0.389933,0.617987,0.357438,2.038,1.091,23,0.389933,hst,1.179,1.868,0.631,1.868,1.0,1.3924108160288588e-16,jump,hst,1,8.398
TSOPF_RS_b39_c30,60098,1079986,8,0.05,20,False,400,256,1.23074,0.418824,0.690581,0.397469,3.096,1.054,11,0.418824,hst,1.782,2.939,0.606,2.939,1.0,1.3924108160288588e-16,jump,hst,1,9.316
TSOPF_RS_b39_c30,60098,1079986,8,0.05,21,False,400,138,0.618876,0.298213,0.547101,0.279893,2.211,1.065,25,0.298213,hst,1.131,2.075,0.545,2.075,1.0,1.3924108160288588e-16,jump,hst,1,8.317
TSOPF_RS_b39_c30,60098,1079986,8,0.25,17,False,400,256,0.321078,0.397347,0.531424,0.397507,0.808,0.808,,0.321078,delta_baseline,0.604,1.0,0.604,1.0,1.238,1.3924108160288588e-16,jump,hst,1,6.273
TSOPF_RS_b39_c30,60098,1079986,8,0.25,18,False,400,256,0.360099,0.403251,0.553113,0.409099,0.88,0.88,,0.360099,delta_baseline,0.651,1.0,0.651,1.0,1.12,1.3924108160288588e-16,jump,hst,1,6.894
TSOPF_RS_b39_c30,60098,1079986,8,0.25,19,False,400,256,0.350903,0.400594,0.508063,0.400528,0.876,0.876,,0.350903,delta_baseline,0.691,1.0,0.691,1.0,1.142,1.3924108160288588e-16,jump,hst,1,5.039
TSOPF_RS_b39_c30,60098,1079986,8,0.25,20,False,400,256,0.488554,0.414147,0.607525,0.411272,1.188,1.007,96,0.414147,hst,0.804,1.18,0.682,1.18,1.0,1.3924108160288588e-16,jump,hst,1,7.419
TSOPF_RS_b39_c30,60098,1079986,8,0.25,21,False,400,138,0.284918,0.310982,0.439129,0.308401,0.924,0.924,,0.284918,delta_baseline,0.649,1.0,0.649,1.0,1.091,1.3924108160288588e-16,jump,hst,1,5.902
bcspwr10,5300,21842,8,0.0,17,False,400,256,0.006289,0.035698,0.007565,0.007204,0.873,0.873,,0.006289,delta_baseline,0.831,1.0,0.831,1.0,5.676,1.871280638170483e-16,jump,delta_baseline,0,0.0
bcspwr10,5300,21842,8,0.0,18,False,400,256,0.006181,0.036426,0.007489,0.007147,0.865,0.865,,0.006181,delta_baseline,0.825,1.0,0.825,1.0,5.893,3.513861746800697e-16,jump,delta_baseline,0,0.0
bcspwr10,5300,21842,8,0.0,19,False,400,256,0.006226,0.033224,0.007394,0.007061,0.882,0.882,,0.006226,delta_baseline,0.842,1.0,0.842,1.0,5.336,2.258919437555397e-16,jump,delta_baseline,0,0.0
bcspwr10,5300,21842,8,0.0,20,False,400,256,0.006108,0.031987,0.00727,0.006932,0.881,0.881,,0.006108,delta_baseline,0.84,1.0,0.84,1.0,5.237,1.5260920413345594e-16,jump,delta_baseline,0,0.0
bcspwr10,5300,21842,8,0.0,21,False,400,256,0.00612,0.032389,0.007242,0.006893,0.888,0.888,,0.00612,delta_baseline,0.845,1.0,0.845,1.0,5.292,3.1586084160755566e-16,jump,delta_baseline,0,0.0
bcspwr10,5300,21842,8,0.002,17,False,400,256,0.083463,0.09377,0.108434,0.093639,0.891,0.891,,0.083463,delta_baseline,0.77,1.0,0.77,1.0,1.123,1.871280638170483e-16,jump,hst,1,4.313
bcspwr10,5300,21842,8,0.002,18,False,400,256,0.086859,0.088732,0.110628,0.095494,0.91,0.91,,0.086859,delta_baseline,0.785,1.0,0.785,1.0,1.022,3.513861746800697e-16,jump,hst,1,4.477
bcspwr10,5300,21842,8,0.002,19,False,400,256,0.084119,0.084843,0.106625,0.092315,0.911,0.911,,0.084119,delta_baseline,0.789,1.0,0.789,1.0,1.009,2.258919437555397e-16,jump,hst,1,4.181
bcspwr10,5300,21842,8,0.002,20,False,400,256,0.085199,0.086218,0.107685,0.093495,0.911,0.911,,0.085199,delta_baseline,0.791,1.0,0.791,1.0,1.012,1.5260920413345594e-16,jump,hst,1,4.154
bcspwr10,5300,21842,8,0.002,21,False,400,256,0.082356,0.097488,0.113826,0.099553,0.827,0.827,,0.082356,delta_baseline,0.724,1.0,0.724,1.0,1.184,3.1586084160755566e-16,jump,hst,1,4.384
bcspwr10,5300,21842,8,0.01,17,False,400,256,0.084498,0.101698,0.125974,0.112273,0.753,0.753,,0.084498,delta_baseline,0.671,1.0,0.671,1.0,1.204,1.871280638170483e-16,jump,hst,1,4.545
bcspwr10,5300,21842,8,0.01,18,False,400,256,0.085416,0.106484,0.127251,0.113282,0.754,0.754,,0.085416,delta_baseline,0.671,1.0,0.671,1.0,1.247,3.513861746800697e-16,jump,hst,1,4.681
bcspwr10,5300,21842,8,0.01,19,False,400,256,0.084632,0.10088,0.123212,0.10944,0.773,0.773,,0.084632,delta_baseline,0.687,1.0,0.687,1.0,1.192,2.258919437555397e-16,jump,hst,1,4.404
bcspwr10,5300,21842,8,0.01,20,False,400,256,0.084284,0.097861,0.124671,0.110789,0.761,0.761,,0.084284,delta_baseline,0.676,1.0,0.676,1.0,1.161,1.5260920413345594e-16,jump,hst,1,4.521
bcspwr10,5300,21842,8,0.01,21,False,400,256,0.083632,0.092615,0.117248,0.103663,0.807,0.807,,0.083632,delta_baseline,0.713,1.0,0.713,1.0,1.107,3.1586084160755566e-16,jump,hst,1,4.424
bcspwr10,5300,21842,8,0.05,17,False,400,256,0.083169,0.106458,0.104633,0.087478,0.951,0.951,,0.083169,delta_baseline,0.795,1.0,0.795,1.0,1.28,1.871280638170483e-16,jump,delta_baseline,0,5.004
bcspwr10,5300,21842,8,0.05,18,False,400,256,0.083628,0.104132,0.104586,0.087791,0.953,0.953,,0.083628,delta_baseline,0.8,1.0,0.8,1.0,1.245,3.513861746800697e-16,jump,delta_baseline,0,4.911
bcspwr10,5300,21842,8,0.05,19,False,400,256,0.083273,0.106722,0.108576,0.091024,0.915,0.915,,0.083273,delta_baseline,0.767,1.0,0.767,1.0,1.282,2.258919437555397e-16,jump,delta_baseline,0,5.089
bcspwr10,5300,21842,8,0.05,20,False,400,256,0.084627,0.107273,0.104496,0.08861,0.955,0.955,,0.084627,delta_baseline,0.81,1.0,0.81,1.0,1.268,1.5260920413345594e-16,jump,delta_baseline,0,4.753
bcspwr10,5300,21842,8,0.05,21,False,400,256,0.08409,0.105751,0.104391,0.088195,0.953,0.953,,0.08409,delta_baseline,0.806,1.0,0.806,1.0,1.258,3.1586084160755566e-16,jump,delta_baseline,0,4.886
bcspwr10,5300,21842,8,0.25,17,False,400,256,0.084451,0.11061,0.105046,0.08864,0.953,0.953,,0.084451,delta_baseline,0.804,1.0,0.804,1.0,1.31,1.871280638170483e-16,jump,delta_baseline,0,4.876
bcspwr10,5300,21842,8,0.25,18,False,400,256,0.083878,0.111295,0.104252,0.087596,0.958,0.958,,0.083878,delta_baseline,0.805,1.0,0.805,1.0,1.327,3.513861746800697e-16,jump,delta_baseline,0,4.934
bcspwr10,5300,21842,8,0.25,19,False,400,256,0.083785,0.112399,0.104902,0.08851,0.947,0.947,,0.083785,delta_baseline,0.799,1.0,0.799,1.0,1.342,2.258919437555397e-16,jump,delta_baseline,0,4.935
bcspwr10,5300,21842,8,0.25,20,False,400,256,0.083726,0.110297,0.104756,0.08788,0.953,0.953,,0.083726,delta_baseline,0.799,1.0,0.799,1.0,1.317,1.5260920413345594e-16,jump,delta_baseline,0,5.038
bcspwr10,5300,21842,8,0.25,21,False,400,256,0.083813,0.111933,0.104786,0.088497,0.947,0.947,,0.083813,delta_baseline,0.8,1.0,0.8,1.0,1.336,3.1586084160755566e-16,jump,delta_baseline,0,4.886
scircuit,170998,958936,8,0.0,17,False,400,256,0.015011,0.046174,0.017761,0.017145,0.875,0.875,,0.015011,delta_baseline,0.845,1.0,0.845,1.0,3.076,2.6050372849850016e-16,jump,delta_baseline,0,0.0
scircuit,170998,958936,8,0.0,18,False,400,256,0.012962,0.037049,0.015635,0.015014,0.863,0.863,,0.012962,delta_baseline,0.829,1.0,0.829,1.0,2.858,2.0386846321125864e-16,jump,delta_baseline,0,0.0
scircuit,170998,958936,8,0.0,19,False,400,256,0.017698,0.064861,0.019884,0.019083,0.927,0.927,,0.017698,delta_baseline,0.89,1.0,0.89,1.0,3.665,1.8803246323926756e-16,jump,delta_baseline,0,0.0
scircuit,170998,958936,8,0.0,20,False,400,256,0.012909,0.03617,0.015727,0.015226,0.848,0.848,,0.012909,delta_baseline,0.821,1.0,0.821,1.0,2.802,2.757259758035496e-16,jump,delta_baseline,0,0.0
scircuit,170998,958936,8,0.0,21,False,400,256,0.019223,0.054209,0.02177,0.020845,0.922,0.922,,0.019223,delta_baseline,0.883,1.0,0.883,1.0,2.82,5.194813152189734e-16,jump,delta_baseline,0,0.0
scircuit,170998,958936,8,0.002,17,False,400,256,0.135947,0.609377,0.167808,0.138957,0.978,0.978,,0.135947,delta_baseline,0.81,1.0,0.81,1.0,4.482,2.6050372849850016e-16,jump,delta_baseline,0,9.346
scircuit,170998,958936,8,0.002,18,False,400,256,0.109564,0.597852,0.144363,0.116967,0.937,0.937,,0.109564,delta_baseline,0.759,1.0,0.759,1.0,5.457,2.0386846321125864e-16,jump,delta_baseline,0,9.33
scircuit,170998,958936,8,0.002,19,False,400,256,0.170932,0.637772,0.202713,0.171722,0.995,0.995,,0.170932,delta_baseline,0.843,1.0,0.843,1.0,3.731,1.8803246323926756e-16,jump,delta_baseline,0,9.659
scircuit,170998,958936,8,0.002,20,False,400,256,0.10765,0.603094,0.148215,0.111351,0.967,0.967,,0.10765,delta_baseline,0.726,1.0,0.726,1.0,5.602,2.757259758035496e-16,jump,delta_baseline,0,13.303
scircuit,170998,958936,8,0.002,21,False,400,256,0.163458,0.623261,0.204404,0.16356,0.999,0.999,,0.163458,delta_baseline,0.8,1.0,0.8,1.0,3.813,5.194813152189734e-16,jump,delta_baseline,0,13.343
scircuit,170998,958936,8,0.01,17,False,400,256,0.122874,0.665081,0.153941,0.124429,0.988,0.988,,0.122874,delta_baseline,0.798,1.0,0.798,1.0,5.413,2.6050372849850016e-16,jump,delta_baseline,0,9.634
scircuit,170998,958936,8,0.01,18,False,400,256,0.109714,0.666909,0.141778,0.114185,0.961,0.961,,0.109714,delta_baseline,0.774,1.0,0.774,1.0,6.079,2.0386846321125864e-16,jump,delta_baseline,0,9.504
scircuit,170998,958936,8,0.01,19,False,400,256,0.131868,0.679875,0.163744,0.130098,1.014,1.014,5496,0.131868,delta_baseline,0.805,1.0,0.805,1.0,5.156,1.8803246323926756e-16,jump,delta_baseline,0,9.73
scircuit,170998,958936,8,0.01,20,False,400,256,0.108962,0.674858,0.140297,0.113232,0.962,0.962,,0.108962,delta_baseline,0.777,1.0,0.777,1.0,6.194,2.757259758035496e-16,jump,delta_baseline,0,9.516
scircuit,170998,958936,8,0.01,21,False,400,256,0.133088,0.680533,0.165365,0.131485,1.012,1.012,6106,0.133088,delta_baseline,0.805,1.0,0.805,1.0,5.113,5.194813152189734e-16,jump,delta_baseline,0,9.786
scircuit,170998,958936,8,0.05,17,False,400,256,0.114544,0.730724,0.147534,0.117707,0.973,0.973,,0.114544,delta_baseline,0.776,1.0,0.776,1.0,6.379,2.6050372849850016e-16,jump,delta_baseline,0,9.753
scircuit,170998,958936,8,0.05,18,False,400,256,0.116954,0.740367,0.163599,0.126616,0.924,0.924,,0.116954,delta_baseline,0.715,1.0,0.715,1.0,6.33,2.0386846321125864e-16,jump,delta_baseline,0,13.549
scircuit,170998,958936,8,0.05,19,False,400,256,0.124257,0.735338,0.15883,0.125471,0.99,0.99,,0.124257,delta_baseline,0.782,1.0,0.782,1.0,5.918,1.8803246323926756e-16,jump,delta_baseline,0,10.159
scircuit,170998,958936,8,0.05,20,False,400,256,0.117067,0.734112,0.148051,0.120787,0.969,0.969,,0.117067,delta_baseline,0.791,1.0,0.791,1.0,6.271,2.757259758035496e-16,jump,delta_baseline,0,9.507
scircuit,170998,958936,8,0.05,21,False,400,256,0.123479,0.732963,0.154777,0.122138,1.011,1.011,7283,0.123479,delta_baseline,0.798,1.0,0.798,1.0,5.936,5.194813152189734e-16,jump,delta_baseline,0,9.763
scircuit,170998,958936,8,0.25,17,False,400,256,0.119894,0.79847,0.156662,0.125852,0.953,0.953,,0.119894,delta_baseline,0.765,1.0,0.765,1.0,6.66,2.6050372849850016e-16,jump,delta_baseline,0,10.53
scircuit,170998,958936,8,0.25,18,False,400,256,0.121058,0.780353,0.154366,0.125016,0.968,0.968,,0.121058,delta_baseline,0.784,1.0,0.784,1.0,6.446,2.0386846321125864e-16,jump,delta_baseline,0,10.287
scircuit,170998,958936,8,0.25,19,False,400,256,0.120236,0.78042,0.155148,0.124485,0.966,0.966,,0.120236,delta_baseline,0.775,1.0,0.775,1.0,6.491,1.8803246323926756e-16,jump,delta_baseline,0,10.38
scircuit,170998,958936,8,0.25,20,False,400,256,0.120692,0.774386,0.154056,0.125348,0.963,0.963,,0.120692,delta_baseline,0.783,1.0,0.783,1.0,6.416,2.757259758035496e-16,jump,delta_baseline,0,10.226
scircuit,170998,958936,8,0.25,21,False,400,256,0.122549,0.782416,0.156055,0.124938,0.981,0.981,,0.122549,delta_baseline,0.785,1.0,0.785,1.0,6.385,5.194813152189734e-16,jump,delta_baseline,0,10.418
ct20stif,52329,2600295,8,0.0,17,False,400,256,0.026818,0.054001,0.02864,0.026768,1.002,1.002,0,0.026818,delta_baseline,0.936,1.0,0.936,1.0,2.014,3.403944480715774e-16,jump,delta_baseline,0,0.0
ct20stif,52329,2600295,8,0.0,18,False,400,256,0.020713,0.036018,0.022403,0.021053,0.984,0.984,,0.020713,delta_baseline,0.925,1.0,0.925,1.0,1.739,3.351339203340676e-16,jump,delta_baseline,0,0.0
ct20stif,52329,2600295,8,0.0,19,False,400,256,0.023482,0.042286,0.025085,0.02352,0.998,0.998,,0.023482,delta_baseline,0.936,1.0,0.936,1.0,1.801,2.600013994931016e-16,jump,delta_baseline,0,0.0
ct20stif,52329,2600295,8,0.0,20,False,400,256,0.024568,0.044343,0.026185,0.024566,1.0,1.0,0,0.024568,delta_baseline,0.938,1.0,0.938,1.0,1.805,5.949530076200267e-16,jump,delta_baseline,0,0.0
ct20stif,52329,2600295,8,0.0,21,False,400,256,0.027701,0.050427,0.029271,0.027364,1.012,1.012,0,0.027701,delta_baseline,0.946,1.0,0.946,1.0,1.82,4.493998728164776e-16,jump,delta_baseline,0,0.0
ct20stif,52329,2600295,8,0.002,17,False,400,256,0.646132,0.32397,0.407306,0.340507,1.898,0.951,44,0.32397,hst,1.586,1.994,0.795,1.994,1.0,3.403944480715774e-16,jump,hst,1,13.396
ct20stif,52329,2600295,8,0.002,18,False,400,256,0.534777,0.31358,0.374518,0.327017,1.635,0.959,60,0.31358,hst,1.428,1.705,0.837,1.705,1.0,3.351339203340676e-16,jump,hst,1,12.48
ct20stif,52329,2600295,8,0.002,19,False,400,256,0.585927,0.321018,0.392683,0.336614,1.741,0.954,52,0.321018,hst,1.492,1.825,0.817,1.825,1.0,2.600013994931016e-16,jump,hst,1,12.865
ct20stif,52329,2600295,8,0.002,20,False,400,256,0.608359,0.320147,0.395603,0.337115,1.805,0.95,48,0.320147,hst,1.538,1.9,0.809,1.9,1.0,5.949530076200267e-16,jump,hst,1,13.002
ct20stif,52329,2600295,8,0.002,21,False,400,256,0.682358,0.328867,0.344052,0.336799,2.026,0.976,6,0.328867,hst,1.983,2.075,0.956,2.075,1.0,4.493998728164776e-16,jump,hst,1,1.913
ct20stif,52329,2600295,8,0.01,17,False,400,256,0.602985,0.401941,0.477644,0.413813,1.457,0.971,80,0.401941,hst,1.262,1.5,0.842,1.5,1.0,3.403944480715774e-16,jump,hst,1,15.156
ct20stif,52329,2600295,8,0.01,18,False,400,256,0.568108,0.406159,0.461469,0.415961,1.366,0.976,94,0.406159,hst,1.231,1.399,0.88,1.399,1.0,3.351339203340676e-16,jump,hst,1,14.322
ct20stif,52329,2600295,8,0.01,19,False,400,256,0.592762,0.402771,0.472603,0.418748,1.416,0.962,85,0.402771,hst,1.254,1.472,0.852,1.472,1.0,2.600013994931016e-16,jump,hst,1,14.743
ct20stif,52329,2600295,8,0.01,20,False,400,256,0.593366,0.403499,0.4799,0.424579,1.398,0.95,88,0.403499,hst,1.236,1.471,0.841,1.471,1.0,5.949530076200267e-16,jump,hst,1,14.911
ct20stif,52329,2600295,8,0.01,21,False,400,256,0.61529,0.404119,0.488741,0.424232,1.45,0.953,79,0.404119,hst,1.259,1.523,0.827,1.523,1.0,4.493998728164776e-16,jump,hst,1,15.178
ct20stif,52329,2600295,8,0.05,17,False,400,256,0.594866,0.470797,0.538493,0.469792,1.266,1.002,163,0.470797,hst,1.105,1.264,0.874,1.264,1.0,3.403944480715774e-16,jump,hst,1,20.346
ct20stif,52329,2600295,8,0.05,18,False,400,256,0.586126,0.460234,0.527947,0.472214,1.241,0.975,170,0.460234,hst,1.11,1.274,0.872,1.274,1.0,3.351339203340676e-16,jump,hst,1,19.36
ct20stif,52329,2600295,8,0.05,19,False,400,256,0.588615,0.450592,0.537846,0.475914,1.237,0.947,177,0.450592,hst,1.094,1.306,0.838,1.306,1.0,2.600013994931016e-16,jump,hst,1,19.952
ct20stif,52329,2600295,8,0.05,20,False,400,256,0.58997,0.446375,0.535636,0.471015,1.253,0.948,168,0.446375,hst,1.101,1.322,0.833,1.322,1.0,5.949530076200267e-16,jump,hst,1,19.959
ct20stif,52329,2600295,8,0.05,21,False,400,256,0.587741,0.448616,0.541574,0.472472,1.244,0.95,175,0.448616,hst,1.085,1.31,0.828,1.31,1.0,4.493998728164776e-16,jump,hst,1,20.156
ct20stif,52329,2600295,8,0.25,17,False,400,256,0.592927,0.496337,0.585082,0.513486,1.155,0.967,310,0.496337,hst,1.013,1.195,0.848,1.195,1.0,3.403944480715774e-16,jump,hst,1,24.598
ct20stif,52329,2600295,8,0.25,18,False,400,256,0.588794,0.496601,0.585897,0.51636,1.14,0.962,341,0.496601,hst,1.005,1.186,0.848,1.186,1.0,3.351339203340676e-16,jump,hst,1,24.67
ct20stif,52329,2600295,8,0.25,19,False,400,256,0.589408,0.496017,0.589105,0.518576,1.137,0.956,349,0.496017,hst,1.001,1.188,0.842,1.188,1.0,2.600013994931016e-16,jump,hst,1,24.724
ct20stif,52329,2600295,8,0.25,20,False,400,256,0.59283,0.500249,0.584875,0.513879,1.154,0.973,310,0.500249,hst,1.014,1.185,0.855,1.185,1.0,5.949530076200267e-16,jump,hst,1,24.455
ct20stif,52329,2600295,8,0.25,21,False,400,256,0.590613,0.493745,0.586018,0.514525,1.148,0.96,323,0.493745,hst,1.008,1.196,0.843,1.196,1.0,4.493998728164776e-16,jump,hst,1,24.56
memplus,17758,99147,8,0.0,17,False,400,256,0.057922,0.098021,0.063774,0.060992,0.95,0.95,,0.057922,delta_baseline,0.908,1.0,0.908,1.0,1.692,3.582437197197559e-16,jump,delta_baseline,0,0.0
memplus,17758,99147,8,0.0,18,False,400,256,0.057894,0.096439,0.063551,0.061116,0.947,0.947,,0.057894,delta_baseline,0.911,1.0,0.911,1.0,1.666,3.582443742956908e-16,jump,delta_baseline,0,0.0
memplus,17758,99147,8,0.0,19,False,400,256,0.052854,0.079014,0.059499,0.05684,0.93,0.93,,0.052854,delta_baseline,0.888,1.0,0.888,1.0,1.495,4.41481093913526e-16,jump,delta_baseline,0,0.0
memplus,17758,99147,8,0.0,20,False,400,256,0.058856,0.098502,0.064219,0.061408,0.958,0.958,,0.058856,delta_baseline,0.916,1.0,0.916,1.0,1.674,3.582437197197559e-16,jump,delta_baseline,0,0.0
memplus,17758,99147,8,0.0,21,False,400,256,0.058774,0.098177,0.064964,0.062132,0.946,0.946,,0.058774,delta_baseline,0.905,1.0,0.905,1.0,1.67,3.582437197197559e-16,jump,delta_baseline,0,0.0
memplus,17758,99147,8,0.002,17,False,400,256,0.674353,0.227396,0.257729,0.235137,2.868,0.967,5,0.227396,hst,2.617,2.966,0.882,2.966,1.0,3.582437197197559e-16,jump,hst,1,2.065
memplus,17758,99147,8,0.002,18,False,400,256,0.604416,0.159225,0.181472,0.163713,3.692,0.973,3,0.159225,hst,3.331,3.796,0.877,3.796,1.0,3.582443742956908e-16,jump,hst,1,1.472
memplus,17758,99147,8,0.002,19,False,400,256,0.474855,0.151194,0.171714,0.156406,3.036,0.967,4,0.151194,hst,2.765,3.141,0.881,3.141,1.0,4.41481093913526e-16,jump,hst,1,1.365
memplus,17758,99147,8,0.002,20,False,400,256,0.537038,0.158999,0.180704,0.163686,3.281,0.971,4,0.158999,hst,2.972,3.378,0.88,3.378,1.0,3.582437197197559e-16,jump,hst,1,1.481
memplus,17758,99147,8,0.002,21,False,400,256,0.485424,0.157224,0.178343,0.160827,3.018,0.978,4,0.157224,hst,2.722,3.087,0.882,3.087,1.0,3.582437197197559e-16,jump,hst,1,1.412
memplus,17758,99147,8,0.01,17,False,400,256,0.276752,0.161119,0.183199,0.165434,1.673,0.974,13,0.161119,hst,1.511,1.718,0.879,1.718,1.0,3.582437197197559e-16,jump,hst,1,1.495
memplus,17758,99147,8,0.01,18,False,400,256,0.268526,0.16065,0.183364,0.165445,1.623,0.971,14,0.16065,hst,1.464,1.671,0.876,1.671,1.0,3.582443742956908e-16,jump,hst,1,1.48
memplus,17758,99147,8,0.01,19,False,400,256,0.239285,0.157535,0.179327,0.163623,1.462,0.963,18,0.157535,hst,1.334,1.519,0.878,1.519,1.0,4.41481093913526e-16,jump,hst,1,1.383
memplus,17758,99147,8,0.01,20,False,400,256,0.273392,0.161474,0.183291,0.164949,1.657,0.979,14,0.161474,hst,1.492,1.693,0.881,1.693,1.0,3.582437197197559e-16,jump,hst,1,1.499
memplus,17758,99147,8,0.01,21,False,400,256,0.2924,0.160948,0.18629,0.168051,1.74,0.958,12,0.160948,hst,1.57,1.817,0.864,1.817,1.0,3.582437197197559e-16,jump,hst,1,1.502
memplus,17758,99147,8,0.05,17,False,400,256,0.138923,0.169442,0.185279,0.167218,0.831,0.831,,0.138923,delta_baseline,0.75,1.0,0.75,1.0,1.22,3.582437197197559e-16,jump,hst,1,1.507
memplus,17758,99147,8,0.05,18,False,400,256,0.141761,0.163685,0.186932,0.16863,0.841,0.841,,0.141761,delta_baseline,0.758,1.0,0.758,1.0,1.155,3.582443742956908e-16,jump,hst,1,1.503
memplus,17758,99147,8,0.05,19,False,400,256,0.15115,0.164346,0.184321,0.167742,0.901,0.901,,0.15115,delta_baseline,0.82,1.0,0.82,1.0,1.087,4.41481093913526e-16,jump,hst,1,1.395
memplus,17758,99147,8,0.05,20,False,400,256,0.148546,0.164542,0.189046,0.170908,0.869,0.869,,0.148546,delta_baseline,0.786,1.0,0.786,1.0,1.108,3.582437197197559e-16,jump,hst,1,1.499
memplus,17758,99147,8,0.05,21,False,400,256,0.140934,0.16324,0.186222,0.16753,0.841,0.841,,0.140934,delta_baseline,0.757,1.0,0.757,1.0,1.158,3.582437197197559e-16,jump,hst,1,1.56
memplus,17758,99147,8,0.25,17,False,400,256,0.110882,0.176391,0.142049,0.110507,1.003,1.003,22509,0.110882,delta_baseline,0.781,1.0,0.781,1.0,1.591,3.582437197197559e-16,jump,delta_baseline,0,8.435
memplus,17758,99147,8,0.25,18,False,400,256,0.11278,0.175543,0.143157,0.110969,1.016,1.016,4646,0.11278,delta_baseline,0.788,1.0,0.788,1.0,1.557,3.582443742956908e-16,jump,delta_baseline,0,8.413
memplus,17758,99147,8,0.25,19,False,400,256,0.111468,0.176411,0.142581,0.110823,1.006,1.006,13310,0.111468,delta_baseline,0.782,1.0,0.782,1.0,1.583,4.41481093913526e-16,jump,delta_baseline,0,8.582
memplus,17758,99147,8,0.25,20,False,400,256,0.111266,0.175611,0.14243,0.1098,1.013,1.013,5867,0.111266,delta_baseline,0.781,1.0,0.781,1.0,1.578,3.582437197197559e-16,jump,delta_baseline,0,8.596
memplus,17758,99147,8,0.25,21,False,400,256,0.112686,0.176361,0.144498,0.111444,1.011,1.011,6886,0.112686,delta_baseline,0.78,1.0,0.78,1.0,1.565,3.582437197197559e-16,jump,delta_baseline,0,8.555
TSOPF_RS_b162_c3,15374,610299,8,0.0,17,False,400,256,0.231849,0.230182,0.234195,0.212101,1.093,1.085,0,0.230182,hst,0.99,1.007,0.983,1.007,1.0,1.2582477660838618e-16,jump,delta_baseline,0,0.0
TSOPF_RS_b162_c3,15374,610299,8,0.0,18,False,400,256,0.232065,0.229766,0.234345,0.212608,1.092,1.081,0,0.229766,hst,0.99,1.01,0.98,1.01,1.0,1.2582477660838618e-16,jump,delta_baseline,0,0.0
TSOPF_RS_b162_c3,15374,610299,8,0.0,19,False,400,256,0.231298,0.229196,0.233639,0.212023,1.091,1.081,0,0.229196,hst,0.99,1.009,0.981,1.009,1.0,1.2582477660838618e-16,jump,delta_baseline,0,0.0
TSOPF_RS_b162_c3,15374,610299,8,0.0,20,False,400,256,0.232093,0.229098,0.234139,0.212216,1.094,1.08,0,0.229098,hst,0.991,1.013,0.978,1.013,1.0,1.2582477660838618e-16,jump,delta_baseline,0,0.0
TSOPF_RS_b162_c3,15374,610299,8,0.0,21,False,400,256,0.233442,0.230875,0.235252,0.213349,1.094,1.082,0,0.230875,hst,0.992,1.011,0.981,1.011,1.0,1.172605067740121e-16,jump,delta_baseline,0,0.0
TSOPF_RS_b162_c3,15374,610299,8,0.002,17,False,400,256,4.847599,0.367536,0.538562,0.378843,12.796,0.97,1,0.367536,hst,9.001,13.189,0.682,13.189,1.0,1.2582477660838618e-16,jump,hst,1,4.674
TSOPF_RS_b162_c3,15374,610299,8,0.002,18,False,400,256,4.661657,0.385908,0.546322,0.386288,12.068,0.999,1,0.385908,hst,8.533,12.08,0.706,12.08,1.0,1.2582477660838618e-16,jump,hst,1,4.896
TSOPF_RS_b162_c3,15374,610299,8,0.002,19,False,400,256,5.075088,0.371809,0.542695,0.383182,13.245,0.97,1,0.371809,hst,9.352,13.65,0.685,13.65,1.0,1.2582477660838618e-16,jump,hst,1,4.592
TSOPF_RS_b162_c3,15374,610299,8,0.002,20,False,400,256,4.230304,0.352116,0.522919,0.362335,11.675,0.972,1,0.352116,hst,8.09,12.014,0.673,12.014,1.0,1.2582477660838618e-16,jump,hst,1,4.696
TSOPF_RS_b162_c3,15374,610299,8,0.002,21,False,400,256,4.964446,0.367145,0.543474,0.384002,12.928,0.956,1,0.367145,hst,9.135,13.522,0.676,13.522,1.0,1.172605067740121e-16,jump,hst,1,4.637
TSOPF_RS_b162_c3,15374,610299,8,0.01,17,False,400,256,2.201365,0.314484,0.47755,0.319738,6.885,0.984,2,0.314484,hst,4.61,7.0,0.659,7.0,1.0,1.2582477660838618e-16,jump,hst,1,4.538
TSOPF_RS_b162_c3,15374,610299,8,0.01,18,False,400,256,2.513931,0.33893,0.509057,0.349072,7.202,0.971,2,0.33893,hst,4.938,7.417,0.666,7.417,1.0,1.2582477660838618e-16,jump,hst,1,4.792
TSOPF_RS_b162_c3,15374,610299,8,0.01,19,False,400,256,1.889353,0.290368,0.46218,0.296625,6.369,0.979,3,0.290368,hst,4.088,6.507,0.628,6.507,1.0,1.2582477660838618e-16,jump,hst,1,4.588
TSOPF_RS_b162_c3,15374,610299,8,0.01,20,False,400,256,2.261496,0.315871,0.488297,0.325585,6.946,0.97,2,0.315871,hst,4.631,7.16,0.647,7.16,1.0,1.2582477660838618e-16,jump,hst,1,4.723
TSOPF_RS_b162_c3,15374,610299,8,0.01,21,False,400,256,2.157489,0.305454,0.481348,0.312435,6.905,0.978,3,0.305454,hst,4.482,7.063,0.635,7.063,1.0,1.172605067740121e-16,jump,hst,1,4.811
TSOPF_RS_b162_c3,15374,610299,8,0.05,17,False,400,256,0.966968,0.264715,0.413808,0.260713,3.709,1.015,6,0.264715,hst,2.337,3.653,0.64,3.653,1.0,1.2582477660838618e-16,jump,hst,1,4.25
TSOPF_RS_b162_c3,15374,610299,8,0.05,18,False,400,256,0.926008,0.251155,0.41355,0.247765,3.737,1.014,7,0.251155,hst,2.239,3.687,0.607,3.687,1.0,1.2582477660838618e-16,jump,hst,1,4.625
TSOPF_RS_b162_c3,15374,610299,8,0.05,19,False,400,256,0.99621,0.258363,0.424828,0.256059,3.891,1.009,6,0.258363,hst,2.345,3.856,0.608,3.856,1.0,1.2582477660838618e-16,jump,hst,1,4.678
TSOPF_RS_b162_c3,15374,610299,8,0.05,20,False,400,256,0.958041,0.26212,0.422819,0.260016,3.685,1.008,7,0.26212,hst,2.266,3.655,0.62,3.655,1.0,1.2582477660838618e-16,jump,hst,1,4.669
TSOPF_RS_b162_c3,15374,610299,8,0.05,21,False,400,256,0.802075,0.249528,0.399361,0.246327,3.256,1.013,8,0.249528,hst,2.008,3.214,0.625,3.214,1.0,1.172605067740121e-16,jump,hst,1,4.402
TSOPF_RS_b162_c3,15374,610299,8,0.25,17,False,400,256,0.567759,0.261015,0.351687,0.267391,2.123,0.976,11,0.261015,hst,1.614,2.175,0.742,2.175,1.0,1.2582477660838618e-16,jump,hst,1,3.368
TSOPF_RS_b162_c3,15374,610299,8,0.25,18,False,400,256,0.589623,0.26167,0.354651,0.269413,2.189,0.971,10,0.26167,hst,1.663,2.253,0.738,2.253,1.0,1.2582477660838618e-16,jump,hst,1,3.296
TSOPF_RS_b162_c3,15374,610299,8,0.25,19,False,400,256,0.555716,0.256617,0.347055,0.260184,2.136,0.986,11,0.256617,hst,1.601,2.166,0.739,2.166,1.0,1.2582477660838618e-16,jump,hst,1,3.216
TSOPF_RS_b162_c3,15374,610299,8,0.25,20,False,400,256,0.568326,0.259556,0.358641,0.264035,2.152,0.983,12,0.259556,hst,1.585,2.19,0.724,2.19,1.0,1.2582477660838618e-16,jump,hst,1,3.526
TSOPF_RS_b162_c3,15374,610299,8,0.25,21,False,400,256,0.582903,0.258275,0.341983,0.264483,2.204,0.977,10,0.258275,hst,1.704,2.257,0.755,2.257,1.0,1.172605067740121e-16,jump,hst,1,3.236
TSOPF_RS_b300_c1,14538,1474325,8,0.0,17,False,400,256,0.63362,0.543023,0.636308,0.580208,1.092,0.936,0,0.543023,hst,0.996,1.167,0.853,1.167,1.0,1.1112960972222602e-16,jump,delta_baseline,0,0.0
TSOPF_RS_b300_c1,14538,1474325,8,0.0,18,False,400,256,0.634354,0.542521,0.637994,0.582082,1.09,0.932,0,0.542521,hst,0.994,1.169,0.85,1.169,1.0,1.1112960972222602e-16,jump,delta_baseline,0,0.0
TSOPF_RS_b300_c1,14538,1474325,8,0.0,19,False,400,256,0.633463,0.542273,0.635795,0.579004,1.094,0.937,0,0.542273,hst,0.996,1.168,0.853,1.168,1.0,1.1112960972222602e-16,jump,delta_baseline,0,0.0
TSOPF_RS_b300_c1,14538,1474325,8,0.0,20,False,400,256,0.634453,0.546282,0.639084,0.581372,1.091,0.94,0,0.546282,hst,0.993,1.161,0.855,1.161,1.0,1.1112960972222602e-16,jump,delta_baseline,0,0.0
TSOPF_RS_b300_c1,14538,1474325,8,0.0,21,False,400,256,0.640266,0.548271,0.642983,0.587256,1.09,0.934,0,0.548271,hst,0.996,1.168,0.853,1.168,1.0,1.4073755446586306e-16,jump,delta_baseline,0,0.0
TSOPF_RS_b300_c1,14538,1474325,8,0.002,17,False,400,256,12.36855,0.770672,1.172718,0.767455,16.116,1.004,1,0.770672,hst,10.547,16.049,0.657,16.049,1.0,1.1112960972222602e-16,jump,hst,1,10.23
TSOPF_RS_b300_c1,14538,1474325,8,0.002,18,False,400,256,11.783589,0.782577,1.19608,0.792141,14.876,0.988,1,0.782577,hst,9.852,15.057,0.654,15.057,1.0,1.1112960972222602e-16,jump,hst,1,10.029
TSOPF_RS_b300_c1,14538,1474325,8,0.002,19,False,400,256,13.092646,0.776005,1.18505,0.787051,16.635,0.986,1,0.776005,hst,11.048,16.872,0.655,16.872,1.0,1.1112960972222602e-16,jump,hst,1,10.054
TSOPF_RS_b300_c1,14538,1474325,8,0.002,20,False,400,256,11.980897,0.76166,1.177559,0.774338,15.472,0.984,1,0.76166,hst,10.174,15.73,0.647,15.73,1.0,1.1112960972222602e-16,jump,hst,1,10.105
TSOPF_RS_b300_c1,14538,1474325,8,0.002,21,False,400,256,11.070333,0.741017,1.16459,0.752578,14.71,0.985,1,0.741017,hst,9.506,14.939,0.636,14.939,1.0,1.4073755446586306e-16,jump,hst,1,10.269
TSOPF_RS_b300_c1,14538,1474325,8,0.01,17,False,400,256,5.524227,0.625393,1.020661,0.616234,8.964,1.015,2,0.625393,hst,5.412,8.833,0.613,8.833,1.0,1.1112960972222602e-16,jump,hst,1,9.915
TSOPF_RS_b300_c1,14538,1474325,8,0.01,18,False,400,256,6.389047,0.659896,1.049032,0.64614,9.888,1.021,2,0.659896,hst,6.09,9.682,0.629,9.682,1.0,1.1112960972222602e-16,jump,hst,1,9.829
TSOPF_RS_b300_c1,14538,1474325,8,0.01,19,False,400,256,4.96291,0.555624,0.941037,0.536797,9.245,1.035,2,0.555624,hst,5.274,8.932,0.59,8.932,1.0,1.1112960972222602e-16,jump,hst,1,9.761
TSOPF_RS_b300_c1,14538,1474325,8,0.01,20,False,400,256,5.606975,0.616795,1.029647,0.615532,9.109,1.002,2,0.616795,hst,5.446,9.09,0.599,9.09,1.0,1.1112960972222602e-16,jump,hst,1,10.141
TSOPF_RS_b300_c1,14538,1474325,8,0.01,21,False,400,256,5.680546,0.580815,1.00036,0.576421,9.855,1.008,2,0.580815,hst,5.679,9.78,0.581,9.78,1.0,1.4073755446586306e-16,jump,hst,1,10.35
TSOPF_RS_b300_c1,14538,1474325,8,0.05,17,False,400,256,2.032816,0.41066,0.765075,0.381215,5.332,1.077,6,0.41066,hst,2.657,4.95,0.537,4.95,1.0,1.1112960972222602e-16,jump,hst,1,9.178
TSOPF_RS_b300_c1,14538,1474325,8,0.05,18,False,400,256,2.492759,0.437378,0.81718,0.41803,5.963,1.046,5,0.437378,hst,3.05,5.699,0.535,5.699,1.0,1.1112960972222602e-16,jump,hst,1,9.653
TSOPF_RS_b300_c1,14538,1474325,8,0.05,19,False,400,256,2.676725,0.473615,0.847024,0.451776,5.925,1.048,4,0.473615,hst,3.16,5.652,0.559,5.652,1.0,1.1112960972222602e-16,jump,hst,1,9.414
TSOPF_RS_b300_c1,14538,1474325,8,0.05,20,False,400,256,1.983879,0.391832,0.769005,0.364547,5.442,1.075,6,0.391832,hst,2.58,5.063,0.51,5.063,1.0,1.1112960972222602e-16,jump,hst,1,9.513
TSOPF_RS_b300_c1,14538,1474325,8,0.05,21,False,400,256,2.099161,0.415974,0.769874,0.385792,5.441,1.078,5,0.415974,hst,2.727,5.046,0.54,5.046,1.0,1.4073755446586306e-16,jump,hst,1,9.233
TSOPF_RS_b300_c1,14538,1474325,8,0.25,17,False,400,256,1.376179,0.409503,0.611267,0.405787,3.391,1.009,6,0.409503,hst,2.251,3.361,0.67,3.361,1.0,1.1112960972222602e-16,jump,hst,1,5.551
TSOPF_RS_b300_c1,14538,1474325,8,0.25,18,False,400,256,1.407572,0.40468,0.62771,0.405589,3.47,0.998,6,0.40468,hst,2.242,3.478,0.645,3.478,1.0,1.1112960972222602e-16,jump,hst,1,6.341
TSOPF_RS_b300_c1,14538,1474325,8,0.25,19,False,400,256,1.452107,0.415376,0.623665,0.412044,3.524,1.008,6,0.415376,hst,2.328,3.496,0.666,3.496,1.0,1.1112960972222602e-16,jump,hst,1,6.247
TSOPF_RS_b300_c1,14538,1474325,8,0.25,20,False,400,256,1.43717,0.412435,0.639262,0.407935,3.523,1.011,7,0.412435,hst,2.248,3.485,0.645,3.485,1.0,1.1112960972222602e-16,jump,hst,1,6.748
TSOPF_RS_b300_c1,14538,1474325,8,0.25,21,False,400,256,1.410941,0.410478,0.613544,0.408414,3.455,1.005,6,0.410478,hst,2.3,3.437,0.669,3.437,1.0,1.4073755446586306e-16,jump,hst,1,5.92
case9,14454,147972,8,0.0,17,False,400,256,0.044255,0.060008,0.045289,0.042415,1.043,1.043,0,0.044255,delta_baseline,0.977,1.0,0.977,1.0,1.356,1.8253563338087409e-16,jump,delta_baseline,0,0.0
case9,14454,147972,8,0.0,18,False,400,256,0.044575,0.071223,0.046662,0.043639,1.021,1.021,0,0.044575,delta_baseline,0.955,1.0,0.955,1.0,1.598,1.6384614607668743e-15,jump,delta_baseline,0,0.0
case9,14454,147972,8,0.0,19,False,400,256,0.044058,0.060712,0.045593,0.042624,1.034,1.034,0,0.044058,delta_baseline,0.966,1.0,0.966,1.0,1.378,1.8253563338087409e-16,jump,delta_baseline,0,0.0
case9,14454,147972,8,0.0,20,False,400,256,0.044855,0.072033,0.046204,0.043295,1.036,1.036,0,0.044855,delta_baseline,0.971,1.0,0.971,1.0,1.606,1.1571059044469956e-15,jump,delta_baseline,0,0.0
case9,14454,147972,8,0.0,21,False,400,256,0.044711,0.070427,0.046404,0.043471,1.029,1.029,0,0.044711,delta_baseline,0.964,1.0,0.964,1.0,1.575,1.4037033603327298e-15,jump,delta_baseline,0,0.0
case9,14454,147972,8,0.002,17,False,400,256,0.485746,0.15492,0.180789,0.160659,3.023,0.964,4,0.15492,hst,2.687,3.135,0.857,3.135,1.0,1.8253563338087409e-16,jump,hst,1,1.447
case9,14454,147972,8,0.002,18,False,400,256,0.591138,0.150425,0.176316,0.154073,3.837,0.976,3,0.150425,hst,3.353,3.93,0.853,3.93,1.0,1.6384614607668743e-15,jump,hst,1,1.357
case9,14454,147972,8,0.002,19,False,400,256,0.812989,0.149415,0.174698,0.154112,5.275,0.97,2,0.149415,hst,4.654,5.441,0.855,5.441,1.0,1.8253563338087409e-16,jump,hst,1,1.487
case9,14454,147972,8,0.002,20,False,400,256,0.54026,0.155702,0.182387,0.160237,3.372,0.972,4,0.155702,hst,2.962,3.47,0.854,3.47,1.0,1.1571059044469956e-15,jump,hst,1,1.507
case9,14454,147972,8,0.002,21,False,400,256,0.317437,0.134727,0.161261,0.137677,2.306,0.979,8,0.134727,hst,1.968,2.356,0.835,2.356,1.0,1.4037033603327298e-15,jump,hst,1,1.488
case9,14454,147972,8,0.01,17,False,400,256,0.305332,0.15151,0.176825,0.155651,1.962,0.973,9,0.15151,hst,1.727,2.015,0.857,2.015,1.0,1.8253563338087409e-16,jump,hst,1,1.418
case9,14454,147972,8,0.01,18,False,400,256,0.250383,0.150188,0.176122,0.154003,1.626,0.975,16,0.150188,hst,1.422,1.667,0.853,1.667,1.0,1.6384614607668743e-15,jump,hst,1,1.503
case9,14454,147972,8,0.01,19,False,400,256,0.492338,0.170749,0.198908,0.180009,2.735,0.949,5,0.170749,hst,2.475,2.883,0.858,2.883,1.0,1.8253563338087409e-16,jump,hst,1,1.473
case9,14454,147972,8,0.01,20,False,400,256,0.380272,0.153995,0.177821,0.158082,2.406,0.974,6,0.153995,hst,2.139,2.469,0.866,2.469,1.0,1.1571059044469956e-15,jump,hst,1,1.442
case9,14454,147972,8,0.01,21,False,400,256,0.614401,0.171829,0.199863,0.178165,3.449,0.964,4,0.171829,hst,3.074,3.576,0.86,3.576,1.0,1.4037033603327298e-15,jump,hst,1,1.544
case9,14454,147972,8,0.05,17,False,400,256,0.266363,0.164508,0.187476,0.169233,1.574,0.972,15,0.164508,hst,1.421,1.619,0.877,1.619,1.0,1.8253563338087409e-16,jump,hst,1,1.419
case9,14454,147972,8,0.05,18,False,400,256,0.25328,0.161369,0.190366,0.16753,1.512,0.963,19,0.161369,hst,1.33,1.57,0.848,1.57,1.0,1.6384614607668743e-15,jump,hst,1,1.657
case9,14454,147972,8,0.05,19,False,400,256,0.189747,0.161933,0.189815,0.166353,1.141,0.973,67,0.161933,hst,1.0,1.172,0.853,1.172,1.0,1.8253563338087409e-16,jump,hst,1,1.574
case9,14454,147972,8,0.05,20,False,400,256,0.200549,0.161389,0.190371,0.167056,1.2,0.966,47,0.161389,hst,1.053,1.243,0.848,1.243,1.0,1.1571059044469956e-15,jump,hst,1,1.584
case9,14454,147972,8,0.05,21,False,400,256,0.207808,0.154336,0.183858,0.158204,1.314,0.976,34,0.154336,hst,1.13,1.346,0.839,1.346,1.0,1.4037033603327298e-15,jump,hst,1,1.665
case9,14454,147972,8,0.25,17,False,400,256,0.180681,0.188335,0.216421,0.189953,0.951,0.951,,0.180681,delta_baseline,0.835,1.0,0.835,1.0,1.042,1.8253563338087409e-16,jump,delta_baseline,0,9.527
case9,14454,147972,8,0.25,18,False,400,256,0.180894,0.170581,0.20854,0.177964,1.016,0.959,2775,0.170581,hst,0.867,1.06,0.818,1.06,1.0,1.6384614607668743e-15,jump,hst,1,8.132
case9,14454,147972,8,0.25,19,False,400,256,0.157745,0.170982,0.215101,0.17928,0.88,0.88,,0.157745,delta_baseline,0.733,1.0,0.733,1.0,1.084,1.8253563338087409e-16,jump,hst,1,8.581
case9,14454,147972,8,0.25,20,False,400,256,0.156998,0.168954,0.187613,0.159242,0.986,0.986,,0.156998,delta_baseline,0.837,1.0,0.837,1.0,1.076,1.1571059044469956e-15,jump,delta_baseline,0,8.06
case9,14454,147972,8,0.25,21,False,400,256,0.144833,0.166473,0.209039,0.176017,0.823,0.823,,0.144833,delta_baseline,0.693,1.0,0.693,1.0,1.149,1.4037033603327298e-15,jump,hst,1,8.198
bcspwr09,1723,6511,8,0.0,17,False,400,256,0.006398,0.027052,0.007353,0.007027,0.91,0.91,,0.006398,delta_baseline,0.87,1.0,0.87,1.0,4.228,3.3992994908668667e-16,jump,delta_baseline,0,0.0
bcspwr09,1723,6511,8,0.0,18,False,400,256,0.005594,0.026699,0.007111,0.006824,0.82,0.82,,0.005594,delta_baseline,0.787,1.0,0.787,1.0,4.773,1.860896069197576e-16,jump,delta_baseline,0,0.0
bcspwr09,1723,6511,8,0.0,19,False,400,256,0.006018,0.025495,0.007195,0.006914,0.87,0.87,,0.006018,delta_baseline,0.836,1.0,0.836,1.0,4.237,1.4472386138826977e-16,jump,delta_baseline,0,0.0
bcspwr09,1723,6511,8,0.0,20,False,400,256,0.005754,0.027086,0.007091,0.006824,0.843,0.843,,0.005754,delta_baseline,0.811,1.0,0.811,1.0,4.708,4.2716015826531054e-16,jump,delta_baseline,0,0.0
bcspwr09,1723,6511,8,0.0,21,False,400,256,0.005992,0.026051,0.007308,0.007002,0.856,0.856,,0.005992,delta_baseline,0.82,1.0,0.82,1.0,4.347,9.609496773994548e-17,jump,delta_baseline,0,0.0
bcspwr09,1723,6511,8,0.002,17,False,400,256,0.077155,0.047464,0.066022,0.053091,1.453,0.894,113,0.047464,hst,1.169,1.626,0.719,1.626,1.0,3.3992994908668667e-16,jump,hst,1,2.717
bcspwr09,1723,6511,8,0.002,18,False,400,256,0.076058,0.046101,0.065282,0.052078,1.46,0.885,121,0.046101,hst,1.165,1.65,0.706,1.65,1.0,1.860896069197576e-16,jump,hst,1,2.892
bcspwr09,1723,6511,8,0.002,19,False,400,256,0.074678,0.046326,0.065176,0.051918,1.438,0.892,127,0.046326,hst,1.146,1.612,0.711,1.612,1.0,1.4472386138826977e-16,jump,hst,1,2.894
bcspwr09,1723,6511,8,0.002,20,False,400,256,0.077325,0.047027,0.066008,0.053436,1.447,0.88,111,0.047027,hst,1.171,1.644,0.712,1.644,1.0,4.2716015826531054e-16,jump,hst,1,2.648
bcspwr09,1723,6511,8,0.002,21,False,400,256,0.078386,0.045419,0.064632,0.052153,1.503,0.871,97,0.045419,hst,1.213,1.726,0.703,1.726,1.0,9.609496773994548e-17,jump,hst,1,2.537
bcspwr09,1723,6511,8,0.01,17,False,400,256,0.078461,0.060189,0.080017,0.066262,1.184,0.908,266,0.060189,hst,0.981,1.304,0.752,1.304,1.0,3.3992994908668667e-16,jump,hst,1,3.25
bcspwr09,1723,6511,8,0.01,18,False,400,256,0.076449,0.059502,0.079888,0.066262,1.154,0.898,332,0.059502,hst,0.957,1.285,0.745,1.285,1.0,1.860896069197576e-16,jump,hst,1,3.382
bcspwr09,1723,6511,8,0.01,19,False,400,256,0.076977,0.058933,0.078245,0.064924,1.186,0.908,255,0.058933,hst,0.984,1.306,0.753,1.306,1.0,1.4472386138826977e-16,jump,hst,1,3.079
bcspwr09,1723,6511,8,0.01,20,False,400,256,0.076867,0.058485,0.078311,0.065219,1.179,0.897,271,0.058485,hst,0.982,1.314,0.747,1.314,1.0,4.2716015826531054e-16,jump,hst,1,3.157
bcspwr09,1723,6511,8,0.01,21,False,400,256,0.079287,0.058569,0.078848,0.065446,1.211,0.895,229,0.058569,hst,1.006,1.354,0.743,1.354,1.0,9.609496773994548e-17,jump,hst,1,3.165
bcspwr09,1723,6511,8,0.05,17,False,400,256,0.07634,0.065211,0.085653,0.071865,1.062,0.907,771,0.065211,hst,0.891,1.171,0.761,1.171,1.0,3.3992994908668667e-16,jump,hst,1,3.451
bcspwr09,1723,6511,8,0.05,18,False,400,256,0.07657,0.06589,0.086093,0.072619,1.054,0.907,871,0.06589,hst,0.889,1.162,0.765,1.162,1.0,1.860896069197576e-16,jump,hst,1,3.441
bcspwr09,1723,6511,8,0.05,19,False,400,256,0.076451,0.06563,0.085843,0.072253,1.058,0.908,813,0.06563,hst,0.891,1.165,0.765,1.165,1.0,1.4472386138826977e-16,jump,hst,1,3.415
bcspwr09,1723,6511,8,0.05,20,False,400,256,0.07647,0.066245,0.085976,0.072102,1.061,0.919,808,0.066245,hst,0.889,1.154,0.77,1.154,1.0,4.2716015826531054e-16,jump,hst,1,3.528
bcspwr09,1723,6511,8,0.05,21,False,400,256,0.076928,0.065855,0.086218,0.07244,1.062,0.909,776,0.065855,hst,0.892,1.168,0.764,1.168,1.0,9.609496773994548e-17,jump,hst,1,3.485
bcspwr09,1723,6511,8,0.25,17,False,400,256,0.076534,0.069306,0.089486,0.076432,1.001,0.907,34814,0.069306,hst,0.855,1.104,0.774,1.104,1.0,3.3992994908668667e-16,jump,hst,1,3.548
bcspwr09,1723,6511,8,0.25,18,False,400,256,0.07756,0.069556,0.089078,0.075381,1.029,0.923,1642,0.069556,hst,0.871,1.115,0.781,1.115,1.0,1.860896069197576e-16,jump,hst,1,3.579
bcspwr09,1723,6511,8,0.25,19,False,400,256,0.076211,0.069594,0.089659,0.075855,1.005,0.917,10239,0.069594,hst,0.85,1.095,0.776,1.095,1.0,1.4472386138826977e-16,jump,hst,1,3.65
bcspwr09,1723,6511,8,0.25,20,False,400,256,0.076343,0.069641,0.089235,0.075794,1.007,0.919,6476,0.069641,hst,0.856,1.096,0.78,1.096,1.0,4.2716015826531054e-16,jump,hst,1,3.558
bcspwr09,1723,6511,8,0.25,21,False,400,256,0.076915,0.069706,0.089522,0.076043,1.011,0.917,4108,0.069706,hst,0.859,1.103,0.779,1.103,1.0,9.609496773994548e-17,jump,hst,1,3.584
add32,4960,19848,8,0.0,17,False,400,256,0.014032,0.031821,0.018008,0.017553,0.799,0.799,,0.014032,delta_baseline,0.779,1.0,0.779,1.0,2.268,1.834572946307244e-16,jump,delta_baseline,0,0.0
add32,4960,19848,8,0.0,18,False,400,256,0.012897,0.030088,0.018589,0.017957,0.718,0.718,,0.012897,delta_baseline,0.694,1.0,0.694,1.0,2.333,3.8969112366871195e-16,jump,delta_baseline,0,0.0
add32,4960,19848,8,0.0,19,False,400,256,0.012787,0.02867,0.017436,0.016993,0.753,0.753,,0.012787,delta_baseline,0.733,1.0,0.733,1.0,2.242,1.440904858629578e-16,jump,delta_baseline,0,0.0
add32,4960,19848,8,0.0,20,False,400,256,0.012152,0.029987,0.017332,0.016894,0.719,0.719,,0.012152,delta_baseline,0.701,1.0,0.701,1.0,2.468,1.9189147112235067e-16,jump,delta_baseline,0,0.0
add32,4960,19848,8,0.0,21,False,400,256,0.013107,0.030646,0.017587,0.017226,0.761,0.761,,0.013107,delta_baseline,0.745,1.0,0.745,1.0,2.338,2.4073268406156015e-16,jump,delta_baseline,0,0.0
add32,4960,19848,8,0.002,17,False,400,256,0.103633,0.113054,0.144141,0.125547,0.825,0.825,,0.103633,delta_baseline,0.719,1.0,0.719,1.0,1.091,1.834572946307244e-16,jump,hst,1,5.038
add32,4960,19848,8,0.002,18,False,400,256,0.104486,0.110987,0.14327,0.124149,0.842,0.842,,0.104486,delta_baseline,0.729,1.0,0.729,1.0,1.062,3.8969112366871195e-16,jump,hst,1,5.15
add32,4960,19848,8,0.002,19,False,400,256,0.102392,0.108348,0.144196,0.125379,0.817,0.817,,0.102392,delta_baseline,0.71,1.0,0.71,1.0,1.058,1.440904858629578e-16,jump,hst,1,4.964
add32,4960,19848,8,0.002,20,False,400,256,0.103281,0.107987,0.144741,0.125642,0.822,0.822,,0.103281,delta_baseline,0.714,1.0,0.714,1.0,1.046,1.9189147112235067e-16,jump,hst,1,5.088
add32,4960,19848,8,0.002,21,False,400,256,0.102801,0.111868,0.145761,0.126285,0.814,0.814,,0.102801,delta_baseline,0.705,1.0,0.705,1.0,1.088,2.4073268406156015e-16,jump,hst,1,5.144
add32,4960,19848,8,0.01,17,False,400,256,0.102673,0.130665,0.16769,0.149286,0.688,0.688,,0.102673,delta_baseline,0.612,1.0,0.612,1.0,1.273,1.834572946307244e-16,jump,hst,1,5.603
add32,4960,19848,8,0.01,18,False,400,256,0.104457,0.13234,0.167273,0.148621,0.703,0.703,,0.104457,delta_baseline,0.624,1.0,0.624,1.0,1.267,3.8969112366871195e-16,jump,hst,1,5.55
add32,4960,19848,8,0.01,19,False,400,256,0.103932,0.131122,0.16425,0.146018,0.712,0.712,,0.103932,delta_baseline,0.633,1.0,0.633,1.0,1.262,1.440904858629578e-16,jump,hst,1,5.357
add32,4960,19848,8,0.01,20,False,400,256,0.103293,0.131404,0.167368,0.149025,0.693,0.693,,0.103293,delta_baseline,0.617,1.0,0.617,1.0,1.272,1.9189147112235067e-16,jump,hst,1,5.391
add32,4960,19848,8,0.01,21,False,400,256,0.106276,0.130961,0.166524,0.147668,0.72,0.72,,0.106276,delta_baseline,0.638,1.0,0.638,1.0,1.232,2.4073268406156015e-16,jump,hst,1,5.461
add32,4960,19848,8,0.05,17,False,400,256,0.1056,0.142838,0.17748,0.157799,0.669,0.669,,0.1056,delta_baseline,0.595,1.0,0.595,1.0,1.353,1.834572946307244e-16,jump,hst,1,6.373
add32,4960,19848,8,0.05,18,False,400,256,0.104267,0.235447,0.190343,0.156561,0.666,0.666,,0.104267,delta_baseline,0.548,1.0,0.548,1.0,2.258,3.8969112366871195e-16,jump,hst,1,8.942
add32,4960,19848,8,0.05,19,False,400,256,0.105643,0.141316,0.17921,0.159803,0.661,0.661,,0.105643,delta_baseline,0.589,1.0,0.589,1.0,1.338,1.440904858629578e-16,jump,hst,1,6.322
add32,4960,19848,8,0.05,20,False,400,256,0.103949,0.141854,0.137964,0.114081,0.911,0.911,,0.103949,delta_baseline,0.753,1.0,0.753,1.0,1.365,1.9189147112235067e-16,jump,delta_baseline,0,6.259
add32,4960,19848,8,0.05,21,False,400,256,0.103959,0.141036,0.137239,0.112745,0.922,0.922,,0.103959,delta_baseline,0.757,1.0,0.757,1.0,1.357,2.4073268406156015e-16,jump,delta_baseline,0,6.519
add32,4960,19848,8,0.25,17,False,400,256,0.106327,0.150998,0.141189,0.117072,0.908,0.908,,0.106327,delta_baseline,0.753,1.0,0.753,1.0,1.42,1.834572946307244e-16,jump,delta_baseline,0,6.675
add32,4960,19848,8,0.25,18,False,400,256,0.105573,0.149995,0.141388,0.116679,0.905,0.905,,0.105573,delta_baseline,0.747,1.0,0.747,1.0,1.421,3.8969112366871195e-16,jump,delta_baseline,0,6.943
add32,4960,19848,8,0.25,19,False,400,256,0.106691,0.1495,0.13963,0.114524,0.932,0.932,,0.106691,delta_baseline,0.764,1.0,0.764,1.0,1.401,1.440904858629578e-16,jump,delta_baseline,0,6.823
add32,4960,19848,8,0.25,20,False,400,256,0.106006,0.152069,0.140505,0.115468,0.918,0.918,,0.106006,delta_baseline,0.754,1.0,0.754,1.0,1.435,1.9189147112235067e-16,jump,delta_baseline,0,6.911
add32,4960,19848,8,0.25,21,False,400,256,0.106463,0.148741,0.141994,0.116511,0.914,0.914,,0.106463,delta_baseline,0.75,1.0,0.75,1.0,1.397,2.4073268406156015e-16,jump,delta_baseline,0,6.761
circuit_3,12127,48137,8,0.0,17,False,400,256,0.033481,0.061893,0.038133,0.036936,0.906,0.906,,0.033481,delta_baseline,0.878,1.0,0.878,1.0,1.849,6.734179160610594e-16,jump,delta_baseline,0,0.0
circuit_3,12127,48137,8,0.0,18,False,400,256,0.033516,0.063766,0.038099,0.036845,0.91,0.91,,0.033516,delta_baseline,0.88,1.0,0.88,1.0,1.903,6.734177751265342e-16,jump,delta_baseline,0,0.0
circuit_3,12127,48137,8,0.0,19,False,400,256,0.035926,0.062715,0.039426,0.037998,0.945,0.945,,0.035926,delta_baseline,0.911,1.0,0.911,1.0,1.746,1.38110199246993e-16,jump,delta_baseline,0,0.0
circuit_3,12127,48137,8,0.0,20,False,400,256,0.033898,0.064284,0.036925,0.035883,0.945,0.945,,0.033898,delta_baseline,0.918,1.0,0.918,1.0,1.896,7.407593410861525e-16,jump,delta_baseline,0,0.0
circuit_3,12127,48137,8,0.0,21,False,400,256,0.034615,0.067056,0.038324,0.037224,0.93,0.93,,0.034615,delta_baseline,0.903,1.0,0.903,1.0,1.937,6.413984212090423e-16,jump,delta_baseline,0,0.0
circuit_3,12127,48137,8,0.002,17,False,400,256,0.115743,0.159586,0.204001,0.170881,0.677,0.677,,0.115743,delta_baseline,0.567,1.0,0.567,1.0,1.379,6.734179160610594e-16,jump,hst,1,8.276
circuit_3,12127,48137,8,0.002,18,False,400,256,0.164325,0.110321,0.154566,0.119832,1.371,0.921,141,0.110321,hst,1.063,1.49,0.714,1.49,1.0,6.734177751265342e-16,jump,hst,1,6.269
circuit_3,12127,48137,8,0.002,19,False,400,256,0.357979,0.124763,0.172552,0.133509,2.681,0.934,29,0.124763,hst,2.075,2.869,0.723,2.869,1.0,1.38110199246993e-16,jump,hst,1,6.599
circuit_3,12127,48137,8,0.002,20,False,400,256,0.123073,0.1107,0.156512,0.121533,1.013,0.911,4170,0.1107,hst,0.786,1.112,0.707,1.112,1.0,7.407593410861525e-16,jump,hst,1,6.423
circuit_3,12127,48137,8,0.002,21,False,400,256,0.086563,0.1261,0.167908,0.135999,0.636,0.636,,0.086563,delta_baseline,0.516,1.0,0.516,1.0,1.457,6.413984212090423e-16,jump,hst,1,6.75
circuit_3,12127,48137,8,0.01,17,False,400,256,0.070958,0.125545,0.154388,0.134748,0.527,0.527,,0.070958,delta_baseline,0.46,1.0,0.46,1.0,1.769,6.734179160610594e-16,jump,hst,1,5.882
circuit_3,12127,48137,8,0.01,18,False,400,256,0.076467,0.122081,0.167686,0.140005,0.546,0.546,,0.076467,delta_baseline,0.456,1.0,0.456,1.0,1.597,6.734177751265342e-16,jump,hst,1,6.276
circuit_3,12127,48137,8,0.01,19,False,400,256,0.101684,0.129865,0.18104,0.141264,0.72,0.72,,0.101684,delta_baseline,0.562,1.0,0.562,1.0,1.277,1.38110199246993e-16,jump,hst,1,6.839
circuit_3,12127,48137,8,0.01,20,False,400,256,0.072875,0.123121,0.153757,0.132718,0.549,0.549,,0.072875,delta_baseline,0.474,1.0,0.474,1.0,1.689,7.407593410861525e-16,jump,hst,1,5.961
circuit_3,12127,48137,8,0.01,21,False,400,256,0.154502,0.135316,0.186077,0.149147,1.036,0.907,1333,0.135316,hst,0.83,1.142,0.727,1.142,1.0,6.413984212090423e-16,jump,hst,1,7.137
circuit_3,12127,48137,8,0.05,17,False,400,256,0.082862,0.134672,0.168039,0.143842,0.576,0.576,,0.082862,delta_baseline,0.493,1.0,0.493,1.0,1.625,6.734179160610594e-16,jump,hst,1,6.73
circuit_3,12127,48137,8,0.05,18,False,400,256,0.078447,0.139681,0.103785,0.080252,0.978,0.978,,0.078447,delta_baseline,0.756,1.0,0.756,1.0,1.781,6.734177751265342e-16,jump,delta_baseline,0,6.362
circuit_3,12127,48137,8,0.05,19,False,400,256,0.09385,0.137782,0.185754,0.14674,0.64,0.64,,0.09385,delta_baseline,0.505,1.0,0.505,1.0,1.468,1.38110199246993e-16,jump,hst,1,7.453
circuit_3,12127,48137,8,0.05,20,False,400,256,0.070836,0.137057,0.166036,0.143837,0.492,0.492,,0.070836,delta_baseline,0.427,1.0,0.427,1.0,1.935,7.407593410861525e-16,jump,hst,1,6.769
circuit_3,12127,48137,8,0.05,21,False,400,256,0.132937,0.141401,0.174596,0.148225,0.897,0.897,,0.132937,delta_baseline,0.761,1.0,0.761,1.0,1.064,6.413984212090423e-16,jump,hst,1,7.185
circuit_3,12127,48137,8,0.25,17,False,400,256,0.068304,0.144717,0.094789,0.070881,0.964,0.964,,0.068304,delta_baseline,0.721,1.0,0.721,1.0,2.119,6.734179160610594e-16,jump,delta_baseline,0,6.544
circuit_3,12127,48137,8,0.25,18,False,400,256,0.080143,0.149089,0.172964,0.152663,0.525,0.525,,0.080143,delta_baseline,0.463,1.0,0.463,1.0,1.86,6.734177751265342e-16,jump,hst,1,6.546
circuit_3,12127,48137,8,0.25,19,False,400,256,0.076669,0.146593,0.104185,0.075566,1.015,1.015,6540,0.076669,delta_baseline,0.736,1.0,0.736,1.0,1.912,1.38110199246993e-16,jump,delta_baseline,0,7.21
circuit_3,12127,48137,8,0.25,20,False,400,256,0.072167,0.144013,0.09901,0.077745,0.928,0.928,,0.072167,delta_baseline,0.729,1.0,0.729,1.0,1.996,7.407593410861525e-16,jump,delta_baseline,0,6.495
circuit_3,12127,48137,8,0.25,21,False,400,256,0.067419,0.142939,0.094256,0.069694,0.967,0.967,,0.067419,delta_baseline,0.715,1.0,0.715,1.0,2.12,6.413984212090423e-16,jump,delta_baseline,0,6.802
rajat03,7602,32653,8,0.0,17,False,400,256,0.00646,0.020755,0.007264,0.006984,0.925,0.925,,0.00646,delta_baseline,0.889,1.0,0.889,1.0,3.213,1.5389215321852664e-16,jump,delta_baseline,0,0.0
rajat03,7602,32653,8,0.0,18,False,400,256,0.006036,0.018721,0.007237,0.006923,0.872,0.872,,0.006036,delta_baseline,0.834,1.0,0.834,1.0,3.101,1.5443765292083486e-16,jump,delta_baseline,0,0.0
rajat03,7602,32653,8,0.0,19,False,400,256,0.005782,0.017421,0.007036,0.006746,0.857,0.857,,0.005782,delta_baseline,0.822,1.0,0.822,1.0,3.013,1.5991248545154193e-16,jump,delta_baseline,0,0.0
rajat03,7602,32653,8,0.0,20,False,400,256,0.0061,0.019422,0.007211,0.006922,0.881,0.881,,0.0061,delta_baseline,0.846,1.0,0.846,1.0,3.184,1.538921533552159e-16,jump,delta_baseline,0,0.0
rajat03,7602,32653,8,0.0,21,False,400,256,0.006119,0.018998,0.007225,0.006876,0.89,0.89,,0.006119,delta_baseline,0.847,1.0,0.847,1.0,3.105,1.5389215543573844e-16,jump,delta_baseline,0,0.0
rajat03,7602,32653,8,0.002,17,False,400,256,0.073122,0.090674,0.111475,0.097573,0.749,0.749,,0.073122,delta_baseline,0.656,1.0,0.656,1.0,1.24,1.5389215321852664e-16,jump,hst,1,3.963
rajat03,7602,32653,8,0.002,18,False,400,256,0.07175,0.090115,0.109637,0.097545,0.736,0.736,,0.07175,delta_baseline,0.654,1.0,0.654,1.0,1.256,1.5443765292083486e-16,jump,hst,1,3.772
rajat03,7602,32653,8,0.002,19,False,400,256,0.071921,0.090527,0.109558,0.097498,0.738,0.738,,0.071921,delta_baseline,0.656,1.0,0.656,1.0,1.259,1.5991248545154193e-16,jump,hst,1,3.823
rajat03,7602,32653,8,0.002,20,False,400,256,0.068968,0.089666,0.110574,0.098762,0.698,0.698,,0.068968,delta_baseline,0.624,1.0,0.624,1.0,1.3,1.538921533552159e-16,jump,hst,1,3.726
rajat03,7602,32653,8,0.002,21,False,400,256,0.072809,0.089358,0.11035,0.097976,0.743,0.743,,0.072809,delta_baseline,0.66,1.0,0.66,1.0,1.227,1.5389215543573844e-16,jump,hst,1,3.855
rajat03,7602,32653,8,0.01,17,False,400,256,0.075312,0.106246,0.13063,0.11732,0.642,0.642,,0.075312,delta_baseline,0.577,1.0,0.577,1.0,1.411,1.5389215321852664e-16,jump,hst,1,4.423
rajat03,7602,32653,8,0.01,18,False,400,256,0.070915,0.105465,0.129689,0.116865,0.607,0.607,,0.070915,delta_baseline,0.547,1.0,0.547,1.0,1.487,1.5443765292083486e-16,jump,hst,1,4.247
rajat03,7602,32653,8,0.01,19,False,400,256,0.070425,0.106214,0.125565,0.113766,0.619,0.619,,0.070425,delta_baseline,0.561,1.0,0.561,1.0,1.508,1.5991248545154193e-16,jump,hst,1,4.093
rajat03,7602,32653,8,0.01,20,False,400,256,0.078178,0.105868,0.128589,0.116921,0.669,0.669,,0.078178,delta_baseline,0.608,1.0,0.608,1.0,1.354,1.538921533552159e-16,jump,hst,1,4.206
rajat03,7602,32653,8,0.01,21,False,400,256,0.070898,0.102192,0.127342,0.115502,0.614,0.614,,0.070898,delta_baseline,0.557,1.0,0.557,1.0,1.441,1.5389215543573844e-16,jump,hst,1,4.19
rajat03,7602,32653,8,0.05,17,False,400,256,0.075516,0.115183,0.135584,0.120765,0.625,0.625,,0.075516,delta_baseline,0.557,1.0,0.557,1.0,1.525,1.5389215321852664e-16,jump,hst,1,4.976
rajat03,7602,32653,8,0.05,18,False,400,256,0.075326,0.115225,0.137862,0.123654,0.609,0.609,,0.075326,delta_baseline,0.546,1.0,0.546,1.0,1.53,1.5443765292083486e-16,jump,hst,1,4.719
rajat03,7602,32653,8,0.05,19,False,400,256,0.074803,0.117669,0.095169,0.078434,0.954,0.954,,0.074803,delta_baseline,0.786,1.0,0.786,1.0,1.573,1.5991248545154193e-16,jump,delta_baseline,0,4.946
rajat03,7602,32653,8,0.05,20,False,400,256,0.0786,0.118003,0.140847,0.126867,0.62,0.62,,0.0786,delta_baseline,0.558,1.0,0.558,1.0,1.501,1.538921533552159e-16,jump,hst,1,4.984
rajat03,7602,32653,8,0.05,21,False,400,256,0.078834,0.117183,0.101156,0.085318,0.924,0.924,,0.078834,delta_baseline,0.779,1.0,0.779,1.0,1.486,1.5389215543573844e-16,jump,delta_baseline,0,4.847
rajat03,7602,32653,8,0.25,17,False,400,256,0.074843,0.126958,0.09794,0.080495,0.93,0.93,,0.074843,delta_baseline,0.764,1.0,0.764,1.0,1.696,1.5389215321852664e-16,jump,delta_baseline,0,5.384
rajat03,7602,32653,8,0.25,18,False,400,256,0.076496,0.125426,0.099641,0.081728,0.936,0.936,,0.076496,delta_baseline,0.768,1.0,0.768,1.0,1.64,1.5443765292083486e-16,jump,delta_baseline,0,5.545
rajat03,7602,32653,8,0.25,19,False,400,256,0.076469,0.127072,0.0996,0.081596,0.937,0.937,,0.076469,delta_baseline,0.768,1.0,0.768,1.0,1.662,1.5991248545154193e-16,jump,delta_baseline,0,5.373
rajat03,7602,32653,8,0.25,20,False,400,256,0.0767,0.12547,0.100004,0.08195,0.936,0.936,,0.0767,delta_baseline,0.767,1.0,0.767,1.0,1.636,1.538921533552159e-16,jump,delta_baseline,0,5.435
rajat03,7602,32653,8,0.25,21,False,400,256,0.075371,0.125412,0.099524,0.081828,0.921,0.921,,0.075371,delta_baseline,0.757,1.0,0.757,1.0,1.664,1.5389215543573844e-16,jump,delta_baseline,0,5.495
bcsstk18,11948,149090,8,0.0,17,False,400,256,0.0101,0.028856,0.011398,0.010692,0.945,0.945,,0.0101,delta_baseline,0.886,1.0,0.886,1.0,2.857,8.625236741385534e-17,jump,delta_baseline,0,0.0
bcsstk18,11948,149090,8,0.0,18,False,400,256,0.009743,0.02843,0.011129,0.010384,0.938,0.938,,0.009743,delta_baseline,0.875,1.0,0.875,1.0,2.918,1.7955529896133775e-16,jump,delta_baseline,0,0.0
bcsstk18,11948,149090,8,0.0,19,False,400,256,0.008734,0.026499,0.010336,0.009693,0.901,0.901,,0.008734,delta_baseline,0.845,1.0,0.845,1.0,3.034,1.3804959837172369e-16,jump,delta_baseline,0,0.0
bcsstk18,11948,149090,8,0.0,20,False,400,256,0.008968,0.026356,0.010223,0.009578,0.936,0.936,,0.008968,delta_baseline,0.877,1.0,0.877,1.0,2.939,2.057824038214574e-16,jump,delta_baseline,0,0.0
bcsstk18,11948,149090,8,0.0,21,False,400,256,0.009174,0.026153,0.010804,0.010145,0.904,0.904,,0.009174,delta_baseline,0.849,1.0,0.849,1.0,2.851,3.703333649681202e-16,jump,delta_baseline,0,0.0
bcsstk18,11948,149090,8,0.002,17,False,400,256,0.210839,0.157512,0.190213,0.166363,1.267,0.947,127,0.157512,hst,1.108,1.339,0.828,1.339,1.0,8.625236741385534e-17,jump,hst,1,5.666
bcsstk18,11948,149090,8,0.002,18,False,400,256,0.213744,0.158277,0.192883,0.168769,1.266,0.938,129,0.158277,hst,1.108,1.35,0.821,1.35,1.0,1.7955529896133775e-16,jump,hst,1,5.796
bcsstk18,11948,149090,8,0.002,19,False,400,256,0.194325,0.15767,0.189809,0.169537,1.146,0.93,224,0.15767,hst,1.024,1.232,0.831,1.232,1.0,1.3804959837172369e-16,jump,hst,1,5.557
bcsstk18,11948,149090,8,0.002,20,False,400,256,0.186967,0.155391,0.188648,0.167218,1.118,0.929,293,0.155391,hst,0.991,1.203,0.824,1.203,1.0,2.057824038214574e-16,jump,hst,1,5.785
bcsstk18,11948,149090,8,0.002,21,False,400,256,0.211776,0.15597,0.190756,0.167509,1.264,0.931,131,0.15597,hst,1.11,1.358,0.818,1.358,1.0,3.703333649681202e-16,jump,hst,1,5.787
bcsstk18,11948,149090,8,0.01,17,False,400,256,0.198072,0.188089,0.224578,0.202138,0.98,0.93,,0.188089,hst,0.882,1.053,0.838,1.053,1.0,8.625236741385534e-17,jump,hst,1,6.38
bcsstk18,11948,149090,8,0.01,18,False,400,256,0.192592,0.187549,0.222946,0.200258,0.962,0.937,,0.187549,hst,0.864,1.027,0.841,1.027,1.0,1.7955529896133775e-16,jump,hst,1,6.37
bcsstk18,11948,149090,8,0.01,19,False,400,256,0.188973,0.19021,0.223291,0.204082,0.926,0.926,,0.188973,delta_baseline,0.846,1.0,0.846,1.0,1.007,1.3804959837172369e-16,jump,hst,1,6.342
bcsstk18,11948,149090,8,0.01,20,False,400,256,0.186097,0.192271,0.221425,0.201442,0.924,0.924,,0.186097,delta_baseline,0.84,1.0,0.84,1.0,1.033,2.057824038214574e-16,jump,hst,1,6.343
bcsstk18,11948,149090,8,0.01,21,False,400,256,0.189153,0.182745,0.21832,0.19732,0.959,0.926,,0.182745,hst,0.866,1.035,0.837,1.035,1.0,3.703333649681202e-16,jump,hst,1,6.171
bcsstk18,11948,149090,8,0.05,17,False,400,256,0.185689,0.206499,0.241893,0.217083,0.855,0.855,,0.185689,delta_baseline,0.768,1.0,0.768,1.0,1.112,8.625236741385534e-17,jump,hst,1,8.071
bcsstk18,11948,149090,8,0.05,18,False,400,256,0.186186,0.204357,0.239615,0.216554,0.86,0.86,,0.186186,delta_baseline,0.777,1.0,0.777,1.0,1.098,1.7955529896133775e-16,jump,hst,1,7.879
bcsstk18,11948,149090,8,0.05,19,False,400,256,0.179867,0.203537,0.238247,0.216648,0.83,0.83,,0.179867,delta_baseline,0.755,1.0,0.755,1.0,1.132,1.3804959837172369e-16,jump,hst,1,7.853
bcsstk18,11948,149090,8,0.05,20,False,400,256,0.181626,0.202976,0.235799,0.21315,0.852,0.852,,0.181626,delta_baseline,0.77,1.0,0.77,1.0,1.118,2.057824038214574e-16,jump,hst,1,8.009
bcsstk18,11948,149090,8,0.05,21,False,400,256,0.185548,0.20623,0.236668,0.214152,0.866,0.866,,0.185548,delta_baseline,0.784,1.0,0.784,1.0,1.111,3.703333649681202e-16,jump,hst,1,7.875
bcsstk18,11948,149090,8,0.25,17,False,400,256,0.184341,0.215224,0.218469,0.191893,0.961,0.961,,0.184341,delta_baseline,0.844,1.0,0.844,1.0,1.168,8.625236741385534e-17,jump,delta_baseline,0,9.067
bcsstk18,11948,149090,8,0.25,18,False,400,256,0.186416,0.215347,0.221187,0.194054,0.961,0.961,,0.186416,delta_baseline,0.843,1.0,0.843,1.0,1.155,1.7955529896133775e-16,jump,delta_baseline,0,9.191
bcsstk18,11948,149090,8,0.25,19,False,400,256,0.184797,0.216288,0.217926,0.191009,0.967,0.967,,0.184797,delta_baseline,0.848,1.0,0.848,1.0,1.17,1.3804959837172369e-16,jump,delta_baseline,0,9.198
bcsstk18,11948,149090,8,0.25,20,False,400,256,0.182599,0.21588,0.216455,0.189563,0.963,0.963,,0.182599,delta_baseline,0.844,1.0,0.844,1.0,1.182,2.057824038214574e-16,jump,delta_baseline,0,9.156
bcsstk18,11948,149090,8,0.25,21,False,400,256,0.183341,0.216692,0.216602,0.190123,0.964,0.964,,0.183341,delta_baseline,0.846,1.0,0.846,1.0,1.182,3.703333649681202e-16,jump,delta_baseline,0,9.073
bcsstk25,15439,252241,8,0.0,17,False,400,256,0.011362,0.030522,0.012804,0.011998,0.947,0.947,,0.011362,delta_baseline,0.887,1.0,0.887,1.0,2.686,1.4310126622262146e-16,jump,delta_baseline,0,0.0
bcsstk25,15439,252241,8,0.0,18,False,400,256,0.01102,0.028055,0.012869,0.012048,0.915,0.915,,0.01102,delta_baseline,0.856,1.0,0.856,1.0,2.546,2.218697631478781e-16,jump,delta_baseline,0,0.0
bcsstk25,15439,252241,8,0.0,19,False,400,256,0.01047,0.03548,0.011987,0.011265,0.929,0.929,,0.01047,delta_baseline,0.873,1.0,0.873,1.0,3.389,9.427442670147338e-17,jump,delta_baseline,0,0.0
bcsstk25,15439,252241,8,0.0,20,False,400,256,0.011225,0.026888,0.012851,0.01209,0.928,0.928,,0.011225,delta_baseline,0.874,1.0,0.874,1.0,2.395,1.4798782495741104e-16,jump,delta_baseline,0,0.0
bcsstk25,15439,252241,8,0.0,21,False,400,256,0.010099,0.032072,0.011715,0.011047,0.914,0.914,,0.010099,delta_baseline,0.862,1.0,0.862,1.0,3.176,1.5323971434071406e-16,jump,delta_baseline,0,0.0
bcsstk25,15439,252241,8,0.002,17,False,400,256,0.240579,0.167933,0.206239,0.179904,1.337,0.933,101,0.167933,hst,1.167,1.433,0.814,1.433,1.0,1.4310126622262146e-16,jump,hst,1,6.156
bcsstk25,15439,252241,8,0.002,18,False,400,256,0.240623,0.168278,0.204702,0.179057,1.344,0.94,98,0.168278,hst,1.175,1.43,0.822,1.43,1.0,2.218697631478781e-16,jump,hst,1,6.064
bcsstk25,15439,252241,8,0.002,19,False,400,256,0.226873,0.177224,0.213703,0.18944,1.198,0.936,176,0.177224,hst,1.062,1.28,0.829,1.28,1.0,9.427442670147338e-17,jump,hst,1,6.579
bcsstk25,15439,252241,8,0.002,20,False,400,256,0.244242,0.167454,0.207705,0.180776,1.351,0.926,98,0.167454,hst,1.176,1.459,0.806,1.459,1.0,1.4798782495741104e-16,jump,hst,1,6.194
bcsstk25,15439,252241,8,0.002,21,False,400,256,0.226966,0.17101,0.207711,0.183316,1.238,0.933,149,0.17101,hst,1.093,1.327,0.823,1.327,1.0,1.5323971434071406e-16,jump,hst,1,6.512
bcsstk25,15439,252241,8,0.01,17,False,400,256,0.227996,0.206313,0.242498,0.217964,1.046,0.947,688,0.206313,hst,0.94,1.105,0.851,1.105,1.0,1.4310126622262146e-16,jump,hst,1,6.9
bcsstk25,15439,252241,8,0.01,18,False,400,256,0.226063,0.205902,0.249359,0.224445,1.007,0.917,4361,0.205902,hst,0.907,1.098,0.826,1.098,1.0,2.218697631478781e-16,jump,hst,1,7.055
bcsstk25,15439,252241,8,0.01,19,False,400,256,0.219739,0.206438,0.248325,0.225331,0.975,0.916,,0.206438,hst,0.885,1.064,0.831,1.064,1.0,9.427442670147338e-17,jump,hst,1,7.303
bcsstk25,15439,252241,8,0.01,20,False,400,256,0.231506,0.203784,0.247567,0.223045,1.038,0.914,814,0.203784,hst,0.935,1.136,0.823,1.136,1.0,1.4798782495741104e-16,jump,hst,1,6.884
bcsstk25,15439,252241,8,0.01,21,False,400,256,0.223687,0.206506,0.246936,0.224728,0.995,0.919,,0.206506,hst,0.906,1.083,0.836,1.083,1.0,1.5323971434071406e-16,jump,hst,1,7.191
bcsstk25,15439,252241,8,0.05,17,False,400,256,0.216814,0.22772,0.267693,0.241289,0.899,0.899,,0.216814,delta_baseline,0.81,1.0,0.81,1.0,1.05,1.4310126622262146e-16,jump,hst,1,8.999
bcsstk25,15439,252241,8,0.05,18,False,400,256,0.217998,0.225979,0.268851,0.242489,0.899,0.899,,0.217998,delta_baseline,0.811,1.0,0.811,1.0,1.037,2.218697631478781e-16,jump,hst,1,8.984
bcsstk25,15439,252241,8,0.05,19,False,400,256,0.21483,0.239241,0.265892,0.239554,0.897,0.897,,0.21483,delta_baseline,0.808,1.0,0.808,1.0,1.114,9.427442670147338e-17,jump,hst,1,9.28
bcsstk25,15439,252241,8,0.05,20,False,400,256,0.218245,0.227771,0.267655,0.241154,0.905,0.905,,0.218245,delta_baseline,0.815,1.0,0.815,1.0,1.044,1.4798782495741104e-16,jump,hst,1,8.917
bcsstk25,15439,252241,8,0.05,21,False,400,256,0.21518,0.226267,0.265479,0.241131,0.892,0.892,,0.21518,delta_baseline,0.811,1.0,0.811,1.0,1.052,1.5323971434071406e-16,jump,hst,1,8.995
bcsstk25,15439,252241,8,0.25,17,False,400,256,0.215689,0.244495,0.252823,0.222402,0.97,0.97,,0.215689,delta_baseline,0.853,1.0,0.853,1.0,1.134,1.4310126622262146e-16,jump,delta_baseline,0,10.541
bcsstk25,15439,252241,8,0.25,18,False,400,256,0.21439,0.246548,0.252762,0.222091,0.965,0.965,,0.21439,delta_baseline,0.848,1.0,0.848,1.0,1.15,2.218697631478781e-16,jump,delta_baseline,0,10.604
bcsstk25,15439,252241,8,0.25,19,False,400,256,0.215831,0.245042,0.252723,0.222284,0.971,0.971,,0.215831,delta_baseline,0.854,1.0,0.854,1.0,1.135,9.427442670147338e-17,jump,delta_baseline,0,10.725
bcsstk25,15439,252241,8,0.25,20,False,400,256,0.217259,0.246946,0.255267,0.22445,0.968,0.968,,0.217259,delta_baseline,0.851,1.0,0.851,1.0,1.137,1.4798782495741104e-16,jump,delta_baseline,0,10.756
bcsstk25,15439,252241,8,0.25,21,False,400,256,0.21514,0.246415,0.253466,0.223316,0.963,0.963,,0.21514,delta_baseline,0.849,1.0,0.849,1.0,1.145,1.5323971434071406e-16,jump,delta_baseline,0,10.641
msc10848,10848,1229776,8,0.0,17,False,400,256,0.048068,0.086296,0.049634,0.045919,1.047,1.047,0,0.048068,delta_baseline,0.968,1.0,0.968,1.0,1.795,3.632031213502581e-16,jump,delta_baseline,0,0.0
msc10848,10848,1229776,8,0.0,18,False,400,256,0.053138,0.077534,0.05449,0.050244,1.058,1.058,0,0.053138,delta_baseline,0.975,1.0,0.975,1.0,1.459,6.160502327889403e-16,jump,delta_baseline,0,0.0
msc10848,10848,1229776,8,0.0,19,False,400,256,0.051509,0.083995,0.053256,0.049205,1.047,1.047,0,0.051509,delta_baseline,0.967,1.0,0.967,1.0,1.631,4.460432847857754e-16,jump,delta_baseline,0,0.0
msc10848,10848,1229776,8,0.0,20,False,400,256,0.051804,0.08723,0.053246,0.049254,1.052,1.052,0,0.051804,delta_baseline,0.973,1.0,0.973,1.0,1.684,3.2856469467467963e-16,jump,delta_baseline,0,0.0
msc10848,10848,1229776,8,0.0,21,False,400,256,0.048859,0.089253,0.049962,0.046092,1.06,1.06,0,0.048859,delta_baseline,0.978,1.0,0.978,1.0,1.827,5.305500907434564e-16,jump,delta_baseline,0,0.0
msc10848,10848,1229776,8,0.002,17,False,400,256,1.564562,0.334934,0.360539,0.345711,4.526,0.969,1,0.334934,hst,4.34,4.671,0.929,4.671,1.0,3.632031213502581e-16,jump,hst,1,1.528
msc10848,10848,1229776,8,0.002,18,False,400,256,1.646174,0.329563,0.357195,0.339274,4.852,0.971,1,0.329563,hst,4.609,4.995,0.923,4.995,1.0,6.160502327889403e-16,jump,hst,1,1.51
msc10848,10848,1229776,8,0.002,19,False,400,256,1.620297,0.331944,0.360485,0.343233,4.721,0.967,1,0.331944,hst,4.495,4.881,0.921,4.881,1.0,4.460432847857754e-16,jump,hst,1,1.543
msc10848,10848,1229776,8,0.002,20,False,400,256,1.654613,0.335894,0.369828,0.35236,4.696,0.953,1,0.335894,hst,4.474,4.926,0.908,4.926,1.0,3.2856469467467963e-16,jump,hst,1,1.581
msc10848,10848,1229776,8,0.002,21,False,400,256,1.552718,0.325399,0.356823,0.340134,4.565,0.957,1,0.325399,hst,4.352,4.772,0.912,4.772,1.0,5.305500907434564e-16,jump,hst,1,1.545
msc10848,10848,1229776,8,0.01,17,False,400,256,1.596035,0.411815,0.44147,0.428303,3.726,0.962,1,0.411815,hst,3.615,3.876,0.933,3.876,1.0,3.632031213502581e-16,jump,hst,1,1.594
msc10848,10848,1229776,8,0.01,18,False,400,256,1.596673,0.402842,0.447245,0.432152,3.695,0.932,1,0.402842,hst,3.57,3.964,0.901,3.964,1.0,6.160502327889403e-16,jump,hst,1,1.618
msc10848,10848,1229776,8,0.01,19,False,400,256,1.595719,0.393858,0.430614,0.416304,3.833,0.946,1,0.393858,hst,3.706,4.052,0.915,4.052,1.0,4.460432847857754e-16,jump,hst,1,1.592
msc10848,10848,1229776,8,0.01,20,False,400,256,1.570496,0.401805,0.439049,0.423909,3.705,0.948,1,0.401805,hst,3.577,3.909,0.915,3.909,1.0,3.2856469467467963e-16,jump,hst,1,1.572
msc10848,10848,1229776,8,0.01,21,False,400,256,1.557504,0.405001,0.440608,0.42814,3.638,0.946,1,0.405001,hst,3.535,3.846,0.919,3.846,1.0,5.305500907434564e-16,jump,hst,1,1.58
msc10848,10848,1229776,8,0.05,17,False,400,256,1.566069,0.446008,0.480122,0.460263,3.403,0.969,2,0.446008,hst,3.262,3.511,0.929,3.511,1.0,3.632031213502581e-16,jump,hst,1,2.004
msc10848,10848,1229776,8,0.05,18,False,400,256,1.56447,0.447584,0.48215,0.461028,3.393,0.971,2,0.447584,hst,3.245,3.495,0.928,3.495,1.0,6.160502327889403e-16,jump,hst,1,1.918
msc10848,10848,1229776,8,0.05,19,False,400,256,1.563382,0.443534,0.479584,0.458974,3.406,0.966,2,0.443534,hst,3.26,3.525,0.925,3.525,1.0,4.460432847857754e-16,jump,hst,1,1.915
msc10848,10848,1229776,8,0.05,20,False,400,256,1.550701,0.442924,0.480639,0.457935,3.386,0.967,2,0.442924,hst,3.226,3.501,0.922,3.501,1.0,3.2856469467467963e-16,jump,hst,1,1.939
msc10848,10848,1229776,8,0.05,21,False,400,256,1.555449,0.444692,0.479167,0.458058,3.396,0.971,2,0.444692,hst,3.246,3.498,0.928,3.498,1.0,5.305500907434564e-16,jump,hst,1,2.072
msc10848,10848,1229776,8,0.25,17,False,400,256,1.556789,0.473406,0.634195,0.496086,3.138,0.954,18,0.473406,hst,2.455,3.288,0.746,3.288,1.0,3.632031213502581e-16,jump,hst,1,19.599
msc10848,10848,1229776,8,0.25,18,False,400,256,1.550562,0.4733,0.637304,0.495771,3.128,0.955,19,0.4733,hst,2.433,3.276,0.743,3.276,1.0,6.160502327889403e-16,jump,hst,1,20.136
msc10848,10848,1229776,8,0.25,19,False,400,256,1.55547,0.4745,0.63506,0.496358,3.134,0.956,19,0.4745,hst,2.449,3.278,0.747,3.278,1.0,4.460432847857754e-16,jump,hst,1,19.998
msc10848,10848,1229776,8,0.25,20,False,400,256,1.562967,0.474313,0.634838,0.496845,3.146,0.955,18,0.474313,hst,2.462,3.295,0.747,3.295,1.0,3.2856469467467963e-16,jump,hst,1,19.672
msc10848,10848,1229776,8,0.25,21,False,400,256,1.564234,0.476957,0.641002,0.501851,3.117,0.95,19,0.476957,hst,2.44,3.28,0.744,3.28,1.0,5.305500907434564e-16,jump,hst,1,19.848
nasa2910,2910,174296,8,0.0,17,False,400,256,0.027549,0.042263,0.02873,0.02661,1.035,1.035,0,0.027549,delta_baseline,0.959,1.0,0.959,1.0,1.534,2.8038709295888876e-16,jump,delta_baseline,0,0.0
nasa2910,2910,174296,8,0.0,18,False,400,256,0.025334,0.035433,0.026701,0.024686,1.026,1.026,0,0.025334,delta_baseline,0.949,1.0,0.949,1.0,1.399,3.799423773445064e-16,jump,delta_baseline,0,0.0
nasa2910,2910,174296,8,0.0,19,False,400,256,0.027967,0.03879,0.029546,0.027341,1.023,1.023,0,0.027967,delta_baseline,0.947,1.0,0.947,1.0,1.387,3.9854920332226225e-16,jump,delta_baseline,0,0.0
nasa2910,2910,174296,8,0.0,20,False,400,256,0.025583,0.035068,0.026791,0.024731,1.034,1.034,0,0.025583,delta_baseline,0.955,1.0,0.955,1.0,1.371,3.799423773445064e-16,jump,delta_baseline,0,0.0
nasa2910,2910,174296,8,0.0,21,False,400,256,0.025127,0.037109,0.026437,0.024479,1.026,1.026,0,0.025127,delta_baseline,0.95,1.0,0.95,1.0,1.477,3.170894107257953e-16,jump,delta_baseline,0,0.0
nasa2910,2910,174296,8,0.002,17,False,400,256,0.817626,0.162557,0.1828,0.172169,4.749,0.944,1,0.162557,hst,4.473,5.03,0.889,5.03,1.0,2.8038709295888876e-16,jump,hst,1,0.858
nasa2910,2910,174296,8,0.002,18,False,400,256,0.800863,0.158571,0.172885,0.164494,4.869,0.964,1,0.158571,hst,4.632,5.05,0.917,5.05,1.0,3.799423773445064e-16,jump,hst,1,0.73
nasa2910,2910,174296,8,0.002,19,False,400,256,0.829809,0.154692,0.174659,0.163374,5.079,0.947,1,0.154692,hst,4.751,5.364,0.886,5.364,1.0,3.9854920332226225e-16,jump,hst,1,0.839
nasa2910,2910,174296,8,0.002,20,False,400,256,0.792393,0.153157,0.174412,0.165975,4.774,0.923,1,0.153157,hst,4.543,5.174,0.878,5.174,1.0,3.799423773445064e-16,jump,hst,1,0.776
nasa2910,2910,174296,8,0.002,21,False,400,256,0.784474,0.15323,0.174675,0.165737,4.733,0.925,1,0.15323,hst,4.491,5.12,0.877,5.12,1.0,3.170894107257953e-16,jump,hst,1,0.792
nasa2910,2910,174296,8,0.01,17,False,400,256,0.797085,0.201027,0.222987,0.213817,3.728,0.94,2,0.201027,hst,3.575,3.965,0.902,3.965,1.0,2.8038709295888876e-16,jump,hst,1,0.894
nasa2910,2910,174296,8,0.01,18,False,400,256,0.792581,0.192839,0.21402,0.206357,3.841,0.934,1,0.192839,hst,3.703,4.11,0.901,4.11,1.0,3.799423773445064e-16,jump,hst,1,0.818
nasa2910,2910,174296,8,0.01,19,False,400,256,0.814432,0.198374,0.221494,0.211629,3.848,0.937,2,0.198374,hst,3.677,4.106,0.896,4.106,1.0,3.9854920332226225e-16,jump,hst,1,0.935
nasa2910,2910,174296,8,0.01,20,False,400,256,0.812313,0.200793,0.220555,0.213024,3.813,0.943,1,0.200793,hst,3.683,4.046,0.91,4.046,1.0,3.799423773445064e-16,jump,hst,1,0.814
nasa2910,2910,174296,8,0.01,21,False,400,256,0.785368,0.197595,0.219519,0.211858,3.707,0.933,2,0.197595,hst,3.578,3.975,0.9,3.975,1.0,3.170894107257953e-16,jump,hst,1,0.861
nasa2910,2910,174296,8,0.05,17,False,400,256,0.788716,0.215652,0.236712,0.223634,3.527,0.964,2,0.215652,hst,3.332,3.657,0.911,3.657,1.0,2.8038709295888876e-16,jump,hst,1,1.028
nasa2910,2910,174296,8,0.05,18,False,400,256,0.786355,0.211639,0.234915,0.224358,3.505,0.943,2,0.211639,hst,3.347,3.716,0.901,3.716,1.0,3.799423773445064e-16,jump,hst,1,1.021
nasa2910,2910,174296,8,0.05,19,False,400,256,0.789555,0.213767,0.238285,0.225051,3.508,0.95,2,0.213767,hst,3.313,3.694,0.897,3.694,1.0,3.9854920332226225e-16,jump,hst,1,1.13
nasa2910,2910,174296,8,0.05,20,False,400,256,0.782651,0.214805,0.238645,0.226668,3.453,0.948,2,0.214805,hst,3.28,3.644,0.9,3.644,1.0,3.799423773445064e-16,jump,hst,1,1.053
nasa2910,2910,174296,8,0.05,21,False,400,256,0.785135,0.214752,0.235797,0.223601,3.511,0.96,2,0.214752,hst,3.33,3.656,0.911,3.656,1.0,3.170894107257953e-16,jump,hst,1,1.102
nasa2910,2910,174296,8,0.25,17,False,400,256,0.789886,0.221815,0.313248,0.238532,3.311,0.93,18,0.221815,hst,2.522,3.561,0.708,3.561,1.0,2.8038709295888876e-16,jump,hst,1,9.902
nasa2910,2910,174296,8,0.25,18,False,400,256,0.785341,0.225104,0.312782,0.240463,3.266,0.936,18,0.225104,hst,2.511,3.489,0.72,3.489,1.0,3.799423773445064e-16,jump,hst,1,9.826
nasa2910,2910,174296,8,0.25,19,False,400,256,0.791547,0.222792,0.312125,0.237215,3.337,0.939,18,0.222792,hst,2.536,3.553,0.714,3.553,1.0,3.9854920332226225e-16,jump,hst,1,10.022
nasa2910,2910,174296,8,0.25,20,False,400,256,0.787339,0.222283,0.314004,0.238964,3.295,0.93,19,0.222283,hst,2.507,3.542,0.708,3.542,1.0,3.799423773445064e-16,jump,hst,1,10.183
nasa2910,2910,174296,8,0.25,21,False,400,256,0.786366,0.22137,0.311376,0.238732,3.294,0.927,18,0.22137,hst,2.525,3.552,0.711,3.552,1.0,3.170894107257953e-16,jump,hst,1,9.833
s3rmt3m3,5357,207123,8,0.0,17,False,400,256,0.017768,0.029663,0.018765,0.017466,1.017,1.017,0,0.017768,delta_baseline,0.947,1.0,0.947,1.0,1.669,4.0558810500666957e-16,jump,delta_baseline,0,0.0
s3rmt3m3,5357,207123,8,0.0,18,False,400,256,0.016076,0.027164,0.017494,0.016271,0.988,0.988,,0.016076,delta_baseline,0.919,1.0,0.919,1.0,1.69,4.602754019127631e-16,jump,delta_baseline,0,0.0
s3rmt3m3,5357,207123,8,0.0,19,False,400,256,0.01754,0.027535,0.018712,0.017416,1.007,1.007,0,0.01754,delta_baseline,0.937,1.0,0.937,1.0,1.57,3.6103403035014226e-16,jump,delta_baseline,0,0.0
s3rmt3m3,5357,207123,8,0.0,20,False,400,256,0.016135,0.027763,0.017273,0.016063,1.005,1.005,0,0.016135,delta_baseline,0.934,1.0,0.934,1.0,1.721,3.8491695538458903e-16,jump,delta_baseline,0,0.0
s3rmt3m3,5357,207123,8,0.0,21,False,400,256,0.016295,0.026312,0.017362,0.016114,1.011,1.011,0,0.016295,delta_baseline,0.939,1.0,0.939,1.0,1.615,4.3170597187208097e-16,jump,delta_baseline,0,0.0
s3rmt3m3,5357,207123,8,0.002,17,False,400,256,0.480843,0.133054,0.14707,0.1422,3.381,0.936,2,0.133054,hst,3.269,3.614,0.905,3.614,1.0,4.0558810500666957e-16,jump,hst,1,0.658
s3rmt3m3,5357,207123,8,0.002,18,False,400,256,0.465226,0.130349,0.143821,0.139572,3.333,0.934,2,0.130349,hst,3.235,3.569,0.906,3.569,1.0,4.602754019127631e-16,jump,hst,1,0.641
s3rmt3m3,5357,207123,8,0.002,19,False,400,256,0.484122,0.136983,0.148784,0.143595,3.371,0.954,2,0.136983,hst,3.254,3.534,0.921,3.534,1.0,3.6103403035014226e-16,jump,hst,1,0.666
s3rmt3m3,5357,207123,8,0.002,20,False,400,256,0.461704,0.132962,0.149862,0.14584,3.166,0.912,2,0.132962,hst,3.081,3.472,0.887,3.472,1.0,3.8491695538458903e-16,jump,hst,1,0.672
s3rmt3m3,5357,207123,8,0.002,21,False,400,256,0.466203,0.132497,0.149962,0.145618,3.202,0.91,2,0.132497,hst,3.109,3.519,0.884,3.519,1.0,4.3170597187208097e-16,jump,hst,1,0.659
s3rmt3m3,5357,207123,8,0.01,17,False,400,256,0.481155,0.166807,0.183271,0.179561,2.68,0.929,2,0.166807,hst,2.625,2.885,0.91,2.885,1.0,4.0558810500666957e-16,jump,hst,1,0.719
s3rmt3m3,5357,207123,8,0.01,18,False,400,256,0.464934,0.162718,0.1784,0.175329,2.652,0.928,2,0.162718,hst,2.606,2.857,0.912,2.857,1.0,4.602754019127631e-16,jump,hst,1,0.677
s3rmt3m3,5357,207123,8,0.01,19,False,400,256,0.480031,0.162733,0.179592,0.175418,2.737,0.928,2,0.162733,hst,2.673,2.95,0.906,2.95,1.0,3.6103403035014226e-16,jump,hst,1,0.694
s3rmt3m3,5357,207123,8,0.01,20,False,400,256,0.481864,0.162432,0.180593,0.177768,2.711,0.914,2,0.162432,hst,2.668,2.967,0.899,2.967,1.0,3.8491695538458903e-16,jump,hst,1,0.68
s3rmt3m3,5357,207123,8,0.01,21,False,400,256,0.480626,0.163208,0.180818,0.177981,2.7,0.917,2,0.163208,hst,2.658,2.945,0.903,2.945,1.0,4.3170597187208097e-16,jump,hst,1,0.651
s3rmt3m3,5357,207123,8,0.05,17,False,400,256,0.475643,0.1811,0.196111,0.189513,2.51,0.956,3,0.1811,hst,2.425,2.626,0.923,2.626,1.0,4.0558810500666957e-16,jump,hst,1,0.828
s3rmt3m3,5357,207123,8,0.05,18,False,400,256,0.47126,0.179841,0.196532,0.190294,2.476,0.945,3,0.179841,hst,2.398,2.62,0.915,2.62,1.0,4.602754019127631e-16,jump,hst,1,0.852
s3rmt3m3,5357,207123,8,0.05,19,False,400,256,0.473496,0.181697,0.200495,0.193143,2.452,0.941,3,0.181697,hst,2.362,2.606,0.906,2.606,1.0,3.6103403035014226e-16,jump,hst,1,0.864
s3rmt3m3,5357,207123,8,0.05,20,False,400,256,0.474804,0.180187,0.196071,0.190039,2.498,0.948,3,0.180187,hst,2.422,2.635,0.919,2.635,1.0,3.8491695538458903e-16,jump,hst,1,0.87
s3rmt3m3,5357,207123,8,0.05,21,False,400,256,0.471529,0.182165,0.198405,0.191985,2.456,0.949,3,0.182165,hst,2.377,2.588,0.918,2.588,1.0,4.3170597187208097e-16,jump,hst,1,0.853
s3rmt3m3,5357,207123,8,0.25,17,False,400,256,0.473466,0.190692,0.251495,0.203623,2.325,0.936,31,0.190692,hst,1.883,2.483,0.758,2.483,1.0,4.0558810500666957e-16,jump,hst,1,8.461
s3rmt3m3,5357,207123,8,0.25,18,False,400,256,0.474763,0.191618,0.249985,0.20273,2.342,0.945,31,0.191618,hst,1.899,2.478,0.767,2.478,1.0,4.602754019127631e-16,jump,hst,1,8.444
s3rmt3m3,5357,207123,8,0.25,19,False,400,256,0.469454,0.191149,0.251809,0.203829,2.303,0.938,32,0.191149,hst,1.864,2.456,0.759,2.456,1.0,3.6103403035014226e-16,jump,hst,1,8.58
s3rmt3m3,5357,207123,8,0.25,20,False,400,256,0.472691,0.188552,0.248274,0.200883,2.353,0.939,31,0.188552,hst,1.904,2.507,0.759,2.507,1.0,3.8491695538458903e-16,jump,hst,1,8.394
s3rmt3m3,5357,207123,8,0.25,21,False,400,256,0.472312,0.186925,0.248239,0.201514,2.344,0.928,31,0.186925,hst,1.903,2.527,0.753,2.527,1.0,4.3170597187208097e-16,jump,hst,1,8.412
olafu,16146,1015156,8,0.0,17,False,400,256,0.024331,0.053928,0.025521,0.023677,1.028,1.028,0,0.024331,delta_baseline,0.953,1.0,0.953,1.0,2.216,5.582074938205133e-16,jump,delta_baseline,0,0.0
olafu,16146,1015156,8,0.0,18,False,400,256,0.022394,0.04357,0.024032,0.022474,0.996,0.996,,0.022394,delta_baseline,0.932,1.0,0.932,1.0,1.946,6.4036469396236e-16,jump,delta_baseline,0,0.0
olafu,16146,1015156,8,0.0,19,False,400,256,0.023775,0.058049,0.02498,0.023346,1.018,1.018,0,0.023775,delta_baseline,0.952,1.0,0.952,1.0,2.442,4.864534386882603e-16,jump,delta_baseline,0,0.0
olafu,16146,1015156,8,0.0,20,False,400,256,0.025623,0.042778,0.026653,0.024653,1.039,1.039,0,0.025623,delta_baseline,0.961,1.0,0.961,1.0,1.67,8.4320949564375e-16,jump,delta_baseline,0,0.0
olafu,16146,1015156,8,0.0,21,False,400,256,0.029326,0.040878,0.031034,0.028785,1.019,1.019,0,0.029326,delta_baseline,0.945,1.0,0.945,1.0,1.394,5.998259265642777e-16,jump,delta_baseline,0,0.0
olafu,16146,1015156,8,0.002,17,False,400,256,0.730224,0.244414,0.257357,0.251926,2.899,0.97,2,0.244414,hst,2.837,2.988,0.95,2.988,1.0,5.582074938205133e-16,jump,hst,1,1.175
olafu,16146,1015156,8,0.002,18,False,400,256,0.656441,0.233285,0.24793,0.24338,2.697,0.959,3,0.233285,hst,2.648,2.814,0.941,2.814,1.0,6.4036469396236e-16,jump,hst,1,1.05
olafu,16146,1015156,8,0.002,19,False,400,256,0.678695,0.236666,0.252211,0.247182,2.746,0.957,3,0.236666,hst,2.691,2.868,0.938,2.868,1.0,4.864534386882603e-16,jump,hst,1,1.239
olafu,16146,1015156,8,0.002,20,False,400,256,0.742537,0.228425,0.245493,0.239043,3.106,0.956,2,0.228425,hst,3.025,3.251,0.93,3.251,1.0,8.4320949564375e-16,jump,hst,1,1.099
olafu,16146,1015156,8,0.002,21,False,400,256,0.802882,0.224312,0.242216,0.233859,3.433,0.959,2,0.224312,hst,3.315,3.579,0.926,3.579,1.0,5.998259265642777e-16,jump,hst,1,1.111
olafu,16146,1015156,8,0.01,17,False,400,256,0.725674,0.295174,0.310262,0.306581,2.367,0.963,3,0.295174,hst,2.339,2.458,0.951,2.458,1.0,5.582074938205133e-16,jump,hst,1,1.257
olafu,16146,1015156,8,0.01,18,False,400,256,0.709112,0.288389,0.309167,0.307956,2.303,0.936,3,0.288389,hst,2.294,2.459,0.933,2.459,1.0,6.4036469396236e-16,jump,hst,1,1.143
olafu,16146,1015156,8,0.01,19,False,400,256,0.722906,0.291268,0.313221,0.309998,2.332,0.94,3,0.291268,hst,2.308,2.482,0.93,2.482,1.0,4.864534386882603e-16,jump,hst,1,1.325
olafu,16146,1015156,8,0.01,20,False,400,256,0.738558,0.29012,0.308722,0.304908,2.422,0.951,3,0.29012,hst,2.392,2.546,0.94,2.546,1.0,8.4320949564375e-16,jump,hst,1,1.25
olafu,16146,1015156,8,0.01,21,False,400,256,0.765851,0.291629,0.312908,0.307554,2.49,0.948,3,0.291629,hst,2.448,2.626,0.932,2.626,1.0,5.998259265642777e-16,jump,hst,1,1.209
olafu,16146,1015156,8,0.05,17,False,400,256,0.739022,0.321512,0.407404,0.342398,2.158,0.939,32,0.321512,hst,1.814,2.299,0.789,2.299,1.0,5.582074938205133e-16,jump,hst,1,12.78
olafu,16146,1015156,8,0.05,18,False,400,256,0.736164,0.322323,0.405007,0.34314,2.145,0.939,32,0.322323,hst,1.818,2.284,0.796,2.284,1.0,6.4036469396236e-16,jump,hst,1,12.595
olafu,16146,1015156,8,0.05,19,False,400,256,0.740079,0.323264,0.409457,0.345359,2.143,0.936,33,0.323264,hst,1.807,2.289,0.789,2.289,1.0,4.864534386882603e-16,jump,hst,1,12.929
olafu,16146,1015156,8,0.05,20,False,400,256,0.742415,0.321003,0.407856,0.341279,2.175,0.941,32,0.321003,hst,1.82,2.313,0.787,2.313,1.0,8.4320949564375e-16,jump,hst,1,12.648
olafu,16146,1015156,8,0.05,21,False,400,256,0.750094,0.318742,0.345763,0.334868,2.24,0.952,4,0.318742,hst,2.169,2.353,0.922,2.353,1.0,5.998259265642777e-16,jump,hst,1,1.518
olafu,16146,1015156,8,0.25,17,False,400,256,0.746717,0.352803,0.443108,0.369994,2.018,0.954,42,0.352803,hst,1.685,2.117,0.796,2.117,1.0,5.582074938205133e-16,jump,hst,1,15.794
olafu,16146,1015156,8,0.25,18,False,400,256,0.741256,0.356462,0.441635,0.371169,1.997,0.96,42,0.356462,hst,1.678,2.079,0.807,2.079,1.0,6.4036469396236e-16,jump,hst,1,15.594
olafu,16146,1015156,8,0.25,19,False,400,256,0.74349,0.354957,0.444402,0.370635,2.006,0.958,43,0.354957,hst,1.673,2.095,0.799,2.095,1.0,4.864534386882603e-16,jump,hst,1,15.945
olafu,16146,1015156,8,0.25,20,False,400,256,0.746372,0.352197,0.445466,0.372613,2.003,0.945,43,0.352197,hst,1.675,2.119,0.791,2.119,1.0,8.4320949564375e-16,jump,hst,1,15.974
olafu,16146,1015156,8,0.25,21,False,400,256,0.748232,0.352528,0.446751,0.372861,2.007,0.945,42,0.352528,hst,1.675,2.122,0.789,2.122,1.0,5.998259265642777e-16,jump,hst,1,15.825
raefsky3,21200,1488768,8,0.0,17,False,400,256,0.029427,0.037348,0.031176,0.029064,1.013,1.013,0,0.029427,delta_baseline,0.944,1.0,0.944,1.0,1.269,4.21040283801125e-16,jump,delta_baseline,0,0.0
raefsky3,21200,1488768,8,0.0,18,False,400,256,0.029513,0.036331,0.03144,0.029315,1.007,1.007,0,0.029513,delta_baseline,0.939,1.0,0.939,1.0,1.231,3.542741100665178e-16,jump,delta_baseline,0,0.0
raefsky3,21200,1488768,8,0.0,19,False,400,256,0.029475,0.036624,0.031126,0.029068,1.014,1.014,0,0.029475,delta_baseline,0.947,1.0,0.947,1.0,1.243,2.936613481310225e-16,jump,delta_baseline,0,0.0
raefsky3,21200,1488768,8,0.0,20,False,400,256,0.029668,0.037049,0.031321,0.029214,1.016,1.016,0,0.029668,delta_baseline,0.947,1.0,0.947,1.0,1.249,4.654934124763125e-16,jump,delta_baseline,0,0.0
raefsky3,21200,1488768,8,0.0,21,False,400,256,0.029447,0.036673,0.031194,0.029081,1.013,1.013,0,0.029447,delta_baseline,0.944,1.0,0.944,1.0,1.245,3.205001438329397e-16,jump,delta_baseline,0,0.0
raefsky3,21200,1488768,8,0.002,17,False,400,256,0.825202,0.236867,0.252305,0.244529,3.375,0.969,2,0.236867,hst,3.271,3.484,0.939,3.484,1.0,4.21040283801125e-16,jump,hst,1,1.216
raefsky3,21200,1488768,8,0.002,18,False,400,256,0.821141,0.232042,0.249896,0.241851,3.395,0.959,2,0.232042,hst,3.286,3.539,0.929,3.539,1.0,3.542741100665178e-16,jump,hst,1,1.19
raefsky3,21200,1488768,8,0.002,19,False,400,256,0.825894,0.227861,0.246847,0.237955,3.471,0.958,2,0.227861,hst,3.346,3.625,0.923,3.625,1.0,2.936613481310225e-16,jump,hst,1,1.197
raefsky3,21200,1488768,8,0.002,20,False,400,256,0.821757,0.231469,0.243158,0.23508,3.496,0.985,2,0.231469,hst,3.38,3.55,0.952,3.55,1.0,4.654934124763125e-16,jump,hst,1,1.087
raefsky3,21200,1488768,8,0.002,21,False,400,256,0.821743,0.230366,0.245867,0.237555,3.459,0.97,2,0.230366,hst,3.342,3.567,0.937,3.567,1.0,3.205001438329397e-16,jump,hst,1,1.15
raefsky3,21200,1488768,8,0.01,17,False,400,256,0.8125,0.28826,0.299982,0.293464,2.769,0.982,2,0.28826,hst,2.708,2.819,0.961,2.819,1.0,4.21040283801125e-16,jump,hst,1,1.284
raefsky3,21200,1488768,8,0.01,18,False,400,256,0.809622,0.286213,0.308466,0.302863,2.673,0.945,3,0.286213,hst,2.625,2.829,0.928,2.829,1.0,3.542741100665178e-16,jump,hst,1,1.282
raefsky3,21200,1488768,8,0.01,19,False,400,256,0.814653,0.287495,0.302628,0.296625,2.746,0.969,2,0.287495,hst,2.692,2.834,0.95,2.834,1.0,2.936613481310225e-16,jump,hst,1,1.276
raefsky3,21200,1488768,8,0.01,20,False,400,256,0.817185,0.289895,0.30716,0.301343,2.712,0.962,2,0.289895,hst,2.66,2.819,0.944,2.819,1.0,4.654934124763125e-16,jump,hst,1,1.226
raefsky3,21200,1488768,8,0.01,21,False,400,256,0.815371,0.290391,0.309994,0.303969,2.682,0.955,3,0.290391,hst,2.63,2.808,0.937,2.808,1.0,3.205001438329397e-16,jump,hst,1,1.298
raefsky3,21200,1488768,8,0.05,17,False,400,256,0.806852,0.327502,0.349958,0.3397,2.375,0.964,3,0.327502,hst,2.306,2.464,0.936,2.464,1.0,4.21040283801125e-16,jump,hst,1,1.581
raefsky3,21200,1488768,8,0.05,18,False,400,256,0.808452,0.326771,0.349662,0.3393,2.383,0.963,3,0.326771,hst,2.312,2.474,0.935,2.474,1.0,3.542741100665178e-16,jump,hst,1,1.606
raefsky3,21200,1488768,8,0.05,19,False,400,256,0.804925,0.325639,0.348449,0.338601,2.377,0.962,3,0.325639,hst,2.31,2.472,0.935,2.472,1.0,2.936613481310225e-16,jump,hst,1,1.616
raefsky3,21200,1488768,8,0.05,20,False,400,256,0.806504,0.32912,0.348255,0.338169,2.385,0.973,3,0.32912,hst,2.316,2.45,0.945,2.45,1.0,4.654934124763125e-16,jump,hst,1,1.601
raefsky3,21200,1488768,8,0.05,21,False,400,256,0.807372,0.32962,0.3507,0.340034,2.374,0.969,3,0.32962,hst,2.302,2.449,0.94,2.449,1.0,3.205001438329397e-16,jump,hst,1,1.606
raefsky3,21200,1488768,8,0.25,17,False,400,256,0.810704,0.367007,0.460116,0.38164,2.124,0.962,38,0.367007,hst,1.762,2.209,0.798,2.209,1.0,4.21040283801125e-16,jump,hst,1,16.243
raefsky3,21200,1488768,8,0.25,18,False,400,256,0.811376,0.366797,0.462961,0.382921,2.119,0.958,39,0.366797,hst,1.753,2.212,0.792,2.212,1.0,3.542741100665178e-16,jump,hst,1,16.788
raefsky3,21200,1488768,8,0.25,19,False,400,256,0.811731,0.366216,0.463168,0.383224,2.118,0.956,39,0.366216,hst,1.753,2.217,0.791,2.217,1.0,2.936613481310225e-16,jump,hst,1,16.647
raefsky3,21200,1488768,8,0.25,20,False,400,256,0.812505,0.374738,0.46382,0.383552,2.118,0.977,39,0.374738,hst,1.752,2.168,0.808,2.168,1.0,4.654934124763125e-16,jump,hst,1,16.85
raefsky3,21200,1488768,8,0.25,21,False,400,256,0.811801,0.36499,0.464678,0.384862,2.109,0.948,39,0.36499,hst,1.747,2.224,0.785,2.224,1.0,3.205001438329397e-16,jump,hst,1,16.68
wang3,26064,177168,8,0.0,17,False,400,256,0.008762,0.034825,0.010562,0.010111,0.867,0.867,,0.008762,delta_baseline,0.83,1.0,0.83,1.0,3.974,1.1305705384438466e-16,jump,delta_baseline,0,0.0
wang3,26064,177168,8,0.0,18,False,400,256,0.008814,0.03096,0.010593,0.010188,0.865,0.865,,0.008814,delta_baseline,0.832,1.0,0.832,1.0,3.513,2.415345571415648e-16,jump,delta_baseline,0,0.0
wang3,26064,177168,8,0.0,19,False,400,256,0.008559,0.029146,0.010442,0.010039,0.853,0.853,,0.008559,delta_baseline,0.82,1.0,0.82,1.0,3.405,1.1119305929315413e-16,jump,delta_baseline,0,0.0
wang3,26064,177168,8,0.0,20,False,400,256,0.008681,0.032448,0.010503,0.010132,0.857,0.857,,0.008681,delta_baseline,0.827,1.0,0.827,1.0,3.738,2.3978588170819393e-16,jump,delta_baseline,0,0.0
wang3,26064,177168,8,0.0,21,False,400,256,0.009039,0.031942,0.010683,0.01028,0.879,0.879,,0.009039,delta_baseline,0.846,1.0,0.846,1.0,3.534,1.1305705384438466e-16,jump,delta_baseline,0,0.0
wang3,26064,177168,8,0.002,17,False,400,256,0.105418,0.164615,0.134167,0.111648,0.944,0.944,,0.105418,delta_baseline,0.786,1.0,0.786,1.0,1.562,1.1305705384438466e-16,jump,delta_baseline,0,7.34
wang3,26064,177168,8,0.002,18,False,400,256,0.105687,0.16399,0.133276,0.111114,0.951,0.951,,0.105687,delta_baseline,0.793,1.0,0.793,1.0,1.552,2.415345571415648e-16,jump,delta_baseline,0,7.21
wang3,26064,177168,8,0.002,19,False,400,256,0.105494,0.159975,0.133719,0.111606,0.945,0.945,,0.105494,delta_baseline,0.789,1.0,0.789,1.0,1.516,1.1119305929315413e-16,jump,delta_baseline,0,7.198
wang3,26064,177168,8,0.002,20,False,400,256,0.104769,0.163634,0.13309,0.110609,0.947,0.947,,0.104769,delta_baseline,0.787,1.0,0.787,1.0,1.562,2.3978588170819393e-16,jump,delta_baseline,0,7.329
wang3,26064,177168,8,0.002,21,False,400,256,0.105556,0.161902,0.133579,0.111789,0.944,0.944,,0.105556,delta_baseline,0.79,1.0,0.79,1.0,1.534,1.1305705384438466e-16,jump,delta_baseline,0,7.186
wang3,26064,177168,8,0.01,17,False,400,256,0.105888,0.185431,0.134966,0.111962,0.946,0.946,,0.105888,delta_baseline,0.785,1.0,0.785,1.0,1.751,1.1305705384438466e-16,jump,delta_baseline,0,7.691
wang3,26064,177168,8,0.01,18,False,400,256,0.105665,0.184522,0.134922,0.111834,0.945,0.945,,0.105665,delta_baseline,0.783,1.0,0.783,1.0,1.746,2.415345571415648e-16,jump,delta_baseline,0,7.659
wang3,26064,177168,8,0.01,19,False,400,256,0.104986,0.186207,0.133897,0.111144,0.945,0.945,,0.104986,delta_baseline,0.784,1.0,0.784,1.0,1.774,1.1119305929315413e-16,jump,delta_baseline,0,7.573
wang3,26064,177168,8,0.01,20,False,400,256,0.10516,0.187797,0.134483,0.111572,0.943,0.943,,0.10516,delta_baseline,0.782,1.0,0.782,1.0,1.786,2.3978588170819393e-16,jump,delta_baseline,0,7.749
wang3,26064,177168,8,0.01,21,False,400,256,0.105018,0.186452,0.134926,0.111305,0.944,0.944,,0.105018,delta_baseline,0.778,1.0,0.778,1.0,1.775,1.1305705384438466e-16,jump,delta_baseline,0,8.026
wang3,26064,177168,8,0.05,17,False,400,256,0.104669,0.209577,0.138656,0.111225,0.941,0.941,,0.104669,delta_baseline,0.755,1.0,0.755,1.0,2.002,1.1305705384438466e-16,jump,delta_baseline,0,9.536
wang3,26064,177168,8,0.05,18,False,400,256,0.105637,0.211535,0.139038,0.112008,0.943,0.943,,0.105637,delta_baseline,0.76,1.0,0.76,1.0,2.002,2.415345571415648e-16,jump,delta_baseline,0,9.355
wang3,26064,177168,8,0.05,19,False,400,256,0.103978,0.208762,0.139138,0.111455,0.933,0.933,,0.103978,delta_baseline,0.747,1.0,0.747,1.0,2.008,1.1119305929315413e-16,jump,delta_baseline,0,9.596
wang3,26064,177168,8,0.05,20,False,400,256,0.104626,0.208479,0.137655,0.110719,0.945,0.945,,0.104626,delta_baseline,0.76,1.0,0.76,1.0,1.993,2.3978588170819393e-16,jump,delta_baseline,0,9.538
wang3,26064,177168,8,0.05,21,False,400,256,0.10439,0.207819,0.138194,0.111039,0.94,0.94,,0.10439,delta_baseline,0.755,1.0,0.755,1.0,1.991,1.1305705384438466e-16,jump,delta_baseline,0,9.528
wang3,26064,177168,8,0.25,17,False,400,256,0.104416,0.238264,0.1426,0.11217,0.931,0.931,,0.104416,delta_baseline,0.732,1.0,0.732,1.0,2.282,1.1305705384438466e-16,jump,delta_baseline,0,11.069
wang3,26064,177168,8,0.25,18,False,400,256,0.104677,0.238548,0.142479,0.112081,0.934,0.934,,0.104677,delta_baseline,0.735,1.0,0.735,1.0,2.279,2.415345571415648e-16,jump,delta_baseline,0,10.954
wang3,26064,177168,8,0.25,19,False,400,256,0.10449,0.236865,0.142454,0.111233,0.939,0.939,,0.10449,delta_baseline,0.733,1.0,0.733,1.0,2.267,1.1119305929315413e-16,jump,delta_baseline,0,11.184
wang3,26064,177168,8,0.25,20,False,400,256,0.104617,0.239839,0.141601,0.110788,0.944,0.944,,0.104617,delta_baseline,0.739,1.0,0.739,1.0,2.293,2.3978588170819393e-16,jump,delta_baseline,0,11.097
wang3,26064,177168,8,0.25,21,False,400,256,0.104411,0.235571,0.142299,0.111662,0.935,0.935,,0.104411,delta_baseline,0.734,1.0,0.734,1.0,2.256,1.1305705384438466e-16,jump,delta_baseline,0,11.033
epb2,25228,175027,8,0.0,17,False,400,256,0.011893,0.031677,0.013486,0.012825,0.927,0.927,,0.011893,delta_baseline,0.882,1.0,0.882,1.0,2.663,1.2653601002823704e-16,jump,delta_baseline,0,0.0
epb2,25228,175027,8,0.0,18,False,400,256,0.00843,0.021495,0.010071,0.00973,0.866,0.866,,0.00843,delta_baseline,0.837,1.0,0.837,1.0,2.55,1.0817377525460358e-16,jump,delta_baseline,0,0.0
epb2,25228,175027,8,0.0,19,False,400,256,0.008593,0.021806,0.010221,0.009783,0.878,0.878,,0.008593,delta_baseline,0.841,1.0,0.841,1.0,2.538,1.2261168325020086e-16,jump,delta_baseline,0,0.0
epb2,25228,175027,8,0.0,20,False,400,256,0.008426,0.022095,0.009978,0.009584,0.879,0.879,,0.008426,delta_baseline,0.844,1.0,0.844,1.0,2.622,1.2651934239081537e-16,jump,delta_baseline,0,0.0
epb2,25228,175027,8,0.0,21,False,400,256,0.008935,0.023391,0.010536,0.010102,0.884,0.884,,0.008935,delta_baseline,0.848,1.0,0.848,1.0,2.618,1.711511604198709e-16,jump,delta_baseline,0,0.0
epb2,25228,175027,8,0.002,17,False,400,256,0.146231,0.150832,0.184857,0.159823,0.915,0.915,,0.146231,delta_baseline,0.791,1.0,0.791,1.0,1.031,1.2653601002823704e-16,jump,hst,1,6.958
epb2,25228,175027,8,0.002,18,False,400,256,0.103794,0.146156,0.130107,0.110347,0.941,0.941,,0.103794,delta_baseline,0.798,1.0,0.798,1.0,1.408,1.0817377525460358e-16,jump,delta_baseline,0,6.564
epb2,25228,175027,8,0.002,19,False,400,256,0.098788,0.147957,0.173167,0.157871,0.626,0.626,,0.098788,delta_baseline,0.57,1.0,0.57,1.0,1.498,1.2261168325020086e-16,jump,hst,1,6.307
epb2,25228,175027,8,0.002,20,False,400,256,0.105323,0.148772,0.13205,0.112121,0.939,0.939,,0.105323,delta_baseline,0.798,1.0,0.798,1.0,1.413,1.2651934239081537e-16,jump,delta_baseline,0,6.674
epb2,25228,175027,8,0.002,21,False,400,256,0.10805,0.15225,0.178155,0.161805,0.668,0.668,,0.10805,delta_baseline,0.606,1.0,0.606,1.0,1.409,1.711511604198709e-16,jump,hst,1,6.569
epb2,25228,175027,8,0.01,17,False,400,256,0.120171,0.177573,0.210168,0.186409,0.645,0.645,,0.120171,delta_baseline,0.572,1.0,0.572,1.0,1.478,1.2653601002823704e-16,jump,hst,1,7.639
epb2,25228,175027,8,0.01,18,False,400,256,0.101948,0.171989,0.129421,0.108452,0.94,0.94,,0.101948,delta_baseline,0.788,1.0,0.788,1.0,1.687,1.0817377525460358e-16,jump,delta_baseline,0,6.98
epb2,25228,175027,8,0.01,19,False,400,256,0.099553,0.175732,0.12687,0.105928,0.94,0.94,,0.099553,delta_baseline,0.785,1.0,0.785,1.0,1.765,1.2261168325020086e-16,jump,delta_baseline,0,6.946
epb2,25228,175027,8,0.01,20,False,400,256,0.104612,0.175638,0.133175,0.111293,0.94,0.94,,0.104612,delta_baseline,0.786,1.0,0.786,1.0,1.679,1.2651934239081537e-16,jump,delta_baseline,0,7.15
epb2,25228,175027,8,0.01,21,False,400,256,0.105385,0.176739,0.13542,0.112481,0.937,0.937,,0.105385,delta_baseline,0.778,1.0,0.778,1.0,1.677,1.711511604198709e-16,jump,delta_baseline,0,7.402
epb2,25228,175027,8,0.05,17,False,400,256,0.109385,0.202599,0.142636,0.111931,0.977,0.977,,0.109385,delta_baseline,0.767,1.0,0.767,1.0,1.852,1.2653601002823704e-16,jump,delta_baseline,0,9.156
epb2,25228,175027,8,0.05,18,False,400,256,0.102049,0.199203,0.133838,0.108916,0.937,0.937,,0.102049,delta_baseline,0.762,1.0,0.762,1.0,1.952,1.0817377525460358e-16,jump,delta_baseline,0,8.705
epb2,25228,175027,8,0.05,19,False,400,256,0.105218,0.199918,0.13686,0.112349,0.937,0.937,,0.105218,delta_baseline,0.769,1.0,0.769,1.0,1.9,1.2261168325020086e-16,jump,delta_baseline,0,8.654
epb2,25228,175027,8,0.05,20,False,400,256,0.101136,0.20084,0.137345,0.110724,0.913,0.913,,0.101136,delta_baseline,0.736,1.0,0.736,1.0,1.986,1.2651934239081537e-16,jump,delta_baseline,0,9.322
epb2,25228,175027,8,0.05,21,False,400,256,0.101726,0.199816,0.134533,0.107874,0.943,0.943,,0.101726,delta_baseline,0.756,1.0,0.756,1.0,1.964,1.711511604198709e-16,jump,delta_baseline,0,8.991
epb2,25228,175027,8,0.25,17,False,400,256,0.104309,0.224564,0.141208,0.109743,0.95,0.95,,0.104309,delta_baseline,0.739,1.0,0.739,1.0,2.153,1.2653601002823704e-16,jump,delta_baseline,0,10.645
epb2,25228,175027,8,0.25,18,False,400,256,0.104156,0.22342,0.141654,0.111801,0.932,0.932,,0.104156,delta_baseline,0.735,1.0,0.735,1.0,2.145,1.0817377525460358e-16,jump,delta_baseline,0,10.648
epb2,25228,175027,8,0.25,19,False,400,256,0.103637,0.223525,0.139929,0.11074,0.936,0.936,,0.103637,delta_baseline,0.741,1.0,0.741,1.0,2.157,1.2261168325020086e-16,jump,delta_baseline,0,10.566
epb2,25228,175027,8,0.25,20,False,400,256,0.10228,0.225224,0.138801,0.109555,0.934,0.934,,0.10228,delta_baseline,0.737,1.0,0.737,1.0,2.202,1.2651934239081537e-16,jump,delta_baseline,0,10.57
epb2,25228,175027,8,0.25,21,False,400,256,0.103523,0.225048,0.140754,0.110926,0.933,0.933,,0.103523,delta_baseline,0.735,1.0,0.735,1.0,2.174,1.711511604198709e-16,jump,delta_baseline,0,10.622
TSOPF_RS_b39_c30,60098,1079986,8,0.0,17,False,400,256,0.381304,0.383533,0.390612,0.353851,1.078,1.078,0,0.381304,delta_baseline,0.976,1.0,0.976,1.0,1.006,1.3924108160288588e-16,cyclic,delta_baseline,0,0.0
TSOPF_RS_b39_c30,60098,1079986,8,0.0,18,False,400,256,0.382207,0.432772,0.389425,0.353617,1.081,1.081,0,0.382207,delta_baseline,0.981,1.0,0.981,1.0,1.132,1.3924108160288588e-16,cyclic,delta_baseline,0,0.0
TSOPF_RS_b39_c30,60098,1079986,8,0.0,19,False,400,256,0.389979,0.431328,0.395712,0.359321,1.085,1.085,0,0.389979,delta_baseline,0.986,1.0,0.986,1.0,1.106,1.3924108160288588e-16,cyclic,delta_baseline,0,0.0
TSOPF_RS_b39_c30,60098,1079986,8,0.0,20,False,400,256,0.386082,0.433075,0.390142,0.353596,1.092,1.092,0,0.386082,delta_baseline,0.99,1.0,0.99,1.0,1.122,1.3924108160288588e-16,cyclic,delta_baseline,0,0.0
TSOPF_RS_b39_c30,60098,1079986,8,0.0,21,False,400,138,0.389421,0.426328,0.388672,0.35331,1.102,1.102,0,0.389421,delta_baseline,1.002,1.0,1.002,1.0,1.095,1.3924108160288588e-16,cyclic,delta_baseline,0,0.0
TSOPF_RS_b39_c30,60098,1079986,8,0.002,17,False,400,256,14.268672,0.418039,0.686208,0.412092,34.625,1.014,1,0.418039,hst,20.794,34.132,0.609,34.132,1.0,1.3924108160288588e-16,cyclic,hst,1,9.048
TSOPF_RS_b39_c30,60098,1079986,8,0.002,18,False,400,256,14.681467,0.411695,0.686269,0.413337,35.519,0.996,1,0.411695,hst,21.393,35.661,0.6,35.661,1.0,1.3924108160288588e-16,cyclic,hst,1,8.759
TSOPF_RS_b39_c30,60098,1079986,8,0.002,19,False,400,256,14.264312,0.407097,0.677679,0.40732,35.02,0.999,1,0.407097,hst,21.049,35.039,0.601,35.039,1.0,1.3924108160288588e-16,cyclic,hst,1,8.68
TSOPF_RS_b39_c30,60098,1079986,8,0.002,20,False,400,256,14.70751,0.407528,0.682485,0.407874,36.059,0.999,1,0.407528,hst,21.55,36.09,0.597,36.09,1.0,1.3924108160288588e-16,cyclic,hst,1,8.781
TSOPF_RS_b39_c30,60098,1079986,8,0.002,21,False,400,138,0.380955,0.421693,0.383443,0.347062,1.098,1.098,0,0.380955,delta_baseline,0.994,1.0,0.994,1.0,1.107,1.3924108160288588e-16,cyclic,delta_baseline,0,0.0
TSOPF_RS_b39_c30,60098,1079986,8,0.01,17,False,400,256,14.788948,0.408922,0.6852,0.408922,36.166,1.0,1,0.408922,hst,21.583,36.166,0.597,36.166,1.0,1.3924108160288588e-16,cyclic,hst,1,9.007
TSOPF_RS_b39_c30,60098,1079986,8,0.01,18,False,400,256,14.713415,0.408668,0.682985,0.408651,36.005,1.0,1,0.408668,hst,21.543,36.003,0.598,36.003,1.0,1.3924108160288588e-16,cyclic,hst,1,8.797
TSOPF_RS_b39_c30,60098,1079986,8,0.01,19,False,400,256,14.362834,0.409166,0.685756,0.415641,34.556,0.984,1,0.409166,hst,20.945,35.103,0.597,35.103,1.0,1.3924108160288588e-16,cyclic,hst,1,8.761
TSOPF_RS_b39_c30,60098,1079986,8,0.01,20,False,400,256,14.742214,0.408641,0.681568,0.408643,36.076,1.0,1,0.408641,hst,21.63,36.076,0.6,36.076,1.0,1.3924108160288588e-16,cyclic,hst,1,8.761
TSOPF_RS_b39_c30,60098,1079986,8,0.01,21,False,400,138,14.626262,0.401259,0.675978,0.401469,36.432,0.999,1,0.401259,hst,21.637,36.451,0.594,36.451,1.0,1.3924108160288588e-16,cyclic,hst,1,8.784
TSOPF_RS_b39_c30,60098,1079986,8,0.05,17,False,400,256,14.819329,0.415592,0.68887,0.412004,35.969,1.009,1,0.415592,hst,21.513,35.658,0.603,35.658,1.0,1.3924108160288588e-16,cyclic,hst,1,8.88
TSOPF_RS_b39_c30,60098,1079986,8,0.05,18,False,400,256,13.942705,0.412661,0.672185,0.4137,33.702,0.997,1,0.412661,hst,20.742,33.787,0.614,33.787,1.0,1.3924108160288588e-16,cyclic,hst,1,8.621
TSOPF_RS_b39_c30,60098,1079986,8,0.05,19,False,400,256,13.630897,0.413441,0.669865,0.411512,33.124,1.005,1,0.413441,hst,20.349,32.969,0.617,32.969,1.0,1.3924108160288588e-16,cyclic,hst,1,8.598
TSOPF_RS_b39_c30,60098,1079986,8,0.05,20,False,400,256,13.950147,0.412748,0.674316,0.412298,33.835,1.001,1,0.412748,hst,20.688,33.798,0.612,33.798,1.0,1.3924108160288588e-16,cyclic,hst,1,8.668
TSOPF_RS_b39_c30,60098,1079986,8,0.05,21,False,400,138,13.523439,0.403646,0.66184,0.403112,33.548,1.001,1,0.403646,hst,20.433,33.503,0.61,33.503,1.0,1.3924108160288588e-16,cyclic,hst,1,8.539
TSOPF_RS_b39_c30,60098,1079986,8,0.25,17,False,400,256,12.744679,0.4317,0.67518,0.431759,29.518,1.0,1,0.4317,hst,18.876,29.522,0.639,29.522,1.0,1.3924108160288588e-16,cyclic,hst,1,8.562
TSOPF_RS_b39_c30,60098,1079986,8,0.25,18,False,400,256,10.968391,0.429971,0.658375,0.441307,24.854,0.974,1,0.429971,hst,16.66,25.51,0.653,25.51,1.0,1.3924108160288588e-16,cyclic,hst,1,8.1
TSOPF_RS_b39_c30,60098,1079986,8,0.25,19,False,400,256,9.311658,0.431109,0.653208,0.46478,20.035,0.928,1,0.431109,hst,14.255,21.599,0.66,21.599,1.0,1.3924108160288588e-16,cyclic,hst,1,7.641
TSOPF_RS_b39_c30,60098,1079986,8,0.25,20,False,400,256,10.76709,0.432071,0.66266,0.443641,24.27,0.974,1,0.432071,hst,16.248,24.92,0.652,24.92,1.0,1.3924108160288588e-16,cyclic,hst,1,8.063
TSOPF_RS_b39_c30,60098,1079986,8,0.25,21,False,400,138,9.962921,0.414375,0.636331,0.425511,23.414,0.974,1,0.414375,hst,15.657,24.043,0.651,24.043,1.0,1.3924108160288588e-16,cyclic,hst,1,7.511
bcspwr10,5300,21842,8,0.0,17,False,400,256,0.00629,0.037841,0.00741,0.007058,0.891,0.891,,0.00629,delta_baseline,0.849,1.0,0.849,1.0,6.017,1.871280638170483e-16,cyclic,delta_baseline,0,0.0
bcspwr10,5300,21842,8,0.0,18,False,400,256,0.006169,0.039146,0.007436,0.007112,0.867,0.867,,0.006169,delta_baseline,0.83,1.0,0.83,1.0,6.345,3.513861746800697e-16,cyclic,delta_baseline,0,0.0
bcspwr10,5300,21842,8,0.0,19,False,400,256,0.006022,0.035802,0.007249,0.006917,0.871,0.871,,0.006022,delta_baseline,0.831,1.0,0.831,1.0,5.945,2.258919437555397e-16,cyclic,delta_baseline,0,0.0
bcspwr10,5300,21842,8,0.0,20,False,400,256,0.00605,0.033409,0.007192,0.006878,0.88,0.88,,0.00605,delta_baseline,0.841,1.0,0.841,1.0,5.522,1.5260920413345594e-16,cyclic,delta_baseline,0,0.0
bcspwr10,5300,21842,8,0.0,21,False,400,256,0.006086,0.033144,0.007231,0.006893,0.883,0.883,,0.006086,delta_baseline,0.842,1.0,0.842,1.0,5.446,3.1586084160755566e-16,cyclic,delta_baseline,0,0.0
bcspwr10,5300,21842,8,0.002,17,False,400,256,0.076059,0.03797,0.055966,0.041063,1.852,0.925,85,0.03797,hst,1.359,2.003,0.678,2.003,1.0,1.871280638170483e-16,cyclic,hst,1,2.982
bcspwr10,5300,21842,8,0.002,18,False,400,256,0.080168,0.038462,0.05589,0.041554,1.929,0.926,73,0.038462,hst,1.434,2.084,0.688,2.084,1.0,3.513861746800697e-16,cyclic,hst,1,2.81
bcspwr10,5300,21842,8,0.002,19,False,400,256,0.077676,0.035713,0.053018,0.038466,2.019,0.928,73,0.035713,hst,1.465,2.175,0.674,2.175,1.0,2.258919437555397e-16,cyclic,hst,1,2.844
bcspwr10,5300,21842,8,0.002,20,False,400,256,0.075394,0.033745,0.05037,0.036006,2.094,0.937,68,0.033745,hst,1.497,2.234,0.67,2.234,1.0,1.5260920413345594e-16,cyclic,hst,1,2.683
bcspwr10,5300,21842,8,0.002,21,False,400,256,0.069575,0.034646,0.052131,0.037806,1.84,0.916,89,0.034646,hst,1.335,2.008,0.665,2.008,1.0,3.1586084160755566e-16,cyclic,hst,1,2.835
bcspwr10,5300,21842,8,0.01,17,False,400,256,0.077319,0.038444,0.055559,0.041093,1.882,0.936,80,0.038444,hst,1.392,2.011,0.692,2.011,1.0,1.871280638170483e-16,cyclic,hst,1,2.885
bcspwr10,5300,21842,8,0.01,18,False,400,256,0.080006,0.039474,0.056835,0.042085,1.901,0.938,77,0.039474,hst,1.408,2.027,0.695,2.027,1.0,3.513861746800697e-16,cyclic,hst,1,2.917
bcspwr10,5300,21842,8,0.01,19,False,400,256,0.077624,0.036644,0.053459,0.038751,2.003,0.946,73,0.036644,hst,1.452,2.118,0.685,2.118,1.0,2.258919437555397e-16,cyclic,hst,1,2.829
bcspwr10,5300,21842,8,0.01,20,False,400,256,0.07769,0.034472,0.051637,0.036851,2.108,0.935,67,0.034472,hst,1.505,2.254,0.668,2.254,1.0,1.5260920413345594e-16,cyclic,hst,1,2.737
bcspwr10,5300,21842,8,0.01,21,False,400,256,0.073182,0.035749,0.051848,0.037606,1.946,0.951,79,0.035749,hst,1.411,2.047,0.69,2.047,1.0,3.1586084160755566e-16,cyclic,hst,1,2.811
bcspwr10,5300,21842,8,0.05,17,False,400,256,0.078984,0.039276,0.056636,0.041441,1.906,0.948,80,0.039276,hst,1.395,2.011,0.693,2.011,1.0,1.871280638170483e-16,cyclic,hst,1,3.021
bcspwr10,5300,21842,8,0.05,18,False,400,256,0.082431,0.041572,0.058585,0.043274,1.905,0.961,76,0.041572,hst,1.407,1.983,0.71,1.983,1.0,3.513861746800697e-16,cyclic,hst,1,2.981
bcspwr10,5300,21842,8,0.05,19,False,400,256,0.079114,0.036873,0.054766,0.039949,1.98,0.923,74,0.036873,hst,1.445,2.146,0.673,2.146,1.0,2.258919437555397e-16,cyclic,hst,1,2.914
bcspwr10,5300,21842,8,0.05,20,False,400,256,0.078666,0.035374,0.05281,0.038057,2.067,0.93,70,0.035374,hst,1.49,2.224,0.67,2.224,1.0,1.5260920413345594e-16,cyclic,hst,1,2.836
bcspwr10,5300,21842,8,0.05,21,False,400,256,0.074745,0.036455,0.053352,0.03903,1.915,0.934,80,0.036455,hst,1.401,2.05,0.683,2.05,1.0,3.1586084160755566e-16,cyclic,hst,1,2.869
bcspwr10,5300,21842,8,0.25,17,False,400,256,0.081639,0.043123,0.060426,0.045167,1.808,0.955,84,0.043123,hst,1.351,1.893,0.714,1.893,1.0,1.871280638170483e-16,cyclic,hst,1,3.06
bcspwr10,5300,21842,8,0.25,18,False,400,256,0.085179,0.043382,0.061829,0.046579,1.829,0.931,81,0.043382,hst,1.378,1.963,0.702,1.963,1.0,3.513861746800697e-16,cyclic,hst,1,3.138
bcspwr10,5300,21842,8,0.25,19,False,400,256,0.084205,0.042386,0.06027,0.04521,1.863,0.938,78,0.042386,hst,1.397,1.987,0.703,1.987,1.0,2.258919437555397e-16,cyclic,hst,1,3.039
bcspwr10,5300,21842,8,0.25,20,False,400,256,0.080701,0.040627,0.058259,0.043214,1.867,0.94,80,0.040627,hst,1.385,1.986,0.697,1.986,1.0,1.5260920413345594e-16,cyclic,hst,1,3.013
bcspwr10,5300,21842,8,0.25,21,False,400,256,0.076703,0.041914,0.059063,0.044321,1.731,0.946,95,0.041914,hst,1.299,1.83,0.71,1.83,1.0,3.1586084160755566e-16,cyclic,hst,1,3.073
scircuit,170998,958936,8,0.0,17,False,400,256,0.018411,0.053126,0.02161,0.02099,0.877,0.877,,0.018411,delta_baseline,0.852,1.0,0.852,1.0,2.886,2.6050372849850016e-16,cyclic,delta_baseline,0,0.0
scircuit,170998,958936,8,0.0,18,False,400,256,0.015857,0.042932,0.018796,0.01832,0.866,0.866,,0.015857,delta_baseline,0.844,1.0,0.844,1.0,2.707,2.0386846321125864e-16,cyclic,delta_baseline,0,0.0
scircuit,170998,958936,8,0.0,19,False,400,256,0.021574,0.075811,0.02496,0.024151,0.893,0.893,,0.021574,delta_baseline,0.864,1.0,0.864,1.0,3.514,1.8803246323926756e-16,cyclic,delta_baseline,0,0.0
scircuit,170998,958936,8,0.0,20,False,400,256,0.015585,0.0412,0.019293,0.018863,0.826,0.826,,0.015585,delta_baseline,0.808,1.0,0.808,1.0,2.644,2.757259758035496e-16,cyclic,delta_baseline,0,0.0
scircuit,170998,958936,8,0.0,21,False,400,256,0.022703,0.062573,0.026348,0.025523,0.89,0.89,,0.022703,delta_baseline,0.862,1.0,0.862,1.0,2.756,5.194813152189734e-16,cyclic,delta_baseline,0,0.0
scircuit,170998,958936,8,0.002,17,False,400,256,0.166399,0.069677,0.151172,0.06665,2.497,1.045,295,0.069677,hst,1.101,2.388,0.461,2.388,1.0,2.6050372849850016e-16,cyclic,hst,1,29.38
scircuit,170998,958936,8,0.002,18,False,400,256,0.111884,0.048468,0.134625,0.055475,2.017,0.874,507,0.048468,hst,0.831,2.308,0.36,2.308,1.0,2.0386846321125864e-16,cyclic,hst,1,28.619
scircuit,170998,958936,8,0.002,19,False,400,256,0.214673,0.08486,0.182959,0.092958,2.309,0.913,254,0.08486,hst,1.173,2.53,0.464,2.53,1.0,1.8803246323926756e-16,cyclic,hst,1,30.879
scircuit,170998,958936,8,0.002,20,False,400,256,0.10866,0.039379,0.12773,0.046477,2.338,0.847,473,0.039379,hst,0.851,2.759,0.308,2.759,1.0,2.757259758035496e-16,cyclic,hst,1,29.416
scircuit,170998,958936,8,0.002,21,False,400,256,0.215308,0.060596,0.161046,0.069976,3.077,0.866,207,0.060596,hst,1.337,3.553,0.376,3.553,1.0,5.194813152189734e-16,cyclic,hst,1,30.128
scircuit,170998,958936,8,0.01,17,False,400,256,0.161,0.058424,0.146725,0.059914,2.687,0.975,298,0.058424,hst,1.097,2.756,0.398,2.756,1.0,2.6050372849850016e-16,cyclic,hst,1,30.095
scircuit,170998,958936,8,0.01,18,False,400,256,0.103908,0.042689,0.130003,0.048543,2.141,0.879,530,0.042689,hst,0.799,2.434,0.328,2.434,1.0,2.0386846321125864e-16,cyclic,hst,1,29.349
scircuit,170998,958936,8,0.01,19,False,400,256,0.206217,0.07725,0.176396,0.084886,2.429,0.91,256,0.07725,hst,1.169,2.669,0.438,2.669,1.0,1.8803246323926756e-16,cyclic,hst,1,31.058
scircuit,170998,958936,8,0.01,20,False,400,256,0.099907,0.041488,0.129214,0.047812,2.09,0.868,562,0.041488,hst,0.773,2.408,0.321,2.408,1.0,2.757259758035496e-16,cyclic,hst,1,29.274
scircuit,170998,958936,8,0.01,21,False,400,256,0.212486,0.063205,0.16266,0.071292,2.98,0.887,215,0.063205,hst,1.306,3.362,0.389,3.362,1.0,5.194813152189734e-16,cyclic,hst,1,30.404
scircuit,170998,958936,8,0.05,17,False,400,256,0.157613,0.056579,0.149584,0.062533,2.52,0.905,318,0.056579,hst,1.054,2.786,0.378,2.786,1.0,2.6050372849850016e-16,cyclic,hst,1,30.252
scircuit,170998,958936,8,0.05,18,False,400,256,0.104793,0.046905,0.13467,0.052884,1.982,0.887,566,0.046905,hst,0.778,2.234,0.348,2.234,1.0,2.0386846321125864e-16,cyclic,hst,1,29.375
scircuit,170998,958936,8,0.05,19,False,400,256,0.202729,0.083775,0.18126,0.090416,2.242,0.927,279,0.083775,hst,1.118,2.42,0.462,2.42,1.0,1.8803246323926756e-16,cyclic,hst,1,31.345
scircuit,170998,958936,8,0.05,20,False,400,256,0.10016,0.046103,0.131735,0.051354,1.95,0.898,598,0.046103,hst,0.76,2.173,0.35,2.173,1.0,2.757259758035496e-16,cyclic,hst,1,29.177
scircuit,170998,958936,8,0.05,21,False,400,256,0.204163,0.065856,0.163835,0.073234,2.788,0.899,234,0.065856,hst,1.246,3.1,0.402,3.1,1.0,5.194813152189734e-16,cyclic,hst,1,30.612
scircuit,170998,958936,8,0.25,17,False,400,256,0.149653,0.075394,0.170317,0.079974,1.871,0.943,462,0.075394,hst,0.879,1.985,0.443,1.985,1.0,2.6050372849850016e-16,cyclic,hst,1,32.2
scircuit,170998,958936,8,0.25,18,False,400,256,0.109751,0.069123,0.154934,0.072583,1.512,0.952,818,0.069123,hst,0.708,1.588,0.446,1.588,1.0,2.0386846321125864e-16,cyclic,hst,1,30.406
scircuit,170998,958936,8,0.25,19,False,400,256,0.186001,0.098357,0.19417,0.104859,1.774,0.938,390,0.098357,hst,0.958,1.891,0.507,1.891,1.0,1.8803246323926756e-16,cyclic,hst,1,31.656
scircuit,170998,958936,8,0.25,20,False,400,256,0.105534,0.069953,0.163983,0.081391,1.297,0.859,1284,0.069953,hst,0.644,1.509,0.427,1.509,1.0,2.757259758035496e-16,cyclic,hst,1,31.005
scircuit,170998,958936,8,0.25,21,False,400,256,0.190962,0.091451,0.181713,0.093959,2.032,0.973,316,0.091451,hst,1.051,2.088,0.503,2.088,1.0,5.194813152189734e-16,cyclic,hst,1,30.612
ct20stif,52329,2600295,8,0.0,17,False,400,256,0.02654,0.050204,0.027955,0.026045,1.019,1.019,0,0.02654,delta_baseline,0.949,1.0,0.949,1.0,1.892,3.403944480715774e-16,cyclic,delta_baseline,0,0.0
ct20stif,52329,2600295,8,0.0,18,False,400,256,0.020382,0.034219,0.021829,0.020465,0.996,0.996,,0.020382,delta_baseline,0.934,1.0,0.934,1.0,1.679,3.351339203340676e-16,cyclic,delta_baseline,0,0.0
ct20stif,52329,2600295,8,0.0,19,False,400,256,0.023041,0.039519,0.024563,0.02295,1.004,1.004,0,0.023041,delta_baseline,0.938,1.0,0.938,1.0,1.715,2.600013994931016e-16,cyclic,delta_baseline,0,0.0
ct20stif,52329,2600295,8,0.0,20,False,400,256,0.023966,0.040455,0.025447,0.023719,1.01,1.01,0,0.023966,delta_baseline,0.942,1.0,0.942,1.0,1.688,5.949530076200267e-16,cyclic,delta_baseline,0,0.0
ct20stif,52329,2600295,8,0.0,21,False,400,256,0.027284,0.046128,0.028753,0.026738,1.02,1.02,0,0.027284,delta_baseline,0.949,1.0,0.949,1.0,1.691,4.493998728164776e-16,cyclic,delta_baseline,0,0.0
ct20stif,52329,2600295,8,0.002,17,False,400,256,0.715957,0.057747,0.07725,0.056297,12.718,1.026,4,0.057747,hst,9.268,12.398,0.748,12.398,1.0,3.403944480715774e-16,cyclic,hst,1,2.323
ct20stif,52329,2600295,8,0.002,18,False,400,256,0.467193,0.038742,0.055263,0.038078,12.269,1.017,5,0.038742,hst,8.454,12.059,0.701,12.059,1.0,3.351339203340676e-16,cyclic,hst,1,2.19
ct20stif,52329,2600295,8,0.002,19,False,400,256,0.578749,0.044504,0.062727,0.044835,12.909,0.993,4,0.044504,hst,9.226,13.004,0.709,13.004,1.0,2.600013994931016e-16,cyclic,hst,1,2.108
ct20stif,52329,2600295,8,0.002,20,False,400,256,0.617647,0.046942,0.065519,0.046563,13.265,1.008,4,0.046942,hst,9.427,13.158,0.716,13.158,1.0,5.949530076200267e-16,cyclic,hst,1,2.239
ct20stif,52329,2600295,8,0.002,21,False,400,256,0.731894,0.05329,0.072854,0.051648,14.171,1.032,3,0.05329,hst,10.046,13.734,0.731,13.734,1.0,4.493998728164776e-16,cyclic,hst,1,2.309
ct20stif,52329,2600295,8,0.01,17,False,400,256,0.710481,0.059626,0.079814,0.059175,12.006,1.008,4,0.059626,hst,8.902,11.916,0.747,11.916,1.0,3.403944480715774e-16,cyclic,hst,1,2.297
ct20stif,52329,2600295,8,0.01,18,False,400,256,0.470726,0.040722,0.058092,0.040919,11.504,0.995,5,0.040722,hst,8.103,11.559,0.701,11.559,1.0,3.351339203340676e-16,cyclic,hst,1,2.181
ct20stif,52329,2600295,8,0.01,19,False,400,256,0.57928,0.046243,0.066136,0.045916,12.616,1.007,5,0.046243,hst,8.759,12.527,0.699,12.527,1.0,2.600013994931016e-16,cyclic,hst,1,2.414
ct20stif,52329,2600295,8,0.01,20,False,400,256,0.613772,0.048019,0.066093,0.047414,12.945,1.013,4,0.048019,hst,9.287,12.782,0.727,12.782,1.0,5.949530076200267e-16,cyclic,hst,1,2.149
ct20stif,52329,2600295,8,0.01,21,False,400,256,0.733334,0.054479,0.074628,0.053435,13.724,1.02,3,0.054479,hst,9.826,13.461,0.73,13.461,1.0,4.493998728164776e-16,cyclic,hst,1,2.262
ct20stif,52329,2600295,8,0.05,17,False,400,256,0.700885,0.068737,0.087956,0.067211,10.428,1.023,4,0.068737,hst,7.969,10.197,0.781,10.197,1.0,3.403944480715774e-16,cyclic,hst,1,2.358
ct20stif,52329,2600295,8,0.05,18,False,400,256,0.478434,0.049373,0.069831,0.048518,9.861,1.018,7,0.049373,hst,6.851,9.69,0.707,9.69,1.0,3.351339203340676e-16,cyclic,hst,1,2.82
ct20stif,52329,2600295,8,0.05,19,False,400,256,0.57625,0.056215,0.08346,0.058598,9.834,0.959,7,0.056215,hst,6.905,10.251,0.674,10.251,1.0,2.600013994931016e-16,cyclic,hst,1,3.544
ct20stif,52329,2600295,8,0.05,20,False,400,256,0.609471,0.056706,0.0759,0.05477,11.128,1.035,5,0.056706,hst,8.03,10.748,0.747,10.748,1.0,5.949530076200267e-16,cyclic,hst,1,2.541
ct20stif,52329,2600295,8,0.05,21,False,400,256,0.721026,0.063136,0.082867,0.061715,11.683,1.023,3,0.063136,hst,8.701,11.42,0.762,11.42,1.0,4.493998728164776e-16,cyclic,hst,1,2.287
ct20stif,52329,2600295,8,0.25,17,False,400,256,0.673745,0.108723,0.141733,0.103761,6.493,1.048,9,0.108723,hst,4.754,6.197,0.767,6.197,1.0,3.403944480715774e-16,cyclic,hst,1,4.889
ct20stif,52329,2600295,8,0.25,18,False,400,256,0.486219,0.091034,0.134571,0.088532,5.492,1.028,17,0.091034,hst,3.613,5.341,0.676,5.341,1.0,3.351339203340676e-16,cyclic,hst,1,6.628
ct20stif,52329,2600295,8,0.25,19,False,400,256,0.579019,0.09706,0.132229,0.092133,6.285,1.053,11,0.09706,hst,4.379,5.966,0.734,5.966,1.0,2.600013994931016e-16,cyclic,hst,1,5.462
ct20stif,52329,2600295,8,0.25,20,False,400,256,0.610235,0.097457,0.131153,0.094077,6.487,1.036,10,0.097457,hst,4.653,6.262,0.743,6.262,1.0,5.949530076200267e-16,cyclic,hst,1,5.004
ct20stif,52329,2600295,8,0.25,21,False,400,256,0.70027,0.105154,0.13921,0.102914,6.804,1.022,8,0.105154,hst,5.03,6.659,0.755,6.659,1.0,4.493998728164776e-16,cyclic,hst,1,4.611
memplus,17758,99147,8,0.0,17,False,400,256,0.037835,0.068325,0.0395,0.037034,1.022,1.022,0,0.037835,delta_baseline,0.958,1.0,0.958,1.0,1.806,3.582437197197559e-16,cyclic,delta_baseline,0,0.0
memplus,17758,99147,8,0.0,18,False,400,256,0.037972,0.068592,0.039481,0.037082,1.024,1.024,0,0.037972,delta_baseline,0.962,1.0,0.962,1.0,1.806,3.582443742956908e-16,cyclic,delta_baseline,0,0.0
memplus,17758,99147,8,0.0,19,False,400,256,0.034311,0.055483,0.036185,0.033898,1.012,1.012,0,0.034311,delta_baseline,0.948,1.0,0.948,1.0,1.617,4.41481093913526e-16,cyclic,delta_baseline,0,0.0
memplus,17758,99147,8,0.0,20,False,400,256,0.03768,0.068718,0.039327,0.036827,1.023,1.023,0,0.03768,delta_baseline,0.958,1.0,0.958,1.0,1.824,3.582437197197559e-16,cyclic,delta_baseline,0,0.0
memplus,17758,99147,8,0.0,21,False,400,256,0.037848,0.068181,0.039583,0.037119,1.02,1.02,0,0.037848,delta_baseline,0.956,1.0,0.956,1.0,1.801,3.582437197197559e-16,cyclic,delta_baseline,0,0.0
memplus,17758,99147,8,0.002,17,False,400,256,0.922116,0.069687,0.090152,0.070364,13.105,0.99,2,0.069687,hst,10.228,13.232,0.773,13.232,1.0,3.582437197197559e-16,cyclic,hst,1,1.452
memplus,17758,99147,8,0.002,18,False,400,256,0.920421,0.07038,0.089777,0.070321,13.089,1.001,2,0.07038,hst,10.252,13.078,0.784,13.078,1.0,3.582443742956908e-16,cyclic,hst,1,1.425
memplus,17758,99147,8,0.002,19,False,400,256,0.833666,0.056888,0.075028,0.05694,14.641,0.999,2,0.056888,hst,11.111,14.655,0.758,14.655,1.0,4.41481093913526e-16,cyclic,hst,1,1.317
memplus,17758,99147,8,0.002,20,False,400,256,0.920689,0.069193,0.089138,0.069505,13.246,0.996,2,0.069193,hst,10.329,13.306,0.776,13.306,1.0,3.582437197197559e-16,cyclic,hst,1,1.444
memplus,17758,99147,8,0.002,21,False,400,256,0.922133,0.066833,0.088787,0.069007,13.363,0.968,2,0.066833,hst,10.386,13.798,0.753,13.798,1.0,3.582437197197559e-16,cyclic,hst,1,1.475
memplus,17758,99147,8,0.01,17,False,400,256,0.920059,0.068775,0.089092,0.069583,13.222,0.988,2,0.068775,hst,10.327,13.378,0.772,13.378,1.0,3.582437197197559e-16,cyclic,hst,1,1.453
memplus,17758,99147,8,0.01,18,False,400,256,0.925481,0.068466,0.089678,0.069943,13.232,0.979,2,0.068466,hst,10.32,13.517,0.763,13.517,1.0,3.582443742956908e-16,cyclic,hst,1,1.483
memplus,17758,99147,8,0.01,19,False,400,256,0.823177,0.056487,0.075146,0.05718,14.396,0.988,2,0.056487,hst,10.954,14.573,0.752,14.573,1.0,4.41481093913526e-16,cyclic,hst,1,1.358
memplus,17758,99147,8,0.01,20,False,400,256,0.913977,0.068568,0.088988,0.069306,13.188,0.989,2,0.068568,hst,10.271,13.329,0.771,13.329,1.0,3.582437197197559e-16,cyclic,hst,1,1.506
memplus,17758,99147,8,0.01,21,False,400,256,0.921929,0.068232,0.089255,0.0695,13.265,0.982,2,0.068232,hst,10.329,13.512,0.764,13.512,1.0,3.582437197197559e-16,cyclic,hst,1,1.482
memplus,17758,99147,8,0.05,17,False,400,256,0.883481,0.069624,0.089763,0.070393,12.551,0.989,2,0.069624,hst,9.842,12.689,0.776,12.689,1.0,3.582437197197559e-16,cyclic,hst,1,1.478
memplus,17758,99147,8,0.05,18,False,400,256,0.894209,0.070375,0.090309,0.071098,12.577,0.99,2,0.070375,hst,9.902,12.706,0.779,12.706,1.0,3.582443742956908e-16,cyclic,hst,1,1.46
memplus,17758,99147,8,0.05,19,False,400,256,0.801111,0.057765,0.076321,0.058865,13.609,0.981,2,0.057765,hst,10.497,13.869,0.757,13.869,1.0,4.41481093913526e-16,cyclic,hst,1,1.322
memplus,17758,99147,8,0.05,20,False,400,256,0.889705,0.071324,0.091605,0.071866,12.38,0.992,2,0.071324,hst,9.712,12.474,0.779,12.474,1.0,3.582437197197559e-16,cyclic,hst,1,1.544
memplus,17758,99147,8,0.05,21,False,400,256,0.890341,0.070119,0.090468,0.070826,12.571,0.99,2,0.070119,hst,9.841,12.698,0.775,12.698,1.0,3.582437197197559e-16,cyclic,hst,1,1.551
memplus,17758,99147,8,0.25,17,False,400,256,0.719705,0.07569,0.092533,0.075474,9.536,1.003,2,0.07569,hst,7.778,9.509,0.818,9.509,1.0,3.582437197197559e-16,cyclic,hst,1,1.49
memplus,17758,99147,8,0.25,18,False,400,256,0.70673,0.074888,0.094754,0.075501,9.361,0.992,3,0.074888,hst,7.459,9.437,0.79,9.437,1.0,3.582443742956908e-16,cyclic,hst,1,1.801
memplus,17758,99147,8,0.25,19,False,400,256,0.644432,0.065454,0.083563,0.065555,9.83,0.998,3,0.065454,hst,7.712,9.846,0.783,9.846,1.0,4.41481093913526e-16,cyclic,hst,1,1.721
memplus,17758,99147,8,0.25,20,False,400,256,0.718854,0.075351,0.094751,0.074847,9.604,1.007,3,0.075351,hst,7.587,9.54,0.795,9.54,1.0,3.582437197197559e-16,cyclic,hst,1,1.854
memplus,17758,99147,8,0.25,21,False,400,256,0.725081,0.075168,0.09309,0.0757,9.578,0.993,2,0.075168,hst,7.789,9.646,0.807,9.646,1.0,3.582437197197559e-16,cyclic,hst,1,1.562
TSOPF_RS_b162_c3,15374,610299,8,0.0,17,False,400,256,0.303443,0.344157,0.309358,0.280864,1.08,1.08,0,0.303443,delta_baseline,0.981,1.0,0.981,1.0,1.134,1.2582477660838618e-16,cyclic,delta_baseline,0,0.0
TSOPF_RS_b162_c3,15374,610299,8,0.0,18,False,400,256,0.30391,0.346262,0.308466,0.279933,1.086,1.086,0,0.30391,delta_baseline,0.985,1.0,0.985,1.0,1.139,1.2582477660838618e-16,cyclic,delta_baseline,0,0.0
TSOPF_RS_b162_c3,15374,610299,8,0.0,19,False,400,256,0.302408,0.344155,0.309171,0.279749,1.081,1.081,0,0.302408,delta_baseline,0.978,1.0,0.978,1.0,1.138,1.2582477660838618e-16,cyclic,delta_baseline,0,0.0
TSOPF_RS_b162_c3,15374,610299,8,0.0,20,False,400,256,0.303145,0.344714,0.308895,0.280528,1.081,1.081,0,0.303145,delta_baseline,0.981,1.0,0.981,1.0,1.137,1.2582477660838618e-16,cyclic,delta_baseline,0,0.0
TSOPF_RS_b162_c3,15374,610299,8,0.0,21,False,400,256,0.305794,0.311502,0.237131,0.214301,1.427,1.427,0,0.305794,delta_baseline,1.29,1.0,1.29,1.0,1.019,1.172605067740121e-16,cyclic,delta_baseline,0,0.0
TSOPF_RS_b162_c3,15374,610299,8,0.002,17,False,400,256,8.96432,0.263575,0.420339,0.254176,35.268,1.037,1,0.263575,hst,21.326,34.011,0.627,34.011,1.0,1.2582477660838618e-16,cyclic,hst,1,4.711
TSOPF_RS_b162_c3,15374,610299,8,0.002,18,False,400,256,8.823855,0.251918,0.417372,0.254189,34.714,0.991,1,0.251918,hst,21.141,35.027,0.604,35.027,1.0,1.2582477660838618e-16,cyclic,hst,1,4.631
TSOPF_RS_b162_c3,15374,610299,8,0.002,19,False,400,256,8.863699,0.251328,0.417895,0.253484,34.968,0.991,1,0.251328,hst,21.21,35.267,0.601,35.267,1.0,1.2582477660838618e-16,cyclic,hst,1,4.549
TSOPF_RS_b162_c3,15374,610299,8,0.002,20,False,400,256,8.910776,0.249686,0.415339,0.251508,35.429,0.993,1,0.249686,hst,21.454,35.688,0.601,35.688,1.0,1.2582477660838618e-16,cyclic,hst,1,4.645
TSOPF_RS_b162_c3,15374,610299,8,0.002,21,False,400,256,8.980271,0.254083,0.421077,0.255612,35.132,0.994,1,0.254083,hst,21.327,35.344,0.603,35.344,1.0,1.172605067740121e-16,cyclic,hst,1,4.678
TSOPF_RS_b162_c3,15374,610299,8,0.01,17,False,400,256,8.996693,0.251937,0.42419,0.256515,35.073,0.982,1,0.251937,hst,21.209,35.71,0.594,35.71,1.0,1.2582477660838618e-16,cyclic,hst,1,4.669
TSOPF_RS_b162_c3,15374,610299,8,0.01,18,False,400,256,8.794806,0.25365,0.416918,0.254708,34.529,0.996,1,0.25365,hst,21.095,34.673,0.608,34.673,1.0,1.2582477660838618e-16,cyclic,hst,1,4.602
TSOPF_RS_b162_c3,15374,610299,8,0.01,19,False,400,256,8.776345,0.251989,0.417794,0.253999,34.553,0.992,1,0.251989,hst,21.006,34.828,0.603,34.828,1.0,1.2582477660838618e-16,cyclic,hst,1,4.637
TSOPF_RS_b162_c3,15374,610299,8,0.01,20,False,400,256,8.790494,0.252049,0.416106,0.25415,34.588,0.992,1,0.252049,hst,21.126,34.876,0.606,34.876,1.0,1.2582477660838618e-16,cyclic,hst,1,4.717
TSOPF_RS_b162_c3,15374,610299,8,0.01,21,False,400,256,8.851239,0.253872,0.424842,0.257101,34.427,0.987,1,0.253872,hst,20.834,34.865,0.598,34.865,1.0,1.172605067740121e-16,cyclic,hst,1,5.023
TSOPF_RS_b162_c3,15374,610299,8,0.05,17,False,400,256,8.64567,0.257427,0.420194,0.258946,33.388,0.994,1,0.257427,hst,20.575,33.585,0.613,33.585,1.0,1.2582477660838618e-16,cyclic,hst,1,4.67
TSOPF_RS_b162_c3,15374,610299,8,0.05,18,False,400,256,8.721668,0.256886,0.41999,0.257559,33.863,0.997,1,0.256886,hst,20.766,33.951,0.612,33.951,1.0,1.2582477660838618e-16,cyclic,hst,1,4.696
TSOPF_RS_b162_c3,15374,610299,8,0.05,19,False,400,256,8.718238,0.256927,0.432034,0.26903,32.406,0.955,1,0.256927,hst,20.179,33.933,0.595,33.933,1.0,1.2582477660838618e-16,cyclic,hst,1,4.727
TSOPF_RS_b162_c3,15374,610299,8,0.05,20,False,400,256,8.495206,0.256444,0.42267,0.264899,32.07,0.968,1,0.256444,hst,20.099,33.127,0.607,33.127,1.0,1.2582477660838618e-16,cyclic,hst,1,4.615
TSOPF_RS_b162_c3,15374,610299,8,0.05,21,False,400,256,8.495898,0.258323,0.417272,0.259437,32.747,0.996,1,0.258323,hst,20.361,32.889,0.619,32.889,1.0,1.172605067740121e-16,cyclic,hst,1,4.653
TSOPF_RS_b162_c3,15374,610299,8,0.25,17,False,400,256,6.690845,0.280335,0.414398,0.281194,23.794,0.997,1,0.280335,hst,16.146,23.867,0.676,23.867,1.0,1.2582477660838618e-16,cyclic,hst,1,4.187
TSOPF_RS_b162_c3,15374,610299,8,0.25,18,False,400,256,7.206877,0.281113,0.425471,0.282231,25.535,0.996,1,0.281113,hst,16.939,25.637,0.661,25.637,1.0,1.2582477660838618e-16,cyclic,hst,1,4.592
TSOPF_RS_b162_c3,15374,610299,8,0.25,19,False,400,256,6.895662,0.281278,0.415114,0.281087,24.532,1.001,1,0.281278,hst,16.612,24.515,0.678,24.515,1.0,1.2582477660838618e-16,cyclic,hst,1,4.227
TSOPF_RS_b162_c3,15374,610299,8,0.25,20,False,400,256,7.150164,0.280996,0.418945,0.281917,25.363,0.997,1,0.280996,hst,17.067,25.446,0.671,25.446,1.0,1.2582477660838618e-16,cyclic,hst,1,4.34
TSOPF_RS_b162_c3,15374,610299,8,0.25,21,False,400,256,7.366354,0.282669,0.426439,0.284359,25.905,0.994,1,0.282669,hst,17.274,26.06,0.663,26.06,1.0,1.172605067740121e-16,cyclic,hst,1,4.376
TSOPF_RS_b300_c1,14538,1474325,8,0.0,17,False,400,256,0.635229,0.548099,0.636773,0.580391,1.094,0.944,0,0.548099,hst,0.998,1.159,0.861,1.159,1.0,1.1112960972222602e-16,cyclic,delta_baseline,0,0.0
TSOPF_RS_b300_c1,14538,1474325,8,0.0,18,False,400,256,0.634729,0.546846,0.637044,0.580336,1.094,0.942,0,0.546846,hst,0.996,1.161,0.858,1.161,1.0,1.1112960972222602e-16,cyclic,delta_baseline,0,0.0
TSOPF_RS_b300_c1,14538,1474325,8,0.0,19,False,400,256,0.637775,0.547878,0.637117,0.579928,1.1,0.945,0,0.547878,hst,1.001,1.164,0.86,1.164,1.0,1.1112960972222602e-16,cyclic,delta_baseline,0,0.0
TSOPF_RS_b300_c1,14538,1474325,8,0.0,20,False,400,256,0.634893,0.546965,0.637124,0.580734,1.093,0.942,0,0.546965,hst,0.996,1.161,0.858,1.161,1.0,1.1112960972222602e-16,cyclic,delta_baseline,0,0.0
TSOPF_RS_b300_c1,14538,1474325,8,0.0,21,False,400,256,0.641422,0.554109,0.643667,0.587491,1.092,0.943,0,0.554109,hst,0.997,1.158,0.861,1.158,1.0,1.4073755446586306e-16,cyclic,delta_baseline,0,0.0
TSOPF_RS_b300_c1,14538,1474325,8,0.002,17,False,400,256,22.981363,0.597678,1.017452,0.600133,38.294,0.996,0,0.597678,hst,22.587,38.451,0.587,38.451,1.0,1.1112960972222602e-16,cyclic,hst,1,10.293
TSOPF_RS_b300_c1,14538,1474325,8,0.002,18,False,400,256,23.10888,0.599595,1.024357,0.60355,38.288,0.993,0,0.599595,hst,22.559,38.541,0.585,38.541,1.0,1.1112960972222602e-16,cyclic,hst,1,10.404
TSOPF_RS_b300_c1,14538,1474325,8,0.002,19,False,400,256,23.014571,0.599016,1.02014,0.602546,38.196,0.994,0,0.599016,hst,22.56,38.421,0.587,38.421,1.0,1.1112960972222602e-16,cyclic,hst,1,10.406
TSOPF_RS_b300_c1,14538,1474325,8,0.002,20,False,400,256,22.988249,0.597106,1.014971,0.598793,38.391,0.997,0,0.597106,hst,22.649,38.499,0.588,38.499,1.0,1.1112960972222602e-16,cyclic,hst,1,10.337
TSOPF_RS_b300_c1,14538,1474325,8,0.002,21,False,400,256,23.156759,0.604794,1.026779,0.606302,38.193,0.998,0,0.604794,hst,22.553,38.289,0.589,38.289,1.0,1.4073755446586306e-16,cyclic,hst,1,10.529
TSOPF_RS_b300_c1,14538,1474325,8,0.01,17,False,400,256,22.644434,0.599118,1.011369,0.598044,37.864,1.002,0,0.599118,hst,22.39,37.796,0.592,37.796,1.0,1.1112960972222602e-16,cyclic,hst,1,10.286
TSOPF_RS_b300_c1,14538,1474325,8,0.01,18,False,400,256,22.718568,0.601971,1.014414,0.60138,37.777,1.001,0,0.601971,hst,22.396,37.74,0.593,37.74,1.0,1.1112960972222602e-16,cyclic,hst,1,10.3
TSOPF_RS_b300_c1,14538,1474325,8,0.01,19,False,400,256,22.480621,0.604331,1.013382,0.601263,37.389,1.005,0,0.604331,hst,22.184,37.199,0.596,37.199,1.0,1.1112960972222602e-16,cyclic,hst,1,10.197
TSOPF_RS_b300_c1,14538,1474325,8,0.01,20,False,400,256,22.742948,0.603596,1.019398,0.604823,37.603,0.998,0,0.603596,hst,22.31,37.679,0.592,37.679,1.0,1.1112960972222602e-16,cyclic,hst,1,10.442
TSOPF_RS_b300_c1,14538,1474325,8,0.01,21,False,400,256,22.953198,0.610765,1.030146,0.612232,37.491,0.998,0,0.610765,hst,22.281,37.581,0.593,37.581,1.0,1.4073755446586306e-16,cyclic,hst,1,10.492
TSOPF_RS_b300_c1,14538,1474325,8,0.05,17,False,400,256,22.45714,0.609083,1.035381,0.624768,35.945,0.975,0,0.609083,hst,21.69,36.87,0.588,36.87,1.0,1.1112960972222602e-16,cyclic,hst,1,10.286
TSOPF_RS_b300_c1,14538,1474325,8,0.05,18,False,400,256,27.698796,0.782335,1.292038,0.784115,35.325,0.998,0,0.782335,hst,21.438,35.405,0.606,35.405,1.0,1.1112960972222602e-16,cyclic,hst,1,13.0
TSOPF_RS_b300_c1,14538,1474325,8,0.05,19,False,400,256,25.660542,0.607613,1.014709,0.610116,42.058,0.996,0,0.607613,hst,25.289,42.232,0.599,42.232,1.0,1.1112960972222602e-16,cyclic,hst,1,10.271
TSOPF_RS_b300_c1,14538,1474325,8,0.05,20,False,400,256,21.820328,0.61135,1.012967,0.608965,35.832,1.004,0,0.61135,hst,21.541,35.692,0.604,35.692,1.0,1.1112960972222602e-16,cyclic,hst,1,10.177
TSOPF_RS_b300_c1,14538,1474325,8,0.05,21,False,400,256,22.123688,0.620098,1.020235,0.617645,35.819,1.004,0,0.620098,hst,21.685,35.678,0.608,35.678,1.0,1.4073755446586306e-16,cyclic,hst,1,10.06
TSOPF_RS_b300_c1,14538,1474325,8,0.25,17,False,400,256,17.520382,0.659133,0.961664,0.628014,27.898,1.05,1,0.659133,hst,18.219,26.581,0.685,26.581,1.0,1.1112960972222602e-16,cyclic,hst,1,8.956
TSOPF_RS_b300_c1,14538,1474325,8,0.25,18,False,400,256,16.787326,0.653212,0.947843,0.621119,27.028,1.052,1,0.653212,hst,17.711,25.7,0.689,25.7,1.0,1.1112960972222602e-16,cyclic,hst,1,8.698
TSOPF_RS_b300_c1,14538,1474325,8,0.25,19,False,400,256,17.592582,0.620878,0.962647,0.626854,28.065,0.99,1,0.620878,hst,18.275,28.335,0.645,28.335,1.0,1.1112960972222602e-16,cyclic,hst,1,9.022
TSOPF_RS_b300_c1,14538,1474325,8,0.25,20,False,400,256,17.167985,0.650071,0.97946,0.649505,26.432,1.001,1,0.650071,hst,17.528,26.409,0.664,26.409,1.0,1.1112960972222602e-16,cyclic,hst,1,9.016
TSOPF_RS_b300_c1,14538,1474325,8,0.25,21,False,400,256,17.181563,0.680202,0.985229,0.652615,26.327,1.042,1,0.680202,hst,17.439,25.259,0.69,25.259,1.0,1.4073755446586306e-16,cyclic,hst,1,9.021
case9,14454,147972,8,0.0,17,False,400,256,0.062536,0.08781,0.066586,0.062681,0.998,0.998,,0.062536,delta_baseline,0.939,1.0,0.939,1.0,1.404,1.8253563338087409e-16,cyclic,delta_baseline,0,0.0
case9,14454,147972,8,0.0,18,False,400,256,0.064466,0.104669,0.069509,0.065523,0.984,0.984,,0.064466,delta_baseline,0.927,1.0,0.927,1.0,1.624,1.6384614607668743e-15,cyclic,delta_baseline,0,0.0
case9,14454,147972,8,0.0,19,False,400,256,0.063078,0.087498,0.069003,0.065149,0.968,0.968,,0.063078,delta_baseline,0.914,1.0,0.914,1.0,1.387,1.8253563338087409e-16,cyclic,delta_baseline,0,0.0
case9,14454,147972,8,0.0,20,False,400,256,0.064465,0.105909,0.070766,0.066698,0.967,0.967,,0.064465,delta_baseline,0.911,1.0,0.911,1.0,1.643,1.1571059044469956e-15,cyclic,delta_baseline,0,0.0
case9,14454,147972,8,0.0,21,False,400,256,0.06345,0.10367,0.070421,0.066949,0.948,0.948,,0.06345,delta_baseline,0.901,1.0,0.901,1.0,1.634,1.4037033603327298e-15,cyclic,delta_baseline,0,0.0
case9,14454,147972,8,0.002,17,False,400,256,1.391681,0.091802,0.126684,0.097191,14.319,0.945,2,0.091802,hst,10.985,15.16,0.725,15.16,1.0,1.8253563338087409e-16,cyclic,hst,1,2.043
case9,14454,147972,8,0.002,18,False,400,256,1.446161,0.111573,0.144315,0.114484,12.632,0.975,2,0.111573,hst,10.021,12.962,0.773,12.962,1.0,1.6384614607668743e-15,cyclic,hst,1,2.031
case9,14454,147972,8,0.002,19,False,400,256,1.382549,0.091872,0.126088,0.096442,14.336,0.953,2,0.091872,hst,10.965,15.049,0.729,15.049,1.0,1.8253563338087409e-16,cyclic,hst,1,1.971
case9,14454,147972,8,0.002,20,False,400,256,1.43098,0.112213,0.144889,0.114738,12.472,0.978,2,0.112213,hst,9.876,12.752,0.774,12.752,1.0,1.1571059044469956e-15,cyclic,hst,1,2.087
case9,14454,147972,8,0.002,21,False,400,256,1.443093,0.109069,0.143842,0.113806,12.68,0.958,2,0.109069,hst,10.033,13.231,0.758,13.231,1.0,1.4037033603327298e-15,cyclic,hst,1,2.134
case9,14454,147972,8,0.01,17,False,400,256,1.390996,0.092972,0.127124,0.09793,14.204,0.949,2,0.092972,hst,10.942,14.961,0.731,14.961,1.0,1.8253563338087409e-16,cyclic,hst,1,1.957
case9,14454,147972,8,0.01,18,False,400,256,1.274081,0.078602,0.103846,0.079868,15.952,0.984,1,0.078602,hst,12.269,16.209,0.757,16.209,1.0,1.6384614607668743e-15,cyclic,hst,1,1.587
case9,14454,147972,8,0.01,19,False,400,256,1.118183,0.065491,0.090705,0.06763,16.534,0.968,1,0.065491,hst,12.328,17.074,0.722,17.074,1.0,1.8253563338087409e-16,cyclic,hst,1,1.447
case9,14454,147972,8,0.01,20,False,400,256,1.183678,0.078914,0.103948,0.079779,14.837,0.989,1,0.078914,hst,11.387,15.0,0.759,15.0,1.0,1.1571059044469956e-15,cyclic,hst,1,1.503
case9,14454,147972,8,0.01,21,False,400,256,1.192831,0.077909,0.103219,0.079169,15.067,0.984,1,0.077909,hst,11.556,15.311,0.755,15.311,1.0,1.4037033603327298e-15,cyclic,hst,1,1.521
case9,14454,147972,8,0.05,17,False,400,256,1.120899,0.067531,0.092202,0.068931,16.261,0.98,1,0.067531,hst,12.157,16.598,0.732,16.598,1.0,1.8253563338087409e-16,cyclic,hst,1,1.493
case9,14454,147972,8,0.05,18,False,400,256,1.167134,0.081849,0.105604,0.081603,14.303,1.003,1,0.081849,hst,11.052,14.26,0.775,14.26,1.0,1.6384614607668743e-15,cyclic,hst,1,1.521
case9,14454,147972,8,0.05,19,False,400,256,1.124978,0.067763,0.092235,0.06899,16.306,0.982,1,0.067763,hst,12.197,16.602,0.735,16.602,1.0,1.8253563338087409e-16,cyclic,hst,1,1.486
case9,14454,147972,8,0.05,20,False,400,256,1.169796,0.08132,0.106481,0.082119,14.245,0.99,1,0.08132,hst,10.986,14.385,0.764,14.385,1.0,1.1571059044469956e-15,cyclic,hst,1,1.62
case9,14454,147972,8,0.05,21,False,400,256,1.089348,0.079778,0.103297,0.08075,13.49,0.988,2,0.079778,hst,10.546,13.655,0.772,13.655,1.0,1.4037033603327298e-15,cyclic,hst,1,1.526
case9,14454,147972,8,0.25,17,False,400,256,0.742351,0.075755,0.094147,0.07699,9.642,0.984,2,0.075755,hst,7.885,9.799,0.805,9.799,1.0,1.8253563338087409e-16,cyclic,hst,1,1.418
case9,14454,147972,8,0.25,18,False,400,256,0.917989,0.090913,0.109915,0.090393,10.156,1.006,2,0.090913,hst,8.352,10.097,0.827,10.097,1.0,1.6384614607668743e-15,cyclic,hst,1,1.531
case9,14454,147972,8,0.25,19,False,400,256,1.064078,0.074906,0.096849,0.074486,14.286,1.006,2,0.074906,hst,10.987,14.206,0.773,14.206,1.0,1.8253563338087409e-16,cyclic,hst,1,1.555
case9,14454,147972,8,0.25,20,False,400,256,0.591337,0.081339,0.097738,0.081119,7.29,1.003,3,0.081339,hst,6.05,7.27,0.832,7.27,1.0,1.1571059044469956e-15,cyclic,hst,1,1.676
case9,14454,147972,8,0.25,21,False,400,256,1.022228,0.08949,0.111577,0.089565,11.413,0.999,2,0.08949,hst,9.162,11.423,0.802,11.423,1.0,1.4037033603327298e-15,cyclic,hst,1,1.656
bcspwr09,1723,6511,8,0.0,17,False,400,256,0.006403,0.025812,0.007144,0.006814,0.94,0.94,,0.006403,delta_baseline,0.896,1.0,0.896,1.0,4.031,3.3992994908668667e-16,cyclic,delta_baseline,0,0.0
bcspwr09,1723,6511,8,0.0,18,False,400,256,0.005908,0.025677,0.007245,0.006937,0.852,0.852,,0.005908,delta_baseline,0.815,1.0,0.815,1.0,4.346,1.860896069197576e-16,cyclic,delta_baseline,0,0.0
bcspwr09,1723,6511,8,0.0,19,False,400,256,0.005882,0.024225,0.007116,0.006799,0.865,0.865,,0.005882,delta_baseline,0.827,1.0,0.827,1.0,4.118,1.4472386138826977e-16,cyclic,delta_baseline,0,0.0
bcspwr09,1723,6511,8,0.0,20,False,400,256,0.005799,0.025924,0.007085,0.006742,0.86,0.86,,0.005799,delta_baseline,0.819,1.0,0.819,1.0,4.471,4.2716015826531054e-16,cyclic,delta_baseline,0,0.0
bcspwr09,1723,6511,8,0.0,21,False,400,256,0.006383,0.025489,0.007496,0.007169,0.89,0.89,,0.006383,delta_baseline,0.852,1.0,0.852,1.0,3.993,9.609496773994548e-17,cyclic,delta_baseline,0,0.0
bcspwr09,1723,6511,8,0.002,17,False,400,256,0.070397,0.025737,0.040368,0.028595,2.462,0.9,45,0.025737,hst,1.744,2.735,0.638,2.735,1.0,3.3992994908668667e-16,cyclic,hst,1,1.898
bcspwr09,1723,6511,8,0.002,18,False,400,256,0.067493,0.026469,0.04155,0.029127,2.317,0.909,52,0.026469,hst,1.624,2.55,0.637,2.55,1.0,1.860896069197576e-16,cyclic,hst,1,1.988
bcspwr09,1723,6511,8,0.002,19,False,400,256,0.066801,0.025133,0.03947,0.027586,2.422,0.911,47,0.025133,hst,1.692,2.658,0.637,2.658,1.0,1.4472386138826977e-16,cyclic,hst,1,1.844
bcspwr09,1723,6511,8,0.002,20,False,400,256,0.068047,0.027045,0.042014,0.029799,2.284,0.908,53,0.027045,hst,1.62,2.516,0.644,2.516,1.0,4.2716015826531054e-16,cyclic,hst,1,2.045
bcspwr09,1723,6511,8,0.002,21,False,400,256,0.072575,0.027299,0.041633,0.029093,2.495,0.938,47,0.027299,hst,1.743,2.659,0.656,2.659,1.0,9.609496773994548e-17,cyclic,hst,1,2.027
bcspwr09,1723,6511,8,0.01,17,False,400,256,0.071016,0.026877,0.042014,0.02942,2.414,0.914,50,0.026877,hst,1.69,2.642,0.64,2.642,1.0,3.3992994908668667e-16,cyclic,hst,1,2.073
bcspwr09,1723,6511,8,0.01,18,False,400,256,0.06992,0.027186,0.042444,0.029751,2.35,0.914,52,0.027186,hst,1.647,2.572,0.641,2.572,1.0,1.860896069197576e-16,cyclic,hst,1,2.102
bcspwr09,1723,6511,8,0.01,19,False,400,256,0.067584,0.025682,0.040482,0.028196,2.397,0.911,50,0.025682,hst,1.669,2.632,0.634,2.632,1.0,1.4472386138826977e-16,cyclic,hst,1,1.958
bcspwr09,1723,6511,8,0.01,20,False,400,256,0.068199,0.026967,0.042041,0.029702,2.296,0.908,53,0.026967,hst,1.622,2.529,0.641,2.529,1.0,4.2716015826531054e-16,cyclic,hst,1,2.059
bcspwr09,1723,6511,8,0.01,21,False,400,256,0.074341,0.026701,0.042357,0.029471,2.523,0.906,45,0.026701,hst,1.755,2.784,0.63,2.784,1.0,9.609496773994548e-17,cyclic,hst,1,2.031
bcspwr09,1723,6511,8,0.05,17,False,400,256,0.07238,0.027182,0.042837,0.029957,2.416,0.907,49,0.027182,hst,1.69,2.663,0.635,2.663,1.0,3.3992994908668667e-16,cyclic,hst,1,2.097
bcspwr09,1723,6511,8,0.05,18,False,400,256,0.071142,0.027502,0.04334,0.030314,2.347,0.907,53,0.027502,hst,1.641,2.587,0.635,2.587,1.0,1.860896069197576e-16,cyclic,hst,1,2.175
bcspwr09,1723,6511,8,0.05,19,False,400,256,0.069976,0.025813,0.041399,0.028826,2.428,0.895,49,0.025813,hst,1.69,2.711,0.624,2.711,1.0,1.4472386138826977e-16,cyclic,hst,1,2.029
bcspwr09,1723,6511,8,0.05,20,False,400,256,0.070363,0.027742,0.043159,0.030331,2.32,0.915,52,0.027742,hst,1.63,2.536,0.643,2.536,1.0,4.2716015826531054e-16,cyclic,hst,1,2.09
bcspwr09,1723,6511,8,0.05,21,False,400,256,0.075621,0.027132,0.051141,0.03811,1.984,0.712,58,0.027132,hst,1.479,2.787,0.531,2.787,1.0,9.609496773994548e-17,cyclic,hst,1,2.157
bcspwr09,1723,6511,8,0.25,17,False,400,256,0.076226,0.029062,0.045031,0.031901,2.389,0.911,51,0.029062,hst,1.693,2.623,0.645,2.623,1.0,3.3992994908668667e-16,cyclic,hst,1,2.246
bcspwr09,1723,6511,8,0.25,18,False,400,256,0.074943,0.029449,0.04519,0.031911,2.349,0.923,52,0.029449,hst,1.658,2.545,0.652,2.545,1.0,1.860896069197576e-16,cyclic,hst,1,2.226
bcspwr09,1723,6511,8,0.25,19,False,400,256,0.073188,0.028647,0.044306,0.031302,2.338,0.915,52,0.028647,hst,1.652,2.555,0.647,2.555,1.0,1.4472386138826977e-16,cyclic,hst,1,2.178
bcspwr09,1723,6511,8,0.25,20,False,400,256,0.07255,0.029474,0.045152,0.032275,2.248,0.913,55,0.029474,hst,1.607,2.461,0.653,2.461,1.0,4.2716015826531054e-16,cyclic,hst,1,2.208
bcspwr09,1723,6511,8,0.25,21,False,400,256,0.077293,0.028949,0.045234,0.031789,2.431,0.911,50,0.028949,hst,1.709,2.67,0.64,2.67,1.0,9.609496773994548e-17,cyclic,hst,1,2.259
add32,4960,19848,8,0.0,17,False,400,256,0.006117,0.017489,0.007076,0.006775,0.903,0.903,,0.006117,delta_baseline,0.864,1.0,0.864,1.0,2.859,1.834572946307244e-16,cyclic,delta_baseline,0,0.0
add32,4960,19848,8,0.0,18,False,400,256,0.00587,0.01691,0.007294,0.006994,0.839,0.839,,0.00587,delta_baseline,0.805,1.0,0.805,1.0,2.881,3.8969112366871195e-16,cyclic,delta_baseline,0,0.0
add32,4960,19848,8,0.0,19,False,400,256,0.005865,0.015192,0.006876,0.006591,0.89,0.89,,0.005865,delta_baseline,0.853,1.0,0.853,1.0,2.59,1.440904858629578e-16,cyclic,delta_baseline,0,0.0
add32,4960,19848,8,0.0,20,False,400,256,0.005828,0.016112,0.007008,0.006713,0.868,0.868,,0.005828,delta_baseline,0.832,1.0,0.832,1.0,2.765,1.9189147112235067e-16,cyclic,delta_baseline,0,0.0
add32,4960,19848,8,0.0,21,False,400,256,0.005766,0.016028,0.006981,0.006704,0.86,0.86,,0.005766,delta_baseline,0.826,1.0,0.826,1.0,2.78,2.4073268406156015e-16,cyclic,delta_baseline,0,0.0
add32,4960,19848,8,0.002,17,False,400,256,0.062352,0.018099,0.033138,0.020701,3.012,0.874,44,0.018099,hst,1.882,3.445,0.546,3.445,1.0,1.834572946307244e-16,cyclic,hst,1,1.838
add32,4960,19848,8,0.002,18,False,400,256,0.056278,0.01744,0.032319,0.02032,2.77,0.858,52,0.01744,hst,1.741,3.227,0.54,3.227,1.0,3.8969112366871195e-16,cyclic,hst,1,1.864
add32,4960,19848,8,0.002,19,False,400,256,0.057713,0.01618,0.029303,0.017484,3.301,0.925,39,0.01618,hst,1.97,3.567,0.552,3.567,1.0,1.440904858629578e-16,cyclic,hst,1,1.562
add32,4960,19848,8,0.002,20,False,400,256,0.062398,0.017016,0.028985,0.018286,3.412,0.931,32,0.017016,hst,2.153,3.667,0.587,3.667,1.0,1.9189147112235067e-16,cyclic,hst,1,1.391
add32,4960,19848,8,0.002,21,False,400,256,0.062014,0.016886,0.032173,0.019643,3.157,0.86,43,0.016886,hst,1.928,3.673,0.525,3.673,1.0,2.4073268406156015e-16,cyclic,hst,1,1.802
add32,4960,19848,8,0.01,17,False,400,256,0.063143,0.018483,0.034019,0.021315,2.962,0.867,47,0.018483,hst,1.856,3.416,0.543,3.416,1.0,1.834572946307244e-16,cyclic,hst,1,1.981
add32,4960,19848,8,0.01,18,False,400,256,0.064764,0.017929,0.033719,0.020949,3.091,0.856,44,0.017929,hst,1.921,3.612,0.532,3.612,1.0,3.8969112366871195e-16,cyclic,hst,1,1.92
add32,4960,19848,8,0.01,19,False,400,256,0.059554,0.016562,0.029941,0.018038,3.302,0.918,38,0.016562,hst,1.989,3.596,0.553,3.596,1.0,1.440904858629578e-16,cyclic,hst,1,1.594
add32,4960,19848,8,0.01,20,False,400,256,0.064015,0.017779,0.033507,0.020477,3.126,0.868,43,0.017779,hst,1.911,3.601,0.531,3.601,1.0,1.9189147112235067e-16,cyclic,hst,1,1.89
add32,4960,19848,8,0.01,21,False,400,256,0.063335,0.017396,0.032911,0.020085,3.153,0.866,44,0.017396,hst,1.924,3.641,0.529,3.641,1.0,2.4073268406156015e-16,cyclic,hst,1,1.913
add32,4960,19848,8,0.05,17,False,400,256,0.06638,0.019973,0.035204,0.022586,2.939,0.884,46,0.019973,hst,1.886,3.323,0.567,3.323,1.0,1.834572946307244e-16,cyclic,hst,1,2.005
add32,4960,19848,8,0.05,18,False,400,256,0.066528,0.019471,0.035132,0.022016,3.022,0.884,45,0.019471,hst,1.894,3.417,0.554,3.417,1.0,3.8969112366871195e-16,cyclic,hst,1,2.015
add32,4960,19848,8,0.05,19,False,400,256,0.061688,0.017875,0.033262,0.020369,3.028,0.878,47,0.017875,hst,1.855,3.451,0.537,3.451,1.0,1.440904858629578e-16,cyclic,hst,1,1.943
add32,4960,19848,8,0.05,20,False,400,256,0.066471,0.019212,0.034475,0.021522,3.089,0.893,45,0.019212,hst,1.928,3.46,0.557,3.46,1.0,1.9189147112235067e-16,cyclic,hst,1,2.041
add32,4960,19848,8,0.05,21,False,400,256,0.064579,0.018684,0.034604,0.021543,2.998,0.867,48,0.018684,hst,1.866,3.456,0.54,3.456,1.0,2.4073268406156015e-16,cyclic,hst,1,2.05
add32,4960,19848,8,0.25,17,False,400,256,0.067571,0.026073,0.041681,0.028387,2.38,0.918,59,0.026073,hst,1.621,2.592,0.626,2.592,1.0,1.834572946307244e-16,cyclic,hst,1,2.329
add32,4960,19848,8,0.25,18,False,400,256,0.06634,0.024995,0.040758,0.027485,2.414,0.909,59,0.024995,hst,1.628,2.654,0.613,2.654,1.0,3.8969112366871195e-16,cyclic,hst,1,2.29
add32,4960,19848,8,0.25,19,False,400,256,0.064479,0.024674,0.040718,0.027417,2.352,0.9,63,0.024674,hst,1.584,2.613,0.606,2.613,1.0,1.440904858629578e-16,cyclic,hst,1,2.35
add32,4960,19848,8,0.25,20,False,400,256,0.066606,0.025356,0.042472,0.02876,2.316,0.882,63,0.025356,hst,1.568,2.627,0.597,2.627,1.0,1.9189147112235067e-16,cyclic,hst,1,2.393
add32,4960,19848,8,0.25,21,False,400,256,0.067808,0.025338,0.042121,0.028493,2.38,0.889,60,0.025338,hst,1.61,2.676,0.602,2.676,1.0,2.4073268406156015e-16,cyclic,hst,1,2.364
circuit_3,12127,48137,8,0.0,17,False,400,256,0.022371,0.041297,0.023444,0.022614,0.989,0.989,,0.022371,delta_baseline,0.954,1.0,0.954,1.0,1.846,6.734179160610594e-16,cyclic,delta_baseline,0,0.0
circuit_3,12127,48137,8,0.0,18,False,400,256,0.02211,0.04238,0.023219,0.022398,0.987,0.987,,0.02211,delta_baseline,0.952,1.0,0.952,1.0,1.917,6.734177751265342e-16,cyclic,delta_baseline,0,0.0
circuit_3,12127,48137,8,0.0,19,False,400,256,0.023434,0.042814,0.024705,0.023641,0.991,0.991,,0.023434,delta_baseline,0.949,1.0,0.949,1.0,1.827,1.38110199246993e-16,cyclic,delta_baseline,0,0.0
circuit_3,12127,48137,8,0.0,20,False,400,256,0.022131,0.041872,0.023613,0.022805,0.97,0.97,,0.022131,delta_baseline,0.937,1.0,0.937,1.0,1.892,7.407593410861525e-16,cyclic,delta_baseline,0,0.0
circuit_3,12127,48137,8,0.0,21,False,400,256,0.022353,0.045484,0.023959,0.02297,0.973,0.973,,0.022353,delta_baseline,0.933,1.0,0.933,1.0,2.035,6.413984212090423e-16,cyclic,delta_baseline,0,0.0
circuit_3,12127,48137,8,0.002,17,False,400,256,0.280492,0.042713,0.059144,0.044725,6.271,0.955,8,0.042713,hst,4.743,6.567,0.722,6.567,1.0,6.734179160610594e-16,cyclic,hst,1,1.908
circuit_3,12127,48137,8,0.002,18,False,400,256,0.290915,0.043547,0.05976,0.045234,6.431,0.963,8,0.043547,hst,4.868,6.68,0.729,6.68,1.0,6.734177751265342e-16,cyclic,hst,1,1.887
circuit_3,12127,48137,8,0.002,19,False,400,256,0.359173,0.044647,0.06014,0.046422,7.737,0.962,5,0.044647,hst,5.972,8.045,0.742,8.045,1.0,1.38110199246993e-16,cyclic,hst,1,1.645
circuit_3,12127,48137,8,0.002,20,False,400,256,0.284533,0.043522,0.060692,0.045045,6.317,0.966,8,0.043522,hst,4.688,6.538,0.717,6.538,1.0,7.407593410861525e-16,cyclic,hst,1,2.035
circuit_3,12127,48137,8,0.002,21,False,400,256,0.321737,0.048558,0.067053,0.0498,6.461,0.975,8,0.048558,hst,4.798,6.626,0.724,6.626,1.0,6.413984212090423e-16,cyclic,hst,1,2.146
circuit_3,12127,48137,8,0.01,17,False,400,256,0.292576,0.043846,0.060031,0.045199,6.473,0.97,8,0.043846,hst,4.874,6.673,0.73,6.673,1.0,6.734179160610594e-16,cyclic,hst,1,1.904
circuit_3,12127,48137,8,0.01,18,False,400,256,0.298345,0.044324,0.060242,0.045238,6.595,0.98,8,0.044324,hst,4.952,6.731,0.736,6.731,1.0,6.734177751265342e-16,cyclic,hst,1,1.92
circuit_3,12127,48137,8,0.01,19,False,400,256,0.355225,0.04546,0.059649,0.046363,7.662,0.981,5,0.04546,hst,5.955,7.814,0.762,7.814,1.0,1.38110199246993e-16,cyclic,hst,1,1.624
circuit_3,12127,48137,8,0.01,20,False,400,256,0.294911,0.044038,0.058885,0.045305,6.509,0.972,7,0.044038,hst,5.008,6.697,0.748,6.697,1.0,7.407593410861525e-16,cyclic,hst,1,1.775
circuit_3,12127,48137,8,0.01,21,False,400,256,0.321612,0.048698,0.065655,0.049519,6.495,0.983,7,0.048698,hst,4.899,6.604,0.742,6.604,1.0,6.413984212090423e-16,cyclic,hst,1,2.031
circuit_3,12127,48137,8,0.05,17,False,400,256,0.29848,0.045179,0.059962,0.046027,6.485,0.982,7,0.045179,hst,4.978,6.607,0.753,6.607,1.0,6.734179160610594e-16,cyclic,hst,1,1.817
circuit_3,12127,48137,8,0.05,18,False,400,256,0.295568,0.045317,0.060961,0.045824,6.45,0.989,8,0.045317,hst,4.848,6.522,0.743,6.522,1.0,6.734177751265342e-16,cyclic,hst,1,1.956
circuit_3,12127,48137,8,0.05,19,False,400,256,0.301853,0.047313,0.064759,0.048085,6.277,0.984,8,0.047313,hst,4.661,6.38,0.731,6.38,1.0,1.38110199246993e-16,cyclic,hst,1,2.036
circuit_3,12127,48137,8,0.05,20,False,400,256,0.306557,0.046268,0.060909,0.046836,6.545,0.988,7,0.046268,hst,5.033,6.626,0.76,6.626,1.0,7.407593410861525e-16,cyclic,hst,1,1.826
circuit_3,12127,48137,8,0.05,21,False,400,256,0.263392,0.050555,0.074006,0.050854,5.179,0.994,14,0.050555,hst,3.559,5.21,0.683,5.21,1.0,6.413984212090423e-16,cyclic,hst,1,2.937
circuit_3,12127,48137,8,0.25,17,False,400,256,0.25272,0.0476,0.066036,0.047503,5.32,1.002,12,0.0476,hst,3.827,5.309,0.721,5.309,1.0,6.734179160610594e-16,cyclic,hst,1,2.391
circuit_3,12127,48137,8,0.25,18,False,400,256,0.195245,0.044016,0.07393,0.047505,4.11,0.927,26,0.044016,hst,2.641,4.436,0.595,4.436,1.0,6.734177751265342e-16,cyclic,hst,1,3.891
circuit_3,12127,48137,8,0.25,19,False,400,256,0.23472,0.053008,0.086815,0.056678,4.141,0.935,24,0.053008,hst,2.704,4.428,0.611,4.428,1.0,1.38110199246993e-16,cyclic,hst,1,4.289
circuit_3,12127,48137,8,0.25,20,False,400,256,0.189478,0.044627,0.073963,0.048507,3.906,0.92,28,0.044627,hst,2.562,4.246,0.603,4.246,1.0,7.407593410861525e-16,cyclic,hst,1,3.917
circuit_3,12127,48137,8,0.25,21,False,400,256,0.271728,0.055232,0.082716,0.056286,4.828,0.981,16,0.055232,hst,3.285,4.92,0.668,4.92,1.0,6.413984212090423e-16,cyclic,hst,1,3.364
rajat03,7602,32653,8,0.0,17,False,400,256,0.006672,0.021717,0.007298,0.006967,0.958,0.958,,0.006672,delta_baseline,0.914,1.0,0.914,1.0,3.255,1.5389215321852664e-16,cyclic,delta_baseline,0,0.0
rajat03,7602,32653,8,0.0,18,False,400,256,0.006274,0.019031,0.007181,0.006876,0.912,0.912,,0.006274,delta_baseline,0.874,1.0,0.874,1.0,3.033,1.5443765292083486e-16,cyclic,delta_baseline,0,0.0
rajat03,7602,32653,8,0.0,19,False,400,256,0.006098,0.01781,0.00709,0.006779,0.899,0.899,,0.006098,delta_baseline,0.86,1.0,0.86,1.0,2.921,1.5991248545154193e-16,cyclic,delta_baseline,0,0.0
rajat03,7602,32653,8,0.0,20,False,400,256,0.006186,0.020078,0.007247,0.006914,0.895,0.895,,0.006186,delta_baseline,0.854,1.0,0.854,1.0,3.246,1.538921533552159e-16,cyclic,delta_baseline,0,0.0
rajat03,7602,32653,8,0.0,21,False,400,256,0.006297,0.019398,0.00721,0.006895,0.913,0.913,,0.006297,delta_baseline,0.873,1.0,0.873,1.0,3.08,1.5389215543573844e-16,cyclic,delta_baseline,0,0.0
rajat03,7602,32653,8,0.002,17,False,400,256,0.066283,0.022208,0.039011,0.024862,2.666,0.893,59,0.022208,hst,1.699,2.985,0.569,2.985,1.0,1.5389215321852664e-16,cyclic,hst,1,2.431
rajat03,7602,32653,8,0.002,18,False,400,256,0.060052,0.020637,0.036314,0.023086,2.601,0.894,62,0.020637,hst,1.654,2.91,0.568,2.91,1.0,1.5443765292083486e-16,cyclic,hst,1,2.299
rajat03,7602,32653,8,0.002,19,False,400,256,0.065757,0.019091,0.035134,0.021665,3.035,0.881,49,0.019091,hst,1.872,3.444,0.543,3.444,1.0,1.5991248545154193e-16,cyclic,hst,1,2.173
rajat03,7602,32653,8,0.002,20,False,400,256,0.061914,0.021509,0.037256,0.023611,2.622,0.911,61,0.021509,hst,1.662,2.879,0.577,2.879,1.0,1.538921533552159e-16,cyclic,hst,1,2.335
rajat03,7602,32653,8,0.002,21,False,400,256,0.066645,0.020685,0.036792,0.023362,2.853,0.885,52,0.020685,hst,1.811,3.222,0.562,3.222,1.0,1.5389215543573844e-16,cyclic,hst,1,2.24
rajat03,7602,32653,8,0.01,17,False,400,256,0.065316,0.02271,0.039046,0.025337,2.578,0.896,60,0.02271,hst,1.673,2.876,0.582,2.876,1.0,1.5389215321852664e-16,cyclic,hst,1,2.415
rajat03,7602,32653,8,0.01,18,False,400,256,0.066957,0.020668,0.036827,0.023108,2.898,0.894,53,0.020668,hst,1.818,3.24,0.561,3.24,1.0,1.5443765292083486e-16,cyclic,hst,1,2.317
rajat03,7602,32653,8,0.01,19,False,400,256,0.065682,0.019368,0.03593,0.022195,2.959,0.873,52,0.019368,hst,1.828,3.391,0.539,3.391,1.0,1.5991248545154193e-16,cyclic,hst,1,2.249
rajat03,7602,32653,8,0.01,20,False,400,256,0.067742,0.021702,0.03845,0.024353,2.782,0.891,55,0.021702,hst,1.762,3.121,0.564,3.121,1.0,1.538921533552159e-16,cyclic,hst,1,2.389
rajat03,7602,32653,8,0.01,21,False,400,256,0.066051,0.021095,0.037595,0.023964,2.756,0.88,54,0.021095,hst,1.757,3.131,0.561,3.131,1.0,1.5389215543573844e-16,cyclic,hst,1,2.279
rajat03,7602,32653,8,0.05,17,False,400,256,0.070658,0.024231,0.041142,0.026895,2.627,0.901,57,0.024231,hst,1.717,2.916,0.589,2.916,1.0,1.5389215321852664e-16,cyclic,hst,1,2.496
rajat03,7602,32653,8,0.05,18,False,400,256,0.067499,0.022342,0.039662,0.025157,2.683,0.888,57,0.022342,hst,1.702,3.021,0.563,3.021,1.0,1.5443765292083486e-16,cyclic,hst,1,2.42
rajat03,7602,32653,8,0.05,19,False,400,256,0.068368,0.021109,0.037621,0.023743,2.88,0.889,51,0.021109,hst,1.817,3.239,0.561,3.239,1.0,1.5991248545154193e-16,cyclic,hst,1,2.282
rajat03,7602,32653,8,0.05,20,False,400,256,0.06735,0.023439,0.040174,0.026194,2.571,0.895,60,0.023439,hst,1.676,2.873,0.583,2.873,1.0,1.538921533552159e-16,cyclic,hst,1,2.468
rajat03,7602,32653,8,0.05,21,False,400,256,0.06754,0.022774,0.039078,0.02543,2.656,0.896,56,0.022774,hst,1.728,2.966,0.583,2.966,1.0,1.5389215543573844e-16,cyclic,hst,1,2.361
rajat03,7602,32653,8,0.25,17,False,400,256,0.084249,0.03239,0.049787,0.034609,2.434,0.936,57,0.03239,hst,1.692,2.601,0.651,2.601,1.0,1.5389215321852664e-16,cyclic,hst,1,2.852
rajat03,7602,32653,8,0.25,18,False,400,256,0.068366,0.030085,0.047645,0.032803,2.084,0.917,80,0.030085,hst,1.435,2.272,0.631,2.272,1.0,1.5443765292083486e-16,cyclic,hst,1,2.832
rajat03,7602,32653,8,0.25,19,False,400,256,0.067872,0.029363,0.046076,0.03188,2.129,0.921,75,0.029363,hst,1.473,2.311,0.637,2.311,1.0,1.5991248545154193e-16,cyclic,hst,1,2.707
rajat03,7602,32653,8,0.25,20,False,400,256,0.068785,0.031656,0.048119,0.033885,2.03,0.934,80,0.031656,hst,1.429,2.173,0.658,2.173,1.0,1.538921533552159e-16,cyclic,hst,1,2.804
rajat03,7602,32653,8,0.25,21,False,400,256,0.070774,0.03059,0.047713,0.033354,2.122,0.917,74,0.03059,hst,1.483,2.314,0.641,2.314,1.0,1.5389215543573844e-16,cyclic,hst,1,2.766
bcsstk18,11948,149090,8,0.0,17,False,400,256,0.009964,0.029307,0.011069,0.01031,0.966,0.966,,0.009964,delta_baseline,0.9,1.0,0.9,1.0,2.941,8.625236741385534e-17,cyclic,delta_baseline,0,0.0
bcsstk18,11948,149090,8,0.0,18,False,400,256,0.009724,0.028391,0.011019,0.010265,0.947,0.947,,0.009724,delta_baseline,0.882,1.0,0.882,1.0,2.92,1.7955529896133775e-16,cyclic,delta_baseline,0,0.0
bcsstk18,11948,149090,8,0.0,19,False,400,256,0.008743,0.026135,0.010025,0.009433,0.927,0.927,,0.008743,delta_baseline,0.872,1.0,0.872,1.0,2.989,1.3804959837172369e-16,cyclic,delta_baseline,0,0.0
bcsstk18,11948,149090,8,0.0,20,False,400,256,0.008877,0.0263,0.009958,0.009315,0.953,0.953,,0.008877,delta_baseline,0.891,1.0,0.891,1.0,2.963,2.057824038214574e-16,cyclic,delta_baseline,0,0.0
bcsstk18,11948,149090,8,0.0,21,False,400,256,0.009068,0.026215,0.010445,0.009774,0.928,0.928,,0.009068,delta_baseline,0.868,1.0,0.868,1.0,2.891,3.703333649681202e-16,cyclic,delta_baseline,0,0.0
bcsstk18,11948,149090,8,0.002,17,False,400,256,0.22549,0.029827,0.044674,0.031399,7.182,0.95,8,0.029827,hst,5.047,7.56,0.668,7.56,1.0,8.625236741385534e-17,cyclic,hst,1,1.605
bcsstk18,11948,149090,8,0.002,18,False,400,256,0.231487,0.030315,0.044226,0.031848,7.268,0.952,8,0.030315,hst,5.234,7.636,0.685,7.636,1.0,1.7955529896133775e-16,cyclic,hst,1,1.498
bcsstk18,11948,149090,8,0.002,19,False,400,256,0.184132,0.028722,0.045892,0.029581,6.225,0.971,14,0.028722,hst,4.012,6.411,0.626,6.411,1.0,1.3804959837172369e-16,cyclic,hst,1,2.099
bcsstk18,11948,149090,8,0.002,20,False,400,256,0.188049,0.028201,0.04191,0.028832,6.522,0.978,11,0.028201,hst,4.487,6.668,0.673,6.668,1.0,2.057824038214574e-16,cyclic,hst,1,1.672
bcsstk18,11948,149090,8,0.002,21,False,400,256,0.211306,0.028042,0.039528,0.028798,7.337,0.974,7,0.028042,hst,5.346,7.535,0.709,7.535,1.0,3.703333649681202e-16,cyclic,hst,1,1.341
bcsstk18,11948,149090,8,0.01,17,False,400,256,0.226844,0.031031,0.044743,0.031653,7.167,0.98,8,0.031031,hst,5.07,7.31,0.694,7.31,1.0,8.625236741385534e-17,cyclic,hst,1,1.586
bcsstk18,11948,149090,8,0.01,18,False,400,256,0.23226,0.031473,0.044806,0.03247,7.153,0.969,7,0.031473,hst,5.184,7.38,0.702,7.38,1.0,1.7955529896133775e-16,cyclic,hst,1,1.465
bcsstk18,11948,149090,8,0.01,19,False,400,256,0.183885,0.029625,0.045712,0.030392,6.05,0.975,13,0.029625,hst,4.023,6.207,0.648,6.207,1.0,1.3804959837172369e-16,cyclic,hst,1,1.958
bcsstk18,11948,149090,8,0.01,20,False,400,256,0.184085,0.029323,0.043607,0.029886,6.16,0.981,11,0.029323,hst,4.221,6.278,0.672,6.278,1.0,2.057824038214574e-16,cyclic,hst,1,1.714
bcsstk18,11948,149090,8,0.01,21,False,400,256,0.210937,0.028937,0.041226,0.029555,7.137,0.979,8,0.028937,hst,5.117,7.289,0.702,7.289,1.0,3.703333649681202e-16,cyclic,hst,1,1.457
bcsstk18,11948,149090,8,0.05,17,False,400,256,0.2247,0.035105,0.054131,0.035642,6.304,0.985,12,0.035105,hst,4.151,6.401,0.649,6.401,1.0,8.625236741385534e-17,cyclic,hst,1,2.256
bcsstk18,11948,149090,8,0.05,18,False,400,256,0.228409,0.035229,0.057776,0.035975,6.349,0.979,14,0.035229,hst,3.953,6.483,0.61,6.483,1.0,1.7955529896133775e-16,cyclic,hst,1,2.647
bcsstk18,11948,149090,8,0.05,19,False,400,256,0.187068,0.033124,0.058191,0.034475,5.426,0.961,20,0.033124,hst,3.215,5.647,0.569,5.647,1.0,1.3804959837172369e-16,cyclic,hst,1,3.003
bcsstk18,11948,149090,8,0.05,20,False,400,256,0.190148,0.032458,0.051374,0.033084,5.747,0.981,15,0.032458,hst,3.701,5.858,0.632,5.858,1.0,2.057824038214574e-16,cyclic,hst,1,2.338
bcsstk18,11948,149090,8,0.05,21,False,400,256,0.208703,0.03213,0.049442,0.032831,6.357,0.979,12,0.03213,hst,4.221,6.496,0.65,6.496,1.0,3.703333649681202e-16,cyclic,hst,1,2.065
bcsstk18,11948,149090,8,0.25,17,False,400,256,0.217972,0.060717,0.090628,0.063075,3.456,0.963,29,0.060717,hst,2.405,3.59,0.67,3.59,1.0,8.625236741385534e-17,cyclic,hst,1,4.489
bcsstk18,11948,149090,8,0.25,18,False,400,256,0.218746,0.062079,0.094064,0.066113,3.309,0.939,30,0.062079,hst,2.325,3.524,0.66,3.524,1.0,1.7955529896133775e-16,cyclic,hst,1,4.558
bcsstk18,11948,149090,8,0.25,19,False,400,256,0.190217,0.060555,0.088817,0.06209,3.064,0.975,36,0.060555,hst,2.142,3.141,0.682,3.141,1.0,1.3804959837172369e-16,cyclic,hst,1,4.567
bcsstk18,11948,149090,8,0.25,20,False,400,256,0.188632,0.058877,0.087045,0.061805,3.052,0.953,35,0.058877,hst,2.167,3.204,0.676,3.204,1.0,2.057824038214574e-16,cyclic,hst,1,4.383
bcsstk18,11948,149090,8,0.25,21,False,400,256,0.202675,0.057552,0.086592,0.059807,3.389,0.962,30,0.057552,hst,2.341,3.522,0.665,3.522,1.0,3.703333649681202e-16,cyclic,hst,1,4.324
bcsstk25,15439,252241,8,0.0,17,False,400,256,0.011532,0.031864,0.012728,0.011916,0.968,0.968,,0.011532,delta_baseline,0.906,1.0,0.906,1.0,2.763,1.4310126622262146e-16,cyclic,delta_baseline,0,0.0
bcsstk25,15439,252241,8,0.0,18,False,400,256,0.011334,0.02943,0.012386,0.011574,0.979,0.979,,0.011334,delta_baseline,0.915,1.0,0.915,1.0,2.597,2.218697631478781e-16,cyclic,delta_baseline,0,0.0
bcsstk25,15439,252241,8,0.0,19,False,400,256,0.010657,0.038498,0.011982,0.011272,0.945,0.945,,0.010657,delta_baseline,0.889,1.0,0.889,1.0,3.612,9.427442670147338e-17,cyclic,delta_baseline,0,0.0
bcsstk25,15439,252241,8,0.0,20,False,400,256,0.011116,0.0291,0.012745,0.011956,0.93,0.93,,0.011116,delta_baseline,0.872,1.0,0.872,1.0,2.618,1.4798782495741104e-16,cyclic,delta_baseline,0,0.0
bcsstk25,15439,252241,8,0.0,21,False,400,256,0.010233,0.034895,0.012702,0.011848,0.864,0.864,,0.010233,delta_baseline,0.806,1.0,0.806,1.0,3.41,1.5323971434071406e-16,cyclic,delta_baseline,0,0.0
bcsstk25,15439,252241,8,0.002,17,False,400,256,0.257597,0.032751,0.045367,0.03363,7.66,0.974,6,0.032751,hst,5.678,7.865,0.722,7.865,1.0,1.4310126622262146e-16,cyclic,hst,1,1.43
bcsstk25,15439,252241,8,0.002,18,False,400,256,0.256671,0.030377,0.041673,0.031243,8.215,0.972,6,0.030377,hst,6.159,8.45,0.729,8.45,1.0,2.218697631478781e-16,cyclic,hst,1,1.258
bcsstk25,15439,252241,8,0.002,19,False,400,256,0.231265,0.039632,0.057721,0.039568,5.845,1.002,12,0.039632,hst,4.007,5.835,0.687,5.835,1.0,9.427442670147338e-17,cyclic,hst,1,2.332
bcsstk25,15439,252241,8,0.002,20,False,400,256,0.263489,0.029816,0.041917,0.03097,8.508,0.963,6,0.029816,hst,6.286,8.837,0.711,8.837,1.0,1.4798782495741104e-16,cyclic,hst,1,1.33
bcsstk25,15439,252241,8,0.002,21,False,400,256,0.222303,0.036486,0.05253,0.036617,6.071,0.996,11,0.036486,hst,4.232,6.093,0.695,6.093,1.0,1.5323971434071406e-16,cyclic,hst,1,2.059
bcsstk25,15439,252241,8,0.01,17,False,400,256,0.259203,0.033297,0.046329,0.034711,7.467,0.959,6,0.033297,hst,5.595,7.785,0.719,7.785,1.0,1.4310126622262146e-16,cyclic,hst,1,1.457
bcsstk25,15439,252241,8,0.01,18,False,400,256,0.259689,0.031983,0.041678,0.032256,8.051,0.992,5,0.031983,hst,6.231,8.12,0.767,8.12,1.0,2.218697631478781e-16,cyclic,hst,1,1.111
bcsstk25,15439,252241,8,0.01,19,False,400,256,0.23052,0.039771,0.063876,0.04088,5.639,0.973,16,0.039771,hst,3.609,5.796,0.623,5.796,1.0,9.427442670147338e-17,cyclic,hst,1,3.017
bcsstk25,15439,252241,8,0.01,20,False,400,256,0.264792,0.030475,0.041463,0.031935,8.292,0.954,5,0.030475,hst,6.386,8.689,0.735,8.689,1.0,1.4798782495741104e-16,cyclic,hst,1,1.107
bcsstk25,15439,252241,8,0.01,21,False,400,256,0.223632,0.036578,0.054755,0.037007,6.043,0.988,12,0.036578,hst,4.084,6.114,0.668,6.114,1.0,1.5323971434071406e-16,cyclic,hst,1,2.313
bcsstk25,15439,252241,8,0.05,17,False,400,256,0.255751,0.038749,0.05334,0.038849,6.583,0.997,8,0.038749,hst,4.795,6.6,0.726,6.6,1.0,1.4310126622262146e-16,cyclic,hst,1,1.816
bcsstk25,15439,252241,8,0.05,18,False,400,256,0.256715,0.036007,0.048338,0.035659,7.199,1.01,7,0.036007,hst,5.311,7.13,0.745,7.13,1.0,2.218697631478781e-16,cyclic,hst,1,1.603
bcsstk25,15439,252241,8,0.05,19,False,400,256,0.230214,0.045364,0.076225,0.045799,5.027,0.991,22,0.045364,hst,3.02,5.075,0.595,5.075,1.0,9.427442670147338e-17,cyclic,hst,1,4.02
bcsstk25,15439,252241,8,0.05,20,False,400,256,0.26178,0.035646,0.04911,0.03621,7.229,0.984,7,0.035646,hst,5.33,7.344,0.726,7.344,1.0,1.4798782495741104e-16,cyclic,hst,1,1.604
bcsstk25,15439,252241,8,0.05,21,False,400,256,0.222781,0.040485,0.067441,0.041382,5.383,0.978,19,0.040485,hst,3.303,5.503,0.6,5.503,1.0,1.5323971434071406e-16,cyclic,hst,1,3.415
bcsstk25,15439,252241,8,0.25,17,False,400,256,0.245989,0.063667,0.096384,0.065396,3.762,0.974,27,0.063667,hst,2.552,3.864,0.661,3.864,1.0,1.4310126622262146e-16,cyclic,hst,1,4.824
bcsstk25,15439,252241,8,0.25,18,False,400,256,0.247521,0.063186,0.095083,0.063854,3.876,0.99,26,0.063186,hst,2.603,3.917,0.665,3.917,1.0,2.218697631478781e-16,cyclic,hst,1,4.794
bcsstk25,15439,252241,8,0.25,19,False,400,256,0.224679,0.07295,0.102842,0.073532,3.056,0.992,34,0.07295,hst,2.185,3.08,0.709,3.08,1.0,9.427442670147338e-17,cyclic,hst,1,5.168
bcsstk25,15439,252241,8,0.25,20,False,400,256,0.250628,0.063454,0.096365,0.064917,3.861,0.977,26,0.063454,hst,2.601,3.95,0.658,3.95,1.0,1.4798782495741104e-16,cyclic,hst,1,4.816
bcsstk25,15439,252241,8,0.25,21,False,400,256,0.220509,0.068403,0.099094,0.069749,3.161,0.981,33,0.068403,hst,2.225,3.224,0.69,3.224,1.0,1.5323971434071406e-16,cyclic,hst,1,5.031
msc10848,10848,1229776,8,0.0,17,False,400,256,0.048346,0.094797,0.049978,0.046186,1.047,1.047,0,0.048346,delta_baseline,0.967,1.0,0.967,1.0,1.961,3.632031213502581e-16,cyclic,delta_baseline,0,0.0
msc10848,10848,1229776,8,0.0,18,False,400,256,0.052988,0.085638,0.054478,0.05027,1.054,1.054,0,0.052988,delta_baseline,0.973,1.0,0.973,1.0,1.616,6.160502327889403e-16,cyclic,delta_baseline,0,0.0
msc10848,10848,1229776,8,0.0,19,False,400,256,0.051774,0.085385,0.053136,0.049098,1.055,1.055,0,0.051774,delta_baseline,0.974,1.0,0.974,1.0,1.649,4.460432847857754e-16,cyclic,delta_baseline,0,0.0
msc10848,10848,1229776,8,0.0,20,False,400,256,0.051997,0.08701,0.053573,0.049505,1.05,1.05,0,0.051997,delta_baseline,0.971,1.0,0.971,1.0,1.673,3.2856469467467963e-16,cyclic,delta_baseline,0,0.0
msc10848,10848,1229776,8,0.0,21,False,400,256,0.048759,0.089678,0.049364,0.045538,1.071,1.071,0,0.048759,delta_baseline,0.988,1.0,0.988,1.0,1.839,5.305500907434564e-16,cyclic,delta_baseline,0,0.0
msc10848,10848,1229776,8,0.002,17,False,400,256,1.500823,0.091367,0.122566,0.093417,16.066,0.978,1,0.091367,hst,12.245,16.426,0.745,16.426,1.0,3.632031213502581e-16,cyclic,hst,1,1.44
msc10848,10848,1229776,8,0.002,18,False,400,256,1.658128,0.081046,0.114433,0.08235,20.135,0.984,1,0.081046,hst,14.49,20.459,0.708,20.459,1.0,6.160502327889403e-16,cyclic,hst,1,1.317
msc10848,10848,1229776,8,0.002,19,False,400,256,1.594407,0.089472,0.120726,0.089924,17.731,0.995,1,0.089472,hst,13.207,17.82,0.741,17.82,1.0,4.460432847857754e-16,cyclic,hst,1,1.366
msc10848,10848,1229776,8,0.002,20,False,400,256,1.613411,0.091851,0.124014,0.09274,17.397,0.99,1,0.091851,hst,13.01,17.566,0.741,17.566,1.0,3.2856469467467963e-16,cyclic,hst,1,1.423
msc10848,10848,1229776,8,0.002,21,False,400,256,1.514158,0.095187,0.12472,0.095241,15.898,0.999,1,0.095187,hst,12.14,15.907,0.763,15.907,1.0,5.305500907434564e-16,cyclic,hst,1,1.471
msc10848,10848,1229776,8,0.01,17,False,400,256,1.490995,0.096008,0.125843,0.096611,15.433,0.994,1,0.096008,hst,11.848,15.53,0.763,15.53,1.0,3.632031213502581e-16,cyclic,hst,1,1.477
msc10848,10848,1229776,8,0.01,18,False,400,256,1.647484,0.084981,0.119245,0.084992,19.384,1.0,1,0.084981,hst,13.816,19.386,0.713,19.386,1.0,6.160502327889403e-16,cyclic,hst,1,1.493
msc10848,10848,1229776,8,0.01,19,False,400,256,1.612381,0.092812,0.125968,0.094896,16.991,0.978,1,0.092812,hst,12.8,17.373,0.737,17.373,1.0,4.460432847857754e-16,cyclic,hst,1,1.39
msc10848,10848,1229776,8,0.01,20,False,400,256,1.619725,0.095464,0.126597,0.095298,16.996,1.002,1,0.095464,hst,12.794,16.967,0.754,16.967,1.0,3.2856469467467963e-16,cyclic,hst,1,1.41
msc10848,10848,1229776,8,0.01,21,False,400,256,1.511967,0.097687,0.128375,0.098865,15.293,0.988,1,0.097687,hst,11.778,15.478,0.761,15.478,1.0,5.305500907434564e-16,cyclic,hst,1,1.485
msc10848,10848,1229776,8,0.05,17,False,400,256,1.51345,0.112071,0.141543,0.111997,13.513,1.001,1,0.112071,hst,10.692,13.504,0.792,13.504,1.0,3.632031213502581e-16,cyclic,hst,1,1.543
msc10848,10848,1229776,8,0.05,18,False,400,256,1.656746,0.101203,0.132793,0.100845,16.429,1.004,1,0.101203,hst,12.476,16.371,0.762,16.371,1.0,6.160502327889403e-16,cyclic,hst,1,1.48
msc10848,10848,1229776,8,0.05,19,False,400,256,1.595941,0.109696,0.139309,0.108242,14.744,1.013,1,0.109696,hst,11.456,14.549,0.787,14.549,1.0,4.460432847857754e-16,cyclic,hst,1,1.513
msc10848,10848,1229776,8,0.05,20,False,400,256,1.633901,0.111051,0.141303,0.109479,14.924,1.014,1,0.111051,hst,11.563,14.713,0.786,14.713,1.0,3.2856469467467963e-16,cyclic,hst,1,1.604
msc10848,10848,1229776,8,0.05,21,False,400,256,1.517205,0.112823,0.143444,0.113693,13.345,0.992,1,0.112823,hst,10.577,13.448,0.787,13.448,1.0,5.305500907434564e-16,cyclic,hst,1,1.559
msc10848,10848,1229776,8,0.25,17,False,400,256,1.528499,0.182186,0.211732,0.18209,8.394,1.001,1,0.182186,hst,7.219,8.39,0.86,8.39,1.0,3.632031213502581e-16,cyclic,hst,1,2.014
msc10848,10848,1229776,8,0.25,18,False,400,256,1.659619,0.172521,0.206803,0.17429,9.522,0.99,1,0.172521,hst,8.025,9.62,0.834,9.62,1.0,6.160502327889403e-16,cyclic,hst,1,2.077
msc10848,10848,1229776,8,0.25,19,False,400,256,1.621815,0.185583,0.211686,0.180147,9.003,1.03,1,0.185583,hst,7.661,8.739,0.877,8.739,1.0,4.460432847857754e-16,cyclic,hst,1,2.087
msc10848,10848,1229776,8,0.25,20,False,400,256,1.644708,0.180017,0.214462,0.182128,9.031,0.988,1,0.180017,hst,7.669,9.136,0.839,9.136,1.0,3.2856469467467963e-16,cyclic,hst,1,2.085
msc10848,10848,1229776,8,0.25,21,False,400,256,1.580621,0.183697,0.219594,0.188693,8.377,0.974,2,0.183697,hst,7.198,8.605,0.837,8.605,1.0,5.305500907434564e-16,cyclic,hst,1,2.122
nasa2910,2910,174296,8,0.0,17,False,400,256,0.027981,0.04239,0.028734,0.026583,1.053,1.053,0,0.027981,delta_baseline,0.974,1.0,0.974,1.0,1.515,2.8038709295888876e-16,cyclic,delta_baseline,0,0.0
nasa2910,2910,174296,8,0.0,18,False,400,256,0.025863,0.035317,0.026968,0.024939,1.037,1.037,0,0.025863,delta_baseline,0.959,1.0,0.959,1.0,1.366,3.799423773445064e-16,cyclic,delta_baseline,0,0.0
nasa2910,2910,174296,8,0.0,19,False,400,256,0.028523,0.039644,0.0297,0.027457,1.039,1.039,0,0.028523,delta_baseline,0.96,1.0,0.96,1.0,1.39,3.9854920332226225e-16,cyclic,delta_baseline,0,0.0
nasa2910,2910,174296,8,0.0,20,False,400,256,0.026148,0.035352,0.02694,0.024999,1.046,1.046,0,0.026148,delta_baseline,0.971,1.0,0.971,1.0,1.352,3.799423773445064e-16,cyclic,delta_baseline,0,0.0
nasa2910,2910,174296,8,0.0,21,False,400,256,0.02515,0.037666,0.026561,0.024568,1.024,1.024,0,0.02515,delta_baseline,0.947,1.0,0.947,1.0,1.498,3.170894107257953e-16,cyclic,delta_baseline,0,0.0
nasa2910,2910,174296,8,0.002,17,False,400,256,0.842038,0.046251,0.064047,0.04691,17.95,0.986,1,0.046251,hst,13.147,18.206,0.722,18.206,1.0,2.8038709295888876e-16,cyclic,hst,1,0.859
nasa2910,2910,174296,8,0.002,18,False,400,256,0.761671,0.038647,0.055001,0.039234,19.414,0.985,1,0.038647,hst,13.848,19.709,0.703,19.709,1.0,3.799423773445064e-16,cyclic,hst,1,0.796
nasa2910,2910,174296,8,0.002,19,False,400,256,0.8634,0.043074,0.061254,0.04394,19.65,0.98,1,0.043074,hst,14.095,20.045,0.703,20.045,1.0,3.9854920332226225e-16,cyclic,hst,1,0.829
nasa2910,2910,174296,8,0.002,20,False,400,256,0.769396,0.038628,0.054912,0.039276,19.59,0.984,1,0.038628,hst,14.011,19.918,0.703,19.918,1.0,3.799423773445064e-16,cyclic,hst,1,0.783
nasa2910,2910,174296,8,0.002,21,False,400,256,0.758488,0.040823,0.057208,0.041809,18.142,0.976,1,0.040823,hst,13.259,18.58,0.714,18.58,1.0,3.170894107257953e-16,cyclic,hst,1,0.732
nasa2910,2910,174296,8,0.01,17,False,400,256,0.838516,0.048083,0.065889,0.048985,17.118,0.982,1,0.048083,hst,12.726,17.439,0.73,17.439,1.0,2.8038709295888876e-16,cyclic,hst,1,0.879
nasa2910,2910,174296,8,0.01,18,False,400,256,0.769772,0.04002,0.056567,0.040858,18.84,0.979,1,0.04002,hst,13.608,19.235,0.707,19.235,1.0,3.799423773445064e-16,cyclic,hst,1,0.763
nasa2910,2910,174296,8,0.01,19,False,400,256,0.866581,0.044479,0.063119,0.04569,18.966,0.973,1,0.044479,hst,13.729,19.483,0.705,19.483,1.0,3.9854920332226225e-16,cyclic,hst,1,0.853
nasa2910,2910,174296,8,0.01,20,False,400,256,0.766215,0.03965,0.055758,0.040362,18.983,0.982,1,0.03965,hst,13.742,19.325,0.711,19.325,1.0,3.799423773445064e-16,cyclic,hst,1,0.76
nasa2910,2910,174296,8,0.01,21,False,400,256,0.763375,0.042589,0.059574,0.04382,17.421,0.972,1,0.042589,hst,12.814,17.924,0.715,17.924,1.0,3.170894107257953e-16,cyclic,hst,1,0.788
nasa2910,2910,174296,8,0.05,17,False,400,256,0.842751,0.056178,0.073866,0.056613,14.886,0.992,1,0.056178,hst,11.409,15.001,0.761,15.001,1.0,2.8038709295888876e-16,cyclic,hst,1,0.946
nasa2910,2910,174296,8,0.05,18,False,400,256,0.758347,0.0477,0.06357,0.048144,15.752,0.991,1,0.0477,hst,11.929,15.898,0.75,15.898,1.0,3.799423773445064e-16,cyclic,hst,1,0.814
nasa2910,2910,174296,8,0.05,19,False,400,256,0.860154,0.051861,0.070118,0.052574,16.361,0.986,1,0.051861,hst,12.267,16.586,0.74,16.586,1.0,3.9854920332226225e-16,cyclic,hst,1,0.939
nasa2910,2910,174296,8,0.05,20,False,400,256,0.760672,0.048733,0.062699,0.047016,16.179,1.037,1,0.048733,hst,12.132,15.609,0.777,15.609,1.0,3.799423773445064e-16,cyclic,hst,1,0.842
nasa2910,2910,174296,8,0.05,21,False,400,256,0.768076,0.049626,0.064927,0.049331,15.57,1.006,1,0.049626,hst,11.83,15.477,0.764,15.477,1.0,3.170894107257953e-16,cyclic,hst,1,0.824
nasa2910,2910,174296,8,0.25,17,False,400,256,0.836138,0.094711,0.111491,0.094509,8.847,1.002,2,0.094711,hst,7.5,8.828,0.849,8.828,1.0,2.8038709295888876e-16,cyclic,hst,1,1.134
nasa2910,2910,174296,8,0.25,18,False,400,256,0.755007,0.085384,0.103156,0.087497,8.629,0.976,2,0.085384,hst,7.319,8.842,0.828,8.842,1.0,3.799423773445064e-16,cyclic,hst,1,1.086
nasa2910,2910,174296,8,0.25,19,False,400,256,0.856607,0.087646,0.109284,0.091744,9.337,0.955,2,0.087646,hst,7.838,9.774,0.802,9.774,1.0,3.9854920332226225e-16,cyclic,hst,1,1.156
nasa2910,2910,174296,8,0.25,20,False,400,256,0.777948,0.085461,0.102688,0.086683,8.975,0.986,2,0.085461,hst,7.576,9.103,0.832,9.103,1.0,3.799423773445064e-16,cyclic,hst,1,1.067
nasa2910,2910,174296,8,0.25,21,False,400,256,0.797994,0.087324,0.105341,0.088775,8.989,0.984,2,0.087324,hst,7.575,9.138,0.829,9.138,1.0,3.170894107257953e-16,cyclic,hst,1,1.138
s3rmt3m3,5357,207123,8,0.0,17,False,400,256,0.01779,0.031586,0.018817,0.017479,1.018,1.018,0,0.01779,delta_baseline,0.945,1.0,0.945,1.0,1.776,4.0558810500666957e-16,cyclic,delta_baseline,0,0.0
s3rmt3m3,5357,207123,8,0.0,18,False,400,256,0.016414,0.029496,0.017408,0.016144,1.017,1.017,0,0.016414,delta_baseline,0.943,1.0,0.943,1.0,1.797,4.602754019127631e-16,cyclic,delta_baseline,0,0.0
s3rmt3m3,5357,207123,8,0.0,19,False,400,256,0.017619,0.029621,0.018547,0.017222,1.023,1.023,0,0.017619,delta_baseline,0.95,1.0,0.95,1.0,1.681,3.6103403035014226e-16,cyclic,delta_baseline,0,0.0
s3rmt3m3,5357,207123,8,0.0,20,False,400,256,0.016119,0.03016,0.017406,0.016189,0.996,0.996,,0.016119,delta_baseline,0.926,1.0,0.926,1.0,1.871,3.8491695538458903e-16,cyclic,delta_baseline,0,0.0
s3rmt3m3,5357,207123,8,0.0,21,False,400,256,0.016428,0.028694,0.0175,0.016245,1.011,1.011,0,0.016428,delta_baseline,0.939,1.0,0.939,1.0,1.747,4.3170597187208097e-16,cyclic,delta_baseline,0,0.0
s3rmt3m3,5357,207123,8,0.002,17,False,400,256,0.468399,0.031875,0.043024,0.032605,14.366,0.978,2,0.031875,hst,10.887,14.695,0.741,14.695,1.0,4.0558810500666957e-16,cyclic,hst,1,0.671
s3rmt3m3,5357,207123,8,0.002,18,False,400,256,0.454309,0.030144,0.04056,0.030669,14.813,0.983,2,0.030144,hst,11.201,15.071,0.743,15.071,1.0,4.602754019127631e-16,cyclic,hst,1,0.663
s3rmt3m3,5357,207123,8,0.002,19,False,400,256,0.475847,0.029983,0.041069,0.030612,15.544,0.979,1,0.029983,hst,11.586,15.871,0.73,15.871,1.0,3.6103403035014226e-16,cyclic,hst,1,0.667
s3rmt3m3,5357,207123,8,0.002,20,False,400,256,0.435524,0.030761,0.041683,0.031811,13.691,0.967,2,0.030761,hst,10.448,14.158,0.738,14.158,1.0,3.8491695538458903e-16,cyclic,hst,1,0.67
s3rmt3m3,5357,207123,8,0.002,21,False,400,256,0.439062,0.028968,0.039662,0.029993,14.639,0.966,2,0.028968,hst,11.07,15.157,0.73,15.157,1.0,4.3170597187208097e-16,cyclic,hst,1,0.618
s3rmt3m3,5357,207123,8,0.01,17,False,400,256,0.471724,0.033238,0.044383,0.033909,13.911,0.98,2,0.033238,hst,10.628,14.192,0.749,14.192,1.0,4.0558810500666957e-16,cyclic,hst,1,0.701
s3rmt3m3,5357,207123,8,0.01,18,False,400,256,0.443049,0.031198,0.044076,0.03409,12.996,0.915,2,0.031198,hst,10.052,14.201,0.708,14.201,1.0,4.602754019127631e-16,cyclic,hst,1,0.671
s3rmt3m3,5357,207123,8,0.01,19,False,400,256,0.475375,0.03105,0.042522,0.032175,14.775,0.965,1,0.03105,hst,11.179,15.31,0.73,15.31,1.0,3.6103403035014226e-16,cyclic,hst,1,0.655
s3rmt3m3,5357,207123,8,0.01,20,False,400,256,0.43915,0.031949,0.042845,0.033032,13.294,0.967,2,0.031949,hst,10.25,13.745,0.746,13.745,1.0,3.8491695538458903e-16,cyclic,hst,1,0.678
s3rmt3m3,5357,207123,8,0.01,21,False,400,256,0.437871,0.0304,0.040923,0.031127,14.067,0.977,2,0.0304,hst,10.7,14.403,0.743,14.403,1.0,4.3170597187208097e-16,cyclic,hst,1,0.655
s3rmt3m3,5357,207123,8,0.05,17,False,400,256,0.471701,0.037902,0.048795,0.038319,12.31,0.989,2,0.037902,hst,9.667,12.445,0.777,12.445,1.0,4.0558810500666957e-16,cyclic,hst,1,0.731
s3rmt3m3,5357,207123,8,0.05,18,False,400,256,0.440605,0.036575,0.047198,0.037122,11.869,0.985,2,0.036575,hst,9.335,12.047,0.775,12.047,1.0,4.602754019127631e-16,cyclic,hst,1,0.726
s3rmt3m3,5357,207123,8,0.05,19,False,400,256,0.478906,0.036404,0.048089,0.037542,12.757,0.97,2,0.036404,hst,9.959,13.155,0.757,13.155,1.0,3.6103403035014226e-16,cyclic,hst,1,0.719
s3rmt3m3,5357,207123,8,0.05,20,False,400,256,0.43713,0.037113,0.047189,0.037399,11.688,0.992,2,0.037113,hst,9.263,11.778,0.786,11.778,1.0,3.8491695538458903e-16,cyclic,hst,1,0.694
s3rmt3m3,5357,207123,8,0.05,21,False,400,256,0.442753,0.036001,0.047061,0.03715,11.918,0.969,2,0.036001,hst,9.408,12.298,0.765,12.298,1.0,4.3170597187208097e-16,cyclic,hst,1,0.691
s3rmt3m3,5357,207123,8,0.25,17,False,400,256,0.476401,0.064419,0.07708,0.063577,7.493,1.013,3,0.064419,hst,6.181,7.395,0.836,7.395,1.0,4.0558810500666957e-16,cyclic,hst,1,1.304
s3rmt3m3,5357,207123,8,0.25,18,False,400,256,0.45068,0.06391,0.072742,0.062414,7.221,1.024,2,0.06391,hst,6.196,7.052,0.879,7.052,1.0,4.602754019127631e-16,cyclic,hst,1,0.9
s3rmt3m3,5357,207123,8,0.25,19,False,400,256,0.478329,0.064503,0.073843,0.063004,7.592,1.024,2,0.064503,hst,6.478,7.416,0.874,7.416,1.0,3.6103403035014226e-16,cyclic,hst,1,0.908
s3rmt3m3,5357,207123,8,0.25,20,False,400,256,0.450681,0.063061,0.072725,0.062321,7.232,1.012,2,0.063061,hst,6.197,7.147,0.867,7.147,1.0,3.8491695538458903e-16,cyclic,hst,1,0.922
s3rmt3m3,5357,207123,8,0.25,21,False,400,256,0.461557,0.063911,0.072021,0.061734,7.476,1.035,2,0.063911,hst,6.409,7.222,0.887,7.222,1.0,4.3170597187208097e-16,cyclic,hst,1,0.888
olafu,16146,1015156,8,0.0,17,False,400,256,0.024715,0.057868,0.026323,0.0245,1.009,1.009,0,0.024715,delta_baseline,0.939,1.0,0.939,1.0,2.341,5.582074938205133e-16,cyclic,delta_baseline,0,0.0
olafu,16146,1015156,8,0.0,18,False,400,256,0.022688,0.047774,0.023693,0.022049,1.029,1.029,0,0.022688,delta_baseline,0.958,1.0,0.958,1.0,2.106,6.4036469396236e-16,cyclic,delta_baseline,0,0.0
olafu,16146,1015156,8,0.0,19,False,400,256,0.023996,0.064687,0.025369,0.023597,1.017,1.017,0,0.023996,delta_baseline,0.946,1.0,0.946,1.0,2.696,4.864534386882603e-16,cyclic,delta_baseline,0,0.0
olafu,16146,1015156,8,0.0,20,False,400,256,0.025852,0.046889,0.027402,0.025507,1.014,1.014,0,0.025852,delta_baseline,0.943,1.0,0.943,1.0,1.814,8.4320949564375e-16,cyclic,delta_baseline,0,0.0
olafu,16146,1015156,8,0.0,21,False,400,256,0.029677,0.045007,0.031304,0.02911,1.019,1.019,0,0.029677,delta_baseline,0.948,1.0,0.948,1.0,1.517,5.998259265642777e-16,cyclic,delta_baseline,0,0.0
olafu,16146,1015156,8,0.002,17,False,400,256,0.68123,0.058956,0.074942,0.059928,11.367,0.984,2,0.058956,hst,9.09,11.555,0.787,11.555,1.0,5.582074938205133e-16,cyclic,hst,1,1.083
olafu,16146,1015156,8,0.002,18,False,400,256,0.589586,0.048636,0.063107,0.049635,11.878,0.98,2,0.048636,hst,9.343,12.122,0.771,12.122,1.0,6.4036469396236e-16,cyclic,hst,1,1.093
olafu,16146,1015156,8,0.002,19,False,400,256,0.629345,0.064485,0.079946,0.065804,9.564,0.98,2,0.064485,hst,7.872,9.76,0.807,9.76,1.0,4.864534386882603e-16,cyclic,hst,1,1.189
olafu,16146,1015156,8,0.002,20,False,400,256,0.731053,0.047903,0.064574,0.048502,15.073,0.988,2,0.047903,hst,11.321,15.261,0.742,15.261,1.0,8.4320949564375e-16,cyclic,hst,1,1.127
olafu,16146,1015156,8,0.002,21,False,400,256,0.842556,0.04614,0.064177,0.046511,18.115,0.992,1,0.04614,hst,13.129,18.261,0.719,18.261,1.0,5.998259265642777e-16,cyclic,hst,1,1.049
olafu,16146,1015156,8,0.01,17,False,400,256,0.68241,0.061353,0.077801,0.062685,10.886,0.979,2,0.061353,hst,8.771,11.123,0.789,11.123,1.0,5.582074938205133e-16,cyclic,hst,1,1.157
olafu,16146,1015156,8,0.01,18,False,400,256,0.590066,0.050644,0.065008,0.051785,11.395,0.978,2,0.050644,hst,9.077,11.651,0.779,11.651,1.0,6.4036469396236e-16,cyclic,hst,1,1.014
olafu,16146,1015156,8,0.01,19,False,400,256,0.632157,0.067414,0.082703,0.068251,9.262,0.988,2,0.067414,hst,7.644,9.377,0.815,9.377,1.0,4.864534386882603e-16,cyclic,hst,1,1.245
olafu,16146,1015156,8,0.01,20,False,400,256,0.726163,0.049494,0.065486,0.049759,14.593,0.995,2,0.049494,hst,11.089,14.672,0.756,14.672,1.0,8.4320949564375e-16,cyclic,hst,1,1.076
olafu,16146,1015156,8,0.01,21,False,400,256,0.851709,0.048199,0.066573,0.048587,17.53,0.992,1,0.048199,hst,12.794,17.671,0.724,17.671,1.0,5.998259265642777e-16,cyclic,hst,1,1.14
olafu,16146,1015156,8,0.05,17,False,400,256,0.686839,0.072361,0.085907,0.070714,9.713,1.023,2,0.072361,hst,7.995,9.492,0.842,9.492,1.0,5.582074938205133e-16,cyclic,hst,1,1.229
olafu,16146,1015156,8,0.05,18,False,400,256,0.590987,0.060131,0.073642,0.060239,9.811,0.998,2,0.060131,hst,8.025,9.828,0.817,9.828,1.0,6.4036469396236e-16,cyclic,hst,1,1.122
olafu,16146,1015156,8,0.05,19,False,400,256,0.635533,0.076849,0.091437,0.07718,8.234,0.996,2,0.076849,hst,6.95,8.27,0.84,8.27,1.0,4.864534386882603e-16,cyclic,hst,1,1.292
olafu,16146,1015156,8,0.05,20,False,400,256,0.727643,0.059895,0.077011,0.0612,11.89,0.979,2,0.059895,hst,9.449,12.149,0.778,12.149,1.0,8.4320949564375e-16,cyclic,hst,1,1.172
olafu,16146,1015156,8,0.05,21,False,400,256,0.836591,0.056074,0.075586,0.057648,14.512,0.973,2,0.056074,hst,11.068,14.919,0.742,14.919,1.0,5.998259265642777e-16,cyclic,hst,1,1.188
olafu,16146,1015156,8,0.25,17,False,400,256,0.69739,0.113642,0.133422,0.113121,6.165,1.005,4,0.113642,hst,5.227,6.137,0.852,6.137,1.0,5.582074938205133e-16,cyclic,hst,1,2.149
olafu,16146,1015156,8,0.25,18,False,400,256,0.621725,0.10469,0.130639,0.105642,5.885,0.991,6,0.10469,hst,4.759,5.939,0.801,5.939,1.0,6.4036469396236e-16,cyclic,hst,1,2.923
olafu,16146,1015156,8,0.25,19,False,400,256,0.65148,0.123282,0.146192,0.120455,5.408,1.023,6,0.123282,hst,4.456,5.284,0.843,5.284,1.0,4.864534386882603e-16,cyclic,hst,1,3.013
olafu,16146,1015156,8,0.25,20,False,400,256,0.724991,0.100823,0.119773,0.10108,7.172,0.997,3,0.100823,hst,6.053,7.191,0.842,7.191,1.0,8.4320949564375e-16,cyclic,hst,1,1.835
olafu,16146,1015156,8,0.25,21,False,400,256,0.823825,0.098391,0.118791,0.100749,8.177,0.977,2,0.098391,hst,6.935,8.373,0.828,8.373,1.0,5.998259265642777e-16,cyclic,hst,1,1.566
raefsky3,21200,1488768,8,0.0,17,False,400,256,0.029099,0.040225,0.03049,0.028297,1.028,1.028,0,0.029099,delta_baseline,0.954,1.0,0.954,1.0,1.382,4.21040283801125e-16,cyclic,delta_baseline,0,0.0
raefsky3,21200,1488768,8,0.0,18,False,400,256,0.029167,0.039696,0.030541,0.02843,1.026,1.026,0,0.029167,delta_baseline,0.955,1.0,0.955,1.0,1.361,3.542741100665178e-16,cyclic,delta_baseline,0,0.0
raefsky3,21200,1488768,8,0.0,19,False,400,256,0.029189,0.039549,0.030756,0.028567,1.022,1.022,0,0.029189,delta_baseline,0.949,1.0,0.949,1.0,1.355,2.936613481310225e-16,cyclic,delta_baseline,0,0.0
raefsky3,21200,1488768,8,0.0,20,False,400,256,0.028922,0.039833,0.030639,0.028495,1.015,1.015,0,0.028922,delta_baseline,0.944,1.0,0.944,1.0,1.377,4.654934124763125e-16,cyclic,delta_baseline,0,0.0
raefsky3,21200,1488768,8,0.0,21,False,400,256,0.029105,0.039582,0.030718,0.028575,1.019,1.019,0,0.029105,delta_baseline,0.947,1.0,0.947,1.0,1.36,3.205001438329397e-16,cyclic,delta_baseline,0,0.0
raefsky3,21200,1488768,8,0.002,17,False,400,256,0.807396,0.041249,0.058379,0.041031,19.678,1.005,2,0.041249,hst,13.83,19.574,0.707,19.574,1.0,4.21040283801125e-16,cyclic,hst,1,1.151
raefsky3,21200,1488768,8,0.002,18,False,400,256,0.804854,0.041013,0.058407,0.040954,19.653,1.001,2,0.041013,hst,13.78,19.624,0.702,19.624,1.0,3.542741100665178e-16,cyclic,hst,1,1.206
raefsky3,21200,1488768,8,0.002,19,False,400,256,0.811141,0.040693,0.059324,0.04212,19.258,0.966,1,0.040693,hst,13.673,19.933,0.686,19.933,1.0,2.936613481310225e-16,cyclic,hst,1,1.118
raefsky3,21200,1488768,8,0.002,20,False,400,256,0.813884,0.040438,0.058057,0.040748,19.974,0.992,1,0.040438,hst,14.019,20.127,0.697,20.127,1.0,4.654934124763125e-16,cyclic,hst,1,1.136
raefsky3,21200,1488768,8,0.002,21,False,400,256,0.806532,0.040687,0.058249,0.040967,19.687,0.993,1,0.040687,hst,13.846,19.823,0.699,19.823,1.0,3.205001438329397e-16,cyclic,hst,1,1.132
raefsky3,21200,1488768,8,0.01,17,False,400,256,0.813226,0.042695,0.060366,0.042861,18.973,0.996,1,0.042695,hst,13.472,19.047,0.707,19.047,1.0,4.21040283801125e-16,cyclic,hst,1,1.141
raefsky3,21200,1488768,8,0.01,18,False,400,256,0.807678,0.042207,0.060203,0.042505,19.002,0.993,2,0.042207,hst,13.416,19.136,0.701,19.136,1.0,3.542741100665178e-16,cyclic,hst,1,1.211
raefsky3,21200,1488768,8,0.01,19,False,400,256,0.809418,0.042306,0.060426,0.042964,18.839,0.985,2,0.042306,hst,13.395,19.132,0.7,19.132,1.0,2.936613481310225e-16,cyclic,hst,1,1.183
raefsky3,21200,1488768,8,0.01,20,False,400,256,0.80839,0.042744,0.063496,0.044069,18.344,0.97,2,0.042744,hst,12.731,18.912,0.673,18.912,1.0,4.654934124763125e-16,cyclic,hst,1,1.37
raefsky3,21200,1488768,8,0.01,21,False,400,256,0.811749,0.042018,0.059953,0.042548,19.078,0.988,2,0.042018,hst,13.54,19.319,0.701,19.319,1.0,3.205001438329397e-16,cyclic,hst,1,1.165
raefsky3,21200,1488768,8,0.05,17,False,400,256,0.807376,0.051944,0.069312,0.05177,15.595,1.003,2,0.051944,hst,11.648,15.543,0.749,15.543,1.0,4.21040283801125e-16,cyclic,hst,1,1.246
raefsky3,21200,1488768,8,0.05,18,False,400,256,0.810073,0.051595,0.068532,0.050939,15.903,1.013,2,0.051595,hst,11.82,15.701,0.753,15.701,1.0,3.542741100665178e-16,cyclic,hst,1,1.214
raefsky3,21200,1488768,8,0.05,19,False,400,256,0.807663,0.05093,0.068987,0.051404,15.712,0.991,2,0.05093,hst,11.707,15.858,0.738,15.858,1.0,2.936613481310225e-16,cyclic,hst,1,1.239
raefsky3,21200,1488768,8,0.05,20,False,400,256,0.808817,0.051353,0.068482,0.051182,15.803,1.003,2,0.051353,hst,11.811,15.75,0.75,15.75,1.0,4.654934124763125e-16,cyclic,hst,1,1.208
raefsky3,21200,1488768,8,0.05,21,False,400,256,0.808329,0.050866,0.068412,0.050951,15.865,0.998,2,0.050866,hst,11.816,15.892,0.744,15.892,1.0,3.205001438329397e-16,cyclic,hst,1,1.232
raefsky3,21200,1488768,8,0.25,17,False,400,256,0.818104,0.091775,0.106899,0.088507,9.243,1.037,2,0.091775,hst,7.653,8.914,0.859,8.914,1.0,4.21040283801125e-16,cyclic,hst,1,1.614
raefsky3,21200,1488768,8,0.25,18,False,400,256,0.817854,0.091669,0.107635,0.089376,9.151,1.026,2,0.091669,hst,7.598,8.922,0.852,8.922,1.0,3.542741100665178e-16,cyclic,hst,1,1.584
raefsky3,21200,1488768,8,0.25,19,False,400,256,0.820096,0.092618,0.108675,0.090333,9.079,1.025,2,0.092618,hst,7.546,8.855,0.852,8.855,1.0,2.936613481310225e-16,cyclic,hst,1,1.62
raefsky3,21200,1488768,8,0.25,20,False,400,256,0.816436,0.089736,0.107539,0.089264,9.146,1.005,2,0.089736,hst,7.592,9.098,0.834,9.098,1.0,4.654934124763125e-16,cyclic,hst,1,1.651
raefsky3,21200,1488768,8,0.25,21,False,400,256,0.819261,0.092174,0.108744,0.090515,9.051,1.018,2,0.092174,hst,7.534,8.888,0.848,8.888,1.0,3.205001438329397e-16,cyclic,hst,1,1.626
wang3,26064,177168,8,0.0,17,False,400,256,0.008343,0.033389,0.010176,0.00976,0.855,0.855,,0.008343,delta_baseline,0.82,1.0,0.82,1.0,4.002,1.1305705384438466e-16,cyclic,delta_baseline,0,0.0
wang3,26064,177168,8,0.0,18,False,400,256,0.008321,0.03111,0.009938,0.009546,0.872,0.872,,0.008321,delta_baseline,0.837,1.0,0.837,1.0,3.739,2.415345571415648e-16,cyclic,delta_baseline,0,0.0
wang3,26064,177168,8,0.0,19,False,400,256,0.008382,0.029845,0.010025,0.009583,0.875,0.875,,0.008382,delta_baseline,0.836,1.0,0.836,1.0,3.561,1.1119305929315413e-16,cyclic,delta_baseline,0,0.0
wang3,26064,177168,8,0.0,20,False,400,256,0.008411,0.03187,0.010208,0.009826,0.856,0.856,,0.008411,delta_baseline,0.824,1.0,0.824,1.0,3.789,2.3978588170819393e-16,cyclic,delta_baseline,0,0.0
wang3,26064,177168,8,0.0,21,False,400,256,0.008629,0.032086,0.010053,0.009673,0.892,0.892,,0.008629,delta_baseline,0.858,1.0,0.858,1.0,3.719,1.1305705384438466e-16,cyclic,delta_baseline,0,0.0
wang3,26064,177168,8,0.002,17,False,400,256,0.097024,0.03842,0.058492,0.038918,2.493,0.987,73,0.03842,hst,1.659,2.525,0.657,2.525,1.0,1.1305705384438466e-16,cyclic,hst,1,4.241
wang3,26064,177168,8,0.002,18,False,400,256,0.094167,0.035631,0.055768,0.036343,2.591,0.98,72,0.035631,hst,1.689,2.643,0.639,2.643,1.0,2.415345571415648e-16,cyclic,hst,1,4.166
wang3,26064,177168,8,0.002,19,False,400,256,0.097108,0.033279,0.055247,0.03543,2.741,0.939,66,0.033279,hst,1.758,2.918,0.602,2.918,1.0,1.1119305929315413e-16,cyclic,hst,1,4.072
wang3,26064,177168,8,0.002,20,False,400,256,0.100223,0.036528,0.057598,0.037864,2.647,0.965,67,0.036528,hst,1.74,2.744,0.634,2.744,1.0,2.3978588170819393e-16,cyclic,hst,1,4.152
wang3,26064,177168,8,0.002,21,False,400,256,0.097695,0.035586,0.057407,0.037778,2.586,0.942,69,0.035586,hst,1.702,2.745,0.62,2.745,1.0,1.1305705384438466e-16,cyclic,hst,1,4.124
wang3,26064,177168,8,0.01,17,False,400,256,0.100358,0.038807,0.061932,0.040731,2.464,0.953,76,0.038807,hst,1.62,2.586,0.627,2.586,1.0,1.1305705384438466e-16,cyclic,hst,1,4.559
wang3,26064,177168,8,0.01,18,False,400,256,0.10146,0.035321,0.056654,0.037106,2.734,0.952,64,0.035321,hst,1.791,2.873,0.623,2.873,1.0,2.415345571415648e-16,cyclic,hst,1,4.095
wang3,26064,177168,8,0.01,19,False,400,256,0.098839,0.034748,0.055621,0.03593,2.751,0.967,64,0.034748,hst,1.777,2.844,0.625,2.844,1.0,1.1119305929315413e-16,cyclic,hst,1,4.021
wang3,26064,177168,8,0.01,20,False,400,256,0.100436,0.03734,0.058296,0.038223,2.628,0.977,68,0.03734,hst,1.723,2.69,0.641,2.69,1.0,2.3978588170819393e-16,cyclic,hst,1,4.203
wang3,26064,177168,8,0.01,21,False,400,256,0.100918,0.037171,0.058196,0.038419,2.627,0.968,66,0.037171,hst,1.734,2.715,0.639,2.715,1.0,1.1305705384438466e-16,cyclic,hst,1,4.121
wang3,26064,177168,8,0.05,17,False,400,256,0.102296,0.041741,0.062052,0.041593,2.459,1.004,73,0.041741,hst,1.649,2.451,0.673,2.451,1.0,1.1305705384438466e-16,cyclic,hst,1,4.432
wang3,26064,177168,8,0.05,18,False,400,256,0.101536,0.039081,0.058801,0.039132,2.595,0.999,68,0.039081,hst,1.727,2.598,0.665,2.598,1.0,2.415345571415648e-16,cyclic,hst,1,4.229
wang3,26064,177168,8,0.05,19,False,400,256,0.099426,0.037663,0.058009,0.038353,2.592,0.982,68,0.037663,hst,1.714,2.64,0.649,2.64,1.0,1.1119305929315413e-16,cyclic,hst,1,4.171
wang3,26064,177168,8,0.05,20,False,400,256,0.101505,0.039897,0.060621,0.040337,2.516,0.989,71,0.039897,hst,1.674,2.544,0.658,2.544,1.0,2.3978588170819393e-16,cyclic,hst,1,4.358
wang3,26064,177168,8,0.05,21,False,400,256,0.102497,0.039615,0.060022,0.0403,2.543,0.983,68,0.039615,hst,1.708,2.587,0.66,2.587,1.0,1.1305705384438466e-16,cyclic,hst,1,4.245
wang3,26064,177168,8,0.25,17,False,400,256,0.10355,0.054915,0.073113,0.052307,1.98,1.05,96,0.054915,hst,1.416,1.886,0.751,1.886,1.0,1.1305705384438466e-16,cyclic,hst,1,4.923
wang3,26064,177168,8,0.25,18,False,400,256,0.103374,0.053513,0.069872,0.049439,2.091,1.082,89,0.053513,hst,1.479,1.932,0.766,1.932,1.0,2.415345571415648e-16,cyclic,hst,1,4.801
wang3,26064,177168,8,0.25,19,False,400,256,0.102118,0.05326,0.069445,0.049317,2.071,1.08,91,0.05326,hst,1.47,1.917,0.767,1.917,1.0,1.1119305929315413e-16,cyclic,hst,1,4.788
wang3,26064,177168,8,0.25,20,False,400,256,0.102827,0.053375,0.071186,0.050429,2.039,1.058,95,0.053375,hst,1.444,1.927,0.75,1.927,1.0,2.3978588170819393e-16,cyclic,hst,1,4.979
wang3,26064,177168,8,0.25,21,False,400,256,0.103141,0.051229,0.071673,0.050918,2.026,1.006,93,0.051229,hst,1.439,2.013,0.715,2.013,1.0,1.1305705384438466e-16,cyclic,hst,1,4.877
epb2,25228,175027,8,0.0,17,False,400,256,0.011812,0.031336,0.013439,0.012798,0.923,0.923,,0.011812,delta_baseline,0.879,1.0,0.879,1.0,2.653,1.2653601002823704e-16,cyclic,delta_baseline,0,0.0
epb2,25228,175027,8,0.0,18,False,400,256,0.008606,0.022292,0.010003,0.0096,0.897,0.897,,0.008606,delta_baseline,0.86,1.0,0.86,1.0,2.59,1.0817377525460358e-16,cyclic,delta_baseline,0,0.0
epb2,25228,175027,8,0.0,19,False,400,256,0.008323,0.022526,0.009991,0.009613,0.866,0.866,,0.008323,delta_baseline,0.833,1.0,0.833,1.0,2.706,1.2261168325020086e-16,cyclic,delta_baseline,0,0.0
epb2,25228,175027,8,0.0,20,False,400,256,0.008274,0.022884,0.009959,0.009565,0.865,0.865,,0.008274,delta_baseline,0.831,1.0,0.831,1.0,2.766,1.2651934239081537e-16,cyclic,delta_baseline,0,0.0
epb2,25228,175027,8,0.0,21,False,400,256,0.008588,0.024204,0.010216,0.00979,0.877,0.877,,0.008588,delta_baseline,0.841,1.0,0.841,1.0,2.818,1.711511604198709e-16,cyclic,delta_baseline,0,0.0
epb2,25228,175027,8,0.002,17,False,400,256,0.204372,0.034052,0.048375,0.034458,5.931,0.988,12,0.034052,hst,4.225,6.002,0.704,6.002,1.0,1.2653601002823704e-16,cyclic,hst,1,1.975
epb2,25228,175027,8,0.002,18,False,400,256,0.083654,0.024578,0.0457,0.027239,3.071,0.902,66,0.024578,hst,1.83,3.404,0.538,3.404,1.0,1.0817377525460358e-16,cyclic,hst,1,3.713
epb2,25228,175027,8,0.002,19,False,400,256,0.093232,0.024589,0.045954,0.026957,3.459,0.912,54,0.024589,hst,2.029,3.792,0.535,3.792,1.0,1.2261168325020086e-16,cyclic,hst,1,3.598
epb2,25228,175027,8,0.002,20,False,400,256,0.091062,0.02514,0.046228,0.027893,3.265,0.901,57,0.02514,hst,1.97,3.622,0.544,3.622,1.0,1.2651934239081537e-16,cyclic,hst,1,3.604
epb2,25228,175027,8,0.002,21,False,400,256,0.098721,0.026854,0.048878,0.029436,3.354,0.912,53,0.026854,hst,2.02,3.676,0.549,3.676,1.0,1.711511604198709e-16,cyclic,hst,1,3.69
epb2,25228,175027,8,0.01,17,False,400,256,0.20533,0.035056,0.049692,0.035011,5.865,1.001,12,0.035056,hst,4.132,5.857,0.705,5.857,1.0,1.2653601002823704e-16,cyclic,hst,1,2.118
epb2,25228,175027,8,0.01,18,False,400,256,0.092887,0.025493,0.04691,0.028123,3.303,0.906,57,0.025493,hst,1.98,3.644,0.543,3.644,1.0,1.0817377525460358e-16,cyclic,hst,1,3.661
epb2,25228,175027,8,0.01,19,False,400,256,0.093761,0.025713,0.04737,0.028242,3.32,0.91,56,0.025713,hst,1.979,3.646,0.543,3.646,1.0,1.2261168325020086e-16,cyclic,hst,1,3.674
epb2,25228,175027,8,0.01,20,False,400,256,0.091723,0.026909,0.046635,0.028108,3.263,0.957,57,0.026909,hst,1.967,3.409,0.577,3.409,1.0,1.2651934239081537e-16,cyclic,hst,1,3.646
epb2,25228,175027,8,0.01,21,False,400,256,0.101928,0.027287,0.048835,0.029715,3.43,0.918,51,0.027287,hst,2.087,3.735,0.559,3.735,1.0,1.711511604198709e-16,cyclic,hst,1,3.687
epb2,25228,175027,8,0.05,17,False,400,256,0.200011,0.037346,0.053728,0.036475,5.483,1.024,15,0.037346,hst,3.723,5.356,0.695,5.356,1.0,1.2653601002823704e-16,cyclic,hst,1,2.514
epb2,25228,175027,8,0.05,18,False,400,256,0.093318,0.029111,0.04872,0.029793,3.132,0.977,59,0.029111,hst,1.915,3.206,0.598,3.206,1.0,1.0817377525460358e-16,cyclic,hst,1,3.763
epb2,25228,175027,8,0.05,19,False,400,256,0.094572,0.028088,0.048486,0.029595,3.196,0.949,57,0.028088,hst,1.95,3.367,0.579,3.367,1.0,1.2261168325020086e-16,cyclic,hst,1,3.733
epb2,25228,175027,8,0.05,20,False,400,256,0.093373,0.028472,0.049239,0.030127,3.099,0.945,61,0.028472,hst,1.896,3.279,0.578,3.279,1.0,1.2651934239081537e-16,cyclic,hst,1,3.857
epb2,25228,175027,8,0.05,21,False,400,256,0.103131,0.03008,0.052119,0.032221,3.201,0.934,54,0.03008,hst,1.979,3.429,0.577,3.429,1.0,1.711511604198709e-16,cyclic,hst,1,3.858
epb2,25228,175027,8,0.25,17,False,400,256,0.17605,0.048288,0.074104,0.047441,3.711,1.018,37,0.048288,hst,2.376,3.646,0.652,3.646,1.0,1.2653601002823704e-16,cyclic,hst,1,4.758
epb2,25228,175027,8,0.25,18,False,400,256,0.096806,0.039947,0.059053,0.039398,2.457,1.014,75,0.039947,hst,1.639,2.423,0.676,2.423,1.0,1.0817377525460358e-16,cyclic,hst,1,4.283
epb2,25228,175027,8,0.25,19,False,400,256,0.095039,0.040965,0.05841,0.039307,2.418,1.042,76,0.040965,hst,1.627,2.32,0.701,2.32,1.0,1.2261168325020086e-16,cyclic,hst,1,4.238
epb2,25228,175027,8,0.25,20,False,400,256,0.095891,0.041523,0.059032,0.03949,2.428,1.051,77,0.041523,hst,1.624,2.309,0.703,2.309,1.0,1.2651934239081537e-16,cyclic,hst,1,4.318
epb2,25228,175027,8,0.25,21,False,400,256,0.101863,0.043245,0.062216,0.041828,2.435,1.034,74,0.043245,hst,1.637,2.356,0.695,2.356,1.0,1.711511604198709e-16,cyclic,hst,1,4.443
